ISO-10303-21;
HEADER;
FILE_DESCRIPTION (( 'STEP AP214' ),
    '1' );
FILE_NAME ('Same_Sky_TS31-46-35-BK-B-160-RA-SMT-TR.step',
    '2025-07-30T21:43:48',
    ( '' ),
    ( '' ),
    'SwSTEP 2.0',
    'SolidWorks 2025',
    '' );
FILE_SCHEMA (( 'AUTOMOTIVE_DESIGN' ));
ENDSEC;

DATA;
#1 = CARTESIAN_POINT ( 'NONE',  ( -2.100000000000000089, -0.3062249899919919360, 2.299999999999999822 ) ) ;
#2 = CARTESIAN_POINT ( 'NONE',  ( 2.220000000000000195, 0.4749999999999999778, 2.100000000000000089 ) ) ;
#3 = EDGE_LOOP ( 'NONE', ( #1094, #5062, #2390, #4753, #3173, #1747, #1332, #5336, #6853, #2415, #4845, #7060, #7559, #3906, #1817, #4020, #4042, #1954 ) ) ;
#4 = DIRECTION ( 'NONE',  ( 0.000000000000000000, 1.000000000000000000, 0.000000000000000000 ) ) ;
#5 = B_SPLINE_CURVE_WITH_KNOTS ( 'NONE', 3,
 ( #3372, #5167, #5127, #2836, #2274, #1655, #6335, #2716, #7507, #5794, #2161, #4627, #3340, #384, #1617, #2119, #6967, #916, #347 ),
 .UNSPECIFIED., .F., .F.,
 ( 4, 3, 3, 3, 3, 3, 4 ),
 ( 3.640159346738029324E-18, 1.394167521382473527E-05, 3.719266728732542425E-05, 9.327844884875880318E-05, 0.0001462968542005959954, 0.0001849416358355089357, 0.0002190252273589171725 ),
 .UNSPECIFIED. ) ;
#6 = VERTEX_POINT ( 'NONE', #3084 ) ;
#7 = VERTEX_POINT ( 'NONE', #4135 ) ;
#8 = DIRECTION ( 'NONE',  ( 0.000000000000000000, 0.000000000000000000, -1.000000000000000000 ) ) ;
#9 = EDGE_CURVE ( 'NONE', #5082, #1962, #4847, .T. ) ;
#10 = FACE_OUTER_BOUND ( 'NONE', #7297, .T. ) ;
#11 = DIRECTION ( 'NONE',  ( 0.000000000000000000, 0.000000000000000000, 1.000000000000000000 ) ) ;
#12 = EDGE_CURVE ( 'NONE', #1535, #5485, #4176, .T. ) ;
#13 = CARTESIAN_POINT ( 'NONE',  ( -1.525000000000000133, -0.9000000000000000222, 0.000000000000000000 ) ) ;
#14 = CARTESIAN_POINT ( 'NONE',  ( -1.925000000000000044, -0.3750000000000000000, 2.200000000000000178 ) ) ;
#15 = CARTESIAN_POINT ( 'NONE',  ( 0.5539744068252390186, 0.4959994463075619864, 0.3705099644628474520 ) ) ;
#16 = ORIENTED_EDGE ( 'NONE', *, *, #1189, .T. ) ;
#17 = FACE_OUTER_BOUND ( 'NONE', #4038, .T. ) ;
#18 = EDGE_CURVE ( 'NONE', #4492, #5081, #5501, .T. ) ;
#19 = CARTESIAN_POINT ( 'NONE',  ( 1.375000000000000000, 0.4000000000000000222, 0.000000000000000000 ) ) ;
#20 = DIRECTION ( 'NONE',  ( 0.000000000000000000, 0.000000000000000000, -1.000000000000000000 ) ) ;
#21 = EDGE_CURVE ( 'NONE', #1471, #140, #2684, .T. ) ;
#22 = ORIENTED_EDGE ( 'NONE', *, *, #5747, .F. ) ;
#23 = VERTEX_POINT ( 'NONE', #5535 ) ;
#24 = ORIENTED_EDGE ( 'NONE', *, *, #4491, .F. ) ;
#25 = DIRECTION ( 'NONE',  ( 1.000000000000000000, 0.000000000000000000, 0.000000000000000000 ) ) ;
#26 = ORIENTED_EDGE ( 'NONE', *, *, #67, .F. ) ;
#27 = DIRECTION ( 'NONE',  ( 0.04987546680538137989, 0.04987546680548279182, 0.9975093361076278198 ) ) ;
#28 = FACE_OUTER_BOUND ( 'NONE', #3548, .T. ) ;
#29 = CARTESIAN_POINT ( 'NONE',  ( -0.6499999999999801492, -0.8336623985643000223, 0.2500000000000000000 ) ) ;
#30 = LINE ( 'NONE', #619, #2565 ) ;
#31 = ORIENTED_EDGE ( 'NONE', *, *, #4691, .T. ) ;
#32 = ORIENTED_EDGE ( 'NONE', *, *, #5452, .T. ) ;
#33 = LINE ( 'NONE', #7714, #3193 ) ;
#34 = CIRCLE ( 'NONE', #1891, 0.07000000000000018707 ) ;
#35 = CARTESIAN_POINT ( 'NONE',  ( 2.194999999999999840, 0.2895950378225999877, 2.100000000000000089 ) ) ;
#36 = DIRECTION ( 'NONE',  ( 1.000000000000000000, 0.000000000000000000, 0.000000000000000000 ) ) ;
#37 = AXIS2_PLACEMENT_3D ( 'NONE', #2122, #265, #4600 ) ;
#38 = PLANE ( 'NONE',  #2397 ) ;
#39 = EDGE_CURVE ( 'NONE', #4942, #6470, #7632, .T. ) ;
#40 = DIRECTION ( 'NONE',  ( 0.000000000000000000, 0.000000000000000000, -1.000000000000000000 ) ) ;
#41 = VERTEX_POINT ( 'NONE', #4407 ) ;
#42 = DIRECTION ( 'NONE',  ( 0.000000000000000000, 0.000000000000000000, -1.000000000000000000 ) ) ;
#43 = ORIENTED_EDGE ( 'NONE', *, *, #6194, .T. ) ;
#44 = EDGE_LOOP ( 'NONE', ( #2926, #2391, #6764, #1670 ) ) ;
#45 = VECTOR ( 'NONE', #6555, 1000.000000000000000 ) ;
#46 = CARTESIAN_POINT ( 'NONE',  ( -1.050000000000000044, -0.4000000000000000222, 2.495600000000000041 ) ) ;
#47 = CYLINDRICAL_SURFACE ( 'NONE', #7623, 0.1499999999999999667 ) ;
#48 = DIRECTION ( 'NONE',  ( 0.000000000000000000, 0.000000000000000000, 1.000000000000000000 ) ) ;
#49 = DIRECTION ( 'NONE',  ( 1.000000000000000000, 0.000000000000000000, 0.000000000000000000 ) ) ;
#50 = CARTESIAN_POINT ( 'NONE',  ( -0.5540493129827799290, -0.4958725469090002336, 0.3690137403439989749 ) ) ;
#51 = ORIENTED_EDGE ( 'NONE', *, *, #7159, .T. ) ;
#52 = VECTOR ( 'NONE', #623, 1000.000000000000000 ) ;
#53 = ORIENTED_EDGE ( 'NONE', *, *, #3598, .T. ) ;
#54 = DIRECTION ( 'NONE',  ( 1.000000000000000000, 0.000000000000000000, 0.000000000000000000 ) ) ;
#55 = EDGE_CURVE ( 'NONE', #5871, #5135, #423, .T. ) ;
#56 = VECTOR ( 'NONE', #575, 1000.000000000000000 ) ;
#57 = LINE ( 'NONE', #19, #3513 ) ;
#58 = CARTESIAN_POINT ( 'NONE',  ( 0.5350000000000000311, 0.9000000000000000222, 0.7500000000000000000 ) ) ;
#59 = ORIENTED_EDGE ( 'NONE', *, *, #5992, .T. ) ;
#60 = EDGE_CURVE ( 'NONE', #4923, #3786, #270, .T. ) ;
#61 = ORIENTED_EDGE ( 'NONE', *, *, #6440, .F. ) ;
#62 = ORIENTED_EDGE ( 'NONE', *, *, #6118, .F. ) ;
#63 = CARTESIAN_POINT ( 'NONE',  ( -0.6499999999999869216, -0.3499999999999999778, 0.2500000000000000000 ) ) ;
#64 = AXIS2_PLACEMENT_3D ( 'NONE', #1267, #1773, #5991 ) ;
#65 = VERTEX_POINT ( 'NONE', #3149 ) ;
#66 = DIRECTION ( 'NONE',  ( 0.000000000000000000, 0.000000000000000000, -1.000000000000000000 ) ) ;
#67 = EDGE_CURVE ( 'NONE', #5954, #7495, #816, .T. ) ;
#68 = EDGE_CURVE ( 'NONE', #2618, #5432, #3860, .T. ) ;
#69 = EDGE_CURVE ( 'NONE', #6429, #2526, #6097, .T. ) ;
#70 = DIRECTION ( 'NONE',  ( 0.000000000000000000, 1.000000000000000000, 0.000000000000000000 ) ) ;
#71 = CIRCLE ( 'NONE', #1804, 0.09999999999999982514 ) ;
#72 = CARTESIAN_POINT ( 'NONE',  ( 1.399999999999999911, 0.2999999999941619921, 2.330000000000000071 ) ) ;
#73 = DIRECTION ( 'NONE',  ( 1.000000000000000000, 0.000000000000000000, 0.000000000000000000 ) ) ;
#74 = ORIENTED_EDGE ( 'NONE', *, *, #5799, .F. ) ;
#75 = ORIENTED_EDGE ( 'NONE', *, *, #3521, .F. ) ;
#76 = CARTESIAN_POINT ( 'NONE',  ( 1.875000000000000000, -0.8000000000000000444, -0.1881966011250000015 ) ) ;
#77 = CARTESIAN_POINT ( 'NONE',  ( -0.2461754054898735167, -0.9115440117052999724, 0.3735081097983659615 ) ) ;
#78 = CARTESIAN_POINT ( 'NONE',  ( 0.8965076419476439851, -0.4982544935067820258, 2.100000000000000089 ) ) ;
#79 = CIRCLE ( 'NONE', #2934, 0.09999999999999982514 ) ;
#80 = CARTESIAN_POINT ( 'NONE',  ( 0.9965078192825855830, -0.4568596649578947622, 2.099999999999997868 ) ) ;
#81 = VECTOR ( 'NONE', #3080, 1000.000000000000227 ) ;
#82 = ORIENTED_EDGE ( 'NONE', *, *, #903, .T. ) ;
#83 = CARTESIAN_POINT ( 'NONE',  ( -1.275000000000000133, 0.3499999999999999778, 0.000000000000000000 ) ) ;
#84 = ORIENTED_EDGE ( 'NONE', *, *, #7012, .F. ) ;
#85 = DIRECTION ( 'NONE',  ( 0.000000000000000000, 1.000000000000000000, 0.000000000000000000 ) ) ;
#86 = ORIENTED_EDGE ( 'NONE', *, *, #4302, .F. ) ;
#87 = ORIENTED_EDGE ( 'NONE', *, *, #1858, .F. ) ;
#88 = AXIS2_PLACEMENT_3D ( 'NONE', #2662, #870, #5663 ) ;
#89 = AXIS2_PLACEMENT_3D ( 'NONE', #6721, #1368, #6025 ) ;
#90 = CARTESIAN_POINT ( 'NONE',  ( 0.5350000000000000311, 0.08500000000000000611, 0.7500000000000000000 ) ) ;
#91 = DIRECTION ( 'NONE',  ( 0.000000000000000000, 0.000000000000000000, 1.000000000000000000 ) ) ;
#92 = B_SPLINE_CURVE_WITH_KNOTS ( 'NONE', 3,
 ( #7340, #2025, #6719, #6102 ),
 .UNSPECIFIED., .F., .F.,
 ( 4, 4 ),
 ( 6.416788809770709855E-06, 1.000000000000000000 ),
 .UNSPECIFIED. ) ;
#93 = CARTESIAN_POINT ( 'NONE',  ( -0.8500000000151000101, -0.9000000000000000222, 1.399999999999999911 ) ) ;
#94 = AXIS2_PLACEMENT_3D ( 'NONE', #6101, #754, #7226 ) ;
#95 = CARTESIAN_POINT ( 'NONE',  ( 0.000000000000000000, 0.000000000000000000, 0.000000000000000000 ) ) ;
#96 = DIRECTION ( 'NONE',  ( 0.000000000000000000, 0.000000000000000000, -1.000000000000000000 ) ) ;
#97 = DIRECTION ( 'NONE',  ( 0.000000000000000000, 1.000000000000000000, 0.000000000000000000 ) ) ;
#98 = VERTEX_POINT ( 'NONE', #3187 ) ;
#99 = FACE_OUTER_BOUND ( 'NONE', #1270, .T. ) ;
#100 = VECTOR ( 'NONE', #1391, 1000.000000000000000 ) ;
#101 = EDGE_CURVE ( 'NONE', #975, #3689, #2898, .T. ) ;
#102 = AXIS2_PLACEMENT_3D ( 'NONE', #5219, #3470, #931 ) ;
#103 = DIRECTION ( 'NONE',  ( -1.000000000000000000, 0.000000000000000000, 0.000000000000000000 ) ) ;
#104 = CARTESIAN_POINT ( 'NONE',  ( -0.8500000000151000101, -0.9000000000000000222, 1.100000000000000089 ) ) ;
#105 = VERTEX_POINT ( 'NONE', #3823 ) ;
#106 = ADVANCED_FACE ( 'NONE', ( #1474 ), #778, .T. ) ;
#107 = VECTOR ( 'NONE', #2756, 1000.000000000000000 ) ;
#108 = ORIENTED_EDGE ( 'NONE', *, *, #6040, .T. ) ;
#109 = VERTEX_POINT ( 'NONE', #2570 ) ;
#110 = LINE ( 'NONE', #7379, #3309 ) ;
#111 = ORIENTED_EDGE ( 'NONE', *, *, #69, .F. ) ;
#112 = CARTESIAN_POINT ( 'NONE',  ( -1.275000000000000133, 0.4000000000000000222, 0.000000000000000000 ) ) ;
#113 = EDGE_CURVE ( 'NONE', #1331, #3657, #7363, .T. ) ;
#114 = EDGE_CURVE ( 'NONE', #893, #4509, #5263, .T. ) ;
#115 = CARTESIAN_POINT ( 'NONE',  ( 2.299999999999999822, -0.9449999999999999512, 1.800000000000000044 ) ) ;
#116 = ORIENTED_EDGE ( 'NONE', *, *, #5492, .T. ) ;
#117 = ORIENTED_EDGE ( 'NONE', *, *, #1799, .F. ) ;
#118 = DIRECTION ( 'NONE',  ( -1.000000000000000000, 0.000000000000000000, 0.000000000000000000 ) ) ;
#119 = CARTESIAN_POINT ( 'NONE',  ( -1.550000000000000044, -0.2999999999999999889, 2.330000000000000071 ) ) ;
#120 = CARTESIAN_POINT ( 'NONE',  ( -0.5546482206497793666, 0.4948566426500236037, 0.3570355870039970680 ) ) ;
#121 = EDGE_CURVE ( 'NONE', #2491, #606, #2406, .T. ) ;
#122 = DIRECTION ( 'NONE',  ( -1.000000000000000000, 0.000000000000000000, 0.000000000000000000 ) ) ;
#123 = EDGE_CURVE ( 'NONE', #1040, #1880, #3652, .T. ) ;
#124 = EDGE_CURVE ( 'NONE', #3362, #1340, #2544, .T. ) ;
#125 = CARTESIAN_POINT ( 'NONE',  ( 1.600000000000000089, -0.3499999999999999778, 2.299999999999999822 ) ) ;
#126 = FACE_BOUND ( 'NONE', #6455, .T. ) ;
#127 = ORIENTED_EDGE ( 'NONE', *, *, #1629, .F. ) ;
#128 = CARTESIAN_POINT ( 'NONE',  ( -0.8500000000151000101, -1.200000000000001066, 1.600000000000000089 ) ) ;
#129 = EDGE_LOOP ( 'NONE', ( #7061, #3573, #927, #1510 ) ) ;
#130 = EDGE_LOOP ( 'NONE', ( #7387, #6453, #2770, #3955 ) ) ;
#131 = CARTESIAN_POINT ( 'NONE',  ( 1.899999999999999911, -0.3499999999999999778, 2.299999999999999822 ) ) ;
#132 = CARTESIAN_POINT ( 'NONE',  ( -1.699999999999999956, -0.3750000000000000000, 2.200000000000000178 ) ) ;
#133 = CARTESIAN_POINT ( 'NONE',  ( -0.6500000000000000222, -0.3499999999999999778, 0.000000000000000000 ) ) ;
#134 = LINE ( 'NONE', #3722, #2709 ) ;
#135 = ORIENTED_EDGE ( 'NONE', *, *, #639, .T. ) ;
#136 = CARTESIAN_POINT ( 'NONE',  ( 1.469999999999999973, 0.2999999999980649812, 2.399999999999999911 ) ) ;
#137 = DIRECTION ( 'NONE',  ( 0.000000000000000000, 1.000000000000000000, 0.000000000000000000 ) ) ;
#138 = LINE ( 'NONE', #1179, #788 ) ;
#139 = ORIENTED_EDGE ( 'NONE', *, *, #121, .T. ) ;
#140 = VERTEX_POINT ( 'NONE', #7402 ) ;
#141 = CARTESIAN_POINT ( 'NONE',  ( -0.5539744068252170361, -0.7040005536923961138, 0.3705099644633434997 ) ) ;
#142 = CARTESIAN_POINT ( 'NONE',  ( -2.095000000000000195, 0.2895950378225999877, 2.299999999999999822 ) ) ;
#143 = DIRECTION ( 'NONE',  ( 0.000000000000000000, -1.000000000000000000, 0.000000000000000000 ) ) ;
#144 = EDGE_LOOP ( 'NONE', ( #2846, #3206, #1729, #764, #1478, #901, #6506, #1393 ) ) ;
#145 = ORIENTED_EDGE ( 'NONE', *, *, #1529, .T. ) ;
#146 = FACE_OUTER_BOUND ( 'NONE', #4423, .T. ) ;
#147 = AXIS2_PLACEMENT_3D ( 'NONE', #838, #2553, #2075 ) ;
#148 = DIRECTION ( 'NONE',  ( 1.000000000000000000, 0.000000000000000000, 0.000000000000000000 ) ) ;
#149 = CARTESIAN_POINT ( 'NONE',  ( -0.6499999999999801492, 0.3663376014356999888, 0.2500000000000000000 ) ) ;
#150 = ADVANCED_FACE ( 'NONE', ( #5646 ), #745, .T. ) ;
#151 = DIRECTION ( 'NONE',  ( 0.000000000000000000, 0.000000000000000000, 1.000000000000000000 ) ) ;
#152 = VECTOR ( 'NONE', #7542, 1000.000000000000000 ) ;
#153 = CARTESIAN_POINT ( 'NONE',  ( -1.925000000000000044, 0.000000000000000000, 0.5000000000000000000 ) ) ;
#154 = PLANE ( 'NONE',  #6794 ) ;
#155 = EDGE_CURVE ( 'NONE', #288, #5525, #4372, .T. ) ;
#156 = ORIENTED_EDGE ( 'NONE', *, *, #5923, .F. ) ;
#157 = CARTESIAN_POINT ( 'NONE',  ( -0.5350000000000000311, 0.9000000000000000222, 0.7500000000000000000 ) ) ;
#158 = DIRECTION ( 'NONE',  ( 0.000000000000000000, -1.000000000000000000, 0.000000000000000000 ) ) ;
#159 = ORIENTED_EDGE ( 'NONE', *, *, #2679, .F. ) ;
#160 = EDGE_CURVE ( 'NONE', #1767, #5183, #5520, .T. ) ;
#161 = EDGE_CURVE ( 'NONE', #2985, #5981, #4522, .T. ) ;
#162 = EDGE_CURVE ( 'NONE', #6229, #2787, #3943, .T. ) ;
#163 = FACE_OUTER_BOUND ( 'NONE', #2986, .T. ) ;
#164 = CIRCLE ( 'NONE', #6007, 0.1499999999999999667 ) ;
#165 = DIRECTION ( 'NONE',  ( 0.000000000000000000, 0.000000000000000000, 1.000000000000000000 ) ) ;
#166 = CARTESIAN_POINT ( 'NONE',  ( -1.275000000000000133, -0.3499999999999999778, 0.2500000000000000000 ) ) ;
#167 = ORIENTED_EDGE ( 'NONE', *, *, #4356, .T. ) ;
#168 = CARTESIAN_POINT ( 'NONE',  ( 0.7500000000000000000, 0.6849999999999999423, 0.7500000000000000000 ) ) ;
#169 = ORIENTED_EDGE ( 'NONE', *, *, #1104, .T. ) ;
#170 = CIRCLE ( 'NONE', #2014, 0.1000000000000000472 ) ;
#171 = ORIENTED_EDGE ( 'NONE', *, *, #4359, .F. ) ;
#172 = DIRECTION ( 'NONE',  ( 0.000000000000000000, -1.000000000000000000, 0.000000000000000000 ) ) ;
#173 = AXIS2_PLACEMENT_3D ( 'NONE', #5845, #507, #4605 ) ;
#174 = CARTESIAN_POINT ( 'NONE',  ( -1.474999999999999867, 0.000000000000000000, 2.299999999999999822 ) ) ;
#175 = VECTOR ( 'NONE', #6238, 1000.000000000000000 ) ;
#176 = PLANE ( 'NONE',  #5394 ) ;
#177 = ORIENTED_EDGE ( 'NONE', *, *, #2330, .F. ) ;
#178 = VERTEX_POINT ( 'NONE', #6899 ) ;
#179 = CARTESIAN_POINT ( 'NONE',  ( 2.095000000000000195, 0.4749999999999999778, 2.100000000000000089 ) ) ;
#180 = ORIENTED_EDGE ( 'NONE', *, *, #7594, .F. ) ;
#181 = ADVANCED_FACE ( 'NONE', ( #1546 ), #3986, .T. ) ;
#182 = CARTESIAN_POINT ( 'NONE',  ( 0.8499999999848999455, -0.9000000000000000222, 1.399999999999999911 ) ) ;
#183 = VECTOR ( 'NONE', #7117, 1000.000000000000000 ) ;
#184 = CARTESIAN_POINT ( 'NONE',  ( 1.925000000000000044, -0.3750000000000000000, 2.100000000000000089 ) ) ;
#185 = EDGE_LOOP ( 'NONE', ( #4539, #3911, #1264, #3648 ) ) ;
#186 = VERTEX_POINT ( 'NONE', #1000 ) ;
#187 = CARTESIAN_POINT ( 'NONE',  ( 0.000000000000000000, 0.000000000000000000, 2.299999999999999822 ) ) ;
#188 = LINE ( 'NONE', #1463, #6387 ) ;
#189 = VECTOR ( 'NONE', #1849, 1000.000000000000000 ) ;
#190 = EDGE_CURVE ( 'NONE', #6947, #1865, #6344, .T. ) ;
#191 = CARTESIAN_POINT ( 'NONE',  ( -2.194999999999999840, -0.3750000000000000000, 2.275997159067980391 ) ) ;
#192 = CYLINDRICAL_SURFACE ( 'NONE', #7565, 0.1000000000000000472 ) ;
#193 = CARTESIAN_POINT ( 'NONE',  ( 0.000000000000000000, 0.000000000000000000, 0.2500000000000000000 ) ) ;
#194 = ORIENTED_EDGE ( 'NONE', *, *, #1106, .T. ) ;
#195 = FACE_OUTER_BOUND ( 'NONE', #533, .T. ) ;
#196 = DIRECTION ( 'NONE',  ( 0.000000000000000000, -1.000000000000000000, 0.000000000000000000 ) ) ;
#197 = ORIENTED_EDGE ( 'NONE', *, *, #4788, .F. ) ;
#198 = CARTESIAN_POINT ( 'NONE',  ( 0.9965079230508000485, 0.3983003894331494932, 2.100000000000000089 ) ) ;
#199 = CARTESIAN_POINT ( 'NONE',  ( -0.5539744068252250297, -0.4959994463075819149, 0.3705099644630824862 ) ) ;
#200 = EDGE_CURVE ( 'NONE', #1636, #5335, #2781, .T. ) ;
#201 = ORIENTED_EDGE ( 'NONE', *, *, #1676, .F. ) ;
#202 = CIRCLE ( 'NONE', #7548, 0.1000000000000000056 ) ;
#204 = EDGE_CURVE ( 'NONE', #4738, #3473, #3341, .T. ) ;
#203 = CARTESIAN_POINT ( 'NONE',  ( 1.375000000000000000, -0.4000000000000000222, 0.2500000000000000000 ) ) ;
#205 = VECTOR ( 'NONE', #5466, 1000.000000000000000 ) ;
#206 = ORIENTED_EDGE ( 'NONE', *, *, #6488, .T. ) ;
#207 = CARTESIAN_POINT ( 'NONE',  ( 0.000000000000000000, 0.000000000000000000, 0.5000000000000000000 ) ) ;
#208 = EDGE_CURVE ( 'NONE', #258, #4794, #4637, .T. ) ;
#209 = VECTOR ( 'NONE', #5746, 1000.000000000000000 ) ;
#210 = PLANE ( 'NONE',  #7616 ) ;
#211 = CIRCLE ( 'NONE', #945, 0.1499999999999999667 ) ;
#212 = CARTESIAN_POINT ( 'NONE',  ( -2.095000000000000195, 0.000000000000000000, 2.200000000000000178 ) ) ;
#213 = CIRCLE ( 'NONE', #2827, 0.1000000000000000472 ) ;
#214 = EDGE_CURVE ( 'NONE', #4764, #1786, #1899, .T. ) ;
#215 = ORIENTED_EDGE ( 'NONE', *, *, #300, .F. ) ;
#216 = ORIENTED_EDGE ( 'NONE', *, *, #7434, .T. ) ;
#217 = VECTOR ( 'NONE', #6183, 1000.000000000000000 ) ;
#218 = CARTESIAN_POINT ( 'NONE',  ( -0.5540493129827800400, -0.7041281197244958490, 0.3690137403439990305 ) ) ;
#219 = ORIENTED_EDGE ( 'NONE', *, *, #5973, .F. ) ;
#220 = VECTOR ( 'NONE', #3000, 1000.000000000000000 ) ;
#221 = DIRECTION ( 'NONE',  ( -0.9987523388778447586, 0.000000000000000000, 0.04993761694389219075 ) ) ;
#222 = VECTOR ( 'NONE', #2933, 1000.000000000000000 ) ;
#223 = DIRECTION ( 'NONE',  ( -1.000000000000000000, 0.000000000000000000, 0.000000000000000000 ) ) ;
#224 = ORIENTED_EDGE ( 'NONE', *, *, #160, .T. ) ;
#225 = ORIENTED_EDGE ( 'NONE', *, *, #3934, .T. ) ;
#226 = LINE ( 'NONE', #1380, #3322 ) ;
#227 = CYLINDRICAL_SURFACE ( 'NONE', #1031, 0.1499999999999999667 ) ;
#228 = DIRECTION ( 'NONE',  ( 0.000000000000000000, 0.000000000000000000, 1.000000000000000000 ) ) ;
#229 = DIRECTION ( 'NONE',  ( 0.000000000000000000, 1.000000000000000000, 0.000000000000000000 ) ) ;
#230 = EDGE_CURVE ( 'NONE', #1536, #5969, #3525, .T. ) ;
#231 = FACE_OUTER_BOUND ( 'NONE', #3212, .T. ) ;
#232 = DIRECTION ( 'NONE',  ( 0.000000000000000000, 0.000000000000000000, -1.000000000000000000 ) ) ;
#233 = DIRECTION ( 'NONE',  ( -1.000000000000000000, 0.000000000000000000, 0.000000000000000000 ) ) ;
#234 = FACE_OUTER_BOUND ( 'NONE', #129, .T. ) ;
#235 = ORIENTED_EDGE ( 'NONE', *, *, #1709, .T. ) ;
#236 = CARTESIAN_POINT ( 'NONE',  ( 0.000000000000000000, -0.2336623985642999890, 0.2500000000000000000 ) ) ;
#237 = CARTESIAN_POINT ( 'NONE',  ( -0.8500000000151008983, -1.299999999995513855, 1.399999999999999911 ) ) ;
#238 = ORIENTED_EDGE ( 'NONE', *, *, #3635, .F. ) ;
#239 = CARTESIAN_POINT ( 'NONE',  ( -1.525000000000000133, -0.9499999999999999556, -0.1881966011250000015 ) ) ;
#240 = ORIENTED_EDGE ( 'NONE', *, *, #304, .T. ) ;
#241 = CARTESIAN_POINT ( 'NONE',  ( 2.095000000000000195, -0.2750000000000000222, 2.299999999999999822 ) ) ;
#242 = ORIENTED_EDGE ( 'NONE', *, *, #3982, .F. ) ;
#243 = DIRECTION ( 'NONE',  ( 0.000000000000000000, 1.445602896647339508E-15, 1.000000000000000000 ) ) ;
#244 = VERTEX_POINT ( 'NONE', #2877 ) ;
#245 = ORIENTED_EDGE ( 'NONE', *, *, #2262, .T. ) ;
#246 = ADVANCED_FACE ( 'NONE', ( #3898 ), #2127, .T. ) ;
#247 = DIRECTION ( 'NONE',  ( 0.000000000000000000, 0.000000000000000000, -1.000000000000000000 ) ) ;
#248 = DIRECTION ( 'NONE',  ( 0.9993908270190960952, 0.000000000000000000, 0.03489949670249306579 ) ) ;
#249 = ORIENTED_EDGE ( 'NONE', *, *, #5452, .F. ) ;
#250 = EDGE_CURVE ( 'NONE', #972, #1175, #7602, .T. ) ;
#251 = VERTEX_POINT ( 'NONE', #2483 ) ;
#252 = CARTESIAN_POINT ( 'NONE',  ( 0.2425215054678769300, -0.1074784945321232699, 0.3004301093584694216 ) ) ;
#253 = EDGE_CURVE ( 'NONE', #4326, #5183, #6510, .T. ) ;
#254 = EDGE_CURVE ( 'NONE', #4444, #5866, #7125, .T. ) ;
#255 = EDGE_CURVE ( 'NONE', #7503, #6603, #4839, .T. ) ;
#256 = DIRECTION ( 'NONE',  ( 0.000000000000000000, 0.000000000000000000, -1.000000000000000000 ) ) ;
#257 = CARTESIAN_POINT ( 'NONE',  ( 1.399999999999999911, -0.2999999999917654647, 2.299999999999999822 ) ) ;
#258 = VERTEX_POINT ( 'NONE', #3542 ) ;
#259 = VERTEX_POINT ( 'NONE', #5289 ) ;
#260 = FACE_OUTER_BOUND ( 'NONE', #7288, .T. ) ;
#261 = FACE_BOUND ( 'NONE', #661, .T. ) ;
#262 = CARTESIAN_POINT ( 'NONE',  ( -0.6138242006960050734, 0.4290102114724680948, 0.2651562356328964754 ) ) ;
#263 = CARTESIAN_POINT ( 'NONE',  ( -2.299999999999999822, -0.9449999999999999512, 1.800000000000000044 ) ) ;
#264 = PLANE ( 'NONE',  #4917 ) ;
#265 = DIRECTION ( 'NONE',  ( 0.000000000000000000, -0.9987523388778447586, 0.04993761694389219075 ) ) ;
#266 = CARTESIAN_POINT ( 'NONE',  ( 2.100000000000000089, -0.3062249899919919360, 2.299999999999999822 ) ) ;
#267 = CARTESIAN_POINT ( 'NONE',  ( 0.6500000000000000222, -0.3499999999999999778, 0.2500000000000000000 ) ) ;
#268 = ORIENTED_EDGE ( 'NONE', *, *, #1426, .F. ) ;
#269 = LINE ( 'NONE', #4338, #6186 ) ;
#270 = LINE ( 'NONE', #854, #6142 ) ;
#271 = ORIENTED_EDGE ( 'NONE', *, *, #3598, .F. ) ;
#272 = DIRECTION ( 'NONE',  ( -1.000000000000000000, 0.000000000000000000, 0.000000000000000000 ) ) ;
#273 = ADVANCED_FACE ( 'NONE', ( #5338 ), #3659, .F. ) ;
#274 = CARTESIAN_POINT ( 'NONE',  ( -1.849999999991845057, -0.4500000000000000111, 2.299999999999999822 ) ) ;
#275 = EDGE_LOOP ( 'NONE', ( #1154, #6202, #3900, #6275 ) ) ;
#276 = CARTESIAN_POINT ( 'NONE',  ( -0.5540493129827799290, -0.4958725469090002336, 0.3690137403439989749 ) ) ;
#277 = ORIENTED_EDGE ( 'NONE', *, *, #4232, .F. ) ;
#278 = DIRECTION ( 'NONE',  ( 0.000000000000000000, 0.000000000000000000, -1.000000000000000000 ) ) ;
#279 = ORIENTED_EDGE ( 'NONE', *, *, #295, .F. ) ;
#280 = ORIENTED_EDGE ( 'NONE', *, *, #5293, .T. ) ;
#281 = CIRCLE ( 'NONE', #410, 0.09999999999999982514 ) ;
#282 = CARTESIAN_POINT ( 'NONE',  ( 2.100000000000000089, 0.4000000000000000222, 0.000000000000000000 ) ) ;
#283 = EDGE_CURVE ( 'NONE', #5553, #2016, #2448, .T. ) ;
#284 = FACE_OUTER_BOUND ( 'NONE', #2903, .T. ) ;
#285 = AXIS2_PLACEMENT_3D ( 'NONE', #2677, #5757, #5054 ) ;
#286 = LINE ( 'NONE', #4500, #832 ) ;
#287 = AXIS2_PLACEMENT_3D ( 'NONE', #6667, #5215, #7561 ) ;
#288 = VERTEX_POINT ( 'NONE', #5456 ) ;
#289 = ORIENTED_EDGE ( 'NONE', *, *, #4250, .F. ) ;
#290 = CYLINDRICAL_SURFACE ( 'NONE', #3704, 0.09999999999999982514 ) ;
#291 = AXIS2_PLACEMENT_3D ( 'NONE', #3641, #6022, #1296 ) ;
#292 = B_SPLINE_CURVE_WITH_KNOTS ( 'NONE', 3,
 ( #218, #141, #3804, #3130 ),
 .UNSPECIFIED., .F., .F.,
 ( 4, 4 ),
 ( 0.000000000000000000, 1.000000000000000000 ),
 .UNSPECIFIED. ) ;
#293 = CIRCLE ( 'NONE', #773, 0.1000000000000000472 ) ;
#294 = CARTESIAN_POINT ( 'NONE',  ( -0.5350000000000000311, 0.9000000000000000222, 0.7500000000000000000 ) ) ;
#295 = EDGE_CURVE ( 'NONE', #378, #5871, #1855, .T. ) ;
#296 = EDGE_LOOP ( 'NONE', ( #4316, #4931, #43, #6480 ) ) ;
#297 = UNCERTAINTY_MEASURE_WITH_UNIT (LENGTH_MEASURE( 1.000000000000000082E-05 ), #1634, 'distance_accuracy_value', 'NONE');
#298 = FACE_OUTER_BOUND ( 'NONE', #6004, .T. ) ;
#299 = VERTEX_POINT ( 'NONE', #2324 ) ;
#300 = EDGE_CURVE ( 'NONE', #6065, #2491, #5919, .T. ) ;
#301 = ORIENTED_EDGE ( 'NONE', *, *, #7011, .F. ) ;
#302 = CARTESIAN_POINT ( 'NONE',  ( -0.5350000000000000311, -0.5150000000000000133, 0.7500000000000000000 ) ) ;
#303 = EDGE_CURVE ( 'NONE', #826, #5361, #6036, .T. ) ;
#304 = EDGE_CURVE ( 'NONE', #2712, #6862, #3660, .T. ) ;
#305 = CARTESIAN_POINT ( 'NONE',  ( 1.875000000000000000, -0.9499999999999999556, 0.5000000000000000000 ) ) ;
#306 = DIRECTION ( 'NONE',  ( 1.000000000000000000, 0.000000000000000000, 0.000000000000000000 ) ) ;
#307 = DIRECTION ( 'NONE',  ( 0.000000000000000000, -1.000000000000000000, 0.000000000000000000 ) ) ;
#308 = DIRECTION ( 'NONE',  ( -1.000000000000000000, 0.000000000000000000, 0.000000000000000000 ) ) ;
#309 = VECTOR ( 'NONE', #6912, 1000.000000000000000 ) ;
#310 = DIRECTION ( 'NONE',  ( 0.000000000000000000, 1.000000000000000000, 0.000000000000000000 ) ) ;
#311 = DIRECTION ( 'NONE',  ( -1.000000000000000000, 0.000000000000000000, 0.000000000000000000 ) ) ;
#312 = CARTESIAN_POINT ( 'NONE',  ( -1.949999999999999956, -0.9000000000000000222, 0.5000000000000000000 ) ) ;
#313 = ORIENTED_EDGE ( 'NONE', *, *, #4250, .T. ) ;
#314 = DIRECTION ( 'NONE',  ( 0.000000000000000000, 0.000000000000000000, -1.000000000000000000 ) ) ;
#315 = DIRECTION ( 'NONE',  ( 1.000000000000000000, 0.000000000000000000, 0.000000000000000000 ) ) ;
#316 = VERTEX_POINT ( 'NONE', #4722 ) ;
#317 = AXIS2_PLACEMENT_3D ( 'NONE', #3496, #4598, #424 ) ;
#318 = CARTESIAN_POINT ( 'NONE',  ( 1.399999999999999911, 0.000000000000000000, 2.299999999999999822 ) ) ;
#319 =( GEOMETRIC_REPRESENTATION_CONTEXT ( 3 ) GLOBAL_UNCERTAINTY_ASSIGNED_CONTEXT ( ( #297 ) ) GLOBAL_UNIT_ASSIGNED_CONTEXT ( ( #1634, #3357, #1009 ) ) REPRESENTATION_CONTEXT ( 'NONE', 'WORKASPACE' ) );
#320 = ORIENTED_EDGE ( 'NONE', *, *, #2729, .F. ) ;
#321 = DIRECTION ( 'NONE',  ( 0.000000000000000000, 0.000000000000000000, -1.000000000000000000 ) ) ;
#322 = ORIENTED_EDGE ( 'NONE', *, *, #101, .F. ) ;
#323 = VERTEX_POINT ( 'NONE', #4097 ) ;
#324 = PRODUCT_DEFINITION ( 'UNKNOWN', '', #6891, #4429 ) ;
#325 = ORIENTED_EDGE ( 'NONE', *, *, #1287, .T. ) ;
#326 = EDGE_CURVE ( 'NONE', #2501, #4761, #3405, .T. ) ;
#327 = CARTESIAN_POINT ( 'NONE',  ( 1.875000000000000000, -0.8750000000000000000, -0.1881966011250000015 ) ) ;
#328 = AXIS2_PLACEMENT_3D ( 'NONE', #4318, #6649, #5478 ) ;
#329 = CARTESIAN_POINT ( 'NONE',  ( -0.5540493129827805951, 0.7041274530909999996, 0.3690137403439990305 ) ) ;
#330 = VECTOR ( 'NONE', #4299, 1000.000000000000000 ) ;
#331 = ORIENTED_EDGE ( 'NONE', *, *, #7395, .F. ) ;
#332 = EDGE_LOOP ( 'NONE', ( #5376, #7112, #5752, #6110 ) ) ;
#333 = CARTESIAN_POINT ( 'NONE',  ( -1.925000000000000044, 0.1658312395178000165, 2.299999999999999822 ) ) ;
#334 = AXIS2_PLACEMENT_3D ( 'NONE', #1644, #1019, #6245 ) ;
#335 = VECTOR ( 'NONE', #4420, 1000.000000000000000 ) ;
#336 = VECTOR ( 'NONE', #1663, 1000.000000000000000 ) ;
#337 = LINE ( 'NONE', #1021, #906 ) ;
#338 = ADVANCED_FACE ( 'NONE', ( #696 ), #2960, .T. ) ;
#339 = ORIENTED_EDGE ( 'NONE', *, *, #1480, .T. ) ;
#340 = AXIS2_PLACEMENT_3D ( 'NONE', #2383, #641, #1062 ) ;
#341 = DIRECTION ( 'NONE',  ( 0.000000000000000000, 1.000000000000000000, 0.000000000000000000 ) ) ;
#342 = AXIS2_PLACEMENT_3D ( 'NONE', #2178, #7642, #5144 ) ;
#343 = EDGE_LOOP ( 'NONE', ( #6100, #3444, #5220, #6635 ) ) ;
#344 = ORIENTED_EDGE ( 'NONE', *, *, #5875, .F. ) ;
#345 = CARTESIAN_POINT ( 'NONE',  ( -1.275000000000000133, 0.4000000000000000222, 0.000000000000000000 ) ) ;
#346 = LINE ( 'NONE', #4512, #7516 ) ;
#347 = CARTESIAN_POINT ( 'NONE',  ( -0.5540493129827805951, 0.7041274530909999996, 0.3690137403439990305 ) ) ;
#348 = AXIS2_PLACEMENT_3D ( 'NONE', #3701, #1999, #1971 ) ;
#349 = DIRECTION ( 'NONE',  ( 0.000000000000000000, 0.000000000000000000, -1.000000000000000000 ) ) ;
#350 = DIRECTION ( 'NONE',  ( -3.643524251838465300E-15, -1.000000000000000000, -5.543480938999820347E-15 ) ) ;
#351 = EDGE_CURVE ( 'NONE', #530, #2027, #5398, .T. ) ;
#352 = EDGE_CURVE ( 'NONE', #3058, #5599, #7167, .T. ) ;
#353 = FACE_OUTER_BOUND ( 'NONE', #332, .T. ) ;
#354 = DIRECTION ( 'NONE',  ( 0.000000000000000000, 0.000000000000000000, -1.000000000000000000 ) ) ;
#355 = CARTESIAN_POINT ( 'NONE',  ( 0.5687988462011321911, -0.4789423473063256775, 0.3140524872500328191 ) ) ;
#356 = ORIENTED_EDGE ( 'NONE', *, *, #5051, .F. ) ;
#357 = FACE_OUTER_BOUND ( 'NONE', #7031, .T. ) ;
#358 = CARTESIAN_POINT ( 'NONE',  ( 0.6355772891676382264, -0.7986083535878535367, 0.2548152807616310689 ) ) ;
#360 = VECTOR ( 'NONE', #2156, 1000.000000000000000 ) ;
#359 = PLANE ( 'NONE',  #1696 ) ;
#361 = ORIENTED_EDGE ( 'NONE', *, *, #3065, .T. ) ;
#362 = ADVANCED_FACE ( 'NONE', ( #2366 ), #1238, .F. ) ;
#363 = EDGE_CURVE ( 'NONE', #2829, #779, #4755, .T. ) ;
#364 = LINE ( 'NONE', #4488, #2007 ) ;
#365 = DIRECTION ( 'NONE',  ( 0.000000000000000000, 1.000000000000000000, 0.000000000000000000 ) ) ;
#366 = ORIENTED_EDGE ( 'NONE', *, *, #6541, .T. ) ;
#367 = CARTESIAN_POINT ( 'NONE',  ( -0.6031414644350421295, -0.4410628424224071198, 0.2736226604981508159 ) ) ;
#368 = ORIENTED_EDGE ( 'NONE', *, *, #7325, .T. ) ;
#369 = ORIENTED_EDGE ( 'NONE', *, *, #4566, .F. ) ;
#370 = CARTESIAN_POINT ( 'NONE',  ( -1.930000000000000160, 0.2999999999797339778, 2.399999999999999911 ) ) ;
#371 = DIRECTION ( 'NONE',  ( 0.8320502943378438321, -0.5547001962252288143, 0.000000000000000000 ) ) ;
#372 = CARTESIAN_POINT ( 'NONE',  ( 0.6457981905897307584, 0.3840382268818179901, 0.2512106842210261592 ) ) ;
#373 = DIRECTION ( 'NONE',  ( 0.000000000000000000, 1.000000000000000000, 0.000000000000000000 ) ) ;
#374 = ORIENTED_EDGE ( 'NONE', *, *, #214, .F. ) ;
#375 = EDGE_LOOP ( 'NONE', ( #7151, #5623, #3410, #4496 ) ) ;
#376 = LINE ( 'NONE', #2072, #1443 ) ;
#377 = DIRECTION ( 'NONE',  ( 0.000000000000000000, 0.000000000000000000, -1.000000000000000000 ) ) ;
#378 = VERTEX_POINT ( 'NONE', #2996 ) ;
#379 = CARTESIAN_POINT ( 'NONE',  ( -0.9499999999999999556, -0.4000000000000000222, 2.495600000000000041 ) ) ;
#380 = ORIENTED_EDGE ( 'NONE', *, *, #2297, .F. ) ;
#381 = ORIENTED_EDGE ( 'NONE', *, *, #2858, .T. ) ;
#382 = DIRECTION ( 'NONE',  ( 1.000000000000000000, 0.000000000000000000, 0.000000000000000000 ) ) ;
#383 = DIRECTION ( 'NONE',  ( 1.000000000000000000, 0.000000000000000000, 0.000000000000000000 ) ) ;
#384 = CARTESIAN_POINT ( 'NONE',  ( -0.5687988462011323021, 0.7210576526936745001, 0.3140524872500325415 ) ) ;
#385 = DIRECTION ( 'NONE',  ( 0.000000000000000000, 0.000000000000000000, -1.000000000000000000 ) ) ;
#386 = DIRECTION ( 'NONE',  ( -1.000000000000000000, 0.000000000000000000, 0.000000000000000000 ) ) ;
#387 = PLANE ( 'NONE',  #37 ) ;
#388 = DIRECTION ( 'NONE',  ( 0.000000000000000000, 0.000000000000000000, -1.000000000000000000 ) ) ;
#389 = DIRECTION ( 'NONE',  ( 1.000000000000000000, 2.048735530182999187E-11, 1.626303258728318498E-14 ) ) ;
#390 = VERTEX_POINT ( 'NONE', #5998 ) ;
#391 = CARTESIAN_POINT ( 'NONE',  ( -2.200000000000000178, 0.4982544935066191005, 2.100000000000000089 ) ) ;
#392 = CARTESIAN_POINT ( 'NONE',  ( 0.6499135366580358619, -0.8308306163300765990, 0.2500232564856164075 ) ) ;
#393 = CARTESIAN_POINT ( 'NONE',  ( 2.100000000000000089, 0.4000000000000000222, 2.100000000000000089 ) ) ;
#394 = EDGE_LOOP ( 'NONE', ( #7660, #6469, #7699, #5437 ) ) ;
#395 = PLANE ( 'NONE',  #6372 ) ;
#396 = EDGE_CURVE ( 'NONE', #5485, #1018, #5412, .T. ) ;
#397 = CYLINDRICAL_SURFACE ( 'NONE', #3196, 0.2000000000000000944 ) ;
#398 = VERTEX_POINT ( 'NONE', #1273 ) ;
#399 = CARTESIAN_POINT ( 'NONE',  ( -2.194999999999999840, -0.2750000000000000222, 2.299999999999999822 ) ) ;
#400 = ORIENTED_EDGE ( 'NONE', *, *, #5010, .T. ) ;
#401 = ORIENTED_EDGE ( 'NONE', *, *, #820, .F. ) ;
#402 = EDGE_CURVE ( 'NONE', #1307, #259, #7321, .T. ) ;
#403 = EDGE_CURVE ( 'NONE', #2195, #975, #3407, .T. ) ;
#404 = ADVANCED_FACE ( 'NONE', ( #4869 ), #2002, .T. ) ;
#405 = CARTESIAN_POINT ( 'NONE',  ( -1.050000000000000044, 0.4000000000000000222, 2.299999999999999822 ) ) ;
#406 = CARTESIAN_POINT ( 'NONE',  ( -1.896628600431393030, 0.3796000000142997211, 2.400000000000003020 ) ) ;
#407 = DIRECTION ( 'NONE',  ( 0.000000000000000000, 0.000000000000000000, 1.000000000000000000 ) ) ;
#408 = DIRECTION ( 'NONE',  ( 0.000000000000000000, 0.000000000000000000, 1.000000000000000000 ) ) ;
#409 = FACE_OUTER_BOUND ( 'NONE', #531, .T. ) ;
#410 = AXIS2_PLACEMENT_3D ( 'NONE', #6095, #711, #6672 ) ;
#411 = ORIENTED_EDGE ( 'NONE', *, *, #4640, .T. ) ;
#412 = DIRECTION ( 'NONE',  ( -1.000000000000000000, 0.000000000000000000, 0.000000000000000000 ) ) ;
#413 = AXIS2_PLACEMENT_3D ( 'NONE', #2453, #122, #7358 ) ;
#414 = DIRECTION ( 'NONE',  ( 0.000000000000000000, 1.000000000000000000, 0.000000000000000000 ) ) ;
#415 = ORIENTED_EDGE ( 'NONE', *, *, #3694, .F. ) ;
#416 = CARTESIAN_POINT ( 'NONE',  ( -1.875000000000000000, -0.9499999999999999556, 0.6500000000000000222 ) ) ;
#417 = ORIENTED_EDGE ( 'NONE', *, *, #3488, .F. ) ;
#418 = VERTEX_POINT ( 'NONE', #7241 ) ;
#419 = DIRECTION ( 'NONE',  ( 0.000000000000000000, -1.000000000000000000, 0.000000000000000000 ) ) ;
#420 = AXIS2_PLACEMENT_3D ( 'NONE', #1842, #20, #3567 ) ;
#421 = PLANE ( 'NONE',  #2280 ) ;
#422 = CARTESIAN_POINT ( 'NONE',  ( 2.100000000000000089, -0.3750000000000000000, 1.500000000000000000 ) ) ;
#423 = CIRCLE ( 'NONE', #3026, 0.1000000000000000472 ) ;
#424 = DIRECTION ( 'NONE',  ( 0.000000000000000000, -1.000000000000000000, 0.000000000000000000 ) ) ;
#425 = VECTOR ( 'NONE', #2699, 1000.000000000000000 ) ;
#426 = DIRECTION ( 'NONE',  ( -1.000000000000000000, 0.000000000000000000, 0.000000000000000000 ) ) ;
#427 = DIRECTION ( 'NONE',  ( 0.000000000000000000, -1.000000000000000000, 0.000000000000000000 ) ) ;
#428 = CARTESIAN_POINT ( 'NONE',  ( 0.5830152926694178728, 0.7366123688503087852, 0.2921218145516760734 ) ) ;
#429 = AXIS2_PLACEMENT_3D ( 'NONE', #5837, #2671, #7431 ) ;
#430 = ORIENTED_EDGE ( 'NONE', *, *, #2590, .F. ) ;
#431 = CARTESIAN_POINT ( 'NONE',  ( 1.925000000000000044, -0.2704156197588999944, 2.299999999999999822 ) ) ;
#432 = CARTESIAN_POINT ( 'NONE',  ( 0.5546482206497795886, -0.7051433573499764629, 0.3570355870039964019 ) ) ;
#433 = DIRECTION ( 'NONE',  ( 0.000000000000000000, 0.000000000000000000, -1.000000000000000000 ) ) ;
#434 = VERTEX_POINT ( 'NONE', #6113 ) ;
#435 = ADVANCED_FACE ( 'NONE', ( #261, #7278, #4364 ), #5636, .T. ) ;
#436 = VECTOR ( 'NONE', #1030, 1000.000000000000000 ) ;
#437 = DIRECTION ( 'NONE',  ( 0.000000000000000000, 0.000000000000000000, -1.000000000000000000 ) ) ;
#438 = ADVANCED_FACE ( 'NONE', ( #1892 ), #227, .T. ) ;
#439 = LINE ( 'NONE', #1598, #1950 ) ;
#440 = ORIENTED_EDGE ( 'NONE', *, *, #7625, .T. ) ;
#441 = VERTEX_POINT ( 'NONE', #3176 ) ;
#442 = AXIS2_PLACEMENT_3D ( 'NONE', #182, #5557, #3244 ) ;
#443 = ORIENTED_EDGE ( 'NONE', *, *, #2588, .T. ) ;
#444 = CARTESIAN_POINT ( 'NONE',  ( -0.6500000000000000222, 0.9000000000000000222, 0.000000000000000000 ) ) ;
#445 = CIRCLE ( 'NONE', #5034, 0.1000000000000000472 ) ;
#446 = CARTESIAN_POINT ( 'NONE',  ( -1.849999999975650011, 0.3794000000000000150, 2.399999999999999911 ) ) ;
#447 = EDGE_CURVE ( 'NONE', #4284, #5432, #1351, .T. ) ;
#448 = CYLINDRICAL_SURFACE ( 'NONE', #3909, 0.1499999999999999667 ) ;
#449 = EDGE_CURVE ( 'NONE', #6244, #4007, #188, .T. ) ;
#450 = CARTESIAN_POINT ( 'NONE',  ( 0.5689999860042997959, 0.4787225111990430215, 0.3138054144995816030 ) ) ;
#451 = CARTESIAN_POINT ( 'NONE',  ( 1.925000000000000044, -0.9000000000000000222, 0.5000000000000000000 ) ) ;
#452 = AXIS2_PLACEMENT_3D ( 'NONE', #5890, #7058, #2293 ) ;
#453 = ORIENTED_EDGE ( 'NONE', *, *, #2287, .F. ) ;
#454 = DIRECTION ( 'NONE',  ( 0.000000000000000000, 0.000000000000000000, -1.000000000000000000 ) ) ;
#455 = EDGE_CURVE ( 'NONE', #2410, #3794, #5833, .T. ) ;
#456 = FACE_OUTER_BOUND ( 'NONE', #3060, .T. ) ;
#457 = VECTOR ( 'NONE', #1715, 1000.000000000000000 ) ;
#458 = ORIENTED_EDGE ( 'NONE', *, *, #5591, .F. ) ;
#459 = EDGE_LOOP ( 'NONE', ( #2036, #1730, #1882, #1141, #2480, #3122 ) ) ;
#460 = ORIENTED_EDGE ( 'NONE', *, *, #68, .T. ) ;
#461 = VECTOR ( 'NONE', #7311, 1000.000000000000000 ) ;
#462 = FACE_OUTER_BOUND ( 'NONE', #3941, .T. ) ;
#463 = DIRECTION ( 'NONE',  ( 0.000000000000000000, 0.000000000000000000, -1.000000000000000000 ) ) ;
#464 = CYLINDRICAL_SURFACE ( 'NONE', #1041, 0.1299999999999999489 ) ;
#465 = VECTOR ( 'NONE', #6443, 1000.000000000000000 ) ;
#466 = LINE ( 'NONE', #3342, #1549 ) ;
#467 = TOROIDAL_SURFACE ( 'NONE', #1075, 0.08000000000000000167, 0.06999999999999999278 ) ;
#468 = VECTOR ( 'NONE', #858, 1000.000000000000000 ) ;
#469 = CARTESIAN_POINT ( 'NONE',  ( -1.925000000000000044, 0.2704156197588999944, 2.200000000000000178 ) ) ;
#470 = CARTESIAN_POINT ( 'NONE',  ( 0.6490056111029567365, 0.8243264472718991875, 0.2502619736960299823 ) ) ;
#471 = ORIENTED_EDGE ( 'NONE', *, *, #7107, .F. ) ;
#472 = LINE ( 'NONE', #7006, #2830 ) ;
#473 = CARTESIAN_POINT ( 'NONE',  ( 0.5745712183416813446, -0.7273734042105625131, 0.3051491504438673674 ) ) ;
#474 = CARTESIAN_POINT ( 'NONE',  ( 1.925000000000000044, 0.3750000000000000000, 2.200000000000000178 ) ) ;
#475 = VERTEX_POINT ( 'NONE', #1932 ) ;
#476 = AXIS2_PLACEMENT_3D ( 'NONE', #4247, #2959, #2445 ) ;
#477 =( BOUNDED_CURVE ( )  B_SPLINE_CURVE ( 3, ( #3853, #4365, #1352, #6736 ),
 .UNSPECIFIED., .F., .T. ) 
 B_SPLINE_CURVE_WITH_KNOTS ( ( 4, 4 ),
 ( 2.678373171133564767, 4.248561359397140080 ),
 .UNSPECIFIED. ) 
 CURVE ( )  GEOMETRIC_REPRESENTATION_ITEM ( )  RATIONAL_B_SPLINE_CURVE ( ( 1.000000000000000000, 0.8048811719560340361, 0.8048811719560340361, 1.000000000000000000 ) ) 
 REPRESENTATION_ITEM ( '' )  );
#478 = VECTOR ( 'NONE', #3313, 1000.000000000000000 ) ;
#479 = FACE_OUTER_BOUND ( 'NONE', #2233, .T. ) ;
#480 = CARTESIAN_POINT ( 'NONE',  ( 2.095000000000000195, -0.2750000000000000222, 2.100000000000000089 ) ) ;
#481 = AXIS2_PLACEMENT_3D ( 'NONE', #4283, #4865, #4360 ) ;
#482 = ORIENTED_EDGE ( 'NONE', *, *, #5732, .F. ) ;
#483 = EDGE_LOOP ( 'NONE', ( #3836, #2018, #6668, #6807 ) ) ;
#484 = ORIENTED_EDGE ( 'NONE', *, *, #6154, .F. ) ;
#485 = LINE ( 'NONE', #4614, #1187 ) ;
#486 = CARTESIAN_POINT ( 'NONE',  ( -1.849999999975590059, 0.3795999999999999930, 2.399999999999999911 ) ) ;
#487 = LINE ( 'NONE', #1015, #6019 ) ;
#488 = CARTESIAN_POINT ( 'NONE',  ( 0.6497454014109926845, 0.3705732180342644622, 0.2500690200451409217 ) ) ;
#489 = EDGE_LOOP ( 'NONE', ( #4503, #6252, #4922, #803 ) ) ;
#490 = DIRECTION ( 'NONE',  ( 1.000000000000000000, 0.000000000000000000, 0.000000000000000000 ) ) ;
#491 = EDGE_CURVE ( 'NONE', #614, #4373, #2039, .T. ) ;
#492 = DIRECTION ( 'NONE',  ( 0.000000000000000000, 1.000000000000000000, 0.000000000000000000 ) ) ;
#493 = ORIENTED_EDGE ( 'NONE', *, *, #2981, .T. ) ;
#494 = EDGE_CURVE ( 'NONE', #3388, #2742, #4902, .T. ) ;
#495 = ORIENTED_EDGE ( 'NONE', *, *, #4313, .T. ) ;
#496 = ORIENTED_EDGE ( 'NONE', *, *, #2443, .F. ) ;
#497 = PLANE ( 'NONE',  #6693 ) ;
#498 = ORIENTED_EDGE ( 'NONE', *, *, #7639, .T. ) ;
#499 = CYLINDRICAL_SURFACE ( 'NONE', #5153, 0.1000000000000000472 ) ;
#500 = EDGE_CURVE ( 'NONE', #2984, #1280, #5012, .T. ) ;
#501 = EDGE_CURVE ( 'NONE', #972, #6747, #6766, .T. ) ;
#502 = DIRECTION ( 'NONE',  ( 1.000000000000000000, 0.000000000000000000, 0.000000000000000000 ) ) ;
#503 = LINE ( 'NONE', #7710, #5324 ) ;
#504 = CARTESIAN_POINT ( 'NONE',  ( 0.5540493129827800400, 0.7041281197247462043, 0.3690137403439990305 ) ) ;
#505 = ORIENTED_EDGE ( 'NONE', *, *, #3153, .T. ) ;
#506 = CARTESIAN_POINT ( 'NONE',  ( -2.250000000000000000, 0.9000000000000000222, 0.000000000000000000 ) ) ;
#507 = DIRECTION ( 'NONE',  ( 0.000000000000000000, 0.000000000000000000, 1.000000000000000000 ) ) ;
#508 = FACE_OUTER_BOUND ( 'NONE', #4999, .T. ) ;
#509 = ORIENTED_EDGE ( 'NONE', *, *, #3921, .T. ) ;
#510 = CARTESIAN_POINT ( 'NONE',  ( -1.375000000000000000, 0.4000000000000000222, 0.000000000000000000 ) ) ;
#511 = FACE_OUTER_BOUND ( 'NONE', #1483, .T. ) ;
#512 = VERTEX_POINT ( 'NONE', #3812 ) ;
#513 = FILL_AREA_STYLE_COLOUR ( '', #4679 ) ;
#514 = ORIENTED_EDGE ( 'NONE', *, *, #2780, .T. ) ;
#515 = ORIENTED_EDGE ( 'NONE', *, *, #5870, .T. ) ;
#516 = EDGE_CURVE ( 'NONE', #5909, #4326, #2634, .T. ) ;
#517 = CARTESIAN_POINT ( 'NONE',  ( -1.949999999999999956, -0.9000000000000000222, 0.5000000000000000000 ) ) ;
#518 = DIRECTION ( 'NONE',  ( 0.9993908270190960952, 0.000000000000000000, -0.03489949670249306579 ) ) ;
#519 = DIRECTION ( 'NONE',  ( -1.000000000000000000, 0.000000000000000000, 0.000000000000000000 ) ) ;
#520 = CARTESIAN_POINT ( 'NONE',  ( 0.6138242006960058506, 0.4290102114724672067, 0.2651562356328960868 ) ) ;
#521 = DIRECTION ( 'NONE',  ( 0.000000000000000000, 0.000000000000000000, 1.000000000000000000 ) ) ;
#522 = LINE ( 'NONE', #1939, #5815 ) ;
#523 = VERTEX_POINT ( 'NONE', #767 ) ;
#524 = LINE ( 'NONE', #1756, #4571 ) ;
#525 = EDGE_CURVE ( 'NONE', #2660, #2311, #2906, .T. ) ;
#526 = CARTESIAN_POINT ( 'NONE',  ( -2.250000000000000000, 0.9000000000000000222, 2.100000000000000089 ) ) ;
#527 = AXIS2_PLACEMENT_3D ( 'NONE', #2828, #492, #2153 ) ;
#528 = EDGE_CURVE ( 'NONE', #4866, #7346, #6219, .T. ) ;
#529 = EDGE_LOOP ( 'NONE', ( #515, #874, #206, #2434 ) ) ;
#530 = VERTEX_POINT ( 'NONE', #6083 ) ;
#531 = EDGE_LOOP ( 'NONE', ( #5325, #5086, #5917, #127 ) ) ;
#532 = DIRECTION ( 'NONE',  ( 0.000000000000000000, -1.000000000000000000, 0.000000000000000000 ) ) ;
#533 = EDGE_LOOP ( 'NONE', ( #1705, #2063, #5123, #983 ) ) ;
#534 = DIRECTION ( 'NONE',  ( 0.000000000000000000, -1.000000000000000000, 0.000000000000000000 ) ) ;
#535 = VECTOR ( 'NONE', #3903, 1000.000000000000000 ) ;
#536 = EDGE_CURVE ( 'NONE', #2994, #5416, #3107, .T. ) ;
#537 = CARTESIAN_POINT ( 'NONE',  ( -2.113554018886000030, 0.3663376014356999888, 0.3800000000000000044 ) ) ;
#538 = EDGE_CURVE ( 'NONE', #2335, #5949, #346, .T. ) ;
#539 = ADVANCED_FACE ( 'NONE', ( #6411 ), #5719, .F. ) ;
#540 = CIRCLE ( 'NONE', #5389, 0.2999999999999999334 ) ;
#541 = FACE_OUTER_BOUND ( 'NONE', #6923, .T. ) ;
#542 = ORIENTED_EDGE ( 'NONE', *, *, #3590, .T. ) ;
#543 = FACE_OUTER_BOUND ( 'NONE', #7372, .T. ) ;
#544 = DIRECTION ( 'NONE',  ( 0.000000000000000000, 0.000000000000000000, -1.000000000000000000 ) ) ;
#545 = LINE ( 'NONE', #474, #5941 ) ;
#546 = ORIENTED_EDGE ( 'NONE', *, *, #6928, .F. ) ;
#547 = ADVANCED_FACE ( 'NONE', ( #1070 ), #5091, .T. ) ;
#548 = AXIS2_PLACEMENT_3D ( 'NONE', #2301, #7182, #11 ) ;
#549 = AXIS2_PLACEMENT_3D ( 'NONE', #7301, #6751, #1959 ) ;
#550 = DIRECTION ( 'NONE',  ( -1.000000000000000000, 0.000000000000000000, 0.000000000000000000 ) ) ;
#551 = LINE ( 'NONE', #1785, #4950 ) ;
#552 = VERTEX_POINT ( 'NONE', #6966 ) ;
#553 = DIRECTION ( 'NONE',  ( 1.000000000000000000, 0.000000000000000000, 0.000000000000000000 ) ) ;
#554 = ORIENTED_EDGE ( 'NONE', *, *, #4260, .F. ) ;
#555 = ORIENTED_EDGE ( 'NONE', *, *, #2118, .T. ) ;
#556 = CARTESIAN_POINT ( 'NONE',  ( -1.930000000000000160, 0.3086776736253000197, 2.330000000000000071 ) ) ;
#557 = DIRECTION ( 'NONE',  ( 0.000000000000000000, 0.000000000000000000, -1.000000000000000000 ) ) ;
#558 = VECTOR ( 'NONE', #5468, 1000.000000000000000 ) ;
#559 = DIRECTION ( 'NONE',  ( 0.000000000000000000, 1.000000000000000000, 0.000000000000000000 ) ) ;
#560 = DIRECTION ( 'NONE',  ( 0.000000000000000000, 1.000000000000000000, 0.000000000000000000 ) ) ;
#561 = ADVANCED_FACE ( 'NONE', ( #6998 ), #1653, .F. ) ;
#562 = LINE ( 'NONE', #2932, #7677 ) ;
#563 = CARTESIAN_POINT ( 'NONE',  ( 2.299999999999999822, -0.3750000000000000000, 1.500000000000000000 ) ) ;
#564 = ORIENTED_EDGE ( 'NONE', *, *, #1917, .T. ) ;
#565 = DIRECTION ( 'NONE',  ( 1.000000000000000000, 0.000000000000000000, 0.000000000000000000 ) ) ;
#566 = VECTOR ( 'NONE', #3298, 1000.000000000000000 ) ;
#567 = PLANE ( 'NONE',  #5128 ) ;
#568 = CARTESIAN_POINT ( 'NONE',  ( -1.930000000000000160, -0.2999999999873189660, 2.330000000000000071 ) ) ;
#569 = ORIENTED_EDGE ( 'NONE', *, *, #3694, .T. ) ;
#570 = VECTOR ( 'NONE', #5185, 1000.000000000000000 ) ;
#571 = ORIENTED_EDGE ( 'NONE', *, *, #910, .T. ) ;
#572 = ORIENTED_EDGE ( 'NONE', *, *, #2728, .F. ) ;
#573 = CYLINDRICAL_SURFACE ( 'NONE', #1190, 0.1299999999999999489 ) ;
#574 = ORIENTED_EDGE ( 'NONE', *, *, #6833, .F. ) ;
#575 = DIRECTION ( 'NONE',  ( 0.000000000000000000, 0.000000000000000000, -1.000000000000000000 ) ) ;
#576 = CIRCLE ( 'NONE', #4930, 0.2000009471890610013 ) ;
#577 = CARTESIAN_POINT ( 'NONE',  ( -1.850000000000000089, -0.2999999999999999889, 2.330000000000000071 ) ) ;
#578 = VECTOR ( 'NONE', #25, 1000.000000000000000 ) ;
#579 = DIRECTION ( 'NONE',  ( 0.000000000000000000, -1.000000000000000000, 0.000000000000000000 ) ) ;
#580 = CARTESIAN_POINT ( 'NONE',  ( 0.5599326875623642508, 0.7112193652824563284, 0.3363227335935349838 ) ) ;
#581 = AXIS2_PLACEMENT_3D ( 'NONE', #2496, #4261, #4884 ) ;
#582 = ORIENTED_EDGE ( 'NONE', *, *, #1080, .F. ) ;
#583 = LINE ( 'NONE', #4127, #6563 ) ;
#584 = CARTESIAN_POINT ( 'NONE',  ( 1.399999999999999911, 0.2999999999999999889, 2.330000000000000071 ) ) ;
#585 = DIRECTION ( 'NONE',  ( -0.04987546680538138683, -0.04987546680544138744, 0.9975093361076299292 ) ) ;
#586 = EDGE_CURVE ( 'NONE', #2155, #3350, #4047, .T. ) ;
#587 = DIRECTION ( 'NONE',  ( 0.000000000000000000, 0.000000000000000000, -1.000000000000000000 ) ) ;
#588 = VECTOR ( 'NONE', #939, 1000.000000000000000 ) ;
#589 = AXIS2_PLACEMENT_3D ( 'NONE', #2325, #2407, #7208 ) ;
#590 = CARTESIAN_POINT ( 'NONE',  ( -1.908333333333310122, 0.1105541596785056119, 2.200000000000000178 ) ) ;
#591 = CYLINDRICAL_SURFACE ( 'NONE', #6189, 0.09999999999999982514 ) ;
#592 = ADVANCED_FACE ( 'NONE', ( #4009 ), #5674, .T. ) ;
#593 = ORIENTED_EDGE ( 'NONE', *, *, #4491, .T. ) ;
#594 = AXIS2_PLACEMENT_3D ( 'NONE', #7287, #4911, #7401 ) ;
#595 = CARTESIAN_POINT ( 'NONE',  ( -1.925000000000000044, -0.4000000000000000222, 2.100000000000000089 ) ) ;
#596 = EDGE_LOOP ( 'NONE', ( #1450, #776, #5287, #1930 ) ) ;
#597 = ORIENTED_EDGE ( 'NONE', *, *, #7415, .T. ) ;
#598 = ADVANCED_FACE ( 'NONE', ( #5125 ), #992, .T. ) ;
#599 = CARTESIAN_POINT ( 'NONE',  ( -1.875000000000000000, -0.9499999999999999556, -0.1881966011250000015 ) ) ;
#600 = LINE ( 'NONE', #2974, #2763 ) ;
#601 = VECTOR ( 'NONE', #2440, 1000.000000000000000 ) ;
#602 = CARTESIAN_POINT ( 'NONE',  ( 0.000000000000000000, 0.000000000000000000, 2.399999999999999911 ) ) ;
#603 = DIRECTION ( 'NONE',  ( 0.000000000000000000, 0.000000000000000000, 1.000000000000000000 ) ) ;
#604 = DIRECTION ( 'NONE',  ( 1.000000000000000000, 0.000000000000000000, 0.000000000000000000 ) ) ;
#605 = DIRECTION ( 'NONE',  ( 0.000000000000000000, 0.000000000000000000, 1.000000000000000000 ) ) ;
#606 = VERTEX_POINT ( 'NONE', #6256 ) ;
#607 = DIRECTION ( 'NONE',  ( 1.000000000000000000, 0.000000000000000000, 0.000000000000000000 ) ) ;
#608 = LINE ( 'NONE', #7266, #4656 ) ;
#609 = DIRECTION ( 'NONE',  ( 0.000000000000000000, 1.000000000000000000, 0.000000000000000000 ) ) ;
#610 = ORIENTED_EDGE ( 'NONE', *, *, #3672, .F. ) ;
#611 = ORIENTED_EDGE ( 'NONE', *, *, #2963, .T. ) ;
#612 = EDGE_LOOP ( 'NONE', ( #7706, #6483, #74, #1246 ) ) ;
#613 = LINE ( 'NONE', #5327, #5672 ) ;
#614 = VERTEX_POINT ( 'NONE', #6334 ) ;
#615 = DIRECTION ( 'NONE',  ( 0.000000000000000000, 0.000000000000000000, -1.000000000000000000 ) ) ;
#616 = EDGE_CURVE ( 'NONE', #7468, #6069, #3371, .T. ) ;
#617 = DIRECTION ( 'NONE',  ( -1.000000000000000000, 0.000000000000000000, 0.000000000000000000 ) ) ;
#618 = DIRECTION ( 'NONE',  ( 1.000000000000000000, -1.030286966852143629E-13, 0.000000000000000000 ) ) ;
#619 = CARTESIAN_POINT ( 'NONE',  ( -1.500000000000000000, 0.3499999999999999778, 2.299999999999999822 ) ) ;
#620 = ORIENTED_EDGE ( 'NONE', *, *, #1868, .T. ) ;
#621 = ORIENTED_EDGE ( 'NONE', *, *, #6951, .T. ) ;
#622 = CARTESIAN_POINT ( 'NONE',  ( 0.6499793389757350104, -1.299999998263916101, 1.394437171409973919 ) ) ;
#623 = DIRECTION ( 'NONE',  ( 0.000000000000000000, 0.000000000000000000, -1.000000000000000000 ) ) ;
#624 = CARTESIAN_POINT ( 'NONE',  ( -0.2461754054898645239, 0.1038245945101573947, 0.3735081097972889896 ) ) ;
#625 = PLANE ( 'NONE',  #5048 ) ;
#626 = CARTESIAN_POINT ( 'NONE',  ( 0.7500000000000000000, -0.1100000000000000006, 0.2500000000000000000 ) ) ;
#627 = CARTESIAN_POINT ( 'NONE',  ( 2.220000000000000195, 0.6250000000000000000, 2.299999999999999822 ) ) ;
#628 = ORIENTED_EDGE ( 'NONE', *, *, #4540, .F. ) ;
#629 = CYLINDRICAL_SURFACE ( 'NONE', #2673, 0.07000000000000018707 ) ;
#630 = ORIENTED_EDGE ( 'NONE', *, *, #208, .F. ) ;
#631 = EDGE_LOOP ( 'NONE', ( #3908, #3356, #1235, #2733 ) ) ;
#632 = DIRECTION ( 'NONE',  ( 0.000000000000000000, 0.000000000000000000, -1.000000000000000000 ) ) ;
#633 = EDGE_CURVE ( 'NONE', #3489, #2789, #4534, .T. ) ;
#634 = DIRECTION ( 'NONE',  ( 0.000000000000000000, 0.000000000000000000, -1.000000000000000000 ) ) ;
#635 = DIRECTION ( 'NONE',  ( 0.000000000000000000, -0.9987523388778447586, 0.04993761694389219075 ) ) ;
#636 = EDGE_CURVE ( 'NONE', #2618, #7020, #3413, .T. ) ;
#638 = ADVANCED_FACE ( 'NONE', ( #4552 ), #421, .F. ) ;
#637 = CARTESIAN_POINT ( 'NONE',  ( -1.399999999999999911, 0.000000000000000000, 2.299999999999999822 ) ) ;
#639 = EDGE_CURVE ( 'NONE', #4899, #5546, #3339, .T. ) ;
#640 = VERTEX_POINT ( 'NONE', #3887 ) ;
#641 = DIRECTION ( 'NONE',  ( -1.000000000000000000, 0.000000000000000000, 0.000000000000000000 ) ) ;
#642 = DIRECTION ( 'NONE',  ( 0.000000000000000000, 0.000000000000000000, 1.000000000000000000 ) ) ;
#643 = DIRECTION ( 'NONE',  ( 0.000000000000000000, 0.000000000000000000, 1.000000000000000000 ) ) ;
#644 = ORIENTED_EDGE ( 'NONE', *, *, #3242, .F. ) ;
#645 = ORIENTED_EDGE ( 'NONE', *, *, #586, .F. ) ;
#646 = ORIENTED_EDGE ( 'NONE', *, *, #3672, .T. ) ;
#647 = DIRECTION ( 'NONE',  ( 0.000000000000000000, 0.000000000000000000, -1.000000000000000000 ) ) ;
#648 = ORIENTED_EDGE ( 'NONE', *, *, #3933, .F. ) ;
#649 = CARTESIAN_POINT ( 'NONE',  ( -1.925000000000000044, -0.4000000000000000222, 0.000000000000000000 ) ) ;
#650 = PLANE ( 'NONE',  #2551 ) ;
#651 = CARTESIAN_POINT ( 'NONE',  ( 0.000000000000000000, 0.000000000000000000, 0.5000000000000000000 ) ) ;
#652 = DIRECTION ( 'NONE',  ( 0.000000000000000000, 0.000000000000000000, -1.000000000000000000 ) ) ;
#653 = ORIENTED_EDGE ( 'NONE', *, *, #5591, .T. ) ;
#654 = ORIENTED_EDGE ( 'NONE', *, *, #5677, .T. ) ;
#655 = DIRECTION ( 'NONE',  ( 0.000000000000000000, 1.445602896647339508E-15, 1.000000000000000000 ) ) ;
#656 = VECTOR ( 'NONE', #1131, 1000.000000000000000 ) ;
#657 = DIRECTION ( 'NONE',  ( 0.000000000000000000, -1.000000000000000000, 0.000000000000000000 ) ) ;
#658 = CARTESIAN_POINT ( 'NONE',  ( 0.8510499682669000476, -0.3755476762961000303, 3.399999999999999911 ) ) ;
#659 = VECTOR ( 'NONE', #6117, 1000.000000000000227 ) ;
#660 = DIRECTION ( 'NONE',  ( 0.000000000000000000, -1.000000000000000000, 0.000000000000000000 ) ) ;
#661 = EDGE_LOOP ( 'NONE', ( #2669, #3716 ) ) ;
#662 = CARTESIAN_POINT ( 'NONE',  ( 2.100000000000000089, -0.6449999999999999067, 1.800000000000000044 ) ) ;
#663 = VERTEX_POINT ( 'NONE', #6370 ) ;
#664 = FACE_OUTER_BOUND ( 'NONE', #1025, .T. ) ;
#665 = ADVANCED_FACE ( 'NONE', ( #2792 ), #1434, .T. ) ;
#666 = DIRECTION ( 'NONE',  ( 0.000000000000000000, 0.000000000000000000, 1.000000000000000000 ) ) ;
#667 = EDGE_LOOP ( 'NONE', ( #5717, #3678, #268, #7403 ) ) ;
#668 = AXIS2_PLACEMENT_3D ( 'NONE', #3997, #6954, #7491 ) ;
#669 = DIRECTION ( 'NONE',  ( -1.000000000000000000, 0.000000000000000000, 0.000000000000000000 ) ) ;
#670 = CARTESIAN_POINT ( 'NONE',  ( -1.875000000000000000, -0.8750000000000000000, 0.1749999999999999889 ) ) ;
#671 = EDGE_CURVE ( 'NONE', #1985, #378, #7543, .T. ) ;
#672 = CARTESIAN_POINT ( 'NONE',  ( 1.699999999999999956, 0.3750000000000000000, 2.299999999999999822 ) ) ;
#673 = LINE ( 'NONE', #1253, #2288 ) ;
#674 = CARTESIAN_POINT ( 'NONE',  ( 1.930000000000000160, -0.3086776736253000197, 2.330000000000000071 ) ) ;
#675 = ORIENTED_EDGE ( 'NONE', *, *, #5974, .T. ) ;
#676 = VERTEX_POINT ( 'NONE', #5205 ) ;
#677 = FACE_OUTER_BOUND ( 'NONE', #732, .T. ) ;
#678 = EDGE_CURVE ( 'NONE', #1040, #4738, #4626, .T. ) ;
#679 = ADVANCED_FACE ( 'NONE', ( #3217 ), #6812, .T. ) ;
#680 = AXIS2_PLACEMENT_3D ( 'NONE', #4748, #6528, #3532 ) ;
#681 = CARTESIAN_POINT ( 'NONE',  ( 0.000000000000000000, -1.300000000000000044, 0.000000000000000000 ) ) ;
#682 = DIRECTION ( 'NONE',  ( 0.000000000000000000, 0.000000000000000000, -1.000000000000000000 ) ) ;
#683 = EDGE_LOOP ( 'NONE', ( #890, #7071, #4467, #6174 ) ) ;
#684 = FACE_OUTER_BOUND ( 'NONE', #2515, .T. ) ;
#685 = ORIENTED_EDGE ( 'NONE', *, *, #2825, .F. ) ;
#686 = EDGE_CURVE ( 'NONE', #2571, #5499, #2636, .T. ) ;
#687 = ORIENTED_EDGE ( 'NONE', *, *, #5400, .T. ) ;
#688 = CARTESIAN_POINT ( 'NONE',  ( 0.1163376014357000027, -0.2336623985642999890, 0.2500000000000000000 ) ) ;
#689 = AXIS2_PLACEMENT_3D ( 'NONE', #5331, #3695, #2359 ) ;
#690 = DIRECTION ( 'NONE',  ( 0.000000000000000000, 0.000000000000000000, 1.000000000000000000 ) ) ;
#691 = AXIS2_PLACEMENT_3D ( 'NONE', #3549, #4295, #5929 ) ;
#692 = CARTESIAN_POINT ( 'NONE',  ( 1.474999999999999867, 0.3750000000000000000, 2.200000000000000178 ) ) ;
#693 = ORIENTED_EDGE ( 'NONE', *, *, #5234, .T. ) ;
#694 = ORIENTED_EDGE ( 'NONE', *, *, #4375, .F. ) ;
#695 = LINE ( 'NONE', #2365, #4830 ) ;
#696 = FACE_OUTER_BOUND ( 'NONE', #7035, .T. ) ;
#697 = CARTESIAN_POINT ( 'NONE',  ( -0.5540493129827805951, 0.4958725469090010107, 0.3690137403439992525 ) ) ;
#698 = CARTESIAN_POINT ( 'NONE',  ( 2.104999999999999982, -0.9449999999999999512, 2.299937490231324766 ) ) ;
#699 = VECTOR ( 'NONE', #747, 1000.000000000000000 ) ;
#700 = CARTESIAN_POINT ( 'NONE',  ( -1.050029586577359897, -1.299999995623176030, 1.400000148455190052 ) ) ;
#701 = CARTESIAN_POINT ( 'NONE',  ( -0.2461754054898420141, 0.1038245945101746032, 0.3735081097972909880 ) ) ;
#702 = VERTEX_POINT ( 'NONE', #4366 ) ;
#703 = CARTESIAN_POINT ( 'NONE',  ( -2.220000000000000195, 0.6250000000000000000, 2.200000000000000178 ) ) ;
#704 = EDGE_CURVE ( 'NONE', #2249, #7034, #918, .T. ) ;
#705 = DIRECTION ( 'NONE',  ( 0.000000000000000000, 0.000000000000000000, -1.000000000000000000 ) ) ;
#706 = EDGE_LOOP ( 'NONE', ( #5731, #5033, #2010, #4894 ) ) ;
#707 = CIRCLE ( 'NONE', #3564, 0.08000000000000086209 ) ;
#708 = AXIS2_PLACEMENT_3D ( 'NONE', #3857, #2605, #389 ) ;
#709 = DIRECTION ( 'NONE',  ( 1.000000000000000000, 0.000000000000000000, 0.000000000000000000 ) ) ;
#710 = AXIS2_PLACEMENT_3D ( 'NONE', #2449, #6539, #1274 ) ;
#711 = DIRECTION ( 'NONE',  ( 0.000000000000000000, 0.000000000000000000, -1.000000000000000000 ) ) ;
#712 = VECTOR ( 'NONE', #6285, 1000.000000000000000 ) ;
#713 = PLANE ( 'NONE',  #7147 ) ;
#714 = VECTOR ( 'NONE', #2566, 1000.000000000000114 ) ;
#715 = CARTESIAN_POINT ( 'NONE',  ( 0.5538995006676979971, 0.4961004193718570043, 0.3720083874381384659 ) ) ;
#716 = EDGE_LOOP ( 'NONE', ( #169, #108, #3882, #509 ) ) ;
#717 = EDGE_LOOP ( 'NONE', ( #4191, #1348, #6654, #4987, #1566, #2568, #1714, #3953, #4648, #554, #5835, #3161, #2766, #6950, #4122, #5902, #2593, #2862 ) ) ;
#718 = CARTESIAN_POINT ( 'NONE',  ( -1.600000000000000089, -0.2500000000000000000, 2.658830721404000563 ) ) ;
#719 = AXIS2_PLACEMENT_3D ( 'NONE', #2516, #2670, #7240 ) ;
#720 = VECTOR ( 'NONE', #2596, 1000.000000000000000 ) ;
#721 = DIRECTION ( 'NONE',  ( 0.000000000000000000, 0.000000000000000000, -1.000000000000000000 ) ) ;
#722 = LINE ( 'NONE', #2941, #4783 ) ;
#723 = VECTOR ( 'NONE', #4811, 1000.000000000000000 ) ;
#724 = ORIENTED_EDGE ( 'NONE', *, *, #3754, .T. ) ;
#725 = ORIENTED_EDGE ( 'NONE', *, *, #3688, .F. ) ;
#726 = CARTESIAN_POINT ( 'NONE',  ( 0.2461754054898004918, -0.4961754054898009914, 0.3735081097969064623 ) ) ;
#727 = EDGE_CURVE ( 'NONE', #3499, #3198, #4813, .T. ) ;
#728 = VERTEX_POINT ( 'NONE', #3253 ) ;
#729 = FACE_OUTER_BOUND ( 'NONE', #3884, .T. ) ;
#730 = EDGE_CURVE ( 'NONE', #640, #3471, #4427, .T. ) ;
#731 = LINE ( 'NONE', #6804, #6437 ) ;
#732 = EDGE_LOOP ( 'NONE', ( #3917, #2306, #6535, #5399, #5423 ) ) ;
#733 = EDGE_CURVE ( 'NONE', #316, #288, #4949, .T. ) ;
#734 = ORIENTED_EDGE ( 'NONE', *, *, #1189, .F. ) ;
#735 = CARTESIAN_POINT ( 'NONE',  ( 0.6499999999999850342, -0.9000000000000000222, 0.000000000000000000 ) ) ;
#736 = EDGE_CURVE ( 'NONE', #3846, #6717, #7435, .T. ) ;
#737 = CARTESIAN_POINT ( 'NONE',  ( -1.050029586577359897, -1.299999995623176030, 1.400000148455190052 ) ) ;
#738 = DIRECTION ( 'NONE',  ( 1.000000000000000000, 0.000000000000000000, 0.000000000000000000 ) ) ;
#739 = PLANE ( 'NONE',  #5800 ) ;
#740 = CARTESIAN_POINT ( 'NONE',  ( 0.5350000000000000311, -0.6849999999999999423, 0.7500000000000000000 ) ) ;
#741 = CARTESIAN_POINT ( 'NONE',  ( 2.114428444408674945, -0.3342302661617697068, 2.299478871041385375 ) ) ;
#742 = CARTESIAN_POINT ( 'NONE',  ( 0.6261250910721958274, -0.4151544306934251138, 0.2585189754223767289 ) ) ;
#743 = EDGE_LOOP ( 'NONE', ( #6985, #4624, #4970, #746, #6451, #84, #4975, #7685 ) ) ;
#744 = CARTESIAN_POINT ( 'NONE',  ( 0.1163376014357000027, -0.8336623985643000223, 0.2500000000000000000 ) ) ;
#745 = PLANE ( 'NONE',  #3396 ) ;
#746 = ORIENTED_EDGE ( 'NONE', *, *, #6634, .F. ) ;
#747 = DIRECTION ( 'NONE',  ( 0.000000000000000000, 0.000000000000000000, -1.000000000000000000 ) ) ;
#748 = PLANE ( 'NONE',  #2259 ) ;
#749 = CARTESIAN_POINT ( 'NONE',  ( 1.800000000000000044, 0.3499999999999999778, 2.100000000000000089 ) ) ;
#750 = EDGE_LOOP ( 'NONE', ( #1903, #2540, #935, #6838 ) ) ;
#751 = LINE ( 'NONE', #637, #5703 ) ;
#752 = ADVANCED_FACE ( 'NONE', ( #4905 ), #7280, .T. ) ;
#753 = ORIENTED_EDGE ( 'NONE', *, *, #7084, .T. ) ;
#754 = DIRECTION ( 'NONE',  ( -1.000000000000000000, 0.000000000000000000, 0.000000000000000000 ) ) ;
#755 = DIRECTION ( 'NONE',  ( -1.000000000000000000, 0.000000000000000000, 0.000000000000000000 ) ) ;
#756 = CARTESIAN_POINT ( 'NONE',  ( 0.1895068923539629802, -0.7604931076460372807, 0.2500000000000000000 ) ) ;
#757 = VERTEX_POINT ( 'NONE', #4397 ) ;
#758 = ORIENTED_EDGE ( 'NONE', *, *, #6237, .F. ) ;
#759 = DIRECTION ( 'NONE',  ( 1.000000000000000000, 0.000000000000000000, 0.000000000000000000 ) ) ;
#760 = EDGE_CURVE ( 'NONE', #2942, #6002, #3178, .T. ) ;
#761 =( BOUNDED_CURVE ( )  B_SPLINE_CURVE ( 3, ( #701, #4071, #7652, #6475 ),
 .UNSPECIFIED., .F., .F. ) 
 B_SPLINE_CURVE_WITH_KNOTS ( ( 4, 4 ),
 ( 0.04995839572196249939, 1.570796326794895004 ),
 .UNSPECIFIED. ) 
 CURVE ( )  GEOMETRIC_REPRESENTATION_ITEM ( )  RATIONAL_B_SPLINE_CURVE ( ( 1.000000000000000000, 0.8163648751936769532, 0.8163648751936769532, 1.000000000000000000 ) ) 
 REPRESENTATION_ITEM ( '' )  );
#762 = CARTESIAN_POINT ( 'NONE',  ( -1.399999999999999911, -0.2999999999999999889, 2.299999999999999822 ) ) ;
#763 = DIRECTION ( 'NONE',  ( 0.000000000000000000, 0.000000000000000000, -1.000000000000000000 ) ) ;
#764 = ORIENTED_EDGE ( 'NONE', *, *, #2291, .T. ) ;
#765 = ORIENTED_EDGE ( 'NONE', *, *, #5140, .T. ) ;
#766 = DIRECTION ( 'NONE',  ( 0.000000000000000000, -1.000000000000000000, 0.000000000000000000 ) ) ;
#767 = CARTESIAN_POINT ( 'NONE',  ( 0.8499999999848999455, -1.199999999999999956, 1.099999999999999867 ) ) ;
#768 = ADVANCED_FACE ( 'NONE', ( #1935 ), #6790, .T. ) ;
#769 = DIRECTION ( 'NONE',  ( 0.000000000000000000, -1.000000000000000000, 0.000000000000000000 ) ) ;
#770 = EDGE_CURVE ( 'NONE', #6291, #5202, #2675, .T. ) ;
#771 = EDGE_CURVE ( 'NONE', #2829, #4561, #4089, .T. ) ;
#772 = CARTESIAN_POINT ( 'NONE',  ( 0.9965079230508180341, -0.3983003551484455285, 2.100000000000000089 ) ) ;
#773 = AXIS2_PLACEMENT_3D ( 'NONE', #2896, #2309, #5946 ) ;
#774 = DIRECTION ( 'NONE',  ( 0.000000000000000000, 0.000000000000000000, -1.000000000000000000 ) ) ;
#775 = CARTESIAN_POINT ( 'NONE',  ( -0.9509890509853829998, 0.3755476763031260212, 3.403489949619245003 ) ) ;
#776 = ORIENTED_EDGE ( 'NONE', *, *, #1958, .T. ) ;
#777 = CARTESIAN_POINT ( 'NONE',  ( -1.800000000000000044, 0.3499999999999999778, 2.100000000000000089 ) ) ;
#778 = PLANE ( 'NONE',  #2648 ) ;
#779 = VERTEX_POINT ( 'NONE', #5209 ) ;
#780 = EDGE_CURVE ( 'NONE', #5419, #702, #2811, .T. ) ;
#781 = CARTESIAN_POINT ( 'NONE',  ( 2.075000000000000178, 0.000000000000000000, 2.299999999999999822 ) ) ;
#782 = VECTOR ( 'NONE', #4344, 1000.000000000000000 ) ;
#783 = CARTESIAN_POINT ( 'NONE',  ( 1.600000000000000089, 0.2500000000000000000, 2.100000000000000089 ) ) ;
#784 = CARTESIAN_POINT ( 'NONE',  ( 1.525000000000000133, -0.9499999999999999556, 0.5530330085890000635 ) ) ;
#785 = VERTEX_POINT ( 'NONE', #2238 ) ;
#786 = CYLINDRICAL_SURFACE ( 'NONE', #1304, 0.2999999999999999334 ) ;
#787 = ORIENTED_EDGE ( 'NONE', *, *, #760, .F. ) ;
#788 = VECTOR ( 'NONE', #3417, 1000.000000000000000 ) ;
#789 = ORIENTED_EDGE ( 'NONE', *, *, #4921, .F. ) ;
#790 = CARTESIAN_POINT ( 'NONE',  ( -1.550000000000000044, -0.2999999999999999889, 2.299999999999999822 ) ) ;
#791 = VECTOR ( 'NONE', #2405, 1000.000000000000000 ) ;
#792 = PLANE ( 'NONE',  #2823 ) ;
#793 = AXIS2_PLACEMENT_3D ( 'NONE', #602, #4852, #7140 ) ;
#794 = DIRECTION ( 'NONE',  ( 0.04987546680550129091, 0.04987546680538128968, -0.9975093361076269316 ) ) ;
#795 = CYLINDRICAL_SURFACE ( 'NONE', #3788, 0.1000000000000000056 ) ;
#796 = ORIENTED_EDGE ( 'NONE', *, *, #2732, .T. ) ;
#797 = ORIENTED_EDGE ( 'NONE', *, *, #5104, .T. ) ;
#798 = VECTOR ( 'NONE', #2435, 1000.000000000000000 ) ;
#799 = LINE ( 'NONE', #4321, #4799 ) ;
#800 = AXIS2_PLACEMENT_3D ( 'NONE', #7142, #1288, #3009 ) ;
#801 = LINE ( 'NONE', #3172, #1834 ) ;
#802 = VERTEX_POINT ( 'NONE', #1656 ) ;
#803 = ORIENTED_EDGE ( 'NONE', *, *, #5775, .F. ) ;
#804 = DIRECTION ( 'NONE',  ( 0.000000000000000000, -1.000000000000000000, 0.000000000000000000 ) ) ;
#805 = DIRECTION ( 'NONE',  ( 0.000000000000000000, -1.000000000000000000, 0.000000000000000000 ) ) ;
#806 = CARTESIAN_POINT ( 'NONE',  ( -2.100000000000000089, 0.4000000000000000222, 0.2500000000000000000 ) ) ;
#807 = DIRECTION ( 'NONE',  ( 0.000000000000000000, 0.000000000000000000, -1.000000000000000000 ) ) ;
#808 = CIRCLE ( 'NONE', #2795, 0.1000000000000000472 ) ;
#809 = DIRECTION ( 'NONE',  ( 2.168404344971003188E-14, -2.323290369611789187E-15, 1.000000000000000000 ) ) ;
#810 = LINE ( 'NONE', #740, #659 ) ;
#811 = DIRECTION ( 'NONE',  ( 0.000000000000000000, 0.000000000000000000, 1.000000000000000000 ) ) ;
#812 = CARTESIAN_POINT ( 'NONE',  ( -2.100000000000000089, -0.9449999999999999512, 1.500000000000000000 ) ) ;
#813 = VECTOR ( 'NONE', #85, 1000.000000000000000 ) ;
#814 = VERTEX_POINT ( 'NONE', #4629 ) ;
#815 = CARTESIAN_POINT ( 'NONE',  ( 1.925000000000000044, -0.9000000000000000222, 2.100000000000000089 ) ) ;
#816 = LINE ( 'NONE', #2644, #6888 ) ;
#817 = VERTEX_POINT ( 'NONE', #1073 ) ;
#818 = EDGE_CURVE ( 'NONE', #323, #6167, #7509, .T. ) ;
#819 = DIRECTION ( 'NONE',  ( 1.000000000000000000, 0.000000000000000000, 0.000000000000000000 ) ) ;
#820 = EDGE_CURVE ( 'NONE', #663, #5834, #79, .T. ) ;
#821 = ORIENTED_EDGE ( 'NONE', *, *, #904, .F. ) ;
#822 = DIRECTION ( 'NONE',  ( 0.000000000000000000, 0.000000000000000000, 1.000000000000000000 ) ) ;
#823 = VERTEX_POINT ( 'NONE', #2163 ) ;
#824 = VECTOR ( 'NONE', #532, 1000.000000000000000 ) ;
#825 = DIRECTION ( 'NONE',  ( 0.000000000000000000, -1.000000000000000000, 0.000000000000000000 ) ) ;
#826 = VERTEX_POINT ( 'NONE', #1618 ) ;
#827 = VECTOR ( 'NONE', #3087, 1000.000000000000000 ) ;
#828 = ORIENTED_EDGE ( 'NONE', *, *, #1375, .T. ) ;
#829 = ADVANCED_FACE ( 'NONE', ( #1585 ), #3977, .F. ) ;
#830 = VECTOR ( 'NONE', #5230, 1000.000000000000000 ) ;
#831 = CARTESIAN_POINT ( 'NONE',  ( 1.899999999999999911, -0.09682458365518520349, 2.299999999999999822 ) ) ;
#832 = VECTOR ( 'NONE', #2107, 1000.000000000000000 ) ;
#833 = LINE ( 'NONE', #7375, #4035 ) ;
#834 = ORIENTED_EDGE ( 'NONE', *, *, #6641, .T. ) ;
#835 = ORIENTED_EDGE ( 'NONE', *, *, #1862, .T. ) ;
#836 = CARTESIAN_POINT ( 'NONE',  ( 1.474999999999999867, 0.4749999999999999778, 2.100000000000000089 ) ) ;
#837 = AXIS2_PLACEMENT_3D ( 'NONE', #3819, #811, #4368 ) ;
#838 = CARTESIAN_POINT ( 'NONE',  ( -0.8500000000151000101, -1.199999999999999956, 1.399999999999999911 ) ) ;
#839 = TOROIDAL_SURFACE ( 'NONE', #481, 0.07999999999999750366, 0.06999999999999999278 ) ;
#840 = CARTESIAN_POINT ( 'NONE',  ( -1.275000000000000133, -0.5000000000000000000, 0.2500000000000000000 ) ) ;
#841 = VERTEX_POINT ( 'NONE', #1032 ) ;
#842 = ORIENTED_EDGE ( 'NONE', *, *, #4357, .T. ) ;
#843 = DIRECTION ( 'NONE',  ( 1.000000000000000000, 0.000000000000000000, 0.000000000000000000 ) ) ;
#844 = DIRECTION ( 'NONE',  ( 0.000000000000000000, 0.000000000000000000, 1.000000000000000000 ) ) ;
#845 = ADVANCED_FACE ( 'NONE', ( #5242 ), #6952, .T. ) ;
#846 = FACE_OUTER_BOUND ( 'NONE', #44, .T. ) ;
#847 = DIRECTION ( 'NONE',  ( 0.000000000000000000, -1.000000000000000000, 0.000000000000000000 ) ) ;
#848 = DIRECTION ( 'NONE',  ( 1.000000000000000000, 0.000000000000000000, 0.000000000000000000 ) ) ;
#849 = DIRECTION ( 'NONE',  ( -1.000000000000000000, 0.000000000000000000, 0.000000000000000000 ) ) ;
#850 = DIRECTION ( 'NONE',  ( 0.000000000000000000, 0.000000000000000000, 1.000000000000000000 ) ) ;
#851 = CARTESIAN_POINT ( 'NONE',  ( 0.5540493129827800400, -0.4958718802752545285, 0.3690137403439990305 ) ) ;
#852 = EDGE_LOOP ( 'NONE', ( #159, #6383, #923, #3984, #6655, #6024 ) ) ;
#853 = DIRECTION ( 'NONE',  ( 0.000000000000000000, 1.000000000000000000, 0.000000000000000000 ) ) ;
#854 = CARTESIAN_POINT ( 'NONE',  ( -2.100000000000000089, 0.4000000000000000222, 1.800000000000000044 ) ) ;
#855 = VERTEX_POINT ( 'NONE', #1130 ) ;
#856 = LINE ( 'NONE', #7333, #2639 ) ;
#857 = VERTEX_POINT ( 'NONE', #444 ) ;
#858 = DIRECTION ( 'NONE',  ( 0.000000000000000000, 0.000000000000000000, -1.000000000000000000 ) ) ;
#859 = ORIENTED_EDGE ( 'NONE', *, *, #3976, .F. ) ;
#860 = CARTESIAN_POINT ( 'NONE',  ( -0.6497454014109926845, -0.3705732180342644622, 0.2500690200451409217 ) ) ;
#861 = VERTEX_POINT ( 'NONE', #405 ) ;
#862 = ORIENTED_EDGE ( 'NONE', *, *, #5040, .T. ) ;
#863 = EDGE_CURVE ( 'NONE', #6975, #2694, #5306, .T. ) ;
#864 = CYLINDRICAL_SURFACE ( 'NONE', #5898, 0.2000000000000000944 ) ;
#865 = EDGE_CURVE ( 'NONE', #2265, #5477, #5817, .T. ) ;
#866 = DIRECTION ( 'NONE',  ( -0.9993908270190960952, 0.000000000000000000, -0.03489949670249306579 ) ) ;
#867 = EDGE_CURVE ( 'NONE', #3128, #4664, #1050, .T. ) ;
#868 = ORIENTED_EDGE ( 'NONE', *, *, #4232, .T. ) ;
#869 = ORIENTED_EDGE ( 'NONE', *, *, #7540, .T. ) ;
#870 = DIRECTION ( 'NONE',  ( 0.000000000000000000, 0.000000000000000000, -1.000000000000000000 ) ) ;
#871 = CARTESIAN_POINT ( 'NONE',  ( 2.095000000000000195, 0.000000000000000000, 2.299999999999999822 ) ) ;
#872 = ORIENTED_EDGE ( 'NONE', *, *, #3732, .F. ) ;
#873 = CARTESIAN_POINT ( 'NONE',  ( 0.7500000000000000000, -0.08500000000000000611, 0.7500000000000000000 ) ) ;
#874 = ORIENTED_EDGE ( 'NONE', *, *, #1488, .T. ) ;
#875 = ORIENTED_EDGE ( 'NONE', *, *, #6363, .F. ) ;
#876 = DIRECTION ( 'NONE',  ( 0.000000000000000000, -1.000000000000000000, 0.000000000000000000 ) ) ;
#877 = CARTESIAN_POINT ( 'NONE',  ( 0.8965073701281349727, -0.4982544935071779868, 2.100000000000024958 ) ) ;
#878 = CARTESIAN_POINT ( 'NONE',  ( 0.8510499682817009859, -0.3755476762961005299, 3.399999999999999911 ) ) ;
#879 = CARTESIAN_POINT ( 'NONE',  ( 1.474999999999999867, 0.3750000000000000000, 2.299999999999999822 ) ) ;
#880 = CARTESIAN_POINT ( 'NONE',  ( -0.5538245945101090140, 0.7038245945101530010, 0.3735081097978224518 ) ) ;
#881 = CLOSED_SHELL ( 'NONE', ( #4501, #3017, #4545, #5867, #3537, #3059, #6011, #6247, #539, #5330, #6073, #4065, #2779, #5244, #5592, #981, #2191, #2854, #3981, #4787, #2876, #1588, #5548, #5668, #5305, #4965, #598, #7396, #2362, #1675, #5855, #6847, #638, #5587, #1812, #3805, #1811, #7166, #2918, #6393, #7581, #3169, #5352, #4347, #6162, #1247, #5707, #4483, #3299, #1719, #2971, #5003, #4396, #5084, #1156, #3920, #1431, #4641, #7635, #547, #5721, #5273, #5207, #5447, #679, #2103, #181, #7452, #4896, #7448, #5925, #7440, #2139, #6519, #7447, #1562, #338, #1485, #7384, #4683, #404, #3767, #1821, #4680, #7211, #3682, #4242, #6632, #1058, #5500, #2093, #3292, #5566, #3353, #5367, #5965, #3956, #6018, #7541, #4972, #4871, #6348, #4816, #6917, #3234, #1204, #2530, #4543, #4110, #7113, #7134, #3873, #6221, #435, #7397, #7212, #2096, #3913, #4592, #362, #6115, #3197, #1406, #4387, #4734, #5711, #2487, #5254, #6636, #5537, #665, #3544, #2468 ) ) ;
#882 = CARTESIAN_POINT ( 'NONE',  ( 2.100000000000000089, -0.4000000000000000222, 2.100000000000000089 ) ) ;
#883 = DIRECTION ( 'NONE',  ( 0.04987546680538118560, -0.04987546680550418443, -0.9975093361076268206 ) ) ;
#884 = VERTEX_POINT ( 'NONE', #4576 ) ;
#885 = CARTESIAN_POINT ( 'NONE',  ( 2.220000000000000195, 0.8000000000000000444, 2.100000000000000089 ) ) ;
#886 = DIRECTION ( 'NONE',  ( 1.000000000000000000, 0.000000000000000000, 0.000000000000000000 ) ) ;
#887 = ORIENTED_EDGE ( 'NONE', *, *, #5715, .T. ) ;
#888 = AXIS2_PLACEMENT_3D ( 'NONE', #7108, #4705, #1801 ) ;
#889 = FACE_OUTER_BOUND ( 'NONE', #3833, .T. ) ;
#890 = ORIENTED_EDGE ( 'NONE', *, *, #3871, .F. ) ;
#892 = EDGE_CURVE ( 'NONE', #4117, #4482, #5542, .T. ) ;
#891 = FACE_OUTER_BOUND ( 'NONE', #941, .T. ) ;
#893 = VERTEX_POINT ( 'NONE', #4694 ) ;
#894 =( NAMED_UNIT ( * ) SI_UNIT ( $, .STERADIAN. ) SOLID_ANGLE_UNIT ( ) );
#895 = ORIENTED_EDGE ( 'NONE', *, *, #3239, .T. ) ;
#896 = ORIENTED_EDGE ( 'NONE', *, *, #3875, .F. ) ;
#897 = EDGE_CURVE ( 'NONE', #3058, #2571, #7290, .T. ) ;
#898 = CARTESIAN_POINT ( 'NONE',  ( -1.929599999999999982, 0.2999999999798349526, 2.399999999999999911 ) ) ;
#899 = VECTOR ( 'NONE', #4367, 1000.000000000000000 ) ;
#900 = ORIENTED_EDGE ( 'NONE', *, *, #7586, .T. ) ;
#901 = ORIENTED_EDGE ( 'NONE', *, *, #4450, .T. ) ;
#902 = CARTESIAN_POINT ( 'NONE',  ( 1.500000000000000000, 0.3499999999999999778, 2.299999999999999822 ) ) ;
#903 = EDGE_CURVE ( 'NONE', #1969, #3358, #576, .T. ) ;
#904 = EDGE_CURVE ( 'NONE', #6883, #6605, #1560, .T. ) ;
#905 = AXIS2_PLACEMENT_3D ( 'NONE', #4034, #2855, #5742 ) ;
#906 = VECTOR ( 'NONE', #1532, 1000.000000000000000 ) ;
#907 = CARTESIAN_POINT ( 'NONE',  ( -0.1163376014357000027, 0.000000000000000000, 0.2500000000000000000 ) ) ;
#908 = AXIS2_PLACEMENT_3D ( 'NONE', #2752, #6297, #915 ) ;
#909 = VERTEX_POINT ( 'NONE', #2927 ) ;
#910 = EDGE_CURVE ( 'NONE', #1044, #6027, #485, .T. ) ;
#911 = CARTESIAN_POINT ( 'NONE',  ( -1.275000000000000133, 0.5000000000000000000, 0.5000000000000000000 ) ) ;
#912 = ORIENTED_EDGE ( 'NONE', *, *, #2240, .F. ) ;
#913 = ORIENTED_EDGE ( 'NONE', *, *, #1982, .T. ) ;
#914 = CARTESIAN_POINT ( 'NONE',  ( 1.850000000000000089, 0.2999999999999999889, 2.399999999999999911 ) ) ;
#915 = DIRECTION ( 'NONE',  ( 1.000000000000000000, 0.000000000000000000, 0.000000000000000000 ) ) ;
#916 = CARTESIAN_POINT ( 'NONE',  ( -0.5546126700666768050, 0.7050830542502281029, 0.3577465986660515740 ) ) ;
#917 = EDGE_CURVE ( 'NONE', #3519, #3188, #6881, .T. ) ;
#918 = LINE ( 'NONE', #1383, #3561 ) ;
#919 = FACE_OUTER_BOUND ( 'NONE', #5791, .T. ) ;
#920 = LINE ( 'NONE', #2755, #3141 ) ;
#921 = DIRECTION ( 'NONE',  ( 0.000000000000000000, 0.000000000000000000, 1.000000000000000000 ) ) ;
#922 = DIRECTION ( 'NONE',  ( 1.000000000000000000, 0.000000000000000000, 0.000000000000000000 ) ) ;
#923 = ORIENTED_EDGE ( 'NONE', *, *, #1123, .F. ) ;
#924 = DIRECTION ( 'NONE',  ( 0.000000000000000000, -1.000000000000000000, 0.000000000000000000 ) ) ;
#925 = CARTESIAN_POINT ( 'NONE',  ( 0.5927737790424740805, -0.7472399778673419757, 0.2818393970400354109 ) ) ;
#926 = CARTESIAN_POINT ( 'NONE',  ( -0.9509890509857918950, 0.3755476763002689733, 3.403489949607775067 ) ) ;
#927 = ORIENTED_EDGE ( 'NONE', *, *, #1205, .T. ) ;
#928 = AXIS2_PLACEMENT_3D ( 'NONE', #2602, #91, #848 ) ;
#929 = CARTESIAN_POINT ( 'NONE',  ( -1.541322326374999774, 0.3800000000000000044, 2.330000000000000071 ) ) ;
#930 = COLOUR_RGB ( '',0.7921568627450980005, 0.8196078431372548767, 0.9333333333333333481 ) ;
#931 = DIRECTION ( 'NONE',  ( 1.000000000000000000, 0.000000000000000000, 0.000000000000000000 ) ) ;
#932 = VERTEX_POINT ( 'NONE', #1603 ) ;
#933 = FILL_AREA_STYLE ('',( #2617 ) ) ;
#934 = ORIENTED_EDGE ( 'NONE', *, *, #1963, .F. ) ;
#935 = ORIENTED_EDGE ( 'NONE', *, *, #7395, .T. ) ;
#936 = CARTESIAN_POINT ( 'NONE',  ( -1.896745757718908632, 0.3798000000143352817, 2.400000000000003020 ) ) ;
#937 = VECTOR ( 'NONE', #3973, 1000.000000000000000 ) ;
#938 = CARTESIAN_POINT ( 'NONE',  ( -2.157500000293124831, 0.3822975190298710246, 2.495600000000000041 ) ) ;
#939 = DIRECTION ( 'NONE',  ( -1.000000000000000000, 0.000000000000000000, 0.000000000000000000 ) ) ;
#940 = AXIS2_PLACEMENT_3D ( 'NONE', #4602, #1737, #5916 ) ;
#941 = EDGE_LOOP ( 'NONE', ( #1081, #6419, #4879, #3929 ) ) ;
#942 = ORIENTED_EDGE ( 'NONE', *, *, #6591, .F. ) ;
#943 = CARTESIAN_POINT ( 'NONE',  ( 2.100000000000000089, 0.4000000000000000222, 0.5000000000000000000 ) ) ;
#944 = VECTOR ( 'NONE', #1527, 1000.000000000000000 ) ;
#945 = AXIS2_PLACEMENT_3D ( 'NONE', #1607, #6793, #1448 ) ;
#946 = FACE_OUTER_BOUND ( 'NONE', #4992, .T. ) ;
#947 = ADVANCED_FACE ( 'NONE', ( #6355 ), #7097, .T. ) ;
#948 = ORIENTED_EDGE ( 'NONE', *, *, #6618, .T. ) ;
#949 = VECTOR ( 'NONE', #2011, 1000.000000000000000 ) ;
#950 = DIRECTION ( 'NONE',  ( 1.000000000000000000, 0.000000000000000000, 0.000000000000000000 ) ) ;
#951 = VECTOR ( 'NONE', #6096, 1000.000000000000000 ) ;
#952 = ORIENTED_EDGE ( 'NONE', *, *, #2536, .F. ) ;
#953 = ORIENTED_EDGE ( 'NONE', *, *, #4356, .F. ) ;
#954 = FACE_OUTER_BOUND ( 'NONE', #5536, .T. ) ;
#955 = CARTESIAN_POINT ( 'NONE',  ( -0.2400000000000000189, 0.9000000000000000222, 0.2500000000000000000 ) ) ;
#956 = CARTESIAN_POINT ( 'NONE',  ( 1.800000000000000044, 0.3499999999999999778, 2.100000000000000089 ) ) ;
#957 = EDGE_CURVE ( 'NONE', #5954, #4336, #1012, .T. ) ;
#958 = VECTOR ( 'NONE', #4433, 1000.000000000000000 ) ;
#959 = LINE ( 'NONE', #2164, #3050 ) ;
#960 = AXIS2_PLACEMENT_3D ( 'NONE', #379, #1612, #2748 ) ;
#961 = LINE ( 'NONE', #4516, #5261 ) ;
#962 = EDGE_CURVE ( 'NONE', #65, #6795, #6986, .T. ) ;
#963 = EDGE_CURVE ( 'NONE', #7194, #1880, #5262, .T. ) ;
#964 = ADVANCED_FACE ( 'NONE', ( #4031 ), #2255, .F. ) ;
#965 = LINE ( 'NONE', #7003, #1090 ) ;
#966 = CARTESIAN_POINT ( 'NONE',  ( 0.5748020454931663803, -0.4723740349486904577, 0.3047917905555173612 ) ) ;
#967 = EDGE_LOOP ( 'NONE', ( #5972, #3869, #2606, #3333 ) ) ;
#968 = LINE ( 'NONE', #2246, #2577 ) ;
#969 = DIRECTION ( 'NONE',  ( -1.000000000000000000, 0.000000000000000000, 0.000000000000000000 ) ) ;
#971 = VECTOR ( 'NONE', #3883, 1000.000000000000000 ) ;
#970 = CARTESIAN_POINT ( 'NONE',  ( -1.875000000000000000, -0.9499999999999999556, 0.1749999999999999889 ) ) ;
#972 = VERTEX_POINT ( 'NONE', #3717 ) ;
#973 = CARTESIAN_POINT ( 'NONE',  ( 0.5540493129827800400, -0.4958718802752545285, 0.3690137403439990305 ) ) ;
#974 = DIRECTION ( 'NONE',  ( 0.000000000000000000, 1.000000000000000000, 0.000000000000000000 ) ) ;
#975 = VERTEX_POINT ( 'NONE', #6006 ) ;
#976 = VERTEX_POINT ( 'NONE', #1284 ) ;
#977 = ORIENTED_EDGE ( 'NONE', *, *, #6780, .T. ) ;
#978 = CARTESIAN_POINT ( 'NONE',  ( 1.050000000000000044, -0.4000000000000000222, 2.495600000000000041 ) ) ;
#979 = FACE_OUTER_BOUND ( 'NONE', #6056, .T. ) ;
#980 = CARTESIAN_POINT ( 'NONE',  ( 0.6499135366580358619, 0.3691693836699234677, 0.2500232564856164075 ) ) ;
#981 = ADVANCED_FACE ( 'NONE', ( #6552 ), #5424, .F. ) ;
#982 = ORIENTED_EDGE ( 'NONE', *, *, #403, .T. ) ;
#983 = ORIENTED_EDGE ( 'NONE', *, *, #396, .T. ) ;
#984 = CARTESIAN_POINT ( 'NONE',  ( 0.6500000000000000222, 0.3499999999999999778, 0.000000000000000000 ) ) ;
#985 = CARTESIAN_POINT ( 'NONE',  ( -2.299999999999999822, -0.3750000000000000000, 2.170710678118999759 ) ) ;
#986 = VERTEX_POINT ( 'NONE', #4765 ) ;
#987 = DIRECTION ( 'NONE',  ( -0.000000000000000000, 1.000000000000000000, 0.000000000000000000 ) ) ;
#988 = EDGE_CURVE ( 'NONE', #2597, #6862, #3119, .T. ) ;
#989 = ORIENTED_EDGE ( 'NONE', *, *, #4113, .F. ) ;
#990 = ORIENTED_EDGE ( 'NONE', *, *, #7107, .T. ) ;
#991 = CARTESIAN_POINT ( 'NONE',  ( -0.5350000000000000311, -0.08500000000000000611, 0.7500000000000000000 ) ) ;
#992 = PLANE ( 'NONE',  #3912 ) ;
#993 = CARTESIAN_POINT ( 'NONE',  ( 0.000000000000000000, 0.3499999999999999778, 0.000000000000000000 ) ) ;
#994 = FACE_OUTER_BOUND ( 'NONE', #6714, .T. ) ;
#995 = DIRECTION ( 'NONE',  ( 1.000000000000000000, 0.000000000000000000, 0.000000000000000000 ) ) ;
#996 = CARTESIAN_POINT ( 'NONE',  ( 0.8499999999848999455, -1.299999999995513855, 1.399999999999999911 ) ) ;
#997 = CARTESIAN_POINT ( 'NONE',  ( -1.275000000000000133, 0.3499999999999999778, 0.2500000000000000000 ) ) ;
#998 = ORIENTED_EDGE ( 'NONE', *, *, #2205, .F. ) ;
#999 = LINE ( 'NONE', #391, #1325 ) ;
#1000 = CARTESIAN_POINT ( 'NONE',  ( -1.925000000000000044, -0.4000000000000000222, 2.100000000000000089 ) ) ;
#1001 = DIRECTION ( 'NONE',  ( -1.000000000000000000, 0.000000000000000000, 0.000000000000000000 ) ) ;
#1002 = ORIENTED_EDGE ( 'NONE', *, *, #636, .F. ) ;
#1003 = EDGE_CURVE ( 'NONE', #6291, #2070, #7289, .T. ) ;
#1004 = EDGE_CURVE ( 'NONE', #2311, #986, #4914, .T. ) ;
#1005 = CARTESIAN_POINT ( 'NONE',  ( -2.194999999999999840, -0.2750000000000000222, 2.100000000000000089 ) ) ;
#1006 = CARTESIAN_POINT ( 'NONE',  ( -0.8500000000151003432, -1.299999999997755840, 1.199999526405469252 ) ) ;
#1007 = EDGE_CURVE ( 'NONE', #779, #4151, #7220, .T. ) ;
#1008 = ORIENTED_EDGE ( 'NONE', *, *, #5347, .F. ) ;
#1009 =( NAMED_UNIT ( * ) SI_UNIT ( $, .STERADIAN. ) SOLID_ANGLE_UNIT ( ) );
#1010 = ORIENTED_EDGE ( 'NONE', *, *, #3152, .T. ) ;
#1011 = VERTEX_POINT ( 'NONE', #90 ) ;
#1012 = LINE ( 'NONE', #1677, #2183 ) ;
#1013 = B_SPLINE_CURVE_WITH_KNOTS ( 'NONE', 3,
 ( #5115, #6441, #7492, #3361 ),
 .UNSPECIFIED., .F., .F.,
 ( 4, 4 ),
 ( 0.000000000000000000, 1.000000000000000000 ),
 .UNSPECIFIED. ) ;
#1014 = CARTESIAN_POINT ( 'NONE',  ( -1.849999999962891106, 0.4210050506338834375, 2.400000000000002132 ) ) ;
#1015 = CARTESIAN_POINT ( 'NONE',  ( -0.8500000000151000101, -0.9000000000000000222, 1.699999999999999956 ) ) ;
#1016 = DIRECTION ( 'NONE',  ( 0.000000000000000000, 1.000000000000000000, 0.000000000000000000 ) ) ;
#1017 = AXIS2_PLACEMENT_3D ( 'NONE', #7022, #5895, #5384 ) ;
#1018 = VERTEX_POINT ( 'NONE', #5346 ) ;
#1019 = DIRECTION ( 'NONE',  ( 0.000000000000000000, 0.000000000000000000, 1.000000000000000000 ) ) ;
#1020 = AXIS2_PLACEMENT_3D ( 'NONE', #2045, #1468, #3855 ) ;
#1021 = CARTESIAN_POINT ( 'NONE',  ( -2.299999999999999822, -0.9250000000000000444, 2.100000000000000089 ) ) ;
#1022 = ORIENTED_EDGE ( 'NONE', *, *, #4115, .T. ) ;
#1023 = AXIS2_PLACEMENT_3D ( 'NONE', #1980, #2608, #4339 ) ;
#1024 = CARTESIAN_POINT ( 'NONE',  ( 0.000000000000000000, -0.8000000000000000444, 0.5000000000000000000 ) ) ;
#1025 = EDGE_LOOP ( 'NONE', ( #1370, #3945, #1888, #3612, #4317, #953 ) ) ;
#1026 = EDGE_LOOP ( 'NONE', ( #3105, #331, #6236, #6865, #3245, #1102 ) ) ;
#1027 = CARTESIAN_POINT ( 'NONE',  ( 0.5540493129827799290, 0.4958725469090002336, 0.3690137403439989749 ) ) ;
#1028 = VECTOR ( 'NONE', #7694, 1000.000000000000000 ) ;
#1029 = DIRECTION ( 'NONE',  ( 0.000000000000000000, -1.000000000000000000, 0.000000000000000000 ) ) ;
#1030 = DIRECTION ( 'NONE',  ( 0.000000000000000000, 1.000000000000000000, 0.000000000000000000 ) ) ;
#1031 = AXIS2_PLACEMENT_3D ( 'NONE', #2600, #4393, #2518 ) ;
#1032 = CARTESIAN_POINT ( 'NONE',  ( 1.474999999999999867, -0.3750000000000000000, 2.100000000000000089 ) ) ;
#1033 = DIRECTION ( 'NONE',  ( 1.000000000000000000, 0.000000000000000000, 0.000000000000000000 ) ) ;
#1034 = CARTESIAN_POINT ( 'NONE',  ( -1.949999999999999956, -0.9000000000000000222, 0.6118033988749899121 ) ) ;
#1035 = FACE_OUTER_BOUND ( 'NONE', #3232, .T. ) ;
#1036 = ORIENTED_EDGE ( 'NONE', *, *, #686, .F. ) ;
#1037 = DIRECTION ( 'NONE',  ( -3.252606517456511724E-15, -1.000000000000000000, 0.000000000000000000 ) ) ;
#1038 = CARTESIAN_POINT ( 'NONE',  ( -0.5538245945101749612, -0.1038245945101579915, 0.3735081097972904884 ) ) ;
#1039 = CARTESIAN_POINT ( 'NONE',  ( 0.6499999999999869216, 0.3499999999999999778, 0.2500000000000000000 ) ) ;
#1040 = VERTEX_POINT ( 'NONE', #5381 ) ;
#1041 = AXIS2_PLACEMENT_3D ( 'NONE', #2868, #1848, #4714 ) ;
#1042 = DIRECTION ( 'NONE',  ( 1.000000000000000000, 0.000000000000000000, 0.000000000000000000 ) ) ;
#1043 = CARTESIAN_POINT ( 'NONE',  ( 0.9499999999999999556, 0.5000000000000000000, 2.100000000000000089 ) ) ;
#1044 = VERTEX_POINT ( 'NONE', #5502 ) ;
#1046 = EDGE_CURVE ( 'NONE', #140, #1340, #6710, .T. ) ;
#1045 = FACE_OUTER_BOUND ( 'NONE', #3792, .T. ) ;
#1047 = ORIENTED_EDGE ( 'NONE', *, *, #4216, .T. ) ;
#1048 = AXIS2_PLACEMENT_3D ( 'NONE', #3630, #350, #2718 ) ;
#1049 = ORIENTED_EDGE ( 'NONE', *, *, #6078, .T. ) ;
#1050 = LINE ( 'NONE', #6396, #3303 ) ;
#1051 = VECTOR ( 'NONE', #2968, 1000.000000000000000 ) ;
#1052 = ADVANCED_FACE ( 'NONE', ( #4343 ), #7138, .T. ) ;
#1053 = LINE ( 'NONE', #1604, #2886 ) ;
#1054 = LINE ( 'NONE', #3360, #425 ) ;
#1055 = CARTESIAN_POINT ( 'NONE',  ( -1.600000000000000089, 0.3499999999999999778, 2.299999999999999822 ) ) ;
#1056 = DIRECTION ( 'NONE',  ( 0.000000000000000000, -1.000000000000000000, 0.000000000000000000 ) ) ;
#1057 = EDGE_CURVE ( 'NONE', #5117, #7, #6094, .T. ) ;
#1058 = ADVANCED_FACE ( 'NONE', ( #163 ), #4178, .F. ) ;
#1059 = EDGE_CURVE ( 'NONE', #6795, #5599, #3566, .T. ) ;
#1060 = VECTOR ( 'NONE', #6434, 1000.000000000000000 ) ;
#1061 = VERTEX_POINT ( 'NONE', #599 ) ;
#1062 = DIRECTION ( 'NONE',  ( 0.000000000000000000, 0.000000000000000000, 1.000000000000000000 ) ) ;
#1063 = LINE ( 'NONE', #5232, #4514 ) ;
#1064 = AXIS2_PLACEMENT_3D ( 'NONE', #3046, #1249, #709 ) ;
#1065 = EDGE_LOOP ( 'NONE', ( #3433, #5145, #5106, #7377 ) ) ;
#1066 = ORIENTED_EDGE ( 'NONE', *, *, #3426, .T. ) ;
#1067 = ORIENTED_EDGE ( 'NONE', *, *, #3440, .F. ) ;
#1068 = AXIS2_PLACEMENT_3D ( 'NONE', #4625, #5204, #2791 ) ;
#1069 = CARTESIAN_POINT ( 'NONE',  ( 0.000000000000000000, 0.4000000000000000222, 0.2500000000000000000 ) ) ;
#1070 = FACE_OUTER_BOUND ( 'NONE', #4348, .T. ) ;
#1071 = CARTESIAN_POINT ( 'NONE',  ( -1.032310988842999988, 0.4755324461018599624, 3.401745224023254632 ) ) ;
#1072 = VECTOR ( 'NONE', #373, 1000.000000000000000 ) ;
#1073 = CARTESIAN_POINT ( 'NONE',  ( 0.8499999999848999455, -0.9000000000000000222, 1.699999999999999956 ) ) ;
#1074 = CARTESIAN_POINT ( 'NONE',  ( 0.7500000000000000000, 0.5150000000000000133, 0.7500000000000000000 ) ) ;
#1075 = AXIS2_PLACEMENT_3D ( 'NONE', #6382, #2172, #5804 ) ;
#1076 = AXIS2_PLACEMENT_3D ( 'NONE', #3506, #5375, #1162 ) ;
#1077 = AXIS2_PLACEMENT_3D ( 'NONE', #5488, #4947, #1464 ) ;
#1078 = FACE_OUTER_BOUND ( 'NONE', #3746, .T. ) ;
#1079 = LINE ( 'NONE', #5247, #5676 ) ;
#1080 = EDGE_CURVE ( 'NONE', #5081, #6817, #2375, .T. ) ;
#1081 = ORIENTED_EDGE ( 'NONE', *, *, #4154, .F. ) ;
#1082 = CARTESIAN_POINT ( 'NONE',  ( 0.000000000000000000, 0.000000000000000000, 2.399999999999999911 ) ) ;
#1083 = CARTESIAN_POINT ( 'NONE',  ( 2.112253379640000261, 0.7038245945102190593, 0.3735081097965274877 ) ) ;
#1084 = CARTESIAN_POINT ( 'NONE',  ( -0.6499999999999801492, -0.3663376014356999888, 0.2500000000000000000 ) ) ;
#1085 = ORIENTED_EDGE ( 'NONE', *, *, #5443, .F. ) ;
#1086 = AXIS2_PLACEMENT_3D ( 'NONE', #1661, #3305, #4054 ) ;
#1087 = LINE ( 'NONE', #3468, #2310 ) ;
#1088 = CARTESIAN_POINT ( 'NONE',  ( -2.130166012614487681, -0.3519044689067225562, 2.297924946373087085 ) ) ;
#1089 = DIRECTION ( 'NONE',  ( -1.000000000000000000, 0.000000000000000000, 0.000000000000000000 ) ) ;
#1090 = VECTOR ( 'NONE', #3345, 1000.000000000000000 ) ;
#1091 = EDGE_LOOP ( 'NONE', ( #582, #3003, #725, #887 ) ) ;
#1092 = CARTESIAN_POINT ( 'NONE',  ( 0.8499999999848999455, -1.299999999997756950, 1.600000473594548778 ) ) ;
#1093 = EDGE_CURVE ( 'NONE', #3097, #7495, #1791, .T. ) ;
#1094 = ORIENTED_EDGE ( 'NONE', *, *, #2024, .F. ) ;
#1095 = DIRECTION ( 'NONE',  ( 3.643524251838465300E-15, 1.000000000000000000, 5.420985188938160716E-15 ) ) ;
#1096 = LINE ( 'NONE', #4107, #4023 ) ;
#1097 = CARTESIAN_POINT ( 'NONE',  ( 1.550000000000000044, -0.2999999999999999889, 2.399999999999999911 ) ) ;
#1098 = FACE_OUTER_BOUND ( 'NONE', #1601, .T. ) ;
#1099 = PLANE ( 'NONE',  #2193 ) ;
#1100 = CARTESIAN_POINT ( 'NONE',  ( 1.949999999999999956, -0.4000000000000000222, 0.2500000000000000000 ) ) ;
#1101 = ADVANCED_FACE ( 'NONE', ( #3599 ), #4807, .F. ) ;
#1102 = ORIENTED_EDGE ( 'NONE', *, *, #5373, .T. ) ;
#1103 = CARTESIAN_POINT ( 'NONE',  ( 0.000000000000000000, -0.8336623985643000223, 0.2500000000000000000 ) ) ;
#1104 = EDGE_CURVE ( 'NONE', #1535, #855, #6048, .T. ) ;
#1105 = EDGE_CURVE ( 'NONE', #1397, #4752, #7255, .T. ) ;
#1106 = EDGE_CURVE ( 'NONE', #7521, #3471, #5431, .T. ) ;
#1107 = CARTESIAN_POINT ( 'NONE',  ( 2.120000000000000107, 0.8000000000000000444, 1.932869999999999866 ) ) ;
#1108 = ORIENTED_EDGE ( 'NONE', *, *, #1531, .T. ) ;
#1109 = ORIENTED_EDGE ( 'NONE', *, *, #2591, .T. ) ;
#1110 = EDGE_CURVE ( 'NONE', #3259, #1866, #3310, .T. ) ;
#1111 = ORIENTED_EDGE ( 'NONE', *, *, #4915, .F. ) ;
#1112 = DIRECTION ( 'NONE',  ( 0.000000000000000000, 0.000000000000000000, 1.000000000000000000 ) ) ;
#1113 = VERTEX_POINT ( 'NONE', #5579 ) ;
#1114 = CARTESIAN_POINT ( 'NONE',  ( -0.8510494940917939788, 0.5000000000000000000, 3.500000000000000000 ) ) ;
#1115 = DIRECTION ( 'NONE',  ( 0.000000000000000000, 0.000000000000000000, -1.000000000000000000 ) ) ;
#1116 = CARTESIAN_POINT ( 'NONE',  ( -1.699999999999999956, -0.3750000000000000000, 2.299999999999999822 ) ) ;
#1117 = CARTESIAN_POINT ( 'NONE',  ( 0.6474304142646618576, 0.8199786129451602790, 0.2507221828342951486 ) ) ;
#1118 = EDGE_LOOP ( 'NONE', ( #998, #3288, #1183, #5952, #4639, #2969 ) ) ;
#1119 = DIRECTION ( 'NONE',  ( 0.000000000000000000, 0.000000000000000000, -1.000000000000000000 ) ) ;
#1120 = CARTESIAN_POINT ( 'NONE',  ( -1.824999999999999956, -0.1658312395178000165, 2.200000000000000178 ) ) ;
#1121 = DIRECTION ( 'NONE',  ( 1.000000000000000000, 0.000000000000000000, 0.000000000000000000 ) ) ;
#1122 = ORIENTED_EDGE ( 'NONE', *, *, #4251, .F. ) ;
#1123 = EDGE_CURVE ( 'NONE', #6975, #4043, #2611, .T. ) ;
#1124 = DIRECTION ( 'NONE',  ( 1.000000000000000000, 0.000000000000000000, 0.000000000000000000 ) ) ;
#1125 = CARTESIAN_POINT ( 'NONE',  ( 0.7500000000000000000, 0.5150000000000000133, 0.7500000000000000000 ) ) ;
#1126 = ORIENTED_EDGE ( 'NONE', *, *, #4595, .T. ) ;
#1127 = CARTESIAN_POINT ( 'NONE',  ( -0.6838871170368998609, -0.3498878721859000063, 0.3755056305466999977 ) ) ;
#1128 = ORIENTED_EDGE ( 'NONE', *, *, #5471, .T. ) ;
#1129 = EDGE_LOOP ( 'NONE', ( #2800, #139, #3290, #4855 ) ) ;
#1130 = CARTESIAN_POINT ( 'NONE',  ( -0.5350000000000000311, 0.5150000000000000133, 0.7500000000000000000 ) ) ;
#1131 = DIRECTION ( 'NONE',  ( 0.000000000000000000, -1.000000000000000000, 0.000000000000000000 ) ) ;
#1132 = CARTESIAN_POINT ( 'NONE',  ( 0.5641348408898566591, 0.4840570004171068641, 0.3236746148519071276 ) ) ;
#1133 = CARTESIAN_POINT ( 'NONE',  ( -0.5350000000000000311, -0.6849999999999999423, 0.7500000000000000000 ) ) ;
#1134 = VECTOR ( 'NONE', #666, 1000.000000000000000 ) ;
#1135 = DIRECTION ( 'NONE',  ( 0.000000000000000000, 0.000000000000000000, 1.000000000000000000 ) ) ;
#1136 = ORIENTED_EDGE ( 'NONE', *, *, #1335, .T. ) ;
#1137 = EDGE_CURVE ( 'NONE', #3463, #1175, #6823, .T. ) ;
#1138 = CARTESIAN_POINT ( 'NONE',  ( -2.095000000000000195, 0.2895950378225999877, 2.100000000000000089 ) ) ;
#1139 = CARTESIAN_POINT ( 'NONE',  ( 1.600000000000000089, 0.3499999999999999778, 2.299999999999999822 ) ) ;
#1140 = VECTOR ( 'NONE', #7702, 1000.000000000000227 ) ;
#1141 = ORIENTED_EDGE ( 'NONE', *, *, #6671, .F. ) ;
#1142 = EDGE_LOOP ( 'NONE', ( #952, #1461, #1494, #6127, #4412, #2548, #7618 ) ) ;
#1143 = ORIENTED_EDGE ( 'NONE', *, *, #7489, .T. ) ;
#1144 = LINE ( 'NONE', #5910, #3438 ) ;
#1145 = EDGE_CURVE ( 'NONE', #4729, #5598, #1087, .T. ) ;
#1146 = ORIENTED_EDGE ( 'NONE', *, *, #4494, .T. ) ;
#1147 = CARTESIAN_POINT ( 'NONE',  ( 1.399999999999999911, 0.2999999999918754878, 2.299999999999999822 ) ) ;
#1148 = CIRCLE ( 'NONE', #5513, 0.09999999999999982514 ) ;
#1149 = DIRECTION ( 'NONE',  ( -1.000000000000000000, 0.000000000000000000, 0.000000000000000000 ) ) ;
#1150 = EDGE_CURVE ( 'NONE', #6065, #2657, #1201, .T. ) ;
#1151 = VECTOR ( 'NONE', #5436, 1000.000000000000000 ) ;
#1152 = DIRECTION ( 'NONE',  ( 0.000000000000000000, 0.000000000000000000, 1.000000000000000000 ) ) ;
#1153 = DIRECTION ( 'NONE',  ( -0.000000000000000000, 0.9987523388778447586, 0.04993761694389219075 ) ) ;
#1154 = ORIENTED_EDGE ( 'NONE', *, *, #5489, .F. ) ;
#1155 = FACE_OUTER_BOUND ( 'NONE', #2613, .T. ) ;
#1156 = ADVANCED_FACE ( 'NONE', ( #4724 ), #739, .F. ) ;
#1157 = DIRECTION ( 'NONE',  ( 0.000000000000000000, 0.000000000000000000, 1.000000000000000000 ) ) ;
#1158 = FACE_OUTER_BOUND ( 'NONE', #6638, .T. ) ;
#1159 = DIRECTION ( 'NONE',  ( -0.9987523388778447586, 0.000000000000000000, 0.04993761694389219075 ) ) ;
#1160 = VECTOR ( 'NONE', #5149, 1000.000000000000000 ) ;
#1161 = DIRECTION ( 'NONE',  ( 0.000000000000000000, -0.9987523388778447586, 0.04993761694389219075 ) ) ;
#1162 = DIRECTION ( 'NONE',  ( 0.000000000000000000, 1.000000000000000000, 0.000000000000000000 ) ) ;
#1163 = VERTEX_POINT ( 'NONE', #4130 ) ;
#1164 = CARTESIAN_POINT ( 'NONE',  ( 0.5599999999999999423, 0.9000000000000000222, 0.2500000000000000000 ) ) ;
#1165 = ORIENTED_EDGE ( 'NONE', *, *, #6531, .F. ) ;
#1166 = ORIENTED_EDGE ( 'NONE', *, *, #5781, .F. ) ;
#1167 = CARTESIAN_POINT ( 'NONE',  ( -1.908333333333295023, -0.1105541596784531955, 2.200000000000000178 ) ) ;
#1168 = LINE ( 'NONE', #4652, #7124 ) ;
#1169 = LINE ( 'NONE', #5385, #7265 ) ;
#1170 = VECTOR ( 'NONE', #408, 1000.000000000000000 ) ;
#1171 = LINE ( 'NONE', #1219, #7273 ) ;
#1172 = CARTESIAN_POINT ( 'NONE',  ( 0.6474304142646619686, -0.3800213870548397321, 0.2507221828342951486 ) ) ;
#1173 = DIRECTION ( 'NONE',  ( 0.000000000000000000, 0.000000000000000000, -1.000000000000000000 ) ) ;
#1174 = EDGE_CURVE ( 'NONE', #6717, #4942, #6499, .T. ) ;
#1175 = VERTEX_POINT ( 'NONE', #5459 ) ;
#1176 = CARTESIAN_POINT ( 'NONE',  ( -1.375000000000000000, -0.5000000000000000000, 0.5000000000000000000 ) ) ;
#1177 = VECTOR ( 'NONE', #5956, 1000.000000000000000 ) ;
#1178 = CARTESIAN_POINT ( 'NONE',  ( 2.194999999999999840, -0.2750000000000000222, 2.100000000000000089 ) ) ;
#1179 = CARTESIAN_POINT ( 'NONE',  ( -1.925000000000000044, 0.3750000000000000000, 2.200000000000000178 ) ) ;
#1180 = VERTEX_POINT ( 'NONE', #1859 ) ;
#1181 = AXIS2_PLACEMENT_3D ( 'NONE', #1127, #2457, #1901 ) ;
#1182 = ORIENTED_EDGE ( 'NONE', *, *, #7069, .T. ) ;
#1183 = ORIENTED_EDGE ( 'NONE', *, *, #5158, .T. ) ;
#1184 = DIRECTION ( 'NONE',  ( -0.03489418781260641284, -0.01744177813808910418, -0.9992388003036514199 ) ) ;
#1185 = ORIENTED_EDGE ( 'NONE', *, *, #7011, .T. ) ;
#1186 = LINE ( 'NONE', #2316, #1918 ) ;
#1187 = VECTOR ( 'NONE', #7021, 1000.000000000000000 ) ;
#1188 = CARTESIAN_POINT ( 'NONE',  ( -0.8965076417431270261, -0.4982544935069809777, 2.100000000000000089 ) ) ;
#1189 = EDGE_CURVE ( 'NONE', #1236, #5239, #3036, .T. ) ;
#1190 = AXIS2_PLACEMENT_3D ( 'NONE', #7707, #5362, #2946 ) ;
#1191 = CARTESIAN_POINT ( 'NONE',  ( -0.6490056111029567365, -0.8243264472718991875, 0.2502619736960299823 ) ) ;
#1192 = DIRECTION ( 'NONE',  ( 1.000000000000000000, 0.000000000000000000, 0.000000000000000000 ) ) ;
#1193 = AXIS2_PLACEMENT_3D ( 'NONE', #1234, #5959, #5994 ) ;
#1194 = ORIENTED_EDGE ( 'NONE', *, *, #6920, .T. ) ;
#1195 = ORIENTED_EDGE ( 'NONE', *, *, #3014, .F. ) ;
#1196 = DIRECTION ( 'NONE',  ( 1.000000000000000000, 0.000000000000000000, 0.000000000000000000 ) ) ;
#1197 = CARTESIAN_POINT ( 'NONE',  ( -1.800000000000000044, -0.3499999999999999778, 2.100000000000000089 ) ) ;
#1198 = CARTESIAN_POINT ( 'NONE',  ( 2.103333680642389680, -0.9438888888888880002, 2.299979161239489756 ) ) ;
#1199 = ADVANCED_FACE ( 'NONE', ( #2451 ), #625, .F. ) ;
#1200 = AXIS2_PLACEMENT_3D ( 'NONE', #5157, #454, #2821 ) ;
#1201 = LINE ( 'NONE', #5966, #7552 ) ;
#1202 = VECTOR ( 'NONE', #2506, 1000.000000000000000 ) ;
#1203 = EDGE_CURVE ( 'NONE', #2619, #1180, #4252, .T. ) ;
#1204 = ADVANCED_FACE ( 'NONE', ( #6659 ), #7170, .T. ) ;
#1205 = EDGE_CURVE ( 'NONE', #884, #105, #2910, .T. ) ;
#1206 = CARTESIAN_POINT ( 'NONE',  ( -1.925000000000000044, -0.3750000000000000000, 2.100000000000000089 ) ) ;
#1207 = LINE ( 'NONE', #4684, #4449 ) ;
#1208 = ORIENTED_EDGE ( 'NONE', *, *, #6920, .F. ) ;
#1209 = AXIS2_PLACEMENT_3D ( 'NONE', #2213, #5844, #6976 ) ;
#1210 = PLANE ( 'NONE',  #4925 ) ;
#1211 = VERTEX_POINT ( 'NONE', #7596 ) ;
#1212 = VECTOR ( 'NONE', #3195, 1000.000000000000227 ) ;
#1213 = ORIENTED_EDGE ( 'NONE', *, *, #6771, .T. ) ;
#1214 = CARTESIAN_POINT ( 'NONE',  ( -1.800000000000000044, -0.2500000000000000000, 2.100000000000000089 ) ) ;
#1215 = CARTESIAN_POINT ( 'NONE',  ( 1.899999999999999911, 0.09682458365518510635, 2.100000000000000089 ) ) ;
#1216 = VECTOR ( 'NONE', #2667, 1000.000000000000000 ) ;
#1217 = CARTESIAN_POINT ( 'NONE',  ( 0.6499999999999801492, 0.8336623985643000223, 0.2500000000000000000 ) ) ;
#1218 = B_SPLINE_CURVE_WITH_KNOTS ( 'NONE', 3,
 ( #7298, #4307, #1955, #6057 ),
 .UNSPECIFIED., .F., .F.,
 ( 4, 4 ),
 ( 0.000000000000000000, 1.000000000000000000 ),
 .UNSPECIFIED. ) ;
#1219 = CARTESIAN_POINT ( 'NONE',  ( -1.949999999999999956, -0.9000000000000000222, 0.6118033988749899121 ) ) ;
#1220 = CARTESIAN_POINT ( 'NONE',  ( 1.550000000000000044, -0.4500000000000000111, 2.299999999999999822 ) ) ;
#1221 = CARTESIAN_POINT ( 'NONE',  ( 1.949999999999999956, -0.4000000000000000222, 0.000000000000000000 ) ) ;
#1222 = EDGE_LOOP ( 'NONE', ( #61, #496, #6390, #4414 ) ) ;
#1223 = LINE ( 'NONE', #2980, #1322 ) ;
#1224 = ORIENTED_EDGE ( 'NONE', *, *, #1059, .T. ) ;
#1225 = CARTESIAN_POINT ( 'NONE',  ( 0.2461754054897820065, 0.9105149318544999426, 0.3735081097965329833 ) ) ;
#1226 = ORIENTED_EDGE ( 'NONE', *, *, #3440, .T. ) ;
#1227 = EDGE_LOOP ( 'NONE', ( #5832, #3185, #7145, #216 ) ) ;
#1228 = ORIENTED_EDGE ( 'NONE', *, *, #1966, .F. ) ;
#1229 = DIRECTION ( 'NONE',  ( 1.000000000000000000, 0.000000000000000000, 0.000000000000000000 ) ) ;
#1230 = CARTESIAN_POINT ( 'NONE',  ( 0.5538245945101799572, -0.7230253140711999649, 0.3735081097972909880 ) ) ;
#1231 = DIRECTION ( 'NONE',  ( 0.000000000000000000, 0.000000000000000000, -1.000000000000000000 ) ) ;
#1232 = ADVANCED_FACE ( 'NONE', ( #2279 ), #4673, .T. ) ;
#1233 = CARTESIAN_POINT ( 'NONE',  ( -2.075000000000000178, 0.000000000000000000, 2.299999999999999822 ) ) ;
#1234 = CARTESIAN_POINT ( 'NONE',  ( -2.120000000000000107, 0.4749999999999999778, 2.100000000000000089 ) ) ;
#1235 = ORIENTED_EDGE ( 'NONE', *, *, #1007, .T. ) ;
#1236 = VERTEX_POINT ( 'NONE', #997 ) ;
#1237 = FACE_BOUND ( 'NONE', #1578, .T. ) ;
#1238 = PLANE ( 'NONE',  #3401 ) ;
#1239 = CARTESIAN_POINT ( 'NONE',  ( 2.100000000000000089, -0.9416666666666660968, 2.299999999999999822 ) ) ;
#1240 = EDGE_CURVE ( 'NONE', #1880, #3473, #1623, .T. ) ;
#1241 = CARTESIAN_POINT ( 'NONE',  ( -2.100000000000000089, -0.9416666666666670960, 2.299999999999999822 ) ) ;
#1242 = CARTESIAN_POINT ( 'NONE',  ( -1.925000000000000044, -0.2704156197588999944, 2.200000000000000178 ) ) ;
#1243 = ORIENTED_EDGE ( 'NONE', *, *, #3631, .F. ) ;
#1244 = DIRECTION ( 'NONE',  ( 0.000000000000000000, 0.000000000000000000, 1.000000000000000000 ) ) ;
#1245 = ORIENTED_EDGE ( 'NONE', *, *, #1568, .F. ) ;
#1246 = ORIENTED_EDGE ( 'NONE', *, *, #6093, .F. ) ;
#1247 = ADVANCED_FACE ( 'NONE', ( #4719 ), #6493, .F. ) ;
#1248 = EDGE_CURVE ( 'NONE', #299, #5239, #2244, .T. ) ;
#1249 = DIRECTION ( 'NONE',  ( 0.000000000000000000, 0.000000000000000000, 1.000000000000000000 ) ) ;
#1250 = CARTESIAN_POINT ( 'NONE',  ( -1.899999999999999911, -0.09682458365518580024, 2.299999999999999822 ) ) ;
#1251 = EDGE_CURVE ( 'NONE', #7670, #1369, #3576, .T. ) ;
#1252 = LINE ( 'NONE', #6512, #2021 ) ;
#1253 = CARTESIAN_POINT ( 'NONE',  ( -1.525000000000000133, -0.9499999999999999556, 0.1749999999999999889 ) ) ;
#1254 = DIRECTION ( 'NONE',  ( 0.9987523388778447586, 0.000000000000000000, 0.04993761694389219075 ) ) ;
#1255 = VERTEX_POINT ( 'NONE', #4634 ) ;
#1256 = ORIENTED_EDGE ( 'NONE', *, *, #3391, .T. ) ;
#1257 = FACE_OUTER_BOUND ( 'NONE', #612, .T. ) ;
#1258 = LINE ( 'NONE', #2387, #2131 ) ;
#1259 = DIRECTION ( 'NONE',  ( -9.293161478447156746E-15, -1.006759160165108555E-14, 1.000000000000000000 ) ) ;
#1260 = ORIENTED_EDGE ( 'NONE', *, *, #2446, .F. ) ;
#1261 = EDGE_LOOP ( 'NONE', ( #4341, #369, #1843, #5868 ) ) ;
#1262 = VERTEX_POINT ( 'NONE', #3539 ) ;
#1263 = LINE ( 'NONE', #4666, #6924 ) ;
#1264 = ORIENTED_EDGE ( 'NONE', *, *, #2286, .T. ) ;
#1265 = CARTESIAN_POINT ( 'NONE',  ( -0.2461754054898470101, -0.4961754054898689370, 0.3735081097978280029 ) ) ;
#1266 = AXIS2_PLACEMENT_3D ( 'NONE', #7272, #6726, #1967 ) ;
#1267 = CARTESIAN_POINT ( 'NONE',  ( 0.000000000000000000, 0.000000000000000000, 0.5000000000000000000 ) ) ;
#1268 = LINE ( 'NONE', #1116, #601 ) ;
#1269 = VERTEX_POINT ( 'NONE', #6417 ) ;
#1270 = EDGE_LOOP ( 'NONE', ( #3004, #3729, #26, #6080, #4361, #4105 ) ) ;
#1271 = CARTESIAN_POINT ( 'NONE',  ( -2.200000000000000178, 0.4749999999999999778, 2.100000000000000089 ) ) ;
#1272 = VECTOR ( 'NONE', #3120, 1000.000000000000000 ) ;
#1273 = CARTESIAN_POINT ( 'NONE',  ( -1.925000000000000044, 0.3750000000000000000, 2.100000000000000089 ) ) ;
#1274 = DIRECTION ( 'NONE',  ( 1.000000000000000000, 0.000000000000000000, 0.000000000000000000 ) ) ;
#1275 = VECTOR ( 'NONE', #7512, 1000.000000000000000 ) ;
#1276 = CARTESIAN_POINT ( 'NONE',  ( -1.474999999999999867, 0.000000000000000000, 2.200000000000000178 ) ) ;
#1277 = CARTESIAN_POINT ( 'NONE',  ( -1.500000000000000000, 0.4749999999999999778, 2.100000000000000089 ) ) ;
#1278 = VERTEX_POINT ( 'NONE', #1700 ) ;
#1279 = DIRECTION ( 'NONE',  ( 0.000000000000000000, 1.000000000000000000, 0.000000000000000000 ) ) ;
#1280 = VERTEX_POINT ( 'NONE', #7004 ) ;
#1281 = EDGE_LOOP ( 'NONE', ( #7343, #7429, #4144 ) ) ;
#1282 = AXIS2_PLACEMENT_3D ( 'NONE', #7268, #3758, #5658 ) ;
#1283 = AXIS2_PLACEMENT_3D ( 'NONE', #1988, #137, #4464 ) ;
#1284 = CARTESIAN_POINT ( 'NONE',  ( 0.5350000000000000311, 0.6849999999999999423, 0.7500000000000000000 ) ) ;
#1285 = PLANE ( 'NONE',  #6159 ) ;
#1286 = CARTESIAN_POINT ( 'NONE',  ( 0.9965077991995617834, 0.4568596678001863309, 2.100000000000000089 ) ) ;
#1287 = EDGE_CURVE ( 'NONE', #606, #6353, #4818, .T. ) ;
#1288 = DIRECTION ( 'NONE',  ( -1.000000000000000000, 0.000000000000000000, 0.000000000000000000 ) ) ;
#1289 = CARTESIAN_POINT ( 'NONE',  ( -0.5745712183416812335, -0.4726265957894376091, 0.3051491504438674784 ) ) ;
#1290 = ORIENTED_EDGE ( 'NONE', *, *, #7638, .T. ) ;
#1291 = DIRECTION ( 'NONE',  ( 0.000000000000000000, 0.000000000000000000, 1.000000000000000000 ) ) ;
#1292 = EDGE_CURVE ( 'NONE', #5213, #109, #1079, .T. ) ;
#1293 = AXIS2_PLACEMENT_3D ( 'NONE', #1809, #534, #5329 ) ;
#1294 = DIRECTION ( 'NONE',  ( 0.000000000000000000, 1.000000000000000000, 0.000000000000000000 ) ) ;
#1295 = EDGE_CURVE ( 'NONE', #4085, #676, #6459, .T. ) ;
#1296 = DIRECTION ( 'NONE',  ( 0.000000000000000000, 0.000000000000000000, -1.000000000000000000 ) ) ;
#1297 = ADVANCED_FACE ( 'NONE', ( #7161 ), #2401, .F. ) ;
#1298 = VERTEX_POINT ( 'NONE', #4244 ) ;
#1299 = ORIENTED_EDGE ( 'NONE', *, *, #1338, .F. ) ;
#1300 = ORIENTED_EDGE ( 'NONE', *, *, #1472, .F. ) ;
#1301 = CARTESIAN_POINT ( 'NONE',  ( 2.075000000000000178, 0.000000000000000000, 2.100000000000000089 ) ) ;
#1302 = AXIS2_PLACEMENT_3D ( 'NONE', #5283, #5756, #386 ) ;
#1303 = DIRECTION ( 'NONE',  ( -0.9987523388778447586, 0.000000000000000000, 0.04993761694389219075 ) ) ;
#1304 = AXIS2_PLACEMENT_3D ( 'NONE', #6829, #825, #278 ) ;
#1305 = DIRECTION ( 'NONE',  ( 0.000000000000000000, -1.000000000000000000, 0.000000000000000000 ) ) ;
#1306 = ORIENTED_EDGE ( 'NONE', *, *, #1482, .T. ) ;
#1307 = VERTEX_POINT ( 'NONE', #6534 ) ;
#1308 = CARTESIAN_POINT ( 'NONE',  ( -1.525000000000000133, -0.9499999999999999556, 0.5000000000000000000 ) ) ;
#1309 = CARTESIAN_POINT ( 'NONE',  ( 0.5540493129827800400, -0.9009336148352999896, 0.3690137403439990305 ) ) ;
#1310 = CARTESIAN_POINT ( 'NONE',  ( 0.000000000000000000, 0.3663376014356999888, 0.2500000000000000000 ) ) ;
#1311 = AXIS2_PLACEMENT_3D ( 'NONE', #4596, #2835, #2235 ) ;
#1312 = CIRCLE ( 'NONE', #5179, 0.2000000000000000944 ) ;
#1313 = LINE ( 'NONE', #4872, #4649 ) ;
#1314 = EDGE_CURVE ( 'NONE', #6155, #5213, #30, .T. ) ;
#1315 = AXIS2_PLACEMENT_3D ( 'NONE', #2168, #4052, #4559 ) ;
#1316 = CARTESIAN_POINT ( 'NONE',  ( -1.908333333333315007, -0.1105541596784932051, 2.299999999999999822 ) ) ;
#1317 = CARTESIAN_POINT ( 'NONE',  ( 0.6407106710560011020, -0.3939340843626628064, 0.2527985861194563255 ) ) ;
#1318 = ORIENTED_EDGE ( 'NONE', *, *, #7463, .F. ) ;
#1319 = DIRECTION ( 'NONE',  ( 1.000000000000000000, 0.000000000000000000, 0.000000000000000000 ) ) ;
#1320 = ORIENTED_EDGE ( 'NONE', *, *, #7693, .F. ) ;
#1321 = ORIENTED_EDGE ( 'NONE', *, *, #2001, .T. ) ;
#1322 = VECTOR ( 'NONE', #2349, 1000.000000000000000 ) ;
#1323 = AXIS2_PLACEMENT_3D ( 'NONE', #2721, #1543, #7439 ) ;
#1324 = CYLINDRICAL_SURFACE ( 'NONE', #5382, 0.1300000000000000044 ) ;
#1325 = VECTOR ( 'NONE', #3378, 1000.000000000000000 ) ;
#1327 = EDGE_CURVE ( 'NONE', #3551, #5578, #4936, .T. ) ;
#1326 = CARTESIAN_POINT ( 'NONE',  ( 2.075000000000000178, 0.000000000000000000, 2.299999999999999822 ) ) ;
#1328 = AXIS2_PLACEMENT_3D ( 'NONE', #662, #2966, #7681 ) ;
#1329 = VERTEX_POINT ( 'NONE', #5366 ) ;
#1330 = FACE_OUTER_BOUND ( 'NONE', #1026, .T. ) ;
#1331 = VERTEX_POINT ( 'NONE', #2956 ) ;
#1332 = ORIENTED_EDGE ( 'NONE', *, *, #5392, .F. ) ;
#1333 = DIRECTION ( 'NONE',  ( 1.000000000000000000, 0.000000000000000000, 0.000000000000000000 ) ) ;
#1334 = VECTOR ( 'NONE', #6343, 1000.000000000000000 ) ;
#1335 = EDGE_CURVE ( 'NONE', #3188, #5117, #6575, .T. ) ;
#1336 = DIRECTION ( 'NONE',  ( 0.000000000000000000, -1.000000000000000000, 0.000000000000000000 ) ) ;
#1337 = LINE ( 'NONE', #1487, #1402 ) ;
#1338 = EDGE_CURVE ( 'NONE', #4239, #5505, #1937, .T. ) ;
#1339 = AXIS2_PLACEMENT_3D ( 'NONE', #416, #7545, #6215 ) ;
#1340 = VERTEX_POINT ( 'NONE', #5408 ) ;
#1341 = VERTEX_POINT ( 'NONE', #2361 ) ;
#1342 = DIRECTION ( 'NONE',  ( 0.000000000000000000, 0.000000000000000000, 1.000000000000000000 ) ) ;
#1343 = EDGE_CURVE ( 'NONE', #3020, #5737, #2940, .T. ) ;
#1344 = ADVANCED_FACE ( 'NONE', ( #3617 ), #2441, .T. ) ;
#1345 = LINE ( 'NONE', #1926, #1759 ) ;
#1346 = EDGE_CURVE ( 'NONE', #7468, #3999, #5334, .T. ) ;
#1347 = DIRECTION ( 'NONE',  ( 0.000000000000000000, 1.000000000000000000, 0.000000000000000000 ) ) ;
#1348 = ORIENTED_EDGE ( 'NONE', *, *, #6438, .T. ) ;
#1349 = ORIENTED_EDGE ( 'NONE', *, *, #2495, .T. ) ;
#1350 = DIRECTION ( 'NONE',  ( 0.000000000000000000, 0.000000000000000000, 1.000000000000000000 ) ) ;
#1351 = LINE ( 'NONE', #3250, #2023 ) ;
#1352 = CARTESIAN_POINT ( 'NONE',  ( -0.9550937217346644470, -0.4982546527051949226, 2.099999999999998312 ) ) ;
#1353 = PLANE ( 'NONE',  #3779 ) ;
#1354 = DIRECTION ( 'NONE',  ( 1.000000000000000000, 0.000000000000000000, 0.000000000000000000 ) ) ;
#1355 = CARTESIAN_POINT ( 'NONE',  ( 0.2650000000000000133, -0.08500000000000000611, 0.7500000000000000000 ) ) ;
#1356 = ORIENTED_EDGE ( 'NONE', *, *, #6634, .T. ) ;
#1357 = LINE ( 'NONE', #6777, #949 ) ;
#1358 = CARTESIAN_POINT ( 'NONE',  ( 0.6836623985643000001, 0.2336623985642999890, 0.2500000000000000000 ) ) ;
#1359 = ORIENTED_EDGE ( 'NONE', *, *, #55, .T. ) ;
#1360 = DIRECTION ( 'NONE',  ( 0.000000000000000000, 0.000000000000000000, 1.000000000000000000 ) ) ;
#1361 = DIRECTION ( 'NONE',  ( 0.000000000000000000, -1.000000000000000000, 0.000000000000000000 ) ) ;
#1362 = ORIENTED_EDGE ( 'NONE', *, *, #2141, .F. ) ;
#1363 = DIRECTION ( 'NONE',  ( 0.000000000000000000, -1.000000000000000000, 0.000000000000000000 ) ) ;
#1364 = ORIENTED_EDGE ( 'NONE', *, *, #5775, .T. ) ;
#1365 = DIRECTION ( 'NONE',  ( 1.000000000000000000, 0.000000000000000000, 0.000000000000000000 ) ) ;
#1366 = FACE_OUTER_BOUND ( 'NONE', #3877, .T. ) ;
#1367 = CARTESIAN_POINT ( 'NONE',  ( -1.032310988842999988, 0.5000000000000000000, 2.000000000000000000 ) ) ;
#1368 = DIRECTION ( 'NONE',  ( 0.9987523388778447586, 0.000000000000000000, 0.04993761694389219075 ) ) ;
#1369 = VERTEX_POINT ( 'NONE', #4335 ) ;
#1370 = ORIENTED_EDGE ( 'NONE', *, *, #867, .F. ) ;
#1371 = DIRECTION ( 'NONE',  ( -1.000000000000000000, -6.306066779870887887E-14, 0.000000000000000000 ) ) ;
#1372 = ORIENTED_EDGE ( 'NONE', *, *, #3921, .F. ) ;
#1373 = AXIS2_PLACEMENT_3D ( 'NONE', #7251, #705, #4296 ) ;
#1374 = DIRECTION ( 'NONE',  ( -0.04987546680549900108, -0.04987546680538120641, -0.9975093361076270426 ) ) ;
#1375 = EDGE_CURVE ( 'NONE', #2624, #6167, #1898, .T. ) ;
#1376 = EDGE_CURVE ( 'NONE', #6716, #6028, #5532, .T. ) ;
#1377 = LINE ( 'NONE', #3768, #1707 ) ;
#1378 = ORIENTED_EDGE ( 'NONE', *, *, #155, .F. ) ;
#1379 = EDGE_LOOP ( 'NONE', ( #7658, #6211, #2897, #2556 ) ) ;
#1380 = CARTESIAN_POINT ( 'NONE',  ( 1.925000000000000044, 0.4749999999999999778, 2.100000000000000089 ) ) ;
#1381 = CARTESIAN_POINT ( 'NONE',  ( -0.5538995006676490362, 0.4961004193719240063, 0.3720083874391295065 ) ) ;
#1382 = CARTESIAN_POINT ( 'NONE',  ( -2.299999999999999822, -0.6449999999999999067, 1.500000000000000000 ) ) ;
#1383 = CARTESIAN_POINT ( 'NONE',  ( 2.100000000000000089, -0.9449999999999999512, 2.100000000000000089 ) ) ;
#1384 = CARTESIAN_POINT ( 'NONE',  ( -1.500000000000000000, 0.3499999999999999778, 2.100000000000000089 ) ) ;
#1385 = EDGE_CURVE ( 'NONE', #1755, #1555, #6120, .T. ) ;
#1386 = EDGE_CURVE ( 'NONE', #4509, #4622, #4109, .T. ) ;
#1387 = CIRCLE ( 'NONE', #1017, 0.09999999999999982514 ) ;
#1388 = DIRECTION ( 'NONE',  ( 0.000000000000000000, 0.000000000000000000, -1.000000000000000000 ) ) ;
#1389 = CARTESIAN_POINT ( 'NONE',  ( 0.5599326875623641397, -0.4887806347175437938, 0.3363227335935352058 ) ) ;
#1390 = ORIENTED_EDGE ( 'NONE', *, *, #4011, .T. ) ;
#1391 = DIRECTION ( 'NONE',  ( 0.000000000000000000, 1.000000000000000000, 0.000000000000000000 ) ) ;
#1392 = CARTESIAN_POINT ( 'NONE',  ( -1.699999999999999956, 0.3750000000000000000, 2.200000000000000178 ) ) ;
#1393 = ORIENTED_EDGE ( 'NONE', *, *, #760, .T. ) ;
#1394 = AXIS2_PLACEMENT_3D ( 'NONE', #7437, #1542, #3937 ) ;
#1395 = CARTESIAN_POINT ( 'NONE',  ( 1.275000000000000133, 0.9000000000000000222, 0.5000000000000000000 ) ) ;
#1396 = CARTESIAN_POINT ( 'NONE',  ( -2.200000000000000178, -0.3499999999999999778, 2.100000000000000089 ) ) ;
#1397 = VERTEX_POINT ( 'NONE', #7068 ) ;
#1398 = DIRECTION ( 'NONE',  ( 0.000000000000000000, 1.000000000000000000, 0.000000000000000000 ) ) ;
#1399 = CIRCLE ( 'NONE', #1652, 0.07999999999999998779 ) ;
#1400 = ORIENTED_EDGE ( 'NONE', *, *, #1327, .T. ) ;
#1401 = VECTOR ( 'NONE', #969, 1000.000000000000000 ) ;
#1402 = VECTOR ( 'NONE', #6720, 1000.000000000000000 ) ;
#1403 = LINE ( 'NONE', #6171, #6871 ) ;
#1404 = CYLINDRICAL_SURFACE ( 'NONE', #2902, 0.1000000000000000056 ) ;
#1405 = CARTESIAN_POINT ( 'NONE',  ( 0.8510122711728885792, 0.4755443076029682303, 3.400819942806692087 ) ) ;
#1406 = ADVANCED_FACE ( 'NONE', ( #126, #3517, #4953 ), #154, .T. ) ;
#1407 = AXIS2_PLACEMENT_3D ( 'NONE', #5754, #3974, #7550 ) ;
#1408 = ORIENTED_EDGE ( 'NONE', *, *, #2141, .T. ) ;
#1409 = ORIENTED_EDGE ( 'NONE', *, *, #6876, .F. ) ;
#1410 = LINE ( 'NONE', #4895, #7420 ) ;
#1411 = VECTOR ( 'NONE', #6149, 1000.000000000000000 ) ;
#1412 = CARTESIAN_POINT ( 'NONE',  ( 1.800000000000000044, 0.2500000000000000000, 2.658830721404000563 ) ) ;
#1413 = AXIS2_PLACEMENT_3D ( 'NONE', #3025, #3067, #1149 ) ;
#1414 = LINE ( 'NONE', #6762, #5197 ) ;
#1415 = ORIENTED_EDGE ( 'NONE', *, *, #6388, .T. ) ;
#1416 = VERTEX_POINT ( 'NONE', #2891 ) ;
#1417 = LINE ( 'NONE', #735, #1956 ) ;
#1418 = DIRECTION ( 'NONE',  ( 0.000000000000000000, 1.000000000000000000, 0.000000000000000000 ) ) ;
#1419 = CARTESIAN_POINT ( 'NONE',  ( -0.6491876473304966089, 0.3752301496344013776, 0.2502208312359037179 ) ) ;
#1420 = VECTOR ( 'NONE', #3083, 1000.000000000000000 ) ;
#1421 = CARTESIAN_POINT ( 'NONE',  ( -1.469999999999999973, -0.2999999999994414912, 2.330000000000000071 ) ) ;
#1422 = DIRECTION ( 'NONE',  ( 0.000000000000000000, 1.000000000000000000, 0.000000000000000000 ) ) ;
#1423 = DIRECTION ( 'NONE',  ( 0.000000000000000000, 0.000000000000000000, -1.000000000000000000 ) ) ;
#1424 = DIRECTION ( 'NONE',  ( -0.000000000000000000, 1.000000000000000000, 0.000000000000000000 ) ) ;
#1425 = PRODUCT ( 'Same_Sky_TS31-46-35-BK-B-160-RA-SMT-TR', 'Same_Sky_TS31-46-35-BK-B-160-RA-SMT-TR', '', ( #3556 ) ) ;
#1426 = EDGE_CURVE ( 'NONE', #2322, #5653, #761, .T. ) ;
#1427 = EDGE_LOOP ( 'NONE', ( #4635, #1881, #5260, #630 ) ) ;
#1428 = CARTESIAN_POINT ( 'NONE',  ( 1.850000000000000089, 0.4500000000000000111, 2.330000000000000071 ) ) ;
#1429 = CARTESIAN_POINT ( 'NONE',  ( 0.7500000000000000000, 0.6849999999999999423, 0.7500000000000000000 ) ) ;
#1430 = VERTEX_POINT ( 'NONE', #2567 ) ;
#1431 = ADVANCED_FACE ( 'NONE', ( #1722 ), #7248, .F. ) ;
#1432 = EDGE_CURVE ( 'NONE', #98, #259, #562, .T. ) ;
#1433 = EDGE_CURVE ( 'NONE', #3020, #2402, #7697, .T. ) ;
#1434 = TOROIDAL_SURFACE ( 'NONE', #3686, 0.2000000000000000111, 0.1000000000000000056 ) ;
#1435 = CARTESIAN_POINT ( 'NONE',  ( 2.112253379640000261, -0.3663376014356999888, 0.3800000000000000044 ) ) ;
#1436 = ORIENTED_EDGE ( 'NONE', *, *, #1579, .T. ) ;
#1437 = LINE ( 'NONE', #2133, #478 ) ;
#1438 = EDGE_LOOP ( 'NONE', ( #4805, #1415, #1614, #1194 ) ) ;
#1439 = CIRCLE ( 'NONE', #2691, 0.07000000000000018707 ) ;
#1440 = SURFACE_STYLE_USAGE ( .BOTH. , #7295 ) ;
#1441 = ORIENTED_EDGE ( 'NONE', *, *, #1003, .T. ) ;
#1442 = VERTEX_POINT ( 'NONE', #1355 ) ;
#1443 = VECTOR ( 'NONE', #5710, 1000.000000000000000 ) ;
#1444 = CARTESIAN_POINT ( 'NONE',  ( -2.220000000000000195, 0.4749999999999999778, 1.932869999999999866 ) ) ;
#1445 = CIRCLE ( 'NONE', #4440, 0.2000000000000000944 ) ;
#1446 = CARTESIAN_POINT ( 'NONE',  ( 1.500000000000000000, 0.2500000000000000000, 2.100000000000000089 ) ) ;
#1447 = CIRCLE ( 'NONE', #1823, 0.09999999999999982514 ) ;
#1448 = DIRECTION ( 'NONE',  ( 1.000000000000000000, 0.000000000000000000, 0.000000000000000000 ) ) ;
#1449 = EDGE_LOOP ( 'NONE', ( #368, #4730, #1596, #1146, #5146, #5769, #555, #3104, #2179, #7188, #2867, #5951, #3167, #913, #5850, #2884, #6130, #16, #990, #3824, #7524, #4118, #4133, #5847, #3018, #7502, #5480, #6696, #5464, #1788, #7197, #1400, #4591, #6614, #5928, #3645, #6731, #3269, #4389, #4016 ) ) ;
#1450 = ORIENTED_EDGE ( 'NONE', *, *, #4260, .T. ) ;
#1451 = VECTOR ( 'NONE', #7123, 1000.000000000000000 ) ;
#1452 = LINE ( 'NONE', #3762, #3181 ) ;
#1453 = AXIS2_PLACEMENT_3D ( 'NONE', #7568, #6981, #2731 ) ;
#1454 = EDGE_CURVE ( 'NONE', #1018, #7199, #4875, .T. ) ;
#1455 = CARTESIAN_POINT ( 'NONE',  ( 0.1895068923539629802, 0.4395068923539629524, 0.2500000000000000000 ) ) ;
#1456 = ORIENTED_EDGE ( 'NONE', *, *, #7059, .F. ) ;
#1457 = AXIS2_PLACEMENT_3D ( 'NONE', #6612, #4718, #5915 ) ;
#1458 = EDGE_CURVE ( 'NONE', #779, #3198, #2062, .T. ) ;
#1459 = DIRECTION ( 'NONE',  ( 0.000000000000000000, 1.000000000000000000, 0.000000000000000000 ) ) ;
#1460 = ORIENTED_EDGE ( 'NONE', *, *, #616, .T. ) ;
#1461 = ORIENTED_EDGE ( 'NONE', *, *, #1579, .F. ) ;
#1462 = CARTESIAN_POINT ( 'NONE',  ( -2.037499999999999645, -0.9000000000000000222, 2.200000000000000178 ) ) ;
#1463 = CARTESIAN_POINT ( 'NONE',  ( 2.120000000000000107, 0.9000000000000000222, 0.5000000000000000000 ) ) ;
#1464 = DIRECTION ( 'NONE',  ( 0.000000000000000000, 0.000000000000000000, 1.000000000000000000 ) ) ;
#1465 = CARTESIAN_POINT ( 'NONE',  ( -1.525000000000000133, -0.8000000000000000444, 0.5000000000000000000 ) ) ;
#1466 = EDGE_CURVE ( 'NONE', #5024, #398, #4293, .T. ) ;
#1467 = FACE_OUTER_BOUND ( 'NONE', #1998, .T. ) ;
#1468 = DIRECTION ( 'NONE',  ( 0.000000000000000000, 0.000000000000000000, 1.000000000000000000 ) ) ;
#1469 = DIRECTION ( 'NONE',  ( -1.000000000000000000, 0.000000000000000000, 0.000000000000000000 ) ) ;
#1470 = DIRECTION ( 'NONE',  ( 0.000000000000000000, 0.000000000000000000, -1.000000000000000000 ) ) ;
#1471 = VERTEX_POINT ( 'NONE', #5269 ) ;
#1472 = EDGE_CURVE ( 'NONE', #323, #1962, #522, .T. ) ;
#1473 = LINE ( 'NONE', #3859, #2197 ) ;
#1474 = FACE_OUTER_BOUND ( 'NONE', #5816, .T. ) ;
#1475 = ORIENTED_EDGE ( 'NONE', *, *, #2627, .F. ) ;
#1476 = CARTESIAN_POINT ( 'NONE',  ( 0.000000000000000000, -0.8336623985643000223, 0.2500000000000000000 ) ) ;
#1477 = CARTESIAN_POINT ( 'NONE',  ( -2.194999999999999840, -0.3750000000000000000, 2.100000000000000089 ) ) ;
#1478 = ORIENTED_EDGE ( 'NONE', *, *, #3980, .T. ) ;
#1479 = CARTESIAN_POINT ( 'NONE',  ( -1.474999999999999867, -0.3750000000000000000, 2.100000000000000089 ) ) ;
#1480 = EDGE_CURVE ( 'NONE', #2619, #6747, #2741, .T. ) ;
#1481 = ORIENTED_EDGE ( 'NONE', *, *, #3787, .F. ) ;
#1482 = EDGE_CURVE ( 'NONE', #5183, #3928, #4404, .T. ) ;
#1483 = EDGE_LOOP ( 'NONE', ( #3207, #7027, #3530, #3213 ) ) ;
#1484 = ORIENTED_EDGE ( 'NONE', *, *, #1668, .T. ) ;
#1485 = ADVANCED_FACE ( 'NONE', ( #4983 ), #5687, .T. ) ;
#1486 = CARTESIAN_POINT ( 'NONE',  ( -1.971005050633885203, 0.2999999999693462316, 2.400000000000002132 ) ) ;
#1487 = CARTESIAN_POINT ( 'NONE',  ( 1.500000000000000000, -0.2500000000000000000, 2.658830721404000563 ) ) ;
#1488 = EDGE_CURVE ( 'NONE', #4106, #5005, #5726, .T. ) ;
#1489 = ORIENTED_EDGE ( 'NONE', *, *, #4595, .F. ) ;
#1490 = ORIENTED_EDGE ( 'NONE', *, *, #3063, .T. ) ;
#1491 =( BOUNDED_CURVE ( )  B_SPLINE_CURVE ( 3, ( #6684, #756, #5512, #2547 ),
 .UNSPECIFIED., .F., .F. ) 
 B_SPLINE_CURVE_WITH_KNOTS ( ( 4, 4 ),
 ( 1.570796326794895004, 3.091634257864890323 ),
 .UNSPECIFIED. ) 
 CURVE ( )  GEOMETRIC_REPRESENTATION_ITEM ( )  RATIONAL_B_SPLINE_CURVE ( ( 1.000000000000000000, 0.8163648751943519688, 0.8163648751943519688, 1.000000000000000000 ) ) 
 REPRESENTATION_ITEM ( '' )  );
#1492 = LINE ( 'NONE', #3965, #712 ) ;
#1493 = DIRECTION ( 'NONE',  ( 0.000000000000000000, -1.000000000000000000, 0.000000000000000000 ) ) ;
#1494 = ORIENTED_EDGE ( 'NONE', *, *, #3838, .T. ) ;
#1495 = DIRECTION ( 'NONE',  ( 1.000000000000000000, 0.000000000000000000, 0.000000000000000000 ) ) ;
#1496 = ORIENTED_EDGE ( 'NONE', *, *, #3880, .T. ) ;
#1497 = ORIENTED_EDGE ( 'NONE', *, *, #5282, .F. ) ;
#1498 = DIRECTION ( 'NONE',  ( 0.000000000000000000, 0.000000000000000000, 1.000000000000000000 ) ) ;
#1499 = DIRECTION ( 'NONE',  ( 0.000000000000000000, -1.000000000000000000, 0.000000000000000000 ) ) ;
#1500 = DIRECTION ( 'NONE',  ( -0.0003668327359473804437, -0.9999677861671498746, 0.008018233079234993177 ) ) ;
#1501 = DIRECTION ( 'NONE',  ( 0.000000000000000000, 1.000000000000000000, 0.000000000000000000 ) ) ;
#1502 = CARTESIAN_POINT ( 'NONE',  ( -0.5350000000000000311, 0.08499999999999689748, 0.7500000000000000000 ) ) ;
#1503 = AXIS2_PLACEMENT_3D ( 'NONE', #294, #221, #6178 ) ;
#1504 = CARTESIAN_POINT ( 'NONE',  ( -1.925000000000000044, -0.9000000000000000222, 0.5000000000000000000 ) ) ;
#1505 = CARTESIAN_POINT ( 'NONE',  ( 0.5830152926694175397, -0.4633876311496915035, 0.2921218145516764619 ) ) ;
#1506 = ORIENTED_EDGE ( 'NONE', *, *, #7434, .F. ) ;
#1507 = DIRECTION ( 'NONE',  ( 0.000000000000000000, -1.000000000000000000, 0.000000000000000000 ) ) ;
#1508 = DIRECTION ( 'NONE',  ( 0.000000000000000000, 0.000000000000000000, -1.000000000000000000 ) ) ;
#1509 = CARTESIAN_POINT ( 'NONE',  ( 1.275000000000000133, -0.9000000000000000222, 0.000000000000000000 ) ) ;
#1510 = ORIENTED_EDGE ( 'NONE', *, *, #5051, .T. ) ;
#1511 = LINE ( 'NONE', #5767, #3382 ) ;
#1512 = ORIENTED_EDGE ( 'NONE', *, *, #1385, .T. ) ;
#1513 = DIRECTION ( 'NONE',  ( -0.04987546680549900108, -0.04987546680538120641, -0.9975093361076270426 ) ) ;
#1514 = ORIENTED_EDGE ( 'NONE', *, *, #1150, .T. ) ;
#1515 = CARTESIAN_POINT ( 'NONE',  ( -0.6499999999871857170, -0.3677522090430733193, 0.2499999999999310552 ) ) ;
#1516 = ORIENTED_EDGE ( 'NONE', *, *, #7350, .T. ) ;
#1517 = ORIENTED_EDGE ( 'NONE', *, *, #4104, .T. ) ;
#1518 = AXIS2_PLACEMENT_3D ( 'NONE', #929, #2132, #2805 ) ;
#1519 = EDGE_CURVE ( 'NONE', #5361, #3499, #2949, .T. ) ;
#1520 = EDGE_CURVE ( 'NONE', #3115, #2923, #6263, .T. ) ;
#1521 = DIRECTION ( 'NONE',  ( 0.000000000000000000, 1.000000000000000000, 0.000000000000000000 ) ) ;
#1522 = DIRECTION ( 'NONE',  ( -0.000000000000000000, 1.000000000000000000, 0.000000000000000000 ) ) ;
#1523 = VECTOR ( 'NONE', #1975, 1000.000000000000000 ) ;
#1524 = ORIENTED_EDGE ( 'NONE', *, *, #6487, .F. ) ;
#1525 = ADVANCED_FACE ( 'NONE', ( #234 ), #6895, .T. ) ;
#1526 = ORIENTED_EDGE ( 'NONE', *, *, #5393, .T. ) ;
#1527 = DIRECTION ( 'NONE',  ( -1.000000000000000000, 0.000000000000000000, 0.000000000000000000 ) ) ;
#1528 = VECTOR ( 'NONE', #3958, 1000.000000000000000 ) ;
#1529 = EDGE_CURVE ( 'NONE', #6470, #1298, #3820, .T. ) ;
#1530 = EDGE_CURVE ( 'NONE', #4899, #5416, #3221, .T. ) ;
#1531 = EDGE_CURVE ( 'NONE', #7020, #6065, #1694, .T. ) ;
#1532 = DIRECTION ( 'NONE',  ( 0.000000000000000000, -1.000000000000000000, 0.000000000000000000 ) ) ;
#1533 = VERTEX_POINT ( 'NONE', #267 ) ;
#1534 = CARTESIAN_POINT ( 'NONE',  ( -2.000000000000000000, 0.2999999999940679563, 2.299999999999999822 ) ) ;
#1535 = VERTEX_POINT ( 'NONE', #2047 ) ;
#1536 = VERTEX_POINT ( 'NONE', #4442 ) ;
#1537 = CARTESIAN_POINT ( 'NONE',  ( -1.949999999999999956, -0.9000000000000000222, 0.5000000000000000000 ) ) ;
#1538 = DIRECTION ( 'NONE',  ( 0.000000000000000000, 1.000000000000000000, 0.000000000000000000 ) ) ;
#1539 = DIRECTION ( 'NONE',  ( 0.000000000000000000, 1.445602896647339508E-15, 1.000000000000000000 ) ) ;
#1540 = DIRECTION ( 'NONE',  ( 0.000000000000000000, 1.000000000000000000, 0.000000000000000000 ) ) ;
#1541 = CIRCLE ( 'NONE', #4046, 0.2000000000000000944 ) ;
#1542 = DIRECTION ( 'NONE',  ( 0.000000000000000000, 0.000000000000000000, -1.000000000000000000 ) ) ;
#1543 = DIRECTION ( 'NONE',  ( -0.03489418781260640590, 0.01744177813808910071, -0.9992388003036511979 ) ) ;
#1544 = ORIENTED_EDGE ( 'NONE', *, *, #162, .T. ) ;
#1545 = LINE ( 'NONE', #6265, #5944 ) ;
#1546 = FACE_OUTER_BOUND ( 'NONE', #5562, .T. ) ;
#1547 = DIRECTION ( 'NONE',  ( -1.000000000000000000, 0.000000000000000000, 0.000000000000000000 ) ) ;
#1548 = ORIENTED_EDGE ( 'NONE', *, *, #1582, .F. ) ;
#1549 = VECTOR ( 'NONE', #4049, 1000.000000000000000 ) ;
#1550 =( BOUNDED_CURVE ( )  B_SPLINE_CURVE ( 3, ( #2550, #6068, #5442, #726 ),
 .UNSPECIFIED., .F., .T. ) 
 B_SPLINE_CURVE_WITH_KNOTS ( ( 4, 4 ),
 ( 4.712388980384689674, 6.233226911454660346 ),
 .UNSPECIFIED. ) 
 CURVE ( )  GEOMETRIC_REPRESENTATION_ITEM ( )  RATIONAL_B_SPLINE_CURVE ( ( 1.000000000000000000, 0.8163648751943569648, 0.8163648751943569648, 1.000000000000000000 ) ) 
 REPRESENTATION_ITEM ( '' )  );
#1551 = EDGE_CURVE ( 'NONE', #4221, #4482, #6816, .T. ) ;
#1552 = CARTESIAN_POINT ( 'NONE',  ( 0.2461754054898420141, 0.1038245945101799877, 0.3735081097972894892 ) ) ;
#1553 = CIRCLE ( 'NONE', #5921, 0.09999999999999982514 ) ;
#1554 = CYLINDRICAL_SURFACE ( 'NONE', #3706, 0.07000000000000018707 ) ;
#1555 = VERTEX_POINT ( 'NONE', #3258 ) ;
#1556 = LINE ( 'NONE', #1671, #5661 ) ;
#1557 = ORIENTED_EDGE ( 'NONE', *, *, #780, .F. ) ;
#1558 = EDGE_CURVE ( 'NONE', #2348, #390, #3895, .T. ) ;
#1559 = ORIENTED_EDGE ( 'NONE', *, *, #5615, .T. ) ;
#1560 = CIRCLE ( 'NONE', #7172, 0.09999999999999982514 ) ;
#1561 = CARTESIAN_POINT ( 'NONE',  ( -1.849999999975465048, 0.3800000000000000044, 2.399999999999999911 ) ) ;
#1562 = ADVANCED_FACE ( 'NONE', ( #5573 ), #5057, .T. ) ;
#1563 = FACE_OUTER_BOUND ( 'NONE', #4919, .T. ) ;
#1564 = DIRECTION ( 'NONE',  ( 0.000000000000000000, 1.000000000000000000, 0.000000000000000000 ) ) ;
#1565 = AXIS2_PLACEMENT_3D ( 'NONE', #1214, #5934, #6626 ) ;
#1566 = ORIENTED_EDGE ( 'NONE', *, *, #1106, .F. ) ;
#1567 = ORIENTED_EDGE ( 'NONE', *, *, #101, .T. ) ;
#1568 = EDGE_CURVE ( 'NONE', #3639, #4102, #5939, .T. ) ;
#1569 = LINE ( 'NONE', #984, #7300 ) ;
#1570 = VECTOR ( 'NONE', #6518, 1000.000000000000000 ) ;
#1571 = VECTOR ( 'NONE', #5744, 1000.000000000000000 ) ;
#1572 = VECTOR ( 'NONE', #738, 1000.000000000000000 ) ;
#1573 = DIRECTION ( 'NONE',  ( 0.000000000000000000, 0.000000000000000000, 1.000000000000000000 ) ) ;
#1574 = EDGE_LOOP ( 'NONE', ( #4277, #3487, #111, #4029 ) ) ;
#1575 = VECTOR ( 'NONE', #6707, 1000.000000000000000 ) ;
#1576 = CARTESIAN_POINT ( 'NONE',  ( 1.925000000000000044, -0.1658312395178000165, 2.299999999999999822 ) ) ;
#1577 = VECTOR ( 'NONE', #4726, 1000.000000000000000 ) ;
#1578 = EDGE_LOOP ( 'NONE', ( #3858, #3562, #279, #5613, #6216, #1475, #4076, #6485 ) ) ;
#1579 = EDGE_CURVE ( 'NONE', #523, #6678, #3319, .T. ) ;
#1580 = VERTEX_POINT ( 'NONE', #4369 ) ;
#1581 = CARTESIAN_POINT ( 'NONE',  ( -1.032310988842999988, -0.4755324458135539722, 3.401745240540294812 ) ) ;
#1582 = EDGE_CURVE ( 'NONE', #5546, #2994, #2124, .T. ) ;
#1583 = CARTESIAN_POINT ( 'NONE',  ( 2.000000000000000000, -0.2999999999999999889, 2.330000000000000071 ) ) ;
#1584 = CARTESIAN_POINT ( 'NONE',  ( -1.050000000000000044, -0.4000000000000000222, 2.299999999999999822 ) ) ;
#1585 = FACE_OUTER_BOUND ( 'NONE', #2988, .T. ) ;
#1586 = CARTESIAN_POINT ( 'NONE',  ( -2.100000000000000089, -0.4000000000000000222, 0.2500000000000000000 ) ) ;
#1587 = CIRCLE ( 'NONE', #3839, 0.2000000000000000944 ) ;
#1588 = ADVANCED_FACE ( 'NONE', ( #5659 ), #6240, .T. ) ;
#1589 = DIRECTION ( 'NONE',  ( -1.000000000000000000, 0.000000000000000000, 0.000000000000000000 ) ) ;
#1590 = PLANE ( 'NONE',  #7195 ) ;
#1591 = CARTESIAN_POINT ( 'NONE',  ( 0.5929541861521905322, 0.7474398216734911005, 0.2816745734635829335 ) ) ;
#1592 = ORIENTED_EDGE ( 'NONE', *, *, #6154, .T. ) ;
#1593 = FACE_OUTER_BOUND ( 'NONE', #4405, .T. ) ;
#1594 = CARTESIAN_POINT ( 'NONE',  ( 0.6393875839007107098, -0.8040550691304901854, 0.2532900993116335986 ) ) ;
#1595 = DIRECTION ( 'NONE',  ( 1.000000000000000000, 0.000000000000000000, 0.000000000000000000 ) ) ;
#1596 = ORIENTED_EDGE ( 'NONE', *, *, #2242, .T. ) ;
#1597 = CARTESIAN_POINT ( 'NONE',  ( 1.050000000000000044, 0.4000000000000000222, 2.200000000000000178 ) ) ;
#1598 = CARTESIAN_POINT ( 'NONE',  ( -1.275000000000000133, 0.9000000000000000222, 0.5000000000000000000 ) ) ;
#1599 = EDGE_LOOP ( 'NONE', ( #6647, #2129, #1649, #3510 ) ) ;
#1600 = LINE ( 'NONE', #7525, #3807 ) ;
#1601 = EDGE_LOOP ( 'NONE', ( #3201, #4468, #2804, #1126, #4520, #1778, #484, #7092, #4660, #685, #1643, #569 ) ) ;
#1602 = ORIENTED_EDGE ( 'NONE', *, *, #1004, .F. ) ;
#1603 = CARTESIAN_POINT ( 'NONE',  ( -0.8510128104262855153, -0.4755443054438899253, 3.400820230682886081 ) ) ;
#1604 = CARTESIAN_POINT ( 'NONE',  ( -1.899999999999999911, 0.09682458365518510635, 2.200000000000000178 ) ) ;
#1605 = CARTESIAN_POINT ( 'NONE',  ( -1.932869999999999866, -0.6449999999999999067, 1.500000000000000000 ) ) ;
#1606 = LINE ( 'NONE', #1720, #6526 ) ;
#1607 = CARTESIAN_POINT ( 'NONE',  ( -1.850000000000000089, -0.2999999999999999889, 2.299999999999999822 ) ) ;
#1608 = EDGE_LOOP ( 'NONE', ( #7580, #320, #2967, #5931 ) ) ;
#1609 = DIRECTION ( 'NONE',  ( 0.000000000000000000, 1.000000000000000000, 0.000000000000000000 ) ) ;
#1610 = DIRECTION ( 'NONE',  ( -0.04987546680538120641, 0.04987546680549810596, -0.9975093361076270426 ) ) ;
#1611 = VERTEX_POINT ( 'NONE', #2146 ) ;
#1612 = DIRECTION ( 'NONE',  ( 0.000000000000000000, 0.000000000000000000, -1.000000000000000000 ) ) ;
#1613 = ORIENTED_EDGE ( 'NONE', *, *, #3233, .T. ) ;
#1614 = ORIENTED_EDGE ( 'NONE', *, *, #200, .T. ) ;
#1615 = CARTESIAN_POINT ( 'NONE',  ( -1.875000000000000000, -0.8000000000000000444, -0.1881966011250000015 ) ) ;
#1616 = CARTESIAN_POINT ( 'NONE',  ( 0.8499999999848999455, -1.199999999999999956, 1.399999999999999911 ) ) ;
#1617 = CARTESIAN_POINT ( 'NONE',  ( -0.5635974630727036416, 0.7153549246078093615, 0.3247292784674539190 ) ) ;
#1618 = CARTESIAN_POINT ( 'NONE',  ( -1.849999999971450038, 0.3799999999999374989, 2.399999999999999911 ) ) ;
#1619 = FACE_OUTER_BOUND ( 'NONE', #5302, .T. ) ;
#1620 = EDGE_CURVE ( 'NONE', #1692, #6332, #6836, .T. ) ;
#1621 = CYLINDRICAL_SURFACE ( 'NONE', #291, 0.1300000000000000044 ) ;
#1622 = FACE_OUTER_BOUND ( 'NONE', #6034, .T. ) ;
#1623 = LINE ( 'NONE', #6378, #5180 ) ;
#1624 = EDGE_LOOP ( 'NONE', ( #3724, #7682, #7380, #1829 ) ) ;
#1625 = FACE_OUTER_BOUND ( 'NONE', #5995, .T. ) ;
#1626 = DIRECTION ( 'NONE',  ( 0.000000000000000000, 0.000000000000000000, 1.000000000000000000 ) ) ;
#1627 = LINE ( 'NONE', #970, #4448 ) ;
#1628 = EDGE_LOOP ( 'NONE', ( #2704, #1953, #6045, #5109, #2080 ) ) ;
#1629 = EDGE_CURVE ( 'NONE', #2322, #1880, #2701, .T. ) ;
#1630 = EDGE_CURVE ( 'NONE', #2526, #2254, #7579, .T. ) ;
#1631 = LINE ( 'NONE', #3312, #6500 ) ;
#1632 = FACE_OUTER_BOUND ( 'NONE', #1733, .T. ) ;
#1633 = ORIENTED_EDGE ( 'NONE', *, *, #124, .F. ) ;
#1634 =( LENGTH_UNIT ( ) NAMED_UNIT ( * ) SI_UNIT ( .MILLI., .METRE. ) );
#1635 = ORIENTED_EDGE ( 'NONE', *, *, #3864, .T. ) ;
#1636 = VERTEX_POINT ( 'NONE', #3326 ) ;
#1637 = CARTESIAN_POINT ( 'NONE',  ( -0.5350000000000000311, 0.08499999999999569011, 0.7500000000000000000 ) ) ;
#1638 = LINE ( 'NONE', #6321, #175 ) ;
#1639 = DIRECTION ( 'NONE',  ( -0.000000000000000000, 0.9987523388778447586, 0.04993761694389219075 ) ) ;
#1640 = CARTESIAN_POINT ( 'NONE',  ( 0.2650000000000000133, 0.5150000000000000133, 0.7500000000000000000 ) ) ;
#1641 = DIRECTION ( 'NONE',  ( 1.000000000000000000, 0.000000000000000000, 0.000000000000000000 ) ) ;
#1642 = AXIS2_PLACEMENT_3D ( 'NONE', #93, #6009, #557 ) ;
#1643 = ORIENTED_EDGE ( 'NONE', *, *, #3203, .F. ) ;
#1644 = CARTESIAN_POINT ( 'NONE',  ( -2.075000000000000178, 0.000000000000000000, 2.200000000000000178 ) ) ;
#1645 = VECTOR ( 'NONE', #5016, 1000.000000000000000 ) ;
#1646 = PLANE ( 'NONE',  #5268 ) ;
#1647 = EDGE_CURVE ( 'NONE', #140, #3972, #2817, .T. ) ;
#1648 = ORIENTED_EDGE ( 'NONE', *, *, #3864, .F. ) ;
#1649 = ORIENTED_EDGE ( 'NONE', *, *, #6427, .T. ) ;
#1650 = ORIENTED_EDGE ( 'NONE', *, *, #5747, .T. ) ;
#1651 = DIRECTION ( 'NONE',  ( 1.000000000000000000, 0.000000000000000000, 0.000000000000000000 ) ) ;
#1652 = AXIS2_PLACEMENT_3D ( 'NONE', #1097, #6869, #4616 ) ;
#1653 = PLANE ( 'NONE',  #908 ) ;
#1654 = VECTOR ( 'NONE', #5831, 1000.000000000000000 ) ;
#1655 = CARTESIAN_POINT ( 'NONE',  ( -0.6407106710560012131, 0.8060659156373373158, 0.2527985861194562700 ) ) ;
#1656 = CARTESIAN_POINT ( 'NONE',  ( 1.275000000000000133, -0.3499999999999999778, 0.2500000000000000000 ) ) ;
#1657 = CYLINDRICAL_SURFACE ( 'NONE', #1302, 0.1000000000000000472 ) ;
#1658 = LINE ( 'NONE', #2840, #107 ) ;
#1659 = DIRECTION ( 'NONE',  ( 1.000000000000000000, 0.000000000000000000, 0.000000000000000000 ) ) ;
#1660 = ORIENTED_EDGE ( 'NONE', *, *, #7264, .T. ) ;
#1661 = CARTESIAN_POINT ( 'NONE',  ( -0.8500000000151008983, -1.299999999995513855, 1.399999999999999911 ) ) ;
#1662 = CARTESIAN_POINT ( 'NONE',  ( -2.075000000000000178, 0.000000000000000000, 2.100000000000000089 ) ) ;
#1663 = DIRECTION ( 'NONE',  ( 0.000000000000000000, 0.000000000000000000, 1.000000000000000000 ) ) ;
#1664 = ORIENTED_EDGE ( 'NONE', *, *, #4214, .F. ) ;
#1665 = EDGE_CURVE ( 'NONE', #3972, #3473, #4583, .T. ) ;
#1666 = AXIS2_PLACEMENT_3D ( 'NONE', #3399, #4655, #3479 ) ;
#1667 = DIRECTION ( 'NONE',  ( 0.000000000000000000, 0.000000000000000000, 1.000000000000000000 ) ) ;
#1668 = EDGE_CURVE ( 'NONE', #5135, #7219, #286, .T. ) ;
#1669 = DIRECTION ( 'NONE',  ( 1.000000000000000000, 0.000000000000000000, 0.000000000000000000 ) ) ;
#1670 = ORIENTED_EDGE ( 'NONE', *, *, #4333, .T. ) ;
#1671 = CARTESIAN_POINT ( 'NONE',  ( 0.5538245945101359924, 0.1038245945101573947, 0.3735081097972894892 ) ) ;
#1672 = AXIS2_PLACEMENT_3D ( 'NONE', #7201, #617, #4829 ) ;
#1673 = ORIENTED_EDGE ( 'NONE', *, *, #7069, .F. ) ;
#1674 = EDGE_CURVE ( 'NONE', #5322, #1262, #6913, .T. ) ;
#1675 = ADVANCED_FACE ( 'NONE', ( #409 ), #2778, .F. ) ;
#1676 = EDGE_CURVE ( 'NONE', #3668, #2423, #211, .T. ) ;
#1677 = CARTESIAN_POINT ( 'NONE',  ( 0.000000000000000000, 0.4000000000000000222, 0.5000000000000000000 ) ) ;
#1678 = CARTESIAN_POINT ( 'NONE',  ( -1.600000000000000089, 0.2500000000000000000, 2.100000000000000089 ) ) ;
#1679 = CARTESIAN_POINT ( 'NONE',  ( 1.800000000000000044, 0.3499999999999999778, 2.299999999999999822 ) ) ;
#1680 = CARTESIAN_POINT ( 'NONE',  ( 0.6491876473304968309, 0.3752301496344006559, 0.2502208312359036069 ) ) ;
#1681 = DIRECTION ( 'NONE',  ( 0.000000000000000000, 0.000000000000000000, -1.000000000000000000 ) ) ;
#1682 = EDGE_LOOP ( 'NONE', ( #758, #4087, #3769, #7205 ) ) ;
#1683 = LINE ( 'NONE', #4077, #1570 ) ;
#1684 = ORIENTED_EDGE ( 'NONE', *, *, #283, .F. ) ;
#1685 = CARTESIAN_POINT ( 'NONE',  ( -0.5350000000000000311, 0.9000000000000000222, 0.7500000000000000000 ) ) ;
#1686 = AXIS2_PLACEMENT_3D ( 'NONE', #781, #2574, #272 ) ;
#1687 = EDGE_LOOP ( 'NONE', ( #3386, #1226, #3527, #4932 ) ) ;
#1688 = ORIENTED_EDGE ( 'NONE', *, *, #1771, .T. ) ;
#1689 = ORIENTED_EDGE ( 'NONE', *, *, #4779, .F. ) ;
#1690 = AXIS2_PLACEMENT_3D ( 'NONE', #4384, #2029, #759 ) ;
#1691 = CARTESIAN_POINT ( 'NONE',  ( -1.500000000000000000, 0.2500000000000000000, 2.299999999999999822 ) ) ;
#1692 = VERTEX_POINT ( 'NONE', #7414 ) ;
#1693 = DIRECTION ( 'NONE',  ( 1.000000000000000000, 0.000000000000000000, 0.000000000000000000 ) ) ;
#1694 = CIRCLE ( 'NONE', #6933, 0.1499999999999999667 ) ;
#1695 = LINE ( 'NONE', #5129, #7281 ) ;
#1696 = AXIS2_PLACEMENT_3D ( 'NONE', #3944, #7009, #2914 ) ;
#1697 = CIRCLE ( 'NONE', #1453, 0.07000000000000018707 ) ;
#1698 = VECTOR ( 'NONE', #3774, 1000.000000000000000 ) ;
#1699 = CARTESIAN_POINT ( 'NONE',  ( -0.6142125391548127755, -0.7714318935557596957, 0.2648719078912577518 ) ) ;
#1700 = CARTESIAN_POINT ( 'NONE',  ( -2.250000000000000000, 0.9000000000000000222, 2.100000000000000089 ) ) ;
#1701 = ORIENTED_EDGE ( 'NONE', *, *, #7213, .F. ) ;
#1702 = CARTESIAN_POINT ( 'NONE',  ( -1.525000000000000133, -0.8000000000000000444, 0.5000000000000000000 ) ) ;
#1703 = CARTESIAN_POINT ( 'NONE',  ( 1.050000000000000044, 0.4749999999999999778, 2.100000000000000089 ) ) ;
#1704 = DIRECTION ( 'NONE',  ( 0.000000000000000000, -1.000000000000000000, 0.000000000000000000 ) ) ;
#1705 = ORIENTED_EDGE ( 'NONE', *, *, #7258, .F. ) ;
#1706 = AXIS2_PLACEMENT_3D ( 'NONE', #1702, #6578, #655 ) ;
#1707 = VECTOR ( 'NONE', #6143, 1000.000000000000000 ) ;
#1708 = PLANE ( 'NONE',  #7137 ) ;
#1709 = EDGE_CURVE ( 'NONE', #5505, #4444, #2573, .T. ) ;
#1710 = DIRECTION ( 'NONE',  ( 0.000000000000000000, 0.000000000000000000, 1.000000000000000000 ) ) ;
#1711 = ORIENTED_EDGE ( 'NONE', *, *, #4642, .T. ) ;
#1712 = DIRECTION ( 'NONE',  ( 0.9993908270190960952, 0.000000000000000000, 0.03489949670249306579 ) ) ;
#1713 = ORIENTED_EDGE ( 'NONE', *, *, #2578, .F. ) ;
#1714 = ORIENTED_EDGE ( 'NONE', *, *, #4882, .F. ) ;
#1715 = DIRECTION ( 'NONE',  ( 0.000000000000000000, -1.000000000000000000, 0.000000000000000000 ) ) ;
#1716 = CARTESIAN_POINT ( 'NONE',  ( -1.899999999999999911, 0.3499999999999999778, 2.299999999999999822 ) ) ;
#1717 = EDGE_CURVE ( 'NONE', #390, #5419, #5823, .T. ) ;
#1718 = APPLICATION_PROTOCOL_DEFINITION ( 'draft international standard', 'automotive_design', 1998, #3394 ) ;
#1719 = ADVANCED_FACE ( 'NONE', ( #4618 ), #6442, .F. ) ;
#1720 = CARTESIAN_POINT ( 'NONE',  ( 1.800000000000000044, -0.3499999999999999778, 2.658830721404000563 ) ) ;
#1721 = DIRECTION ( 'NONE',  ( 0.000000000000000000, 0.000000000000000000, -1.000000000000000000 ) ) ;
#1722 = FACE_OUTER_BOUND ( 'NONE', #296, .T. ) ;
#1723 = VERTEX_POINT ( 'NONE', #1133 ) ;
#1724 = CARTESIAN_POINT ( 'NONE',  ( -2.120000000000000107, 0.9000000000000000222, 2.100000000000000089 ) ) ;
#1725 = ADVANCED_FACE ( 'NONE', ( #7026 ), #1099, .F. ) ;
#1726 = CARTESIAN_POINT ( 'NONE',  ( 0.7500000000000000000, 0.6849999999999999423, 0.7500000000000000000 ) ) ;
#1727 = ADVANCED_FACE ( 'NONE', ( #6401 ), #3480, .T. ) ;
#1728 = EDGE_CURVE ( 'NONE', #6027, #5866, #5228, .T. ) ;
#1729 = ORIENTED_EDGE ( 'NONE', *, *, #18, .T. ) ;
#1730 = ORIENTED_EDGE ( 'NONE', *, *, #4184, .T. ) ;
#1731 = VERTEX_POINT ( 'NONE', #2931 ) ;
#1732 = CARTESIAN_POINT ( 'NONE',  ( 0.7500000000000000000, -0.08500000000000000611, 0.7500000000000000000 ) ) ;
#1733 = EDGE_LOOP ( 'NONE', ( #5586, #215, #4900, #6250 ) ) ;
#1734 = LINE ( 'NONE', #5990, #4415 ) ;
#1735 = DIRECTION ( 'NONE',  ( 0.000000000000000000, -1.000000000000000000, 0.000000000000000000 ) ) ;
#1736 = CARTESIAN_POINT ( 'NONE',  ( -0.6499999999999602762, -0.8290151734930252259, 0.2500000000000000555 ) ) ;
#1737 = DIRECTION ( 'NONE',  ( -1.000000000000000000, 0.000000000000000000, 0.000000000000000000 ) ) ;
#1738 = ORIENTED_EDGE ( 'NONE', *, *, #67, .T. ) ;
#1739 = PLANE ( 'NONE',  #3082 ) ;
#1740 = DIRECTION ( 'NONE',  ( -1.000000000000000000, 0.000000000000000000, 0.000000000000000000 ) ) ;
#1741 = LINE ( 'NONE', #1893, #4075 ) ;
#1742 = DIRECTION ( 'NONE',  ( 0.000000000000000000, -1.000000000000000000, 0.000000000000000000 ) ) ;
#1743 = CARTESIAN_POINT ( 'NONE',  ( -1.925000000000000044, -0.4000000000000000222, 0.000000000000000000 ) ) ;
#1744 = ORIENTED_EDGE ( 'NONE', *, *, #1770, .F. ) ;
#1745 = FACE_OUTER_BOUND ( 'NONE', #5326, .T. ) ;
#1746 = ORIENTED_EDGE ( 'NONE', *, *, #1375, .F. ) ;
#1747 = ORIENTED_EDGE ( 'NONE', *, *, #2223, .F. ) ;
#1748 = CARTESIAN_POINT ( 'NONE',  ( -2.194999999999999840, -0.2750000000000000222, 2.495600000000000041 ) ) ;
#1749 = DIRECTION ( 'NONE',  ( 0.000000000000000000, 0.000000000000000000, 1.000000000000000000 ) ) ;
#1750 =( NAMED_UNIT ( * ) SI_UNIT ( $, .STERADIAN. ) SOLID_ANGLE_UNIT ( ) );
#1751 = DIRECTION ( 'NONE',  ( -1.000000000000000000, 0.000000000000000000, 0.000000000000000000 ) ) ;
#1752 = LINE ( 'NONE', #5938, #4574 ) ;
#1753 = CARTESIAN_POINT ( 'NONE',  ( 0.6490056111029568475, -0.3756735527281008236, 0.2502619736960299823 ) ) ;
#1754 = PLANE ( 'NONE',  #6085 ) ;
#1755 = VERTEX_POINT ( 'NONE', #3442 ) ;
#1756 = CARTESIAN_POINT ( 'NONE',  ( 0.000000000000000000, 0.3499999999999999778, 0.2500000000000000000 ) ) ;
#1757 = EDGE_CURVE ( 'NONE', #1692, #3380, #5858, .T. ) ;
#1758 = CARTESIAN_POINT ( 'NONE',  ( -2.200000000000000178, -0.3750000000000000000, 2.100000000000000089 ) ) ;
#1759 = VECTOR ( 'NONE', #1374, 1000.000000000000227 ) ;
#1760 = CARTESIAN_POINT ( 'NONE',  ( -0.9965079230508449015, -0.3983005334301734646, 2.100000000000000089 ) ) ;
#1761 = VECTOR ( 'NONE', #4116, 1000.000000000000000 ) ;
#1762 = EDGE_LOOP ( 'NONE', ( #7619, #7461, #1290, #2231 ) ) ;
#1763 = EDGE_CURVE ( 'NONE', #1786, #932, #4827, .T. ) ;
#1764 = ORIENTED_EDGE ( 'NONE', *, *, #4119, .T. ) ;
#1765 = ORIENTED_EDGE ( 'NONE', *, *, #1757, .T. ) ;
#1766 = DIRECTION ( 'NONE',  ( 0.000000000000000000, 0.000000000000000000, 1.000000000000000000 ) ) ;
#1767 = VERTEX_POINT ( 'NONE', #7100 ) ;
#1768 = CARTESIAN_POINT ( 'NONE',  ( -0.6500000000000000222, -0.9000000000000000222, 0.000000000000000000 ) ) ;
#1769 = EDGE_CURVE ( 'NONE', #6138, #2985, #1752, .T. ) ;
#1770 = EDGE_CURVE ( 'NONE', #6904, #2395, #5351, .T. ) ;
#1771 = EDGE_CURVE ( 'NONE', #3878, #1369, #5514, .T. ) ;
#1772 = VECTOR ( 'NONE', #2095, 1000.000000000000000 ) ;
#1773 = DIRECTION ( 'NONE',  ( 0.000000000000000000, 0.000000000000000000, -1.000000000000000000 ) ) ;
#1774 = AXIS2_PLACEMENT_3D ( 'NONE', #5358, #643, #6970 ) ;
#1775 = CARTESIAN_POINT ( 'NONE',  ( -0.6474304142646618576, -0.8199786129451602790, 0.2507221828342951486 ) ) ;
#1776 = DIRECTION ( 'NONE',  ( 0.000000000000000000, 0.000000000000000000, 1.000000000000000000 ) ) ;
#1777 = ORIENTED_EDGE ( 'NONE', *, *, #3203, .T. ) ;
#1778 = ORIENTED_EDGE ( 'NONE', *, *, #4451, .F. ) ;
#1779 = LINE ( 'NONE', #6461, #3578 ) ;
#1780 = DIRECTION ( 'NONE',  ( 1.000000000000000000, 0.000000000000000000, 0.000000000000000000 ) ) ;
#1781 = PLANE ( 'NONE',  #589 ) ;
#1782 = DIRECTION ( 'NONE',  ( 1.000000000000000000, 0.000000000000000000, 0.000000000000000000 ) ) ;
#1783 = CARTESIAN_POINT ( 'NONE',  ( 2.157499999997749995, 0.3822975189103910432, 2.100000000000000089 ) ) ;
#1784 = AXIS2_PLACEMENT_3D ( 'NONE', #7506, #6926, #3931 ) ;
#1785 = CARTESIAN_POINT ( 'NONE',  ( -1.525000000000000133, -0.8750000000000000000, -0.1881966011250000015 ) ) ;
#1786 = VERTEX_POINT ( 'NONE', #4860 ) ;
#1787 = LINE ( 'NONE', #5420, #5418 ) ;
#1788 = ORIENTED_EDGE ( 'NONE', *, *, #4402, .T. ) ;
#1789 = ORIENTED_EDGE ( 'NONE', *, *, #6727, .T. ) ;
#1790 = VECTOR ( 'NONE', #2905, 1000.000000000000000 ) ;
#1791 = LINE ( 'NONE', #4849, #4320 ) ;
#1792 = DIRECTION ( 'NONE',  ( -1.000000000000000000, 0.000000000000000000, 0.000000000000000000 ) ) ;
#1793 = AXIS2_PLACEMENT_3D ( 'NONE', #6259, #5639, #6769 ) ;
#1794 = LINE ( 'NONE', #7099, #3282 ) ;
#1795 = CYLINDRICAL_SURFACE ( 'NONE', #2077, 0.07000000000000018707 ) ;
#1796 = ORIENTED_EDGE ( 'NONE', *, *, #988, .F. ) ;
#1797 = CARTESIAN_POINT ( 'NONE',  ( -1.850000000000000089, 0.2999999999999999889, 2.299999999999999822 ) ) ;
#1798 = TOROIDAL_SURFACE ( 'NONE', #928, 0.08000000000000090372, 0.06999999999999999278 ) ;
#1799 = EDGE_CURVE ( 'NONE', #434, #3604, #3644, .T. ) ;
#1800 =( BOUNDED_CURVE ( )  B_SPLINE_CURVE ( 3, ( #6644, #5396, #4148, #5475 ),
 .UNSPECIFIED., .F., .T. ) 
 B_SPLINE_CURVE_WITH_KNOTS ( ( 4, 4 ),
 ( 1.570796326794895004, 3.091634257871954894 ),
 .UNSPECIFIED. ) 
 CURVE ( )  GEOMETRIC_REPRESENTATION_ITEM ( )  RATIONAL_B_SPLINE_CURVE ( ( 1.000000000000000000, 0.8163648751927290448, 0.8163648751927290448, 1.000000000000000000 ) ) 
 REPRESENTATION_ITEM ( '' )  );
#1801 = DIRECTION ( 'NONE',  ( 1.000000000000000000, 0.000000000000000000, 0.000000000000000000 ) ) ;
#1802 = CARTESIAN_POINT ( 'NONE',  ( 0.8510132670885490747, -0.4755444493121870897, 3.400802520648761096 ) ) ;
#1803 = ORIENTED_EDGE ( 'NONE', *, *, #6288, .F. ) ;
#1804 = AXIS2_PLACEMENT_3D ( 'NONE', #399, #6948, #6468 ) ;
#1805 = ORIENTED_EDGE ( 'NONE', *, *, #5489, .T. ) ;
#1806 = VERTEX_POINT ( 'NONE', #1405 ) ;
#1807 = DIRECTION ( 'NONE',  ( 0.000000000000000000, 0.000000000000000000, -1.000000000000000000 ) ) ;
#1808 = ORIENTED_EDGE ( 'NONE', *, *, #5421, .F. ) ;
#1809 = CARTESIAN_POINT ( 'NONE',  ( -2.200000000000000178, -0.9449999999999999512, 1.800000000000000044 ) ) ;
#1810 = DIRECTION ( 'NONE',  ( 1.000000000000000000, 0.000000000000000000, 0.000000000000000000 ) ) ;
#1811 = ADVANCED_FACE ( 'NONE', ( #1921 ), #4315, .F. ) ;
#1812 = ADVANCED_FACE ( 'NONE', ( #684 ), #792, .F. ) ;
#1813 = DIRECTION ( 'NONE',  ( 0.000000000000000000, 0.000000000000000000, -1.000000000000000000 ) ) ;
#1814 = DIRECTION ( 'NONE',  ( 0.000000000000000000, 1.000000000000000000, 0.000000000000000000 ) ) ;
#1815 = AXIS2_PLACEMENT_3D ( 'NONE', #3029, #652, #4205 ) ;
#1816 = VERTEX_POINT ( 'NONE', #4346 ) ;
#1817 = ORIENTED_EDGE ( 'NONE', *, *, #7638, .F. ) ;
#1818 = CARTESIAN_POINT ( 'NONE',  ( -0.9499999999999999556, -0.5000000000000000000, 2.495600000000000041 ) ) ;
#1819 = DIRECTION ( 'NONE',  ( 1.000000000000000000, 0.000000000000000000, 0.000000000000000000 ) ) ;
#1820 = LINE ( 'NONE', #7089, #5564 ) ;
#1821 = ADVANCED_FACE ( 'NONE', ( #891 ), #5071, .T. ) ;
#1822 = VECTOR ( 'NONE', #7459, 1000.000000000000000 ) ;
#1823 = AXIS2_PLACEMENT_3D ( 'NONE', #658, #3035, #4870 ) ;
#1824 = DIRECTION ( 'NONE',  ( 0.000000000000000000, -1.000000000000000000, 0.000000000000000000 ) ) ;
#1825 = FACE_OUTER_BOUND ( 'NONE', #7234, .T. ) ;
#1826 = ORIENTED_EDGE ( 'NONE', *, *, #1529, .F. ) ;
#1827 = CIRCLE ( 'NONE', #4330, 0.07000000000000018707 ) ;
#1828 = DIRECTION ( 'NONE',  ( 1.000000000000000000, 0.000000000000000000, 0.000000000000000000 ) ) ;
#1829 = ORIENTED_EDGE ( 'NONE', *, *, #1488, .F. ) ;
#1830 = VECTOR ( 'NONE', #7475, 1000.000000000000000 ) ;
#1831 = ORIENTED_EDGE ( 'NONE', *, *, #3289, .F. ) ;
#1832 = DIRECTION ( 'NONE',  ( -1.000000000000000000, 0.000000000000000000, 0.000000000000000000 ) ) ;
#1833 = CARTESIAN_POINT ( 'NONE',  ( 1.899999999999999911, 0.3499999999999999778, 2.100000000000000089 ) ) ;
#1834 = VECTOR ( 'NONE', #5559, 1000.000000000000000 ) ;
#1835 = APPLICATION_PROTOCOL_DEFINITION ( 'draft international standard', 'automotive_design', 1998, #7087 ) ;
#1836 = CARTESIAN_POINT ( 'NONE',  ( -2.100000000000000089, -0.9250000000000000444, 2.100000000000000089 ) ) ;
#1837 = DIRECTION ( 'NONE',  ( 0.000000000000000000, 0.000000000000000000, -1.000000000000000000 ) ) ;
#1838 = ORIENTED_EDGE ( 'NONE', *, *, #3495, .F. ) ;
#1839 = CARTESIAN_POINT ( 'NONE',  ( -0.2650000000000000133, -0.6849999999999999423, 0.7500000000000000000 ) ) ;
#1840 = EDGE_CURVE ( 'NONE', #614, #244, #5541, .T. ) ;
#1841 = PLANE ( 'NONE',  #5250 ) ;
#1842 = CARTESIAN_POINT ( 'NONE',  ( 2.200000000000000178, -0.6500000000000000222, 1.500000000000000000 ) ) ;
#1843 = ORIENTED_EDGE ( 'NONE', *, *, #491, .F. ) ;
#1844 = ORIENTED_EDGE ( 'NONE', *, *, #1728, .F. ) ;
#1845 = VERTEX_POINT ( 'NONE', #166 ) ;
#1846 = DIRECTION ( 'NONE',  ( -1.000000000000000000, 0.000000000000000000, 0.000000000000000000 ) ) ;
#1847 = ORIENTED_EDGE ( 'NONE', *, *, #6161, .T. ) ;
#1848 = DIRECTION ( 'NONE',  ( 0.000000000000000000, 1.000000000000000000, 0.000000000000000000 ) ) ;
#1849 = DIRECTION ( 'NONE',  ( 0.000000000000000000, 0.000000000000000000, -1.000000000000000000 ) ) ;
#1850 = CARTESIAN_POINT ( 'NONE',  ( 0.6836623985643000001, 0.2336623985642999890, 0.2500000000000000000 ) ) ;
#1851 = DIRECTION ( 'NONE',  ( 0.000000000000000000, 0.000000000000000000, 1.000000000000000000 ) ) ;
#1852 = EDGE_LOOP ( 'NONE', ( #7136, #1372, #5738, #6687 ) ) ;
#1853 = ORIENTED_EDGE ( 'NONE', *, *, #7243, .T. ) ;
#1854 = DIRECTION ( 'NONE',  ( 0.000000000000000000, 0.000000000000000000, 1.000000000000000000 ) ) ;
#1855 = LINE ( 'NONE', #1703, #6896 ) ;
#1856 = CARTESIAN_POINT ( 'NONE',  ( 1.275000000000000133, -0.4000000000000000222, 0.000000000000000000 ) ) ;
#1857 = EDGE_CURVE ( 'NONE', #5164, #640, #5650, .T. ) ;
#1858 = EDGE_CURVE ( 'NONE', #5233, #4772, #7451, .T. ) ;
#1859 = CARTESIAN_POINT ( 'NONE',  ( 0.1163376014357000027, -0.3663376014356999888, 0.2500000000000000000 ) ) ;
#1860 = LINE ( 'NONE', #3078, #5758 ) ;
#1861 = DIRECTION ( 'NONE',  ( 0.000000000000000000, 0.000000000000000000, -1.000000000000000000 ) ) ;
#1862 = EDGE_CURVE ( 'NONE', #3489, #6291, #1445, .T. ) ;
#1863 = ORIENTED_EDGE ( 'NONE', *, *, #304, .F. ) ;
#1864 = DIRECTION ( 'NONE',  ( 0.000000000000000000, -1.000000000000000000, 0.000000000000000000 ) ) ;
#1865 = VERTEX_POINT ( 'NONE', #6200 ) ;
#1866 = VERTEX_POINT ( 'NONE', #3157 ) ;
#1867 = ADVANCED_FACE ( 'NONE', ( #3228 ), #5187, .T. ) ;
#1868 = EDGE_CURVE ( 'NONE', #1442, #4912, #2537, .T. ) ;
#1869 = EDGE_CURVE ( 'NONE', #7, #4729, #5904, .T. ) ;
#1870 = CARTESIAN_POINT ( 'NONE',  ( -1.858677673624999915, -0.3800000000000000044, 2.330000000000000071 ) ) ;
#1871 = CARTESIAN_POINT ( 'NONE',  ( 1.925000000000000044, 0.2704156197588999944, 2.200000000000000178 ) ) ;
#1872 = DIRECTION ( 'NONE',  ( 0.000000000000000000, 0.000000000000000000, 1.000000000000000000 ) ) ;
#1873 = SHAPE_DEFINITION_REPRESENTATION ( #4426, #5080 ) ;
#1874 = CARTESIAN_POINT ( 'NONE',  ( 0.8510499682743000172, 0.5000000000000000000, 3.500000000000000000 ) ) ;
#1875 = CARTESIAN_POINT ( 'NONE',  ( -0.5641348408898566591, -0.4840570004171068641, 0.3236746148519071276 ) ) ;
#1876 = ORIENTED_EDGE ( 'NONE', *, *, #3826, .F. ) ;
#1877 = LINE ( 'NONE', #6131, #4939 ) ;
#1878 = CARTESIAN_POINT ( 'NONE',  ( 0.8965074369655851028, 0.4982544935071779868, 2.100000000000000089 ) ) ;
#1879 = CARTESIAN_POINT ( 'NONE',  ( -1.899999999999999911, 0.2500000000000000000, 2.100000000000000089 ) ) ;
#1880 = VERTEX_POINT ( 'NONE', #2651 ) ;
#1881 = ORIENTED_EDGE ( 'NONE', *, *, #2920, .F. ) ;
#1882 = ORIENTED_EDGE ( 'NONE', *, *, #2773, .F. ) ;
#1883 = DIRECTION ( 'NONE',  ( -1.000000000000000000, 0.000000000000000000, 0.000000000000000000 ) ) ;
#1884 = EDGE_CURVE ( 'NONE', #23, #4912, #6746, .T. ) ;
#1885 = AXIS2_PLACEMENT_3D ( 'NONE', #5225, #2697, #3397 ) ;
#1886 = CARTESIAN_POINT ( 'NONE',  ( 1.275000000000000133, 0.9000000000000000222, 0.5000000000000000000 ) ) ;
#1887 = DIRECTION ( 'NONE',  ( -1.000000000000000000, 0.000000000000000000, 0.000000000000000000 ) ) ;
#1888 = ORIENTED_EDGE ( 'NONE', *, *, #6581, .F. ) ;
#1889 = ORIENTED_EDGE ( 'NONE', *, *, #3014, .T. ) ;
#1890 = CARTESIAN_POINT ( 'NONE',  ( 0.8499999999848999455, -1.199999999999999956, 1.199999999999999956 ) ) ;
#1891 = AXIS2_PLACEMENT_3D ( 'NONE', #6745, #3155, #3790 ) ;
#1892 = FACE_OUTER_BOUND ( 'NONE', #4136, .T. ) ;
#1893 = CARTESIAN_POINT ( 'NONE',  ( -2.100000000000000089, -0.9250000000000000444, 2.299999999999999822 ) ) ;
#1894 = EDGE_CURVE ( 'NONE', #4613, #2395, #3720, .T. ) ;
#1895 = AXIS2_PLACEMENT_3D ( 'NONE', #5218, #7603, #4171 ) ;
#1896 = DIRECTION ( 'NONE',  ( 1.000000000000000000, 0.000000000000000000, 0.000000000000000000 ) ) ;
#1897 = CARTESIAN_POINT ( 'NONE',  ( -2.100000000000000089, -0.9449999999999999512, 2.100000000000000089 ) ) ;
#1898 = LINE ( 'NONE', #5461, #2818 ) ;
#1899 = CIRCLE ( 'NONE', #4395, 0.09999999999999982514 ) ;
#1900 = ORIENTED_EDGE ( 'NONE', *, *, #2237, .F. ) ;
#1901 = DIRECTION ( 'NONE',  ( 0.000000000000000000, 0.000000000000000000, -1.000000000000000000 ) ) ;
#1902 = ORIENTED_EDGE ( 'NONE', *, *, #1894, .F. ) ;
#1903 = ORIENTED_EDGE ( 'NONE', *, *, #1757, .F. ) ;
#1904 = AXIS2_PLACEMENT_3D ( 'NONE', #6010, #5428, #6595 ) ;
#1905 = AXIS2_PLACEMENT_3D ( 'NONE', #6208, #721, #5511 ) ;
#1906 = CARTESIAN_POINT ( 'NONE',  ( -0.9499999999999999556, 0.5000000000000000000, 2.200000000000000178 ) ) ;
#1907 = EDGE_CURVE ( 'NONE', #7587, #5075, #2579, .T. ) ;
#1908 = DIRECTION ( 'NONE',  ( 0.000000000000000000, 0.000000000000000000, -1.000000000000000000 ) ) ;
#1909 = PLANE ( 'NONE',  #6651 ) ;
#1910 = EDGE_CURVE ( 'NONE', #1611, #972, #6354, .T. ) ;
#1912 = EDGE_CURVE ( 'NONE', #5275, #1416, #1949, .T. ) ;
#1911 = CARTESIAN_POINT ( 'NONE',  ( 0.2650000000000000133, 0.9000000000000000222, 0.7500000000000000000 ) ) ;
#1913 = EDGE_LOOP ( 'NONE', ( #3528, #4234, #5178, #7308 ) ) ;
#1914 = EDGE_CURVE ( 'NONE', #5599, #4772, #1984, .T. ) ;
#1915 = ORIENTED_EDGE ( 'NONE', *, *, #2747, .F. ) ;
#1916 = DIRECTION ( 'NONE',  ( 0.000000000000000000, 0.000000000000000000, -1.000000000000000000 ) ) ;
#1917 = EDGE_CURVE ( 'NONE', #1755, #5108, #3791, .T. ) ;
#1918 = VECTOR ( 'NONE', #27, 1000.000000000000227 ) ;
#1919 = CARTESIAN_POINT ( 'NONE',  ( 2.075000000000000178, 0.000000000000000000, 2.200000000000000178 ) ) ;
#1920 = SPHERICAL_SURFACE ( 'NONE', #2655, 0.1000000000000000056 ) ;
#1921 = FACE_OUTER_BOUND ( 'NONE', #6364, .T. ) ;
#1922 = ORIENTED_EDGE ( 'NONE', *, *, #455, .T. ) ;
#1923 = VERTEX_POINT ( 'NONE', #1479 ) ;
#1924 = FACE_OUTER_BOUND ( 'NONE', #6342, .T. ) ;
#1925 = AXIS2_PLACEMENT_3D ( 'NONE', #112, #1810, #7709 ) ;
#1926 = CARTESIAN_POINT ( 'NONE',  ( 0.2650000000000000133, 0.5150000000000000133, 0.7500000000000000000 ) ) ;
#1927 = AXIS2_PLACEMENT_3D ( 'NONE', #7217, #1319, #1279 ) ;
#1928 = CARTESIAN_POINT ( 'NONE',  ( 1.525000000000000133, -0.9000000000000000222, 0.5000000000000000000 ) ) ;
#1929 = EDGE_LOOP ( 'NONE', ( #574, #1108, #1514, #6360 ) ) ;
#1930 = ORIENTED_EDGE ( 'NONE', *, *, #7415, .F. ) ;
#1931 = DIRECTION ( 'NONE',  ( -1.000000000000000000, -0.000000000000000000, -0.000000000000000000 ) ) ;
#1932 = CARTESIAN_POINT ( 'NONE',  ( -2.157500000146565178, 0.3822975189705855037, 2.299999999999999822 ) ) ;
#1933 = DIRECTION ( 'NONE',  ( 1.000000000000000000, 0.000000000000000000, 0.000000000000000000 ) ) ;
#1934 = VECTOR ( 'NONE', #769, 1000.000000000000000 ) ;
#1935 = FACE_OUTER_BOUND ( 'NONE', #4744, .T. ) ;
#1936 = CARTESIAN_POINT ( 'NONE',  ( 1.550000000003599832, -0.4500000000000000111, 2.330000000000000071 ) ) ;
#1937 = CIRCLE ( 'NONE', #1193, 0.09999999999999982514 ) ;
#1938 = FACE_OUTER_BOUND ( 'NONE', #1379, .T. ) ;
#1939 = CARTESIAN_POINT ( 'NONE',  ( 2.100000000000000089, 0.4749999999999999778, 2.100000000000000089 ) ) ;
#1940 = ORIENTED_EDGE ( 'NONE', *, *, #5208, .T. ) ;
#1941 = LINE ( 'NONE', #236, #3957 ) ;
#1942 = DIRECTION ( 'NONE',  ( -1.000000000000000000, 0.000000000000000000, 0.000000000000000000 ) ) ;
#1943 = ORIENTED_EDGE ( 'NONE', *, *, #1884, .F. ) ;
#1944 = AXIS2_PLACEMENT_3D ( 'NONE', #5943, #5862, #7146 ) ;
#1945 = VECTOR ( 'NONE', #560, 1000.000000000000000 ) ;
#1946 = CARTESIAN_POINT ( 'NONE',  ( 2.157499999995494910, 0.3822975189094825477, 1.932869999999999866 ) ) ;
#1947 = DIRECTION ( 'NONE',  ( -1.000000000000000000, 1.626303258728255862E-15, 0.000000000000000000 ) ) ;
#1948 = VECTOR ( 'NONE', #4795, 1000.000000000000000 ) ;
#1949 = LINE ( 'NONE', #7408, #5319 ) ;
#1950 = VECTOR ( 'NONE', #4528, 1000.000000000000000 ) ;
#1951 = VERTEX_POINT ( 'NONE', #241 ) ;
#1952 =( LENGTH_UNIT ( ) NAMED_UNIT ( * ) SI_UNIT ( .MILLI., .METRE. ) );
#1953 = ORIENTED_EDGE ( 'NONE', *, *, #4717, .T. ) ;
#1954 = ORIENTED_EDGE ( 'NONE', *, *, #3475, .F. ) ;
#1955 = CARTESIAN_POINT ( 'NONE',  ( -2.101666840326624985, -0.9427777777777780477, 2.299999999999999822 ) ) ;
#1956 = VECTOR ( 'NONE', #2633, 1000.000000000000000 ) ;
#1957 = VECTOR ( 'NONE', #311, 1000.000000000000000 ) ;
#1958 = EDGE_CURVE ( 'NONE', #2136, #7488, #4991, .T. ) ;
#1959 = DIRECTION ( 'NONE',  ( 0.000000000000000000, 0.000000000000000000, 1.000000000000000000 ) ) ;
#1960 = CARTESIAN_POINT ( 'NONE',  ( -1.550000000000000044, 0.2999999999999999889, 2.299999999999999822 ) ) ;
#1961 = VECTOR ( 'NONE', #4548, 1000.000000000000000 ) ;
#1962 = VERTEX_POINT ( 'NONE', #6785 ) ;
#1963 = EDGE_CURVE ( 'NONE', #3454, #640, #1437, .T. ) ;
#1964 = ORIENTED_EDGE ( 'NONE', *, *, #4759, .F. ) ;
#1965 = CARTESIAN_POINT ( 'NONE',  ( 0.6836623985643000001, 0.000000000000000000, 0.2500000000000000000 ) ) ;
#1966 = EDGE_CURVE ( 'NONE', #2657, #4284, #7313, .T. ) ;
#1967 = DIRECTION ( 'NONE',  ( 1.000000000000000000, 0.000000000000000000, 0.000000000000000000 ) ) ;
#1968 = LINE ( 'NONE', #5004, #6694 ) ;
#1969 = VERTEX_POINT ( 'NONE', #1006 ) ;
#1970 = ORIENTED_EDGE ( 'NONE', *, *, #7012, .T. ) ;
#1971 = DIRECTION ( 'NONE',  ( -1.000000000000000000, 0.000000000000000000, 0.000000000000000000 ) ) ;
#1972 = CARTESIAN_POINT ( 'NONE',  ( -1.949999999999999956, -0.9000000000000000222, 0.000000000000000000 ) ) ;
#1973 = CARTESIAN_POINT ( 'NONE',  ( -0.6254115804877632412, 0.4159232580977185734, 0.2588844017590298807 ) ) ;
#1974 = DIRECTION ( 'NONE',  ( 0.000000000000000000, 0.000000000000000000, -1.000000000000000000 ) ) ;
#1975 = DIRECTION ( 'NONE',  ( 0.000000000000000000, -1.000000000000000000, 0.000000000000000000 ) ) ;
#1976 = CARTESIAN_POINT ( 'NONE',  ( 2.103279445074790477, -0.3162024882132897785, 2.299999999999999822 ) ) ;
#1977 = DIRECTION ( 'NONE',  ( -1.807003620809174583E-15, 0.000000000000000000, -1.000000000000000000 ) ) ;
#1978 = ORIENTED_EDGE ( 'NONE', *, *, #4399, .F. ) ;
#1979 = LINE ( 'NONE', #6156, #100 ) ;
#1980 = CARTESIAN_POINT ( 'NONE',  ( 1.550000000000000044, 0.2999999999999999889, 2.330000000000000071 ) ) ;
#1981 = ORIENTED_EDGE ( 'NONE', *, *, #2981, .F. ) ;
#1982 = EDGE_CURVE ( 'NONE', #7456, #4923, #6945, .T. ) ;
#1983 = CARTESIAN_POINT ( 'NONE',  ( -1.275000000000000133, -0.3499999999999999778, 0.000000000000000000 ) ) ;
#1984 = LINE ( 'NONE', #1396, #3453 ) ;
#1985 = VERTEX_POINT ( 'NONE', #1043 ) ;
#1986 = CARTESIAN_POINT ( 'NONE',  ( -0.6254115804877640183, -0.4159232580977175742, 0.2588844017590294366 ) ) ;
#1987 = VERTEX_POINT ( 'NONE', #6272 ) ;
#1988 = CARTESIAN_POINT ( 'NONE',  ( 0.8499999999848999455, -1.299999999995513855, 1.399999999999999911 ) ) ;
#1989 = CARTESIAN_POINT ( 'NONE',  ( -0.8510499682817009859, -0.3755476762961000303, 3.399999999999999911 ) ) ;
#1990 = EDGE_LOOP ( 'NONE', ( #3969, #6941, #2750, #5161 ) ) ;
#1991 = ORIENTED_EDGE ( 'NONE', *, *, #6833, .T. ) ;
#1992 = DIRECTION ( 'NONE',  ( 0.000000000000000000, 0.000000000000000000, -1.000000000000000000 ) ) ;
#1993 = ORIENTED_EDGE ( 'NONE', *, *, #352, .T. ) ;
#1994 = EDGE_CURVE ( 'NONE', #4912, #4482, #3905, .T. ) ;
#1995 = DIRECTION ( 'NONE',  ( 0.000000000000000000, 0.000000000000000000, 1.000000000000000000 ) ) ;
#1996 = ORIENTED_EDGE ( 'NONE', *, *, #3392, .F. ) ;
#1997 = EDGE_CURVE ( 'NONE', #6964, #2335, #439, .T. ) ;
#1998 = EDGE_LOOP ( 'NONE', ( #7076, #7621, #7400, #1808 ) ) ;
#1999 = DIRECTION ( 'NONE',  ( 0.000000000000000000, -0.9987523388778447586, 0.04993761694389219075 ) ) ;
#2000 = EDGE_CURVE ( 'NONE', #1369, #258, #3588, .T. ) ;
#2001 = EDGE_CURVE ( 'NONE', #299, #857, #6316, .T. ) ;
#2002 = CYLINDRICAL_SURFACE ( 'NONE', #3533, 0.1300000000000000044 ) ;
#2003 = CARTESIAN_POINT ( 'NONE',  ( 2.250000000000000000, 0.4000000000000000222, 0.000000000000000000 ) ) ;
#2004 = CARTESIAN_POINT ( 'NONE',  ( -1.899999999999999911, -0.3499999999999999778, 2.100000000000000089 ) ) ;
#2005 = PLANE ( 'NONE',  #3795 ) ;
#2006 = CARTESIAN_POINT ( 'NONE',  ( 2.120000000000000107, 0.4749999999999999778, 1.932869999999999866 ) ) ;
#2007 = VECTOR ( 'NONE', #6902, 1000.000000000000114 ) ;
#2008 = CARTESIAN_POINT ( 'NONE',  ( 2.194999999999999840, -0.3750000000000000000, 2.275997159067980391 ) ) ;
#2009 = CARTESIAN_POINT ( 'NONE',  ( 2.000000000000000000, 0.2999999999999999889, 2.299999999999999822 ) ) ;
#2010 = ORIENTED_EDGE ( 'NONE', *, *, #3778, .T. ) ;
#2011 = DIRECTION ( 'NONE',  ( 0.000000000000000000, 0.000000000000000000, -1.000000000000000000 ) ) ;
#2012 = CARTESIAN_POINT ( 'NONE',  ( -0.1163376014357000027, -0.2336623985642999890, 0.2500000000000000000 ) ) ;
#2013 = ORIENTED_EDGE ( 'NONE', *, *, #4154, .T. ) ;
#2014 = AXIS2_PLACEMENT_3D ( 'NONE', #5926, #3591, #7015 ) ;
#2015 = DIRECTION ( 'NONE',  ( 1.000000000000000000, 0.000000000000000000, 0.000000000000000000 ) ) ;
#2016 = VERTEX_POINT ( 'NONE', #2806 ) ;
#2017 = CARTESIAN_POINT ( 'NONE',  ( 0.2650000000000000133, -0.08500000000000000611, 0.7500000000000000000 ) ) ;
#2018 = ORIENTED_EDGE ( 'NONE', *, *, #2291, .F. ) ;
#2019 = CARTESIAN_POINT ( 'NONE',  ( -2.250000000000000000, 0.9000000000000000222, 2.299999999999999822 ) ) ;
#2020 = EDGE_LOOP ( 'NONE', ( #4377, #977, #277, #1008, #4702, #3803 ) ) ;
#2021 = VECTOR ( 'NONE', #5265, 1000.000000000000000 ) ;
#2022 = ORIENTED_EDGE ( 'NONE', *, *, #2591, .F. ) ;
#2023 = VECTOR ( 'NONE', #7389, 1000.000000000000000 ) ;
#2024 = EDGE_CURVE ( 'NONE', #2364, #1923, #5182, .T. ) ;
#2025 = CARTESIAN_POINT ( 'NONE',  ( 0.6499567474192100569, -1.299999991578181913, 1.407711848961846091 ) ) ;
#2026 = DIRECTION ( 'NONE',  ( 0.9996699956273306098, 0.0001607603882823939207, -0.02568801274038953406 ) ) ;
#2027 = VERTEX_POINT ( 'NONE', #7483 ) ;
#2028 = ORIENTED_EDGE ( 'NONE', *, *, #1240, .T. ) ;
#2029 = DIRECTION ( 'NONE',  ( 0.000000000000000000, 0.000000000000000000, 1.000000000000000000 ) ) ;
#2030 = EDGE_CURVE ( 'NONE', #2665, #814, #6861, .T. ) ;
#2031 = AXIS2_PLACEMENT_3D ( 'NONE', #5404, #66, #7025 ) ;
#2032 = EDGE_CURVE ( 'NONE', #6, #2618, #1697, .T. ) ;
#2033 = ORIENTED_EDGE ( 'NONE', *, *, #7540, .F. ) ;
#2034 = VECTOR ( 'NONE', #70, 1000.000000000000000 ) ;
#2035 = CARTESIAN_POINT ( 'NONE',  ( -0.9499999999999999556, 0.4000000000000000222, 2.100000000000000089 ) ) ;
#2036 = ORIENTED_EDGE ( 'NONE', *, *, #5438, .F. ) ;
#2037 = ORIENTED_EDGE ( 'NONE', *, *, #449, .T. ) ;
#2038 = CARTESIAN_POINT ( 'NONE',  ( -0.5538245945101090140, 0.4961754054898509514, 0.3735081097978219522 ) ) ;
#2039 = LINE ( 'NONE', #305, #3034 ) ;
#2040 = LINE ( 'NONE', #2635, #2319 ) ;
#2041 = CIRCLE ( 'NONE', #6407, 0.1000000000000000472 ) ;
#2042 = LINE ( 'NONE', #4437, #6038 ) ;
#2043 = EDGE_CURVE ( 'NONE', #1255, #4276, #2698, .T. ) ;
#2044 = ADVANCED_FACE ( 'NONE', ( #5735 ), #2218, .F. ) ;
#2045 = CARTESIAN_POINT ( 'NONE',  ( -1.600000000000000089, -0.2500000000000000000, 2.100000000000000089 ) ) ;
#2046 = LINE ( 'NONE', #4441, #1830 ) ;
#2047 = CARTESIAN_POINT ( 'NONE',  ( -0.2650000000000000133, 0.5150000000000000133, 0.7500000000000000000 ) ) ;
#2048 = AXIS2_PLACEMENT_3D ( 'NONE', #556, #3476, #5224 ) ;
#2049 = ORIENTED_EDGE ( 'NONE', *, *, #3976, .T. ) ;
#2050 = DIRECTION ( 'NONE',  ( 0.000000000000000000, -1.000000000000000000, 0.000000000000000000 ) ) ;
#2051 = CARTESIAN_POINT ( 'NONE',  ( 1.899999999999999911, -0.3499999999999999778, 2.100000000000000089 ) ) ;
#2052 = ORIENTED_EDGE ( 'NONE', *, *, #6246, .T. ) ;
#2053 = ADVANCED_FACE ( 'NONE', ( #3355 ), #397, .T. ) ;
#2054 = DIRECTION ( 'NONE',  ( 0.000000000000000000, 1.000000000000000000, 0.000000000000000000 ) ) ;
#2055 = VECTOR ( 'NONE', #2054, 1000.000000000000000 ) ;
#2056 = CARTESIAN_POINT ( 'NONE',  ( -1.500000000000000000, -0.3499999999999999778, 2.100000000000000089 ) ) ;
#2057 = ORIENTED_EDGE ( 'NONE', *, *, #3593, .F. ) ;
#2058 = CARTESIAN_POINT ( 'NONE',  ( 0.5540493129827799290, -0.7041274530909997775, 0.3690137403439989749 ) ) ;
#2059 = ORIENTED_EDGE ( 'NONE', *, *, #3243, .F. ) ;
#2060 = VECTOR ( 'NONE', #2509, 1000.000000000000000 ) ;
#2061 = EDGE_LOOP ( 'NONE', ( #5484, #6311, #3092, #6351 ) ) ;
#2062 = CIRCLE ( 'NONE', #7052, 0.1499999999999999667 ) ;
#2063 = ORIENTED_EDGE ( 'NONE', *, *, #5455, .F. ) ;
#2064 = AXIS2_PLACEMENT_3D ( 'NONE', #5730, #1001, #4098 ) ;
#2065 = DIRECTION ( 'NONE',  ( 1.000000000000000000, 0.000000000000000000, 0.000000000000000000 ) ) ;
#2066 = VECTOR ( 'NONE', #5968, 1000.000000000000000 ) ;
#2067 = DIRECTION ( 'NONE',  ( 0.000000000000000000, 0.01745240643727980281, -0.9998476951563912696 ) ) ;
#2068 = CARTESIAN_POINT ( 'NONE',  ( 0.7500000000000000000, -0.08500000000000000611, 0.7500000000000000000 ) ) ;
#2069 = EDGE_LOOP ( 'NONE', ( #3610, #7162, #1964, #4163 ) ) ;
#2070 = VERTEX_POINT ( 'NONE', #5257 ) ;
#2071 = AXIS2_PLACEMENT_3D ( 'NONE', #187, #4901, #766 ) ;
#2072 = CARTESIAN_POINT ( 'NONE',  ( -1.275000000000000133, 0.5000000000000000000, 0.000000000000000000 ) ) ;
#2073 = ADVANCED_FACE ( 'NONE', ( #1632 ), #1554, .T. ) ;
#2074 = AXIS2_PLACEMENT_3D ( 'NONE', #7667, #5246, #7160 ) ;
#2075 = DIRECTION ( 'NONE',  ( -8.705496089999369231E-31, 5.543480938999820347E-15, -1.000000000000000000 ) ) ;
#2076 = EDGE_LOOP ( 'NONE', ( #2690, #5552, #2212, #3043, #3467 ) ) ;
#2077 = AXIS2_PLACEMENT_3D ( 'NONE', #6559, #97, #605 ) ;
#2078 = CARTESIAN_POINT ( 'NONE',  ( -2.299999999999999822, -0.3750000000000000000, 1.500000000000000000 ) ) ;
#2079 = ORIENTED_EDGE ( 'NONE', *, *, #7347, .T. ) ;
#2080 = ORIENTED_EDGE ( 'NONE', *, *, #2826, .F. ) ;
#2081 = DIRECTION ( 'NONE',  ( 1.000000000000000000, 0.000000000000000000, 0.000000000000000000 ) ) ;
#2082 = DIRECTION ( 'NONE',  ( 0.000000000000000000, 0.000000000000000000, 1.000000000000000000 ) ) ;
#2083 = DIRECTION ( 'NONE',  ( 1.000000000000000000, 0.000000000000000000, 0.000000000000000000 ) ) ;
#2084 = DIRECTION ( 'NONE',  ( 2.168404344971003188E-14, -1.161645184805894475E-14, 1.000000000000000000 ) ) ;
#2085 = CARTESIAN_POINT ( 'NONE',  ( -0.6499999999999909184, 0.9000000000000000222, 0.5000000000000000000 ) ) ;
#2086 = CARTESIAN_POINT ( 'NONE',  ( -2.250000000000000000, 0.9000000000000000222, 0.5000000000000000000 ) ) ;
#2087 = DIRECTION ( 'NONE',  ( 0.000000000000000000, -1.000000000000000000, 0.000000000000000000 ) ) ;
#2088 = CARTESIAN_POINT ( 'NONE',  ( -1.500000000000000000, 0.2500000000000000000, 2.658830721404000563 ) ) ;
#2089 = ORIENTED_EDGE ( 'NONE', *, *, #300, .T. ) ;
#2090 = CARTESIAN_POINT ( 'NONE',  ( 1.469999999999999973, 0.2999999999964589881, 2.330000000000000071 ) ) ;
#2091 = CARTESIAN_POINT ( 'NONE',  ( 0.7500000000000000000, 0.08500000000000000611, 0.7500000000000000000 ) ) ;
#2092 = VERTEX_POINT ( 'NONE', #480 ) ;
#2093 = ADVANCED_FACE ( 'NONE', ( #7523 ), #6389, .F. ) ;
#2094 =( BOUNDED_CURVE ( )  B_SPLINE_CURVE ( 3, ( #3514, #5307, #4767, #7098 ),
 .UNSPECIFIED., .F., .F. ) 
 B_SPLINE_CURVE_WITH_KNOTS ( ( 4, 4 ),
 ( 5.176216940653019627, 6.746404460963299599 ),
 .UNSPECIFIED. ) 
 CURVE ( )  GEOMETRIC_REPRESENTATION_ITEM ( )  RATIONAL_B_SPLINE_CURVE ( ( 1.000000000000000000, 0.8048813293462310225, 0.8048813293462310225, 1.000000000000000000 ) ) 
 REPRESENTATION_ITEM ( '' )  );
#2095 = DIRECTION ( 'NONE',  ( 0.000000000000000000, 0.000000000000000000, -1.000000000000000000 ) ) ;
#2096 = ADVANCED_FACE ( 'NONE', ( #511 ), #4645, .T. ) ;
#2097 = ORIENTED_EDGE ( 'NONE', *, *, #4166, .T. ) ;
#2098 = DIRECTION ( 'NONE',  ( -1.000000000000000000, 0.000000000000000000, 0.000000000000000000 ) ) ;
#2099 = ORIENTED_EDGE ( 'NONE', *, *, #3437, .T. ) ;
#2100 = CARTESIAN_POINT ( 'NONE',  ( 0.5350000000000000311, -0.6849999999999999423, 0.7500000000000000000 ) ) ;
#2101 = VERTEX_POINT ( 'NONE', #4132 ) ;
#2102 = ORIENTED_EDGE ( 'NONE', *, *, #1248, .T. ) ;
#2103 = ADVANCED_FACE ( 'NONE', ( #6502 ), #5297, .T. ) ;
#2104 = EDGE_CURVE ( 'NONE', #1163, #5005, #7091, .T. ) ;
#2105 = DIRECTION ( 'NONE',  ( 1.000000000000000000, 0.000000000000000000, 0.000000000000000000 ) ) ;
#2106 = LINE ( 'NONE', #3325, #2151 ) ;
#2107 = DIRECTION ( 'NONE',  ( 0.000000000000000000, 0.000000000000000000, 1.000000000000000000 ) ) ;
#2108 = EDGE_LOOP ( 'NONE', ( #361, #2112, #7712, #3711 ) ) ;
#2109 = ORIENTED_EDGE ( 'NONE', *, *, #5040, .F. ) ;
#2110 = CARTESIAN_POINT ( 'NONE',  ( -0.5540493129827805951, 0.7041274530909999996, 0.3690137403439990305 ) ) ;
#2111 = DIRECTION ( 'NONE',  ( 0.000000000000000000, 1.000000000000000000, 0.000000000000000000 ) ) ;
#2112 = ORIENTED_EDGE ( 'NONE', *, *, #4202, .T. ) ;
#2113 = CYLINDRICAL_SURFACE ( 'NONE', #960, 0.09999999999999993616 ) ;
#2114 = EDGE_LOOP ( 'NONE', ( #4060, #5098, #2125, #1320 ) ) ;
#2115 = ORIENTED_EDGE ( 'NONE', *, *, #2747, .T. ) ;
#2116 = CARTESIAN_POINT ( 'NONE',  ( -1.849999999993905186, -0.4500000000000000111, 2.330000000000000071 ) ) ;
#2117 = DIRECTION ( 'NONE',  ( 0.000000000000000000, 0.000000000000000000, 1.000000000000000000 ) ) ;
#2118 = EDGE_CURVE ( 'NONE', #3519, #5058, #1207, .T. ) ;
#2119 = CARTESIAN_POINT ( 'NONE',  ( -0.5599326875623642508, 0.7112193652824563284, 0.3363227335935349838 ) ) ;
#2120 = CARTESIAN_POINT ( 'NONE',  ( -0.6499999999999879208, 0.9000000000000000222, 0.2500000000000000000 ) ) ;
#2121 = ADVANCED_FACE ( 'NONE', ( #5927 ), #5888, .F. ) ;
#2122 = CARTESIAN_POINT ( 'NONE',  ( 0.7500000000000000000, -0.7099999999999999645, 0.2500000000000000000 ) ) ;
#2123 = DIRECTION ( 'NONE',  ( 0.9993910123938289924, 0.0006089864947413958004, -0.03488887332498551153 ) ) ;
#2124 = LINE ( 'NONE', #4519, #4941 ) ;
#2125 = ORIENTED_EDGE ( 'NONE', *, *, #12, .T. ) ;
#2126 = DIRECTION ( 'NONE',  ( -1.000000000000000000, 0.000000000000000000, 0.000000000000000000 ) ) ;
#2127 = CYLINDRICAL_SURFACE ( 'NONE', #3145, 0.09999999999999982514 ) ;
#2128 = CARTESIAN_POINT ( 'NONE',  ( -1.600000000000000089, -0.2500000000000000000, 2.299999999999999822 ) ) ;
#2129 = ORIENTED_EDGE ( 'NONE', *, *, #6078, .F. ) ;
#2130 = EDGE_CURVE ( 'NONE', #1236, #4084, #6583, .T. ) ;
#2131 = VECTOR ( 'NONE', #642, 1000.000000000000000 ) ;
#2132 = DIRECTION ( 'NONE',  ( -1.000000000000000000, 0.000000000000000000, 0.000000000000000000 ) ) ;
#2133 = CARTESIAN_POINT ( 'NONE',  ( 1.925000000000000044, 0.2704156197588999944, 2.299999999999999822 ) ) ;
#2134 = ORIENTED_EDGE ( 'NONE', *, *, #1728, .T. ) ;
#2135 = CARTESIAN_POINT ( 'NONE',  ( 0.000000000000000000, -0.8000000000000000444, 0.5000000000000000000 ) ) ;
#2136 = VERTEX_POINT ( 'NONE', #4801 ) ;
#2137 = ORIENTED_EDGE ( 'NONE', *, *, #7299, .T. ) ;
#2138 = VECTOR ( 'NONE', #6386, 1000.000000000000114 ) ;
#2139 = ADVANCED_FACE ( 'NONE', ( #2922 ), #591, .T. ) ;
#2140 = LINE ( 'NONE', #327, #1528 ) ;
#2141 = EDGE_CURVE ( 'NONE', #6167, #1341, #4704, .T. ) ;
#2142 = DIRECTION ( 'NONE',  ( 1.000000000000000000, 0.000000000000000000, 0.000000000000000000 ) ) ;
#2143 = EDGE_CURVE ( 'NONE', #6566, #6124, #551, .T. ) ;
#2144 = AXIS2_PLACEMENT_3D ( 'NONE', #2006, #151, #1896 ) ;
#2145 = CARTESIAN_POINT ( 'NONE',  ( -0.6500000000000000222, 0.3499999999999999778, 0.2500000000000000000 ) ) ;
#2146 = CARTESIAN_POINT ( 'NONE',  ( 0.5538245945101549772, -0.7038245945101999634, 0.3735081097969075170 ) ) ;
#2147 = VERTEX_POINT ( 'NONE', #4844 ) ;
#2148 = ORIENTED_EDGE ( 'NONE', *, *, #6204, .F. ) ;
#2149 = DIRECTION ( 'NONE',  ( 0.000000000000000000, -1.000000000000000000, 0.000000000000000000 ) ) ;
#2150 = EDGE_CURVE ( 'NONE', #441, #5485, #4938, .T. ) ;
#2151 = VECTOR ( 'NONE', #371, 1000.000000000000227 ) ;
#2152 = VECTOR ( 'NONE', #1610, 1000.000000000000227 ) ;
#2153 = DIRECTION ( 'NONE',  ( 0.000000000000000000, 0.000000000000000000, 1.000000000000000000 ) ) ;
#2154 = VECTOR ( 'NONE', #7207, 1000.000000000000000 ) ;
#2155 = VERTEX_POINT ( 'NONE', #2 ) ;
#2156 = DIRECTION ( 'NONE',  ( -1.000000000000000000, 0.000000000000000000, 0.000000000000000000 ) ) ;
#2157 = ORIENTED_EDGE ( 'NONE', *, *, #6108, .F. ) ;
#2158 = EDGE_LOOP ( 'NONE', ( #7572, #4763, #1991, #6482 ) ) ;
#2159 = LINE ( 'NONE', #6254, #2563 ) ;
#2160 = DIRECTION ( 'NONE',  ( -1.000000000000000000, 0.000000000000000000, 0.000000000000000000 ) ) ;
#2161 = CARTESIAN_POINT ( 'NONE',  ( -0.5929541861521905322, 0.7474398216734911005, 0.2816745734635829335 ) ) ;
#2162 = B_SPLINE_CURVE_WITH_KNOTS ( 'NONE', 3,
 ( #3123, #715, #15, #5940 ),
 .UNSPECIFIED., .F., .F.,
 ( 4, 4 ),
 ( 0.000000000000000000, 1.000000000000000000 ),
 .UNSPECIFIED. ) ;
#2163 = CARTESIAN_POINT ( 'NONE',  ( 1.600000000000000089, 0.3499999999999999778, 2.100000000000000089 ) ) ;
#2164 = CARTESIAN_POINT ( 'NONE',  ( 0.9499999999999999556, 0.5000000000000000000, 2.495600000000000041 ) ) ;
#2165 = AXIS2_PLACEMENT_3D ( 'NONE', #2793, #1693, #1539 ) ;
#2166 = CARTESIAN_POINT ( 'NONE',  ( 0.6500000000000000222, 0.9000000000000000222, 0.000000000000000000 ) ) ;
#2167 = CARTESIAN_POINT ( 'NONE',  ( 2.100000000000000089, -0.4000000000000000222, 0.2500000000000000000 ) ) ;
#2168 = CARTESIAN_POINT ( 'NONE',  ( 1.550000000022000002, 0.3800000000000000044, 2.330000000000000071 ) ) ;
#2169 = ORIENTED_EDGE ( 'NONE', *, *, #962, .T. ) ;
#2170 = DIRECTION ( 'NONE',  ( -1.000000000000000000, 0.000000000000000000, 0.000000000000000000 ) ) ;
#2171 = CARTESIAN_POINT ( 'NONE',  ( -1.949999999999999956, -0.9000000000000000222, 0.000000000000000000 ) ) ;
#2172 = DIRECTION ( 'NONE',  ( 0.000000000000000000, 0.000000000000000000, 1.000000000000000000 ) ) ;
#2173 = ORIENTED_EDGE ( 'NONE', *, *, #7306, .T. ) ;
#2174 = EDGE_CURVE ( 'NONE', #3011, #7653, #6041, .T. ) ;
#2175 = AXIS2_PLACEMENT_3D ( 'NONE', #2990, #5405, #4280 ) ;
#2176 = CARTESIAN_POINT ( 'NONE',  ( -1.050000000000000044, -0.4000000000000000222, 2.100000000000000089 ) ) ;
#2177 = STYLED_ITEM ( 'NONE', ( #3992 ), #3156 ) ;
#2178 = CARTESIAN_POINT ( 'NONE',  ( -1.824999999999999956, 0.1658312395178000165, 2.299999999999999822 ) ) ;
#2179 = ORIENTED_EDGE ( 'NONE', *, *, #5947, .T. ) ;
#2180 = CARTESIAN_POINT ( 'NONE',  ( 0.1895068923539618422, 0.7604931076460386130, 0.2499999999999997224 ) ) ;
#2181 = ORIENTED_EDGE ( 'NONE', *, *, #4585, .T. ) ;
#2182 = ORIENTED_EDGE ( 'NONE', *, *, #736, .T. ) ;
#2183 = VECTOR ( 'NONE', #3395, 1000.000000000000000 ) ;
#2184 = DIRECTION ( 'NONE',  ( 0.000000000000000000, 1.000000000000000000, 0.000000000000000000 ) ) ;
#2185 = LINE ( 'NONE', #7457, #4271 ) ;
#2186 = VECTOR ( 'NONE', #3208, 1000.000000000000000 ) ;
#2187 = CARTESIAN_POINT ( 'NONE',  ( 1.275000000000000133, 0.5000000000000000000, 0.5000000000000000000 ) ) ;
#2188 = FACE_OUTER_BOUND ( 'NONE', #750, .T. ) ;
#2189 = ORIENTED_EDGE ( 'NONE', *, *, #5666, .T. ) ;
#2190 = LINE ( 'NONE', #902, #4067 ) ;
#2191 = ADVANCED_FACE ( 'NONE', ( #2369 ), #4760, .F. ) ;
#2192 = ADVANCED_FACE ( 'NONE', ( #1825 ), #4218, .T. ) ;
#2193 = AXIS2_PLACEMENT_3D ( 'NONE', #4770, #1641, #6557 ) ;
#2194 = FACE_OUTER_BOUND ( 'NONE', #4820, .T. ) ;
#2195 = VERTEX_POINT ( 'NONE', #700 ) ;
#2196 = EDGE_CURVE ( 'NONE', #4866, #5699, #3040, .T. ) ;
#2197 = VECTOR ( 'NONE', #5497, 1000.000000000000000 ) ;
#2198 = CARTESIAN_POINT ( 'NONE',  ( -0.9965079230504830798, 0.4749999999999999778, 2.100000000000000089 ) ) ;
#2199 = CIRCLE ( 'NONE', #3832, 0.2999999999999999334 ) ;
#2200 = ORIENTED_EDGE ( 'NONE', *, *, #1763, .F. ) ;
#2201 = VERTEX_POINT ( 'NONE', #125 ) ;
#2202 = DIRECTION ( 'NONE',  ( 0.000000000000000000, 0.000000000000000000, -1.000000000000000000 ) ) ;
#2203 = DIRECTION ( 'NONE',  ( 0.9987523388778447586, 0.000000000000000000, 0.04993761694389219075 ) ) ;
#2204 = CARTESIAN_POINT ( 'NONE',  ( -1.500000000000000000, 0.2500000000000000000, 2.100000000000000089 ) ) ;
#2205 = EDGE_CURVE ( 'NONE', #186, #6111, #4101, .T. ) ;
#2206 = CARTESIAN_POINT ( 'NONE',  ( 1.699999999999999956, -0.3750000000000000000, 2.200000000000000178 ) ) ;
#2207 = CARTESIAN_POINT ( 'NONE',  ( 0.7500000000000000000, 0.08500000000000000611, 0.7500000000000000000 ) ) ;
#2208 = AXIS2_PLACEMENT_3D ( 'NONE', #7513, #388, #4633 ) ;
#2209 = DIRECTION ( 'NONE',  ( 1.000000000000000000, 0.000000000000000000, 0.000000000000000000 ) ) ;
#2210 = LINE ( 'NONE', #5797, #2464 ) ;
#2211 = CARTESIAN_POINT ( 'NONE',  ( 0.5546126700666768050, 0.7050830542502281029, 0.3577465986660515740 ) ) ;
#2212 = ORIENTED_EDGE ( 'NONE', *, *, #4270, .T. ) ;
#2213 = CARTESIAN_POINT ( 'NONE',  ( -2.250000000000000000, 0.9000000000000000222, 0.000000000000000000 ) ) ;
#2214 = DIRECTION ( 'NONE',  ( 0.000000000000000000, -1.000000000000000000, 0.000000000000000000 ) ) ;
#2215 = CARTESIAN_POINT ( 'NONE',  ( -0.6836623985643000001, -0.2336623985642999890, 0.2500000000000000000 ) ) ;
#2216 = ORIENTED_EDGE ( 'NONE', *, *, #1917, .F. ) ;
#2217 = LINE ( 'NONE', #5103, #1772 ) ;
#2218 = PLANE ( 'NONE',  #102 ) ;
#2219 = EDGE_LOOP ( 'NONE', ( #2874, #6205, #2832, #2632 ) ) ;
#2220 = FILL_AREA_STYLE ('',( #513 ) ) ;
#2221 = EDGE_LOOP ( 'NONE', ( #7177, #869, #4873, #6864 ) ) ;
#2222 = EDGE_LOOP ( 'NONE', ( #4777, #5237, #7156, #3609 ) ) ;
#2223 = EDGE_CURVE ( 'NONE', #7276, #1636, #6621, .T. ) ;
#2224 = CARTESIAN_POINT ( 'NONE',  ( -0.2425215054681940652, -0.7074784945318057794, 0.3004301093587473104 ) ) ;
#2225 = CARTESIAN_POINT ( 'NONE',  ( 1.925000000000000044, -0.4000000000000000222, 0.5000000000000000000 ) ) ;
#2226 = CARTESIAN_POINT ( 'NONE',  ( -1.800000000000000044, 0.3499999999999999778, 2.658830721404000563 ) ) ;
#2227 = PLANE ( 'NONE',  #6907 ) ;
#2228 = ORIENTED_EDGE ( 'NONE', *, *, #538, .F. ) ;
#2229 = DIRECTION ( 'NONE',  ( 0.000000000000000000, 0.000000000000000000, -1.000000000000000000 ) ) ;
#2230 = LINE ( 'NONE', #4588, #2152 ) ;
#2231 = ORIENTED_EDGE ( 'NONE', *, *, #2916, .F. ) ;
#2232 = ORIENTED_EDGE ( 'NONE', *, *, #3587, .T. ) ;
#2233 = EDGE_LOOP ( 'NONE', ( #4524, #1036, #4612, #2581, #5116, #6860, #5713, #6066, #5174, #4040, #5761, #2373, #6054, #7262, #5410, #7605, #1902, #4889 ) ) ;
#2234 = PLANE ( 'NONE',  #3946 ) ;
#2235 = DIRECTION ( 'NONE',  ( -1.000000000000000000, 0.000000000000000000, 0.000000000000000000 ) ) ;
#2236 = FACE_OUTER_BOUND ( 'NONE', #2713, .T. ) ;
#2237 = EDGE_CURVE ( 'NONE', #6605, #7346, #2831, .T. ) ;
#2238 = CARTESIAN_POINT ( 'NONE',  ( -2.000000000000000000, 0.2999999999970339726, 2.299999999999999822 ) ) ;
#2239 = CARTESIAN_POINT ( 'NONE',  ( 1.899999999999999911, 0.4749999999999999778, 2.100000000000000089 ) ) ;
#2240 = EDGE_CURVE ( 'NONE', #2348, #6111, #6739, .T. ) ;
#2241 = EDGE_CURVE ( 'NONE', #6319, #23, #5642, .T. ) ;
#2242 = EDGE_CURVE ( 'NONE', #1175, #2363, #6662, .T. ) ;
#2243 = CARTESIAN_POINT ( 'NONE',  ( 0.6499999999999819256, -0.9000000000000000222, 0.2500000000000000000 ) ) ;
#2244 = LINE ( 'NONE', #5798, #7045 ) ;
#2245 = ORIENTED_EDGE ( 'NONE', *, *, #6973, .F. ) ;
#2246 = CARTESIAN_POINT ( 'NONE',  ( 0.7500000000000000000, 0.5150000000000000133, 0.7500000000000000000 ) ) ;
#2247 = CARTESIAN_POINT ( 'NONE',  ( 0.5827944719353100878, -0.7363711008174957939, 0.2923723265397675242 ) ) ;
#2248 = DIRECTION ( 'NONE',  ( -1.000000000000000000, 0.000000000000000000, 0.000000000000000000 ) ) ;
#2249 = VERTEX_POINT ( 'NONE', #882 ) ;
#2250 = CARTESIAN_POINT ( 'NONE',  ( 0.000000000000000000, 0.000000000000000000, 2.299999999999999822 ) ) ;
#2251 = DIRECTION ( 'NONE',  ( 0.000000000000000000, 1.000000000000000000, 0.000000000000000000 ) ) ;
#2252 = ORIENTED_EDGE ( 'NONE', *, *, #2972, .T. ) ;
#2253 = LINE ( 'NONE', #5812, #4308 ) ;
#2254 = VERTEX_POINT ( 'NONE', #3183 ) ;
#2255 = CYLINDRICAL_SURFACE ( 'NONE', #6055, 0.09999999999999982514 ) ;
#2256 = CARTESIAN_POINT ( 'NONE',  ( -1.920883117540049145, 0.4210050506556208827, 2.399999999999999023 ) ) ;
#2257 = DIRECTION ( 'NONE',  ( 0.000000000000000000, -1.000000000000000000, 0.000000000000000000 ) ) ;
#2258 = DIRECTION ( 'NONE',  ( 0.000000000000000000, 0.000000000000000000, -1.000000000000000000 ) ) ;
#2259 = AXIS2_PLACEMENT_3D ( 'NONE', #3226, #5503, #819 ) ;
#2260 = ORIENTED_EDGE ( 'NONE', *, *, #230, .F. ) ;
#2261 = CARTESIAN_POINT ( 'NONE',  ( -0.9499999999999999556, -0.5000000000000000000, 2.299999999999999822 ) ) ;
#2262 = EDGE_CURVE ( 'NONE', #5026, #434, #3856, .T. ) ;
#2263 = VECTOR ( 'NONE', #4858, 999.9999999999998863 ) ;
#2264 = LINE ( 'NONE', #985, #3655 ) ;
#2265 = VERTEX_POINT ( 'NONE', #1316 ) ;
#2266 = VECTOR ( 'NONE', #2214, 1000.000000000000000 ) ;
#2267 = EDGE_CURVE ( 'NONE', #4228, #7477, #2199, .T. ) ;
#2268 = ORIENTED_EDGE ( 'NONE', *, *, #7254, .T. ) ;
#2269 = ORIENTED_EDGE ( 'NONE', *, *, #2536, .T. ) ;
#2270 = DIRECTION ( 'NONE',  ( 1.000000000000000000, 1.776356839400249281E-15, 0.000000000000000000 ) ) ;
#2271 = AXIS2_PLACEMENT_3D ( 'NONE', #1367, #7304, #2067 ) ;
#2272 = ORIENTED_EDGE ( 'NONE', *, *, #1676, .T. ) ;
#2273 = AXIS2_PLACEMENT_3D ( 'NONE', #7412, #3840, #2503 ) ;
#2274 = CARTESIAN_POINT ( 'NONE',  ( -0.6448013791789359850, 0.8127219903351923236, 0.2514902811073850275 ) ) ;
#2275 = AXIS2_PLACEMENT_3D ( 'NONE', #3033, #7715, #7672 ) ;
#2276 = ADVANCED_FACE ( 'NONE', ( #1938 ), #192, .T. ) ;
#2277 = FACE_OUTER_BOUND ( 'NONE', #7079, .T. ) ;
#2278 = CARTESIAN_POINT ( 'NONE',  ( 1.500000000000000000, 0.4749999999999999778, 2.100000000000000089 ) ) ;
#2279 = FACE_OUTER_BOUND ( 'NONE', #2842, .T. ) ;
#2280 = AXIS2_PLACEMENT_3D ( 'NONE', #955, #2203, #2715 ) ;
#2281 = VERTEX_POINT ( 'NONE', #7359 ) ;
#2282 = CARTESIAN_POINT ( 'NONE',  ( 1.275000000000000133, 0.5000000000000000000, 0.2500000000000000000 ) ) ;
#2283 = CARTESIAN_POINT ( 'NONE',  ( -0.6836623985643000001, -0.2336623985642999890, 0.2500000000000000000 ) ) ;
#2284 = DIRECTION ( 'NONE',  ( 0.000000000000000000, 0.000000000000000000, -1.000000000000000000 ) ) ;
#2285 = EDGE_LOOP ( 'NONE', ( #3285, #4877, #2393, #1362, #5583 ) ) ;
#2286 = EDGE_CURVE ( 'NONE', #676, #5075, #4203, .T. ) ;
#2287 = EDGE_CURVE ( 'NONE', #2571, #6795, #4874, .T. ) ;
#2288 = VECTOR ( 'NONE', #3051, 1000.000000000000000 ) ;
#2289 = PLANE ( 'NONE',  #3393 ) ;
#2290 = CARTESIAN_POINT ( 'NONE',  ( -2.100000000000000089, 0.000000000000000000, 0.2500000000000000000 ) ) ;
#2291 = EDGE_CURVE ( 'NONE', #5081, #861, #3781, .T. ) ;
#2292 = ORIENTED_EDGE ( 'NONE', *, *, #5829, .T. ) ;
#2293 = DIRECTION ( 'NONE',  ( 0.000000000000000000, 1.000000000000000000, 0.000000000000000000 ) ) ;
#2294 = CIRCLE ( 'NONE', #1793, 0.1000000000000000472 ) ;
#2295 = ORIENTED_EDGE ( 'NONE', *, *, #5947, .F. ) ;
#2296 = ORIENTED_EDGE ( 'NONE', *, *, #4918, .T. ) ;
#2297 = EDGE_CURVE ( 'NONE', #3846, #1555, #5065, .T. ) ;
#2298 = CARTESIAN_POINT ( 'NONE',  ( 0.5574784945321240581, -0.1074784945321241025, 0.3004301093584688109 ) ) ;
#2299 = VECTOR ( 'NONE', #4846, 1000.000000000000114 ) ;
#2300 = DIRECTION ( 'NONE',  ( 0.000000000000000000, 1.000000000000000000, 0.000000000000000000 ) ) ;
#2301 = CARTESIAN_POINT ( 'NONE',  ( -2.299999999999999822, -0.6449999999999999067, 1.800000000000000044 ) ) ;
#2302 = CARTESIAN_POINT ( 'NONE',  ( 1.525000000000000133, -0.8530330085889999969, -0.1881966011250000015 ) ) ;
#2303 = DIRECTION ( 'NONE',  ( -0.000000000000000000, 0.9987523388778447586, 0.04993761694389219075 ) ) ;
#2304 = CARTESIAN_POINT ( 'NONE',  ( 2.112253379640000261, 0.7038245945101270218, 0.3735081097983665166 ) ) ;
#2305 = AXIS2_PLACEMENT_3D ( 'NONE', #1465, #5602, #2562 ) ;
#2306 = ORIENTED_EDGE ( 'NONE', *, *, #250, .T. ) ;
#2307 = CARTESIAN_POINT ( 'NONE',  ( 0.000000000000000000, 0.5000000000000000000, 2.299999999999999822 ) ) ;
#2308 = CIRCLE ( 'NONE', #2814, 0.07000000000000018707 ) ;
#2309 = DIRECTION ( 'NONE',  ( 0.000000000000000000, 0.000000000000000000, -1.000000000000000000 ) ) ;
#2310 = VECTOR ( 'NONE', #3352, 1000.000000000000000 ) ;
#2311 = VERTEX_POINT ( 'NONE', #3744 ) ;
#2312 = ORIENTED_EDGE ( 'NONE', *, *, #1857, .T. ) ;
#2313 = ORIENTED_EDGE ( 'NONE', *, *, #3484, .T. ) ;
#2314 = AXIS2_PLACEMENT_3D ( 'NONE', #4019, #1595, #4056 ) ;
#2315 = CARTESIAN_POINT ( 'NONE',  ( -1.875000000000000000, -0.9499999999999999556, -0.1881966011250000015 ) ) ;
#2316 = CARTESIAN_POINT ( 'NONE',  ( -0.5538245945100819245, 0.4961754054898789290, 0.3735081097983629639 ) ) ;
#2317 = AXIS2_PLACEMENT_3D ( 'NONE', #6306, #7360, #3346 ) ;
#2318 = CARTESIAN_POINT ( 'NONE',  ( -1.875000000000000000, -0.8000000000000000444, 0.6500000000000000222 ) ) ;
#2319 = VECTOR ( 'NONE', #228, 1000.000000000000000 ) ;
#2320 = CARTESIAN_POINT ( 'NONE',  ( -1.899999999999999911, -0.2500000000000000000, 2.299999999999999822 ) ) ;
#2321 = DIRECTION ( 'NONE',  ( 0.000000000000000000, 0.000000000000000000, -1.000000000000000000 ) ) ;
#2322 = VERTEX_POINT ( 'NONE', #6119 ) ;
#2323 = CARTESIAN_POINT ( 'NONE',  ( 1.899999999999999911, 0.3499999999999999778, 2.299999999999999822 ) ) ;
#2324 = CARTESIAN_POINT ( 'NONE',  ( -0.6500000000000000222, 0.3499999999999999778, 0.000000000000000000 ) ) ;
#2325 = CARTESIAN_POINT ( 'NONE',  ( -1.875000000000000000, -0.8000000000000000444, 0.6500000000000000222 ) ) ;
#2326 = ORIENTED_EDGE ( 'NONE', *, *, #3521, .T. ) ;
#2327 = VECTOR ( 'NONE', #3106, 1000.000000000000000 ) ;
#2328 = VECTOR ( 'NONE', #4898, 1000.000000000000114 ) ;
#2329 = DIRECTION ( 'NONE',  ( -1.000000000000000000, 0.000000000000000000, 0.000000000000000000 ) ) ;
#2330 = EDGE_CURVE ( 'NONE', #1416, #6229, #3966, .T. ) ;
#2331 = DIRECTION ( 'NONE',  ( 0.000000000000000000, 1.000000000000000000, 0.000000000000000000 ) ) ;
#2332 = VECTOR ( 'NONE', #4142, 1000.000000000000000 ) ;
#2333 = ORIENTED_EDGE ( 'NONE', *, *, #4309, .T. ) ;
#2334 = FACE_OUTER_BOUND ( 'NONE', #2455, .T. ) ;
#2335 = VERTEX_POINT ( 'NONE', #5017 ) ;
#2336 = VERTEX_POINT ( 'NONE', #4403 ) ;
#2337 = DIRECTION ( 'NONE',  ( -1.000000000000000000, 0.000000000000000000, 0.000000000000000000 ) ) ;
#2338 = EDGE_CURVE ( 'NONE', #7670, #5195, #7398, .T. ) ;
#2339 = FACE_OUTER_BOUND ( 'NONE', #2493, .T. ) ;
#2340 = DIRECTION ( 'NONE',  ( 0.000000000000000000, 0.000000000000000000, -1.000000000000000000 ) ) ;
#2341 = CARTESIAN_POINT ( 'NONE',  ( -1.800000000000000044, 0.2500000000000000000, 2.100000000000000089 ) ) ;
#2342 = DIRECTION ( 'NONE',  ( 0.000000000000000000, 0.000000000000000000, -1.000000000000000000 ) ) ;
#2343 = CARTESIAN_POINT ( 'NONE',  ( 0.000000000000000000, 0.000000000000000000, 0.000000000000000000 ) ) ;
#2344 = EDGE_CURVE ( 'NONE', #3499, #4607, #3113, .T. ) ;
#2346 = EDGE_CURVE ( 'NONE', #6648, #1061, #2046, .T. ) ;
#2345 = DIRECTION ( 'NONE',  ( 0.000000000000000000, 0.000000000000000000, 1.000000000000000000 ) ) ;
#2347 = EDGE_CURVE ( 'NONE', #2423, #1580, #6894, .T. ) ;
#2348 = VERTEX_POINT ( 'NONE', #1504 ) ;
#2349 = DIRECTION ( 'NONE',  ( 1.000000000000000000, 0.000000000000000000, 0.000000000000000000 ) ) ;
#2350 =( BOUNDED_CURVE ( )  B_SPLINE_CURVE ( 3, ( #7257, #3750, #5612, #2497 ),
 .UNSPECIFIED., .F., .T. ) 
 B_SPLINE_CURVE_WITH_KNOTS ( ( 4, 4 ),
 ( 4.712388980384689674, 6.233226911461759556 ),
 .UNSPECIFIED. ) 
 CURVE ( )  GEOMETRIC_REPRESENTATION_ITEM ( )  RATIONAL_B_SPLINE_CURVE ( ( 1.000000000000000000, 0.8163648751927269354, 0.8163648751927269354, 1.000000000000000000 ) ) 
 REPRESENTATION_ITEM ( '' )  );
#2351 = CARTESIAN_POINT ( 'NONE',  ( 1.399999999999999911, -0.2999999999839644826, 2.330000000000000071 ) ) ;
#2352 = FACE_OUTER_BOUND ( 'NONE', #4255, .T. ) ;
#2353 = EDGE_LOOP ( 'NONE', ( #6137, #2993, #4177, #3222 ) ) ;
#2354 = ORIENTED_EDGE ( 'NONE', *, *, #7165, .T. ) ;
#2355 = ORIENTED_EDGE ( 'NONE', *, *, #5067, .T. ) ;
#2356 = CARTESIAN_POINT ( 'NONE',  ( 1.275000000000000133, -0.5000000000000000000, 0.5000000000000000000 ) ) ;
#2357 = ORIENTED_EDGE ( 'NONE', *, *, #4742, .F. ) ;
#2358 = LINE ( 'NONE', #1230, #1790 ) ;
#2359 = DIRECTION ( 'NONE',  ( -1.000000000000000000, 0.000000000000000000, 0.000000000000000000 ) ) ;
#2360 = CARTESIAN_POINT ( 'NONE',  ( -0.5687988462011323021, -0.7210576526936745001, 0.3140524872500325415 ) ) ;
#2361 = CARTESIAN_POINT ( 'NONE',  ( 2.100000000000000089, -0.6449999999999999067, 1.500000000000000000 ) ) ;
#2362 = ADVANCED_FACE ( 'NONE', ( #1622 ), #3375, .T. ) ;
#2363 = VERTEX_POINT ( 'NONE', #2243 ) ;
#2364 = VERTEX_POINT ( 'NONE', #7595 ) ;
#2365 = CARTESIAN_POINT ( 'NONE',  ( -2.200000000000000178, -0.9000000000000000222, 2.100000000000000089 ) ) ;
#2366 = FACE_OUTER_BOUND ( 'NONE', #6452, .T. ) ;
#2367 = FACE_OUTER_BOUND ( 'NONE', #2353, .T. ) ;
#2368 = CARTESIAN_POINT ( 'NONE',  ( -2.103430618434448895, -0.3166624233220352580, 2.299999999999999822 ) ) ;
#2369 = FACE_OUTER_BOUND ( 'NONE', #716, .T. ) ;
#2370 = ORIENTED_EDGE ( 'NONE', *, *, #1674, .T. ) ;
#2371 = PLANE ( 'NONE',  #1927 ) ;
#2372 = EDGE_CURVE ( 'NONE', #4106, #2623, #5759, .T. ) ;
#2373 = ORIENTED_EDGE ( 'NONE', *, *, #2043, .T. ) ;
#2374 = EDGE_LOOP ( 'NONE', ( #4727, #6908, #2557, #5716 ) ) ;
#2375 = LINE ( 'NONE', #46, #7669 ) ;
#2376 = EDGE_CURVE ( 'NONE', #976, #1307, #2210, .T. ) ;
#2377 = DIRECTION ( 'NONE',  ( 1.000000000000000000, 0.000000000000000000, 0.000000000000000000 ) ) ;
#2378 = PLANE ( 'NONE',  #793 ) ;
#2379 = CARTESIAN_POINT ( 'NONE',  ( 0.000000000000000000, -1.300000000000000044, 0.000000000000000000 ) ) ;
#2380 = DIRECTION ( 'NONE',  ( 0.000000000000000000, 0.000000000000000000, 1.000000000000000000 ) ) ;
#2381 = CARTESIAN_POINT ( 'NONE',  ( -0.2400000000000000189, 0.9000000000000000222, 0.2500000000000000000 ) ) ;
#2382 = VERTEX_POINT ( 'NONE', #3894 ) ;
#2383 = CARTESIAN_POINT ( 'NONE',  ( -1.849999999974315079, 0.3800000000000000044, 2.330000000000000071 ) ) ;
#2384 = ORIENTED_EDGE ( 'NONE', *, *, #536, .F. ) ;
#2385 = ADVANCED_FACE ( 'NONE', ( #4518 ), #1590, .T. ) ;
#2386 = ADVANCED_FACE ( 'NONE', ( #1035 ), #4601, .F. ) ;
#2387 = CARTESIAN_POINT ( 'NONE',  ( -1.925000000000000044, -0.1658312395178000165, 2.200000000000000178 ) ) ;
#2388 = CARTESIAN_POINT ( 'NONE',  ( 2.095000000000000195, 0.2895950378225999877, 2.299999999999999822 ) ) ;
#2389 = AXIS2_PLACEMENT_3D ( 'NONE', #1678, #1749, #1792 ) ;
#2390 = ORIENTED_EDGE ( 'NONE', *, *, #1466, .F. ) ;
#2391 = ORIENTED_EDGE ( 'NONE', *, *, #6610, .F. ) ;
#2392 = EDGE_CURVE ( 'NONE', #6996, #3489, #965, .T. ) ;
#2393 = ORIENTED_EDGE ( 'NONE', *, *, #5053, .F. ) ;
#2394 = LINE ( 'NONE', #6570, #7178 ) ;
#2395 = VERTEX_POINT ( 'NONE', #5686 ) ;
#2396 = LINE ( 'NONE', #4785, #56 ) ;
#2397 = AXIS2_PLACEMENT_3D ( 'NONE', #626, #1161, #2329 ) ;
#2398 = CARTESIAN_POINT ( 'NONE',  ( -2.250000000000000000, 0.000000000000000000, 0.5000000000000000000 ) ) ;
#2399 = VECTOR ( 'NONE', #4068, 1000.000000000000000 ) ;
#2400 = CARTESIAN_POINT ( 'NONE',  ( -0.5567020315621749038, -0.7075736932594643980, 0.3465428590174056689 ) ) ;
#2401 = CYLINDRICAL_SURFACE ( 'NONE', #1815, 0.1000000000000000472 ) ;
#2402 = VERTEX_POINT ( 'NONE', #2167 ) ;
#2403 = VERTEX_POINT ( 'NONE', #6262 ) ;
#2404 = CARTESIAN_POINT ( 'NONE',  ( -2.113554018886000030, -0.8336623985643000223, 0.3800000000000000044 ) ) ;
#2405 = DIRECTION ( 'NONE',  ( 0.000000000000000000, 1.000000000000000000, 0.000000000000000000 ) ) ;
#2406 = CIRCLE ( 'NONE', #1023, 0.1499999999999999667 ) ;
#2407 = DIRECTION ( 'NONE',  ( 0.000000000000000000, -1.000000000000000000, 0.000000000000000000 ) ) ;
#2408 = FACE_OUTER_BOUND ( 'NONE', #7500, .T. ) ;
#2409 = VECTOR ( 'NONE', #2160, 1000.000000000000000 ) ;
#2410 = VERTEX_POINT ( 'NONE', #3983 ) ;
#2411 = DIRECTION ( 'NONE',  ( -1.000000000000000000, 0.000000000000000000, 0.000000000000000000 ) ) ;
#2412 = EDGE_LOOP ( 'NONE', ( #5908, #3569, #4081, #6961 ) ) ;
#2413 = DIRECTION ( 'NONE',  ( 1.000000000000000000, 0.000000000000000000, 0.000000000000000000 ) ) ;
#2414 = CARTESIAN_POINT ( 'NONE',  ( 2.100000000000000089, -0.3750000000000000000, 2.170710678118999759 ) ) ;
#2415 = ORIENTED_EDGE ( 'NONE', *, *, #2104, .F. ) ;
#2416 = CIRCLE ( 'NONE', #2165, 0.1499999999999999667 ) ;
#2417 = DIRECTION ( 'NONE',  ( 0.000000000000000000, 0.000000000000000000, -1.000000000000000000 ) ) ;
#2418 = DIRECTION ( 'NONE',  ( 0.000000000000000000, 1.000000000000000000, 0.000000000000000000 ) ) ;
#2419 = DIRECTION ( 'NONE',  ( 1.000000000000000000, 0.000000000000000000, 0.000000000000000000 ) ) ;
#2420 = VECTOR ( 'NONE', #3815, 1000.000000000000000 ) ;
#2421 = CARTESIAN_POINT ( 'NONE',  ( -1.550000000002759837, 0.3800000000000000044, 2.399999999999999911 ) ) ;
#2422 = CARTESIAN_POINT ( 'NONE',  ( 1.275000000000000133, -0.3499999999999999778, 0.000000000000000000 ) ) ;
#2423 = VERTEX_POINT ( 'NONE', #5133 ) ;
#2424 = CARTESIAN_POINT ( 'NONE',  ( -2.100000000000000089, -0.3750000000000000000, 2.100000000000000089 ) ) ;
#2425 = STYLED_ITEM ( 'NONE', ( #3834 ), #3037 ) ;
#2426 = DIRECTION ( 'NONE',  ( 0.000000000000000000, -1.000000000000000000, 0.000000000000000000 ) ) ;
#2427 = DIRECTION ( 'NONE',  ( -1.584868676303174892E-10, -1.000000000000000000, -1.006759160312406084E-14 ) ) ;
#2428 = EDGE_LOOP ( 'NONE', ( #7353, #4275, #1460, #2598 ) ) ;
#2429 = AXIS2_PLACEMENT_3D ( 'NONE', #5678, #6258, #2084 ) ;
#2430 = EDGE_LOOP ( 'NONE', ( #2033, #5496, #1182, #1826 ) ) ;
#2431 = ORIENTED_EDGE ( 'NONE', *, *, #3039, .T. ) ;
#2432 = DIRECTION ( 'NONE',  ( 0.8320502943378430549, -0.5547001962252299245, 0.000000000000000000 ) ) ;
#2433 = ADVANCED_FACE ( 'NONE', ( #5211 ), #3301, .T. ) ;
#2434 = ORIENTED_EDGE ( 'NONE', *, *, #1292, .F. ) ;
#2435 = DIRECTION ( 'NONE',  ( 0.000000000000000000, 0.000000000000000000, -1.000000000000000000 ) ) ;
#2436 = VECTOR ( 'NONE', #4290, 1000.000000000000000 ) ;
#2437 = CARTESIAN_POINT ( 'NONE',  ( 0.5540493129827800400, -0.4958718802752545285, 0.3690137403439990305 ) ) ;
#2438 = EDGE_CURVE ( 'NONE', #1340, #2322, #6974, .T. ) ;
#2439 = AXIS2_PLACEMENT_3D ( 'NONE', #2594, #3062, #4971 ) ;
#2440 = DIRECTION ( 'NONE',  ( 1.000000000000000000, 0.000000000000000000, 0.000000000000000000 ) ) ;
#2441 = PLANE ( 'NONE',  #5556 ) ;
#2442 = ORIENTED_EDGE ( 'NONE', *, *, #7536, .T. ) ;
#2443 = EDGE_CURVE ( 'NONE', #3755, #5892, #1658, .T. ) ;
#2444 = EDGE_LOOP ( 'NONE', ( #7077, #2099, #7010, #2292 ) ) ;
#2445 = DIRECTION ( 'NONE',  ( 0.000000000000000000, 0.000000000000000000, -1.000000000000000000 ) ) ;
#2446 = EDGE_CURVE ( 'NONE', #5397, #3118, #6946, .T. ) ;
#2447 = AXIS2_PLACEMENT_3D ( 'NONE', #5216, #433, #7600 ) ;
#2448 = LINE ( 'NONE', #6616, #2786 ) ;
#2449 = CARTESIAN_POINT ( 'NONE',  ( -1.550000000000000044, 0.2999999999999999889, 2.299999999999999822 ) ) ;
#2450 = AXIS2_PLACEMENT_3D ( 'NONE', #5691, #5547, #6267 ) ;
#2451 = FACE_OUTER_BOUND ( 'NONE', #2285, .T. ) ;
#2452 = AXIS2_PLACEMENT_3D ( 'NONE', #5643, #1424, #2757 ) ;
#2453 = CARTESIAN_POINT ( 'NONE',  ( 1.399999999999999911, 0.2999999999999999889, 2.299999999999999822 ) ) ;
#2454 = DIRECTION ( 'NONE',  ( 1.000000000000000000, 0.000000000000000000, 0.000000000000000000 ) ) ;
#2455 = EDGE_LOOP ( 'NONE', ( #1876, #7116, #2514, #5533, #7445, #2645 ) ) ;
#2456 = VECTOR ( 'NONE', #1350, 1000.000000000000000 ) ;
#2457 = DIRECTION ( 'NONE',  ( 0.000000000000000000, -1.000000000000000000, 0.000000000000000000 ) ) ;
#2458 = ORIENTED_EDGE ( 'NONE', *, *, #160, .F. ) ;
#2459 = VECTOR ( 'NONE', #40, 1000.000000000000000 ) ;
#2460 = ORIENTED_EDGE ( 'NONE', *, *, #5799, .T. ) ;
#2461 = CARTESIAN_POINT ( 'NONE',  ( 2.112253379640000261, -0.4961754054898729893, 0.3735081097983665166 ) ) ;
#2462 = CARTESIAN_POINT ( 'NONE',  ( -0.2461754054898575295, 0.4961754054898469546, 0.3735081097978260045 ) ) ;
#2463 = DIRECTION ( 'NONE',  ( 0.000000000000000000, 0.000000000000000000, -1.000000000000000000 ) ) ;
#2464 = VECTOR ( 'NONE', #427, 1000.000000000000000 ) ;
#2465 = CARTESIAN_POINT ( 'NONE',  ( 1.275000000000000133, 0.3499999999999999778, 0.000000000000000000 ) ) ;
#2466 = CARTESIAN_POINT ( 'NONE',  ( 0.6512660830426759695, -1.299999987538480006, 1.423088437467532108 ) ) ;
#2467 = FACE_OUTER_BOUND ( 'NONE', #3796, .T. ) ;
#2468 = ADVANCED_FACE ( 'NONE', ( #1078 ), #7557, .T. ) ;
#2469 = ORIENTED_EDGE ( 'NONE', *, *, #3065, .F. ) ;
#2470 = DIRECTION ( 'NONE',  ( 0.000000000000000000, 0.000000000000000000, -1.000000000000000000 ) ) ;
#2471 = CARTESIAN_POINT ( 'NONE',  ( -1.525000000000000133, -0.9000000000000000222, 0.5000000000000000000 ) ) ;
#2472 = DIRECTION ( 'NONE',  ( 0.000000000000000000, -1.000000000000000000, 0.000000000000000000 ) ) ;
#2473 = ORIENTED_EDGE ( 'NONE', *, *, #7305, .T. ) ;
#2474 = ORIENTED_EDGE ( 'NONE', *, *, #1858, .T. ) ;
#2475 = ORIENTED_EDGE ( 'NONE', *, *, #3828, .T. ) ;
#2476 = LINE ( 'NONE', #1965, #4690 ) ;
#2477 = EDGE_CURVE ( 'NONE', #5075, #823, #6377, .T. ) ;
#2478 = ORIENTED_EDGE ( 'NONE', *, *, #2267, .T. ) ;
#2479 = CARTESIAN_POINT ( 'NONE',  ( 1.500000000000000000, 0.3499999999999999778, 2.100000000000000089 ) ) ;
#2480 = ORIENTED_EDGE ( 'NONE', *, *, #7665, .F. ) ;
#2481 = VERTEX_POINT ( 'NONE', #2680 ) ;
#2482 = CARTESIAN_POINT ( 'NONE',  ( 2.299999999999999822, -0.3750000000000000000, 2.170710678118999759 ) ) ;
#2483 = CARTESIAN_POINT ( 'NONE',  ( -2.220000000000000195, 0.4749999999999999778, 2.299999999999999822 ) ) ;
#2484 = CARTESIAN_POINT ( 'NONE',  ( -0.5569791683949582017, 0.4920982077094679386, 0.3451251010775122086 ) ) ;
#2485 = EDGE_CURVE ( 'NONE', #4444, #1044, #5056, .T. ) ;
#2486 = EDGE_CURVE ( 'NONE', #7488, #2281, #3028, .T. ) ;
#2487 = ADVANCED_FACE ( 'NONE', ( #5876 ), #5286, .T. ) ;
#2488 = CARTESIAN_POINT ( 'NONE',  ( 1.875000000000000000, -0.8000000000000000444, 0.1749999999999999889 ) ) ;
#2489 = DIRECTION ( 'NONE',  ( -0.9993908270190960952, 0.000000000000000000, -0.03489949670249306579 ) ) ;
#2490 = DIRECTION ( 'NONE',  ( 1.000000000000000000, 0.000000000000000000, 0.000000000000000000 ) ) ;
#2491 = VERTEX_POINT ( 'NONE', #72 ) ;
#2492 = DIRECTION ( 'NONE',  ( 0.000000000000000000, 0.000000000000000000, 1.000000000000000000 ) ) ;
#2493 = EDGE_LOOP ( 'NONE', ( #4646, #6906, #5912, #2022 ) ) ;
#2494 = VERTEX_POINT ( 'NONE', #5333 ) ;
#2495 = EDGE_CURVE ( 'NONE', #2395, #5369, #1268, .T. ) ;
#2496 = CARTESIAN_POINT ( 'NONE',  ( -0.6500000000000000222, -0.9000000000000000222, 0.000000000000000000 ) ) ;
#2497 = CARTESIAN_POINT ( 'NONE',  ( -0.2461754054898470101, -0.4961754054898689370, 0.3735081097978280029 ) ) ;
#2498 = DIRECTION ( 'NONE',  ( 1.000000000000000000, 0.000000000000000000, 0.000000000000000000 ) ) ;
#2499 = DIRECTION ( 'NONE',  ( 0.000000000000000000, -1.000000000000000000, 0.000000000000000000 ) ) ;
#2500 = ORIENTED_EDGE ( 'NONE', *, *, #7594, .T. ) ;
#2501 = VERTEX_POINT ( 'NONE', #4834 ) ;
#2502 = CARTESIAN_POINT ( 'NONE',  ( 0.8499999999848999455, -1.199999999999999956, 1.399999999999999911 ) ) ;
#2503 = DIRECTION ( 'NONE',  ( -1.000000000000000000, 0.000000000000000000, 0.000000000000000000 ) ) ;
#2504 = DIRECTION ( 'NONE',  ( 1.000000000000000000, 0.000000000000000000, 0.000000000000000000 ) ) ;
#2505 = VECTOR ( 'NONE', #4973, 1000.000000000000000 ) ;
#2506 = DIRECTION ( 'NONE',  ( 0.000000000000000000, 1.000000000000000000, 0.000000000000000000 ) ) ;
#2507 = ORIENTED_EDGE ( 'NONE', *, *, #2223, .T. ) ;
#2508 = EDGE_LOOP ( 'NONE', ( #724, #7496, #621, #654, #2228, #834 ) ) ;
#2509 = DIRECTION ( 'NONE',  ( 0.000000000000000000, -1.000000000000000000, 0.000000000000000000 ) ) ;
#2510 = VECTOR ( 'NONE', #158, 1000.000000000000000 ) ;
#2511 = CIRCLE ( 'NONE', #1283, 0.2000009471890974166 ) ;
#2512 = PLANE ( 'NONE',  #1503 ) ;
#2513 = CARTESIAN_POINT ( 'NONE',  ( 2.157499999997749995, 0.3822975189103910432, 2.299999999999999822 ) ) ;
#2514 = ORIENTED_EDGE ( 'NONE', *, *, #1771, .F. ) ;
#2515 = EDGE_LOOP ( 'NONE', ( #6645, #7546, #620, #1943 ) ) ;
#2516 = CARTESIAN_POINT ( 'NONE',  ( 1.930000000000000160, 0.2999999999989074739, 2.330000000000000071 ) ) ;
#2517 = VECTOR ( 'NONE', #2377, 1000.000000000000000 ) ;
#2518 = DIRECTION ( 'NONE',  ( 1.000000000000000000, 0.000000000000000000, 0.000000000000000000 ) ) ;
#2519 = CARTESIAN_POINT ( 'NONE',  ( -0.6499135366580357509, 0.3691693836699238562, 0.2500232564856164630 ) ) ;
#2520 = ADVANCED_FACE ( 'NONE', ( #4092 ), #7202, .T. ) ;
#2521 = CARTESIAN_POINT ( 'NONE',  ( 1.699999999999999956, -0.3750000000000000000, 2.299999999999999822 ) ) ;
#2522 = AXIS2_PLACEMENT_3D ( 'NONE', #3016, #3095, #3057 ) ;
#2523 = FACE_OUTER_BOUND ( 'NONE', #4325, .T. ) ;
#2524 = DIRECTION ( 'NONE',  ( 0.000000000000000000, 1.000000000000000000, 0.000000000000000000 ) ) ;
#2525 = CARTESIAN_POINT ( 'NONE',  ( 0.6032749857866664955, -0.4409121749895480447, 0.2735169826720628694 ) ) ;
#2526 = VERTEX_POINT ( 'NONE', #1850 ) ;
#2527 = CARTESIAN_POINT ( 'NONE',  ( 1.875000000000000000, -0.9000000000000000222, 0.6118033988749899121 ) ) ;
#2528 = DIRECTION ( 'NONE',  ( 0.000000000000000000, 1.000000000000000000, 0.000000000000000000 ) ) ;
#2529 = ORIENTED_EDGE ( 'NONE', *, *, #5245, .T. ) ;
#2530 = ADVANCED_FACE ( 'NONE', ( #7119 ), #5958, .T. ) ;
#2531 = EDGE_CURVE ( 'NONE', #4207, #861, #4672, .T. ) ;
#2532 = AXIS2_PLACEMENT_3D ( 'NONE', #95, #48, #2419 ) ;
#2533 = DIRECTION ( 'NONE',  ( 0.04987546680538118560, -0.04987546680550408035, -0.9975093361076268206 ) ) ;
#2534 = AXIS2_PLACEMENT_3D ( 'NONE', #1120, #3621, #6538 ) ;
#2535 = LINE ( 'NONE', #6198, #2892 ) ;
#2536 = EDGE_CURVE ( 'NONE', #6678, #3118, #7569, .T. ) ;
#2537 = LINE ( 'NONE', #2017, #4079 ) ;
#2538 = ORIENTED_EDGE ( 'NONE', *, *, #3146, .T. ) ;
#2539 = DIRECTION ( 'NONE',  ( 0.000000000000000000, 1.000000000000000000, 0.000000000000000000 ) ) ;
#2540 = ORIENTED_EDGE ( 'NONE', *, *, #1620, .T. ) ;
#2541 = ORIENTED_EDGE ( 'NONE', *, *, #2920, .T. ) ;
#2542 = DIRECTION ( 'NONE',  ( 0.000000000000000000, 0.000000000000000000, 1.000000000000000000 ) ) ;
#2543 = EDGE_CURVE ( 'NONE', #1255, #6217, #1587, .T. ) ;
#2544 =( BOUNDED_CURVE ( )  B_SPLINE_CURVE ( 3, ( #2012, #6196, #6091, #5021 ),
 .UNSPECIFIED., .F., .T. ) 
 B_SPLINE_CURVE_WITH_KNOTS ( ( 4, 4 ),
 ( 1.570796326794895004, 3.091634257867814650 ),
 .UNSPECIFIED. ) 
 CURVE ( )  GEOMETRIC_REPRESENTATION_ITEM ( )  RATIONAL_B_SPLINE_CURVE ( ( 1.000000000000000000, 0.8163648751936799508, 0.8163648751936799508, 1.000000000000000000 ) ) 
 REPRESENTATION_ITEM ( '' )  );
#2545 = VECTOR ( 'NONE', #615, 1000.000000000000000 ) ;
#2546 = CARTESIAN_POINT ( 'NONE',  ( -1.929999999999939986, 0.2999999999911334703, 2.399999999999999911 ) ) ;
#2547 = CARTESIAN_POINT ( 'NONE',  ( 0.2461754054898004918, -0.7038245945101990753, 0.3735081097969095154 ) ) ;
#2548 = ORIENTED_EDGE ( 'NONE', *, *, #6207, .T. ) ;
#2549 = ORIENTED_EDGE ( 'NONE', *, *, #4264, .F. ) ;
#2550 = CARTESIAN_POINT ( 'NONE',  ( 0.1163376014357000027, -0.3663376014356999888, 0.2500000000000000000 ) ) ;
#2551 = AXIS2_PLACEMENT_3D ( 'NONE', #2318, #1735, #6529 ) ;
#2552 = ORIENTED_EDGE ( 'NONE', *, *, #7489, .F. ) ;
#2553 = DIRECTION ( 'NONE',  ( -3.643524251838465300E-15, -1.000000000000000000, -5.543480938999820347E-15 ) ) ;
#2554 = CIRCLE ( 'NONE', #3554, 0.1000000000000000472 ) ;
#2555 = LINE ( 'NONE', #692, #720 ) ;
#2556 = ORIENTED_EDGE ( 'NONE', *, *, #6589, .F. ) ;
#2557 = ORIENTED_EDGE ( 'NONE', *, *, #3391, .F. ) ;
#2558 = CARTESIAN_POINT ( 'NONE',  ( -2.100000000000000089, 0.4000000000000000222, 0.5000000000000000000 ) ) ;
#2559 = CARTESIAN_POINT ( 'NONE',  ( -0.5540493129827805951, 0.4958725469090010107, 0.3690137403439992525 ) ) ;
#2560 = EDGE_CURVE ( 'NONE', #2694, #3582, #5841, .T. ) ;
#2561 = CARTESIAN_POINT ( 'NONE',  ( -0.6430289865947385053, 0.3902125795788116136, 0.2520592787166230364 ) ) ;
#2562 = DIRECTION ( 'NONE',  ( 0.000000000000000000, 0.000000000000000000, 1.000000000000000000 ) ) ;
#2563 = VECTOR ( 'NONE', #1651, 1000.000000000000000 ) ;
#2564 = CARTESIAN_POINT ( 'NONE',  ( 1.275000000000000133, -0.9000000000000000222, 0.5000000000000000000 ) ) ;
#2565 = VECTOR ( 'NONE', #2992, 1000.000000000000000 ) ;
#2566 = DIRECTION ( 'NONE',  ( -0.04987546680538117866, 0.04987546680550607875, -0.9975093361076267096 ) ) ;
#2567 = CARTESIAN_POINT ( 'NONE',  ( 0.8499999999848999455, -1.299999999997756950, 1.199999526405451045 ) ) ;
#2568 = ORIENTED_EDGE ( 'NONE', *, *, #2711, .F. ) ;
#2569 = CYLINDRICAL_SURFACE ( 'NONE', #594, 0.1300000000000000044 ) ;
#2570 = CARTESIAN_POINT ( 'NONE',  ( -1.600000000000000089, 0.3499999999999999778, 2.100000000000000089 ) ) ;
#2571 = VERTEX_POINT ( 'NONE', #2320 ) ;
#2572 = VECTOR ( 'NONE', #4145, 1000.000000000000000 ) ;
#2573 = CIRCLE ( 'NONE', #5435, 0.09999999999999982514 ) ;
#2574 = DIRECTION ( 'NONE',  ( 0.000000000000000000, 0.000000000000000000, -1.000000000000000000 ) ) ;
#2575 = AXIS2_PLACEMENT_3D ( 'NONE', #6658, #4249, #3661 ) ;
#2576 = FACE_OUTER_BOUND ( 'NONE', #4943, .T. ) ;
#2577 = VECTOR ( 'NONE', #5728, 1000.000000000000000 ) ;
#2578 = EDGE_CURVE ( 'NONE', #7219, #4492, #503, .T. ) ;
#2579 = LINE ( 'NONE', #749, #5820 ) ;
#2580 = VECTOR ( 'NONE', #1669, 1000.000000000000000 ) ;
#2581 = ORIENTED_EDGE ( 'NONE', *, *, #4351, .F. ) ;
#2582 = CARTESIAN_POINT ( 'NONE',  ( -0.6430289865947389494, -0.3902125795788106144, 0.2520592787166228144 ) ) ;
#2583 = ORIENTED_EDGE ( 'NONE', *, *, #1674, .F. ) ;
#2584 = LINE ( 'NONE', #5433, #6179 ) ;
#2585 = ADVANCED_FACE ( 'NONE', ( #541 ), #7082, .T. ) ;
#2586 = AXIS2_PLACEMENT_3D ( 'NONE', #3733, #1347, #5483 ) ;
#2587 = CARTESIAN_POINT ( 'NONE',  ( -0.2650000000000000133, 0.6849999999999999423, 0.7500000000000000000 ) ) ;
#2588 = EDGE_CURVE ( 'NONE', #4663, #5598, #6725, .T. ) ;
#2589 = FACE_OUTER_BOUND ( 'NONE', #4152, .T. ) ;
#2590 = EDGE_CURVE ( 'NONE', #4336, #6697, #731, .T. ) ;
#2591 = EDGE_CURVE ( 'NONE', #6193, #823, #6079, .T. ) ;
#2592 = ORIENTED_EDGE ( 'NONE', *, *, #7609, .F. ) ;
#2593 = ORIENTED_EDGE ( 'NONE', *, *, #3534, .T. ) ;
#2594 = CARTESIAN_POINT ( 'NONE',  ( -0.1163376014357000027, -0.9115440117052999724, 0.3800000000000000044 ) ) ;
#2595 = LINE ( 'NONE', #5628, #7155 ) ;
#2596 = DIRECTION ( 'NONE',  ( 0.000000000000000000, 0.000000000000000000, 1.000000000000000000 ) ) ;
#2597 = VERTEX_POINT ( 'NONE', #2513 ) ;
#2598 = ORIENTED_EDGE ( 'NONE', *, *, #6187, .F. ) ;
#2599 = LINE ( 'NONE', #5486, #6688 ) ;
#2600 = CARTESIAN_POINT ( 'NONE',  ( -1.850000000000000089, -0.2999999999999999889, 2.299999999999999822 ) ) ;
#2601 = CYLINDRICAL_SURFACE ( 'NONE', #5445, 0.1499999999999999667 ) ;
#2602 = CARTESIAN_POINT ( 'NONE',  ( 1.850000000000000089, 0.2999999999999999889, 2.330000000000000071 ) ) ;
#2603 = EDGE_CURVE ( 'NONE', #418, #6326, #3085, .T. ) ;
#2604 = CARTESIAN_POINT ( 'NONE',  ( -1.469999999999999973, -0.3086776736253000197, 2.399999999999999911 ) ) ;
#2605 = DIRECTION ( 'NONE',  ( 1.626303258709360277E-14, 9.254244403156140453E-15, -1.000000000000000000 ) ) ;
#2606 = ORIENTED_EDGE ( 'NONE', *, *, #3318, .T. ) ;
#2607 = DIRECTION ( 'NONE',  ( 0.000000000000000000, -1.000000000000000000, 0.000000000000000000 ) ) ;
#2608 = DIRECTION ( 'NONE',  ( 0.000000000000000000, 0.000000000000000000, -1.000000000000000000 ) ) ;
#2609 = VERTEX_POINT ( 'NONE', #184 ) ;
#2610 = EDGE_CURVE ( 'NONE', #2147, #3409, #3103, .T. ) ;
#2611 = LINE ( 'NONE', #6782, #2055 ) ;
#2612 = DIRECTION ( 'NONE',  ( -1.000000000000000000, -5.421010862427531636E-15, 0.000000000000000000 ) ) ;
#2613 = EDGE_LOOP ( 'NONE', ( #443, #1764, #5259, #4747, #1978 ) ) ;
#2615 = ADVANCED_FACE ( 'NONE', ( #6109 ), #839, .T. ) ;
#2614 = CARTESIAN_POINT ( 'NONE',  ( 1.550000000000000044, -0.2999999999999999889, 2.330000000000000071 ) ) ;
#2616 = ORIENTED_EDGE ( 'NONE', *, *, #3343, .F. ) ;
#2617 = FILL_AREA_STYLE_COLOUR ( '', #930 ) ;
#2618 = VERTEX_POINT ( 'NONE', #3134 ) ;
#2619 = VERTEX_POINT ( 'NONE', #6180 ) ;
#2620 = EDGE_CURVE ( 'NONE', #530, #6605, #1414, .T. ) ;
#2621 = CYLINDRICAL_SURFACE ( 'NONE', #2273, 0.09999999999999982514 ) ;
#2622 = DIRECTION ( 'NONE',  ( 1.000000000000000000, 0.000000000000000000, 0.000000000000000000 ) ) ;
#2623 = VERTEX_POINT ( 'NONE', #3211 ) ;
#2624 = VERTEX_POINT ( 'NONE', #115 ) ;
#2625 = CARTESIAN_POINT ( 'NONE',  ( -0.2650000000000000133, 0.9000000000000000222, 0.7500000000000000000 ) ) ;
#2626 = ADVANCED_FACE ( 'NONE', ( #6032 ), #3654, .T. ) ;
#2627 = EDGE_CURVE ( 'NONE', #4207, #1397, #4708, .T. ) ;
#2628 = FACE_OUTER_BOUND ( 'NONE', #6092, .T. ) ;
#2629 = EDGE_CURVE ( 'NONE', #757, #5525, #2555, .T. ) ;
#2630 = CARTESIAN_POINT ( 'NONE',  ( -2.044999999999999929, -0.9050000000000000266, 2.299999999999999822 ) ) ;
#2631 = ORIENTED_EDGE ( 'NONE', *, *, #4114, .F. ) ;
#2632 = ORIENTED_EDGE ( 'NONE', *, *, #6959, .T. ) ;
#2633 = DIRECTION ( 'NONE',  ( 0.000000000000000000, 0.000000000000000000, -1.000000000000000000 ) ) ;
#2634 = LINE ( 'NONE', #6184, #3274 ) ;
#2635 = CARTESIAN_POINT ( 'NONE',  ( 1.925000000000000044, -0.1658312395178000165, 2.200000000000000178 ) ) ;
#2636 = LINE ( 'NONE', #3775, #5296 ) ;
#2637 = DIRECTION ( 'NONE',  ( 0.000000000000000000, 0.000000000000000000, -1.000000000000000000 ) ) ;
#2638 = CARTESIAN_POINT ( 'NONE',  ( 1.899999999999999911, -0.3499999999999999778, 2.100000000000000089 ) ) ;
#2639 = VECTOR ( 'NONE', #1908, 1000.000000000000000 ) ;
#2640 = CARTESIAN_POINT ( 'NONE',  ( 0.6499999999999810374, 0.000000000000000000, 0.2500000000000000000 ) ) ;
#2641 = CARTESIAN_POINT ( 'NONE',  ( 0.5635974630727035306, -0.4846450753921907606, 0.3247292784674541966 ) ) ;
#2642 = VERTEX_POINT ( 'NONE', #6728 ) ;
#2643 = DIRECTION ( 'NONE',  ( -1.000000000000000000, 0.000000000000000000, 0.000000000000000000 ) ) ;
#2644 = CARTESIAN_POINT ( 'NONE',  ( 2.250000000000000000, 0.4000000000000000222, 0.5000000000000000000 ) ) ;
#2645 = ORIENTED_EDGE ( 'NONE', *, *, #2376, .F. ) ;
#2646 = CIRCLE ( 'NONE', #2522, 0.1000000000000000472 ) ;
#2647 = FACE_OUTER_BOUND ( 'NONE', #1624, .T. ) ;
#2648 = AXIS2_PLACEMENT_3D ( 'NONE', #1392, #196, #5060 ) ;
#2649 = AXIS2_PLACEMENT_3D ( 'NONE', #3731, #5002, #3766 ) ;
#2650 = ORIENTED_EDGE ( 'NONE', *, *, #3787, .T. ) ;
#2651 = CARTESIAN_POINT ( 'NONE',  ( -0.5538245945101579748, 0.1038245945101799877, 0.3735081097972889896 ) ) ;
#2652 = EDGE_LOOP ( 'NONE', ( #366, #3861, #3596, #2252, #2692 ) ) ;
#2653 = CARTESIAN_POINT ( 'NONE',  ( 2.000000000000000000, -0.2999999999997379763, 2.299999999999999822 ) ) ;
#2654 = ORIENTED_EDGE ( 'NONE', *, *, #5104, .F. ) ;
#2655 = AXIS2_PLACEMENT_3D ( 'NONE', #1989, #2026, #3165 ) ;
#2656 = AXIS2_PLACEMENT_3D ( 'NONE', #1178, #5320, #3015 ) ;
#2657 = VERTEX_POINT ( 'NONE', #257 ) ;
#2658 = DIRECTION ( 'NONE',  ( 0.000000000000000000, 1.000000000000000000, 0.000000000000000000 ) ) ;
#2659 = FACE_OUTER_BOUND ( 'NONE', #3347, .T. ) ;
#2660 = VERTEX_POINT ( 'NONE', #840 ) ;
#2661 = EDGE_LOOP ( 'NONE', ( #322, #3041, #3030, #5027, #2057 ) ) ;
#2662 = CARTESIAN_POINT ( 'NONE',  ( 2.120000000000000107, 0.4749999999999999778, 2.299999999999999822 ) ) ;
#2663 = AXIS2_PLACEMENT_3D ( 'NONE', #6927, #5675, #4513 ) ;
#2664 = DIRECTION ( 'NONE',  ( 0.000000000000000000, 1.000000000000000000, 0.000000000000000000 ) ) ;
#2665 = VERTEX_POINT ( 'NONE', #3069 ) ;
#2666 = EDGE_CURVE ( 'NONE', #2254, #2101, #4974, .T. ) ;
#2667 = DIRECTION ( 'NONE',  ( -1.000000000000000000, 0.000000000000000000, 0.000000000000000000 ) ) ;
#2668 = VERTEX_POINT ( 'NONE', #4323 ) ;
#2669 = ORIENTED_EDGE ( 'NONE', *, *, #2603, .T. ) ;
#2670 = DIRECTION ( 'NONE',  ( 1.365529863576018089E-11, 1.000000000000000000, 8.518731355243281580E-15 ) ) ;
#2671 = DIRECTION ( 'NONE',  ( 0.000000000000000000, 0.000000000000000000, 1.000000000000000000 ) ) ;
#2672 = FACE_OUTER_BOUND ( 'NONE', #7309, .T. ) ;
#2673 = AXIS2_PLACEMENT_3D ( 'NONE', #4878, #1828, #42 ) ;
#2674 = EDGE_CURVE ( 'NONE', #4836, #6873, #3697, .T. ) ;
#2675 = LINE ( 'NONE', #6929, #6670 ) ;
#2676 = LINE ( 'NONE', #3776, #566 ) ;
#2677 = CARTESIAN_POINT ( 'NONE',  ( 0.6836623985643000001, -0.7230253140711999649, 0.3800000000000000044 ) ) ;
#2678 = EDGE_CURVE ( 'NONE', #1533, #2619, #7274, .T. ) ;
#2679 = EDGE_CURVE ( 'NONE', #5737, #802, #1968, .T. ) ;
#2680 = CARTESIAN_POINT ( 'NONE',  ( -1.930000000000000160, -0.2999999999936594497, 2.399999999999999911 ) ) ;
#2681 = DIRECTION ( 'NONE',  ( 1.000000000000000000, 0.000000000000000000, 0.000000000000000000 ) ) ;
#2682 = ORIENTED_EDGE ( 'NONE', *, *, #1840, .F. ) ;
#2683 = DIRECTION ( 'NONE',  ( 0.000000000000000000, 0.000000000000000000, -1.000000000000000000 ) ) ;
#2684 = LINE ( 'NONE', #3715, #2510 ) ;
#2685 = ORIENTED_EDGE ( 'NONE', *, *, #6734, .T. ) ;
#2686 = AXIS2_PLACEMENT_3D ( 'NONE', #5173, #1153, #1659 ) ;
#2687 = LINE ( 'NONE', #3863, #4517 ) ;
#2688 = ORIENTED_EDGE ( 'NONE', *, *, #190, .T. ) ;
#2689 = DIRECTION ( 'NONE',  ( 0.000000000000000000, 0.000000000000000000, -1.000000000000000000 ) ) ;
#2690 = ORIENTED_EDGE ( 'NONE', *, *, #7258, .T. ) ;
#2691 = AXIS2_PLACEMENT_3D ( 'NONE', #7344, #6756, #2229 ) ;
#2692 = ORIENTED_EDGE ( 'NONE', *, *, #5619, .F. ) ;
#2693 = VECTOR ( 'NONE', #3481, 1000.000000000000000 ) ;
#2694 = VERTEX_POINT ( 'NONE', #1928 ) ;
#2695 = AXIS2_PLACEMENT_3D ( 'NONE', #2878, #5252, #4677 ) ;
#2696 = CIRCLE ( 'NONE', #5523, 0.07999999999999750366 ) ;
#2697 = DIRECTION ( 'NONE',  ( 0.000000000000000000, 0.000000000000000000, 1.000000000000000000 ) ) ;
#2698 = CIRCLE ( 'NONE', #342, 0.1000000000000000472 ) ;
#2699 = DIRECTION ( 'NONE',  ( 1.000000000000000000, 0.000000000000000000, 0.000000000000000000 ) ) ;
#2700 = AXIS2_PLACEMENT_3D ( 'NONE', #6114, #5047, #2083 ) ;
#2701 = LINE ( 'NONE', #3916, #588 ) ;
#2702 = EDGE_CURVE ( 'NONE', #552, #6332, #1377, .T. ) ;
#2703 = EDGE_LOOP ( 'NONE', ( #3061, #6307, #2458, #6982 ) ) ;
#2704 = ORIENTED_EDGE ( 'NONE', *, *, #6629, .F. ) ;
#2705 = VECTOR ( 'NONE', #3822, 1000.000000000000000 ) ;
#2706 = CARTESIAN_POINT ( 'NONE',  ( 1.541322326374999774, -0.3800000000000000044, 2.399999999999999911 ) ) ;
#2707 = DIRECTION ( 'NONE',  ( -1.000000000000000000, 0.000000000000000000, 0.000000000000000000 ) ) ;
#2708 = ORIENTED_EDGE ( 'NONE', *, *, #5143, .F. ) ;
#2709 = VECTOR ( 'NONE', #1173, 1000.000000000000000 ) ;
#2710 = CYLINDRICAL_SURFACE ( 'NONE', #4841, 0.1499999999999999667 ) ;
#2711 = EDGE_CURVE ( 'NONE', #4085, #7521, #801, .T. ) ;
#2712 = VERTEX_POINT ( 'NONE', #4388 ) ;
#2713 = EDGE_LOOP ( 'NONE', ( #5790, #3721, #458, #3669 ) ) ;
#2714 = LINE ( 'NONE', #1615, #937 ) ;
#2715 = DIRECTION ( 'NONE',  ( 0.000000000000000000, -1.000000000000000000, 0.000000000000000000 ) ) ;
#2716 = CARTESIAN_POINT ( 'NONE',  ( -0.6261250910721960494, 0.7848455693065752303, 0.2585189754223766179 ) ) ;
#2717 = DIRECTION ( 'NONE',  ( 0.000000000000000000, 0.000000000000000000, -1.000000000000000000 ) ) ;
#2718 = DIRECTION ( 'NONE',  ( -8.705496089999369231E-31, 5.543480938999820347E-15, -1.000000000000000000 ) ) ;
#2719 = PLANE ( 'NONE',  #7505 ) ;
#2720 = DIRECTION ( 'NONE',  ( 1.000000000000000000, 0.000000000000000000, 0.000000000000000000 ) ) ;
#2721 = CARTESIAN_POINT ( 'NONE',  ( -0.8474676097277999975, 0.3737570427544000262, 3.502585326900000240 ) ) ;
#2722 = ADVANCED_FACE ( 'NONE', ( #3808 ), #2710, .T. ) ;
#2723 = ORIENTED_EDGE ( 'NONE', *, *, #6136, .T. ) ;
#2724 = LINE ( 'NONE', #506, #1334 ) ;
#2725 = CARTESIAN_POINT ( 'NONE',  ( 0.6430289865947390604, -0.8097874204211894522, 0.2520592787166228144 ) ) ;
#2726 = LINE ( 'NONE', #3679, #4078 ) ;
#2727 = VERTEX_POINT ( 'NONE', #911 ) ;
#2728 = EDGE_CURVE ( 'NONE', #178, #5507, #3287, .T. ) ;
#2729 = EDGE_CURVE ( 'NONE', #3054, #2665, #5669, .T. ) ;
#2730 = CARTESIAN_POINT ( 'NONE',  ( 1.375000000000000000, 0.4000000000000000222, 0.5000000000000000000 ) ) ;
#2731 = DIRECTION ( 'NONE',  ( 1.548860246407859195E-14, 2.090961332650610150E-14, 1.000000000000000000 ) ) ;
#2732 = EDGE_CURVE ( 'NONE', #2403, #7517, #5714, .T. ) ;
#2733 = ORIENTED_EDGE ( 'NONE', *, *, #6160, .T. ) ;
#2734 = DIRECTION ( 'NONE',  ( 0.000000000000000000, 0.000000000000000000, 1.000000000000000000 ) ) ;
#2735 = ORIENTED_EDGE ( 'NONE', *, *, #4196, .F. ) ;
#2736 = EDGE_LOOP ( 'NONE', ( #2013, #6352, #7584, #2469 ) ) ;
#2737 = CARTESIAN_POINT ( 'NONE',  ( -1.937867965637052325, 0.4500000000269461231, 2.329999999999998295 ) ) ;
#2738 = LINE ( 'NONE', #3398, #5266 ) ;
#2739 = CARTESIAN_POINT ( 'NONE',  ( 0.6499999999999801492, 0.3663376014356999888, 0.2500000000000000000 ) ) ;
#2740 = CARTESIAN_POINT ( 'NONE',  ( 0.000000000000000000, 0.2336623985642999890, 0.2500000000000000000 ) ) ;
#2741 = B_SPLINE_CURVE_WITH_KNOTS ( 'NONE', 3,
 ( #4700, #7101, #1753, #1172, #6663, #1317, #3710, #742, #5495, #2525, #7284, #1505, #966, #355, #2641, #1389, #6192, #4481, #851 ),
 .UNSPECIFIED., .F., .F.,
 ( 4, 3, 3, 3, 3, 3, 4 ),
 ( 3.640159346738029324E-18, 1.394167521382477085E-05, 3.719266728732568853E-05, 9.327844884875954856E-05, 0.0001462968542005963748, 0.0001849416358355090713, 0.0002190250876781799810 ),
 .UNSPECIFIED. ) ;
#2742 = VERTEX_POINT ( 'NONE', #3927 ) ;
#2743 = EDGE_LOOP ( 'NONE', ( #5186, #6432, #5692, #2028 ) ) ;
#2744 = CARTESIAN_POINT ( 'NONE',  ( 1.850000000000000089, -0.2999999999999999889, 2.399999999999999911 ) ) ;
#2745 = CYLINDRICAL_SURFACE ( 'NONE', #6132, 0.1300000000000000044 ) ;
#2746 = ORIENTED_EDGE ( 'NONE', *, *, #1203, .F. ) ;
#2747 = EDGE_CURVE ( 'NONE', #4663, #4665, #5042, .T. ) ;
#2748 = DIRECTION ( 'NONE',  ( -1.000000000000000000, 0.000000000000000000, 0.000000000000000000 ) ) ;
#2749 = ORIENTED_EDGE ( 'NONE', *, *, #2620, .F. ) ;
#2750 = ORIENTED_EDGE ( 'NONE', *, *, #4918, .F. ) ;
#2751 = DIRECTION ( 'NONE',  ( 0.000000000000000000, 1.000000000000000000, 0.000000000000000000 ) ) ;
#2752 = CARTESIAN_POINT ( 'NONE',  ( 1.699999999999999956, 0.3750000000000000000, 2.200000000000000178 ) ) ;
#2753 = DIRECTION ( 'NONE',  ( 1.000000000000000000, 0.000000000000000000, 0.000000000000000000 ) ) ;
#2754 = CARTESIAN_POINT ( 'NONE',  ( 1.500000000000000000, -0.2500000000000000000, 2.299999999999999822 ) ) ;
#2755 = CARTESIAN_POINT ( 'NONE',  ( -2.250000000000000000, 0.4000000000000000222, 0.000000000000000000 ) ) ;
#2756 = DIRECTION ( 'NONE',  ( 1.000000000000000000, 0.000000000000000000, 0.000000000000000000 ) ) ;
#2757 = DIRECTION ( 'NONE',  ( 1.000000000000000000, 0.000000000000000000, 0.000000000000000000 ) ) ;
#2758 = EDGE_LOOP ( 'NONE', ( #5891, #1993, #5165, #87 ) ) ;
#2759 = CARTESIAN_POINT ( 'NONE',  ( -1.469999999999999973, 0.2999999999994529820, 2.399999999999999911 ) ) ;
#2760 = CARTESIAN_POINT ( 'NONE',  ( 0.6138242006960059616, -0.7709897885275328600, 0.2651562356328959758 ) ) ;
#2761 = FACE_OUTER_BOUND ( 'NONE', #3736, .T. ) ;
#2762 = EDGE_LOOP ( 'NONE', ( #572, #171, #471, #7050, #1321, #1085 ) ) ;
#2763 = VECTOR ( 'NONE', #3048, 1000.000000000000000 ) ;
#2764 = DIRECTION ( 'NONE',  ( -1.000000000000000000, -2.519604533808158059E-10, 2.710505431337239589E-14 ) ) ;
#2765 = CARTESIAN_POINT ( 'NONE',  ( 1.469999999999999973, 0.3086776736253000197, 2.330000000000000071 ) ) ;
#2766 = ORIENTED_EDGE ( 'NONE', *, *, #7306, .F. ) ;
#2768 = ADVANCED_FACE ( 'NONE', ( #5750 ), #7698, .T. ) ;
#2767 = SURFACE_SIDE_STYLE ('',( #3472 ) ) ;
#2769 = ORIENTED_EDGE ( 'NONE', *, *, #1386, .F. ) ;
#2770 = ORIENTED_EDGE ( 'NONE', *, *, #3638, .F. ) ;
#2771 = AXIS2_PLACEMENT_3D ( 'NONE', #2056, #2999, #4217 ) ;
#2772 = DIRECTION ( 'NONE',  ( 0.000000000000000000, -1.000000000000000000, 0.000000000000000000 ) ) ;
#2773 = EDGE_CURVE ( 'NONE', #1845, #2660, #5087, .T. ) ;
#2774 = CARTESIAN_POINT ( 'NONE',  ( -0.8500000000151000101, -0.9000000000000000222, 1.699999999999999956 ) ) ;
#2775 = FACE_OUTER_BOUND ( 'NONE', #5401, .T. ) ;
#2776 = AXIS2_PLACEMENT_3D ( 'NONE', #5809, #5967, #1124 ) ;
#2777 = DIRECTION ( 'NONE',  ( 0.000000000000000000, 0.000000000000000000, -1.000000000000000000 ) ) ;
#2778 = PLANE ( 'NONE',  #4701 ) ;
#2779 = ADVANCED_FACE ( 'NONE', ( #298 ), #5788, .F. ) ;
#2780 = EDGE_CURVE ( 'NONE', #1298, #4416, #7467, .T. ) ;
#2781 = CIRCLE ( 'NONE', #3266, 0.2000000000000000944 ) ;
#2782 = ORIENTED_EDGE ( 'NONE', *, *, #455, .F. ) ;
#2783 = CARTESIAN_POINT ( 'NONE',  ( -0.5538995006676549204, 0.7038995806280928802, 0.3720083874388854239 ) ) ;
#2784 = VECTOR ( 'NONE', #5321, 1000.000000000000000 ) ;
#2785 = CARTESIAN_POINT ( 'NONE',  ( -2.113554018886000030, 0.3663376014356999888, 0.3800000000000000044 ) ) ;
#2786 = VECTOR ( 'NONE', #6497, 1000.000000000000000 ) ;
#2787 = VERTEX_POINT ( 'NONE', #3847 ) ;
#2788 = CARTESIAN_POINT ( 'NONE',  ( -1.275000000000000133, 0.000000000000000000, 0.2500000000000000000 ) ) ;
#2789 = VERTEX_POINT ( 'NONE', #1576 ) ;
#2790 = ORIENTED_EDGE ( 'NONE', *, *, #2262, .F. ) ;
#2791 = DIRECTION ( 'NONE',  ( -1.000000000000000000, 0.000000000000000000, 0.000000000000000000 ) ) ;
#2792 = FACE_OUTER_BOUND ( 'NONE', #1142, .T. ) ;
#2793 = CARTESIAN_POINT ( 'NONE',  ( 1.875000000000000000, -0.8000000000000000444, 0.5000000000000000000 ) ) ;
#2794 = LINE ( 'NONE', #1586, #5162 ) ;
#2795 = AXIS2_PLACEMENT_3D ( 'NONE', #5038, #7423, #3210 ) ;
#2796 = LINE ( 'NONE', #3344, #1645 ) ;
#2797 = DIRECTION ( 'NONE',  ( -1.000000000000000000, 0.000000000000000000, 0.000000000000000000 ) ) ;
#2798 = DIRECTION ( 'NONE',  ( 0.000000000000000000, 0.000000000000000000, -1.000000000000000000 ) ) ;
#2799 = ADVANCED_FACE ( 'NONE', ( #7425 ), #2113, .F. ) ;
#2800 = ORIENTED_EDGE ( 'NONE', *, *, #5110, .F. ) ;
#2801 = CARTESIAN_POINT ( 'NONE',  ( 2.187500000000000000, -0.9449999999999999512, 2.200000000000000178 ) ) ;
#2802 = CARTESIAN_POINT ( 'NONE',  ( 0.5569791683949584238, -0.7079017922905322946, 0.3451251010775114869 ) ) ;
#2803 = LINE ( 'NONE', #393, #336 ) ;
#2804 = ORIENTED_EDGE ( 'NONE', *, *, #704, .T. ) ;
#2805 = DIRECTION ( 'NONE',  ( 0.000000000000000000, 0.000000000000000000, 1.000000000000000000 ) ) ;
#2806 = CARTESIAN_POINT ( 'NONE',  ( -2.000000000000000000, 0.2999999999941979634, 2.330000000000000071 ) ) ;
#2807 = ORIENTED_EDGE ( 'NONE', *, *, #124, .T. ) ;
#2808 = CARTESIAN_POINT ( 'NONE',  ( 0.8510499682814820499, 0.3755476762960185400, 3.400000000004524736 ) ) ;
#2809 = ORIENTED_EDGE ( 'NONE', *, *, #2953, .T. ) ;
#2810 = VERTEX_POINT ( 'NONE', #2078 ) ;
#2811 = CIRCLE ( 'NONE', #3428, 0.1499999999999999667 ) ;
#2812 = CARTESIAN_POINT ( 'NONE',  ( 0.6836623985643000001, -0.2336623985642999890, 0.2500000000000000000 ) ) ;
#2813 = CARTESIAN_POINT ( 'NONE',  ( 1.550000000011000134, 0.3800000000000000044, 2.399999999999999911 ) ) ;
#2814 = AXIS2_PLACEMENT_3D ( 'NONE', #4195, #1229, #647 ) ;
#2815 = CARTESIAN_POINT ( 'NONE',  ( 1.875000000000000000, -0.8000000000000000444, 0.5000000000000000000 ) ) ;
#2816 = CARTESIAN_POINT ( 'NONE',  ( 0.5927737790424739694, 0.4527600221326580909, 0.2818393970400355220 ) ) ;
#2817 = LINE ( 'NONE', #2068, #335 ) ;
#2818 = VECTOR ( 'NONE', #3559, 1000.000000000000000 ) ;
#2819 = EDGE_CURVE ( 'NONE', #6277, #4622, #5163, .T. ) ;
#2820 = ORIENTED_EDGE ( 'NONE', *, *, #1520, .T. ) ;
#2821 = DIRECTION ( 'NONE',  ( 1.000000000000000000, 2.048238604187199332E-11, 0.000000000000000000 ) ) ;
#2822 = VECTOR ( 'NONE', #607, 1000.000000000000000 ) ;
#2823 = AXIS2_PLACEMENT_3D ( 'NONE', #5130, #5840, #6232 ) ;
#2824 = EDGE_CURVE ( 'NONE', #2016, #785, #4004, .T. ) ;
#2825 = EDGE_CURVE ( 'NONE', #186, #1866, #6290, .T. ) ;
#2826 = EDGE_CURVE ( 'NONE', #5942, #2402, #6366, .T. ) ;
#2827 = AXIS2_PLACEMENT_3D ( 'NONE', #7432, #6185, #4435 ) ;
#2828 = CARTESIAN_POINT ( 'NONE',  ( 0.8510499682816999867, -0.4087534042735999629, 3.399999999999999911 ) ) ;
#2829 = VERTEX_POINT ( 'NONE', #6842 ) ;
#2830 = VECTOR ( 'NONE', #2843, 1000.000000000000000 ) ;
#2831 = CIRCLE ( 'NONE', #5945, 0.1000000000000000056 ) ;
#2832 = ORIENTED_EDGE ( 'NONE', *, *, #5006, .T. ) ;
#2833 = ORIENTED_EDGE ( 'NONE', *, *, #2286, .F. ) ;
#2834 = LINE ( 'NONE', #6965, #7051 ) ;
#2835 = DIRECTION ( 'NONE',  ( 0.000000000000000000, 0.000000000000000000, -1.000000000000000000 ) ) ;
#2836 = CARTESIAN_POINT ( 'NONE',  ( -0.6474304142646618576, 0.8199786129451602790, 0.2507221828342951486 ) ) ;
#2837 = DIRECTION ( 'NONE',  ( -2.149305750625848599E-29, -1.000000000000000000, -1.850848880569200273E-14 ) ) ;
#2838 = CARTESIAN_POINT ( 'NONE',  ( -1.550000000000000044, 0.2999999999999999889, 2.330000000000000071 ) ) ;
#2839 = VECTOR ( 'NONE', #5522, 1000.000000000000000 ) ;
#2840 = CARTESIAN_POINT ( 'NONE',  ( 0.7500000000000000000, -0.5150000000000000133, 0.7500000000000000000 ) ) ;
#2841 = CARTESIAN_POINT ( 'NONE',  ( 0.6407106710560012131, 0.8060659156373373158, 0.2527985861194562700 ) ) ;
#2842 = EDGE_LOOP ( 'NONE', ( #1408, #7687, #4246, #828 ) ) ;
#2843 = DIRECTION ( 'NONE',  ( 0.000000000000000000, -1.000000000000000000, 0.000000000000000000 ) ) ;
#2844 = DIRECTION ( 'NONE',  ( 0.000000000000000000, 1.000000000000000000, 0.000000000000000000 ) ) ;
#2845 = DIRECTION ( 'NONE',  ( 0.000000000000000000, 0.000000000000000000, 1.000000000000000000 ) ) ;
#2846 = ORIENTED_EDGE ( 'NONE', *, *, #7059, .T. ) ;
#2847 = LINE ( 'NONE', #4681, #7498 ) ;
#2848 = CARTESIAN_POINT ( 'NONE',  ( -1.275000000000000133, -0.3499999999999999778, 0.000000000000000000 ) ) ;
#2849 = VERTEX_POINT ( 'NONE', #563 ) ;
#2850 = LINE ( 'NONE', #2135, #3802 ) ;
#2851 = ORIENTED_EDGE ( 'NONE', *, *, #1432, .T. ) ;
#2852 = CARTESIAN_POINT ( 'NONE',  ( -1.800000000000000044, -0.2500000000000000000, 2.299999999999999822 ) ) ;
#2853 = DIRECTION ( 'NONE',  ( 0.000000000000000000, 0.000000000000000000, -1.000000000000000000 ) ) ;
#2854 = ADVANCED_FACE ( 'NONE', ( #6251 ), #3970, .T. ) ;
#2855 = DIRECTION ( 'NONE',  ( 0.000000000000000000, 0.000000000000000000, 1.000000000000000000 ) ) ;
#2856 = CARTESIAN_POINT ( 'NONE',  ( 0.6499999999871857170, 0.3677522090430733193, 0.2499999999999310552 ) ) ;
#2857 = ORIENTED_EDGE ( 'NONE', *, *, #5067, .F. ) ;
#2858 = EDGE_CURVE ( 'NONE', #4455, #5853, #3089, .T. ) ;
#2859 = FACE_OUTER_BOUND ( 'NONE', #5148, .T. ) ;
#2860 = DIRECTION ( 'NONE',  ( 0.000000000000000000, -1.000000000000000000, -1.626303258728307454E-14 ) ) ;
#2861 = ORIENTED_EDGE ( 'NONE', *, *, #1145, .T. ) ;
#2862 = ORIENTED_EDGE ( 'NONE', *, *, #733, .T. ) ;
#2863 = ADVANCED_FACE ( 'NONE', ( #6597 ), #1795, .T. ) ;
#2864 = ORIENTED_EDGE ( 'NONE', *, *, #6508, .F. ) ;
#2865 = CARTESIAN_POINT ( 'NONE',  ( -2.113554018886000030, -0.7038245945102179491, 0.3735081097965359809 ) ) ;
#2866 = ADVANCED_FACE ( 'NONE', ( #2467 ), #4183, .T. ) ;
#2867 = ORIENTED_EDGE ( 'NONE', *, *, #2773, .T. ) ;
#2868 = CARTESIAN_POINT ( 'NONE',  ( 0.6838871170368998609, -0.9009336148352999896, 0.3755056305466999977 ) ) ;
#2869 = CARTESIAN_POINT ( 'NONE',  ( -1.875000000000000000, -0.8000000000000000444, 0.5000000000000000000 ) ) ;
#2870 = DIRECTION ( 'NONE',  ( 1.000000000000000000, -1.074652875967286261E-29, 1.850848880617705121E-14 ) ) ;
#2871 = EDGE_CURVE ( 'NONE', #1113, #1536, #5353, .T. ) ;
#2872 = DIRECTION ( 'NONE',  ( 0.000000000000000000, 0.000000000000000000, -1.000000000000000000 ) ) ;
#2873 = CARTESIAN_POINT ( 'NONE',  ( 0.5567020315621749038, 0.7075736932594643980, 0.3465428590174057244 ) ) ;
#2874 = ORIENTED_EDGE ( 'NONE', *, *, #4881, .T. ) ;
#2875 = CARTESIAN_POINT ( 'NONE',  ( -0.8500000000151000101, -0.9000000000000000222, 1.399999999999999911 ) ) ;
#2876 = ADVANCED_FACE ( 'NONE', ( #1330 ), #6633, .T. ) ;
#2877 = CARTESIAN_POINT ( 'NONE',  ( 1.525000000000000133, -0.9499999999999999556, -0.1881966011250000015 ) ) ;
#2878 = CARTESIAN_POINT ( 'NONE',  ( 1.600000000000000089, 0.2500000000000000000, 2.658830721404000563 ) ) ;
#2879 = VERTEX_POINT ( 'NONE', #6053 ) ;
#2880 = PLANE ( 'NONE',  #1895 ) ;
#2881 = DIRECTION ( 'NONE',  ( 0.000000000000000000, -0.9998476951563913806, 0.01745240643727980628 ) ) ;
#2882 = EDGE_LOOP ( 'NONE', ( #7238, #1441, #5076, #5271 ) ) ;
#2883 = SURFACE_STYLE_USAGE ( .BOTH. , #2767 ) ;
#2884 = ORIENTED_EDGE ( 'NONE', *, *, #326, .T. ) ;
#2885 = EDGE_LOOP ( 'NONE', ( #5989, #6754, #7547, #180 ) ) ;
#2886 = VECTOR ( 'NONE', #3436, 1000.000000000000000 ) ;
#2887 = CARTESIAN_POINT ( 'NONE',  ( 1.899999999999999911, 0.09682458365518469001, 2.100000000000000089 ) ) ;
#2888 = DIRECTION ( 'NONE',  ( 0.000000000000000000, 0.000000000000000000, 1.000000000000000000 ) ) ;
#2889 = FACE_OUTER_BOUND ( 'NONE', #6749, .T. ) ;
#2890 = DIRECTION ( 'NONE',  ( 1.000000000000000000, 0.000000000000000000, 0.000000000000000000 ) ) ;
#2891 = CARTESIAN_POINT ( 'NONE',  ( 2.194999999999999840, -0.3750000000000000000, 2.275997159067980391 ) ) ;
#2892 = VECTOR ( 'NONE', #3088, 1000.000000000000000 ) ;
#2893 = EDGE_LOOP ( 'NONE', ( #4998, #4958, #2616, #6796 ) ) ;
#2894 = FACE_OUTER_BOUND ( 'NONE', #2762, .T. ) ;
#2895 =( BOUNDED_CURVE ( )  B_SPLINE_CURVE ( 3, ( #5107, #2180, #6430, #4572 ),
 .UNSPECIFIED., .F., .F. ) 
 B_SPLINE_CURVE_WITH_KNOTS ( ( 4, 4 ),
 ( 4.712388980384689674, 6.233226911454660346 ),
 .UNSPECIFIED. ) 
 CURVE ( )  GEOMETRIC_REPRESENTATION_ITEM ( )  RATIONAL_B_SPLINE_CURVE ( ( 1.000000000000000000, 0.8163648751943569648, 0.8163648751943569648, 1.000000000000000000 ) ) 
 REPRESENTATION_ITEM ( '' )  );
#2896 = CARTESIAN_POINT ( 'NONE',  ( 1.600000000000000089, -0.2500000000000000000, 2.299999999999999822 ) ) ;
#2897 = ORIENTED_EDGE ( 'NONE', *, *, #5392, .T. ) ;
#2898 = CIRCLE ( 'NONE', #4032, 0.2000009471890610013 ) ;
#2899 = ORIENTED_EDGE ( 'NONE', *, *, #7347, .F. ) ;
#2900 = ORIENTED_EDGE ( 'NONE', *, *, #21, .T. ) ;
#2901 = LINE ( 'NONE', #2315, #5555 ) ;
#2902 = AXIS2_PLACEMENT_3D ( 'NONE', #5031, #6209, #866 ) ;
#2903 = EDGE_LOOP ( 'NONE', ( #3432, #6897, #6271, #3451 ) ) ;
#2904 = AXIS2_PLACEMENT_3D ( 'NONE', #6878, #2707, #3404 ) ;
#2905 = DIRECTION ( 'NONE',  ( 0.000000000000000000, 1.000000000000000000, 0.000000000000000000 ) ) ;
#2906 = CIRCLE ( 'NONE', #4037, 0.1000000000000000472 ) ;
#2907 = DIRECTION ( 'NONE',  ( -1.850848880617705121E-14, -9.254244403202140510E-15, 1.000000000000000000 ) ) ;
#2908 = EDGE_CURVE ( 'NONE', #7037, #323, #5469, .T. ) ;
#2909 = DIRECTION ( 'NONE',  ( -1.000000000000000000, 0.000000000000000000, 0.000000000000000000 ) ) ;
#2910 = LINE ( 'NONE', #7668, #6551 ) ;
#2911 = EDGE_LOOP ( 'NONE', ( #7601, #1143, #3001, #3174 ) ) ;
#2912 = FACE_BOUND ( 'NONE', #3, .T. ) ;
#2913 = CARTESIAN_POINT ( 'NONE',  ( 1.275000000000000133, 0.3499999999999999778, 0.000000000000000000 ) ) ;
#2914 = DIRECTION ( 'NONE',  ( 0.000000000000000000, 1.000000000000000000, 0.000000000000000000 ) ) ;
#2915 = ORIENTED_EDGE ( 'NONE', *, *, #5881, .T. ) ;
#2916 = EDGE_CURVE ( 'NONE', #5499, #65, #134, .T. ) ;
#2917 = VECTOR ( 'NONE', #4810, 1000.000000000000000 ) ;
#2918 = ADVANCED_FACE ( 'NONE', ( #3603 ), #1754, .F. ) ;
#2919 = EDGE_CURVE ( 'NONE', #6367, #802, #3677, .T. ) ;
#2920 = EDGE_CURVE ( 'NONE', #1731, #976, #4854, .T. ) ;
#2921 = FACE_OUTER_BOUND ( 'NONE', #7216, .T. ) ;
#2922 = FACE_OUTER_BOUND ( 'NONE', #3336, .T. ) ;
#2923 = VERTEX_POINT ( 'NONE', #5980 ) ;
#2924 = LINE ( 'NONE', #5300, #5787 ) ;
#2925 = ORIENTED_EDGE ( 'NONE', *, *, #1458, .F. ) ;
#2926 = ORIENTED_EDGE ( 'NONE', *, *, #2032, .T. ) ;
#2927 = CARTESIAN_POINT ( 'NONE',  ( 0.1163376014357000027, 0.3663376014356999888, 0.2500000000000000000 ) ) ;
#2928 = CIRCLE ( 'NONE', #4802, 0.2999999999999999334 ) ;
#2929 = DIRECTION ( 'NONE',  ( 0.03489418781260640590, 0.01744177813808910071, 0.9992388003036511979 ) ) ;
#2930 = DIRECTION ( 'NONE',  ( 0.000000000000000000, 0.000000000000000000, 1.000000000000000000 ) ) ;
#2931 = CARTESIAN_POINT ( 'NONE',  ( 0.2650000000000000133, 0.6849999999999999423, 0.7500000000000000000 ) ) ;
#2932 = CARTESIAN_POINT ( 'NONE',  ( -2.113554018886000030, 0.4961754054897820065, 0.3735081097965359809 ) ) ;
#2933 = DIRECTION ( 'NONE',  ( -1.000000000000000000, 0.000000000000000000, 0.000000000000000000 ) ) ;
#2934 = AXIS2_PLACEMENT_3D ( 'NONE', #6299, #385, #4555 ) ;
#2935 = ORIENTED_EDGE ( 'NONE', *, *, #6450, .F. ) ;
#2936 = DIRECTION ( 'NONE',  ( 0.000000000000000000, -0.9987523388778447586, 0.04993761694389219075 ) ) ;
#2937 = VECTOR ( 'NONE', #382, 1000.000000000000000 ) ;
#2938 = CARTESIAN_POINT ( 'NONE',  ( -1.925000000000000044, -0.4000000000000000222, 0.5000000000000000000 ) ) ;
#2939 = EDGE_CURVE ( 'NONE', #5909, #3308, #751, .T. ) ;
#2940 = CIRCLE ( 'NONE', #3947, 0.1000000000000000472 ) ;
#2941 = CARTESIAN_POINT ( 'NONE',  ( 1.925000000000000044, -0.4000000000000000222, 0.000000000000000000 ) ) ;
#2942 = VERTEX_POINT ( 'NONE', #2978 ) ;
#2943 = ORIENTED_EDGE ( 'NONE', *, *, #69, .T. ) ;
#2944 = VERTEX_POINT ( 'NONE', #6013 ) ;
#2945 = AXIS2_PLACEMENT_3D ( 'NONE', #4112, #2936, #4187 ) ;
#2946 = DIRECTION ( 'NONE',  ( 0.000000000000000000, 0.000000000000000000, -1.000000000000000000 ) ) ;
#2947 = ORIENTED_EDGE ( 'NONE', *, *, #5347, .T. ) ;
#2948 = PLANE ( 'NONE',  #1293 ) ;
#2949 = CIRCLE ( 'NONE', #708, 0.07999999999999696243 ) ;
#2950 = AXIS2_PLACEMENT_3D ( 'NONE', #2128, #4523, #2248 ) ;
#2951 = CARTESIAN_POINT ( 'NONE',  ( -1.850000000000000089, 0.2999999999999999889, 2.330000000000000071 ) ) ;
#2952 = VECTOR ( 'NONE', #2607, 1000.000000000000000 ) ;
#2953 = EDGE_CURVE ( 'NONE', #259, #3878, #2162, .T. ) ;
#2954 = VECTOR ( 'NONE', #4059, 1000.000000000000000 ) ;
#2955 = CARTESIAN_POINT ( 'NONE',  ( -0.6261250910721960494, -0.7848455693065752303, 0.2585189754223766179 ) ) ;
#2956 = CARTESIAN_POINT ( 'NONE',  ( -0.5350000000000000311, 0.6849999999999999423, 0.7500000000000000000 ) ) ;
#2957 = ORIENTED_EDGE ( 'NONE', *, *, #1530, .T. ) ;
#2958 = ORIENTED_EDGE ( 'NONE', *, *, #897, .T. ) ;
#2959 = DIRECTION ( 'NONE',  ( 0.000000000000000000, 1.000000000000000000, 0.000000000000000000 ) ) ;
#2960 = CYLINDRICAL_SURFACE ( 'NONE', #2275, 0.1299999999999999489 ) ;
#2961 = CARTESIAN_POINT ( 'NONE',  ( -0.5827944719353095326, 0.4636288991825048278, 0.2923723265397681903 ) ) ;
#2962 = AXIS2_PLACEMENT_3D ( 'NONE', #3930, #2202, #6295 ) ;
#2963 = EDGE_CURVE ( 'NONE', #7, #3755, #3052, .T. ) ;
#2964 = VECTOR ( 'NONE', #7385, 1000.000000000000000 ) ;
#2965 = DIRECTION ( 'NONE',  ( 0.000000000000000000, 0.000000000000000000, -1.000000000000000000 ) ) ;
#2966 = DIRECTION ( 'NONE',  ( 1.000000000000000000, 0.000000000000000000, 0.000000000000000000 ) ) ;
#2967 = ORIENTED_EDGE ( 'NONE', *, *, #6973, .T. ) ;
#2968 = DIRECTION ( 'NONE',  ( 0.000000000000000000, 1.000000000000000000, 0.000000000000000000 ) ) ;
#2969 = ORIENTED_EDGE ( 'NONE', *, *, #4833, .F. ) ;
#2970 = VERTEX_POINT ( 'NONE', #5430 ) ;
#2971 = ADVANCED_FACE ( 'NONE', ( #4887 ), #4305, .F. ) ;
#2972 = EDGE_CURVE ( 'NONE', #4729, #4665, #3013, .T. ) ;
#2973 = DIRECTION ( 'NONE',  ( 0.000000000000000000, 0.000000000000000000, -1.000000000000000000 ) ) ;
#2974 = CARTESIAN_POINT ( 'NONE',  ( -1.925000000000000044, 0.4749999999999999778, 2.100000000000000089 ) ) ;
#2975 = EDGE_CURVE ( 'NONE', #6817, #4207, #7337, .T. ) ;
#2976 = LINE ( 'NONE', #3007, #7511 ) ;
#2977 = DIRECTION ( 'NONE',  ( -0.9996850167209582194, -0.0001710805505386113034, -0.02509657496676879693 ) ) ;
#2978 = CARTESIAN_POINT ( 'NONE',  ( 1.050000000000000044, 0.4000000000000000222, 2.299999999999999822 ) ) ;
#2979 = ORIENTED_EDGE ( 'NONE', *, *, #1770, .T. ) ;
#2980 = CARTESIAN_POINT ( 'NONE',  ( -2.250000000000000000, 0.9000000000000000222, 2.100000000000000089 ) ) ;
#2981 = EDGE_CURVE ( 'NONE', #5834, #6244, #3199, .T. ) ;
#2982 = DIRECTION ( 'NONE',  ( 0.000000000000000000, 0.000000000000000000, -1.000000000000000000 ) ) ;
#2983 = LINE ( 'NONE', #4190, #4525 ) ;
#2984 = VERTEX_POINT ( 'NONE', #4413 ) ;
#2985 = VERTEX_POINT ( 'NONE', #3868 ) ;
#2986 = EDGE_LOOP ( 'NONE', ( #2295, #1915, #1803, #5516, #7662, #6144 ) ) ;
#2987 = CARTESIAN_POINT ( 'NONE',  ( 1.550000000001515055, -0.3800000000000000044, 2.399999999999999911 ) ) ;
#2988 = EDGE_LOOP ( 'NONE', ( #7252, #7634, #7269, #6587 ) ) ;
#2989 = LINE ( 'NONE', #6456, #798 ) ;
#2990 = CARTESIAN_POINT ( 'NONE',  ( 1.375000000000000000, -0.5000000000000000000, 0.5000000000000000000 ) ) ;
#2991 = DIRECTION ( 'NONE',  ( 0.000000000000000000, 0.000000000000000000, -1.000000000000000000 ) ) ;
#2992 = DIRECTION ( 'NONE',  ( 1.000000000000000000, 0.000000000000000000, 0.000000000000000000 ) ) ;
#2993 = ORIENTED_EDGE ( 'NONE', *, *, #2610, .T. ) ;
#2994 = VERTEX_POINT ( 'NONE', #2653 ) ;
#2995 = CARTESIAN_POINT ( 'NONE',  ( 0.000000000000000000, -0.5000000000000000000, 2.200000000000000178 ) ) ;
#2996 = CARTESIAN_POINT ( 'NONE',  ( 1.050000000000000044, 0.4000000000000000222, 2.100000000000000089 ) ) ;
#2997 = PLANE ( 'NONE',  #4828 ) ;
#2998 = DIRECTION ( 'NONE',  ( 1.000000000000000000, 0.000000000000000000, 0.000000000000000000 ) ) ;
#2999 = DIRECTION ( 'NONE',  ( 1.000000000000000000, 0.000000000000000000, 0.000000000000000000 ) ) ;
#3000 = DIRECTION ( 'NONE',  ( 0.000000000000000000, 1.000000000000000000, 0.000000000000000000 ) ) ;
#3001 = ORIENTED_EDGE ( 'NONE', *, *, #250, .F. ) ;
#3002 = CARTESIAN_POINT ( 'NONE',  ( -2.250000000000000000, 0.9000000000000000222, 0.5000000000000000000 ) ) ;
#3003 = ORIENTED_EDGE ( 'NONE', *, *, #18, .F. ) ;
#3004 = ORIENTED_EDGE ( 'NONE', *, *, #255, .T. ) ;
#3005 = CARTESIAN_POINT ( 'NONE',  ( -1.375000000000000000, -0.4000000000000000222, -0.009603111705303998477 ) ) ;
#3006 = DIRECTION ( 'NONE',  ( -1.000000000000000000, 0.000000000000000000, 0.000000000000000000 ) ) ;
#3007 = CARTESIAN_POINT ( 'NONE',  ( -1.875000000000000000, -0.8000000000000000444, 0.1749999999999999889 ) ) ;
#3008 = EDGE_CURVE ( 'NONE', #6947, #7487, #3230, .T. ) ;
#3009 = DIRECTION ( 'NONE',  ( 0.000000000000000000, 0.000000000000000000, 1.000000000000000000 ) ) ;
#3010 = DIRECTION ( 'NONE',  ( -0.9987523388778447586, 0.000000000000000000, 0.04993761694389219075 ) ) ;
#3011 = VERTEX_POINT ( 'NONE', #4963 ) ;
#3012 = LINE ( 'NONE', #1103, #5558 ) ;
#3013 = B_SPLINE_CURVE_WITH_KNOTS ( 'NONE', 3,
 ( #50, #4227, #6676, #6515, #1875, #4267, #1289, #3091, #5506, #367, #3159, #1986, #6203, #4920, #2582, #6863, #5700, #7370, #860, #4378, #1515, #6748 ),
 .UNSPECIFIED., .F., .F.,
 ( 4, 3, 3, 3, 3, 3, 3, 4 ),
 ( 5.421010862427522170E-20, 3.610820105796606655E-05, 7.184635173968897319E-05, 0.0001248418017079286064, 0.0001793155921833519835, 0.0001996016952607257704, 0.0002135996456861059811, 0.0002177643733424368378 ),
 .UNSPECIFIED. ) ;
#3014 = EDGE_CURVE ( 'NONE', #3582, #614, #7701, .T. ) ;
#3015 = DIRECTION ( 'NONE',  ( -1.000000000000000000, 0.000000000000000000, 0.000000000000000000 ) ) ;
#3016 = CARTESIAN_POINT ( 'NONE',  ( 1.800000000000000044, -0.2500000000000000000, 2.299999999999999822 ) ) ;
#3017 = ADVANCED_FACE ( 'NONE', ( #6168 ), #786, .T. ) ;
#3018 = ORIENTED_EDGE ( 'NONE', *, *, #6581, .T. ) ;
#3019 = ORIENTED_EDGE ( 'NONE', *, *, #7187, .T. ) ;
#3020 = VERTEX_POINT ( 'NONE', #203 ) ;
#3021 = LINE ( 'NONE', #5402, #6675 ) ;
#3022 = ORIENTED_EDGE ( 'NONE', *, *, #7576, .T. ) ;
#3023 = DIRECTION ( 'NONE',  ( 0.000000000000000000, 0.000000000000000000, 1.000000000000000000 ) ) ;
#3024 = VECTOR ( 'NONE', #1667, 1000.000000000000000 ) ;
#3025 = CARTESIAN_POINT ( 'NONE',  ( -1.824999999999999956, 0.1658312395178000165, 2.200000000000000178 ) ) ;
#3026 = AXIS2_PLACEMENT_3D ( 'NONE', #3785, #7330, #1942 ) ;
#3027 = AXIS2_PLACEMENT_3D ( 'NONE', #4768, #6472, #3674 ) ;
#3028 = LINE ( 'NONE', #2278, #6567 ) ;
#3029 = CARTESIAN_POINT ( 'NONE',  ( 0.9499999999999999556, -0.4000000000000000222, 2.495600000000000041 ) ) ;
#3030 = ORIENTED_EDGE ( 'NONE', *, *, #5293, .F. ) ;
#3031 = VERTEX_POINT ( 'NONE', #5584 ) ;
#3032 = FACE_BOUND ( 'NONE', #6937, .T. ) ;
#3033 = CARTESIAN_POINT ( 'NONE',  ( 0.6838871170368998609, 0.3498878721859000063, 0.3755056305466999977 ) ) ;
#3034 = VECTOR ( 'NONE', #148, 1000.000000000000000 ) ;
#3035 = DIRECTION ( 'NONE',  ( -1.000000000000000000, 0.000000000000000000, 0.000000000000000000 ) ) ;
#3036 = LINE ( 'NONE', #7127, #5807 ) ;
#3037 = MANIFOLD_SOLID_BREP ( 'NONE', #7109 ) ;
#3038 = CARTESIAN_POINT ( 'NONE',  ( 2.299999999999999822, -0.9449999999999999512, 2.299999999999999822 ) ) ;
#3039 = EDGE_CURVE ( 'NONE', #5335, #5024, #445, .T. ) ;
#3040 = LINE ( 'NONE', #5417, #1577 ) ;
#3041 = ORIENTED_EDGE ( 'NONE', *, *, #403, .F. ) ;
#3042 = LINE ( 'NONE', #3595, #1051 ) ;
#3043 = ORIENTED_EDGE ( 'NONE', *, *, #5006, .F. ) ;
#3044 = EDGE_LOOP ( 'NONE', ( #2943, #7455, #6763, #4149 ) ) ;
#3045 = CIRCLE ( 'NONE', #7024, 0.2000009471890974166 ) ;
#3046 = CARTESIAN_POINT ( 'NONE',  ( 0.7500000000000000000, -0.6849999999999999423, 0.7500000000000000000 ) ) ;
#3047 = DIRECTION ( 'NONE',  ( 0.000000000000000000, 1.000000000000000000, 0.000000000000000000 ) ) ;
#3048 = DIRECTION ( 'NONE',  ( 0.000000000000000000, 1.000000000000000000, 0.000000000000000000 ) ) ;
#3049 = LINE ( 'NONE', #4809, #45 ) ;
#3050 = VECTOR ( 'NONE', #3978, 1000.000000000000000 ) ;
#3051 = DIRECTION ( 'NONE',  ( 0.000000000000000000, 0.000000000000000000, -1.000000000000000000 ) ) ;
#3052 = LINE ( 'NONE', #7143, #6701 ) ;
#3053 = ORIENTED_EDGE ( 'NONE', *, *, #6641, .F. ) ;
#3054 = VERTEX_POINT ( 'NONE', #2100 ) ;
#3055 = DIRECTION ( 'NONE',  ( 0.000000000000000000, 0.000000000000000000, -1.000000000000000000 ) ) ;
#3056 = CARTESIAN_POINT ( 'NONE',  ( 0.000000000000000000, -0.3499999999999999778, 0.2500000000000000000 ) ) ;
#3057 = DIRECTION ( 'NONE',  ( -1.000000000000000000, 0.000000000000000000, 0.000000000000000000 ) ) ;
#3058 = VERTEX_POINT ( 'NONE', #4493 ) ;
#3059 = ADVANCED_FACE ( 'NONE', ( #3316 ), #6715, .T. ) ;
#3060 = EDGE_LOOP ( 'NONE', ( #3160, #4206, #1111, #1738 ) ) ;
#3061 = ORIENTED_EDGE ( 'NONE', *, *, #4114, .T. ) ;
#3062 = DIRECTION ( 'NONE',  ( 0.000000000000000000, 1.000000000000000000, 0.000000000000000000 ) ) ;
#3063 = EDGE_CURVE ( 'NONE', #1269, #5507, #1600, .T. ) ;
#3064 = EDGE_CURVE ( 'NONE', #2609, #316, #2253, .T. ) ;
#3065 = EDGE_CURVE ( 'NONE', #2101, #4117, #7644, .T. ) ;
#3066 = VECTOR ( 'NONE', #2533, 1000.000000000000000 ) ;
#3067 = DIRECTION ( 'NONE',  ( 0.000000000000000000, 0.000000000000000000, -1.000000000000000000 ) ) ;
#3068 = AXIS2_PLACEMENT_3D ( 'NONE', #4008, #5673, #5718 ) ;
#3069 = CARTESIAN_POINT ( 'NONE',  ( 0.2650000000000000133, -0.6849999999999999423, 0.7500000000000000000 ) ) ;
#3070 = AXIS2_PLACEMENT_3D ( 'NONE', #2614, #5614, #3866 ) ;
#3071 = ORIENTED_EDGE ( 'NONE', *, *, #6771, .F. ) ;
#3072 = ORIENTED_EDGE ( 'NONE', *, *, #6347, .T. ) ;
#3073 = CARTESIAN_POINT ( 'NONE',  ( 1.930000000000000160, -0.3086776736253000197, 2.399999999999999911 ) ) ;
#3074 = DIRECTION ( 'NONE',  ( 0.000000000000000000, 0.000000000000000000, 1.000000000000000000 ) ) ;
#3075 = DIRECTION ( 'NONE',  ( -1.000000000000000000, 0.000000000000000000, 0.000000000000000000 ) ) ;
#3076 = VECTOR ( 'NONE', #1291, 1000.000000000000000 ) ;
#3077 = AXIS2_PLACEMENT_3D ( 'NONE', #3990, #4569, #6350 ) ;
#3078 = CARTESIAN_POINT ( 'NONE',  ( -0.5538245945100819245, -0.7038245945101170298, 0.3735081097983659615 ) ) ;
#3079 = CARTESIAN_POINT ( 'NONE',  ( -1.899999999999999911, 0.4749999999999999778, 2.100000000000000089 ) ) ;
#3080 = DIRECTION ( 'NONE',  ( -0.03489418761611243897, 0.01744210090166309346, -0.9992387946766015938 ) ) ;
#3081 = ORIENTED_EDGE ( 'NONE', *, *, #727, .T. ) ;
#3082 = AXIS2_PLACEMENT_3D ( 'NONE', #1271, #1854, #7164 ) ;
#3083 = DIRECTION ( 'NONE',  ( 0.000000000000000000, 1.000000000000000000, 0.000000000000000000 ) ) ;
#3084 = CARTESIAN_POINT ( 'NONE',  ( 1.849999999991470023, -0.3800000000000000044, 2.399999999999999911 ) ) ;
#3085 = CIRCLE ( 'NONE', #2586, 0.2999999999999999334 ) ;
#3086 = ORIENTED_EDGE ( 'NONE', *, *, #7576, .F. ) ;
#3087 = DIRECTION ( 'NONE',  ( -1.000000000000000000, 0.000000000000000000, 0.000000000000000000 ) ) ;
#3088 = DIRECTION ( 'NONE',  ( 0.000000000000000000, 0.000000000000000000, -1.000000000000000000 ) ) ;
#3089 = CIRCLE ( 'NONE', #4716, 0.09999999999999982514 ) ;
#3090 = LINE ( 'NONE', #133, #7527 ) ;
#3091 = CARTESIAN_POINT ( 'NONE',  ( -0.5827944719353099767, -0.4636288991825043282, 0.2923723265397676352 ) ) ;
#3092 = ORIENTED_EDGE ( 'NONE', *, *, #6440, .T. ) ;
#3093 = CARTESIAN_POINT ( 'NONE',  ( -1.469999999999999973, -0.2999999999997209343, 2.399999999999999911 ) ) ;
#3094 = CARTESIAN_POINT ( 'NONE',  ( -1.899999999999999911, 0.09682458365518528676, 2.299999999999999822 ) ) ;
#3095 = DIRECTION ( 'NONE',  ( 0.000000000000000000, 0.000000000000000000, -1.000000000000000000 ) ) ;
#3096 = EDGE_CURVE ( 'NONE', #5195, #4794, #2895, .T. ) ;
#3097 = VERTEX_POINT ( 'NONE', #7485 ) ;
#3098 = EDGE_LOOP ( 'NONE', ( #653, #4462, #5651, #4362 ) ) ;
#3099 = FACE_OUTER_BOUND ( 'NONE', #3849, .T. ) ;
#3100 = FACE_OUTER_BOUND ( 'NONE', #2222, .T. ) ;
#3101 = ADVANCED_FACE ( 'NONE', ( #4103 ), #3508, .T. ) ;
#3102 = EDGE_CURVE ( 'NONE', #5765, #3409, #2850, .T. ) ;
#3103 = LINE ( 'NONE', #6695, #4083 ) ;
#3104 = ORIENTED_EDGE ( 'NONE', *, *, #5619, .T. ) ;
#3105 = ORIENTED_EDGE ( 'NONE', *, *, #7391, .T. ) ;
#3106 = DIRECTION ( 'NONE',  ( 1.000000000000000000, 0.000000000000000000, 0.000000000000000000 ) ) ;
#3107 = LINE ( 'NONE', #5487, #3154 ) ;
#3108 = CARTESIAN_POINT ( 'NONE',  ( -0.6497454014109925735, 0.3705732180342651283, 0.2500690200451409773 ) ) ;
#3109 = ADVANCED_FACE ( 'NONE', ( #4530 ), #4611, .T. ) ;
#3110 = CARTESIAN_POINT ( 'NONE',  ( -0.5350000000000000311, 0.9000000000000000222, 0.7500000000000000000 ) ) ;
#3111 = CARTESIAN_POINT ( 'NONE',  ( 1.908333333333315007, -0.1105541596785106079, 2.100000000000000089 ) ) ;
#3112 = EDGE_CURVE ( 'NONE', #6429, #1011, #1556, .T. ) ;
#3113 = LINE ( 'NONE', #2604, #6813 ) ;
#3114 = CARTESIAN_POINT ( 'NONE',  ( -1.550000000000000044, 0.2999999999999999889, 2.330000000000000071 ) ) ;
#3115 = VERTEX_POINT ( 'NONE', #7606 ) ;
#3116 = LINE ( 'NONE', #157, #4201 ) ;
#3117 = CARTESIAN_POINT ( 'NONE',  ( 1.474999999999999867, 0.000000000000000000, 2.299999999999999822 ) ) ;
#3118 = VERTEX_POINT ( 'NONE', #1092 ) ;
#3119 = LINE ( 'NONE', #1946, #3693 ) ;
#3120 = DIRECTION ( 'NONE',  ( 0.000000000000000000, -1.000000000000000000, 0.000000000000000000 ) ) ;
#3121 = CARTESIAN_POINT ( 'NONE',  ( -0.5538995006676710187, -0.4961004193718890898, 0.3720083874386089784 ) ) ;
#3122 = ORIENTED_EDGE ( 'NONE', *, *, #161, .F. ) ;
#3123 = CARTESIAN_POINT ( 'NONE',  ( 0.5538245945101549772, 0.4961754054898009914, 0.3735081097969075170 ) ) ;
#3124 = EDGE_LOOP ( 'NONE', ( #2079, #2529, #7465, #6460 ) ) ;
#3125 = CYLINDRICAL_SURFACE ( 'NONE', #2450, 0.1300000000000000044 ) ;
#3126 = FACE_OUTER_BOUND ( 'NONE', #5360, .T. ) ;
#3127 = CARTESIAN_POINT ( 'NONE',  ( 0.9001760548200999912, 0.4001032357147000229, 1.993212943085999722 ) ) ;
#3128 = VERTEX_POINT ( 'NONE', #6318 ) ;
#3129 = ORIENTED_EDGE ( 'NONE', *, *, #3384, .T. ) ;
#3130 = CARTESIAN_POINT ( 'NONE',  ( -0.5538245945101080148, -0.7038245945101490042, 0.3735081097978244502 ) ) ;
#3131 = CIRCLE ( 'NONE', #1266, 0.1499999999999999667 ) ;
#3132 = VECTOR ( 'NONE', #3164, 1000.000000000000000 ) ;
#3133 = LINE ( 'NONE', #907, #2505 ) ;
#3134 = CARTESIAN_POINT ( 'NONE',  ( 1.849999999973565012, -0.4500000000000000111, 2.330000000000000071 ) ) ;
#3135 = ORIENTED_EDGE ( 'NONE', *, *, #820, .T. ) ;
#3136 = ORIENTED_EDGE ( 'NONE', *, *, #5126, .F. ) ;
#3137 = LINE ( 'NONE', #7277, #7433 ) ;
#3138 = VECTOR ( 'NONE', #3383, 1000.000000000000000 ) ;
#3139 = CARTESIAN_POINT ( 'NONE',  ( -0.1163376014357000027, -0.9115440117052999724, 0.3800000000000000044 ) ) ;
#3140 = PLANE ( 'NONE',  #6074 ) ;
#3141 = VECTOR ( 'NONE', #5724, 1000.000000000000000 ) ;
#3142 = DIRECTION ( 'NONE',  ( 0.000000000000000000, 0.000000000000000000, -1.000000000000000000 ) ) ;
#3143 = CARTESIAN_POINT ( 'NONE',  ( 2.185369232320643729, -0.3750000000000000000, 2.281195668716567759 ) ) ;
#3144 = CARTESIAN_POINT ( 'NONE',  ( -2.104999999999999982, -0.9449999999999999512, 2.200000000000000178 ) ) ;
#3145 = AXIS2_PLACEMENT_3D ( 'NONE', #5803, #1626, #7599 ) ;
#3146 = EDGE_CURVE ( 'NONE', #398, #2364, #3387, .T. ) ;
#3147 = ORIENTED_EDGE ( 'NONE', *, *, #1558, .T. ) ;
#3148 = CARTESIAN_POINT ( 'NONE',  ( 1.824999999999999956, 0.1658312395178000165, 2.100000000000000089 ) ) ;
#3149 = CARTESIAN_POINT ( 'NONE',  ( -1.899999999999999911, -0.09682458365518589738, 2.100000000000000089 ) ) ;
#3150 = ORIENTED_EDGE ( 'NONE', *, *, #2237, .T. ) ;
#3151 = VECTOR ( 'NONE', #2257, 1000.000000000000000 ) ;
#3152 = EDGE_CURVE ( 'NONE', #1806, #530, #7285, .T. ) ;
#3153 = EDGE_CURVE ( 'NONE', #5996, #6027, #71, .T. ) ;
#3154 = VECTOR ( 'NONE', #5793, 1000.000000000000000 ) ;
#3155 = DIRECTION ( 'NONE',  ( -1.485887922226359993E-10, -1.000000000000000000, -7.744301232039249628E-16 ) ) ;
#3156 = MANIFOLD_SOLID_BREP ( 'NONE', #881 ) ;
#3157 = CARTESIAN_POINT ( 'NONE',  ( -2.100000000000000089, -0.4000000000000000222, 2.100000000000000089 ) ) ;
#3158 = ORIENTED_EDGE ( 'NONE', *, *, #5438, .T. ) ;
#3159 = CARTESIAN_POINT ( 'NONE',  ( -0.6138242006960058506, -0.4290102114724672067, 0.2651562356328960868 ) ) ;
#3160 = ORIENTED_EDGE ( 'NONE', *, *, #1093, .F. ) ;
#3161 = ORIENTED_EDGE ( 'NONE', *, *, #7486, .F. ) ;
#3162 = CARTESIAN_POINT ( 'NONE',  ( -0.9965079230507599695, 0.3983003885877945405, 2.100000000000000089 ) ) ;
#3163 = AXIS2_PLACEMENT_3D ( 'NONE', #1836, #559, #4140 ) ;
#3164 = DIRECTION ( 'NONE',  ( -1.000000000000000000, 0.000000000000000000, 0.000000000000000000 ) ) ;
#3165 = DIRECTION ( 'NONE',  ( 0.0006087084952234590425, -0.9998478806160483456, 0.01743115319088710605 ) ) ;
#3166 = ORIENTED_EDGE ( 'NONE', *, *, #6093, .T. ) ;
#3167 = ORIENTED_EDGE ( 'NONE', *, *, #5625, .F. ) ;
#3168 = CARTESIAN_POINT ( 'NONE',  ( -2.220000000000000195, 0.4749999999999999778, 2.100000000000000089 ) ) ;
#3169 = ADVANCED_FACE ( 'NONE', ( #1045 ), #3431, .T. ) ;
#3170 = CARTESIAN_POINT ( 'NONE',  ( -2.120000000000000107, 0.9000000000000000222, 2.299999999999999822 ) ) ;
#3171 = AXIS2_PLACEMENT_3D ( 'NONE', #2090, #2050, #2683 ) ;
#3172 = CARTESIAN_POINT ( 'NONE',  ( 1.899999999999999911, -0.3499999999999999778, 2.299999999999999822 ) ) ;
#3173 = ORIENTED_EDGE ( 'NONE', *, *, #200, .F. ) ;
#3174 = ORIENTED_EDGE ( 'NONE', *, *, #501, .T. ) ;
#3175 = DIRECTION ( 'NONE',  ( 0.000000000000000000, 0.000000000000000000, 1.000000000000000000 ) ) ;
#3176 = CARTESIAN_POINT ( 'NONE',  ( -0.1163376014357000027, 0.3663376014356999888, 0.2500000000000000000 ) ) ;
#3177 = FACE_OUTER_BOUND ( 'NONE', #7407, .T. ) ;
#3178 = LINE ( 'NONE', #7323, #1934 ) ;
#3179 = EDGE_CURVE ( 'NONE', #512, #530, #4134, .T. ) ;
#3180 = LINE ( 'NONE', #7357, #5656 ) ;
#3181 = VECTOR ( 'NONE', #1883, 1000.000000000000000 ) ;
#3182 = PLANE ( 'NONE',  #5011 ) ;
#3183 = CARTESIAN_POINT ( 'NONE',  ( 0.1163376014357000027, 0.2336623985642999890, 0.2500000000000000000 ) ) ;
#3184 = DIRECTION ( 'NONE',  ( 0.000000000000000000, 0.000000000000000000, -1.000000000000000000 ) ) ;
#3185 = ORIENTED_EDGE ( 'NONE', *, *, #1458, .T. ) ;
#3186 = DIRECTION ( 'NONE',  ( 0.000000000000000000, -1.000000000000000000, 0.000000000000000000 ) ) ;
#3187 = CARTESIAN_POINT ( 'NONE',  ( 0.2461754054898004918, 0.4961754054898009914, 0.3735081097969095154 ) ) ;
#3188 = VERTEX_POINT ( 'NONE', #5463 ) ;
#3189 = AXIS2_PLACEMENT_3D ( 'NONE', #790, #2542, #6017 ) ;
#3190 = VECTOR ( 'NONE', #7230, 1000.000000000000000 ) ;
#3191 = AXIS2_PLACEMENT_3D ( 'NONE', #5764, #2284, #1547 ) ;
#3192 = CARTESIAN_POINT ( 'NONE',  ( -2.194999999999999840, 0.2895950378225999877, 2.299999999999999822 ) ) ;
#3193 = VECTOR ( 'NONE', #118, 1000.000000000000000 ) ;
#3194 = ORIENTED_EDGE ( 'NONE', *, *, #2150, .F. ) ;
#3195 = DIRECTION ( 'NONE',  ( 0.8320502943378477179, 0.5547001962252228191, 0.000000000000000000 ) ) ;
#3196 = AXIS2_PLACEMENT_3D ( 'NONE', #6428, #6903, #1089 ) ;
#3197 = ADVANCED_FACE ( 'NONE', ( #664 ), #4762, .F. ) ;
#3198 = VERTEX_POINT ( 'NONE', #7175 ) ;
#3200 = ADVANCED_FACE ( 'NONE', ( #6666 ), #629, .T. ) ;
#3199 = LINE ( 'NONE', #2019, #3334 ) ;
#3201 = ORIENTED_EDGE ( 'NONE', *, *, #3390, .F. ) ;
#3202 = AXIS2_PLACEMENT_3D ( 'NONE', #873, #2345, #1495 ) ;
#3203 = EDGE_CURVE ( 'NONE', #6802, #186, #5970, .T. ) ;
#3204 = FACE_OUTER_BOUND ( 'NONE', #5035, .T. ) ;
#3205 = DIRECTION ( 'NONE',  ( 0.000000000000000000, 0.000000000000000000, 1.000000000000000000 ) ) ;
#3206 = ORIENTED_EDGE ( 'NONE', *, *, #2578, .T. ) ;
#3207 = ORIENTED_EDGE ( 'NONE', *, *, #4311, .T. ) ;
#3208 = DIRECTION ( 'NONE',  ( 0.000000000000000000, 1.000000000000000000, 0.000000000000000000 ) ) ;
#3209 = EDGE_LOOP ( 'NONE', ( #3625, #787, #6606, #4674 ) ) ;
#3210 = DIRECTION ( 'NONE',  ( -1.000000000000000000, 0.000000000000000000, 0.000000000000000000 ) ) ;
#3211 = CARTESIAN_POINT ( 'NONE',  ( -1.500000000000000000, -0.2500000000000000000, 2.299999999999999822 ) ) ;
#3212 = EDGE_LOOP ( 'NONE', ( #2650, #7085, #4822, #225 ) ) ;
#3213 = ORIENTED_EDGE ( 'NONE', *, *, #3875, .T. ) ;
#3214 = CARTESIAN_POINT ( 'NONE',  ( 2.112253379640000261, 0.2336623985642999890, 0.3800000000000000044 ) ) ;
#3215 = DIRECTION ( 'NONE',  ( 1.000000000000000000, 0.000000000000000000, 0.000000000000000000 ) ) ;
#3216 = DIRECTION ( 'NONE',  ( 0.9996699498365851921, -0.0001607300775900338320, 0.02568979485245988584 ) ) ;
#3217 = FACE_OUTER_BOUND ( 'NONE', #130, .T. ) ;
#3218 = DIRECTION ( 'NONE',  ( 6.990920629867270291E-12, -1.000000000000000000, -2.323290369763365260E-15 ) ) ;
#3219 = LINE ( 'NONE', #2166, #1275 ) ;
#3220 = CARTESIAN_POINT ( 'NONE',  ( 2.165223792956248783, -0.3704640115126516253, 2.289065747380111926 ) ) ;
#3221 = LINE ( 'NONE', #2009, #7302 ) ;
#3222 = ORIENTED_EDGE ( 'NONE', *, *, #6972, .F. ) ;
#3223 = CARTESIAN_POINT ( 'NONE',  ( -0.5538245945101749612, -0.1038245945101579915, 0.3735081097972904884 ) ) ;
#3224 = DIRECTION ( 'NONE',  ( 0.000000000000000000, 0.000000000000000000, -1.000000000000000000 ) ) ;
#3225 = ORIENTED_EDGE ( 'NONE', *, *, #3925, .T. ) ;
#3226 = CARTESIAN_POINT ( 'NONE',  ( -2.250000000000000000, 0.9000000000000000222, 0.5000000000000000000 ) ) ;
#3227 = ORIENTED_EDGE ( 'NONE', *, *, #6384, .T. ) ;
#3228 = FACE_OUTER_BOUND ( 'NONE', #4531, .T. ) ;
#3229 = ORIENTED_EDGE ( 'NONE', *, *, #4238, .F. ) ;
#3230 = LINE ( 'NONE', #6787, #5332 ) ;
#3231 = ORIENTED_EDGE ( 'NONE', *, *, #3934, .F. ) ;
#3232 = EDGE_LOOP ( 'NONE', ( #1796, #942, #4720, #240 ) ) ;
#3233 = EDGE_CURVE ( 'NONE', #3972, #7194, #3042, .T. ) ;
#3234 = ADVANCED_FACE ( 'NONE', ( #6623 ), #2371, .F. ) ;
#3235 = CARTESIAN_POINT ( 'NONE',  ( 2.100000000000000089, -0.3062249899919919360, 2.299999999999999822 ) ) ;
#3236 = DIRECTION ( 'NONE',  ( -1.000000000000000000, 0.000000000000000000, 0.000000000000000000 ) ) ;
#3237 = DIRECTION ( 'NONE',  ( -0.000000000000000000, 0.9987523388778447586, 0.04993761694389219075 ) ) ;
#3238 = VERTEX_POINT ( 'NONE', #4220 ) ;
#3239 = EDGE_CURVE ( 'NONE', #2879, #523, #1787, .T. ) ;
#3240 = ORIENTED_EDGE ( 'NONE', *, *, #5957, .F. ) ;
#3241 = LINE ( 'NONE', #4504, #209 ) ;
#3242 = EDGE_CURVE ( 'NONE', #6678, #523, #2928, .T. ) ;
#3243 = EDGE_CURVE ( 'NONE', #5949, #1278, #7133, .T. ) ;
#3244 = DIRECTION ( 'NONE',  ( 0.000000000000000000, 0.000000000000000000, -1.000000000000000000 ) ) ;
#3245 = ORIENTED_EDGE ( 'NONE', *, *, #1433, .T. ) ;
#3246 = DIRECTION ( 'NONE',  ( 0.000000000000000000, 1.000000000000000000, 0.000000000000000000 ) ) ;
#3247 = ORIENTED_EDGE ( 'NONE', *, *, #6040, .F. ) ;
#3248 = ORIENTED_EDGE ( 'NONE', *, *, #3852, .F. ) ;
#3249 = LINE ( 'NONE', #1308, #2327 ) ;
#3250 = CARTESIAN_POINT ( 'NONE',  ( 0.000000000000000000, -0.4500000000000000111, 2.299999999999999822 ) ) ;
#3251 = DIRECTION ( 'NONE',  ( 0.000000000000000000, 0.000000000000000000, 1.000000000000000000 ) ) ;
#3252 = VECTOR ( 'NONE', #2426, 1000.000000000000000 ) ;
#3253 = CARTESIAN_POINT ( 'NONE',  ( 1.925000000000000044, -0.1658312395178000165, 2.100000000000000089 ) ) ;
#3254 = CARTESIAN_POINT ( 'NONE',  ( -1.800000000000000044, -0.2500000000000000000, 2.658830721404000563 ) ) ;
#3255 = DIRECTION ( 'NONE',  ( 1.000000000000000000, 0.000000000000000000, 0.000000000000000000 ) ) ;
#3256 = AXIS2_PLACEMENT_3D ( 'NONE', #1833, #5976, #7180 ) ;
#3257 = CARTESIAN_POINT ( 'NONE',  ( -1.800000000000000044, 0.2500000000000000000, 2.658830721404000563 ) ) ;
#3258 = CARTESIAN_POINT ( 'NONE',  ( -2.104999999999999982, -0.9449999999999999512, 2.299937490231324766 ) ) ;
#3259 = VERTEX_POINT ( 'NONE', #6044 ) ;
#3260 = DIRECTION ( 'NONE',  ( 0.9987523388778447586, 0.000000000000000000, 0.04993761694389219075 ) ) ;
#3261 = CARTESIAN_POINT ( 'NONE',  ( -0.5538245945101579748, 0.1038245945101799877, 0.3735081097972889896 ) ) ;
#3262 = ORIENTED_EDGE ( 'NONE', *, *, #2485, .T. ) ;
#3263 = DIRECTION ( 'NONE',  ( 1.000000000000000000, 0.000000000000000000, 0.000000000000000000 ) ) ;
#3264 = AXIS2_PLACEMENT_3D ( 'NONE', #7214, #3142, #3623 ) ;
#3265 = ADVANCED_FACE ( 'NONE', ( #7093 ), #1210, .F. ) ;
#3266 = AXIS2_PLACEMENT_3D ( 'NONE', #1662, #6977, #4563 ) ;
#3267 = ORIENTED_EDGE ( 'NONE', *, *, #5677, .F. ) ;
#3268 = CARTESIAN_POINT ( 'NONE',  ( -1.600000000000000089, -0.3499999999999999778, 2.658830721404000563 ) ) ;
#3269 = ORIENTED_EDGE ( 'NONE', *, *, #6108, .T. ) ;
#3270 = ORIENTED_EDGE ( 'NONE', *, *, #2143, .F. ) ;
#3271 = AXIS2_PLACEMENT_3D ( 'NONE', #4465, #6835, #3236 ) ;
#3272 = VECTOR ( 'NONE', #7192, 1000.000000000000000 ) ;
#3273 = ORIENTED_EDGE ( 'NONE', *, *, #1982, .F. ) ;
#3274 = VECTOR ( 'NONE', #3702, 1000.000000000000000 ) ;
#3275 = CARTESIAN_POINT ( 'NONE',  ( -1.896862915006424233, 0.3800000000143714529, 2.400000000000003020 ) ) ;
#3276 = EDGE_CURVE ( 'NONE', #2027, #1806, #1553, .T. ) ;
#3277 = FACE_OUTER_BOUND ( 'NONE', #5860, .T. ) ;
#3278 = DIRECTION ( 'NONE',  ( 0.000000000000000000, -1.000000000000000000, 0.000000000000000000 ) ) ;
#3279 = ORIENTED_EDGE ( 'NONE', *, *, #5223, .T. ) ;
#3280 = ORIENTED_EDGE ( 'NONE', *, *, #525, .F. ) ;
#3281 = CARTESIAN_POINT ( 'NONE',  ( -0.5538245945101090140, 0.7038245945101530010, 0.3735081097978224518 ) ) ;
#3282 = VECTOR ( 'NONE', #7183, 1000.000000000000000 ) ;
#3283 = DIRECTION ( 'NONE',  ( -1.000000000000000000, 0.000000000000000000, 0.000000000000000000 ) ) ;
#3284 = EDGE_CURVE ( 'NONE', #5476, #4619, #5343, .T. ) ;
#3285 = ORIENTED_EDGE ( 'NONE', *, *, #1472, .T. ) ;
#3286 = VECTOR ( 'NONE', #1540, 1000.000000000000000 ) ;
#3287 = LINE ( 'NONE', #4472, #3967 ) ;
#3288 = ORIENTED_EDGE ( 'NONE', *, *, #2825, .T. ) ;
#3289 = EDGE_CURVE ( 'NONE', #4228, #3689, #2554, .T. ) ;
#3290 = ORIENTED_EDGE ( 'NONE', *, *, #3763, .F. ) ;
#3291 = DIRECTION ( 'NONE',  ( 0.000000000000000000, 0.000000000000000000, -1.000000000000000000 ) ) ;
#3292 = ADVANCED_FACE ( 'NONE', ( #1745 ), #6504, .F. ) ;
#3293 = EDGE_CURVE ( 'NONE', #41, #3097, #2924, .T. ) ;
#3294 = CARTESIAN_POINT ( 'NONE',  ( 1.550000000000000044, -0.4500000000000000111, 2.330000000000000071 ) ) ;
#3295 = DIRECTION ( 'NONE',  ( 0.000000000000000000, 1.000000000000000000, 0.000000000000000000 ) ) ;
#3296 = AXIS2_PLACEMENT_3D ( 'NONE', #5544, #1363, #3753 ) ;
#3297 = DIRECTION ( 'NONE',  ( 0.000000000000000000, 0.000000000000000000, -1.000000000000000000 ) ) ;
#3298 = DIRECTION ( 'NONE',  ( 1.000000000000000000, 0.000000000000000000, 0.000000000000000000 ) ) ;
#3299 = ADVANCED_FACE ( 'NONE', ( #2334 ), #4728, .F. ) ;
#3300 = PLANE ( 'NONE',  #6885 ) ;
#3301 = CYLINDRICAL_SURFACE ( 'NONE', #6820, 0.2999999999999999334 ) ;
#3302 = CARTESIAN_POINT ( 'NONE',  ( 0.8499999999848999455, -1.199999999999999956, 1.399999999999999911 ) ) ;
#3303 = VECTOR ( 'NONE', #2772, 1000.000000000000000 ) ;
#3304 = ORIENTED_EDGE ( 'NONE', *, *, #2392, .T. ) ;
#3305 = DIRECTION ( 'NONE',  ( 3.643524251838465300E-15, 1.000000000000000000, 5.420985188938160716E-15 ) ) ;
#3306 = CARTESIAN_POINT ( 'NONE',  ( 0.6031414644350422405, -0.7589371575775930578, 0.2736226604981507049 ) ) ;
#3307 = DIRECTION ( 'NONE',  ( 0.04987546680538137989, -0.04987546680548218814, -0.9975093361076278198 ) ) ;
#3308 = VERTEX_POINT ( 'NONE', #5534 ) ;
#3309 = VECTOR ( 'NONE', #1992, 1000.000000000000000 ) ;
#3310 = LINE ( 'NONE', #4959, #7416 ) ;
#3311 = VECTOR ( 'NONE', #1814, 1000.000000000000000 ) ;
#3312 = CARTESIAN_POINT ( 'NONE',  ( -1.525000000000000133, -0.8000000000000000444, 0.1749999999999999889 ) ) ;
#3313 = DIRECTION ( 'NONE',  ( 0.000000000000000000, -1.000000000000000000, 0.000000000000000000 ) ) ;
#3314 = ORIENTED_EDGE ( 'NONE', *, *, #2972, .F. ) ;
#3315 = AXIS2_PLACEMENT_3D ( 'NONE', #1797, #7072, #565 ) ;
#3316 = FACE_OUTER_BOUND ( 'NONE', #2374, .T. ) ;
#3317 = EDGE_LOOP ( 'NONE', ( #6826, #1922, #5907, #3194, #5422 ) ) ;
#3318 = EDGE_CURVE ( 'NONE', #5164, #2944, #2041, .T. ) ;
#3319 = CIRCLE ( 'NONE', #3698, 0.2999999999999999334 ) ;
#3320 = ORIENTED_EDGE ( 'NONE', *, *, #3384, .F. ) ;
#3321 = CIRCLE ( 'NONE', #6062, 0.07000000000000018707 ) ;
#3322 = VECTOR ( 'NONE', #804, 1000.000000000000000 ) ;
#3323 = FACE_OUTER_BOUND ( 'NONE', #6409, .T. ) ;
#3324 = AXIS2_PLACEMENT_3D ( 'NONE', #1897, #6704, #850 ) ;
#3325 = CARTESIAN_POINT ( 'NONE',  ( 2.037499999999999645, -0.9000000000000000222, 2.299999999999999822 ) ) ;
#3326 = CARTESIAN_POINT ( 'NONE',  ( -1.899999999999999911, 0.09682458365518560595, 2.100000000000000089 ) ) ;
#3327 = ORIENTED_EDGE ( 'NONE', *, *, #1110, .F. ) ;
#3328 = VERTEX_POINT ( 'NONE', #777 ) ;
#3329 = AXIS2_PLACEMENT_3D ( 'NONE', #1462, #6146, #3175 ) ;
#3330 = DIRECTION ( 'NONE',  ( 0.9987523388778447586, 0.000000000000000000, 0.04993761694389219075 ) ) ;
#3331 = AXIS2_PLACEMENT_3D ( 'NONE', #3616, #7043, #2991 ) ;
#3332 = LINE ( 'NONE', #5785, #152 ) ;
#3333 = ORIENTED_EDGE ( 'NONE', *, *, #7236, .F. ) ;
#3334 = VECTOR ( 'NONE', #5652, 1000.000000000000000 ) ;
#3335 = CARTESIAN_POINT ( 'NONE',  ( 1.550000000000000044, -0.2999999999999999889, 2.299999999999999822 ) ) ;
#3336 = EDGE_LOOP ( 'NONE', ( #6949, #896, #3842, #5616 ) ) ;
#3337 = ORIENTED_EDGE ( 'NONE', *, *, #2130, .F. ) ;
#3338 = CARTESIAN_POINT ( 'NONE',  ( 0.000000000000000000, 0.3663376014356999888, 0.2500000000000000000 ) ) ;
#3339 = LINE ( 'NONE', #1583, #6413 ) ;
#3340 = CARTESIAN_POINT ( 'NONE',  ( -0.5748020454931664913, 0.7276259650513098309, 0.3047917905555170281 ) ) ;
#3341 =( BOUNDED_CURVE ( )  B_SPLINE_CURVE ( 3, ( #2283, #7631, #5690, #1038 ),
 .UNSPECIFIED., .F., .T. ) 
 B_SPLINE_CURVE_WITH_KNOTS ( ( 4, 4 ),
 ( 4.712388980384689674, 6.233226911457619757 ),
 .UNSPECIFIED. ) 
 CURVE ( )  GEOMETRIC_REPRESENTATION_ITEM ( )  RATIONAL_B_SPLINE_CURVE ( ( 1.000000000000000000, 0.8163648751936769532, 0.8163648751936769532, 1.000000000000000000 ) ) 
 REPRESENTATION_ITEM ( '' )  );
#3342 = CARTESIAN_POINT ( 'NONE',  ( -1.474999999999999867, 0.3750000000000000000, 2.200000000000000178 ) ) ;
#3343 = EDGE_CURVE ( 'NONE', #4619, #2491, #6540, .T. ) ;
#3344 = CARTESIAN_POINT ( 'NONE',  ( 1.908333333333300130, 0.1105541596784620079, 2.200000000000000178 ) ) ;
#3345 = DIRECTION ( 'NONE',  ( 0.000000000000000000, 0.000000000000000000, 1.000000000000000000 ) ) ;
#3346 = DIRECTION ( 'NONE',  ( 0.000000000000000000, 0.000000000000000000, 1.000000000000000000 ) ) ;
#3347 = EDGE_LOOP ( 'NONE', ( #3262, #571, #2134, #4370 ) ) ;
#3348 = DIRECTION ( 'NONE',  ( -0.000000000000000000, 1.000000000000000000, 0.000000000000000000 ) ) ;
#3349 = CARTESIAN_POINT ( 'NONE',  ( 0.6491876473304968309, -0.8247698503655993552, 0.2502208312359036069 ) ) ;
#3350 = VERTEX_POINT ( 'NONE', #885 ) ;
#3351 = EDGE_CURVE ( 'NONE', #6182, #6155, #7535, .T. ) ;
#3352 = DIRECTION ( 'NONE',  ( 0.000000000000000000, -1.000000000000000000, 0.000000000000000000 ) ) ;
#3353 = ADVANCED_FACE ( 'NONE', ( #195 ), #2569, .T. ) ;
#3354 = DIRECTION ( 'NONE',  ( 0.000000000000000000, 0.000000000000000000, 1.000000000000000000 ) ) ;
#3355 = FACE_OUTER_BOUND ( 'NONE', #4867, .T. ) ;
#3356 = ORIENTED_EDGE ( 'NONE', *, *, #363, .T. ) ;
#3357 =( NAMED_UNIT ( * ) PLANE_ANGLE_UNIT ( ) SI_UNIT ( $, .RADIAN. ) );
#3358 = VERTEX_POINT ( 'NONE', #4955 ) ;
#3359 = ORIENTED_EDGE ( 'NONE', *, *, #2780, .F. ) ;
#3360 = CARTESIAN_POINT ( 'NONE',  ( -2.200000000000000178, 0.4000000000000000222, 2.100000000000000089 ) ) ;
#3361 = CARTESIAN_POINT ( 'NONE',  ( -1.050029586577359897, -1.299999995623176030, 1.400000148455190052 ) ) ;
#3362 = VERTEX_POINT ( 'NONE', #4445 ) ;
#3363 = DIRECTION ( 'NONE',  ( 0.000000000000000000, 0.000000000000000000, -1.000000000000000000 ) ) ;
#3364 = DIRECTION ( 'NONE',  ( -1.850848880207040227E-14, 1.626303258728305245E-14, -1.000000000000000000 ) ) ;
#3365 = EDGE_CURVE ( 'NONE', #5889, #3188, #6818, .T. ) ;
#3366 = ORIENTED_EDGE ( 'NONE', *, *, #6487, .T. ) ;
#3367 = CARTESIAN_POINT ( 'NONE',  ( 2.100000000000000089, -0.9449999999999999512, 0.2500000000000000000 ) ) ;
#3368 = ORIENTED_EDGE ( 'NONE', *, *, #2024, .T. ) ;
#3369 = EDGE_LOOP ( 'NONE', ( #2654, #1306, #6197, #6317 ) ) ;
#3370 = CARTESIAN_POINT ( 'NONE',  ( -0.9476188457623999639, 0.5000000000000000000, 3.500000000000000000 ) ) ;
#3371 = LINE ( 'NONE', #4476, #5901 ) ;
#3372 = CARTESIAN_POINT ( 'NONE',  ( -0.6499999999999801492, 0.8336623985643000223, 0.2500000000000000000 ) ) ;
#3373 = CARTESIAN_POINT ( 'NONE',  ( 1.375000000000000000, 0.4000000000000000222, 0.2500000000000000000 ) ) ;
#3374 = CARTESIAN_POINT ( 'NONE',  ( 0.9499999999999999556, -0.5000000000000000000, 2.299999999999999822 ) ) ;
#3375 = SPHERICAL_SURFACE ( 'NONE', #5698, 0.1000000000000000056 ) ;
#3376 = DIRECTION ( 'NONE',  ( 0.000000000000000000, -1.000000000000000000, 0.000000000000000000 ) ) ;
#3377 = EDGE_LOOP ( 'NONE', ( #5786, #2592, #4006, #1022, #5618 ) ) ;
#3378 = DIRECTION ( 'NONE',  ( 1.000000000000000000, 0.000000000000000000, 0.000000000000000000 ) ) ;
#3379 = CARTESIAN_POINT ( 'NONE',  ( 1.550000000003029843, -0.3800000000000000044, 2.330000000000000071 ) ) ;
#3380 = VERTEX_POINT ( 'NONE', #6742 ) ;
#3381 = EDGE_CURVE ( 'NONE', #7544, #244, #7362, .T. ) ;
#3382 = VECTOR ( 'NONE', #437, 1000.000000000000000 ) ;
#3383 = DIRECTION ( 'NONE',  ( 0.000000000000000000, 0.000000000000000000, -1.000000000000000000 ) ) ;
#3384 = EDGE_CURVE ( 'NONE', #2481, #6282, #1979, .T. ) ;
#3385 = CARTESIAN_POINT ( 'NONE',  ( 0.5538995006677099875, 0.7038995806281579393, 0.3720083874379069844 ) ) ;
#3386 = ORIENTED_EDGE ( 'NONE', *, *, #7486, .T. ) ;
#3387 = LINE ( 'NONE', #4647, #7032 ) ;
#3388 = VERTEX_POINT ( 'NONE', #2527 ) ;
#3389 = VERTEX_POINT ( 'NONE', #5059 ) ;
#3390 = EDGE_CURVE ( 'NONE', #7352, #3380, #6227, .T. ) ;
#3391 = EDGE_CURVE ( 'NONE', #3259, #3786, #1357, .T. ) ;
#3392 = EDGE_CURVE ( 'NONE', #2849, #2382, #3747, .T. ) ;
#3393 = AXIS2_PLACEMENT_3D ( 'NONE', #7129, #5256, #7679 ) ;
#3394 = APPLICATION_CONTEXT ( 'automotive_design' ) ;
#3395 = DIRECTION ( 'NONE',  ( -1.000000000000000000, 0.000000000000000000, 0.000000000000000000 ) ) ;
#3396 = AXIS2_PLACEMENT_3D ( 'NONE', #2051, #4446, #2528 ) ;
#3397 = DIRECTION ( 'NONE',  ( 1.000000000000000000, 0.000000000000000000, 0.000000000000000000 ) ) ;
#3398 = CARTESIAN_POINT ( 'NONE',  ( -2.200000000000000178, -0.3750000000000000000, 2.100000000000000089 ) ) ;
#3399 = CARTESIAN_POINT ( 'NONE',  ( -2.200000000000000178, 0.4749999999999999778, 2.100000000000000089 ) ) ;
#3400 = DIRECTION ( 'NONE',  ( 0.000000000000000000, 0.000000000000000000, -1.000000000000000000 ) ) ;
#3401 = AXIS2_PLACEMENT_3D ( 'NONE', #2913, #1740, #3074 ) ;
#3402 = ORIENTED_EDGE ( 'NONE', *, *, #5150, .F. ) ;
#3403 = FACE_OUTER_BOUND ( 'NONE', #1852, .T. ) ;
#3404 = DIRECTION ( 'NONE',  ( 0.000000000000000000, 0.000000000000000000, 1.000000000000000000 ) ) ;
#3405 = CIRCLE ( 'NONE', #7144, 0.1000000000000000472 ) ;
#3406 = ORIENTED_EDGE ( 'NONE', *, *, #2819, .F. ) ;
#3407 = B_SPLINE_CURVE_WITH_KNOTS ( 'NONE', 3,
 ( #737, #6147, #4328, #6657 ),
 .UNSPECIFIED., .F., .F.,
 ( 4, 4 ),
 ( 6.416839703678020063E-06, 1.000000000000000000 ),
 .UNSPECIFIED. ) ;
#3408 = DIRECTION ( 'NONE',  ( 0.000000000000000000, 0.000000000000000000, 1.000000000000000000 ) ) ;
#3409 = VERTEX_POINT ( 'NONE', #5575 ) ;
#3410 = ORIENTED_EDGE ( 'NONE', *, *, #1338, .T. ) ;
#3411 = LINE ( 'NONE', #3338, #5323 ) ;
#3412 = VECTOR ( 'NONE', #4240, 1000.000000000000000 ) ;
#3413 = LINE ( 'NONE', #3294, #2409 ) ;
#3414 = PLANE ( 'NONE',  #2663 ) ;
#3415 = CYLINDRICAL_SURFACE ( 'NONE', #3926, 0.1300000000000000044 ) ;
#3416 = AXIS2_PLACEMENT_3D ( 'NONE', #6849, #4850, #4980 ) ;
#3417 = DIRECTION ( 'NONE',  ( 0.000000000000000000, 0.000000000000000000, -1.000000000000000000 ) ) ;
#3418 = CARTESIAN_POINT ( 'NONE',  ( 0.000000000000000000, -0.4500000000000000111, 2.299999999999999822 ) ) ;
#3419 = CARTESIAN_POINT ( 'NONE',  ( 1.932869999999999866, -0.6449999999999999067, 1.800000000000000044 ) ) ;
#3420 = ORIENTED_EDGE ( 'NONE', *, *, #678, .T. ) ;
#3421 = CARTESIAN_POINT ( 'NONE',  ( 1.525000000000000133, -0.9000000000000000222, 0.6118033988749899121 ) ) ;
#3422 = CARTESIAN_POINT ( 'NONE',  ( 0.5641348408898566591, -0.7159429995828932025, 0.3236746148519070720 ) ) ;
#3423 = CYLINDRICAL_SURFACE ( 'NONE', #2314, 0.1300000000000000044 ) ;
#3424 = ORIENTED_EDGE ( 'NONE', *, *, #4689, .T. ) ;
#3425 = AXIS2_PLACEMENT_3D ( 'NONE', #2808, #5851, #1712 ) ;
#3426 = EDGE_CURVE ( 'NONE', #4738, #3362, #1941, .T. ) ;
#3427 = CARTESIAN_POINT ( 'NONE',  ( -1.925000000000000044, -0.9000000000000000222, 2.100000000000000089 ) ) ;
#3428 = AXIS2_PLACEMENT_3D ( 'NONE', #2869, #7592, #5169 ) ;
#3429 = CARTESIAN_POINT ( 'NONE',  ( 0.5538245945101549772, 0.7038245945102030721, 0.3735081097969024655 ) ) ;
#3430 = ORIENTED_EDGE ( 'NONE', *, *, #60, .T. ) ;
#3431 = CYLINDRICAL_SURFACE ( 'NONE', #1181, 0.1299999999999999489 ) ;
#3432 = ORIENTED_EDGE ( 'NONE', *, *, #633, .F. ) ;
#3433 = ORIENTED_EDGE ( 'NONE', *, *, #6450, .T. ) ;
#3434 = AXIS2_PLACEMENT_3D ( 'NONE', #2343, #1135, #5900 ) ;
#3435 = CARTESIAN_POINT ( 'NONE',  ( 0.6104931076458645078, -0.1604931076458645245, 0.2500000000000000555 ) ) ;
#3436 = DIRECTION ( 'NONE',  ( 0.000000000000000000, 0.000000000000000000, -1.000000000000000000 ) ) ;
#3437 = EDGE_CURVE ( 'NONE', #2665, #3115, #7442, .T. ) ;
#3438 = VECTOR ( 'NONE', #4237, 1000.000000000000000 ) ;
#3439 = DIRECTION ( 'NONE',  ( 0.000000000000000000, 1.000000000000000000, 0.000000000000000000 ) ) ;
#3440 = EDGE_CURVE ( 'NONE', #2201, #1113, #1473, .T. ) ;
#3441 = CARTESIAN_POINT ( 'NONE',  ( 2.220000000000000195, 0.4749999999999999778, 2.200000000000000178 ) ) ;
#3442 = CARTESIAN_POINT ( 'NONE',  ( -2.101981752618240051, -0.9436585567192180557, 2.100000000000000089 ) ) ;
#3443 = CIRCLE ( 'NONE', #7053, 0.2000000000000000944 ) ;
#3444 = ORIENTED_EDGE ( 'NONE', *, *, #1292, .T. ) ;
#3445 = LINE ( 'NONE', #2307, #2822 ) ;
#3446 = EDGE_CURVE ( 'NONE', #606, #884, #6854, .T. ) ;
#3447 = AXIS2_PLACEMENT_3D ( 'NONE', #1176, #6561, #7654 ) ;
#3448 = AXIS2_PLACEMENT_3D ( 'NONE', #6852, #3939, #922 ) ;
#3449 = AXIS2_PLACEMENT_3D ( 'NONE', #7038, #3975, #5206 ) ;
#3450 = CARTESIAN_POINT ( 'NONE',  ( 1.930000000000000160, -0.2999999999998144706, 2.330000000000000071 ) ) ;
#3451 = ORIENTED_EDGE ( 'NONE', *, *, #4921, .T. ) ;
#3452 = VECTOR ( 'NONE', #7630, 1000.000000000000000 ) ;
#3453 = VECTOR ( 'NONE', #3831, 1000.000000000000000 ) ;
#3454 = VERTEX_POINT ( 'NONE', #6195 ) ;
#3455 = ORIENTED_EDGE ( 'NONE', *, *, #1551, .F. ) ;
#3456 = FACE_OUTER_BOUND ( 'NONE', #375, .T. ) ;
#3457 = DIRECTION ( 'NONE',  ( -1.000000000000000000, 0.000000000000000000, 0.000000000000000000 ) ) ;
#3458 = CARTESIAN_POINT ( 'NONE',  ( 0.6506928536190199619, -1.299999999960505859, 1.383333099070784167 ) ) ;
#3459 = DIRECTION ( 'NONE',  ( 1.000000000000000000, 0.000000000000000000, 0.000000000000000000 ) ) ;
#3460 = AXIS2_PLACEMENT_3D ( 'NONE', #4051, #6416, #354 ) ;
#3461 = CARTESIAN_POINT ( 'NONE',  ( -2.200000000000000178, 0.3499999999999999778, 2.100000000000000089 ) ) ;
#3462 = CARTESIAN_POINT ( 'NONE',  ( 0.6142125391548127755, 0.7714318935557596957, 0.2648719078912577518 ) ) ;
#3463 = VERTEX_POINT ( 'NONE', #744 ) ;
#3464 = LINE ( 'NONE', #431, #4948 ) ;
#3465 = DIRECTION ( 'NONE',  ( 1.000000000000000000, 0.000000000000000000, 0.000000000000000000 ) ) ;
#3466 = FACE_OUTER_BOUND ( 'NONE', #6857, .T. ) ;
#3467 = ORIENTED_EDGE ( 'NONE', *, *, #3739, .F. ) ;
#3468 = CARTESIAN_POINT ( 'NONE',  ( -0.5540493129827800400, -0.3498878721859000063, 0.3690137403439990305 ) ) ;
#3469 = CARTESIAN_POINT ( 'NONE',  ( -2.157586450872334360, -0.3682837618844916894, 2.291806125521171023 ) ) ;
#3470 = DIRECTION ( 'NONE',  ( -0.000000000000000000, 1.000000000000000000, 0.000000000000000000 ) ) ;
#3471 = VERTEX_POINT ( 'NONE', #5609 ) ;
#3472 = SURFACE_STYLE_FILL_AREA ( #2220 ) ;
#3473 = VERTEX_POINT ( 'NONE', #3223 ) ;
#3474 = ORIENTED_EDGE ( 'NONE', *, *, #4264, .T. ) ;
#3475 = EDGE_CURVE ( 'NONE', #1923, #6904, #269, .T. ) ;
#3476 = DIRECTION ( 'NONE',  ( 0.000000000000000000, -1.000000000000000000, 0.000000000000000000 ) ) ;
#3477 = CYLINDRICAL_SURFACE ( 'NONE', #7000, 0.1000000000000000056 ) ;
#3478 = CARTESIAN_POINT ( 'NONE',  ( 2.170710678118999759, -0.3750000000000000000, 1.500000000000000000 ) ) ;
#3479 = DIRECTION ( 'NONE',  ( 1.000000000000000000, 0.000000000000000000, 0.000000000000000000 ) ) ;
#3480 = PLANE ( 'NONE',  #5313 ) ;
#3481 = DIRECTION ( 'NONE',  ( -1.000000000000000000, 0.000000000000000000, 0.000000000000000000 ) ) ;
#3482 = ORIENTED_EDGE ( 'NONE', *, *, #6481, .T. ) ;
#3483 = PLANE ( 'NONE',  #1944 ) ;
#3484 = EDGE_CURVE ( 'NONE', #1723, #3755, #3116, .T. ) ;
#3485 = EDGE_CURVE ( 'NONE', #6605, #6014, #1545, .T. ) ;
#3486 = LINE ( 'NONE', #1878, #1140 ) ;
#3487 = ORIENTED_EDGE ( 'NONE', *, *, #1630, .F. ) ;
#3488 = EDGE_CURVE ( 'NONE', #2642, #2970, #999, .T. ) ;
#3489 = VERTEX_POINT ( 'NONE', #5762 ) ;
#3490 = ORIENTED_EDGE ( 'NONE', *, *, #254, .T. ) ;
#3491 = CARTESIAN_POINT ( 'NONE',  ( 1.399999999999999911, 0.2999999999959379604, 2.299999999999999822 ) ) ;
#3492 = ORIENTED_EDGE ( 'NONE', *, *, #114, .F. ) ;
#3493 = FACE_OUTER_BOUND ( 'NONE', #6915, .T. ) ;
#3494 = ADVANCED_FACE ( 'NONE', ( #357 ), #6308, .F. ) ;
#3495 = EDGE_CURVE ( 'NONE', #1307, #5248, #968, .T. ) ;
#3496 = CARTESIAN_POINT ( 'NONE',  ( -1.875000000000000000, -0.9499999999999999556, -0.1881966011250000015 ) ) ;
#3497 = CARTESIAN_POINT ( 'NONE',  ( -0.5830152926694178728, -0.7366123688503087852, 0.2921218145516760734 ) ) ;
#3498 = CARTESIAN_POINT ( 'NONE',  ( 1.899999999999999911, 0.2500000000000000000, 2.658830721404000563 ) ) ;
#3499 = VERTEX_POINT ( 'NONE', #2759 ) ;
#3500 = LINE ( 'NONE', #2323, #5818 ) ;
#3501 = CARTESIAN_POINT ( 'NONE',  ( -1.375000000000000000, 0.5000000000000000000, 0.2500000000000000000 ) ) ;
#3502 = CARTESIAN_POINT ( 'NONE',  ( -2.113554018886000030, -0.2336623985642999890, 0.3800000000000000044 ) ) ;
#3503 = EDGE_LOOP ( 'NONE', ( #6199, #7232, #6210, #4507 ) ) ;
#3504 = AXIS2_PLACEMENT_3D ( 'NONE', #1412, #7349, #4937 ) ;
#3505 = DIRECTION ( 'NONE',  ( 1.000000000000000000, 0.000000000000000000, 0.000000000000000000 ) ) ;
#3506 = CARTESIAN_POINT ( 'NONE',  ( -1.525000000000000133, -0.8750000000000000000, 0.1749999999999999889 ) ) ;
#3507 = ORIENTED_EDGE ( 'NONE', *, *, #1093, .T. ) ;
#3508 = PLANE ( 'NONE',  #452 ) ;
#3509 = VERTEX_POINT ( 'NONE', #5214 ) ;
#3510 = ORIENTED_EDGE ( 'NONE', *, *, #865, .F. ) ;
#3511 = ADVANCED_FACE ( 'NONE', ( #1593 ), #7560, .T. ) ;
#3512 = CARTESIAN_POINT ( 'NONE',  ( 0.5538245945101579748, -0.1038245945101804041, 0.3735081097972889896 ) ) ;
#3513 = VECTOR ( 'NONE', #2982, 1000.000000000000000 ) ;
#3514 = CARTESIAN_POINT ( 'NONE',  ( -0.8965076756919490020, 0.4982544935069030401, 2.100000000000000089 ) ) ;
#3515 = FACE_OUTER_BOUND ( 'NONE', #1129, .T. ) ;
#3516 = CARTESIAN_POINT ( 'NONE',  ( -1.474999999999999867, -0.3750000000000000000, 2.299999999999999822 ) ) ;
#3517 = FACE_BOUND ( 'NONE', #2108, .T. ) ;
#3518 = VECTOR ( 'NONE', #2463, 1000.000000000000000 ) ;
#3519 = VERTEX_POINT ( 'NONE', #3985 ) ;
#3520 = CARTESIAN_POINT ( 'NONE',  ( -2.299999999999999822, -0.3750000000000000000, 2.100000000000000089 ) ) ;
#3521 = EDGE_CURVE ( 'NONE', #5361, #779, #1827, .T. ) ;
#3522 = CIRCLE ( 'NONE', #1394, 0.09999999999999982514 ) ;
#3523 = FACE_OUTER_BOUND ( 'NONE', #1682, .T. ) ;
#3524 = ORIENTED_EDGE ( 'NONE', *, *, #5666, .F. ) ;
#3525 = CIRCLE ( 'NONE', #173, 0.1000000000000000472 ) ;
#3526 = EDGE_CURVE ( 'NONE', #3198, #3308, #4636, .T. ) ;
#3527 = ORIENTED_EDGE ( 'NONE', *, *, #2871, .T. ) ;
#3528 = ORIENTED_EDGE ( 'NONE', *, *, #1520, .F. ) ;
#3529 = FACE_OUTER_BOUND ( 'NONE', #6505, .T. ) ;
#3530 = ORIENTED_EDGE ( 'NONE', *, *, #528, .T. ) ;
#3531 = CIRCLE ( 'NONE', #2656, 0.09999999999999982514 ) ;
#3532 = DIRECTION ( 'NONE',  ( -1.000000000000000000, 0.000000000000000000, 0.000000000000000000 ) ) ;
#3533 = AXIS2_PLACEMENT_3D ( 'NONE', #3139, #7355, #5601 ) ;
#3534 = EDGE_CURVE ( 'NONE', #2789, #316, #3464, .T. ) ;
#3535 = LINE ( 'NONE', #3650, #2034 ) ;
#3536 = EDGE_CURVE ( 'NONE', #857, #6964, #2724, .T. ) ;
#3537 = ADVANCED_FACE ( 'NONE', ( #4604 ), #5175, .T. ) ;
#3538 = DIRECTION ( 'NONE',  ( 0.000000000000000000, 0.000000000000000000, 1.000000000000000000 ) ) ;
#3539 = CARTESIAN_POINT ( 'NONE',  ( 2.299999999999999822, -0.3750000000000000000, 2.100000000000000089 ) ) ;
#3540 = EDGE_LOOP ( 'NONE', ( #6320, #6837, #5315, #7319 ) ) ;
#3541 = DIRECTION ( 'NONE',  ( 0.000000000000000000, -1.000000000000000000, 0.000000000000000000 ) ) ;
#3542 = CARTESIAN_POINT ( 'NONE',  ( 0.5538245945101549772, 0.7038245945102030721, 0.3735081097969024655 ) ) ;
#3543 = DIRECTION ( 'NONE',  ( 1.000000000000000000, 0.000000000000000000, 0.000000000000000000 ) ) ;
#3544 = ADVANCED_FACE ( 'NONE', ( #1625 ), #4017, .T. ) ;
#3545 = CARTESIAN_POINT ( 'NONE',  ( -2.200000000000000178, -0.9449999999999999512, 1.800000000000000044 ) ) ;
#3546 = DIRECTION ( 'NONE',  ( 0.000000000000000000, 0.000000000000000000, -1.000000000000000000 ) ) ;
#3547 = CARTESIAN_POINT ( 'NONE',  ( -0.9499999999999999556, 0.4000000000000000222, 2.495600000000000041 ) ) ;
#3548 = EDGE_LOOP ( 'NONE', ( #7410, #4219, #3643, #5044 ) ) ;
#3549 = CARTESIAN_POINT ( 'NONE',  ( 0.6500000000000000222, 0.9000000000000000222, 0.000000000000000000 ) ) ;
#3550 = VECTOR ( 'NONE', #5364, 1000.000000000000000 ) ;
#3551 = VERTEX_POINT ( 'NONE', #2282 ) ;
#3552 = ORIENTED_EDGE ( 'NONE', *, *, #4212, .F. ) ;
#3553 = DIRECTION ( 'NONE',  ( 1.000000000000000000, 0.000000000000000000, 0.000000000000000000 ) ) ;
#3554 = AXIS2_PLACEMENT_3D ( 'NONE', #128, #3626, #3713 ) ;
#3555 = FACE_OUTER_BOUND ( 'NONE', #4584, .T. ) ;
#3556 = PRODUCT_CONTEXT ( 'NONE', #7087, 'mechanical' ) ;
#3557 = FACE_OUTER_BOUND ( 'NONE', #1281, .T. ) ;
#3558 = EDGE_CURVE ( 'NONE', #7477, #1969, #3829, .T. ) ;
#3559 = DIRECTION ( 'NONE',  ( -1.000000000000000000, 0.000000000000000000, 0.000000000000000000 ) ) ;
#3560 = DIRECTION ( 'NONE',  ( 0.04987546680536897314, -0.04987546680538158111, 0.9975093361076335929 ) ) ;
#3561 = VECTOR ( 'NONE', #229, 1000.000000000000000 ) ;
#3562 = ORIENTED_EDGE ( 'NONE', *, *, #55, .F. ) ;
#3563 = PLANE ( 'NONE',  #7181 ) ;
#3564 = AXIS2_PLACEMENT_3D ( 'NONE', #914, #3291, #5090 ) ;
#3565 = CARTESIAN_POINT ( 'NONE',  ( -1.899999999999999911, 0.2500000000000000000, 2.299999999999999822 ) ) ;
#3566 = CIRCLE ( 'NONE', #1565, 0.1000000000000000472 ) ;
#3567 = DIRECTION ( 'NONE',  ( 0.000000000000000000, -1.000000000000000000, 0.000000000000000000 ) ) ;
#3568 = ORIENTED_EDGE ( 'NONE', *, *, #3880, .F. ) ;
#3569 = ORIENTED_EDGE ( 'NONE', *, *, #283, .T. ) ;
#3570 = ORIENTED_EDGE ( 'NONE', *, *, #1665, .F. ) ;
#3571 = AXIS2_PLACEMENT_3D ( 'NONE', #718, #6639, #4890 ) ;
#3572 = DIRECTION ( 'NONE',  ( 0.000000000000000000, 0.000000000000000000, 1.000000000000000000 ) ) ;
#3573 = ORIENTED_EDGE ( 'NONE', *, *, #3446, .T. ) ;
#3574 = CARTESIAN_POINT ( 'NONE',  ( -2.044999999999999929, -0.9050000000000000266, 2.100000000000000089 ) ) ;
#3575 = AXIS2_PLACEMENT_3D ( 'NONE', #7696, #2890, #2342 ) ;
#3576 = B_SPLINE_CURVE_WITH_KNOTS ( 'NONE', 3,
 ( #4015, #7044, #470, #1117, #7558, #2841, #5842, #5760, #3462, #5134, #1591, #428, #5212, #7514, #6936, #580, #2873, #2211, #504 ),
 .UNSPECIFIED., .F., .F.,
 ( 4, 3, 3, 3, 3, 3, 4 ),
 ( 3.640159346738029324E-18, 1.394167521382473697E-05, 3.719266728732543103E-05, 9.327844884875880318E-05, 0.0001462968542005959954, 0.0001849416358355089357, 0.0002190250876781800894 ),
 .UNSPECIFIED. ) ;
#3577 = LINE ( 'NONE', #4159, #1177 ) ;
#3578 = VECTOR ( 'NONE', #1119, 1000.000000000000000 ) ;
#3579 = VECTOR ( 'NONE', #2524, 1000.000000000000000 ) ;
#3580 = CARTESIAN_POINT ( 'NONE',  ( -0.5599326875623642508, -0.7112193652824563284, 0.3363227335935349838 ) ) ;
#3581 = CARTESIAN_POINT ( 'NONE',  ( -0.2461754054898735167, -0.9115440117052999724, 0.3735081097983695142 ) ) ;
#3582 = VERTEX_POINT ( 'NONE', #3421 ) ;
#3583 = ORIENTED_EDGE ( 'NONE', *, *, #6424, .T. ) ;
#3584 = LINE ( 'NONE', #3811, #217 ) ;
#3585 = CARTESIAN_POINT ( 'NONE',  ( -1.550000000000000044, 0.4500000000000000111, 2.330000000000000071 ) ) ;
#3586 = CARTESIAN_POINT ( 'NONE',  ( -1.600000000000000089, -0.3499999999999999778, 2.100000000000000089 ) ) ;
#3587 = EDGE_CURVE ( 'NONE', #5248, #1731, #5802, .T. ) ;
#3588 = B_SPLINE_CURVE_WITH_KNOTS ( 'NONE', 3,
 ( #5105, #3949, #3385, #3429 ),
 .UNSPECIFIED., .F., .F.,
 ( 4, 4 ),
 ( 0.000000000000000000, 1.000000000000000000 ),
 .UNSPECIFIED. ) ;
#3589 = AXIS2_PLACEMENT_3D ( 'NONE', #7237, #6652, #143 ) ;
#3590 = EDGE_CURVE ( 'NONE', #7517, #390, #472, .T. ) ;
#3591 = DIRECTION ( 'NONE',  ( 0.000000000000000000, 0.000000000000000000, -1.000000000000000000 ) ) ;
#3592 = CARTESIAN_POINT ( 'NONE',  ( -0.2425215054681925386, 0.4925215054681931215, 0.3004301093587461446 ) ) ;
#3593 = EDGE_CURVE ( 'NONE', #3689, #1969, #7190, .T. ) ;
#3594 = ORIENTED_EDGE ( 'NONE', *, *, #1150, .F. ) ;
#3595 = CARTESIAN_POINT ( 'NONE',  ( -0.5350000000000000311, 0.9000000000000000222, 0.7500000000000000000 ) ) ;
#3596 = ORIENTED_EDGE ( 'NONE', *, *, #1869, .T. ) ;
#3597 = EDGE_LOOP ( 'NONE', ( #675, #6329, #5670, #4888, #6283 ) ) ;
#3598 = EDGE_CURVE ( 'NONE', #4221, #1442, #5689, .T. ) ;
#3599 = FACE_OUTER_BOUND ( 'NONE', #5403, .T. ) ;
#3600 = DIRECTION ( 'NONE',  ( 0.000000000000000000, 0.000000000000000000, 1.000000000000000000 ) ) ;
#3601 = DIRECTION ( 'NONE',  ( 0.000000000000000000, -1.000000000000000000, 0.000000000000000000 ) ) ;
#3602 = CARTESIAN_POINT ( 'NONE',  ( -2.095000000000000195, 0.000000000000000000, 2.299999999999999822 ) ) ;
#3603 = FACE_OUTER_BOUND ( 'NONE', #2061, .T. ) ;
#3604 = VERTEX_POINT ( 'NONE', #4521 ) ;
#3605 = CYLINDRICAL_SURFACE ( 'NONE', #6067, 0.2999999999999999334 ) ;
#3606 = LINE ( 'NONE', #526, #7014 ) ;
#3607 = CARTESIAN_POINT ( 'NONE',  ( -0.8500000000151000101, -1.199999999999999956, 1.399999999999999911 ) ) ;
#3608 = ORIENTED_EDGE ( 'NONE', *, *, #230, .T. ) ;
#3609 = ORIENTED_EDGE ( 'NONE', *, *, #6136, .F. ) ;
#3610 = ORIENTED_EDGE ( 'NONE', *, *, #1046, .F. ) ;
#3611 = DIRECTION ( 'NONE',  ( -0.9993908270190960952, 0.000000000000000000, 0.03489949670249306579 ) ) ;
#3612 = ORIENTED_EDGE ( 'NONE', *, *, #6481, .F. ) ;
#3613 = CARTESIAN_POINT ( 'NONE',  ( 0.1163376014357000027, 0.8336623985643000223, 0.2500000000000000000 ) ) ;
#3614 = EDGE_CURVE ( 'NONE', #2879, #817, #5069, .T. ) ;
#3615 = CARTESIAN_POINT ( 'NONE',  ( 1.875000000000000000, -0.8000000000000000444, 0.5000000000000000000 ) ) ;
#3616 = CARTESIAN_POINT ( 'NONE',  ( 0.1163376014357000027, 0.9105149318544999426, 0.3800000000000000044 ) ) ;
#3617 = FACE_OUTER_BOUND ( 'NONE', #2412, .T. ) ;
#3618 = ORIENTED_EDGE ( 'NONE', *, *, #6339, .T. ) ;
#3619 = EDGE_LOOP ( 'NONE', ( #177, #7537, #5649, #3166, #6843 ) ) ;
#3620 = CARTESIAN_POINT ( 'NONE',  ( -2.000000000000000000, -0.2999999999891029834, 2.299999999999999822 ) ) ;
#3621 = DIRECTION ( 'NONE',  ( 0.000000000000000000, 0.000000000000000000, -1.000000000000000000 ) ) ;
#3622 = CARTESIAN_POINT ( 'NONE',  ( 0.9499999999999999556, 0.5000000000000000000, 2.299999999999999822 ) ) ;
#3623 = DIRECTION ( 'NONE',  ( -1.000000000000000000, 0.000000000000000000, 0.000000000000000000 ) ) ;
#3624 = DIRECTION ( 'NONE',  ( 0.000000000000000000, 1.000000000000000000, 0.000000000000000000 ) ) ;
#3625 = ORIENTED_EDGE ( 'NONE', *, *, #6363, .T. ) ;
#3626 = DIRECTION ( 'NONE',  ( 1.000000000000000000, -3.643524251838464511E-15, -1.224646799147563734E-16 ) ) ;
#3627 = EDGE_LOOP ( 'NONE', ( #381, #2685, #3135, #3474 ) ) ;
#3628 = ORIENTED_EDGE ( 'NONE', *, *, #4212, .T. ) ;
#3629 = CARTESIAN_POINT ( 'NONE',  ( 0.7500000000000000000, 0.5150000000000000133, 0.7500000000000000000 ) ) ;
#3630 = CARTESIAN_POINT ( 'NONE',  ( -0.8500000000151000101, -1.199999999999999956, 1.399999999999999911 ) ) ;
#3631 = EDGE_CURVE ( 'NONE', #1262, #2849, #7086, .T. ) ;
#3632 = LINE ( 'NONE', #5427, #656 ) ;
#3633 = B_SPLINE_CURVE_WITH_KNOTS ( 'NONE', 3,
 ( #3281, #2783, #4620, #2110 ),
 .UNSPECIFIED., .F., .F.,
 ( 4, 4 ),
 ( 0.000000000000000000, 1.000000000000000000 ),
 .UNSPECIFIED. ) ;
#3634 = CARTESIAN_POINT ( 'NONE',  ( 1.525000000000000133, 0.000000000000000000, 0.5000000000000000000 ) ) ;
#3635 = EDGE_CURVE ( 'NONE', #5073, #7386, #6163, .T. ) ;
#3637 = ADVANCED_FACE ( 'NONE', ( #543 ), #5962, .F. ) ;
#3636 = DIRECTION ( 'NONE',  ( 0.000000000000000000, 0.000000000000000000, 1.000000000000000000 ) ) ;
#3638 = EDGE_CURVE ( 'NONE', #3843, #7418, #5693, .T. ) ;
#3639 = VERTEX_POINT ( 'NONE', #6035 ) ;
#3640 = DIRECTION ( 'NONE',  ( -0.000000000000000000, 0.9987523388778447586, 0.04993761694389219075 ) ) ;
#3641 = CARTESIAN_POINT ( 'NONE',  ( -0.6836623985643000001, 0.7175453909421009024, 0.3800000000000000044 ) ) ;
#3642 = VECTOR ( 'NONE', #2300, 1000.000000000000000 ) ;
#3643 = ORIENTED_EDGE ( 'NONE', *, *, #2174, .F. ) ;
#3644 = LINE ( 'NONE', #4929, #3190 ) ;
#3645 = ORIENTED_EDGE ( 'NONE', *, *, #1343, .T. ) ;
#3646 = ORIENTED_EDGE ( 'NONE', *, *, #5781, .T. ) ;
#3647 = DIRECTION ( 'NONE',  ( -1.000000000000000000, 0.000000000000000000, 0.000000000000000000 ) ) ;
#3648 = ORIENTED_EDGE ( 'NONE', *, *, #1907, .F. ) ;
#3649 = CIRCLE ( 'NONE', #5147, 0.07000000000000018707 ) ;
#3650 = CARTESIAN_POINT ( 'NONE',  ( 0.2650000000000000133, 0.9000000000000000222, 0.7500000000000000000 ) ) ;
#3651 = VECTOR ( 'NONE', #2844, 1000.000000000000000 ) ;
#3652 =( BOUNDED_CURVE ( )  B_SPLINE_CURVE ( 3, ( #6778, #4986, #5610, #3261 ),
 .UNSPECIFIED., .F., .T. ) 
 B_SPLINE_CURVE_WITH_KNOTS ( ( 4, 4 ),
 ( 4.712388980384689674, 6.233226911457609987 ),
 .UNSPECIFIED. ) 
 CURVE ( )  GEOMETRIC_REPRESENTATION_ITEM ( )  RATIONAL_B_SPLINE_CURVE ( ( 1.000000000000000000, 0.8163648751936799508, 0.8163648751936799508, 1.000000000000000000 ) ) 
 REPRESENTATION_ITEM ( '' )  );
#3653 = VECTOR ( 'NONE', #407, 1000.000000000000000 ) ;
#3654 = PLANE ( 'NONE',  #3589 ) ;
#3655 = VECTOR ( 'NONE', #4080, 1000.000000000000000 ) ;
#3656 = ORIENTED_EDGE ( 'NONE', *, *, #7033, .F. ) ;
#3657 = VERTEX_POINT ( 'NONE', #5879 ) ;
#3658 = LINE ( 'NONE', #1818, #1948 ) ;
#3659 = CYLINDRICAL_SURFACE ( 'NONE', #2534, 0.1000000000000000472 ) ;
#3660 = CIRCLE ( 'NONE', #6026, 0.09999999999999982514 ) ;
#3661 = DIRECTION ( 'NONE',  ( 0.000000000000000000, 0.000000000000000000, -1.000000000000000000 ) ) ;
#3662 = ADVANCED_FACE ( 'NONE', ( #1237, #3032, #2912, #4096 ), #1739, .F. ) ;
#3663 = LINE ( 'NONE', #5460, #1523 ) ;
#3664 = DIRECTION ( 'NONE',  ( -1.000000000000000000, 0.000000000000000000, 0.000000000000000000 ) ) ;
#3665 = ORIENTED_EDGE ( 'NONE', *, *, #2130, .T. ) ;
#3666 = DIRECTION ( 'NONE',  ( -1.807003620809174583E-15, 0.000000000000000000, -1.000000000000000000 ) ) ;
#3667 = EDGE_CURVE ( 'NONE', #288, #841, #583, .T. ) ;
#3668 = VERTEX_POINT ( 'NONE', #3620 ) ;
#3669 = ORIENTED_EDGE ( 'NONE', *, *, #671, .T. ) ;
#3670 = AXIS2_PLACEMENT_3D ( 'NONE', #5897, #2977, #7223 ) ;
#3671 = CARTESIAN_POINT ( 'NONE',  ( -1.550000000008390000, 0.4500000000000000111, 2.299999999999999822 ) ) ;
#3672 = EDGE_CURVE ( 'NONE', #3604, #5667, #33, .T. ) ;
#3673 = LINE ( 'NONE', #7222, #1272 ) ;
#3674 = DIRECTION ( 'NONE',  ( 1.000000000000000000, 0.000000000000000000, 0.000000000000000000 ) ) ;
#3675 = CIRCLE ( 'NONE', #3416, 0.1499999999999999667 ) ;
#3676 = CARTESIAN_POINT ( 'NONE',  ( 2.000000000000000000, 0.2999999999999999889, 2.299999999999999822 ) ) ;
#3677 = LINE ( 'NONE', #2422, #7073 ) ;
#3678 = ORIENTED_EDGE ( 'NONE', *, *, #6201, .F. ) ;
#3679 = CARTESIAN_POINT ( 'NONE',  ( 1.875000000000000000, -0.9499999999999999556, 0.1749999999999999889 ) ) ;
#3680 = AXIS2_PLACEMENT_3D ( 'NONE', #3793, #6274, #243 ) ;
#3681 = EDGE_CURVE ( 'NONE', #2923, #814, #5411, .T. ) ;
#3682 = ADVANCED_FACE ( 'NONE', ( #1155 ), #5288, .T. ) ;
#3683 = CARTESIAN_POINT ( 'NONE',  ( 2.120000000000000107, 0.9000000000000000222, 2.299999999999999822 ) ) ;
#3684 = CARTESIAN_POINT ( 'NONE',  ( 0.6499704134224399965, -1.299999995623176030, 1.400000148454012106 ) ) ;
#3685 = ORIENTED_EDGE ( 'NONE', *, *, #3536, .T. ) ;
#3686 = AXIS2_PLACEMENT_3D ( 'NONE', #1616, #1029, #463 ) ;
#3687 = VERTEX_POINT ( 'NONE', #76 ) ;
#3688 = EDGE_CURVE ( 'NONE', #7704, #4492, #3658, .T. ) ;
#3689 = VERTEX_POINT ( 'NONE', #7206 ) ;
#3690 = CARTESIAN_POINT ( 'NONE',  ( 0.5350000000000000311, -0.08499999999999900691, 0.7500000000000000000 ) ) ;
#3691 = ORIENTED_EDGE ( 'NONE', *, *, #1582, .T. ) ;
#3692 = AXIS2_PLACEMENT_3D ( 'NONE', #4711, #3572, #6454 ) ;
#3693 = VECTOR ( 'NONE', #632, 1000.000000000000000 ) ;
#3694 = EDGE_CURVE ( 'NONE', #6802, #3380, #695, .T. ) ;
#3695 = DIRECTION ( 'NONE',  ( 0.000000000000000000, 0.000000000000000000, -1.000000000000000000 ) ) ;
#3696 = CIRCLE ( 'NONE', #7294, 0.2000000000000000944 ) ;
#3697 = LINE ( 'NONE', #2630, #2328 ) ;
#3698 = AXIS2_PLACEMENT_3D ( 'NONE', #3302, #7476, #1977 ) ;
#3699 = ORIENTED_EDGE ( 'NONE', *, *, #7154, .F. ) ;
#3700 = ORIENTED_EDGE ( 'NONE', *, *, #6384, .F. ) ;
#3701 = CARTESIAN_POINT ( 'NONE',  ( 0.7500000000000000000, -0.1100000000000000006, 0.2500000000000000000 ) ) ;
#3702 = DIRECTION ( 'NONE',  ( 0.000000000000000000, 0.000000000000000000, 1.000000000000000000 ) ) ;
#3703 = CARTESIAN_POINT ( 'NONE',  ( -0.5605677954435902555, 0.4880654778698061413, 0.3343675104904086370 ) ) ;
#3704 = AXIS2_PLACEMENT_3D ( 'NONE', #5083, #3363, #7462 ) ;
#3705 =( BOUNDED_CURVE ( )  B_SPLINE_CURVE ( 3, ( #4401, #6773, #80, #772 ),
 .UNSPECIFIED., .F., .F. ) 
 B_SPLINE_CURVE_WITH_KNOTS ( ( 4, 4 ),
 ( 5.176216603415940476, 6.746404795305489976 ),
 .UNSPECIFIED. ) 
 CURVE ( )  GEOMETRIC_REPRESENTATION_ITEM ( )  RATIONAL_B_SPLINE_CURVE ( ( 1.000000000000000000, 0.8048811711016460313, 0.8048811711016460313, 1.000000000000000000 ) ) 
 REPRESENTATION_ITEM ( '' )  );
#3706 = AXIS2_PLACEMENT_3D ( 'NONE', #2765, #5849, #4025 ) ;
#3707 = AXIS2_PLACEMENT_3D ( 'NONE', #3888, #3251, #306 ) ;
#3708 = LINE ( 'NONE', #5493, #899 ) ;
#3709 = CARTESIAN_POINT ( 'NONE',  ( 2.128192357768940557, -0.3501197907310497626, 2.298185679069689069 ) ) ;
#3710 = CARTESIAN_POINT ( 'NONE',  ( 0.6364217540603454015, -0.4001739667761671226, 0.2544806772622359436 ) ) ;
#3711 = ORIENTED_EDGE ( 'NONE', *, *, #2666, .T. ) ;
#3712 = AXIS2_PLACEMENT_3D ( 'NONE', #4327, #4944, #843 ) ;
#3713 = DIRECTION ( 'NONE',  ( 3.252606517456511724E-15, 1.000000000000000000, 0.000000000000000000 ) ) ;
#3714 = EDGE_CURVE ( 'NONE', #2336, #5644, #4165, .T. ) ;
#3715 = CARTESIAN_POINT ( 'NONE',  ( -0.2650000000000000133, 0.9000000000000000222, 0.7500000000000000000 ) ) ;
#3716 = ORIENTED_EDGE ( 'NONE', *, *, #6508, .T. ) ;
#3717 = CARTESIAN_POINT ( 'NONE',  ( 0.5540493129827799290, -0.7041274530909997775, 0.3690137403439989749 ) ) ;
#3718 = DIRECTION ( 'NONE',  ( -1.000000000000000000, 0.000000000000000000, 0.000000000000000000 ) ) ;
#3719 = AXIS2_PLACEMENT_3D ( 'NONE', #1911, #3010, #7260 ) ;
#3720 = LINE ( 'NONE', #6126, #951 ) ;
#3721 = ORIENTED_EDGE ( 'NONE', *, *, #5814, .F. ) ;
#3722 = CARTESIAN_POINT ( 'NONE',  ( -1.899999999999999911, -0.09682458365518589738, 2.100000000000000089 ) ) ;
#3723 = ORIENTED_EDGE ( 'NONE', *, *, #2242, .F. ) ;
#3724 = ORIENTED_EDGE ( 'NONE', *, *, #2372, .T. ) ;
#3725 = CYLINDRICAL_SURFACE ( 'NONE', #5308, 0.1000000000000000472 ) ;
#3726 = CARTESIAN_POINT ( 'NONE',  ( 2.112253379640000261, -0.4961754054897820065, 0.3735081097965269881 ) ) ;
#3727 = CARTESIAN_POINT ( 'NONE',  ( -2.299999999999999822, -0.6500000000000000222, 1.500000000000000000 ) ) ;
#3728 = EDGE_LOOP ( 'NONE', ( #3848, #498, #6121, #1711, #1557, #6919 ) ) ;
#3729 = ORIENTED_EDGE ( 'NONE', *, *, #7159, .F. ) ;
#3730 = DIRECTION ( 'NONE',  ( 0.000000000000000000, 1.000000000000000000, 0.000000000000000000 ) ) ;
#3731 = CARTESIAN_POINT ( 'NONE',  ( -1.550000000000000044, -0.2999999999999999889, 2.399999999999999911 ) ) ;
#3732 = EDGE_CURVE ( 'NONE', #3473, #1340, #5370, .T. ) ;
#3733 = CARTESIAN_POINT ( 'NONE',  ( -0.8500000000151000101, -0.9000000000000000222, 1.399999999999999911 ) ) ;
#3734 = ORIENTED_EDGE ( 'NONE', *, *, #3318, .F. ) ;
#3735 = EDGE_CURVE ( 'NONE', #4043, #5737, #1779, .T. ) ;
#3736 = EDGE_LOOP ( 'NONE', ( #6723, #5102, #1633, #6549 ) ) ;
#3737 = CYLINDRICAL_SURFACE ( 'NONE', #5448, 0.1300000000000000044 ) ;
#3738 = EDGE_CURVE ( 'NONE', #6193, #7587, #3500, .T. ) ;
#3739 = EDGE_CURVE ( 'NONE', #3389, #178, #3584, .T. ) ;
#3740 = CARTESIAN_POINT ( 'NONE',  ( -1.699999999999999956, 0.3750000000000000000, 2.299999999999999822 ) ) ;
#3741 = SPHERICAL_SURFACE ( 'NONE', #6433, 0.1000000000000000056 ) ;
#3742 = DIRECTION ( 'NONE',  ( 0.000000000000000000, 1.000000000000000000, 0.000000000000000000 ) ) ;
#3743 = DIRECTION ( 'NONE',  ( -1.000000000000000000, 0.000000000000000000, 0.000000000000000000 ) ) ;
#3744 = CARTESIAN_POINT ( 'NONE',  ( -1.375000000000000000, -0.4000000000000000222, 0.2500000000000000000 ) ) ;
#3745 = DIRECTION ( 'NONE',  ( 0.000000000000000000, 1.000000000000000000, 0.000000000000000000 ) ) ;
#3746 = EDGE_LOOP ( 'NONE', ( #5629, #7114, #895, #1436 ) ) ;
#3747 = LINE ( 'NONE', #5020, #2952 ) ;
#3748 = DIRECTION ( 'NONE',  ( 3.643524251838465300E-15, 1.000000000000000000, 5.420985188938160716E-15 ) ) ;
#3749 = ORIENTED_EDGE ( 'NONE', *, *, #6052, .F. ) ;
#3750 = CARTESIAN_POINT ( 'NONE',  ( -0.1895068923543806738, -0.4395068923543811179, 0.2499999999999997224 ) ) ;
#3751 = CARTESIAN_POINT ( 'NONE',  ( 1.925000000000000044, 0.1658312395178000165, 2.200000000000000178 ) ) ;
#3752 = ORIENTED_EDGE ( 'NONE', *, *, #2560, .T. ) ;
#3753 = DIRECTION ( 'NONE',  ( 0.000000000000000000, 0.000000000000000000, -1.000000000000000000 ) ) ;
#3754 = EDGE_CURVE ( 'NONE', #2727, #1987, #6312, .T. ) ;
#3755 = VERTEX_POINT ( 'NONE', #302 ) ;
#3756 = CYLINDRICAL_SURFACE ( 'NONE', #3571, 0.1000000000000000472 ) ;
#3757 = FACE_OUTER_BOUND ( 'NONE', #6173, .T. ) ;
#3758 = DIRECTION ( 'NONE',  ( 0.000000000000000000, -1.000000000000000000, 0.000000000000000000 ) ) ;
#3759 = CIRCLE ( 'NONE', #2649, 0.07999999999999890532 ) ;
#3760 = ORIENTED_EDGE ( 'NONE', *, *, #2267, .F. ) ;
#3761 = EDGE_LOOP ( 'NONE', ( #31, #1002, #4461, #495 ) ) ;
#3762 = CARTESIAN_POINT ( 'NONE',  ( 2.112253379640000261, 0.1038245945101801959, 0.3735081097972924868 ) ) ;
#3763 = EDGE_CURVE ( 'NONE', #3639, #606, #4391, .T. ) ;
#3764 = ORIENTED_EDGE ( 'NONE', *, *, #3239, .F. ) ;
#3765 = AXIS2_PLACEMENT_3D ( 'NONE', #7691, #5264, #4180 ) ;
#3766 = DIRECTION ( 'NONE',  ( 0.000000000000000000, -1.000000000000000000, -1.626303258728279055E-14 ) ) ;
#3767 = ADVANCED_FACE ( 'NONE', ( #4977 ), #3737, .T. ) ;
#3768 = CARTESIAN_POINT ( 'NONE',  ( 0.000000000000000000, -0.4000000000000000222, 0.5000000000000000000 ) ) ;
#3769 = ORIENTED_EDGE ( 'NONE', *, *, #5973, .T. ) ;
#3770 = EDGE_LOOP ( 'NONE', ( #6622, #5439, #4550, #2682, #1195, #4589 ) ) ;
#3771 = FACE_BOUND ( 'NONE', #7674, .T. ) ;
#3772 = VECTOR ( 'NONE', #6602, 1000.000000000000000 ) ;
#3773 = CARTESIAN_POINT ( 'NONE',  ( -0.5538245945101090140, 0.4961754054898509514, 0.3735081097978219522 ) ) ;
#3774 = DIRECTION ( 'NONE',  ( 1.000000000000000000, 0.000000000000000000, 0.000000000000000000 ) ) ;
#3775 = CARTESIAN_POINT ( 'NONE',  ( -1.899999999999999911, 0.3499999999999999778, 2.299999999999999822 ) ) ;
#3776 = CARTESIAN_POINT ( 'NONE',  ( 0.9476188457623999639, 0.3755476762933480095, 3.500000000000000000 ) ) ;
#3777 = ADVANCED_FACE ( 'NONE', ( #3771, #7320, #5600, #6112 ), #7354, .F. ) ;
#3778 = EDGE_CURVE ( 'NONE', #5853, #4239, #3137, .T. ) ;
#3779 = AXIS2_PLACEMENT_3D ( 'NONE', #1276, #3743, #5530 ) ;
#3780 = FACE_OUTER_BOUND ( 'NONE', #5905, .T. ) ;
#3781 = LINE ( 'NONE', #7247, #7427 ) ;
#3782 = CARTESIAN_POINT ( 'NONE',  ( 0.2650000000000000133, -0.5150000000000000133, 0.7500000000000000000 ) ) ;
#3783 = EDGE_LOOP ( 'NONE', ( #313, #1684, #4053, #3129 ) ) ;
#3784 = DIRECTION ( 'NONE',  ( 0.000000000000000000, 0.000000000000000000, -1.000000000000000000 ) ) ;
#3785 = CARTESIAN_POINT ( 'NONE',  ( 0.9499999999999999556, -0.4000000000000000222, 2.100000000000000089 ) ) ;
#3786 = VERTEX_POINT ( 'NONE', #2558 ) ;
#3787 = EDGE_CURVE ( 'NONE', #2336, #4899, #4082, .T. ) ;
#3788 = AXIS2_PLACEMENT_3D ( 'NONE', #3127, #4353, #248 ) ;
#3789 = AXIS2_PLACEMENT_3D ( 'NONE', #5883, #4796, #7088 ) ;
#3790 = DIRECTION ( 'NONE',  ( 0.000000000000000000, -7.744301232039296960E-16, 1.000000000000000000 ) ) ;
#3791 = LINE ( 'NONE', #6166, #1212 ) ;
#3792 = EDGE_LOOP ( 'NONE', ( #7646, #2115, #3314, #2861 ) ) ;
#3793 = CARTESIAN_POINT ( 'NONE',  ( 1.525000000000000133, -0.8000000000000000444, 0.5000000000000000000 ) ) ;
#3794 = VERTEX_POINT ( 'NONE', #2038 ) ;
#3795 = AXIS2_PLACEMENT_3D ( 'NONE', #670, #5569, #3854 ) ;
#3796 = EDGE_LOOP ( 'NONE', ( #5022, #7528, #1481, #5229 ) ) ;
#3797 = CIRCLE ( 'NONE', #442, 0.2999999999999999334 ) ;
#3798 = CARTESIAN_POINT ( 'NONE',  ( -0.2650000000000000133, -0.6849999999999999423, 0.7500000000000000000 ) ) ;
#3799 = CARTESIAN_POINT ( 'NONE',  ( -0.6500000000000000222, -0.3499999999999999778, 0.000000000000000000 ) ) ;
#3800 = B_SPLINE_CURVE_WITH_KNOTS ( 'NONE', 3,
 ( #2437, #5446, #4241, #6650 ),
 .UNSPECIFIED., .F., .F.,
 ( 4, 4 ),
 ( 0.000000000000000000, 1.000000000000000000 ),
 .UNSPECIFIED. ) ;
#3801 = EDGE_LOOP ( 'NONE', ( #7453, #1613, #411, #2900 ) ) ;
#3802 = VECTOR ( 'NONE', #4686, 1000.000000000000000 ) ;
#3803 = ORIENTED_EDGE ( 'NONE', *, *, #5354, .T. ) ;
#3804 = CARTESIAN_POINT ( 'NONE',  ( -0.5538995006676490362, -0.7038995806280760048, 0.3720083874391320045 ) ) ;
#3805 = ADVANCED_FACE ( 'NONE', ( #260 ), #6218, .F. ) ;
#3806 = FACE_OUTER_BOUND ( 'NONE', #6841, .T. ) ;
#3807 = VECTOR ( 'NONE', #7019, 1000.000000000000000 ) ;
#3808 = FACE_OUTER_BOUND ( 'NONE', #1929, .T. ) ;
#3809 = ORIENTED_EDGE ( 'NONE', *, *, #6584, .T. ) ;
#3810 = ORIENTED_EDGE ( 'NONE', *, *, #770, .T. ) ;
#3811 = CARTESIAN_POINT ( 'NONE',  ( 0.000000000000000000, 0.8336623985643000223, 0.2500000000000000000 ) ) ;
#3812 = CARTESIAN_POINT ( 'NONE',  ( 0.9965079230508000485, 0.3983003894331494932, 2.100000000000000089 ) ) ;
#3813 = CARTESIAN_POINT ( 'NONE',  ( -0.6457981905897304253, 0.3840382268818187672, 0.2512106842210263258 ) ) ;
#3814 = VECTOR ( 'NONE', #3995, 1000.000000000000000 ) ;
#3815 = DIRECTION ( 'NONE',  ( 0.000000000000000000, -1.000000000000000000, 0.000000000000000000 ) ) ;
#3816 = VECTOR ( 'NONE', #3730, 1000.000000000000000 ) ;
#3817 = FACE_OUTER_BOUND ( 'NONE', #7526, .T. ) ;
#3818 = VECTOR ( 'NONE', #4909, 1000.000000000000000 ) ;
#3819 = CARTESIAN_POINT ( 'NONE',  ( 1.800000000000000044, 0.2500000000000000000, 2.100000000000000089 ) ) ;
#3820 = LINE ( 'NONE', #812, #5055 ) ;
#3821 = ORIENTED_EDGE ( 'NONE', *, *, #6201, .T. ) ;
#3822 = DIRECTION ( 'NONE',  ( 1.000000000000000000, 0.000000000000000000, 0.000000000000000000 ) ) ;
#3823 = CARTESIAN_POINT ( 'NONE',  ( 1.849999999997190114, 0.4500000000000000111, 2.299999999999999822 ) ) ;
#3824 = ORIENTED_EDGE ( 'NONE', *, *, #3876, .T. ) ;
#3825 = VECTOR ( 'NONE', #4486, 1000.000000000000000 ) ;
#3826 = EDGE_CURVE ( 'NONE', #258, #976, #2599, .T. ) ;
#3827 = VECTOR ( 'NONE', #2380, 1000.000000000000000 ) ;
#3828 = EDGE_CURVE ( 'NONE', #4573, #5164, #226, .T. ) ;
#3829 = CIRCLE ( 'NONE', #5190, 0.1000000000000000472 ) ;
#3830 = EDGE_LOOP ( 'NONE', ( #3723, #2552, #6922, #24, #6755, #3248 ) ) ;
#3831 = DIRECTION ( 'NONE',  ( 1.000000000000000000, 0.000000000000000000, 0.000000000000000000 ) ) ;
#3832 = AXIS2_PLACEMENT_3D ( 'NONE', #7326, #6815, #1388 ) ;
#3833 = EDGE_LOOP ( 'NONE', ( #440, #3359, #1673, #5960, #2357, #6325 ) ) ;
#3834 = PRESENTATION_STYLE_ASSIGNMENT (( #1440 ) ) ;
#3835 = ORIENTED_EDGE ( 'NONE', *, *, #3446, .F. ) ;
#3836 = ORIENTED_EDGE ( 'NONE', *, *, #2531, .T. ) ;
#3837 = ADVANCED_FACE ( 'NONE', ( #6082 ), #4363, .F. ) ;
#3838 = EDGE_CURVE ( 'NONE', #523, #1430, #7315, .T. ) ;
#3839 = AXIS2_PLACEMENT_3D ( 'NONE', #1233, #1813, #618 ) ;
#3840 = DIRECTION ( 'NONE',  ( 0.000000000000000000, 0.000000000000000000, -1.000000000000000000 ) ) ;
#3841 = LINE ( 'NONE', #5151, #3151 ) ;
#3842 = ORIENTED_EDGE ( 'NONE', *, *, #4788, .T. ) ;
#3843 = VERTEX_POINT ( 'NONE', #4286 ) ;
#3844 = CARTESIAN_POINT ( 'NONE',  ( -1.050000000000000044, 0.4000000000000000222, 2.100000000000000089 ) ) ;
#3845 = FACE_OUTER_BOUND ( 'NONE', #185, .T. ) ;
#3846 = VERTEX_POINT ( 'NONE', #6765 ) ;
#3847 = CARTESIAN_POINT ( 'NONE',  ( 2.100000000000000089, -0.9416666666666660968, 2.299999999999999822 ) ) ;
#3848 = ORIENTED_EDGE ( 'NONE', *, *, #3590, .F. ) ;
#3849 = EDGE_LOOP ( 'NONE', ( #6181, #6872, #6444, #1136 ) ) ;
#3850 = CARTESIAN_POINT ( 'NONE',  ( 1.925000000000000044, 0.4749999999999999778, 2.100000000000000089 ) ) ;
#3851 = DIRECTION ( 'NONE',  ( 0.000000000000000000, 0.000000000000000000, -1.000000000000000000 ) ) ;
#3852 = EDGE_CURVE ( 'NONE', #2363, #6947, #1417, .T. ) ;
#3853 = CARTESIAN_POINT ( 'NONE',  ( -0.9965079230506389552, -0.3983003557155185281, 2.100000000000000089 ) ) ;
#3854 = DIRECTION ( 'NONE',  ( 0.000000000000000000, 0.000000000000000000, 1.000000000000000000 ) ) ;
#3855 = DIRECTION ( 'NONE',  ( -1.000000000000000000, 0.000000000000000000, 0.000000000000000000 ) ) ;
#3856 = LINE ( 'NONE', #4334, #6431 ) ;
#3857 = CARTESIAN_POINT ( 'NONE',  ( -1.550000000000000044, 0.2999999999999999889, 2.399999999999999911 ) ) ;
#3858 = ORIENTED_EDGE ( 'NONE', *, *, #7348, .F. ) ;
#3859 = CARTESIAN_POINT ( 'NONE',  ( 1.600000000000000089, -0.3499999999999999778, 2.100000000000000089 ) ) ;
#3860 = LINE ( 'NONE', #6743, #4281 ) ;
#3861 = ORIENTED_EDGE ( 'NONE', *, *, #1057, .T. ) ;
#3862 = EDGE_CURVE ( 'NONE', #5369, #1923, #5008, .T. ) ;
#3863 = CARTESIAN_POINT ( 'NONE',  ( 0.8499999999848999455, -0.9000000000000000222, 1.699999999999999956 ) ) ;
#3864 = EDGE_CURVE ( 'NONE', #728, #2609, #6656, .T. ) ;
#3865 = ORIENTED_EDGE ( 'NONE', *, *, #161, .T. ) ;
#3866 = DIRECTION ( 'NONE',  ( 1.000000000000000000, 0.000000000000000000, 0.000000000000000000 ) ) ;
#3867 = ORIENTED_EDGE ( 'NONE', *, *, #5777, .T. ) ;
#3868 = CARTESIAN_POINT ( 'NONE',  ( -1.275000000000000133, -0.9000000000000000222, 0.5000000000000000000 ) ) ;
#3869 = ORIENTED_EDGE ( 'NONE', *, *, #1857, .F. ) ;
#3870 = EDGE_LOOP ( 'NONE', ( #6089, #1356, #6494, #1010 ) ) ;
#3871 = EDGE_CURVE ( 'NONE', #702, #7418, #3249, .T. ) ;
#3872 = CARTESIAN_POINT ( 'NONE',  ( -2.000000000000003997, 0.2999999999620008850, 2.371005050633883116 ) ) ;
#3873 = ADVANCED_FACE ( 'NONE', ( #146 ), #497, .F. ) ;
#3874 = CYLINDRICAL_SURFACE ( 'NONE', #1282, 0.09999999999999982514 ) ;
#3875 = EDGE_CURVE ( 'NONE', #7346, #932, #5045, .T. ) ;
#3876 = EDGE_CURVE ( 'NONE', #1329, #441, #3411, .T. ) ;
#3877 = EDGE_LOOP ( 'NONE', ( #3327, #1256, #6524, #3273, #6831 ) ) ;
#3878 = VERTEX_POINT ( 'NONE', #1027 ) ;
#3879 = CARTESIAN_POINT ( 'NONE',  ( 0.7500000000000000000, -0.6849999999999999423, 0.7500000000000000000 ) ) ;
#3880 = EDGE_CURVE ( 'NONE', #4685, #2481, #6315, .T. ) ;
#3881 = DIRECTION ( 'NONE',  ( 0.000000000000000000, 0.000000000000000000, -1.000000000000000000 ) ) ;
#3882 = ORIENTED_EDGE ( 'NONE', *, *, #113, .T. ) ;
#3883 = DIRECTION ( 'NONE',  ( 0.000000000000000000, 0.000000000000000000, -1.000000000000000000 ) ) ;
#3884 = EDGE_LOOP ( 'NONE', ( #5379, #1364, #5188, #5253, #859, #6685, #4459, #1526, #5043 ) ) ;
#3885 = ORIENTED_EDGE ( 'NONE', *, *, #4314, .F. ) ;
#3886 = PLANE ( 'NONE',  #6425 ) ;
#3887 = CARTESIAN_POINT ( 'NONE',  ( 1.925000000000000044, 0.1658312395178000165, 2.299999999999999822 ) ) ;
#3888 = CARTESIAN_POINT ( 'NONE',  ( 1.850000000000000089, -0.2999999999999999889, 2.330000000000000071 ) ) ;
#3889 = VECTOR ( 'NONE', #2853, 1000.000000000000000 ) ;
#3890 = DIRECTION ( 'NONE',  ( 0.000000000000000000, -1.000000000000000000, 0.000000000000000000 ) ) ;
#3891 = CARTESIAN_POINT ( 'NONE',  ( -1.275000000000000133, 0.3499999999999999778, 0.000000000000000000 ) ) ;
#3892 = EDGE_CURVE ( 'NONE', #2147, #3687, #2714, .T. ) ;
#3893 = AXIS2_PLACEMENT_3D ( 'NONE', #7449, #4608, #1042 ) ;
#3894 = CARTESIAN_POINT ( 'NONE',  ( 2.299999999999999822, -0.6449999999999999067, 1.500000000000000000 ) ) ;
#3895 = LINE ( 'NONE', #312, #3954 ) ;
#3896 = ORIENTED_EDGE ( 'NONE', *, *, #2485, .F. ) ;
#3897 = DIRECTION ( 'NONE',  ( 0.000000000000000000, 1.000000000000000000, 0.000000000000000000 ) ) ;
#3898 = FACE_OUTER_BOUND ( 'NONE', #3627, .T. ) ;
#3899 = CARTESIAN_POINT ( 'NONE',  ( -1.849999999987155030, 0.4500000000000000111, 2.299999999999999822 ) ) ;
#3900 = ORIENTED_EDGE ( 'NONE', *, *, #4497, .F. ) ;
#3901 = ADVANCED_FACE ( 'NONE', ( #3456 ), #4045, .T. ) ;
#3902 = VECTOR ( 'NONE', #2504, 1000.000000000000000 ) ;
#3903 = DIRECTION ( 'NONE',  ( 0.000000000000000000, -1.000000000000000000, 0.000000000000000000 ) ) ;
#3904 = ORIENTED_EDGE ( 'NONE', *, *, #4832, .F. ) ;
#3905 = LINE ( 'NONE', #5697, #2580 ) ;
#3906 = ORIENTED_EDGE ( 'NONE', *, *, #962, .F. ) ;
#3907 = DIRECTION ( 'NONE',  ( 0.000000000000000000, 1.000000000000000000, 0.000000000000000000 ) ) ;
#3908 = ORIENTED_EDGE ( 'NONE', *, *, #771, .F. ) ;
#3909 = AXIS2_PLACEMENT_3D ( 'NONE', #2815, #519, #2888 ) ;
#3910 = VECTOR ( 'NONE', #755, 1000.000000000000000 ) ;
#3911 = ORIENTED_EDGE ( 'NONE', *, *, #1295, .T. ) ;
#3912 = AXIS2_PLACEMENT_3D ( 'NONE', #7471, #2082, #383 ) ;
#3913 = ADVANCED_FACE ( 'NONE', ( #954 ), #7470, .T. ) ;
#3914 = CARTESIAN_POINT ( 'NONE',  ( -2.000000000000000000, 0.2999999999620009405, 2.330000000000000071 ) ) ;
#3915 = CARTESIAN_POINT ( 'NONE',  ( 1.875000000000000000, -0.9499999999999999556, -0.1881966011250000015 ) ) ;
#3916 = CARTESIAN_POINT ( 'NONE',  ( 2.112253379640000261, 0.1038245945101801959, 0.3735081097972919872 ) ) ;
#3917 = ORIENTED_EDGE ( 'NONE', *, *, #1910, .T. ) ;
#3918 = ORIENTED_EDGE ( 'NONE', *, *, #4167, .T. ) ;
#3919 = LINE ( 'NONE', #3879, #5064 ) ;
#3920 = ADVANCED_FACE ( 'NONE', ( #5836 ), #3886, .T. ) ;
#3921 = EDGE_CURVE ( 'NONE', #3657, #1535, #2834, .T. ) ;
#3922 = AXIS2_PLACEMENT_3D ( 'NONE', #2341, #2930, #6556 ) ;
#3923 = CARTESIAN_POINT ( 'NONE',  ( 0.9965079230508180341, -0.3983003551484455285, 2.100000000000000089 ) ) ;
#3924 = ORIENTED_EDGE ( 'NONE', *, *, #6761, .T. ) ;
#3925 = EDGE_CURVE ( 'NONE', #5202, #6996, #3696, .T. ) ;
#3926 = AXIS2_PLACEMENT_3D ( 'NONE', #537, #502, #1115 ) ;
#3927 = CARTESIAN_POINT ( 'NONE',  ( 1.875000000000000000, -0.9000000000000000222, 0.5000000000000000000 ) ) ;
#3928 = VERTEX_POINT ( 'NONE', #2116 ) ;
#3929 = ORIENTED_EDGE ( 'NONE', *, *, #1884, .T. ) ;
#3930 = CARTESIAN_POINT ( 'NONE',  ( -1.850000000000000089, -0.2999999999999999889, 2.399999999999999911 ) ) ;
#3931 = DIRECTION ( 'NONE',  ( -1.000000000000000000, 0.000000000000000000, 0.000000000000000000 ) ) ;
#3932 = LINE ( 'NONE', #6371, #436 ) ;
#3933 = EDGE_CURVE ( 'NONE', #6353, #3031, #2159, .T. ) ;
#3934 = EDGE_CURVE ( 'NONE', #3031, #2336, #707, .T. ) ;
#3935 = VECTOR ( 'NONE', #5377, 1000.000000000000000 ) ;
#3936 = CARTESIAN_POINT ( 'NONE',  ( 2.000000000000000000, -0.2999999999996914579, 2.330000000000000071 ) ) ;
#3937 = DIRECTION ( 'NONE',  ( 1.000000000000000000, -1.084202172485506406E-15, 0.000000000000000000 ) ) ;
#3938 = DIRECTION ( 'NONE',  ( 0.000000000000000000, 1.000000000000000000, 0.000000000000000000 ) ) ;
#3939 = DIRECTION ( 'NONE',  ( 0.000000000000000000, 0.000000000000000000, 1.000000000000000000 ) ) ;
#3940 = AXIS2_PLACEMENT_3D ( 'NONE', #2852, #5894, #2337 ) ;
#3941 = EDGE_LOOP ( 'NONE', ( #7383, #6005, #7056, #6098 ) ) ;
#3942 = DIRECTION ( 'NONE',  ( 1.000000000000000000, 0.000000000000000000, 0.000000000000000000 ) ) ;
#3943 = LINE ( 'NONE', #4676, #2266 ) ;
#3944 = CARTESIAN_POINT ( 'NONE',  ( 1.525000000000000133, -0.8530330085889999969, 0.5530330085890000635 ) ) ;
#3945 = ORIENTED_EDGE ( 'NONE', *, *, #5492, .F. ) ;
#3946 = AXIS2_PLACEMENT_3D ( 'NONE', #6369, #5124, #4551 ) ;
#3947 = AXIS2_PLACEMENT_3D ( 'NONE', #7120, #1776, #73 ) ;
#3948 = CARTESIAN_POINT ( 'NONE',  ( 0.1163376014357000027, 0.2336623985642999890, 0.2500000000000000000 ) ) ;
#3949 = CARTESIAN_POINT ( 'NONE',  ( 0.5539744068252460130, 0.7040005536924480722, 0.3705099644627319888 ) ) ;
#3950 = ORIENTED_EDGE ( 'NONE', *, *, #2241, .T. ) ;
#3951 = VECTOR ( 'NONE', #5036, 1000.000000000000000 ) ;
#3952 = DIRECTION ( 'NONE',  ( -1.000000000000000000, 0.000000000000000000, 0.000000000000000000 ) ) ;
#3953 = ORIENTED_EDGE ( 'NONE', *, *, #3738, .F. ) ;
#3954 = VECTOR ( 'NONE', #2681, 1000.000000000000000 ) ;
#3955 = ORIENTED_EDGE ( 'NONE', *, *, #7299, .F. ) ;
#3956 = ADVANCED_FACE ( 'NONE', ( #7588 ), #6884, .T. ) ;
#3957 = VECTOR ( 'NONE', #4985, 1000.000000000000000 ) ;
#3958 = DIRECTION ( 'NONE',  ( 0.000000000000000000, 1.000000000000000000, 0.000000000000000000 ) ) ;
#3959 = VECTOR ( 'NONE', #1361, 1000.000000000000000 ) ;
#3960 = LINE ( 'NONE', #3478, #4400 ) ;
#3961 = LINE ( 'NONE', #3441, #1170 ) ;
#3962 = ORIENTED_EDGE ( 'NONE', *, *, #4833, .T. ) ;
#3963 = ORIENTED_EDGE ( 'NONE', *, *, #7187, .F. ) ;
#3964 = AXIS2_PLACEMENT_3D ( 'NONE', #1890, #1931, #5563 ) ;
#3965 = CARTESIAN_POINT ( 'NONE',  ( 1.899999999999999911, -0.2500000000000000000, 2.100000000000000089 ) ) ;
#3966 = B_SPLINE_CURVE_WITH_KNOTS ( 'NONE', 3,
 ( #2008, #3143, #4982, #3220, #6152, #4292, #5606, #3709, #6087, #741, #4908, #1976, #266 ),
 .UNSPECIFIED., .F., .F.,
 ( 4, 3, 3, 3, 4 ),
 ( 0.000000000000000000, 3.283269251739306033E-05, 6.581124104088713063E-05, 9.706740894300060814E-05, 0.0001285434018049457395 ),
 .UNSPECIFIED. ) ;
#3967 = VECTOR ( 'NONE', #341, 1000.000000000000000 ) ;
#3968 = CARTESIAN_POINT ( 'NONE',  ( -2.220000000000000195, 0.000000000000000000, 2.299999999999999822 ) ) ;
#3969 = ORIENTED_EDGE ( 'NONE', *, *, #2732, .F. ) ;
#3970 = PLANE ( 'NONE',  #1339 ) ;
#3971 = ORIENTED_EDGE ( 'NONE', *, *, #3153, .F. ) ;
#3972 = VERTEX_POINT ( 'NONE', #991 ) ;
#3973 = DIRECTION ( 'NONE',  ( 1.000000000000000000, 0.000000000000000000, 0.000000000000000000 ) ) ;
#3974 = DIRECTION ( 'NONE',  ( 1.000000000000000000, 0.000000000000000000, 0.000000000000000000 ) ) ;
#3975 = DIRECTION ( 'NONE',  ( 0.000000000000000000, -0.9987523388778447586, 0.04993761694389219075 ) ) ;
#3976 = EDGE_CURVE ( 'NONE', #2742, #1692, #5753, .T. ) ;
#3977 = PLANE ( 'NONE',  #5426 ) ;
#3978 = DIRECTION ( 'NONE',  ( 0.000000000000000000, 0.000000000000000000, 1.000000000000000000 ) ) ;
#3979 = DIRECTION ( 'NONE',  ( 0.000000000000000000, 0.000000000000000000, 1.000000000000000000 ) ) ;
#3980 = EDGE_CURVE ( 'NONE', #861, #4752, #5303, .T. ) ;
#3981 = ADVANCED_FACE ( 'NONE', ( #462 ), #2234, .T. ) ;
#3982 = EDGE_CURVE ( 'NONE', #4923, #2501, #6997, .T. ) ;
#3983 = CARTESIAN_POINT ( 'NONE',  ( -0.5540493129827805951, 0.4958725469090010107, 0.3690137403439992525 ) ) ;
#3984 = ORIENTED_EDGE ( 'NONE', *, *, #4544, .F. ) ;
#3985 = CARTESIAN_POINT ( 'NONE',  ( -0.1163376014357000027, -0.8336623985643000223, 0.2500000000000000000 ) ) ;
#3986 = PLANE ( 'NONE',  #4778 ) ;
#3987 = CARTESIAN_POINT ( 'NONE',  ( -1.849999999998195088, -0.3800000000000000044, 2.399999999999999911 ) ) ;
#3988 = ORIENTED_EDGE ( 'NONE', *, *, #7264, .F. ) ;
#3989 = CARTESIAN_POINT ( 'NONE',  ( -1.899999999999999911, -0.2500000000000000000, 2.100000000000000089 ) ) ;
#3990 = CARTESIAN_POINT ( 'NONE',  ( 1.550000000000000044, -0.2999999999999999889, 2.299999999999999822 ) ) ;
#3991 = ORIENTED_EDGE ( 'NONE', *, *, #4021, .F. ) ;
#3992 = PRESENTATION_STYLE_ASSIGNMENT (( #2883 ) ) ;
#3993 = EDGE_LOOP ( 'NONE', ( #5019, #3835, #325, #6828 ) ) ;
#3994 = ORIENTED_EDGE ( 'NONE', *, *, #4302, .T. ) ;
#3995 = DIRECTION ( 'NONE',  ( 0.000000000000000000, 0.000000000000000000, -1.000000000000000000 ) ) ;
#3996 = FACE_OUTER_BOUND ( 'NONE', #5440, .T. ) ;
#3997 = CARTESIAN_POINT ( 'NONE',  ( 2.037499999999999645, -0.9000000000000000222, 2.200000000000000178 ) ) ;
#3998 = CARTESIAN_POINT ( 'NONE',  ( 0.5745712183416812335, 0.4726265957894376091, 0.3051491504438674784 ) ) ;
#3999 = VERTEX_POINT ( 'NONE', #63 ) ;
#4000 = DIRECTION ( 'NONE',  ( 0.000000000000000000, 0.000000000000000000, -1.000000000000000000 ) ) ;
#4001 = EDGE_CURVE ( 'NONE', #814, #1611, #6029, .T. ) ;
#4002 = CYLINDRICAL_SURFACE ( 'NONE', #6893, 0.09999999999999982514 ) ;
#4003 = ORIENTED_EDGE ( 'NONE', *, *, #2344, .F. ) ;
#4004 = LINE ( 'NONE', #1534, #971 ) ;
#4005 = EDGE_CURVE ( 'NONE', #2382, #1341, #5238, .T. ) ;
#4006 = ORIENTED_EDGE ( 'NONE', *, *, #4074, .F. ) ;
#4007 = VERTEX_POINT ( 'NONE', #7153 ) ;
#4008 = CARTESIAN_POINT ( 'NONE',  ( 0.1163376014357000027, 0.9105149318544999426, 0.3800000000000000044 ) ) ;
#4009 = FACE_OUTER_BOUND ( 'NONE', #1438, .T. ) ;
#4010 = DIRECTION ( 'NONE',  ( -1.000000000000000000, 0.000000000000000000, 0.000000000000000000 ) ) ;
#4011 = EDGE_CURVE ( 'NONE', #6566, #1061, #2901, .T. ) ;
#4012 = FACE_OUTER_BOUND ( 'NONE', #3317, .T. ) ;
#4013 = CARTESIAN_POINT ( 'NONE',  ( 1.949999999999999956, -0.4000000000000000222, 2.100000000000000089 ) ) ;
#4014 = DIRECTION ( 'NONE',  ( 1.000000000000000000, 0.000000000000000000, 0.000000000000000000 ) ) ;
#4015 = CARTESIAN_POINT ( 'NONE',  ( 0.6499999999999801492, 0.8336623985643000223, 0.2500000000000000000 ) ) ;
#4016 = ORIENTED_EDGE ( 'NONE', *, *, #1203, .T. ) ;
#4017 = CYLINDRICAL_SURFACE ( 'NONE', #4454, 0.2999999999999999334 ) ;
#4018 = CARTESIAN_POINT ( 'NONE',  ( 0.5540493129827799290, -0.7041274530909997775, 0.3690137403439989749 ) ) ;
#4019 = CARTESIAN_POINT ( 'NONE',  ( -2.113554018886000030, -0.2336623985642999890, 0.3800000000000000044 ) ) ;
#4020 = ORIENTED_EDGE ( 'NONE', *, *, #6427, .F. ) ;
#4021 = EDGE_CURVE ( 'NONE', #932, #4764, #6176, .T. ) ;
#4022 = EDGE_CURVE ( 'NONE', #4761, #1236, #7115, .T. ) ;
#4023 = VECTOR ( 'NONE', #6471, 1000.000000000000114 ) ;
#4024 = DIRECTION ( 'NONE',  ( -1.000000000000000000, 0.000000000000000000, 0.000000000000000000 ) ) ;
#4025 = DIRECTION ( 'NONE',  ( 0.000000000000000000, 0.000000000000000000, -1.000000000000000000 ) ) ;
#4026 = EDGE_CURVE ( 'NONE', #5499, #2265, #4319, .T. ) ;
#4027 = ORIENTED_EDGE ( 'NONE', *, *, #7625, .F. ) ;
#4028 = ORIENTED_EDGE ( 'NONE', *, *, #6761, .F. ) ;
#4029 = ORIENTED_EDGE ( 'NONE', *, *, #4211, .T. ) ;
#4030 = VECTOR ( 'NONE', #6000, 1000.000000000000000 ) ;
#4031 = FACE_OUTER_BOUND ( 'NONE', #7339, .T. ) ;
#4032 = AXIS2_PLACEMENT_3D ( 'NONE', #237, #3748, #6855 ) ;
#4033 = FACE_OUTER_BOUND ( 'NONE', #489, .T. ) ;
#4034 = CARTESIAN_POINT ( 'NONE',  ( 1.850000000000000089, 0.2999999999999999889, 2.299999999999999822 ) ) ;
#4035 = VECTOR ( 'NONE', #4419, 1000.000000000000000 ) ;
#4036 = CARTESIAN_POINT ( 'NONE',  ( 0.6477036337370188912, 0.3797897576261394792, 0.2506267804821231127 ) ) ;
#4037 = AXIS2_PLACEMENT_3D ( 'NONE', #4434, #844, #3215 ) ;
#4038 = EDGE_LOOP ( 'NONE', ( #4968, #5727, #4529, #3764 ) ) ;
#4039 = DIRECTION ( 'NONE',  ( -1.000000000000000000, 0.000000000000000000, 0.000000000000000000 ) ) ;
#4040 = ORIENTED_EDGE ( 'NONE', *, *, #6415, .F. ) ;
#4041 = LINE ( 'NONE', #3968, #7494 ) ;
#4042 = ORIENTED_EDGE ( 'NONE', *, *, #6424, .F. ) ;
#4043 = VERTEX_POINT ( 'NONE', #2356 ) ;
#4044 = ORIENTED_EDGE ( 'NONE', *, *, #2438, .T. ) ;
#4045 = CYLINDRICAL_SURFACE ( 'NONE', #7042, 0.09999999999999982514 ) ;
#4046 = AXIS2_PLACEMENT_3D ( 'NONE', #5240, #3295, #5838 ) ;
#4047 = LINE ( 'NONE', #6886, #5270 ) ;
#4048 = CARTESIAN_POINT ( 'NONE',  ( -1.925000000000000044, 0.1658312395178000165, 2.100000000000000089 ) ) ;
#4049 = DIRECTION ( 'NONE',  ( 0.000000000000000000, 0.000000000000000000, -1.000000000000000000 ) ) ;
#4050 = CIRCLE ( 'NONE', #689, 0.09999999999999993616 ) ;
#4051 = CARTESIAN_POINT ( 'NONE',  ( 0.8499999999848999455, -0.9000000000000000222, 1.399999999999999911 ) ) ;
#4052 = DIRECTION ( 'NONE',  ( 1.000000000000000000, 0.000000000000000000, 0.000000000000000000 ) ) ;
#4053 = ORIENTED_EDGE ( 'NONE', *, *, #7367, .F. ) ;
#4054 = DIRECTION ( 'NONE',  ( 0.000000000000000000, 5.420985188938167816E-15, -1.000000000000000000 ) ) ;
#4055 = DIRECTION ( 'NONE',  ( 0.000000000000000000, 1.000000000000000000, 0.000000000000000000 ) ) ;
#4056 = DIRECTION ( 'NONE',  ( 0.000000000000000000, 0.000000000000000000, -1.000000000000000000 ) ) ;
#4057 = ORIENTED_EDGE ( 'NONE', *, *, #6388, .F. ) ;
#4058 = LINE ( 'NONE', #6465, #6255 ) ;
#4059 = DIRECTION ( 'NONE',  ( 0.000000000000000000, -1.000000000000000000, 0.000000000000000000 ) ) ;
#4060 = ORIENTED_EDGE ( 'NONE', *, *, #5150, .T. ) ;
#4062 = ADVANCED_FACE ( 'NONE', ( #3529 ), #5278, .T. ) ;
#4061 = DIRECTION ( 'NONE',  ( -0.04987546680538149091, -0.04987546680544119315, 0.9975093361076299292 ) ) ;
#4063 = ORIENTED_EDGE ( 'NONE', *, *, #7680, .F. ) ;
#4064 = CARTESIAN_POINT ( 'NONE',  ( 2.299999999999999822, -0.9250000000000000444, 2.299999999999999822 ) ) ;
#4065 = ADVANCED_FACE ( 'NONE', ( #7078 ), #5953, .F. ) ;
#4066 = CARTESIAN_POINT ( 'NONE',  ( -2.100000000000000089, -0.6449999999999999067, 1.500000000000000000 ) ) ;
#4067 = VECTOR ( 'NONE', #1609, 1000.000000000000000 ) ;
#4068 = DIRECTION ( 'NONE',  ( 1.000000000000000000, 0.000000000000000000, 0.000000000000000000 ) ) ;
#4069 = CARTESIAN_POINT ( 'NONE',  ( 0.5540493129827799290, 0.4958725469090002336, 0.3690137403439989749 ) ) ;
#4070 = DIRECTION ( 'NONE',  ( 0.000000000000000000, 0.000000000000000000, 1.000000000000000000 ) ) ;
#4071 = CARTESIAN_POINT ( 'NONE',  ( -0.2425215054678769300, 0.1074784945321227703, 0.3004301093584699767 ) ) ;
#4072 = VECTOR ( 'NONE', #2490, 1000.000000000000000 ) ;
#4073 = EDGE_CURVE ( 'NONE', #4416, #1755, #1144, .T. ) ;
#4074 = EDGE_CURVE ( 'NONE', #3509, #1211, #1263, .T. ) ;
#4075 = VECTOR ( 'NONE', #7126, 1000.000000000000000 ) ;
#4076 = ORIENTED_EDGE ( 'NONE', *, *, #2975, .F. ) ;
#4077 = CARTESIAN_POINT ( 'NONE',  ( -0.9058012136164000916, -0.3755476762966750148, 3.500000000000000000 ) ) ;
#4078 = VECTOR ( 'NONE', #3055, 1000.000000000000000 ) ;
#4079 = VECTOR ( 'NONE', #4490, 1000.000000000000114 ) ;
#4080 = DIRECTION ( 'NONE',  ( 0.000000000000000000, 0.000000000000000000, -1.000000000000000000 ) ) ;
#4081 = ORIENTED_EDGE ( 'NONE', *, *, #2824, .T. ) ;
#4082 = CIRCLE ( 'NONE', #719, 0.07000000000000018707 ) ;
#4083 = VECTOR ( 'NONE', #1995, 1000.000000000000000 ) ;
#4084 = VERTEX_POINT ( 'NONE', #6525 ) ;
#4085 = VERTEX_POINT ( 'NONE', #7036 ) ;
#4086 = CARTESIAN_POINT ( 'NONE',  ( -0.8510499676218910015, -0.3755476759663234909, 3.400000018892749942 ) ) ;
#4087 = ORIENTED_EDGE ( 'NONE', *, *, #113, .F. ) ;
#4088 = CARTESIAN_POINT ( 'NONE',  ( 0.000000000000000000, 0.4500000000000000111, 2.299999999999999822 ) ) ;
#4089 = LINE ( 'NONE', #5722, #4682 ) ;
#4090 = CARTESIAN_POINT ( 'NONE',  ( 0.6500000000000000222, 0.9000000000000000222, 0.000000000000000000 ) ) ;
#4091 = AXIS2_PLACEMENT_3D ( 'NONE', #674, #2539, #4771 ) ;
#4092 = FACE_OUTER_BOUND ( 'NONE', #3993, .T. ) ;
#4093 = DIRECTION ( 'NONE',  ( 0.000000000000000000, 0.000000000000000000, -1.000000000000000000 ) ) ;
#4094 = EDGE_CURVE ( 'NONE', #5969, #5202, #613, .T. ) ;
#4095 = ORIENTED_EDGE ( 'NONE', *, *, #3681, .T. ) ;
#4096 = FACE_OUTER_BOUND ( 'NONE', #5971, .T. ) ;
#4097 = CARTESIAN_POINT ( 'NONE',  ( 2.101625415254894769, -0.9436501661019580656, 2.100000000000000089 ) ) ;
#4098 = DIRECTION ( 'NONE',  ( 0.000000000000000000, 0.000000000000000000, 1.000000000000000000 ) ) ;
#4099 = VERTEX_POINT ( 'NONE', #2987 ) ;
#4100 = CARTESIAN_POINT ( 'NONE',  ( 0.000000000000000000, 0.4000000000000000222, 0.5000000000000000000 ) ) ;
#4101 = LINE ( 'NONE', #1743, #6943 ) ;
#4102 = VERTEX_POINT ( 'NONE', #3491 ) ;
#4103 = FACE_OUTER_BOUND ( 'NONE', #6789, .T. ) ;
#4104 = EDGE_CURVE ( 'NONE', #4509, #5543, #202, .T. ) ;
#4105 = ORIENTED_EDGE ( 'NONE', *, *, #6531, .T. ) ;
#4106 = VERTEX_POINT ( 'NONE', #1691 ) ;
#4107 = CARTESIAN_POINT ( 'NONE',  ( -0.2650000000000000133, -0.5150000000000000133, 0.7500000000000000000 ) ) ;
#4108 = CARTESIAN_POINT ( 'NONE',  ( 0.8499999999848999455, -1.299999999995513855, 1.399999999999999911 ) ) ;
#4109 = LINE ( 'NONE', #775, #81 ) ;
#4110 = ADVANCED_FACE ( 'NONE', ( #5988 ), #573, .T. ) ;
#4111 = ORIENTED_EDGE ( 'NONE', *, *, #2486, .F. ) ;
#4112 = CARTESIAN_POINT ( 'NONE',  ( 0.7500000000000000000, 0.4899999999999999911, 0.2500000000000000000 ) ) ;
#4113 = EDGE_CURVE ( 'NONE', #4276, #5024, #2394, .T. ) ;
#4114 = EDGE_CURVE ( 'NONE', #4685, #3928, #2308, .T. ) ;
#4115 = EDGE_CURVE ( 'NONE', #3509, #323, #3021, .T. ) ;
#4116 = DIRECTION ( 'NONE',  ( 1.000000000000000000, 0.000000000000000000, 0.000000000000000000 ) ) ;
#4117 = VERTEX_POINT ( 'NONE', #4824 ) ;
#4118 = ORIENTED_EDGE ( 'NONE', *, *, #3739, .T. ) ;
#4119 = EDGE_CURVE ( 'NONE', #5598, #5889, #292, .T. ) ;
#4120 = ORIENTED_EDGE ( 'NONE', *, *, #208, .T. ) ;
#4121 = DIRECTION ( 'NONE',  ( 1.000000000000000000, 0.000000000000000000, 0.000000000000000000 ) ) ;
#4122 = ORIENTED_EDGE ( 'NONE', *, *, #1862, .F. ) ;
#4123 = LINE ( 'NONE', #5955, #5911 ) ;
#4124 = PLANE ( 'NONE',  #6278 ) ;
#4125 = CARTESIAN_POINT ( 'NONE',  ( -0.6364217540603455125, -0.7998260332238330550, 0.2544806772622358881 ) ) ;
#4126 = ORIENTED_EDGE ( 'NONE', *, *, #303, .F. ) ;
#4127 = CARTESIAN_POINT ( 'NONE',  ( 1.474999999999999867, -0.3750000000000000000, 2.200000000000000178 ) ) ;
#4128 = DIRECTION ( 'NONE',  ( 0.000000000000000000, 0.000000000000000000, -1.000000000000000000 ) ) ;
#4129 = CARTESIAN_POINT ( 'NONE',  ( 2.101666840326619656, -0.9427777777777760493, 2.299999999999999822 ) ) ;
#4130 = CARTESIAN_POINT ( 'NONE',  ( -1.500000000000000000, -0.2500000000000000000, 2.100000000000000089 ) ) ;
#4131 = CARTESIAN_POINT ( 'NONE',  ( -2.121945412344625304, -0.3441646084317244170, 2.298903771717882627 ) ) ;
#4132 = CARTESIAN_POINT ( 'NONE',  ( 0.1163376014357000027, -0.2336623985642999890, 0.2500000000000000000 ) ) ;
#4133 = ORIENTED_EDGE ( 'NONE', *, *, #2728, .T. ) ;
#4134 = LINE ( 'NONE', #6003, #2299 ) ;
#4135 = CARTESIAN_POINT ( 'NONE',  ( -0.5538245945100969125, -0.4961754054898649402, 0.3735081097979734976 ) ) ;
#4136 = EDGE_LOOP ( 'NONE', ( #6408, #1650, #3279, #2272 ) ) ;
#4137 = DIRECTION ( 'NONE',  ( -0.04987546680538117866, 0.04987546680550607875, -0.9975093361076267096 ) ) ;
#4138 = CIRCLE ( 'NONE', #5882, 0.07000000000000018707 ) ;
#4139 = LINE ( 'NONE', #1716, #4643 ) ;
#4140 = DIRECTION ( 'NONE',  ( 0.000000000000000000, 0.000000000000000000, 1.000000000000000000 ) ) ;
#4141 = DIRECTION ( 'NONE',  ( 0.000000000000000000, 1.000000000000000000, 0.000000000000000000 ) ) ;
#4142 = DIRECTION ( 'NONE',  ( 1.000000000000000000, 0.000000000000000000, 0.000000000000000000 ) ) ;
#4143 = AXIS2_PLACEMENT_3D ( 'NONE', #132, #4301, #7365 ) ;
#4144 = ORIENTED_EDGE ( 'NONE', *, *, #3276, .F. ) ;
#4145 = DIRECTION ( 'NONE',  ( -1.000000000000000000, 0.000000000000000000, 0.000000000000000000 ) ) ;
#4146 = CIRCLE ( 'NONE', #1020, 0.1000000000000000472 ) ;
#4147 = DIRECTION ( 'NONE',  ( 1.000000000000000000, 0.000000000000000000, 0.000000000000000000 ) ) ;
#4148 = CARTESIAN_POINT ( 'NONE',  ( -0.2425215054681934268, 0.7074784945318077778, 0.3004301093587465332 ) ) ;
#4149 = ORIENTED_EDGE ( 'NONE', *, *, #5112, .T. ) ;
#4150 = VECTOR ( 'NONE', #1157, 1000.000000000000000 ) ;
#4151 = VERTEX_POINT ( 'NONE', #7271 ) ;
#4152 = EDGE_LOOP ( 'NONE', ( #6517, #4667, #4192, #2708 ) ) ;
#4153 = DIRECTION ( 'NONE',  ( 0.000000000000000000, 0.000000000000000000, -1.000000000000000000 ) ) ;
#4154 = EDGE_CURVE ( 'NONE', #2101, #4912, #5285, .T. ) ;
#4155 = CIRCLE ( 'NONE', #548, 0.2999999999999999334 ) ;
#4156 = ORIENTED_EDGE ( 'NONE', *, *, #5490, .T. ) ;
#4157 = FACE_OUTER_BOUND ( 'NONE', #4812, .T. ) ;
#4158 = VECTOR ( 'NONE', #5963, 1000.000000000000000 ) ;
#4159 = CARTESIAN_POINT ( 'NONE',  ( -2.200000000000000178, 0.3499999999999999778, 2.100000000000000089 ) ) ;
#4160 = EDGE_CURVE ( 'NONE', #2092, #2712, #5595, .T. ) ;
#4161 = CARTESIAN_POINT ( 'NONE',  ( 1.858677673624999915, 0.3800000000000000044, 2.330000000000000071 ) ) ;
#4162 = DIRECTION ( 'NONE',  ( 0.000000000000000000, 0.000000000000000000, 1.000000000000000000 ) ) ;
#4163 = ORIENTED_EDGE ( 'NONE', *, *, #2438, .F. ) ;
#4164 = ORIENTED_EDGE ( 'NONE', *, *, #5282, .T. ) ;
#4165 = LINE ( 'NONE', #3073, #6435 ) ;
#4166 = EDGE_CURVE ( 'NONE', #7037, #5322, #6550, .T. ) ;
#4167 = EDGE_CURVE ( 'NONE', #5892, #6264, #6175, .T. ) ;
#4168 = DIRECTION ( 'NONE',  ( 0.000000000000000000, 1.000000000000000000, 0.000000000000000000 ) ) ;
#4169 = CYLINDRICAL_SURFACE ( 'NONE', #710, 0.1499999999999999667 ) ;
#4170 = CIRCLE ( 'NONE', #5538, 0.07000000000000018707 ) ;
#4171 = DIRECTION ( 'NONE',  ( 0.000000000000000000, 0.000000000000000000, 1.000000000000000000 ) ) ;
#4172 = DIRECTION ( 'NONE',  ( 0.000000000000000000, 0.000000000000000000, -1.000000000000000000 ) ) ;
#4173 = ORIENTED_EDGE ( 'NONE', *, *, #6187, .T. ) ;
#4174 = CARTESIAN_POINT ( 'NONE',  ( 1.469999999999999973, 0.3086776736253000197, 2.399999999999999911 ) ) ;
#4175 = AXIS2_PLACEMENT_3D ( 'NONE', #6141, #1493, #3881 ) ;
#4176 = LINE ( 'NONE', #6548, #5873 ) ;
#4177 = ORIENTED_EDGE ( 'NONE', *, *, #3102, .F. ) ;
#4178 = PLANE ( 'NONE',  #581 ) ;
#4179 = AXIS2_PLACEMENT_3D ( 'NONE', #5221, #3952, #6983 ) ;
#4180 = DIRECTION ( 'NONE',  ( 1.000000000000000000, 0.000000000000000000, 0.000000000000000000 ) ) ;
#4181 = FACE_OUTER_BOUND ( 'NONE', #5986, .T. ) ;
#4182 = CARTESIAN_POINT ( 'NONE',  ( 0.7500000000000000000, -0.5150000000000000133, 0.7500000000000000000 ) ) ;
#4183 = CYLINDRICAL_SURFACE ( 'NONE', #4091, 0.07000000000000018707 ) ;
#4184 = EDGE_CURVE ( 'NONE', #2494, #2660, #110, .T. ) ;
#4185 = AXIS2_PLACEMENT_3D ( 'NONE', #5638, #3297, #6737 ) ;
#4186 = ORIENTED_EDGE ( 'NONE', *, *, #3714, .F. ) ;
#4187 = DIRECTION ( 'NONE',  ( -1.000000000000000000, 0.000000000000000000, 0.000000000000000000 ) ) ;
#4188 = CARTESIAN_POINT ( 'NONE',  ( -1.525000000000000133, -0.8000000000000000444, -0.1881966011250000015 ) ) ;
#4189 = VECTOR ( 'NONE', #6669, 1000.000000000000000 ) ;
#4190 = CARTESIAN_POINT ( 'NONE',  ( 0.1163376014357000027, 0.000000000000000000, 0.2500000000000000000 ) ) ;
#4191 = ORIENTED_EDGE ( 'NONE', *, *, #155, .T. ) ;
#4192 = ORIENTED_EDGE ( 'NONE', *, *, #214, .T. ) ;
#4193 = ORIENTED_EDGE ( 'NONE', *, *, #4842, .T. ) ;
#4194 = VECTOR ( 'NONE', #5784, 1000.000000000000000 ) ;
#4195 = CARTESIAN_POINT ( 'NONE',  ( -1.849999999996985167, -0.3800000000000000044, 2.330000000000000071 ) ) ;
#4196 = EDGE_CURVE ( 'NONE', #1987, #3786, #1410, .T. ) ;
#4197 = EDGE_LOOP ( 'NONE', ( #6331, #3646, #6226, #4156 ) ) ;
#4198 = PLANE ( 'NONE',  #5406 ) ;
#4199 = AXIS2_PLACEMENT_3D ( 'NONE', #5582, #4456, #5025 ) ;
#4200 = PLANE ( 'NONE',  #64 ) ;
#4201 = VECTOR ( 'NONE', #7598, 1000.000000000000000 ) ;
#4202 = EDGE_CURVE ( 'NONE', #4117, #2526, #2476, .T. ) ;
#4203 = CIRCLE ( 'NONE', #837, 0.1000000000000000472 ) ;
#4204 = CARTESIAN_POINT ( 'NONE',  ( 1.525000000000000133, -0.9000000000000000222, 0.000000000000000000 ) ) ;
#4205 = DIRECTION ( 'NONE',  ( -1.000000000000000000, 0.000000000000000000, 0.000000000000000000 ) ) ;
#4206 = ORIENTED_EDGE ( 'NONE', *, *, #3293, .F. ) ;
#4207 = VERTEX_POINT ( 'NONE', #3844 ) ;
#4208 = CARTESIAN_POINT ( 'NONE',  ( 0.6506928536190199619, -1.299999999960505859, 1.383333099070784167 ) ) ;
#4209 = CARTESIAN_POINT ( 'NONE',  ( 1.275000000000000133, 0.3499999999999999778, 0.5000000000000000000 ) ) ;
#4210 = DIRECTION ( 'NONE',  ( 0.000000000000000000, 0.000000000000000000, 1.000000000000000000 ) ) ;
#4211 = EDGE_CURVE ( 'NONE', #6429, #23, #1452, .T. ) ;
#4212 = EDGE_CURVE ( 'NONE', #3350, #4007, #6058, .T. ) ;
#4213 = AXIS2_PLACEMENT_3D ( 'NONE', #651, #2872, #5407 ) ;
#4214 = EDGE_CURVE ( 'NONE', #841, #757, #4863, .T. ) ;
#4215 = ADVANCED_FACE ( 'NONE', ( #1924 ), #7233, .T. ) ;
#4216 = EDGE_CURVE ( 'NONE', #2944, #6522, #1312, .T. ) ;
#4217 = DIRECTION ( 'NONE',  ( 0.000000000000000000, 1.000000000000000000, 0.000000000000000000 ) ) ;
#4218 = PLANE ( 'NONE',  #7191 ) ;
#4219 = ORIENTED_EDGE ( 'NONE', *, *, #6584, .F. ) ;
#4220 = CARTESIAN_POINT ( 'NONE',  ( 1.275000000000000133, 0.3499999999999999778, 0.2500000000000000000 ) ) ;
#4221 = VERTEX_POINT ( 'NONE', #3690 ) ;
#4222 = ORIENTED_EDGE ( 'NONE', *, *, #4421, .T. ) ;
#4223 = DIRECTION ( 'NONE',  ( 0.000000000000000000, 0.000000000000000000, 1.000000000000000000 ) ) ;
#4224 = CARTESIAN_POINT ( 'NONE',  ( 0.5538245945101579748, 0.1038245945101746032, 0.3735081097972909880 ) ) ;
#4225 = CARTESIAN_POINT ( 'NONE',  ( 2.220000000000000195, 0.8000000000000000444, 2.299999999999999822 ) ) ;
#4226 = FACE_OUTER_BOUND ( 'NONE', #2661, .T. ) ;
#4227 = CARTESIAN_POINT ( 'NONE',  ( -0.5546482206497795886, -0.4948566426500236037, 0.3570355870039964574 ) ) ;
#4228 = VERTEX_POINT ( 'NONE', #6797 ) ;
#4229 = ORIENTED_EDGE ( 'NONE', *, *, #2674, .F. ) ;
#4230 = FACE_OUTER_BOUND ( 'NONE', #6984, .T. ) ;
#4231 = CARTESIAN_POINT ( 'NONE',  ( 2.095000000000000195, -0.2750000000000000222, 2.200000000000000178 ) ) ;
#4232 = EDGE_CURVE ( 'NONE', #6138, #2403, #6139, .T. ) ;
#4233 = LINE ( 'NONE', #7193, #3772 ) ;
#4234 = ORIENTED_EDGE ( 'NONE', *, *, #3437, .F. ) ;
#4235 = ORIENTED_EDGE ( 'NONE', *, *, #6629, .T. ) ;
#4236 = ORIENTED_EDGE ( 'NONE', *, *, #5881, .F. ) ;
#4237 = DIRECTION ( 'NONE',  ( 0.000000000000000000, -1.000000000000000000, 0.000000000000000000 ) ) ;
#4238 = EDGE_CURVE ( 'NONE', #1180, #2923, #1550, .T. ) ;
#4239 = VERTEX_POINT ( 'NONE', #3168 ) ;
#4240 = DIRECTION ( 'NONE',  ( 0.000000000000000000, 0.000000000000000000, 1.000000000000000000 ) ) ;
#4241 = CARTESIAN_POINT ( 'NONE',  ( 0.5538995006677099875, -0.4961004193718420163, 0.3720083874379064848 ) ) ;
#4242 = ADVANCED_FACE ( 'NONE', ( #3099 ), #5554, .T. ) ;
#4243 = DIRECTION ( 'NONE',  ( 0.000000000000000000, 0.000000000000000000, 1.000000000000000000 ) ) ;
#4244 = CARTESIAN_POINT ( 'NONE',  ( -2.100000000000000089, -0.3750000000000000000, 1.500000000000000000 ) ) ;
#4245 = ORIENTED_EDGE ( 'NONE', *, *, #1385, .F. ) ;
#4246 = ORIENTED_EDGE ( 'NONE', *, *, #7530, .F. ) ;
#4247 = CARTESIAN_POINT ( 'NONE',  ( 0.8499999999848999455, -0.9000000000000000222, 1.399999999999999911 ) ) ;
#4248 = CARTESIAN_POINT ( 'NONE',  ( 0.000000000000000000, 0.3800000000000000044, 2.399999999999999911 ) ) ;
#4249 = DIRECTION ( 'NONE',  ( 0.000000000000000000, -1.000000000000000000, 0.000000000000000000 ) ) ;
#4250 = EDGE_CURVE ( 'NONE', #6282, #2016, #1439, .T. ) ;
#4251 = EDGE_CURVE ( 'NONE', #3011, #2597, #6799, .T. ) ;
#4252 = LINE ( 'NONE', #7244, #2436 ) ;
#4253 = LINE ( 'NONE', #6703, #4030 ) ;
#4254 = CARTESIAN_POINT ( 'NONE',  ( -0.2461754054898575295, 0.4961754054898469546, 0.3735081097978260045 ) ) ;
#4255 = EDGE_LOOP ( 'NONE', ( #374, #3991, #2200 ) ) ;
#4256 = CARTESIAN_POINT ( 'NONE',  ( 0.8499999999848999455, -1.199999999999999956, 1.399999999999999911 ) ) ;
#4257 = EDGE_LOOP ( 'NONE', ( #2460, #4473, #1122, #5771, #546, #1981, #401, #5987, #1701, #6233, #1844, #3971, #5708, #4229, #6560, #5041, #4976, #1940 ) ) ;
#4258 = EDGE_LOOP ( 'NONE', ( #339, #3867, #2052, #3229, #2746 ) ) ;
#4259 = ADVANCED_FACE ( 'NONE', ( #6958 ), #290, .F. ) ;
#4260 = EDGE_CURVE ( 'NONE', #5608, #2136, #2190, .T. ) ;
#4261 = DIRECTION ( 'NONE',  ( -1.000000000000000000, 0.000000000000000000, 0.000000000000000000 ) ) ;
#4262 = DIRECTION ( 'NONE',  ( 0.000000000000000000, 0.000000000000000000, -1.000000000000000000 ) ) ;
#4263 = FACE_OUTER_BOUND ( 'NONE', #717, .T. ) ;
#4264 = EDGE_CURVE ( 'NONE', #5834, #4455, #7497, .T. ) ;
#4265 =( LENGTH_UNIT ( ) NAMED_UNIT ( * ) SI_UNIT ( .MILLI., .METRE. ) );
#4266 = DIRECTION ( 'NONE',  ( 0.000000000000000000, -1.000000000000000000, 0.000000000000000000 ) ) ;
#4267 = CARTESIAN_POINT ( 'NONE',  ( -0.5689999860042997959, -0.4787225111990430215, 0.3138054144995816030 ) ) ;
#4268 = ORIENTED_EDGE ( 'NONE', *, *, #6959, .F. ) ;
#4269 = CARTESIAN_POINT ( 'NONE',  ( 1.925000000000000044, 0.3750000000000000000, 2.100000000000000089 ) ) ;
#4270 = EDGE_CURVE ( 'NONE', #7199, #7450, #3633, .T. ) ;
#4271 = VECTOR ( 'NONE', #6397, 1000.000000000000000 ) ;
#4272 = CARTESIAN_POINT ( 'NONE',  ( -1.925000000000000044, 0.2704156197588999944, 2.299999999999999822 ) ) ;
#4273 = FACE_OUTER_BOUND ( 'NONE', #2743, .T. ) ;
#4274 = AXIS2_PLACEMENT_3D ( 'NONE', #4808, #634, #3006 ) ;
#4275 = ORIENTED_EDGE ( 'NONE', *, *, #5421, .T. ) ;
#4276 = VERTEX_POINT ( 'NONE', #333 ) ;
#4277 = ORIENTED_EDGE ( 'NONE', *, *, #6691, .F. ) ;
#4278 = DIRECTION ( 'NONE',  ( 1.000000000000000000, 0.000000000000000000, 0.000000000000000000 ) ) ;
#4279 = VECTOR ( 'NONE', #5295, 1000.000000000000000 ) ;
#4280 = DIRECTION ( 'NONE',  ( 1.000000000000000000, 0.000000000000000000, 0.000000000000000000 ) ) ;
#4281 = VECTOR ( 'NONE', #6708, 1000.000000000000000 ) ;
#4282 = AXIS2_PLACEMENT_3D ( 'NONE', #5226, #6911, #5114 ) ;
#4283 = CARTESIAN_POINT ( 'NONE',  ( 1.550000000000000044, 0.2999999999999999889, 2.330000000000000071 ) ) ;
#4284 = VERTEX_POINT ( 'NONE', #7419 ) ;
#4285 = ORIENTED_EDGE ( 'NONE', *, *, #6972, .T. ) ;
#4286 = CARTESIAN_POINT ( 'NONE',  ( -1.525000000000000133, -0.9000000000000000222, 0.6118033988749899121 ) ) ;
#4287 = DIRECTION ( 'NONE',  ( -0.03489377102948900550, 0.01744177839205965364, 0.9992388148535182868 ) ) ;
#4288 = AXIS2_PLACEMENT_3D ( 'NONE', #6846, #5046, #2117 ) ;
#4289 = FACE_OUTER_BOUND ( 'NONE', #1227, .T. ) ;
#4290 = DIRECTION ( 'NONE',  ( -1.000000000000000000, 0.000000000000000000, 0.000000000000000000 ) ) ;
#4291 = CARTESIAN_POINT ( 'NONE',  ( -1.925000000000000044, -0.1658312395178000165, 2.100000000000000089 ) ) ;
#4292 = CARTESIAN_POINT ( 'NONE',  ( 2.145362419470746129, -0.3624865043636286699, 2.294993538504774833 ) ) ;
#4293 = LINE ( 'NONE', #5859, #6800 ) ;
#4294 = ORIENTED_EDGE ( 'NONE', *, *, #3925, .F. ) ;
#4295 = DIRECTION ( 'NONE',  ( 1.000000000000000000, 0.000000000000000000, 0.000000000000000000 ) ) ;
#4296 = DIRECTION ( 'NONE',  ( -1.000000000000000000, 0.000000000000000000, 0.000000000000000000 ) ) ;
#4297 = ORIENTED_EDGE ( 'NONE', *, *, #3631, .T. ) ;
#4298 = CIRCLE ( 'NONE', #680, 0.1000000000000000472 ) ;
#4299 = DIRECTION ( 'NONE',  ( 0.000000000000000000, 0.000000000000000000, 1.000000000000000000 ) ) ;
#4300 = EDGE_CURVE ( 'NONE', #2727, #4761, #376, .T. ) ;
#4301 = DIRECTION ( 'NONE',  ( -0.000000000000000000, 1.000000000000000000, 0.000000000000000000 ) ) ;
#4302 = EDGE_CURVE ( 'NONE', #5108, #3509, #3241, .T. ) ;
#4303 = AXIS2_PLACEMENT_3D ( 'NONE', #3254, #2637, #308 ) ;
#4304 = CARTESIAN_POINT ( 'NONE',  ( -1.908333333333320114, 0.1105541596785194064, 2.100000000000000089 ) ) ;
#4305 = PLANE ( 'NONE',  #3719 ) ;
#4306 = ORIENTED_EDGE ( 'NONE', *, *, #4073, .F. ) ;
#4307 = CARTESIAN_POINT ( 'NONE',  ( -2.103333680642395009, -0.9438888888888889994, 2.299979161239489756 ) ) ;
#4308 = VECTOR ( 'NONE', #2734, 1000.000000000000000 ) ;
#4309 = EDGE_CURVE ( 'NONE', #6264, #1723, #3919, .T. ) ;
#4310 = CARTESIAN_POINT ( 'NONE',  ( -2.100000000000000089, -0.9449999999999999512, 1.800000000000000044 ) ) ;
#4311 = EDGE_CURVE ( 'NONE', #932, #5699, #6327, .T. ) ;
#4312 = CARTESIAN_POINT ( 'NONE',  ( -2.100000000000000089, -0.4000000000000000222, 0.2500000000000000000 ) ) ;
#4313 = EDGE_CURVE ( 'NONE', #6, #4099, #7582, .T. ) ;
#4314 = EDGE_CURVE ( 'NONE', #2070, #5969, #1492, .T. ) ;
#4315 = PLANE ( 'NONE',  #89 ) ;
#4316 = ORIENTED_EDGE ( 'NONE', *, *, #3008, .T. ) ;
#4317 = ORIENTED_EDGE ( 'NONE', *, *, #7165, .F. ) ;
#4318 = CARTESIAN_POINT ( 'NONE',  ( 2.100000000000000089, -0.9449999999999999512, 2.100000000000000089 ) ) ;
#4319 = CIRCLE ( 'NONE', #4935, 0.2000000000000000944 ) ;
#4320 = VECTOR ( 'NONE', #2417, 1000.000000000000000 ) ;
#4321 = CARTESIAN_POINT ( 'NONE',  ( 0.5350000000000000311, 0.9000000000000000222, 0.7500000000000000000 ) ) ;
#4322 = AXIS2_PLACEMENT_3D ( 'NONE', #6212, #3330, #2149 ) ;
#4323 = CARTESIAN_POINT ( 'NONE',  ( -2.250000000000000000, 0.4000000000000000222, 0.5000000000000000000 ) ) ;
#4324 = VECTOR ( 'NONE', #883, 1000.000000000000000 ) ;
#4325 = EDGE_LOOP ( 'NONE', ( #3594, #2089, #7469, #1789 ) ) ;
#4326 = VERTEX_POINT ( 'NONE', #6991 ) ;
#4327 = CARTESIAN_POINT ( 'NONE',  ( -1.375000000000000000, 0.5000000000000000000, 0.5000000000000000000 ) ) ;
#4328 = CARTESIAN_POINT ( 'NONE',  ( -1.049610460450316030, -1.299999984729446112, 1.415425110922764240 ) ) ;
#4329 = CARTESIAN_POINT ( 'NONE',  ( -0.6477036337370186692, 0.3797897576261402008, 0.2506267804821232237 ) ) ;
#4330 = AXIS2_PLACEMENT_3D ( 'NONE', #7518, #2170, #6938 ) ;
#4331 = AXIS2_PLACEMENT_3D ( 'NONE', #1125, #1710, #7131 ) ;
#4332 = CARTESIAN_POINT ( 'NONE',  ( 2.100000000000000089, 0.4000000000000000222, 2.100000000000000089 ) ) ;
#4333 = EDGE_CURVE ( 'NONE', #5644, #6, #7057, .T. ) ;
#4334 = CARTESIAN_POINT ( 'NONE',  ( 0.000000000000000000, 0.3499999999999999778, 0.000000000000000000 ) ) ;
#4335 = CARTESIAN_POINT ( 'NONE',  ( 0.5540493129827800400, 0.7041281197247462043, 0.3690137403439990305 ) ) ;
#4336 = VERTEX_POINT ( 'NONE', #943 ) ;
#4337 = VECTOR ( 'NONE', #876, 1000.000000000000000 ) ;
#4338 = CARTESIAN_POINT ( 'NONE',  ( -2.200000000000000178, -0.3750000000000000000, 2.100000000000000089 ) ) ;
#4339 = DIRECTION ( 'NONE',  ( 1.000000000000000000, 0.000000000000000000, 0.000000000000000000 ) ) ;
#4340 = VECTOR ( 'NONE', #3246, 1000.000000000000000 ) ;
#4341 = ORIENTED_EDGE ( 'NONE', *, *, #3381, .F. ) ;
#4342 = ADVANCED_FACE ( 'NONE', ( #6361 ), #7538, .T. ) ;
#4343 = FACE_OUTER_BOUND ( 'NONE', #2703, .T. ) ;
#4344 = DIRECTION ( 'NONE',  ( 0.000000000000000000, -1.000000000000000000, 0.000000000000000000 ) ) ;
#4345 = VECTOR ( 'NONE', #1398, 1000.000000000000000 ) ;
#4347 = ADVANCED_FACE ( 'NONE', ( #3403 ), #5118, .F. ) ;
#4346 = CARTESIAN_POINT ( 'NONE',  ( 0.5538245945101549772, -0.4961754054897979382, 0.3735081097969019659 ) ) ;
#4348 = EDGE_LOOP ( 'NONE', ( #3618, #4285, #4806, #4964, #7229, #6503 ) ) ;
#4349 = ORIENTED_EDGE ( 'NONE', *, *, #253, .F. ) ;
#4350 = PLANE ( 'NONE',  #5680 ) ;
#4351 = EDGE_CURVE ( 'NONE', #5233, #3058, #4542, .T. ) ;
#4352 = LINE ( 'NONE', #174, #7637 ) ;
#4353 = DIRECTION ( 'NONE',  ( -0.03489418781260640590, -0.01744177813808910071, 0.9992388003036511979 ) ) ;
#4354 = EDGE_LOOP ( 'NONE', ( #6613, #1970, #4547, #3150 ) ) ;
#4355 = EDGE_LOOP ( 'NONE', ( #6957, #201, #5961, #4549, #4565, #1506, #6253, #628 ) ) ;
#4356 = EDGE_CURVE ( 'NONE', #4664, #5026, #1569, .T. ) ;
#4357 = EDGE_CURVE ( 'NONE', #884, #4899, #4697, .T. ) ;
#4358 = DIRECTION ( 'NONE',  ( 0.000000000000000000, -1.000000000000000000, 0.000000000000000000 ) ) ;
#4359 = EDGE_CURVE ( 'NONE', #1329, #178, #5196, .T. ) ;
#4360 = DIRECTION ( 'NONE',  ( -2.149305747227214693E-29, -1.000000000000000000, -1.850848880390555148E-14 ) ) ;
#4361 = ORIENTED_EDGE ( 'NONE', *, *, #2590, .T. ) ;
#4362 = ORIENTED_EDGE ( 'NONE', *, *, #5198, .T. ) ;
#4363 = PLANE ( 'NONE',  #3329 ) ;
#4364 = FACE_OUTER_BOUND ( 'NONE', #7585, .T. ) ;
#4365 = CARTESIAN_POINT ( 'NONE',  ( -0.9965078189503984163, -0.4568596653563730126, 2.099999999999998312 ) ) ;
#4366 = CARTESIAN_POINT ( 'NONE',  ( -1.875000000000000000, -0.9499999999999999556, 0.5000000000000000000 ) ) ;
#4367 = DIRECTION ( 'NONE',  ( 1.000000000000000000, 0.000000000000000000, 0.000000000000000000 ) ) ;
#4368 = DIRECTION ( 'NONE',  ( -1.000000000000000000, 0.000000000000000000, 0.000000000000000000 ) ) ;
#4369 = CARTESIAN_POINT ( 'NONE',  ( -1.550000000008999956, -0.4500000000000000111, 2.299999999999999822 ) ) ;
#4370 = ORIENTED_EDGE ( 'NONE', *, *, #254, .F. ) ;
#4371 = CARTESIAN_POINT ( 'NONE',  ( -2.113554018886000030, -0.7038245945101270218, 0.3735081097983665166 ) ) ;
#4372 = LINE ( 'NONE', #3117, #3651 ) ;
#4373 = VERTEX_POINT ( 'NONE', #4773 ) ;
#4374 = CARTESIAN_POINT ( 'NONE',  ( 0.8499999999848999455, -1.199999999999999956, 1.700000000000000178 ) ) ;
#4375 = EDGE_CURVE ( 'NONE', #5195, #909, #4659, .T. ) ;
#4376 = CARTESIAN_POINT ( 'NONE',  ( -0.5538245945100969125, -0.4961754054898649402, 0.3735081097979734976 ) ) ;
#4377 = ORIENTED_EDGE ( 'NONE', *, *, #2143, .T. ) ;
#4378 = CARTESIAN_POINT ( 'NONE',  ( -0.6499135366580358619, -0.3691693836699234677, 0.2500232564856164075 ) ) ;
#4379 = ORIENTED_EDGE ( 'NONE', *, *, #5010, .F. ) ;
#4380 = PLANE ( 'NONE',  #549 ) ;
#4381 = LINE ( 'NONE', #3727, #5640 ) ;
#4382 = VERTEX_POINT ( 'NONE', #3520 ) ;
#4383 = ORIENTED_EDGE ( 'NONE', *, *, #3289, .T. ) ;
#4384 = CARTESIAN_POINT ( 'NONE',  ( 2.120000000000000107, 0.8000000000000000444, 2.100000000000000089 ) ) ;
#4385 = CIRCLE ( 'NONE', #5255, 0.1000000000000000472 ) ;
#4386 = CYLINDRICAL_SURFACE ( 'NONE', #4175, 0.2000000000000000944 ) ;
#4387 = ADVANCED_FACE ( 'NONE', ( #2894 ), #3563, .F. ) ;
#4388 = CARTESIAN_POINT ( 'NONE',  ( 2.095000000000000195, 0.2895950378225999877, 2.100000000000000089 ) ) ;
#4389 = ORIENTED_EDGE ( 'NONE', *, *, #2678, .T. ) ;
#4390 = ORIENTED_EDGE ( 'NONE', *, *, #963, .F. ) ;
#4391 = LINE ( 'NONE', #6732, #2456 ) ;
#4392 = VECTOR ( 'NONE', #1589, 1000.000000000000000 ) ;
#4393 = DIRECTION ( 'NONE',  ( 0.000000000000000000, 0.000000000000000000, 1.000000000000000000 ) ) ;
#4394 = CARTESIAN_POINT ( 'NONE',  ( -2.100000000000000089, -0.9449999999999999512, 1.800000000000000044 ) ) ;
#4395 = AXIS2_PLACEMENT_3D ( 'NONE', #6381, #4055, #5176 ) ;
#4396 = ADVANCED_FACE ( 'NONE', ( #5903 ), #3483, .F. ) ;
#4397 = CARTESIAN_POINT ( 'NONE',  ( 1.474999999999999867, 0.3750000000000000000, 2.100000000000000089 ) ) ;
#4398 = DIRECTION ( 'NONE',  ( 1.000000000000000000, 0.000000000000000000, 0.000000000000000000 ) ) ;
#4399 = EDGE_CURVE ( 'NONE', #4663, #3519, #3012, .T. ) ;
#4400 = VECTOR ( 'NONE', #5856, 1000.000000000000000 ) ;
#4401 = CARTESIAN_POINT ( 'NONE',  ( 0.8965076419476439851, -0.4982544935067820258, 2.100000000000000089 ) ) ;
#4402 = EDGE_CURVE ( 'NONE', #4664, #3238, #524, .T. ) ;
#4403 = CARTESIAN_POINT ( 'NONE',  ( 1.930000000000000160, 0.2999999999994529820, 2.399999999999999911 ) ) ;
#4404 = LINE ( 'NONE', #7399, #5560 ) ;
#4405 = EDGE_LOOP ( 'NONE', ( #4186, #3231, #648, #156, #7645, #6706, #6882, #4658 ) ) ;
#4406 = DIRECTION ( 'NONE',  ( -1.000000000000000000, 0.000000000000000000, 0.000000000000000000 ) ) ;
#4407 = CARTESIAN_POINT ( 'NONE',  ( 2.250000000000000000, 0.4000000000000000222, 2.100000000000000089 ) ) ;
#4408 = ORIENTED_EDGE ( 'NONE', *, *, #7589, .F. ) ;
#4409 = CARTESIAN_POINT ( 'NONE',  ( 0.8965076753663588915, 0.4982544935070320480, 2.100000000000000089 ) ) ;
#4410 = ORIENTED_EDGE ( 'NONE', *, *, #3475, .T. ) ;
#4411 = DIRECTION ( 'NONE',  ( 0.000000000000000000, 0.000000000000000000, -1.000000000000000000 ) ) ;
#4412 = ORIENTED_EDGE ( 'NONE', *, *, #3635, .T. ) ;
#4413 = CARTESIAN_POINT ( 'NONE',  ( -1.474999999999999867, 0.3750000000000000000, 2.299999999999999822 ) ) ;
#4414 = ORIENTED_EDGE ( 'NONE', *, *, #1057, .F. ) ;
#4415 = VECTOR ( 'NONE', #7157, 1000.000000000000000 ) ;
#4416 = VERTEX_POINT ( 'NONE', #2424 ) ;
#4417 = CIRCLE ( 'NONE', #6530, 0.1499999999999999667 ) ;
#4418 = FACE_OUTER_BOUND ( 'NONE', #5524, .T. ) ;
#4419 = DIRECTION ( 'NONE',  ( -1.000000000000000000, 0.000000000000000000, 0.000000000000000000 ) ) ;
#4420 = DIRECTION ( 'NONE',  ( -1.000000000000000000, 0.000000000000000000, 0.000000000000000000 ) ) ;
#4421 = EDGE_CURVE ( 'NONE', #986, #2494, #5184, .T. ) ;
#4422 = ORIENTED_EDGE ( 'NONE', *, *, #6118, .T. ) ;
#4423 = EDGE_LOOP ( 'NONE', ( #242, #3430, #2735, #5745 ) ) ;
#4424 = DIRECTION ( 'NONE',  ( -0.000000000000000000, 1.000000000000000000, 0.000000000000000000 ) ) ;
#4425 = CARTESIAN_POINT ( 'NONE',  ( 1.550000000000000044, 0.2999999999999999889, 2.399999999999999911 ) ) ;
#4426 = PRODUCT_DEFINITION_SHAPE ( 'NONE', 'NONE',  #324 ) ;
#4427 = CIRCLE ( 'NONE', #4185, 0.1000000000000000472 ) ;
#4428 = ORIENTED_EDGE ( 'NONE', *, *, #5828, .T. ) ;
#4429 = PRODUCT_DEFINITION_CONTEXT ( 'detailed design', #3394, 'design' ) ;
#4430 = DIRECTION ( 'NONE',  ( 0.000000000000000000, 1.000000000000000000, 0.000000000000000000 ) ) ;
#4431 = ORIENTED_EDGE ( 'NONE', *, *, #1205, .F. ) ;
#4432 = ORIENTED_EDGE ( 'NONE', *, *, #2376, .T. ) ;
#4433 = DIRECTION ( 'NONE',  ( 0.000000000000000000, 0.000000000000000000, -1.000000000000000000 ) ) ;
#4434 = CARTESIAN_POINT ( 'NONE',  ( -1.375000000000000000, -0.5000000000000000000, 0.2500000000000000000 ) ) ;
#4435 = DIRECTION ( 'NONE',  ( -1.000000000000000000, 0.000000000000000000, 0.000000000000000000 ) ) ;
#4436 = AXIS2_PLACEMENT_3D ( 'NONE', #5975, #1832, #4223 ) ;
#4437 = CARTESIAN_POINT ( 'NONE',  ( 0.000000000000000000, -0.3499999999999999778, 0.2500000000000000000 ) ) ;
#4438 = AXIS2_PLACEMENT_3D ( 'NONE', #6689, #4424, #4278 ) ;
#4439 = LINE ( 'NONE', #4557, #4392 ) ;
#4440 = AXIS2_PLACEMENT_3D ( 'NONE', #1326, #321, #2098 ) ;
#4441 = CARTESIAN_POINT ( 'NONE',  ( -1.875000000000000000, -0.8750000000000000000, -0.1881966011250000015 ) ) ;
#4442 = CARTESIAN_POINT ( 'NONE',  ( 1.800000000000000044, -0.3499999999999999778, 2.100000000000000089 ) ) ;
#4443 = EDGE_CURVE ( 'NONE', #826, #2829, #6554, .T. ) ;
#4444 = VERTEX_POINT ( 'NONE', #1138 ) ;
#4445 = CARTESIAN_POINT ( 'NONE',  ( -0.1163376014357000027, -0.2336623985642999890, 0.2500000000000000000 ) ) ;
#4446 = DIRECTION ( 'NONE',  ( 1.000000000000000000, 0.000000000000000000, 0.000000000000000000 ) ) ;
#4447 = ORIENTED_EDGE ( 'NONE', *, *, #6448, .T. ) ;
#4448 = VECTOR ( 'NONE', #6978, 1000.000000000000000 ) ;
#4449 = VECTOR ( 'NONE', #3624, 1000.000000000000000 ) ;
#4450 = EDGE_CURVE ( 'NONE', #4752, #4793, #3445, .T. ) ;
#4451 = EDGE_CURVE ( 'NONE', #1278, #3097, #1223, .T. ) ;
#4452 = ADVANCED_FACE ( 'NONE', ( #4703 ), #5826, .T. ) ;
#4453 = DIRECTION ( 'NONE',  ( -2.776273318926796392E-14, 2.776273319988236192E-14, -1.000000000000000000 ) ) ;
#4454 = AXIS2_PLACEMENT_3D ( 'NONE', #2875, #924, #5249 ) ;
#4455 = VERTEX_POINT ( 'NONE', #1724 ) ;
#4456 = DIRECTION ( 'NONE',  ( 0.000000000000000000, -1.000000000000000000, 0.000000000000000000 ) ) ;
#4457 =( BOUNDED_SURFACE ( )  B_SPLINE_SURFACE ( 3, 3, ( 
 ( #446, #6987, #5113, #5741 ),
 ( #486, #406, #6279, #898 ),
 ( #4536, #936, #6356, #5704 ),
 ( #1561, #3275, #4498, #370 ),
 ( #1014, #2256, #6834, #1486 ),
 ( #5776, #7532, #5657, #3872 ),
 ( #6910, #2737, #5078, #3914 ) ),
 .UNSPECIFIED., .F., .F., .T. ) 
 B_SPLINE_SURFACE_WITH_KNOTS ( ( 4, 3, 4 ),
 ( 4, 4 ),
 ( -0.006060915267313319969, 0.000000000000000000, 1.000000000000000000 ),
 ( 0.000000000000000000, 1.000000000000000000 ),
 .UNSPECIFIED. ) 
 GEOMETRIC_REPRESENTATION_ITEM ( )  RATIONAL_B_SPLINE_SURFACE ( (
 ( 1.000000000000000000, 0.8047378539923719654, 0.8047378539923719654, 1.000000000000000000),
 ( 1.000000000000000000, 0.8047378539923719654, 0.8047378539923719654, 1.000000000000000000),
 ( 1.000000000000000000, 0.8047378539923719654, 0.8047378539923719654, 1.000000000000000000),
 ( 1.000000000000000000, 0.8047378539923719654, 0.8047378539923719654, 1.000000000000000000),
 ( 0.8047378541243659367, 0.6476030137544690479, 0.6476030137544690479, 0.8047378541243659367),
 ( 0.8047378541243659367, 0.6476030137544690479, 0.6476030137544690479, 0.8047378541243659367),
 ( 1.000000000000000000, 0.8047378539923719654, 0.8047378539923719654, 1.000000000000000000) ) ) 
 REPRESENTATION_ITEM ( '' )  SURFACE ( )  );
#4458 = AXIS2_PLACEMENT_3D ( 'NONE', #2848, #7604, #2251 ) ;
#4459 = ORIENTED_EDGE ( 'NONE', *, *, #3102, .T. ) ;
#4460 = SURFACE_STYLE_FILL_AREA ( #933 ) ;
#4461 = ORIENTED_EDGE ( 'NONE', *, *, #2032, .F. ) ;
#4462 = ORIENTED_EDGE ( 'NONE', *, *, #4450, .F. ) ;
#4463 = AXIS2_PLACEMENT_3D ( 'NONE', #4161, #2909, #4243 ) ;
#4464 = DIRECTION ( 'NONE',  ( 0.000000000000000000, 0.000000000000000000, -1.000000000000000000 ) ) ;
#4465 = CARTESIAN_POINT ( 'NONE',  ( 1.824999999999999956, -0.1658312395178000165, 2.200000000000000178 ) ) ;
#4466 = DIRECTION ( 'NONE',  ( -1.000000000000000000, 0.000000000000000000, 0.000000000000000000 ) ) ;
#4467 = ORIENTED_EDGE ( 'NONE', *, *, #4011, .F. ) ;
#4468 = ORIENTED_EDGE ( 'NONE', *, *, #7391, .F. ) ;
#4469 = CARTESIAN_POINT ( 'NONE',  ( -2.120000000000000107, 0.9000000000000000222, 1.932869999999999866 ) ) ;
#4470 = DIRECTION ( 'NONE',  ( 1.000000000000000000, 0.000000000000000000, 0.000000000000000000 ) ) ;
#4471 = ORIENTED_EDGE ( 'NONE', *, *, #6968, .F. ) ;
#4472 = CARTESIAN_POINT ( 'NONE',  ( -0.6500000000000000222, 0.3499999999999999778, 0.2500000000000000000 ) ) ;
#4473 = ORIENTED_EDGE ( 'NONE', *, *, #6591, .T. ) ;
#4474 = ORIENTED_EDGE ( 'NONE', *, *, #500, .T. ) ;
#4475 = DIRECTION ( 'NONE',  ( 0.000000000000000000, -1.000000000000000000, 0.000000000000000000 ) ) ;
#4476 = CARTESIAN_POINT ( 'NONE',  ( -0.6500000000000000222, -0.9000000000000000222, 0.000000000000000000 ) ) ;
#4477 = FACE_OUTER_BOUND ( 'NONE', #6569, .T. ) ;
#4478 = LINE ( 'NONE', #2085, #6150 ) ;
#4479 = FACE_OUTER_BOUND ( 'NONE', #3540, .T. ) ;
#4480 = CARTESIAN_POINT ( 'NONE',  ( -0.2461754054898195043, -0.9115440117052999724, 0.3735081097972909880 ) ) ;
#4481 = CARTESIAN_POINT ( 'NONE',  ( 0.5546126700666768050, -0.4949169457497719637, 0.3577465986660516850 ) ) ;
#4482 = VERTEX_POINT ( 'NONE', #4815 ) ;
#4483 = ADVANCED_FACE ( 'NONE', ( #2859 ), #5356, .F. ) ;
#4484 = CARTESIAN_POINT ( 'NONE',  ( 0.2650000000000000133, 0.9000000000000000222, 0.7500000000000000000 ) ) ;
#4485 = DIRECTION ( 'NONE',  ( 0.000000000000000000, 1.000000000000000000, 0.000000000000000000 ) ) ;
#4486 = DIRECTION ( 'NONE',  ( 1.000000000000000000, 0.000000000000000000, 0.000000000000000000 ) ) ;
#4487 = ORIENTED_EDGE ( 'NONE', *, *, #352, .F. ) ;
#4488 = CARTESIAN_POINT ( 'NONE',  ( 0.2650000000000000133, 0.6849999999999999423, 0.7500000000000000000 ) ) ;
#4489 = EDGE_LOOP ( 'NONE', ( #1260, #5515, #238, #2148, #4533 ) ) ;
#4490 = DIRECTION ( 'NONE',  ( -0.04987546680544058947, -0.04987546680538138683, -0.9975093361076299292 ) ) ;
#4491 = EDGE_CURVE ( 'NONE', #7487, #1533, #6477, .T. ) ;
#4492 = VERTEX_POINT ( 'NONE', #2261 ) ;
#4494 = EDGE_CURVE ( 'NONE', #2363, #5660, #7105, .T. ) ;
#4493 = CARTESIAN_POINT ( 'NONE',  ( -1.800000000000000044, -0.3499999999999999778, 2.299999999999999822 ) ) ;
#4495 = ORIENTED_EDGE ( 'NONE', *, *, #910, .F. ) ;
#4496 = ORIENTED_EDGE ( 'NONE', *, *, #7589, .T. ) ;
#4497 = EDGE_CURVE ( 'NONE', #6883, #1786, #1683, .T. ) ;
#4498 = CARTESIAN_POINT ( 'NONE',  ( -1.930000000011870220, 0.3468629150106941617, 2.400000000000003020 ) ) ;
#4499 = PLANE ( 'NONE',  #7636 ) ;
#4500 = CARTESIAN_POINT ( 'NONE',  ( 0.9499999999999999556, -0.5000000000000000000, 2.200000000000000178 ) ) ;
#4501 = ADVANCED_FACE ( 'NONE', ( #17 ), #3605, .T. ) ;
#4502 = ORIENTED_EDGE ( 'NONE', *, *, #5140, .F. ) ;
#4503 = ORIENTED_EDGE ( 'NONE', *, *, #3735, .T. ) ;
#4504 = CARTESIAN_POINT ( 'NONE',  ( -2.200000000000000178, -0.9050000000000000266, 2.100000000000000089 ) ) ;
#4505 = TOROIDAL_SURFACE ( 'NONE', #147, 0.2000000000000000111, 0.1000000000000000056 ) ;
#4506 = CARTESIAN_POINT ( 'NONE',  ( 2.250000000000000000, 0.4000000000000000222, 0.000000000000000000 ) ) ;
#4507 = ORIENTED_EDGE ( 'NONE', *, *, #4021, .T. ) ;
#4508 = DIRECTION ( 'NONE',  ( 0.000000000000000000, -1.000000000000000000, 0.000000000000000000 ) ) ;
#4509 = VERTEX_POINT ( 'NONE', #926 ) ;
#4510 = ORIENTED_EDGE ( 'NONE', *, *, #253, .T. ) ;
#4511 = DIRECTION ( 'NONE',  ( -1.000000000000000000, -8.881784197001246407E-16, 0.000000000000000000 ) ) ;
#4512 = CARTESIAN_POINT ( 'NONE',  ( -2.250000000000000000, 0.9000000000000000222, 0.5000000000000000000 ) ) ;
#4513 = DIRECTION ( 'NONE',  ( 1.000000000000000000, 0.000000000000000000, 0.000000000000000000 ) ) ;
#4514 = VECTOR ( 'NONE', #5119, 1000.000000000000000 ) ;
#4515 = CARTESIAN_POINT ( 'NONE',  ( -0.5540493129827800400, -0.7041281197244958490, 0.3690137403439990305 ) ) ;
#4516 = CARTESIAN_POINT ( 'NONE',  ( -0.6500000000000000222, 0.3499999999999999778, 0.2500000000000000000 ) ) ;
#4517 = VECTOR ( 'NONE', #5068, 1000.000000000000000 ) ;
#4518 = FACE_OUTER_BOUND ( 'NONE', #5299, .T. ) ;
#4519 = CARTESIAN_POINT ( 'NONE',  ( 2.000000000000000000, -0.2999999999994759636, 2.299999999999999822 ) ) ;
#4520 = ORIENTED_EDGE ( 'NONE', *, *, #3293, .T. ) ;
#4521 = CARTESIAN_POINT ( 'NONE',  ( 1.275000000000000133, 0.9000000000000000222, 0.000000000000000000 ) ) ;
#4522 = LINE ( 'NONE', #5763, #4651 ) ;
#4523 = DIRECTION ( 'NONE',  ( 0.000000000000000000, 0.000000000000000000, -1.000000000000000000 ) ) ;
#4524 = ORIENTED_EDGE ( 'NONE', *, *, #4026, .F. ) ;
#4525 = VECTOR ( 'NONE', #4819, 1000.000000000000000 ) ;
#4526 = CARTESIAN_POINT ( 'NONE',  ( 0.5538245945101739620, -0.4961754054897768995, 0.3735081097965269881 ) ) ;
#4527 = AXIS2_PLACEMENT_3D ( 'NONE', #6819, #315, #5498 ) ;
#4528 = DIRECTION ( 'NONE',  ( 0.000000000000000000, 0.000000000000000000, 1.000000000000000000 ) ) ;
#4529 = ORIENTED_EDGE ( 'NONE', *, *, #3242, .T. ) ;
#4530 = FACE_OUTER_BOUND ( 'NONE', #6105, .T. ) ;
#4531 = EDGE_LOOP ( 'NONE', ( #948, #4570, #5089, #2442 ) ) ;
#4532 = CIRCLE ( 'NONE', #905, 0.1499999999999999667 ) ;
#4533 = ORIENTED_EDGE ( 'NONE', *, *, #5234, .F. ) ;
#4534 = CIRCLE ( 'NONE', #1784, 0.1000000000000000472 ) ;
#4535 = ADVANCED_FACE ( 'NONE', ( #1257 ), #4856, .F. ) ;
#4536 = CARTESIAN_POINT ( 'NONE',  ( -1.849999999975530107, 0.3798000000000000265, 2.399999999999999911 ) ) ;
#4537 = LINE ( 'NONE', #1605, #2399 ) ;
#4538 = CARTESIAN_POINT ( 'NONE',  ( 0.6254115804877640183, 0.4159232580977175742, 0.2588844017590294366 ) ) ;
#4539 = ORIENTED_EDGE ( 'NONE', *, *, #4882, .T. ) ;
#4540 = EDGE_CURVE ( 'NONE', #1580, #5909, #4823, .T. ) ;
#4541 = ORIENTED_EDGE ( 'NONE', *, *, #7063, .F. ) ;
#4542 = LINE ( 'NONE', #6916, #4194 ) ;
#4543 = ADVANCED_FACE ( 'NONE', ( #677 ), #3125, .T. ) ;
#4544 = EDGE_CURVE ( 'NONE', #1865, #6975, #5061, .T. ) ;
#4545 = ADVANCED_FACE ( 'NONE', ( #5509 ), #5441, .T. ) ;
#4546 = FACE_OUTER_BOUND ( 'NONE', #7424, .T. ) ;
#4547 = ORIENTED_EDGE ( 'NONE', *, *, #3485, .F. ) ;
#4548 = DIRECTION ( 'NONE',  ( 0.000000000000000000, -1.000000000000000000, 0.000000000000000000 ) ) ;
#4549 = ORIENTED_EDGE ( 'NONE', *, *, #5490, .F. ) ;
#4550 = ORIENTED_EDGE ( 'NONE', *, *, #5231, .F. ) ;
#4551 = DIRECTION ( 'NONE',  ( 0.000000000000000000, -1.000000000000000000, 0.000000000000000000 ) ) ;
#4552 = FACE_OUTER_BOUND ( 'NONE', #2069, .T. ) ;
#4553 = LINE ( 'NONE', #4088, #5779 ) ;
#4554 = AXIS2_PLACEMENT_3D ( 'NONE', #1164, #3260, #1507 ) ;
#4555 = DIRECTION ( 'NONE',  ( 1.000000000000000000, 0.000000000000000000, 0.000000000000000000 ) ) ;
#4556 = CARTESIAN_POINT ( 'NONE',  ( 1.500000000000000000, -0.3499999999999999778, 2.100000000000000089 ) ) ;
#4557 = CARTESIAN_POINT ( 'NONE',  ( -2.200000000000000178, 0.9000000000000000222, 2.100000000000000089 ) ) ;
#4558 = DIRECTION ( 'NONE',  ( 0.000000000000000000, -1.000000000000000000, 0.000000000000000000 ) ) ;
#4559 = DIRECTION ( 'NONE',  ( 0.000000000000000000, 0.000000000000000000, 1.000000000000000000 ) ) ;
#4560 = AXIS2_PLACEMENT_3D ( 'NONE', #5529, #5049, #2837 ) ;
#4561 = VERTEX_POINT ( 'NONE', #3899 ) ;
#4562 = CARTESIAN_POINT ( 'NONE',  ( -1.399999999999999911, 0.2999999999999999889, 2.299999999999999822 ) ) ;
#4563 = DIRECTION ( 'NONE',  ( 1.000000000000000000, 0.000000000000000000, 0.000000000000000000 ) ) ;
#4564 = FACE_OUTER_BOUND ( 'NONE', #483, .T. ) ;
#4565 = ORIENTED_EDGE ( 'NONE', *, *, #6160, .F. ) ;
#4566 = EDGE_CURVE ( 'NONE', #4373, #7544, #2726, .T. ) ;
#4567 = VECTOR ( 'NONE', #2321, 1000.000000000000000 ) ;
#4568 = DIRECTION ( 'NONE',  ( 0.000000000000000000, -1.000000000000000000, 0.000000000000000000 ) ) ;
#4569 = DIRECTION ( 'NONE',  ( 0.000000000000000000, 0.000000000000000000, 1.000000000000000000 ) ) ;
#4570 = ORIENTED_EDGE ( 'NONE', *, *, #1531, .F. ) ;
#4571 = VECTOR ( 'NONE', #490, 1000.000000000000000 ) ;
#4572 = CARTESIAN_POINT ( 'NONE',  ( 0.2461754054898004918, 0.7038245945101999634, 0.3735081097969069619 ) ) ;
#4573 = VERTEX_POINT ( 'NONE', #4269 ) ;
#4574 = VECTOR ( 'NONE', #604, 1000.000000000000000 ) ;
#4575 = ORIENTED_EDGE ( 'NONE', *, *, #3558, .T. ) ;
#4576 = CARTESIAN_POINT ( 'NONE',  ( 1.849999999995950217, 0.4500000000000000111, 2.330000000000000071 ) ) ;
#4577 = VECTOR ( 'NONE', #3897, 1000.000000000000000 ) ;
#4578 = CARTESIAN_POINT ( 'NONE',  ( 1.275000000000000133, -0.3499999999999999778, 0.000000000000000000 ) ) ;
#4579 = EDGE_CURVE ( 'NONE', #6264, #3188, #5101, .T. ) ;
#4580 = VECTOR ( 'NONE', #4411, 1000.000000000000000 ) ;
#4581 = PLANE ( 'NONE',  #6385 ) ;
#4582 = PLANE ( 'NONE',  #6276 ) ;
#4583 = LINE ( 'NONE', #6359, #1822 ) ;
#4584 = EDGE_LOOP ( 'NONE', ( #1349, #5739, #4410, #2979 ) ) ;
#4585 = EDGE_CURVE ( 'NONE', #1555, #6873, #1218, .T. ) ;
#4586 = DIRECTION ( 'NONE',  ( 1.000000000000000000, 0.000000000000000000, 0.000000000000000000 ) ) ;
#4587 = VECTOR ( 'NONE', #1152, 1000.000000000000000 ) ;
#4588 = CARTESIAN_POINT ( 'NONE',  ( -0.5350000000000000311, 0.6849999999999999423, 0.7500000000000000000 ) ) ;
#4589 = ORIENTED_EDGE ( 'NONE', *, *, #2560, .F. ) ;
#4590 = CARTESIAN_POINT ( 'NONE',  ( -2.120000000000000107, 0.8000000000000000444, 2.100000000000000089 ) ) ;
#4591 = ORIENTED_EDGE ( 'NONE', *, *, #4632, .T. ) ;
#4592 = ADVANCED_FACE ( 'NONE', ( #99 ), #4350, .T. ) ;
#4593 = ORIENTED_EDGE ( 'NONE', *, *, #3534, .F. ) ;
#4594 = CARTESIAN_POINT ( 'NONE',  ( -2.100000000000000089, -0.4000000000000000222, 0.000000000000000000 ) ) ;
#4595 = EDGE_CURVE ( 'NONE', #7034, #41, #1877, .T. ) ;
#4596 = CARTESIAN_POINT ( 'NONE',  ( 0.9499999999999999556, 0.4000000000000000222, 2.100000000000000089 ) ) ;
#4597 = FACE_OUTER_BOUND ( 'NONE', #1608, .T. ) ;
#4598 = DIRECTION ( 'NONE',  ( 0.000000000000000000, 0.000000000000000000, -1.000000000000000000 ) ) ;
#4599 = ADVANCED_FACE ( 'NONE', ( #4230 ), #3756, .T. ) ;
#4600 = DIRECTION ( 'NONE',  ( -1.000000000000000000, 0.000000000000000000, 0.000000000000000000 ) ) ;
#4601 = CYLINDRICAL_SURFACE ( 'NONE', #2208, 0.09999999999999982514 ) ;
#4602 = CARTESIAN_POINT ( 'NONE',  ( 2.112253379640000261, -0.3663376014356999888, 0.3800000000000000044 ) ) ;
#4603 = ORIENTED_EDGE ( 'NONE', *, *, #4022, .F. ) ;
#4604 = FACE_OUTER_BOUND ( 'NONE', #5470, .T. ) ;
#4605 = DIRECTION ( 'NONE',  ( -1.000000000000000000, 0.000000000000000000, 0.000000000000000000 ) ) ;
#4606 = FACE_OUTER_BOUND ( 'NONE', #529, .T. ) ;
#4607 = VERTEX_POINT ( 'NONE', #3093 ) ;
#4608 = DIRECTION ( 'NONE',  ( 0.000000000000000000, 0.000000000000000000, 1.000000000000000000 ) ) ;
#4609 = CARTESIAN_POINT ( 'NONE',  ( -0.6500000000000000222, 0.000000000000000000, 0.000000000000000000 ) ) ;
#4610 = EDGE_LOOP ( 'NONE', ( #4593, #789, #1635, #6033 ) ) ;
#4611 = PLANE ( 'NONE',  #4179 ) ;
#4612 = ORIENTED_EDGE ( 'NONE', *, *, #897, .F. ) ;
#4613 = VERTEX_POINT ( 'NONE', #5473 ) ;
#4614 = CARTESIAN_POINT ( 'NONE',  ( -2.095000000000000195, -0.2750000000000000222, 2.495600000000000041 ) ) ;
#4615 = PLANE ( 'NONE',  #6248 ) ;
#4616 = DIRECTION ( 'NONE',  ( 1.000000000000000000, 0.000000000000000000, 0.000000000000000000 ) ) ;
#4617 = CARTESIAN_POINT ( 'NONE',  ( 0.6393875839007105988, 0.3959449308695098257, 0.2532900993116336541 ) ) ;
#4618 = FACE_OUTER_BOUND ( 'NONE', #6598, .T. ) ;
#4619 = VERTEX_POINT ( 'NONE', #136 ) ;
#4620 = CARTESIAN_POINT ( 'NONE',  ( -0.5539744068252190345, 0.7040005536924069940, 0.3705099644632204869 ) ) ;
#4621 = CARTESIAN_POINT ( 'NONE',  ( -2.194999999999999840, -0.3750000000000000000, 2.275997159067980391 ) ) ;
#4622 = VERTEX_POINT ( 'NONE', #3162 ) ;
#4623 = EDGE_LOOP ( 'NONE', ( #1243, #2583, #753, #4821, #1996 ) ) ;
#4624 = ORIENTED_EDGE ( 'NONE', *, *, #6448, .F. ) ;
#4625 = CARTESIAN_POINT ( 'NONE',  ( -0.9499999999999999556, 0.4000000000000000222, 2.299999999999999822 ) ) ;
#4626 = LINE ( 'NONE', #6702, #5795 ) ;
#4627 = CARTESIAN_POINT ( 'NONE',  ( -0.5830152926694178728, 0.7366123688503087852, 0.2921218145516760734 ) ) ;
#4628 = ORIENTED_EDGE ( 'NONE', *, *, #4451, .T. ) ;
#4629 = CARTESIAN_POINT ( 'NONE',  ( 0.2461754054898004918, -0.7038245945101990753, 0.3735081097969095154 ) ) ;
#4630 = ADVANCED_FACE ( 'NONE', ( #7263 ), #3725, .F. ) ;
#4631 = CARTESIAN_POINT ( 'NONE',  ( 1.930000000000000160, -0.2999999999999064526, 2.399999999999999911 ) ) ;
#4632 = EDGE_CURVE ( 'NONE', #5578, #5942, #2584, .T. ) ;
#4633 = DIRECTION ( 'NONE',  ( -1.000000000000000000, 0.000000000000000000, 0.000000000000000000 ) ) ;
#4634 = CARTESIAN_POINT ( 'NONE',  ( -1.908333333333320114, 0.1105541596785194064, 2.299999999999999822 ) ) ;
#4635 = ORIENTED_EDGE ( 'NONE', *, *, #3826, .T. ) ;
#4636 = LINE ( 'NONE', #4562, #3452 ) ;
#4637 = LINE ( 'NONE', #1083, #1401 ) ;
#4638 = CARTESIAN_POINT ( 'NONE',  ( -0.6499999999999801492, -0.8336623985643000223, 0.2500000000000000000 ) ) ;
#4639 = ORIENTED_EDGE ( 'NONE', *, *, #1004, .T. ) ;
#4640 = EDGE_CURVE ( 'NONE', #7194, #1471, #7444, .T. ) ;
#4641 = ADVANCED_FACE ( 'NONE', ( #6856 ), #359, .F. ) ;
#4642 = EDGE_CURVE ( 'NONE', #1061, #702, #1627, .T. ) ;
#4643 = VECTOR ( 'NONE', #2418, 1000.000000000000000 ) ;
#4644 = LINE ( 'NONE', #4100, #7626 ) ;
#4645 = PLANE ( 'NONE',  #6313 ) ;
#4646 = ORIENTED_EDGE ( 'NONE', *, *, #3738, .T. ) ;
#4647 = CARTESIAN_POINT ( 'NONE',  ( -2.200000000000000178, 0.3750000000000000000, 2.100000000000000089 ) ) ;
#4648 = ORIENTED_EDGE ( 'NONE', *, *, #5111, .F. ) ;
#4649 = VECTOR ( 'NONE', #232, 1000.000000000000000 ) ;
#4650 = CARTESIAN_POINT ( 'NONE',  ( -0.1895068923543806738, -0.7604931076456192818, 0.2499999999999997224 ) ) ;
#4651 = VECTOR ( 'NONE', #6421, 1000.000000000000000 ) ;
#4652 = CARTESIAN_POINT ( 'NONE',  ( 0.6500000000000000222, 0.9000000000000000222, 0.5000000000000000000 ) ) ;
#4653 = LINE ( 'NONE', #2226, #5015 ) ;
#4654 = AXIS2_PLACEMENT_3D ( 'NONE', #1960, #3205, #5621 ) ;
#4655 = DIRECTION ( 'NONE',  ( 0.000000000000000000, 0.000000000000000000, 1.000000000000000000 ) ) ;
#4656 = VECTOR ( 'NONE', #4927, 1000.000000000000000 ) ;
#4657 = VECTOR ( 'NONE', #6810, 1000.000000000000114 ) ;
#4658 = ORIENTED_EDGE ( 'NONE', *, *, #4333, .F. ) ;
#4659 = LINE ( 'NONE', #4739, #7676 ) ;
#4660 = ORIENTED_EDGE ( 'NONE', *, *, #1110, .T. ) ;
#4661 = DIRECTION ( 'NONE',  ( 1.000000000000000000, 0.000000000000000000, 0.000000000000000000 ) ) ;
#4662 = ADVANCED_FACE ( 'NONE', ( #6345 ), #467, .T. ) ;
#4663 = VERTEX_POINT ( 'NONE', #4638 ) ;
#4664 = VERTEX_POINT ( 'NONE', #1039 ) ;
#4665 = VERTEX_POINT ( 'NONE', #1084 ) ;
#4666 = CARTESIAN_POINT ( 'NONE',  ( 2.044999999999999929, -0.9050000000000000266, 2.200000000000000178 ) ) ;
#4667 = ORIENTED_EDGE ( 'NONE', *, *, #6347, .F. ) ;
#4668 = DIRECTION ( 'NONE',  ( 1.000000000000000000, 0.000000000000000000, 0.000000000000000000 ) ) ;
#4669 = CARTESIAN_POINT ( 'NONE',  ( 1.275000000000000133, 0.5000000000000000000, 0.000000000000000000 ) ) ;
#4670 = TOROIDAL_SURFACE ( 'NONE', #1048, 0.2000000000000000111, 0.1000000000000000056 ) ;
#4671 = ADVANCED_FACE ( 'NONE', ( #4564 ), #6940, .F. ) ;
#4672 = LINE ( 'NONE', #5993, #4587 ) ;
#4673 = CYLINDRICAL_SURFACE ( 'NONE', #5933, 0.2999999999999999334 ) ;
#4674 = ORIENTED_EDGE ( 'NONE', *, *, #295, .T. ) ;
#4675 = CARTESIAN_POINT ( 'NONE',  ( 0.2650000000000000133, 0.9000000000000000222, 0.7500000000000000000 ) ) ;
#4676 = CARTESIAN_POINT ( 'NONE',  ( 2.100000000000000089, 0.000000000000000000, 2.299999999999999822 ) ) ;
#4677 = DIRECTION ( 'NONE',  ( -1.000000000000000000, 0.000000000000000000, 0.000000000000000000 ) ) ;
#4678 = EDGE_LOOP ( 'NONE', ( #4245, #564, #4502, #4994, #6273 ) ) ;
#4679 = COLOUR_RGB ( '',0.7921568627450980005, 0.8196078431372548767, 0.9333333333333333481 ) ;
#4680 = ADVANCED_FACE ( 'NONE', ( #6463 ), #3423, .T. ) ;
#4681 = CARTESIAN_POINT ( 'NONE',  ( 1.550000000004459810, -0.4500000000000000111, 2.299999999999999822 ) ) ;
#4682 = VECTOR ( 'NONE', #2717, 1000.000000000000000 ) ;
#4683 = ADVANCED_FACE ( 'NONE', ( #2761 ), #7480, .T. ) ;
#4684 = CARTESIAN_POINT ( 'NONE',  ( -0.1163376014357000027, 0.000000000000000000, 0.2500000000000000000 ) ) ;
#4685 = VERTEX_POINT ( 'NONE', #3987 ) ;
#4686 = DIRECTION ( 'NONE',  ( -1.000000000000000000, 0.000000000000000000, 0.000000000000000000 ) ) ;
#4687 = EDGE_LOOP ( 'NONE', ( #4603, #6047, #3053, #4825, #3988, #3337 ) ) ;
#4688 = ORIENTED_EDGE ( 'NONE', *, *, #39, .T. ) ;
#4689 = EDGE_CURVE ( 'NONE', #2623, #5233, #5808, .T. ) ;
#4690 = VECTOR ( 'NONE', #6106, 1000.000000000000000 ) ;
#4691 = EDGE_CURVE ( 'NONE', #4099, #7020, #3321, .T. ) ;
#4692 = ADVANCED_FACE ( 'NONE', ( #4606 ), #6310, .T. ) ;
#4693 = VECTOR ( 'NONE', #4757, 1000.000000000000000 ) ;
#4694 = CARTESIAN_POINT ( 'NONE',  ( -0.8510494938015159549, 0.3755476762980055061, 3.500000000000000000 ) ) ;
#4695 = LINE ( 'NONE', #672, #2517 ) ;
#4696 = EDGE_CURVE ( 'NONE', #4573, #3454, #545, .T. ) ;
#4697 = CIRCLE ( 'NONE', #1200, 0.1499999999999999667 ) ;
#4698 = CARTESIAN_POINT ( 'NONE',  ( 0.5546482206497795886, 0.4948566426500236037, 0.3570355870039964574 ) ) ;
#4699 = DIRECTION ( 'NONE',  ( 1.000000000000000000, 0.000000000000000000, 0.000000000000000000 ) ) ;
#4700 = CARTESIAN_POINT ( 'NONE',  ( 0.6499999999999801492, -0.3663376014356999888, 0.2500000000000000000 ) ) ;
#4701 = AXIS2_PLACEMENT_3D ( 'NONE', #6956, #3237, #5155 ) ;
#4702 = ORIENTED_EDGE ( 'NONE', *, *, #3638, .T. ) ;
#4703 = FACE_OUTER_BOUND ( 'NONE', #4197, .T. ) ;
#4704 = CIRCLE ( 'NONE', #1328, 0.2999999999999999334 ) ;
#4705 = DIRECTION ( 'NONE',  ( 0.000000000000000000, 0.000000000000000000, 1.000000000000000000 ) ) ;
#4706 = ORIENTED_EDGE ( 'NONE', *, *, #3536, .F. ) ;
#4707 = VECTOR ( 'NONE', #853, 1000.000000000000000 ) ;
#4708 = CIRCLE ( 'NONE', #7316, 0.09999999999999993616 ) ;
#4709 = EDGE_LOOP ( 'NONE', ( #1831, #5120, #4575, #82, #280, #982, #1567 ) ) ;
#4710 = ORIENTED_EDGE ( 'NONE', *, *, #4402, .F. ) ;
#4711 = CARTESIAN_POINT ( 'NONE',  ( 1.850000000000000089, -0.2999999999999999889, 2.299999999999999822 ) ) ;
#4712 = ORIENTED_EDGE ( 'NONE', *, *, #1240, .F. ) ;
#4713 = EDGE_CURVE ( 'NONE', #4613, #2265, #7307, .T. ) ;
#4714 = DIRECTION ( 'NONE',  ( 0.000000000000000000, 0.000000000000000000, 1.000000000000000000 ) ) ;
#4715 = LINE ( 'NONE', #1886, #189 ) ;
#4716 = AXIS2_PLACEMENT_3D ( 'NONE', #4590, #3408, #5314 ) ;
#4717 = EDGE_CURVE ( 'NONE', #4336, #7034, #2803, .T. ) ;
#4718 = DIRECTION ( 'NONE',  ( 1.000000000000000000, 0.000000000000000000, -1.224646799147353207E-16 ) ) ;
#4719 = FACE_OUTER_BOUND ( 'NONE', #1427, .T. ) ;
#4720 = ORIENTED_EDGE ( 'NONE', *, *, #5824, .F. ) ;
#4721 = DIRECTION ( 'NONE',  ( 0.000000000000000000, -1.000000000000000000, 0.000000000000000000 ) ) ;
#4722 = CARTESIAN_POINT ( 'NONE',  ( 1.925000000000000044, -0.3750000000000000000, 2.299999999999999822 ) ) ;
#4723 = CARTESIAN_POINT ( 'NONE',  ( -2.200000000000000178, 0.3750000000000000000, 2.100000000000000089 ) ) ;
#4724 = FACE_OUTER_BOUND ( 'NONE', #6063, .T. ) ;
#4725 = CARTESIAN_POINT ( 'NONE',  ( -1.275000000000000133, 0.9000000000000000222, 0.000000000000000000 ) ) ;
#4726 = DIRECTION ( 'NONE',  ( -1.000000000000000000, 0.000000000000000000, 0.000000000000000000 ) ) ;
#4727 = ORIENTED_EDGE ( 'NONE', *, *, #7106, .T. ) ;
#4728 = PLANE ( 'NONE',  #4554 ) ;
#4729 = VERTEX_POINT ( 'NONE', #7520 ) ;
#4730 = ORIENTED_EDGE ( 'NONE', *, *, #1137, .T. ) ;
#4731 = DIRECTION ( 'NONE',  ( 0.000000000000000000, 0.000000000000000000, 1.000000000000000000 ) ) ;
#4732 = CARTESIAN_POINT ( 'NONE',  ( 1.875000000000000000, 0.000000000000000000, 0.5000000000000000000 ) ) ;
#4733 = LINE ( 'NONE', #2465, #1028 ) ;
#4734 = ADVANCED_FACE ( 'NONE', ( #508 ), #6422, .F. ) ;
#4735 = CARTESIAN_POINT ( 'NONE',  ( 2.100000000000000089, -0.4000000000000000222, 0.000000000000000000 ) ) ;
#4736 = DIRECTION ( 'NONE',  ( 0.000000000000000000, 0.000000000000000000, -1.000000000000000000 ) ) ;
#4737 = DIRECTION ( 'NONE',  ( 1.000000000000000000, 0.000000000000000000, 0.000000000000000000 ) ) ;
#4738 = VERTEX_POINT ( 'NONE', #2215 ) ;
#4739 = CARTESIAN_POINT ( 'NONE',  ( 0.1163376014357000027, 0.000000000000000000, 0.2500000000000000000 ) ) ;
#4740 = ADVANCED_FACE ( 'NONE', ( #3466 ), #5846, .T. ) ;
#4741 = CARTESIAN_POINT ( 'NONE',  ( -0.6500000000000000222, -0.9000000000000000222, 0.000000000000000000 ) ) ;
#4742 = EDGE_CURVE ( 'NONE', #6028, #4382, #3443, .T. ) ;
#4743 = ORIENTED_EDGE ( 'NONE', *, *, #4443, .F. ) ;
#4744 = EDGE_LOOP ( 'NONE', ( #224, #4349, #32, #2915 ) ) ;
#4745 = ORIENTED_EDGE ( 'NONE', *, *, #863, .T. ) ;
#4746 = DIRECTION ( 'NONE',  ( 1.000000000000000000, 0.000000000000000000, 0.000000000000000000 ) ) ;
#4747 = ORIENTED_EDGE ( 'NONE', *, *, #917, .F. ) ;
#4748 = CARTESIAN_POINT ( 'NONE',  ( 1.600000000000000089, 0.2500000000000000000, 2.299999999999999822 ) ) ;
#4749 = FACE_OUTER_BOUND ( 'NONE', #4687, .T. ) ;
#4750 = CARTESIAN_POINT ( 'NONE',  ( -0.5635974630727036416, -0.7153549246078093615, 0.3247292784674539190 ) ) ;
#4751 = CARTESIAN_POINT ( 'NONE',  ( 1.375000000000000000, 0.5000000000000000000, 0.2500000000000000000 ) ) ;
#4752 = VERTEX_POINT ( 'NONE', #4797 ) ;
#4753 = ORIENTED_EDGE ( 'NONE', *, *, #3039, .F. ) ;
#4754 = CARTESIAN_POINT ( 'NONE',  ( -2.113554018886000030, -0.1038245945101801959, 0.3735081097972919872 ) ) ;
#4755 = LINE ( 'NONE', #3585, #4158 ) ;
#4756 = DIRECTION ( 'NONE',  ( 0.000000000000000000, 0.000000000000000000, 1.000000000000000000 ) ) ;
#4757 = DIRECTION ( 'NONE',  ( 1.000000000000000000, 0.000000000000000000, 0.000000000000000000 ) ) ;
#4758 = CARTESIAN_POINT ( 'NONE',  ( -2.147891892605730657, -0.3638335177036463031, 2.294384936448727874 ) ) ;
#4759 = EDGE_CURVE ( 'NONE', #2322, #1471, #5457, .T. ) ;
#4760 = PLANE ( 'NONE',  #4331 ) ;
#4761 = VERTEX_POINT ( 'NONE', #7168 ) ;
#4762 = PLANE ( 'NONE',  #691 ) ;
#4763 = ORIENTED_EDGE ( 'NONE', *, *, #636, .T. ) ;
#4764 = VERTEX_POINT ( 'NONE', #6617 ) ;
#4765 = CARTESIAN_POINT ( 'NONE',  ( -1.375000000000000000, -0.4000000000000000222, 0.5000000000000000000 ) ) ;
#4766 = AXIS2_PLACEMENT_3D ( 'NONE', #6980, #4453, #2764 ) ;
#4767 = CARTESIAN_POINT ( 'NONE',  ( -0.9965077996948304984, 0.4568596671965923783, 2.100000000000000089 ) ) ;
#4768 = CARTESIAN_POINT ( 'NONE',  ( 1.550000000000000044, 0.2999999999999999889, 2.299999999999999822 ) ) ;
#4769 = DIRECTION ( 'NONE',  ( -1.000000000000000000, 0.000000000000000000, 0.000000000000000000 ) ) ;
#4770 = CARTESIAN_POINT ( 'NONE',  ( 1.050000000000000044, 0.000000000000000000, 2.200000000000000178 ) ) ;
#4771 = DIRECTION ( 'NONE',  ( 0.000000000000000000, 0.000000000000000000, 1.000000000000000000 ) ) ;
#4772 = VERTEX_POINT ( 'NONE', #3586 ) ;
#4773 = CARTESIAN_POINT ( 'NONE',  ( 1.875000000000000000, -0.9499999999999999556, 0.5000000000000000000 ) ) ;
#4774 = ADVANCED_FACE ( 'NONE', ( #4289 ), #4169, .T. ) ;
#4775 = LINE ( 'NONE', #4231, #6620 ) ;
#4776 = CARTESIAN_POINT ( 'NONE',  ( 1.925000000000000044, -0.4000000000000000222, 2.100000000000000089 ) ) ;
#4777 = ORIENTED_EDGE ( 'NONE', *, *, #6730, .F. ) ;
#4778 = AXIS2_PLACEMENT_3D ( 'NONE', #7479, #1508, #5251 ) ;
#4779 = EDGE_CURVE ( 'NONE', #5543, #2642, #1820, .T. ) ;
#4780 = ORIENTED_EDGE ( 'NONE', *, *, #5111, .T. ) ;
#4781 = ORIENTED_EDGE ( 'NONE', *, *, #1174, .T. ) ;
#4782 = CARTESIAN_POINT ( 'NONE',  ( -0.8510499682842920244, 0.3755476762974119809, 3.399999999926055061 ) ) ;
#4783 = VECTOR ( 'NONE', #7703, 1000.000000000000000 ) ;
#4784 = EDGE_LOOP ( 'NONE', ( #4003, #5655, #4126, #6081, #3320, #3568, #7286, #4236 ) ) ;
#4785 = CARTESIAN_POINT ( 'NONE',  ( -2.100000000000000089, -0.4000000000000000222, 1.800000000000000044 ) ) ;
#4786 = EDGE_CURVE ( 'NONE', #6873, #5996, #1741, .T. ) ;
#4787 = ADVANCED_FACE ( 'NONE', ( #2367 ), #1781, .F. ) ;
#4788 = EDGE_CURVE ( 'NONE', #7346, #6883, #1447, .T. ) ;
#4789 = DIRECTION ( 'NONE',  ( 0.000000000000000000, 1.000000000000000000, 0.000000000000000000 ) ) ;
#4790 = VECTOR ( 'NONE', #4266, 1000.000000000000000 ) ;
#4791 = CARTESIAN_POINT ( 'NONE',  ( -0.5546126700666768050, -0.7050830542502281029, 0.3577465986660514630 ) ) ;
#4792 = DIRECTION ( 'NONE',  ( 0.000000000000000000, 0.000000000000000000, 1.000000000000000000 ) ) ;
#4793 = VERTEX_POINT ( 'NONE', #3622 ) ;
#4794 = VERTEX_POINT ( 'NONE', #5372 ) ;
#4795 = DIRECTION ( 'NONE',  ( 0.000000000000000000, 0.000000000000000000, 1.000000000000000000 ) ) ;
#4796 = DIRECTION ( 'NONE',  ( 0.000000000000000000, -1.000000000000000000, 0.000000000000000000 ) ) ;
#4797 = CARTESIAN_POINT ( 'NONE',  ( -0.9499999999999999556, 0.5000000000000000000, 2.299999999999999822 ) ) ;
#4798 = DIRECTION ( 'NONE',  ( 0.000000000000000000, 1.000000000000000000, 0.000000000000000000 ) ) ;
#4799 = VECTOR ( 'NONE', #4358, 1000.000000000000000 ) ;
#4800 = CARTESIAN_POINT ( 'NONE',  ( 1.275000000000000133, -0.3499999999999999778, 0.000000000000000000 ) ) ;
#4801 = CARTESIAN_POINT ( 'NONE',  ( 1.500000000000000000, 0.2500000000000000000, 2.299999999999999822 ) ) ;
#4802 = AXIS2_PLACEMENT_3D ( 'NONE', #4256, #4, #3666 ) ;
#4803 = ORIENTED_EDGE ( 'NONE', *, *, #6269, .T. ) ;
#4804 = DIRECTION ( 'NONE',  ( 0.000000000000000000, 1.000000000000000000, 0.000000000000000000 ) ) ;
#4805 = ORIENTED_EDGE ( 'NONE', *, *, #2543, .T. ) ;
#4806 = ORIENTED_EDGE ( 'NONE', *, *, #6395, .F. ) ;
#4807 = PLANE ( 'NONE',  #4436 ) ;
#4808 = CARTESIAN_POINT ( 'NONE',  ( -1.824999999999999956, -0.1658312395178000165, 2.100000000000000089 ) ) ;
#4809 = CARTESIAN_POINT ( 'NONE',  ( 1.275000000000000133, -0.3499999999999999778, 0.000000000000000000 ) ) ;
#4810 = DIRECTION ( 'NONE',  ( 0.000000000000000000, 0.000000000000000000, 1.000000000000000000 ) ) ;
#4811 = DIRECTION ( 'NONE',  ( 1.000000000000000000, 0.000000000000000000, 0.000000000000000000 ) ) ;
#4812 = EDGE_LOOP ( 'NONE', ( #912, #3136, #1777, #5156 ) ) ;
#4813 = CIRCLE ( 'NONE', #2429, 0.07000000000000018707 ) ;
#4814 = ORIENTED_EDGE ( 'NONE', *, *, #4540, .T. ) ;
#4815 = CARTESIAN_POINT ( 'NONE',  ( 0.5538245945101579748, -0.1038245945101804041, 0.3735081097972889896 ) ) ;
#4816 = ADVANCED_FACE ( 'NONE', ( #6580 ), #2997, .F. ) ;
#4817 = DIRECTION ( 'NONE',  ( 0.000000000000000000, 1.000000000000000000, 0.000000000000000000 ) ) ;
#4818 = CIRCLE ( 'NONE', #1315, 0.07000000000000018707 ) ;
#4819 = DIRECTION ( 'NONE',  ( 0.000000000000000000, -1.000000000000000000, 0.000000000000000000 ) ) ;
#4820 = EDGE_LOOP ( 'NONE', ( #4990, #2749, #7613, #687 ) ) ;
#4821 = ORIENTED_EDGE ( 'NONE', *, *, #7530, .T. ) ;
#4822 = ORIENTED_EDGE ( 'NONE', *, *, #5294, .F. ) ;
#4823 = CIRCLE ( 'NONE', #3189, 0.1499999999999999667 ) ;
#4824 = CARTESIAN_POINT ( 'NONE',  ( 0.6836623985643000001, -0.2336623985642999890, 0.2500000000000000000 ) ) ;
#4825 = ORIENTED_EDGE ( 'NONE', *, *, #1997, .F. ) ;
#4826 = DIRECTION ( 'NONE',  ( 0.000000000000000000, -1.000000000000000000, 0.000000000000000000 ) ) ;
#4827 = CIRCLE ( 'NONE', #3575, 0.09999999999999982514 ) ;
#4828 = AXIS2_PLACEMENT_3D ( 'NONE', #1856, #3075, #4210 ) ;
#4829 = DIRECTION ( 'NONE',  ( 0.000000000000000000, 0.000000000000000000, 1.000000000000000000 ) ) ;
#4830 = VECTOR ( 'NONE', #7671, 1000.000000000000000 ) ;
#4831 = VECTOR ( 'NONE', #1513, 1000.000000000000227 ) ;
#4832 = EDGE_CURVE ( 'NONE', #757, #4573, #5999, .T. ) ;
#4833 = EDGE_CURVE ( 'NONE', #6111, #986, #6498, .T. ) ;
#4834 = CARTESIAN_POINT ( 'NONE',  ( -1.375000000000000000, 0.4000000000000000222, 0.2500000000000000000 ) ) ;
#4835 = CARTESIAN_POINT ( 'NONE',  ( -2.000000000000000000, 0.2999999999999999889, 2.299999999999999822 ) ) ;
#4836 = VERTEX_POINT ( 'NONE', #5290 ) ;
#4837 = ORIENTED_EDGE ( 'NONE', *, *, #4216, .F. ) ;
#4838 = CARTESIAN_POINT ( 'NONE',  ( 0.6502204523753020160, -1.299999999709669840, 1.388875092811109990 ) ) ;
#4839 = LINE ( 'NONE', #4209, #791 ) ;
#4840 = DIRECTION ( 'NONE',  ( -0.03489455119606340444, 0.01744177791665880300, -0.9992387876178202566 ) ) ;
#4841 = AXIS2_PLACEMENT_3D ( 'NONE', #3335, #6962, #950 ) ;
#4842 = EDGE_CURVE ( 'NONE', #2787, #7037, #6875, .T. ) ;
#4843 = CARTESIAN_POINT ( 'NONE',  ( -1.850000000000000089, -0.4500000000000000111, 2.299999999999999822 ) ) ;
#4844 = CARTESIAN_POINT ( 'NONE',  ( 1.525000000000000133, -0.8000000000000000444, -0.1881966011250000015 ) ) ;
#4845 = ORIENTED_EDGE ( 'NONE', *, *, #7243, .F. ) ;
#4846 = DIRECTION ( 'NONE',  ( -0.03489418761536633440, -0.01744210212724774459, 0.9992387946552346856 ) ) ;
#4847 = LINE ( 'NONE', #2414, #1134 ) ;
#4848 = ORIENTED_EDGE ( 'NONE', *, *, #5829, .F. ) ;
#4849 = CARTESIAN_POINT ( 'NONE',  ( 2.250000000000000000, 0.9000000000000000222, 0.5000000000000000000 ) ) ;
#4850 = DIRECTION ( 'NONE',  ( 0.000000000000000000, 0.000000000000000000, 1.000000000000000000 ) ) ;
#4851 = DIRECTION ( 'NONE',  ( 0.000000000000000000, 0.000000000000000000, -1.000000000000000000 ) ) ;
#4852 = DIRECTION ( 'NONE',  ( 0.000000000000000000, 0.000000000000000000, 1.000000000000000000 ) ) ;
#4853 = LINE ( 'NONE', #1874, #4790 ) ;
#4854 = LINE ( 'NONE', #168, #2332 ) ;
#4855 = ORIENTED_EDGE ( 'NONE', *, *, #1568, .T. ) ;
#4856 = PLANE ( 'NONE',  #94 ) ;
#4857 = CARTESIAN_POINT ( 'NONE',  ( -1.800000000000000044, 0.3499999999999999778, 2.299999999999999822 ) ) ;
#4858 = DIRECTION ( 'NONE',  ( 0.03489418764677449519, 0.01744205053773274089, 0.9992387955546516709 ) ) ;
#4859 = ORIENTED_EDGE ( 'NONE', *, *, #5615, .F. ) ;
#4860 = CARTESIAN_POINT ( 'NONE',  ( -0.8510497311867469827, -0.3755476762870770258, 3.500000000000000000 ) ) ;
#4861 = ORIENTED_EDGE ( 'NONE', *, *, #4786, .T. ) ;
#4862 = ORIENTED_EDGE ( 'NONE', *, *, #7350, .F. ) ;
#4863 = LINE ( 'NONE', #836, #3816 ) ;
#4864 = DIRECTION ( 'NONE',  ( 1.000000000000000000, 0.000000000000000000, 0.000000000000000000 ) ) ;
#4865 = DIRECTION ( 'NONE',  ( 1.850848880207040227E-14, -1.850848880390555148E-14, 1.000000000000000000 ) ) ;
#4866 = VERTEX_POINT ( 'NONE', #78 ) ;
#4867 = EDGE_LOOP ( 'NONE', ( #835, #3810, #3225, #3304 ) ) ;
#4868 = DIRECTION ( 'NONE',  ( 0.000000000000000000, 0.000000000000000000, -1.000000000000000000 ) ) ;
#4869 = FACE_OUTER_BOUND ( 'NONE', #5409, .T. ) ;
#4870 = DIRECTION ( 'NONE',  ( 0.000000000000000000, -1.084202172485506406E-15, -1.000000000000000000 ) ) ;
#4871 = ADVANCED_FACE ( 'NONE', ( #1158 ), #5964, .F. ) ;
#4872 = CARTESIAN_POINT ( 'NONE',  ( -2.100000000000000089, -0.9449999999999999512, 1.800000000000000044 ) ) ;
#4873 = ORIENTED_EDGE ( 'NONE', *, *, #39, .F. ) ;
#4874 = LINE ( 'NONE', #6774, #6690 ) ;
#4875 = LINE ( 'NONE', #2304, #2693 ) ;
#4876 = EDGE_CURVE ( 'NONE', #909, #3128, #6037, .T. ) ;
#4877 = ORIENTED_EDGE ( 'NONE', *, *, #9, .F. ) ;
#4878 = CARTESIAN_POINT ( 'NONE',  ( 1.541322326374999774, -0.3800000000000000044, 2.330000000000000071 ) ) ;
#4879 = ORIENTED_EDGE ( 'NONE', *, *, #6691, .T. ) ;
#4880 = ORIENTED_EDGE ( 'NONE', *, *, #4717, .F. ) ;
#4881 = EDGE_CURVE ( 'NONE', #2410, #1329, #4934, .T. ) ;
#4882 = EDGE_CURVE ( 'NONE', #7587, #4085, #213, .T. ) ;
#4883 = AXIS2_PLACEMENT_3D ( 'NONE', #7314, #256, #3283 ) ;
#4884 = DIRECTION ( 'NONE',  ( 0.000000000000000000, 0.000000000000000000, 1.000000000000000000 ) ) ;
#4885 = CARTESIAN_POINT ( 'NONE',  ( 0.9550937240699108877, 0.4982546330276609314, 2.100000000000000089 ) ) ;
#4886 = CARTESIAN_POINT ( 'NONE',  ( 1.849999999985170174, -0.4500000000000000111, 2.299999999999999822 ) ) ;
#4887 = FACE_OUTER_BOUND ( 'NONE', #1913, .T. ) ;
#4888 = ORIENTED_EDGE ( 'NONE', *, *, #736, .F. ) ;
#4889 = ORIENTED_EDGE ( 'NONE', *, *, #4713, .T. ) ;
#4890 = DIRECTION ( 'NONE',  ( -1.000000000000000000, 0.000000000000000000, 0.000000000000000000 ) ) ;
#4891 = DIRECTION ( 'NONE',  ( 0.000000000000000000, 1.000000000000000000, 0.000000000000000000 ) ) ;
#4892 = CYLINDRICAL_SURFACE ( 'NONE', #3271, 0.1000000000000000472 ) ;
#4893 = ORIENTED_EDGE ( 'NONE', *, *, #536, .T. ) ;
#4894 = ORIENTED_EDGE ( 'NONE', *, *, #6296, .F. ) ;
#4895 = CARTESIAN_POINT ( 'NONE',  ( 0.000000000000000000, 0.4000000000000000222, 0.5000000000000000000 ) ) ;
#4896 = ADVANCED_FACE ( 'NONE', ( #3177 ), #7279, .T. ) ;
#4897 = CARTESIAN_POINT ( 'NONE',  ( 1.050000000000000044, -0.4000000000000000222, 2.100000000000000089 ) ) ;
#4898 = DIRECTION ( 'NONE',  ( -0.8320502943378430549, -0.5547001962252299245, 0.000000000000000000 ) ) ;
#4899 = VERTEX_POINT ( 'NONE', #7356 ) ;
#4900 = ORIENTED_EDGE ( 'NONE', *, *, #6618, .F. ) ;
#4901 = DIRECTION ( 'NONE',  ( 0.000000000000000000, 0.000000000000000000, -1.000000000000000000 ) ) ;
#4902 = LINE ( 'NONE', #4946, #6516 ) ;
#4903 = VECTOR ( 'NONE', #4168, 1000.000000000000000 ) ;
#4904 = CARTESIAN_POINT ( 'NONE',  ( 0.2461754054898255273, -0.1038245945101579915, 0.3735081097972904884 ) ) ;
#4905 = FACE_OUTER_BOUND ( 'NONE', #2758, .T. ) ;
#4906 = EDGE_CURVE ( 'NONE', #6277, #5699, #477, .T. ) ;
#4907 = FACE_OUTER_BOUND ( 'NONE', #3124, .T. ) ;
#4908 = CARTESIAN_POINT ( 'NONE',  ( 2.108213409826408924, -0.3257758890873969082, 2.299928408781899414 ) ) ;
#4909 = DIRECTION ( 'NONE',  ( 0.000000000000000000, 0.000000000000000000, 1.000000000000000000 ) ) ;
#4910 = VERTEX_POINT ( 'NONE', #1382 ) ;
#4911 = DIRECTION ( 'NONE',  ( 0.000000000000000000, 1.000000000000000000, 0.000000000000000000 ) ) ;
#4912 = VERTEX_POINT ( 'NONE', #4904 ) ;
#4913 = VECTOR ( 'NONE', #6298, 1000.000000000000000 ) ;
#4914 = LINE ( 'NONE', #3005, #6418 ) ;
#4915 = EDGE_CURVE ( 'NONE', #5954, #41, #5637, .T. ) ;
#4916 = LINE ( 'NONE', #7291, #782 ) ;
#4917 = AXIS2_PLACEMENT_3D ( 'NONE', #6222, #3890, #6188 ) ;
#4918 = EDGE_CURVE ( 'NONE', #6648, #6124, #5567, .T. ) ;
#4919 = EDGE_LOOP ( 'NONE', ( #1889, #6446, #7441, #7338 ) ) ;
#4921 = EDGE_CURVE ( 'NONE', #728, #2789, #2040, .T. ) ;
#4920 = CARTESIAN_POINT ( 'NONE',  ( -0.6393875839007105988, -0.3959449308695098257, 0.2532900993116336541 ) ) ;
#4922 = ORIENTED_EDGE ( 'NONE', *, *, #6686, .F. ) ;
#4923 = VERTEX_POINT ( 'NONE', #806 ) ;
#4924 = DIRECTION ( 'NONE',  ( 0.000000000000000000, 0.000000000000000000, -1.000000000000000000 ) ) ;
#4925 = AXIS2_PLACEMENT_3D ( 'NONE', #703, #2413, #4804 ) ;
#4926 = ADVANCED_FACE ( 'NONE', ( #6148 ), #2601, .T. ) ;
#4927 = DIRECTION ( 'NONE',  ( 0.000000000000000000, -1.000000000000000000, 0.000000000000000000 ) ) ;
#4928 = DIRECTION ( 'NONE',  ( 1.000000000000000000, 0.000000000000000000, 0.000000000000000000 ) ) ;
#4929 = CARTESIAN_POINT ( 'NONE',  ( 1.275000000000000133, 0.000000000000000000, 0.000000000000000000 ) ) ;
#4930 = AXIS2_PLACEMENT_3D ( 'NONE', #7062, #1095, #7608 ) ;
#4931 = ORIENTED_EDGE ( 'NONE', *, *, #7657, .T. ) ;
#4932 = ORIENTED_EDGE ( 'NONE', *, *, #5241, .F. ) ;
#4933 = DIRECTION ( 'NONE',  ( -1.000000000000000000, 0.000000000000000000, 0.000000000000000000 ) ) ;
#4934 = B_SPLINE_CURVE_WITH_KNOTS ( 'NONE', 3,
 ( #697, #120, #2484, #3703, #6084, #7673, #5920, #2961, #5339, #7716, #262, #1973, #6811, #5528, #2561, #3813, #4329, #1419, #3108, #2519, #7322, #149 ),
 .UNSPECIFIED., .F., .F.,
 ( 4, 3, 3, 3, 3, 3, 3, 4 ),
 ( 2.168404344971008868E-19, 3.610820105796589714E-05, 7.184635173968875635E-05, 0.0001248418017079281185, 0.0001793155921833510891, 0.0001996016952607254993, 0.0002135996456861059540, 0.0002177643733424374612 ),
 .UNSPECIFIED. ) ;
#4935 = AXIS2_PLACEMENT_3D ( 'NONE', #7661, #4153, #2270 ) ;
#4936 = CIRCLE ( 'NONE', #5304, 0.1000000000000000472 ) ;
#4937 = DIRECTION ( 'NONE',  ( -1.000000000000000000, 0.000000000000000000, 0.000000000000000000 ) ) ;
#4938 =( BOUNDED_CURVE ( )  B_SPLINE_CURVE ( 3, ( #7215, #7173, #3592, #4254 ),
 .UNSPECIFIED., .F., .T. ) 
 B_SPLINE_CURVE_WITH_KNOTS ( ( 4, 4 ),
 ( 4.712388980384689674, 6.233226911461740016 ),
 .UNSPECIFIED. ) 
 CURVE ( )  GEOMETRIC_REPRESENTATION_ITEM ( )  RATIONAL_B_SPLINE_CURVE ( ( 1.000000000000000000, 0.8163648751927300440, 0.8163648751927300440, 1.000000000000000000 ) ) 
 REPRESENTATION_ITEM ( '' )  );
#4939 = VECTOR ( 'NONE', #1365, 1000.000000000000000 ) ;
#4940 = CARTESIAN_POINT ( 'NONE',  ( 0.1163376014357000027, 0.000000000000000000, 0.2500000000000000000 ) ) ;
#4941 = VECTOR ( 'NONE', #6740, 1000.000000000000000 ) ;
#4942 = VERTEX_POINT ( 'NONE', #4394 ) ;
#4943 = EDGE_LOOP ( 'NONE', ( #6368, #7366, #4628, #3507, #51, #5772, #646, #3482, #1490, #7046, #3685, #7364 ) ) ;
#4944 = DIRECTION ( 'NONE',  ( 0.000000000000000000, 0.000000000000000000, -1.000000000000000000 ) ) ;
#4945 = VECTOR ( 'NONE', #36, 1000.000000000000000 ) ;
#4946 = CARTESIAN_POINT ( 'NONE',  ( 1.875000000000000000, -0.9000000000000000222, 0.000000000000000000 ) ) ;
#4947 = DIRECTION ( 'NONE',  ( -1.000000000000000000, 0.000000000000000000, 0.000000000000000000 ) ) ;
#4948 = VECTOR ( 'NONE', #6420, 1000.000000000000000 ) ;
#4949 = LINE ( 'NONE', #2521, #6049 ) ;
#4950 = VECTOR ( 'NONE', #7055, 1000.000000000000000 ) ;
#4951 = LINE ( 'NONE', #3038, #6753 ) ;
#4952 = CARTESIAN_POINT ( 'NONE',  ( 0.2650000000000000133, 0.08499999999999569011, 0.7500000000000000000 ) ) ;
#4953 = FACE_OUTER_BOUND ( 'NONE', #1449, .T. ) ;
#4954 = ORIENTED_EDGE ( 'NONE', *, *, #449, .F. ) ;
#4955 = CARTESIAN_POINT ( 'NONE',  ( -1.049307146380979994, -1.299999999960507857, 1.383333099070761962 ) ) ;
#4956 = DIRECTION ( 'NONE',  ( 0.000000000000000000, -1.000000000000000000, 0.000000000000000000 ) ) ;
#4957 = VECTOR ( 'NONE', #2087, 1000.000000000000000 ) ;
#4958 = ORIENTED_EDGE ( 'NONE', *, *, #121, .F. ) ;
#4959 = CARTESIAN_POINT ( 'NONE',  ( -2.100000000000000089, 0.4749999999999999778, 2.100000000000000089 ) ) ;
#4960 = CARTESIAN_POINT ( 'NONE',  ( 1.800000000000000044, -0.3499999999999999778, 2.299999999999999822 ) ) ;
#4961 = CARTESIAN_POINT ( 'NONE',  ( 0.5538995006676979971, -0.7038995806281430623, 0.3720083874381384659 ) ) ;
#4962 = ORIENTED_EDGE ( 'NONE', *, *, #1466, .T. ) ;
#4963 = CARTESIAN_POINT ( 'NONE',  ( 2.220000000000000195, 0.4749999999999999778, 2.299999999999999822 ) ) ;
#4964 = ORIENTED_EDGE ( 'NONE', *, *, #494, .F. ) ;
#4965 = ADVANCED_FACE ( 'NONE', ( #6768 ), #3741, .T. ) ;
#4966 = CYLINDRICAL_SURFACE ( 'NONE', #1905, 0.1000000000000000472 ) ;
#4967 = FACE_OUTER_BOUND ( 'NONE', #3870, .T. ) ;
#4968 = ORIENTED_EDGE ( 'NONE', *, *, #5828, .F. ) ;
#4969 = ADVANCED_FACE ( 'NONE', ( #846 ), #6809, .T. ) ;
#4970 = ORIENTED_EDGE ( 'NONE', *, *, #3488, .T. ) ;
#4971 = DIRECTION ( 'NONE',  ( 0.000000000000000000, 0.000000000000000000, 1.000000000000000000 ) ) ;
#4972 = ADVANCED_FACE ( 'NONE', ( #2672 ), #6848, .F. ) ;
#4973 = DIRECTION ( 'NONE',  ( 0.000000000000000000, 1.000000000000000000, 0.000000000000000000 ) ) ;
#4974 = LINE ( 'NONE', #4940, #2839 ) ;
#4975 = ORIENTED_EDGE ( 'NONE', *, *, #2196, .T. ) ;
#4976 = ORIENTED_EDGE ( 'NONE', *, *, #162, .F. ) ;
#4977 = FACE_OUTER_BOUND ( 'NONE', #1574, .T. ) ;
#4978 = CARTESIAN_POINT ( 'NONE',  ( -0.5539744068252160369, 0.4959994463076039528, 0.3705099644633425005 ) ) ;
#4979 = DIRECTION ( 'NONE',  ( 0.000000000000000000, 0.000000000000000000, 1.000000000000000000 ) ) ;
#4980 = DIRECTION ( 'NONE',  ( 1.000000000000000000, 0.000000000000000000, 0.000000000000000000 ) ) ;
#4981 = DIRECTION ( 'NONE',  ( 0.000000000000000000, 0.000000000000000000, 1.000000000000000000 ) ) ;
#4982 = CARTESIAN_POINT ( 'NONE',  ( 2.175147298125089446, -0.3735592548386453826, 2.285642342265744809 ) ) ;
#4983 = FACE_OUTER_BOUND ( 'NONE', #667, .T. ) ;
#4984 = ORIENTED_EDGE ( 'NONE', *, *, #5241, .T. ) ;
#4985 = DIRECTION ( 'NONE',  ( 1.000000000000000000, 0.000000000000000000, 0.000000000000000000 ) ) ;
#4986 = CARTESIAN_POINT ( 'NONE',  ( -0.6104931076458645078, 0.1604931076458645245, 0.2500000000000000555 ) ) ;
#4987 = ORIENTED_EDGE ( 'NONE', *, *, #730, .T. ) ;
#4988 = ADVANCED_FACE ( 'NONE', ( #4477 ), #3140, .F. ) ;
#4989 = PLANE ( 'NONE',  #3893 ) ;
#4990 = ORIENTED_EDGE ( 'NONE', *, *, #904, .T. ) ;
#4991 = LINE ( 'NONE', #7368, #4580 ) ;
#4992 = EDGE_LOOP ( 'NONE', ( #2809, #4164, #6170, #5593, #2851 ) ) ;
#4993 = CARTESIAN_POINT ( 'NONE',  ( -1.824999999999999956, 0.1658312395178000165, 2.100000000000000089 ) ) ;
#4994 = ORIENTED_EDGE ( 'NONE', *, *, #2674, .T. ) ;
#4995 = ORIENTED_EDGE ( 'NONE', *, *, #1994, .F. ) ;
#4996 = CARTESIAN_POINT ( 'NONE',  ( -0.9965079230506389552, -0.3983003557155185281, 2.100000000000000089 ) ) ;
#4997 = CARTESIAN_POINT ( 'NONE',  ( -1.525000000000000133, -0.9499999999999999556, 0.5000000000000000000 ) ) ;
#4998 = ORIENTED_EDGE ( 'NONE', *, *, #1287, .F. ) ;
#4999 = EDGE_LOOP ( 'NONE', ( #4706, #5508, #4379, #1660 ) ) ;
#5000 = CARTESIAN_POINT ( 'NONE',  ( 0.1895068923541361749, -0.1604931076458638028, 0.2500000000000003331 ) ) ;
#5001 = CIRCLE ( 'NONE', #6750, 0.09999999999999982514 ) ;
#5002 = DIRECTION ( 'NONE',  ( -1.850848880286015301E-14, 1.626303258728280001E-14, -1.000000000000000000 ) ) ;
#5003 = ADVANCED_FACE ( 'NONE', ( #4597 ), #5720, .F. ) ;
#5004 = CARTESIAN_POINT ( 'NONE',  ( 1.275000000000000133, 0.000000000000000000, 0.2500000000000000000 ) ) ;
#5005 = VERTEX_POINT ( 'NONE', #2204 ) ;
#5006 = EDGE_CURVE ( 'NONE', #178, #7450, #5, .T. ) ;
#5007 = ORIENTED_EDGE ( 'NONE', *, *, #4073, .T. ) ;
#5008 = LINE ( 'NONE', #7388, #958 ) ;
#5009 = EDGE_CURVE ( 'NONE', #3388, #4373, #2416, .T. ) ;
#5010 = EDGE_CURVE ( 'NONE', #4084, #299, #6887, .T. ) ;
#5011 = AXIS2_PLACEMENT_3D ( 'NONE', #4843, #660, #5571 ) ;
#5012 = LINE ( 'NONE', #3740, #7641 ) ;
#5013 = CARTESIAN_POINT ( 'NONE',  ( -1.880901699437000030, -0.9050000000000000266, 2.200000000000000178 ) ) ;
#5014 = CARTESIAN_POINT ( 'NONE',  ( -2.157500000146565178, 0.3822975189705855037, 2.100000000000000089 ) ) ;
#5015 = VECTOR ( 'NONE', #7533, 1000.000000000000000 ) ;
#5016 = DIRECTION ( 'NONE',  ( 0.000000000000000000, 0.000000000000000000, -1.000000000000000000 ) ) ;
#5017 = CARTESIAN_POINT ( 'NONE',  ( -1.275000000000000133, 0.9000000000000000222, 0.5000000000000000000 ) ) ;
#5018 = DIRECTION ( 'NONE',  ( -1.000000000000000000, 0.000000000000000000, 0.000000000000000000 ) ) ;
#5019 = ORIENTED_EDGE ( 'NONE', *, *, #5294, .T. ) ;
#5020 = CARTESIAN_POINT ( 'NONE',  ( 2.299999999999999822, -0.6500000000000000222, 1.500000000000000000 ) ) ;
#5021 = CARTESIAN_POINT ( 'NONE',  ( -0.2461754054898420141, -0.1038245945101804041, 0.3735081097972889896 ) ) ;
#5022 = ORIENTED_EDGE ( 'NONE', *, *, #6023, .T. ) ;
#5023 = PLANE ( 'NONE',  #2771 ) ;
#5024 = VERTEX_POINT ( 'NONE', #4048 ) ;
#5025 = DIRECTION ( 'NONE',  ( 0.000000000000000000, 0.000000000000000000, -1.000000000000000000 ) ) ;
#5026 = VERTEX_POINT ( 'NONE', #7591 ) ;
#5027 = ORIENTED_EDGE ( 'NONE', *, *, #903, .F. ) ;
#5028 = EDGE_LOOP ( 'NONE', ( #3071, #6674, #6625, #6145, #2245, #4848 ) ) ;
#5029 = AXIS2_PLACEMENT_3D ( 'NONE', #1421, #3218, #809 ) ;
#5030 = PLANE ( 'NONE',  #6643 ) ;
#5031 = CARTESIAN_POINT ( 'NONE',  ( 0.8474851575502999612, -0.3737658139923999978, 3.502082823009000201 ) ) ;
#5032 = CARTESIAN_POINT ( 'NONE',  ( -1.875000000000000000, -0.9499999999999999556, 0.6500000000000000222 ) ) ;
#5033 = ORIENTED_EDGE ( 'NONE', *, *, #6734, .F. ) ;
#5034 = AXIS2_PLACEMENT_3D ( 'NONE', #4993, #5074, #7454 ) ;
#5035 = EDGE_LOOP ( 'NONE', ( #194, #5280, #1047, #2935 ) ) ;
#5036 = DIRECTION ( 'NONE',  ( 0.000000000000000000, 0.000000000000000000, -1.000000000000000000 ) ) ;
#5037 = ADVANCED_FACE ( 'NONE', ( #2236 ), #499, .F. ) ;
#5038 = CARTESIAN_POINT ( 'NONE',  ( 0.9499999999999999556, 0.4000000000000000222, 2.299999999999999822 ) ) ;
#5039 = AXIS2_PLACEMENT_3D ( 'NONE', #2004, #307, #1974 ) ;
#5040 = EDGE_CURVE ( 'NONE', #1416, #1262, #1541, .T. ) ;
#5041 = ORIENTED_EDGE ( 'NONE', *, *, #7609, .T. ) ;
#5042 = LINE ( 'NONE', #5121, #5827 ) ;
#5043 = ORIENTED_EDGE ( 'NONE', *, *, #863, .F. ) ;
#5044 = ORIENTED_EDGE ( 'NONE', *, *, #5245, .F. ) ;
#5045 = LINE ( 'NONE', #1581, #7690 ) ;
#5046 = DIRECTION ( 'NONE',  ( -1.000000000000000000, 0.000000000000000000, 0.000000000000000000 ) ) ;
#5047 = DIRECTION ( 'NONE',  ( 0.000000000000000000, 0.000000000000000000, 1.000000000000000000 ) ) ;
#5048 = AXIS2_PLACEMENT_3D ( 'NONE', #6542, #2998, #4798 ) ;
#5049 = DIRECTION ( 'NONE',  ( 1.850848880286015301E-14, -1.850848880569200273E-14, 1.000000000000000000 ) ) ;
#5050 = CARTESIAN_POINT ( 'NONE',  ( 1.469999999999999973, -0.2999999999940560214, 2.399999999999999911 ) ) ;
#5051 = EDGE_CURVE ( 'NONE', #105, #3639, #4553, .T. ) ;
#5052 = VECTOR ( 'NONE', #4746, 1000.000000000000000 ) ;
#5053 = EDGE_CURVE ( 'NONE', #1341, #5082, #3932, .T. ) ;
#5054 = DIRECTION ( 'NONE',  ( 0.000000000000000000, 0.000000000000000000, 1.000000000000000000 ) ) ;
#5055 = VECTOR ( 'NONE', #7327, 1000.000000000000000 ) ;
#5056 = LINE ( 'NONE', #7438, #4957 ) ;
#5057 = CYLINDRICAL_SURFACE ( 'NONE', #1323, 0.1000000000000000056 ) ;
#5058 = VERTEX_POINT ( 'NONE', #7472 ) ;
#5059 = CARTESIAN_POINT ( 'NONE',  ( -0.1163376014357000027, 0.8336623985643000223, 0.2500000000000000000 ) ) ;
#5060 = DIRECTION ( 'NONE',  ( 0.000000000000000000, 0.000000000000000000, -1.000000000000000000 ) ) ;
#5061 = LINE ( 'NONE', #1509, #3076 ) ;
#5062 = ORIENTED_EDGE ( 'NONE', *, *, #3146, .F. ) ;
#5063 = ADVANCED_FACE ( 'NONE', ( #7622 ), #3414, .T. ) ;
#5064 = VECTOR ( 'NONE', #412, 1000.000000000000000 ) ;
#5065 = CIRCLE ( 'NONE', #3324, 0.2000000000000000944 ) ;
#5066 = VECTOR ( 'NONE', #7390, 1000.000000000000000 ) ;
#5067 = EDGE_CURVE ( 'NONE', #1806, #5543, #6412, .T. ) ;
#5068 = DIRECTION ( 'NONE',  ( 0.000000000000000000, -1.000000000000000000, 0.000000000000000000 ) ) ;
#5069 = CIRCLE ( 'NONE', #476, 0.2999999999999999334 ) ;
#5070 = ORIENTED_EDGE ( 'NONE', *, *, #5298, .T. ) ;
#5071 = CYLINDRICAL_SURFACE ( 'NONE', #4199, 0.1300000000000000044 ) ;
#5072 = AXIS2_PLACEMENT_3D ( 'NONE', #5631, #987, #4737 ) ;
#5073 = VERTEX_POINT ( 'NONE', #3458 ) ;
#5074 = DIRECTION ( 'NONE',  ( 0.000000000000000000, 0.000000000000000000, -1.000000000000000000 ) ) ;
#5075 = VERTEX_POINT ( 'NONE', #956 ) ;
#5076 = ORIENTED_EDGE ( 'NONE', *, *, #4314, .T. ) ;
#5077 = VECTOR ( 'NONE', #7102, 1000.000000000000000 ) ;
#5078 = CARTESIAN_POINT ( 'NONE',  ( -2.000000000022256863, 0.3878679656450518265, 2.329999999999998295 ) ) ;
#5079 = DIRECTION ( 'NONE',  ( 1.000000000000000000, 0.000000000000000000, 0.000000000000000000 ) ) ;
#5080 = ADVANCED_BREP_SHAPE_REPRESENTATION ( 'Same_Sky_TS31-46-35-BK-B-160-RA-SMT-TR', ( #3037, #3156, #2532 ), #5521 ) ;
#5081 = VERTEX_POINT ( 'NONE', #1584 ) ;
#5082 = VERTEX_POINT ( 'NONE', #422 ) ;
#5083 = CARTESIAN_POINT ( 'NONE',  ( 2.194999999999999840, -0.2750000000000000222, 2.484815000000000218 ) ) ;
#5084 = ADVANCED_FACE ( 'NONE', ( #7551 ), #464, .T. ) ;
#5085 = FACE_OUTER_BOUND ( 'NONE', #5805, .T. ) ;
#5086 = ORIENTED_EDGE ( 'NONE', *, *, #4640, .F. ) ;
#5087 = LINE ( 'NONE', #2788, #7692 ) ;
#5088 = ORIENTED_EDGE ( 'NONE', *, *, #7106, .F. ) ;
#5089 = ORIENTED_EDGE ( 'NONE', *, *, #4691, .F. ) ;
#5090 = DIRECTION ( 'NONE',  ( 1.000000000000000000, 2.046702651109489023E-11, 0.000000000000000000 ) ) ;
#5091 = PLANE ( 'NONE',  #1407 ) ;
#5092 = DIRECTION ( 'NONE',  ( -1.000000000000000000, 0.000000000000000000, 0.000000000000000000 ) ) ;
#5093 = CARTESIAN_POINT ( 'NONE',  ( 2.100000000000000089, -0.9449999999999999512, 2.299999999999999822 ) ) ;
#5094 = FACE_OUTER_BOUND ( 'NONE', #3728, .T. ) ;
#5095 = CARTESIAN_POINT ( 'NONE',  ( 1.000000000000000000, 0.5000000000000000000, 2.000000000000000000 ) ) ;
#5096 = CARTESIAN_POINT ( 'NONE',  ( -0.8510499682816999867, 0.3755476762960995307, 3.399999999999999911 ) ) ;
#5097 = DIRECTION ( 'NONE',  ( 1.000000000000000000, 0.000000000000000000, 0.000000000000000000 ) ) ;
#5098 = ORIENTED_EDGE ( 'NONE', *, *, #1104, .F. ) ;
#5099 = CARTESIAN_POINT ( 'NONE',  ( 0.7500000000000000000, -0.08500000000000000611, 0.7500000000000000000 ) ) ;
#5100 = CARTESIAN_POINT ( 'NONE',  ( 0.6457981905897307584, -0.8159617731181821876, 0.2512106842210261592 ) ) ;
#5101 = LINE ( 'NONE', #1839, #6302 ) ;
#5102 = ORIENTED_EDGE ( 'NONE', *, *, #3732, .T. ) ;
#5103 = CARTESIAN_POINT ( 'NONE',  ( -1.500000000000000000, -0.2500000000000000000, 2.100000000000000089 ) ) ;
#5104 = EDGE_CURVE ( 'NONE', #5183, #1580, #4123, .T. ) ;
#5105 = CARTESIAN_POINT ( 'NONE',  ( 0.5540493129827800400, 0.7041281197247462043, 0.3690137403439990305 ) ) ;
#5106 = ORIENTED_EDGE ( 'NONE', *, *, #1295, .F. ) ;
#5107 = CARTESIAN_POINT ( 'NONE',  ( 0.1163376014357000027, 0.8336623985643000223, 0.2500000000000000000 ) ) ;
#5108 = VERTEX_POINT ( 'NONE', #3574 ) ;
#5109 = ORIENTED_EDGE ( 'NONE', *, *, #5373, .F. ) ;
#5110 = EDGE_CURVE ( 'NONE', #2491, #4102, #6609, .T. ) ;
#5111 = EDGE_CURVE ( 'NONE', #2136, #6193, #4298, .T. ) ;
#5112 = EDGE_CURVE ( 'NONE', #4482, #6429, #2358, .T. ) ;
#5113 = CARTESIAN_POINT ( 'NONE',  ( -1.929400000011783467, 0.3465114431481139401, 2.400000000000003020 ) ) ;
#5114 = DIRECTION ( 'NONE',  ( 0.000000000000000000, 0.000000000000000000, -1.000000000000000000 ) ) ;
#5115 = CARTESIAN_POINT ( 'NONE',  ( -1.049307146380979994, -1.299999999960507857, 1.383333099070761962 ) ) ;
#5116 = ORIENTED_EDGE ( 'NONE', *, *, #4689, .F. ) ;
#5117 = VERTEX_POINT ( 'NONE', #1265 ) ;
#5118 = PLANE ( 'NONE',  #4322 ) ;
#5119 = DIRECTION ( 'NONE',  ( 0.000000000000000000, 1.000000000000000000, 0.000000000000000000 ) ) ;
#5120 = ORIENTED_EDGE ( 'NONE', *, *, #7305, .F. ) ;
#5121 = CARTESIAN_POINT ( 'NONE',  ( -0.6500000000000000222, -0.9000000000000000222, 0.2500000000000000000 ) ) ;
#5122 = ORIENTED_EDGE ( 'NONE', *, *, #494, .T. ) ;
#5123 = ORIENTED_EDGE ( 'NONE', *, *, #2150, .T. ) ;
#5124 = DIRECTION ( 'NONE',  ( 0.000000000000000000, 0.000000000000000000, -1.000000000000000000 ) ) ;
#5125 = FACE_OUTER_BOUND ( 'NONE', #275, .T. ) ;
#5126 = EDGE_CURVE ( 'NONE', #6802, #2348, #2989, .T. ) ;
#5127 = CARTESIAN_POINT ( 'NONE',  ( -0.6490056111029567365, 0.8243264472718991875, 0.2502619736960299823 ) ) ;
#5128 = AXIS2_PLACEMENT_3D ( 'NONE', #681, #6020, #6564 ) ;
#5129 = CARTESIAN_POINT ( 'NONE',  ( 0.000000000000000000, -0.3663376014356999888, 0.2500000000000000000 ) ) ;
#5130 = CARTESIAN_POINT ( 'NONE',  ( 0.2650000000000000133, 0.9000000000000000222, 0.7500000000000000000 ) ) ;
#5131 = CARTESIAN_POINT ( 'NONE',  ( -1.375000000000000000, 0.5000000000000000000, -0.01353651450349999813 ) ) ;
#5132 = CIRCLE ( 'NONE', #4766, 0.07999999999635555581 ) ;
#5133 = CARTESIAN_POINT ( 'NONE',  ( -1.849999999995924904, -0.4500000000000000111, 2.299999999999999822 ) ) ;
#5134 = CARTESIAN_POINT ( 'NONE',  ( 0.6032749857866669396, 0.7590878250104524660, 0.2735169826720624808 ) ) ;
#5135 = VERTEX_POINT ( 'NONE', #7663 ) ;
#5136 = DIRECTION ( 'NONE',  ( 1.000000000000000000, 0.000000000000000000, 0.000000000000000000 ) ) ;
#5137 = CARTESIAN_POINT ( 'NONE',  ( 0.6499999999871857170, -0.8322477909569265808, 0.2499999999999310552 ) ) ;
#5138 = DIRECTION ( 'NONE',  ( 0.000000000000000000, 0.000000000000000000, -1.000000000000000000 ) ) ;
#5139 = ORIENTED_EDGE ( 'NONE', *, *, #5861, .T. ) ;
#5140 = EDGE_CURVE ( 'NONE', #4836, #5108, #5913, .T. ) ;
#5141 = VECTOR ( 'NONE', #4981, 1000.000000000000000 ) ;
#5142 = CARTESIAN_POINT ( 'NONE',  ( -2.170710678118999759, -0.3750000000000000000, 2.170710678118999759 ) ) ;
#5143 = EDGE_CURVE ( 'NONE', #893, #1786, #5363, .T. ) ;
#5144 = DIRECTION ( 'NONE',  ( -1.000000000000000000, 0.000000000000000000, 0.000000000000000000 ) ) ;
#5145 = ORIENTED_EDGE ( 'NONE', *, *, #5626, .T. ) ;
#5146 = ORIENTED_EDGE ( 'NONE', *, *, #6288, .T. ) ;
#5147 = AXIS2_PLACEMENT_3D ( 'NONE', #568, #2427, #1259 ) ;
#5148 = EDGE_LOOP ( 'NONE', ( #7270, #1838, #6624, #7617 ) ) ;
#5149 = DIRECTION ( 'NONE',  ( 0.000000000000000000, 0.000000000000000000, 1.000000000000000000 ) ) ;
#5150 = EDGE_CURVE ( 'NONE', #3794, #855, #1186, .T. ) ;
#5151 = CARTESIAN_POINT ( 'NONE',  ( 0.6500000000000000222, -0.3499999999999999778, 0.2500000000000000000 ) ) ;
#5152 = EDGE_CURVE ( 'NONE', #6069, #5660, #7080, .T. ) ;
#5153 = AXIS2_PLACEMENT_3D ( 'NONE', #6999, #5755, #5092 ) ;
#5154 = PLANE ( 'NONE',  #1666 ) ;
#5155 = DIRECTION ( 'NONE',  ( 1.000000000000000000, 0.000000000000000000, 0.000000000000000000 ) ) ;
#5156 = ORIENTED_EDGE ( 'NONE', *, *, #2205, .T. ) ;
#5157 = CARTESIAN_POINT ( 'NONE',  ( 1.850000000000000089, 0.2999999999999999889, 2.330000000000000071 ) ) ;
#5158 = EDGE_CURVE ( 'NONE', #1866, #7456, #2396, .T. ) ;
#5159 = CIRCLE ( 'NONE', #2031, 0.09999999999999982514 ) ;
#5160 = CARTESIAN_POINT ( 'NONE',  ( -2.250000000000000000, 0.9000000000000000222, 0.5000000000000000000 ) ) ;
#5161 = ORIENTED_EDGE ( 'NONE', *, *, #7639, .F. ) ;
#5162 = VECTOR ( 'NONE', #3459, 1000.000000000000000 ) ;
#5163 = LINE ( 'NONE', #2198, #4340 ) ;
#5164 = VERTEX_POINT ( 'NONE', #6572 ) ;
#5165 = ORIENTED_EDGE ( 'NONE', *, *, #1914, .T. ) ;
#5166 = DIRECTION ( 'NONE',  ( 0.000000000000000000, 0.000000000000000000, -1.000000000000000000 ) ) ;
#5167 = CARTESIAN_POINT ( 'NONE',  ( -0.6499999999999602762, 0.8290151734930252259, 0.2500000000000000555 ) ) ;
#5168 = PRESENTATION_LAYER_ASSIGNMENT (  '', '', ( #2425 ) ) ;
#5169 = DIRECTION ( 'NONE',  ( 0.000000000000000000, 1.445602896647339508E-15, 1.000000000000000000 ) ) ;
#5170 = FACE_OUTER_BOUND ( 'NONE', #7331, .T. ) ;
#5171 = FACE_OUTER_BOUND ( 'NONE', #3044, .T. ) ;
#5172 = DIRECTION ( 'NONE',  ( 0.000000000000000000, 1.000000000000000000, 0.000000000000000000 ) ) ;
#5173 = CARTESIAN_POINT ( 'NONE',  ( 0.7500000000000000000, 0.6849999999999999423, 0.7500000000000000000 ) ) ;
#5174 = ORIENTED_EDGE ( 'NONE', *, *, #3351, .F. ) ;
#5175 = PLANE ( 'NONE',  #1209 ) ;
#5176 = DIRECTION ( 'NONE',  ( -4.336808689942025625E-15, 0.000000000000000000, -1.000000000000000000 ) ) ;
#5177 = DIRECTION ( 'NONE',  ( 0.000000000000000000, 0.000000000000000000, 1.000000000000000000 ) ) ;
#5178 = ORIENTED_EDGE ( 'NONE', *, *, #2030, .T. ) ;
#5179 = AXIS2_PLACEMENT_3D ( 'NONE', #1301, #1342, #1371 ) ;
#5180 = VECTOR ( 'NONE', #3376, 1000.000000000000000 ) ;
#5181 = FACE_OUTER_BOUND ( 'NONE', #7018, .T. ) ;
#5182 = LINE ( 'NONE', #5810, #2954 ) ;
#5183 = VERTEX_POINT ( 'NONE', #5281 ) ;
#5184 = CIRCLE ( 'NONE', #3447, 0.1000000000000000472 ) ;
#5185 = DIRECTION ( 'NONE',  ( 1.000000000000000000, 0.000000000000000000, 0.000000000000000000 ) ) ;
#5186 = ORIENTED_EDGE ( 'NONE', *, *, #204, .F. ) ;
#5187 = TOROIDAL_SURFACE ( 'NONE', #3070, 0.08000000000000000167, 0.06999999999999999278 ) ;
#5188 = ORIENTED_EDGE ( 'NONE', *, *, #2702, .T. ) ;
#5189 = CARTESIAN_POINT ( 'NONE',  ( -0.1163376014357000027, -0.8336623985643000223, 0.2500000000000000000 ) ) ;
#5190 = AXIS2_PLACEMENT_3D ( 'NONE', #7478, #6380, #1037 ) ;
#5191 = LINE ( 'NONE', #6953, #6241 ) ;
#5192 = VECTOR ( 'NONE', #233, 1000.000000000000000 ) ;
#5193 = DIRECTION ( 'NONE',  ( 1.000000000000000000, 0.000000000000000000, 0.000000000000000000 ) ) ;
#5194 = CARTESIAN_POINT ( 'NONE',  ( 0.6031414644350421295, 0.4410628424224071198, 0.2736226604981508159 ) ) ;
#5195 = VERTEX_POINT ( 'NONE', #3613 ) ;
#5196 = LINE ( 'NONE', #5272, #830 ) ;
#5197 = VECTOR ( 'NONE', #1305, 1000.000000000000000 ) ;
#5198 = EDGE_CURVE ( 'NONE', #1397, #1985, #1734, .T. ) ;
#5199 = DIRECTION ( 'NONE',  ( 0.000000000000000000, 1.000000000000000000, 0.000000000000000000 ) ) ;
#5200 = EDGE_LOOP ( 'NONE', ( #1318, #5749, #6158, #4095 ) ) ;
#5201 = ADVANCED_FACE ( 'NONE', ( #3493 ), #2948, .T. ) ;
#5202 = VERTEX_POINT ( 'NONE', #7708 ) ;
#5203 = ORIENTED_EDGE ( 'NONE', *, *, #2477, .F. ) ;
#5204 = DIRECTION ( 'NONE',  ( 0.000000000000000000, 0.000000000000000000, -1.000000000000000000 ) ) ;
#5205 = CARTESIAN_POINT ( 'NONE',  ( 1.899999999999999911, 0.2500000000000000000, 2.100000000000000089 ) ) ;
#5206 = DIRECTION ( 'NONE',  ( -1.000000000000000000, 0.000000000000000000, 0.000000000000000000 ) ) ;
#5207 = ADVANCED_FACE ( 'NONE', ( #4157 ), #4198, .T. ) ;
#5208 = EDGE_CURVE ( 'NONE', #6229, #1951, #5159, .T. ) ;
#5209 = CARTESIAN_POINT ( 'NONE',  ( -1.550000000007009993, 0.4500000000000000111, 2.330000000000000071 ) ) ;
#5210 = DIRECTION ( 'NONE',  ( 0.000000000000000000, 0.000000000000000000, -1.000000000000000000 ) ) ;
#5211 = FACE_OUTER_BOUND ( 'NONE', #2221, .T. ) ;
#5212 = CARTESIAN_POINT ( 'NONE',  ( 0.5748020454931664913, 0.7276259650513098309, 0.3047917905555170281 ) ) ;
#5213 = VERTEX_POINT ( 'NONE', #1055 ) ;
#5214 = CARTESIAN_POINT ( 'NONE',  ( 2.044999999999999929, -0.9050000000000000266, 2.100000000000000089 ) ) ;
#5215 = DIRECTION ( 'NONE',  ( 1.000000000000000000, -1.599926653983620035E-10, -9.293161481792480765E-15 ) ) ;
#5216 = CARTESIAN_POINT ( 'NONE',  ( -1.824999999999999956, -0.1658312395178000165, 2.299999999999999822 ) ) ;
#5217 = EDGE_LOOP ( 'NONE', ( #197, #1900, #821 ) ) ;
#5218 = CARTESIAN_POINT ( 'NONE',  ( -1.899999999999999911, 0.3499999999999999778, 2.100000000000000089 ) ) ;
#5219 = CARTESIAN_POINT ( 'NONE',  ( 0.000000000000000000, 0.5000000000000000000, 2.200000000000000178 ) ) ;
#5220 = ORIENTED_EDGE ( 'NONE', *, *, #5770, .T. ) ;
#5221 = CARTESIAN_POINT ( 'NONE',  ( -1.899999999999999911, 0.3499999999999999778, 2.100000000000000089 ) ) ;
#5222 = ORIENTED_EDGE ( 'NONE', *, *, #1145, .F. ) ;
#5223 = EDGE_CURVE ( 'NONE', #5553, #3668, #5822, .T. ) ;
#5224 = DIRECTION ( 'NONE',  ( 0.000000000000000000, 0.000000000000000000, -1.000000000000000000 ) ) ;
#5225 = CARTESIAN_POINT ( 'NONE',  ( 1.375000000000000000, -0.5000000000000000000, -0.01353651450349999813 ) ) ;
#5226 = CARTESIAN_POINT ( 'NONE',  ( 2.299999999999999822, -0.6449999999999999067, 1.800000000000000044 ) ) ;
#5227 = CARTESIAN_POINT ( 'NONE',  ( 1.849999999997400169, 0.3800000000000000044, 2.330000000000000071 ) ) ;
#5228 = LINE ( 'NONE', #3602, #1945 ) ;
#5229 = ORIENTED_EDGE ( 'NONE', *, *, #3714, .T. ) ;
#5230 = DIRECTION ( 'NONE',  ( 0.000000000000000000, 1.000000000000000000, 0.000000000000000000 ) ) ;
#5231 = EDGE_CURVE ( 'NONE', #244, #2147, #5743, .T. ) ;
#5232 = CARTESIAN_POINT ( 'NONE',  ( 1.275000000000000133, 0.000000000000000000, 0.2500000000000000000 ) ) ;
#5233 = VERTEX_POINT ( 'NONE', #6400 ) ;
#5234 = EDGE_CURVE ( 'NONE', #3118, #1430, #3045, .T. ) ;
#5235 =( BOUNDED_CURVE ( )  B_SPLINE_CURVE ( 3, ( #198, #1286, #4885, #4409 ),
 .UNSPECIFIED., .F., .T. ) 
 B_SPLINE_CURVE_WITH_KNOTS ( ( 4, 4 ),
 ( 2.678373508258575342, 4.248561023369584966 ),
 .UNSPECIFIED. ) 
 CURVE ( )  GEOMETRIC_REPRESENTATION_ITEM ( )  RATIONAL_B_SPLINE_CURVE ( ( 1.000000000000000000, 0.8048813305713379274, 0.8048813305713379274, 1.000000000000000000 ) ) 
 REPRESENTATION_ITEM ( '' )  );
#5236 = ORIENTED_EDGE ( 'NONE', *, *, #6064, .F. ) ;
#5237 = ORIENTED_EDGE ( 'NONE', *, *, #3587, .F. ) ;
#5238 = LINE ( 'NONE', #6484, #7666 ) ;
#5239 = VERTEX_POINT ( 'NONE', #2145 ) ;
#5240 = CARTESIAN_POINT ( 'NONE',  ( 2.100000000000000089, -0.3750000000000000000, 2.100000000000000089 ) ) ;
#5241 = EDGE_CURVE ( 'NONE', #6571, #1536, #1606, .T. ) ;
#5242 = FACE_OUTER_BOUND ( 'NONE', #4623, .T. ) ;
#5243 = FACE_OUTER_BOUND ( 'NONE', #5863, .T. ) ;
#5244 = ADVANCED_FACE ( 'NONE', ( #2889 ), #2227, .F. ) ;
#5245 = EDGE_CURVE ( 'NONE', #2155, #3011, #3961, .T. ) ;
#5246 = DIRECTION ( 'NONE',  ( 1.000000000000000000, 0.000000000000000000, 0.000000000000000000 ) ) ;
#5247 = CARTESIAN_POINT ( 'NONE',  ( -1.600000000000000089, 0.3499999999999999778, 2.100000000000000089 ) ) ;
#5248 = VERTEX_POINT ( 'NONE', #1640 ) ;
#5249 = DIRECTION ( 'NONE',  ( 0.000000000000000000, 0.000000000000000000, -1.000000000000000000 ) ) ;
#5250 = AXIS2_PLACEMENT_3D ( 'NONE', #1726, #3640, #4147 ) ;
#5251 = DIRECTION ( 'NONE',  ( 0.000000000000000000, -1.000000000000000000, 0.000000000000000000 ) ) ;
#5252 = DIRECTION ( 'NONE',  ( 0.000000000000000000, 0.000000000000000000, -1.000000000000000000 ) ) ;
#5253 = ORIENTED_EDGE ( 'NONE', *, *, #1620, .F. ) ;
#5254 = ADVANCED_FACE ( 'NONE', ( #7578, #1098 ), #5154, .T. ) ;
#5255 = AXIS2_PLACEMENT_3D ( 'NONE', #783, #165, #1947 ) ;
#5256 = DIRECTION ( 'NONE',  ( 1.000000000000000000, 0.000000000000000000, 0.000000000000000000 ) ) ;
#5257 = CARTESIAN_POINT ( 'NONE',  ( 1.899999999999999911, -0.2500000000000000000, 2.299999999999999822 ) ) ;
#5258 = ORIENTED_EDGE ( 'NONE', *, *, #1251, .F. ) ;
#5259 = ORIENTED_EDGE ( 'NONE', *, *, #3365, .T. ) ;
#5260 = ORIENTED_EDGE ( 'NONE', *, *, #6730, .T. ) ;
#5261 = VECTOR ( 'NONE', #1422, 1000.000000000000000 ) ;
#5262 = LINE ( 'NONE', #1637, #6544 ) ;
#5263 = CIRCLE ( 'NONE', #6760, 0.09999999999999982514 ) ;
#5264 = DIRECTION ( 'NONE',  ( 0.000000000000000000, 0.000000000000000000, -1.000000000000000000 ) ) ;
#5265 = DIRECTION ( 'NONE',  ( 1.000000000000000000, 0.000000000000000000, 0.000000000000000000 ) ) ;
#5266 = VECTOR ( 'NONE', #5778, 1000.000000000000000 ) ;
#5267 = CARTESIAN_POINT ( 'NONE',  ( 0.5605677954435904775, 0.4880654778698059193, 0.3343675104904079709 ) ) ;
#5268 = AXIS2_PLACEMENT_3D ( 'NONE', #4506, #6405, #414 ) ;
#5269 = CARTESIAN_POINT ( 'NONE',  ( -0.2650000000000000133, 0.08500000000000000611, 0.7500000000000000000 ) ) ;
#5270 = VECTOR ( 'NONE', #1538, 1000.000000000000000 ) ;
#5271 = ORIENTED_EDGE ( 'NONE', *, *, #4094, .T. ) ;
#5272 = CARTESIAN_POINT ( 'NONE',  ( -0.6500000000000000222, 0.3499999999999999778, 0.2500000000000000000 ) ) ;
#5273 = ADVANCED_FACE ( 'NONE', ( #2188 ), #4582, .T. ) ;
#5274 = FACE_OUTER_BOUND ( 'NONE', #7573, .T. ) ;
#5275 = VERTEX_POINT ( 'NONE', #6473 ) ;
#5276 = ORIENTED_EDGE ( 'NONE', *, *, #1519, .T. ) ;
#5277 = ORIENTED_EDGE ( 'NONE', *, *, #6415, .T. ) ;
#5278 = CYLINDRICAL_SURFACE ( 'NONE', #3692, 0.1499999999999999667 ) ;
#5279 = CIRCLE ( 'NONE', #3922, 0.1000000000000000472 ) ;
#5280 = ORIENTED_EDGE ( 'NONE', *, *, #7236, .T. ) ;
#5281 = CARTESIAN_POINT ( 'NONE',  ( -1.550000000020624880, -0.4500000000000000111, 2.330000000000000071 ) ) ;
#5282 = EDGE_CURVE ( 'NONE', #3878, #3128, #7345, .T. ) ;
#5283 = CARTESIAN_POINT ( 'NONE',  ( 1.800000000000000044, -0.2500000000000000000, 2.658830721404000563 ) ) ;
#5284 = CIRCLE ( 'NONE', #5029, 0.07000000000000018707 ) ;
#5285 =( BOUNDED_CURVE ( )  B_SPLINE_CURVE ( 3, ( #688, #5000, #252, #6724 ),
 .UNSPECIFIED., .F., .F. ) 
 B_SPLINE_CURVE_WITH_KNOTS ( ( 4, 4 ),
 ( 4.712388980384689674, 6.233226911457619757 ),
 .UNSPECIFIED. ) 
 CURVE ( )  GEOMETRIC_REPRESENTATION_ITEM ( )  RATIONAL_B_SPLINE_CURVE ( ( 1.000000000000000000, 0.8163648751936769532, 0.8163648751936769532, 1.000000000000000000 ) ) 
 REPRESENTATION_ITEM ( '' )  );
#5286 = PLANE ( 'NONE',  #4213 ) ;
#5287 = ORIENTED_EDGE ( 'NONE', *, *, #2486, .T. ) ;
#5288 = CYLINDRICAL_SURFACE ( 'NONE', #6076, 0.1300000000000000044 ) ;
#5289 = CARTESIAN_POINT ( 'NONE',  ( 0.5538245945101549772, 0.4961754054898009914, 0.3735081097969075170 ) ) ;
#5290 = CARTESIAN_POINT ( 'NONE',  ( -2.044999999999999929, -0.9050000000000000266, 2.299999999999999822 ) ) ;
#5291 = ORIENTED_EDGE ( 'NONE', *, *, #2344, .T. ) ;
#5292 = PRESENTATION_LAYER_ASSIGNMENT (  '', '', ( #2177 ) ) ;
#5293 = EDGE_CURVE ( 'NONE', #3358, #2195, #1013, .T. ) ;
#5294 = EDGE_CURVE ( 'NONE', #3031, #884, #4170, .T. ) ;
#5295 = DIRECTION ( 'NONE',  ( 0.000000000000000000, 0.000000000000000000, 1.000000000000000000 ) ) ;
#5296 = VECTOR ( 'NONE', #3742, 1000.000000000000000 ) ;
#5297 = PLANE ( 'NONE',  #1076 ) ;
#5298 = EDGE_CURVE ( 'NONE', #3582, #3388, #1171, .T. ) ;
#5299 = EDGE_LOOP ( 'NONE', ( #5633, #7152, #4962, #6464 ) ) ;
#5300 = CARTESIAN_POINT ( 'NONE',  ( 2.250000000000000000, 0.4749999999999999778, 2.100000000000000089 ) ) ;
#5301 = ORIENTED_EDGE ( 'NONE', *, *, #1799, .T. ) ;
#5302 = EDGE_LOOP ( 'NONE', ( #2173, #4984, #3608, #3885 ) ) ;
#5303 = CIRCLE ( 'NONE', #1068, 0.09999999999999993616 ) ;
#5304 = AXIS2_PLACEMENT_3D ( 'NONE', #4751, #4792, #1192 ) ;
#5305 = ADVANCED_FACE ( 'NONE', ( #3557 ), #7695, .T. ) ;
#5306 = LINE ( 'NONE', #517, #1060 ) ;
#5307 = CARTESIAN_POINT ( 'NONE',  ( -0.9550937246369546330, 0.4982546328371790789, 2.100000000000000089 ) ) ;
#5308 = AXIS2_PLACEMENT_3D ( 'NONE', #6600, #1916, #6679 ) ;
#5309 = CYLINDRICAL_SURFACE ( 'NONE', #3027, 0.1499999999999999667 ) ;
#5310 = CARTESIAN_POINT ( 'NONE',  ( 2.299999999999999822, -0.9449999999999999512, 2.100000000000000089 ) ) ;
#5311 = CARTESIAN_POINT ( 'NONE',  ( 1.925000000000000044, -0.9000000000000000222, 0.000000000000000000 ) ) ;
#5312 = DIRECTION ( 'NONE',  ( 1.000000000000000000, 0.000000000000000000, 0.000000000000000000 ) ) ;
#5313 = AXIS2_PLACEMENT_3D ( 'NONE', #1220, #1056, #5899 ) ;
#5314 = DIRECTION ( 'NONE',  ( 1.000000000000000000, 0.000000000000000000, 0.000000000000000000 ) ) ;
#5315 = ORIENTED_EDGE ( 'NONE', *, *, #6858, .T. ) ;
#5316 = DIRECTION ( 'NONE',  ( 0.000000000000000000, 0.000000000000000000, 1.000000000000000000 ) ) ;
#5317 = ORIENTED_EDGE ( 'NONE', *, *, #7680, .T. ) ;
#5318 = AXIS2_PLACEMENT_3D ( 'NONE', #2801, #3348, #3942 ) ;
#5319 = VECTOR ( 'NONE', #6827, 1000.000000000000000 ) ;
#5320 = DIRECTION ( 'NONE',  ( 0.000000000000000000, 0.000000000000000000, -1.000000000000000000 ) ) ;
#5321 = DIRECTION ( 'NONE',  ( -1.000000000000000000, 0.000000000000000000, 0.000000000000000000 ) ) ;
#5322 = VERTEX_POINT ( 'NONE', #5310 ) ;
#5323 = VECTOR ( 'NONE', #2081, 1000.000000000000000 ) ;
#5324 = VECTOR ( 'NONE', #6492, 1000.000000000000000 ) ;
#5325 = ORIENTED_EDGE ( 'NONE', *, *, #4759, .T. ) ;
#5326 = EDGE_LOOP ( 'NONE', ( #1602, #3280, #5671, #6588 ) ) ;
#5327 = CARTESIAN_POINT ( 'NONE',  ( 1.899999999999999911, 0.4749999999999999778, 2.100000000000000089 ) ) ;
#5328 = ORIENTED_EDGE ( 'NONE', *, *, #3112, .F. ) ;
#5329 = DIRECTION ( 'NONE',  ( 0.000000000000000000, 0.000000000000000000, -1.000000000000000000 ) ) ;
#5330 = ADVANCED_FACE ( 'NONE', ( #4226 ), #1909, .T. ) ;
#5331 = CARTESIAN_POINT ( 'NONE',  ( -0.9499999999999999556, -0.4000000000000000222, 2.100000000000000089 ) ) ;
#5332 = VECTOR ( 'NONE', #3907, 1000.000000000000000 ) ;
#5333 = CARTESIAN_POINT ( 'NONE',  ( -1.275000000000000133, -0.5000000000000000000, 0.5000000000000000000 ) ) ;
#5334 = LINE ( 'NONE', #7711, #6177 ) ;
#5335 = VERTEX_POINT ( 'NONE', #4304 ) ;
#5336 = ORIENTED_EDGE ( 'NONE', *, *, #5770, .F. ) ;
#5337 = DIRECTION ( 'NONE',  ( 0.000000000000000000, 0.000000000000000000, -1.000000000000000000 ) ) ;
#5338 = FACE_OUTER_BOUND ( 'NONE', #1599, .T. ) ;
#5339 = CARTESIAN_POINT ( 'NONE',  ( -0.5927737790424734143, 0.4527600221326587016, 0.2818393970400360771 ) ) ;
#5340 = CARTESIAN_POINT ( 'NONE',  ( 0.6499999999999900302, -0.9000000000000000222, 0.000000000000000000 ) ) ;
#5341 = DIRECTION ( 'NONE',  ( 0.000000000000000000, 0.000000000000000000, -1.000000000000000000 ) ) ;
#5342 = EDGE_LOOP ( 'NONE', ( #5843, #4447, #2769, #1517 ) ) ;
#5343 = LINE ( 'NONE', #4174, #1420 ) ;
#5344 = ORIENTED_EDGE ( 'NONE', *, *, #6478, .F. ) ;
#5345 = ORIENTED_EDGE ( 'NONE', *, *, #4632, .F. ) ;
#5346 = CARTESIAN_POINT ( 'NONE',  ( -0.2461754054898470101, 0.7038245945101310186, 0.3735081097978264486 ) ) ;
#5347 = EDGE_CURVE ( 'NONE', #3843, #6138, #5350, .T. ) ;
#5348 = LINE ( 'NONE', #1215, #5627 ) ;
#5349 = DIRECTION ( 'NONE',  ( 0.000000000000000000, 1.000000000000000000, 0.000000000000000000 ) ) ;
#5350 = LINE ( 'NONE', #13, #5654 ) ;
#5351 = LINE ( 'NONE', #14, #3827 ) ;
#5352 = ADVANCED_FACE ( 'NONE', ( #6012 ), #713, .F. ) ;
#5354 = EDGE_CURVE ( 'NONE', #7418, #6566, #673, .T. ) ;
#5353 = LINE ( 'NONE', #6099, #723 ) ;
#5355 = ORIENTED_EDGE ( 'NONE', *, *, #6337, .T. ) ;
#5356 = PLANE ( 'NONE',  #2945 ) ;
#5357 = LINE ( 'NONE', #4272, #6261 ) ;
#5358 = CARTESIAN_POINT ( 'NONE',  ( 2.120000000000000107, 0.4749999999999999778, 2.100000000000000089 ) ) ;
#5359 = ORIENTED_EDGE ( 'NONE', *, *, #7586, .F. ) ;
#5360 = EDGE_LOOP ( 'NONE', ( #1847, #597, #1128, #1067 ) ) ;
#5361 = VERTEX_POINT ( 'NONE', #2421 ) ;
#5362 = DIRECTION ( 'NONE',  ( 0.000000000000000000, -1.000000000000000000, 0.000000000000000000 ) ) ;
#5363 = LINE ( 'NONE', #1114, #6772 ) ;
#5364 = DIRECTION ( 'NONE',  ( 0.000000000000000000, 1.000000000000000000, 0.000000000000000000 ) ) ;
#5365 = CARTESIAN_POINT ( 'NONE',  ( -0.6448013791789359850, -0.8127219903351923236, 0.2514902811073850275 ) ) ;
#5366 = CARTESIAN_POINT ( 'NONE',  ( -0.6499999999999801492, 0.3663376014356999888, 0.2500000000000000000 ) ) ;
#5367 = ADVANCED_FACE ( 'NONE', ( #5937 ), #5429, .T. ) ;
#5368 = ORIENTED_EDGE ( 'NONE', *, *, #3614, .T. ) ;
#5369 = VERTEX_POINT ( 'NONE', #3516 ) ;
#5370 = LINE ( 'NONE', #4754, #1451 ) ;
#5371 = DIRECTION ( 'NONE',  ( -1.000000000000000000, 0.000000000000000000, 0.000000000000000000 ) ) ;
#5372 = CARTESIAN_POINT ( 'NONE',  ( 0.2461754054898004918, 0.7038245945101999634, 0.3735081097969069619 ) ) ;
#5373 = EDGE_CURVE ( 'NONE', #2402, #2249, #5386, .T. ) ;
#5374 = FACE_OUTER_BOUND ( 'NONE', #6104, .T. ) ;
#5375 = DIRECTION ( 'NONE',  ( 1.000000000000000000, 0.000000000000000000, 0.000000000000000000 ) ) ;
#5376 = ORIENTED_EDGE ( 'NONE', *, *, #7033, .T. ) ;
#5377 = DIRECTION ( 'NONE',  ( 0.000000000000000000, 0.000000000000000000, 1.000000000000000000 ) ) ;
#5378 = EDGE_CURVE ( 'NONE', #1767, #4685, #1794, .T. ) ;
#5379 = ORIENTED_EDGE ( 'NONE', *, *, #1123, .T. ) ;
#5380 = ORIENTED_EDGE ( 'NONE', *, *, #5875, .T. ) ;
#5381 = CARTESIAN_POINT ( 'NONE',  ( -0.6836623985643000001, 0.2336623985642999890, 0.2500000000000000000 ) ) ;
#5382 = AXIS2_PLACEMENT_3D ( 'NONE', #1435, #3718, #1872 ) ;
#5383 = ADVANCED_FACE ( 'NONE', ( #4181 ), #6513, .T. ) ;
#5384 = DIRECTION ( 'NONE',  ( 0.000000000000000000, -8.131516293641297455E-15, 1.000000000000000000 ) ) ;
#5385 = CARTESIAN_POINT ( 'NONE',  ( -1.275000000000000133, -0.3499999999999999778, 0.000000000000000000 ) ) ;
#5386 = LINE ( 'NONE', #4735, #2917 ) ;
#5387 = CARTESIAN_POINT ( 'NONE',  ( -1.875000000000000000, -0.9000000000000000222, 0.000000000000000000 ) ) ;
#5388 = CARTESIAN_POINT ( 'NONE',  ( 2.104999999999999982, -0.9449999999999999512, 2.200000000000000178 ) ) ;
#5389 = AXIS2_PLACEMENT_3D ( 'NONE', #3607, #7228, #682 ) ;
#5390 = ORIENTED_EDGE ( 'NONE', *, *, #6438, .F. ) ;
#5391 = DIRECTION ( 'NONE',  ( 0.000000000000000000, 0.000000000000000000, -1.000000000000000000 ) ) ;
#5392 = EDGE_CURVE ( 'NONE', #3328, #7276, #5279, .T. ) ;
#5393 = EDGE_CURVE ( 'NONE', #3409, #2694, #6596, .T. ) ;
#5394 = AXIS2_PLACEMENT_3D ( 'NONE', #212, #4928, #6239 ) ;
#5395 = DIRECTION ( 'NONE',  ( 0.000000000000000000, 0.000000000000000000, 1.000000000000000000 ) ) ;
#5396 = CARTESIAN_POINT ( 'NONE',  ( -0.1895068923543801187, 0.7604931076456193928, 0.2500000000000002776 ) ) ;
#5397 = VERTEX_POINT ( 'NONE', #2466 ) ;
#5398 = CIRCLE ( 'NONE', #3789, 0.09999999999999982514 ) ;
#5399 = ORIENTED_EDGE ( 'NONE', *, *, #7463, .T. ) ;
#5400 = EDGE_CURVE ( 'NONE', #2027, #6883, #4853, .T. ) ;
#5401 = EDGE_LOOP ( 'NONE', ( #5317, #4710, #167, #245 ) ) ;
#5402 = CARTESIAN_POINT ( 'NONE',  ( 2.044999999999999929, -0.9050000000000000266, 2.100000000000000089 ) ) ;
#5403 = EDGE_LOOP ( 'NONE', ( #1378, #6293, #7484, #5611 ) ) ;
#5404 = CARTESIAN_POINT ( 'NONE',  ( 2.194999999999999840, -0.2750000000000000222, 2.299999999999999822 ) ) ;
#5405 = DIRECTION ( 'NONE',  ( 0.000000000000000000, 0.000000000000000000, -1.000000000000000000 ) ) ;
#5406 = AXIS2_PLACEMENT_3D ( 'NONE', #649, #7200, #3023 ) ;
#5407 = DIRECTION ( 'NONE',  ( 0.000000000000000000, -1.000000000000000000, 0.000000000000000000 ) ) ;
#5408 = CARTESIAN_POINT ( 'NONE',  ( -0.2461754054898420141, -0.1038245945101804041, 0.3735081097972889896 ) ) ;
#5409 = EDGE_LOOP ( 'NONE', ( #6392, #5453, #2807, #4044 ) ) ;
#5410 = ORIENTED_EDGE ( 'NONE', *, *, #6269, .F. ) ;
#5411 = LINE ( 'NONE', #6495, #7564 ) ;
#5412 = LINE ( 'NONE', #77, #2154 ) ;
#5413 = CARTESIAN_POINT ( 'NONE',  ( 0.000000000000000000, -0.4000000000000000222, 0.5000000000000000000 ) ) ;
#5414 = AXIS2_PLACEMENT_3D ( 'NONE', #5481, #1303, #4789 ) ;
#5415 = CARTESIAN_POINT ( 'NONE',  ( -2.186022550784945118, -0.3750000000000000000, 2.280843019534970928 ) ) ;
#5416 = VERTEX_POINT ( 'NONE', #3676 ) ;
#5417 = CARTESIAN_POINT ( 'NONE',  ( -2.200000000000000178, -0.4982544935064160407, 2.100000000000000089 ) ) ;
#5418 = VECTOR ( 'NONE', #1864, 1000.000000000000000 ) ;
#5419 = VERTEX_POINT ( 'NONE', #6051 ) ;
#5420 = CARTESIAN_POINT ( 'NONE',  ( 0.8499999999848999455, -0.9000000000000000222, 1.100000000000000089 ) ) ;
#5421 = EDGE_CURVE ( 'NONE', #7231, #7468, #3090, .T. ) ;
#5422 = ORIENTED_EDGE ( 'NONE', *, *, #3876, .F. ) ;
#5423 = ORIENTED_EDGE ( 'NONE', *, *, #4001, .T. ) ;
#5424 = PLANE ( 'NONE',  #1064 ) ;
#5425 = CARTESIAN_POINT ( 'NONE',  ( -1.908333333333315007, -0.1105541596784932051, 2.100000000000000089 ) ) ;
#5426 = AXIS2_PLACEMENT_3D ( 'NONE', #2206, #6336, #6373 ) ;
#5427 = CARTESIAN_POINT ( 'NONE',  ( 0.9965079230507989383, 0.4749999999999999778, 2.100000000000000089 ) ) ;
#5428 = DIRECTION ( 'NONE',  ( 0.000000000000000000, 0.000000000000000000, 1.000000000000000000 ) ) ;
#5429 = CYLINDRICAL_SURFACE ( 'NONE', #800, 0.1300000000000000044 ) ;
#5430 = CARTESIAN_POINT ( 'NONE',  ( 0.8965076753663588915, 0.4982544935070320480, 2.100000000000000089 ) ) ;
#5431 = CIRCLE ( 'NONE', #1686, 0.2000000000000000944 ) ;
#5432 = VERTEX_POINT ( 'NONE', #4886 ) ;
#5433 = CARTESIAN_POINT ( 'NONE',  ( 0.000000000000000000, 0.4000000000000000222, 0.2500000000000000000 ) ) ;
#5434 = LINE ( 'NONE', #1225, #3252 ) ;
#5435 = AXIS2_PLACEMENT_3D ( 'NONE', #6474, #1721, #7651 ) ;
#5436 = DIRECTION ( 'NONE',  ( 0.000000000000000000, -1.000000000000000000, 0.000000000000000000 ) ) ;
#5437 = ORIENTED_EDGE ( 'NONE', *, *, #2627, .T. ) ;
#5438 = EDGE_CURVE ( 'NONE', #2494, #2985, #7259, .T. ) ;
#5439 = ORIENTED_EDGE ( 'NONE', *, *, #2610, .F. ) ;
#5440 = EDGE_LOOP ( 'NONE', ( #5222, #5852, #611, #7122, #3656, #6741 ) ) ;
#5441 = TOROIDAL_SURFACE ( 'NONE', #6931, 0.2000000000000000111, 0.1000000000000000056 ) ;
#5442 = CARTESIAN_POINT ( 'NONE',  ( 0.2425215054676504722, -0.4925215054676501669, 0.3004301093582705251 ) ) ;
#5443 = EDGE_CURVE ( 'NONE', #5507, #857, #4478, .T. ) ;
#5444 = AXIS2_PLACEMENT_3D ( 'NONE', #3547, #5341, #2411 ) ;
#5445 = AXIS2_PLACEMENT_3D ( 'NONE', #6700, #4979, #1933 ) ;
#5446 = CARTESIAN_POINT ( 'NONE',  ( 0.5539744068252460130, -0.4959994463075519944, 0.3705099644627314892 ) ) ;
#5447 = ADVANCED_FACE ( 'NONE', ( #5094 ), #2005, .T. ) ;
#5448 = AXIS2_PLACEMENT_3D ( 'NONE', #3214, #6698, #5634 ) ;
#5449 = VECTOR ( 'NONE', #3538, 1000.000000000000000 ) ;
#5450 = DIRECTION ( 'NONE',  ( 0.000000000000000000, -1.000000000000000000, 0.000000000000000000 ) ) ;
#5451 = ORIENTED_EDGE ( 'NONE', *, *, #6589, .T. ) ;
#5452 = EDGE_CURVE ( 'NONE', #4326, #4607, #5284, .T. ) ;
#5453 = ORIENTED_EDGE ( 'NONE', *, *, #5861, .F. ) ;
#5454 = CARTESIAN_POINT ( 'NONE',  ( 0.6499704134224399965, -1.299999995623176030, 1.400000148454012106 ) ) ;
#5455 = EDGE_CURVE ( 'NONE', #441, #3389, #3180, .T. ) ;
#5456 = CARTESIAN_POINT ( 'NONE',  ( 1.474999999999999867, -0.3750000000000000000, 2.299999999999999822 ) ) ;
#5457 = LINE ( 'NONE', #624, #7678 ) ;
#5458 = VECTOR ( 'NONE', #6851, 1000.000000000000000 ) ;
#5459 = CARTESIAN_POINT ( 'NONE',  ( 0.6499999999999801492, -0.8336623985643000223, 0.2500000000000000000 ) ) ;
#5460 = CARTESIAN_POINT ( 'NONE',  ( -2.000000000000000000, 0.000000000000000000, 2.299999999999999822 ) ) ;
#5461 = CARTESIAN_POINT ( 'NONE',  ( 2.187500000000000000, -0.9449999999999999512, 1.800000000000000044 ) ) ;
#5462 = ORIENTED_EDGE ( 'NONE', *, *, #2338, .F. ) ;
#5463 = CARTESIAN_POINT ( 'NONE',  ( -0.2461754054898580013, -0.7038245945101510026, 0.3735081097978280029 ) ) ;
#5464 = ORIENTED_EDGE ( 'NONE', *, *, #867, .T. ) ;
#5465 = ORIENTED_EDGE ( 'NONE', *, *, #3862, .F. ) ;
#5466 = DIRECTION ( 'NONE',  ( -1.000000000000000000, 0.000000000000000000, 0.000000000000000000 ) ) ;
#5467 = CARTESIAN_POINT ( 'NONE',  ( -1.875000000000000000, -0.8000000000000000444, -0.1881966011250000015 ) ) ;
#5468 = DIRECTION ( 'NONE',  ( 0.000000000000000000, -1.000000000000000000, 0.000000000000000000 ) ) ;
#5469 = LINE ( 'NONE', #5388, #5077 ) ;
#5470 = EDGE_LOOP ( 'NONE', ( #5088, #1592, #2059, #3267 ) ) ;
#5471 = EDGE_CURVE ( 'NONE', #2281, #1113, #2294, .T. ) ;
#5472 = ORIENTED_EDGE ( 'NONE', *, *, #303, .T. ) ;
#5473 = CARTESIAN_POINT ( 'NONE',  ( -1.925000000000000044, -0.1658312395178000165, 2.299999999999999822 ) ) ;
#5474 = LINE ( 'NONE', #6682, #3910 ) ;
#5475 = CARTESIAN_POINT ( 'NONE',  ( -0.2461754054898470101, 0.7038245945101310186, 0.3735081097978264486 ) ) ;
#5476 = VERTEX_POINT ( 'NONE', #5050 ) ;
#5477 = VERTEX_POINT ( 'NONE', #5425 ) ;
#5478 = DIRECTION ( 'NONE',  ( 0.000000000000000000, 0.000000000000000000, -1.000000000000000000 ) ) ;
#5479 = ADVANCED_FACE ( 'NONE', ( #231 ), #1798, .T. ) ;
#5480 = ORIENTED_EDGE ( 'NONE', *, *, #4375, .T. ) ;
#5481 = CARTESIAN_POINT ( 'NONE',  ( 0.2650000000000000133, 0.9000000000000000222, 0.7500000000000000000 ) ) ;
#5482 = ADVANCED_FACE ( 'NONE', ( #919 ), #7221, .T. ) ;
#5483 = DIRECTION ( 'NONE',  ( 0.000000000000000000, 0.000000000000000000, -1.000000000000000000 ) ) ;
#5484 = ORIENTED_EDGE ( 'NONE', *, *, #4579, .F. ) ;
#5485 = VERTEX_POINT ( 'NONE', #2462 ) ;
#5486 = CARTESIAN_POINT ( 'NONE',  ( 0.5538245945101739620, 0.7038245945102240553, 0.3735081097965279873 ) ) ;
#5487 = CARTESIAN_POINT ( 'NONE',  ( 2.000000000000000000, 0.000000000000000000, 2.299999999999999822 ) ) ;
#5488 = CARTESIAN_POINT ( 'NONE',  ( 0.9082409506391000420, 0.3755476762961000303, 3.399999999999999911 ) ) ;
#5489 = EDGE_CURVE ( 'NONE', #893, #2027, #2676, .T. ) ;
#5490 = EDGE_CURVE ( 'NONE', #4561, #785, #3675, .T. ) ;
#5491 = ADVANCED_FACE ( 'NONE', ( #5603 ), #1285, .F. ) ;
#5492 = EDGE_CURVE ( 'NONE', #7670, #3128, #6628, .T. ) ;
#5493 = CARTESIAN_POINT ( 'NONE',  ( -1.880901699437000030, -0.9050000000000000266, 2.299999999999999822 ) ) ;
#5494 = DIRECTION ( 'NONE',  ( 0.03489418781260641284, -0.01744177813808910418, -0.9992388003036514199 ) ) ;
#5495 = CARTESIAN_POINT ( 'NONE',  ( 0.6142125391548124425, -0.4285681064442407595, 0.2648719078912580294 ) ) ;
#5496 = ORIENTED_EDGE ( 'NONE', *, *, #7466, .T. ) ;
#5497 = DIRECTION ( 'NONE',  ( 0.000000000000000000, 0.000000000000000000, -1.000000000000000000 ) ) ;
#5498 = DIRECTION ( 'NONE',  ( 0.000000000000000000, 0.000000000000000000, 1.000000000000000000 ) ) ;
#5499 = VERTEX_POINT ( 'NONE', #1250 ) ;
#5500 = ADVANCED_FACE ( 'NONE', ( #1467 ), #264, .F. ) ;
#5501 = CIRCLE ( 'NONE', #1373, 0.09999999999999993616 ) ;
#5502 = CARTESIAN_POINT ( 'NONE',  ( -2.095000000000000195, -0.2750000000000000222, 2.100000000000000089 ) ) ;
#5503 = DIRECTION ( 'NONE',  ( -0.000000000000000000, 1.000000000000000000, 0.000000000000000000 ) ) ;
#5504 = CARTESIAN_POINT ( 'NONE',  ( 0.5538245945101549772, -0.7038245945101999634, 0.3735081097969075170 ) ) ;
#5505 = VERTEX_POINT ( 'NONE', #5014 ) ;
#5506 = CARTESIAN_POINT ( 'NONE',  ( -0.5927737790424739694, -0.4527600221326580909, 0.2818393970400355220 ) ) ;
#5507 = VERTEX_POINT ( 'NONE', #2120 ) ;
#5508 = ORIENTED_EDGE ( 'NONE', *, *, #2001, .F. ) ;
#5509 = FACE_OUTER_BOUND ( 'NONE', #5783, .T. ) ;
#5510 = VECTOR ( 'NONE', #2111, 1000.000000000000000 ) ;
#5511 = DIRECTION ( 'NONE',  ( -1.000000000000000000, 0.000000000000000000, 0.000000000000000000 ) ) ;
#5512 = CARTESIAN_POINT ( 'NONE',  ( 0.2425215054676519155, -0.7074784945323487895, 0.3004301093582723015 ) ) ;
#5513 = AXIS2_PLACEMENT_3D ( 'NONE', #1005, #6314, #4024 ) ;
#5514 = LINE ( 'NONE', #6604, #1202 ) ;
#5515 = ORIENTED_EDGE ( 'NONE', *, *, #6207, .F. ) ;
#5516 = ORIENTED_EDGE ( 'NONE', *, *, #5152, .F. ) ;
#5517 = CARTESIAN_POINT ( 'NONE',  ( -1.525000000000000133, 0.000000000000000000, 0.5000000000000000000 ) ) ;
#5518 = CIRCLE ( 'NONE', #1774, 0.09999999999999982514 ) ;
#5519 = CARTESIAN_POINT ( 'NONE',  ( 0.2461754054898004918, 0.4961754054898009914, 0.3735081097969095154 ) ) ;
#5520 = CIRCLE ( 'NONE', #287, 0.07000000000000018707 ) ;
#5521 =( GEOMETRIC_REPRESENTATION_CONTEXT ( 3 ) GLOBAL_UNCERTAINTY_ASSIGNED_CONTEXT ( ( #6365 ) ) GLOBAL_UNIT_ASSIGNED_CONTEXT ( ( #4265, #6631, #1750 ) ) REPRESENTATION_CONTEXT ( 'NONE', 'WORKASPACE' ) );
#5522 = DIRECTION ( 'NONE',  ( 0.000000000000000000, -1.000000000000000000, 0.000000000000000000 ) ) ;
#5523 = AXIS2_PLACEMENT_3D ( 'NONE', #4425, #3364, #2860 ) ;
#5524 = EDGE_LOOP ( 'NONE', ( #4408, #235, #3490, #5701 ) ) ;
#5525 = VERTEX_POINT ( 'NONE', #879 ) ;
#5526 = DIRECTION ( 'NONE',  ( 0.000000000000000000, -1.000000000000000000, 0.000000000000000000 ) ) ;
#5527 = CARTESIAN_POINT ( 'NONE',  ( 0.5350000000000000311, 0.5150000000000000133, 0.7500000000000000000 ) ) ;
#5528 = CARTESIAN_POINT ( 'NONE',  ( -0.6393875839007098216, 0.3959449308695108805, 0.2532900993116339317 ) ) ;
#5529 = CARTESIAN_POINT ( 'NONE',  ( -1.550000000000000044, -0.2999999999999999889, 2.330000000000000071 ) ) ;
#5530 = DIRECTION ( 'NONE',  ( 0.000000000000000000, 0.000000000000000000, 1.000000000000000000 ) ) ;
#5531 = DIRECTION ( 'NONE',  ( 0.000000000000000000, -1.000000000000000000, 0.000000000000000000 ) ) ;
#5532 = LINE ( 'NONE', #6088, #3818 ) ;
#5533 = ORIENTED_EDGE ( 'NONE', *, *, #2953, .F. ) ;
#5534 = CARTESIAN_POINT ( 'NONE',  ( -1.399999999999999911, 0.2999999999999999889, 2.299999999999999822 ) ) ;
#5535 = CARTESIAN_POINT ( 'NONE',  ( 0.2461754054898420141, 0.1038245945101799877, 0.3735081097972894892 ) ) ;
#5536 = EDGE_LOOP ( 'NONE', ( #7328, #3406, #2268, #3072 ) ) ;
#5537 = ADVANCED_FACE ( 'NONE', ( #7392 ), #4670, .T. ) ;
#5538 = AXIS2_PLACEMENT_3D ( 'NONE', #5227, #1751, #603 ) ;
#5539 = EDGE_CURVE ( 'NONE', #3999, #1845, #2042, .T. ) ;
#5540 = CIRCLE ( 'NONE', #2175, 0.1000000000000000472 ) ;
#5541 = LINE ( 'NONE', #784, #7556 ) ;
#5542 =( BOUNDED_CURVE ( )  B_SPLINE_CURVE ( 3, ( #2812, #3435, #2298, #3512 ),
 .UNSPECIFIED., .F., .T. ) 
 B_SPLINE_CURVE_WITH_KNOTS ( ( 4, 4 ),
 ( 4.712388980384689674, 6.233226911457609987 ),
 .UNSPECIFIED. ) 
 CURVE ( )  GEOMETRIC_REPRESENTATION_ITEM ( )  RATIONAL_B_SPLINE_CURVE ( ( 1.000000000000000000, 0.8163648751936799508, 0.8163648751936799508, 1.000000000000000000 ) ) 
 REPRESENTATION_ITEM ( '' )  );
#5543 = VERTEX_POINT ( 'NONE', #6008 ) ;
#5544 = CARTESIAN_POINT ( 'NONE',  ( -2.250000000000000000, 0.4000000000000000222, 0.000000000000000000 ) ) ;
#5545 = ORIENTED_EDGE ( 'NONE', *, *, #1769, .F. ) ;
#5546 = VERTEX_POINT ( 'NONE', #3936 ) ;
#5547 = DIRECTION ( 'NONE',  ( 1.000000000000000000, 0.000000000000000000, 0.000000000000000000 ) ) ;
#5548 = ADVANCED_FACE ( 'NONE', ( #994 ), #7664, .T. ) ;
#5549 = AXIS2_PLACEMENT_3D ( 'NONE', #6547, #2492, #553 ) ;
#5550 = CARTESIAN_POINT ( 'NONE',  ( -2.250000000000000000, 0.4000000000000000222, 2.100000000000000089 ) ) ;
#5551 = CARTESIAN_POINT ( 'NONE',  ( 0.000000000000000000, 0.000000000000000000, 0.000000000000000000 ) ) ;
#5552 = ORIENTED_EDGE ( 'NONE', *, *, #1454, .T. ) ;
#5553 = VERTEX_POINT ( 'NONE', #5723 ) ;
#5554 = CYLINDRICAL_SURFACE ( 'NONE', #2439, 0.1300000000000000044 ) ;
#5555 = VECTOR ( 'NONE', #3647, 1000.000000000000000 ) ;
#5556 = AXIS2_PLACEMENT_3D ( 'NONE', #4835, #7203, #1851 ) ;
#5557 = DIRECTION ( 'NONE',  ( 0.000000000000000000, 1.000000000000000000, 0.000000000000000000 ) ) ;
#5558 = VECTOR ( 'NONE', #54, 1000.000000000000000 ) ;
#5559 = DIRECTION ( 'NONE',  ( 0.000000000000000000, -1.000000000000000000, 0.000000000000000000 ) ) ;
#5560 = VECTOR ( 'NONE', #5018, 1000.000000000000000 ) ;
#5561 = EDGE_LOOP ( 'NONE', ( #7563, #1544, #4193, #2097, #2370, #2109 ) ) ;
#5562 = EDGE_LOOP ( 'NONE', ( #6043, #3962, #4222, #3158, #5545, #868, #796, #542, #5825 ) ) ;
#5563 = DIRECTION ( 'NONE',  ( 0.000000000000000000, 0.000000000000000000, 1.000000000000000000 ) ) ;
#5564 = VECTOR ( 'NONE', #4840, 1000.000000000000000 ) ;
#5565 = DIRECTION ( 'NONE',  ( 0.000000000000000000, 0.000000000000000000, -1.000000000000000000 ) ) ;
#5566 = ADVANCED_FACE ( 'NONE', ( #4012 ), #3415, .T. ) ;
#5567 = LINE ( 'NONE', #6220, #1698 ) ;
#5568 = VECTOR ( 'NONE', #3186, 1000.000000000000000 ) ;
#5569 = DIRECTION ( 'NONE',  ( -1.000000000000000000, 0.000000000000000000, 0.000000000000000000 ) ) ;
#5570 = VECTOR ( 'NONE', #5531, 1000.000000000000000 ) ;
#5571 = DIRECTION ( 'NONE',  ( 0.000000000000000000, 0.000000000000000000, -1.000000000000000000 ) ) ;
#5572 = CARTESIAN_POINT ( 'NONE',  ( 0.000000000000000000, 0.8336623985643000223, 0.2500000000000000000 ) ) ;
#5573 = FACE_OUTER_BOUND ( 'NONE', #5342, .T. ) ;
#5574 = ORIENTED_EDGE ( 'NONE', *, *, #3233, .F. ) ;
#5575 = CARTESIAN_POINT ( 'NONE',  ( 1.525000000000000133, -0.8000000000000000444, 0.5000000000000000000 ) ) ;
#5576 = CARTESIAN_POINT ( 'NONE',  ( -0.8510499682816999867, 0.3755476763026625031, 3.399999999999999911 ) ) ;
#5577 = VECTOR ( 'NONE', #4558, 1000.000000000000000 ) ;
#5578 = VERTEX_POINT ( 'NONE', #3373 ) ;
#5579 = CARTESIAN_POINT ( 'NONE',  ( 1.600000000000000089, -0.3499999999999999778, 2.100000000000000089 ) ) ;
#5580 = DIRECTION ( 'NONE',  ( 0.000000000000000000, 0.000000000000000000, 1.000000000000000000 ) ) ;
#5581 = ORIENTED_EDGE ( 'NONE', *, *, #4270, .F. ) ;
#5582 = CARTESIAN_POINT ( 'NONE',  ( 0.1163376014357000027, 0.9105149318544999426, 0.3800000000000000044 ) ) ;
#5583 = ORIENTED_EDGE ( 'NONE', *, *, #818, .F. ) ;
#5584 = CARTESIAN_POINT ( 'NONE',  ( 1.849999999998510170, 0.3800000000000000044, 2.399999999999999911 ) ) ;
#5585 = ORIENTED_EDGE ( 'NONE', *, *, #3112, .T. ) ;
#5586 = ORIENTED_EDGE ( 'NONE', *, *, #3343, .T. ) ;
#5587 = ADVANCED_FACE ( 'NONE', ( #5170 ), #6969, .F. ) ;
#5588 = LINE ( 'NONE', #2587, #6496 ) ;
#5589 = ADVANCED_FACE ( 'NONE', ( #1619 ), #1657, .T. ) ;
#5590 = FACE_OUTER_BOUND ( 'NONE', #4354, .T. ) ;
#5591 = EDGE_CURVE ( 'NONE', #1985, #4793, #959, .T. ) ;
#5592 = ADVANCED_FACE ( 'NONE', ( #5243 ), #6300, .F. ) ;
#5593 = ORIENTED_EDGE ( 'NONE', *, *, #5922, .T. ) ;
#5594 = ORIENTED_EDGE ( 'NONE', *, *, #2603, .F. ) ;
#5595 = LINE ( 'NONE', #179, #2186 ) ;
#5596 = CARTESIAN_POINT ( 'NONE',  ( -2.220000000000000195, 0.8000000000000000444, 2.100000000000000089 ) ) ;
#5597 = CARTESIAN_POINT ( 'NONE',  ( 1.600000000000000089, 0.3499999999999999778, 2.658830721404000563 ) ) ;
#5598 = VERTEX_POINT ( 'NONE', #4515 ) ;
#5599 = VERTEX_POINT ( 'NONE', #6890 ) ;
#5600 = FACE_BOUND ( 'NONE', #144, .T. ) ;
#5601 = DIRECTION ( 'NONE',  ( 0.000000000000000000, 0.000000000000000000, 1.000000000000000000 ) ) ;
#5602 = DIRECTION ( 'NONE',  ( -1.000000000000000000, 0.000000000000000000, 0.000000000000000000 ) ) ;
#5603 = FACE_OUTER_BOUND ( 'NONE', #6901, .T. ) ;
#5604 = LINE ( 'NONE', #6223, #5635 ) ;
#5605 = ADVANCED_FACE ( 'NONE', ( #2277 ), #6909, .T. ) ;
#5606 = CARTESIAN_POINT ( 'NONE',  ( 2.136556240649511551, -0.3561438660219133912, 2.296630723106982686 ) ) ;
#5607 = CARTESIAN_POINT ( 'NONE',  ( 1.550000000000000044, -0.2999999999999999889, 2.330000000000000071 ) ) ;
#5608 = VERTEX_POINT ( 'NONE', #2754 ) ;
#5609 = CARTESIAN_POINT ( 'NONE',  ( 1.908333333333315007, 0.1105541596784976044, 2.299999999999999822 ) ) ;
#5610 = CARTESIAN_POINT ( 'NONE',  ( -0.5574784945321240581, 0.1074784945321241025, 0.3004301093584688109 ) ) ;
#5611 = ORIENTED_EDGE ( 'NONE', *, *, #2629, .T. ) ;
#5612 = CARTESIAN_POINT ( 'NONE',  ( -0.2425215054681940652, -0.4925215054681937321, 0.3004301093587473104 ) ) ;
#5613 = ORIENTED_EDGE ( 'NONE', *, *, #671, .F. ) ;
#5615 = EDGE_CURVE ( 'NONE', #2984, #2364, #466, .T. ) ;
#5614 = DIRECTION ( 'NONE',  ( 0.000000000000000000, 0.000000000000000000, 1.000000000000000000 ) ) ;
#5616 = ORIENTED_EDGE ( 'NONE', *, *, #4497, .T. ) ;
#5617 = ORIENTED_EDGE ( 'NONE', *, *, #9, .T. ) ;
#5618 = ORIENTED_EDGE ( 'NONE', *, *, #2908, .F. ) ;
#5619 = EDGE_CURVE ( 'NONE', #5058, #4665, #1695, .T. ) ;
#5620 = LINE ( 'NONE', #3726, #3132 ) ;
#5621 = DIRECTION ( 'NONE',  ( 1.000000000000000000, 0.000000000000000000, 0.000000000000000000 ) ) ;
#5622 = ORIENTED_EDGE ( 'NONE', *, *, #3485, .T. ) ;
#5623 = ORIENTED_EDGE ( 'NONE', *, *, #6296, .T. ) ;
#5624 = DIRECTION ( 'NONE',  ( 0.000000000000000000, 0.000000000000000000, -1.000000000000000000 ) ) ;
#5625 = EDGE_CURVE ( 'NONE', #7456, #2311, #2794, .T. ) ;
#5626 = EDGE_CURVE ( 'NONE', #6522, #676, #6414, .T. ) ;
#5627 = VECTOR ( 'NONE', #6594, 1000.000000000000000 ) ;
#5628 = CARTESIAN_POINT ( 'NONE',  ( 2.095000000000000195, 0.2895950378225999877, 2.495600000000000041 ) ) ;
#5629 = ORIENTED_EDGE ( 'NONE', *, *, #6757, .F. ) ;
#5630 = ADVANCED_FACE ( 'NONE', ( #7510 ), #7553, .T. ) ;
#5631 = CARTESIAN_POINT ( 'NONE',  ( -1.550000000000000044, 0.4500000000000000111, 2.299999999999999822 ) ) ;
#5632 = EDGE_LOOP ( 'NONE', ( #7369, #1208, #2431, #989 ) ) ;
#5633 = ORIENTED_EDGE ( 'NONE', *, *, #6072, .T. ) ;
#5634 = DIRECTION ( 'NONE',  ( 0.000000000000000000, 0.000000000000000000, 1.000000000000000000 ) ) ;
#5635 = VECTOR ( 'NONE', #426, 1000.000000000000000 ) ;
#5636 = PLANE ( 'NONE',  #6646 ) ;
#5637 = LINE ( 'NONE', #2003, #5066 ) ;
#5638 = CARTESIAN_POINT ( 'NONE',  ( 1.824999999999999956, 0.1658312395178000165, 2.299999999999999822 ) ) ;
#5639 = DIRECTION ( 'NONE',  ( 0.000000000000000000, 0.000000000000000000, 1.000000000000000000 ) ) ;
#5640 = VECTOR ( 'NONE', #6752, 1000.000000000000000 ) ;
#5641 = CARTESIAN_POINT ( 'NONE',  ( 0.5350000000000000311, -0.5150000000000000133, 0.7500000000000000000 ) ) ;
#5642 = LINE ( 'NONE', #4952, #714 ) ;
#5643 = CARTESIAN_POINT ( 'NONE',  ( 1.850000000000000089, 0.4500000000000000111, 2.299999999999999822 ) ) ;
#5644 = VERTEX_POINT ( 'NONE', #4631 ) ;
#5645 = CARTESIAN_POINT ( 'NONE',  ( -1.800000000000000044, 0.2500000000000000000, 2.299999999999999822 ) ) ;
#5646 = FACE_OUTER_BOUND ( 'NONE', #1065, .T. ) ;
#5647 = ORIENTED_EDGE ( 'NONE', *, *, #6590, .T. ) ;
#5648 = CYLINDRICAL_SURFACE ( 'NONE', #1518, 0.07000000000000018707 ) ;
#5649 = ORIENTED_EDGE ( 'NONE', *, *, #6071, .T. ) ;
#5650 = LINE ( 'NONE', #3751, #7184 ) ;
#5651 = ORIENTED_EDGE ( 'NONE', *, *, #1105, .F. ) ;
#5652 = DIRECTION ( 'NONE',  ( 1.000000000000000000, 0.000000000000000000, 0.000000000000000000 ) ) ;
#5653 = VERTEX_POINT ( 'NONE', #5839 ) ;
#5654 = VECTOR ( 'NONE', #5979, 1000.000000000000000 ) ;
#5655 = ORIENTED_EDGE ( 'NONE', *, *, #1519, .F. ) ;
#5656 = VECTOR ( 'NONE', #3047, 1000.000000000000000 ) ;
#5657 = CARTESIAN_POINT ( 'NONE',  ( -2.000000000022257307, 0.3878679656450511049, 2.371005050633883116 ) ) ;
#5658 = DIRECTION ( 'NONE',  ( 0.000000000000000000, 0.000000000000000000, -1.000000000000000000 ) ) ;
#5659 = FACE_OUTER_BOUND ( 'NONE', #683, .T. ) ;
#5660 = VERTEX_POINT ( 'NONE', #7001 ) ;
#5661 = VECTOR ( 'NONE', #4061, 1000.000000000000114 ) ;
#5662 = ORIENTED_EDGE ( 'NONE', *, *, #447, .F. ) ;
#5663 = DIRECTION ( 'NONE',  ( 1.000000000000000000, 0.000000000000000000, 0.000000000000000000 ) ) ;
#5664 = CARTESIAN_POINT ( 'NONE',  ( 2.250000000000000000, 0.4000000000000000222, 0.5000000000000000000 ) ) ;
#5665 = VECTOR ( 'NONE', #6889, 1000.000000000000000 ) ;
#5666 = EDGE_CURVE ( 'NONE', #3551, #7503, #7624, .T. ) ;
#5667 = VERTEX_POINT ( 'NONE', #4090 ) ;
#5668 = ADVANCED_FACE ( 'NONE', ( #6457 ), #650, .F. ) ;
#5669 = LINE ( 'NONE', #6880, #222 ) ;
#5670 = ORIENTED_EDGE ( 'NONE', *, *, #7675, .F. ) ;
#5671 = ORIENTED_EDGE ( 'NONE', *, *, #4184, .F. ) ;
#5672 = VECTOR ( 'NONE', #7198, 1000.000000000000000 ) ;
#5673 = DIRECTION ( 'NONE',  ( 0.000000000000000000, -1.000000000000000000, 0.000000000000000000 ) ) ;
#5674 = CYLINDRICAL_SURFACE ( 'NONE', #429, 0.2000000000000000944 ) ;
#5675 = DIRECTION ( 'NONE',  ( -0.000000000000000000, 1.000000000000000000, 0.000000000000000000 ) ) ;
#5676 = VECTOR ( 'NONE', #4093, 1000.000000000000000 ) ;
#5677 = EDGE_CURVE ( 'NONE', #2668, #5949, #7118, .T. ) ;
#5678 = CARTESIAN_POINT ( 'NONE',  ( -1.469999999999999973, 0.2999999999989074739, 2.330000000000000071 ) ) ;
#5679 = CARTESIAN_POINT ( 'NONE',  ( 0.6500000000000000222, 0.9000000000000000222, 0.2500000000000000000 ) ) ;
#5680 = AXIS2_PLACEMENT_3D ( 'NONE', #207, #2470, #6718 ) ;
#5681 = DIRECTION ( 'NONE',  ( -0.000000000000000000, 1.000000000000000000, 0.000000000000000000 ) ) ;
#5682 = AXIS2_PLACEMENT_3D ( 'NONE', #4182, #2303, #4699 ) ;
#5683 = ADVANCED_FACE ( 'NONE', ( #28 ), #7158, .F. ) ;
#5684 = EDGE_CURVE ( 'NONE', #1442, #6319, #3535, .T. ) ;
#5685 = AXIS2_PLACEMENT_3D ( 'NONE', #3502, #1121, #5138 ) ;
#5686 = CARTESIAN_POINT ( 'NONE',  ( -1.925000000000000044, -0.3750000000000000000, 2.299999999999999822 ) ) ;
#5687 = CYLINDRICAL_SURFACE ( 'NONE', #2317, 0.1300000000000000044 ) ;
#5688 = ORIENTED_EDGE ( 'NONE', *, *, #686, .T. ) ;
#5689 = LINE ( 'NONE', #5099, #7683 ) ;
#5690 = CARTESIAN_POINT ( 'NONE',  ( -0.5574784945321223928, -0.1074784945321228952, 0.3004301093584694216 ) ) ;
#5691 = CARTESIAN_POINT ( 'NONE',  ( -2.113554018886000030, -0.8336623985643000223, 0.3800000000000000044 ) ) ;
#5692 = ORIENTED_EDGE ( 'NONE', *, *, #123, .T. ) ;
#5693 = CIRCLE ( 'NONE', #1706, 0.1499999999999999667 ) ;
#5694 = VECTOR ( 'NONE', #6466, 1000.000000000000000 ) ;
#5695 = CARTESIAN_POINT ( 'NONE',  ( 0.1895068923541355643, 0.1604931076458639694, 0.2500000000000000555 ) ) ;
#5696 = VECTOR ( 'NONE', #6615, 1000.000000000000000 ) ;
#5697 = CARTESIAN_POINT ( 'NONE',  ( -2.113554018886000030, -0.1038245945101801959, 0.3735081097972919872 ) ) ;
#5698 = AXIS2_PLACEMENT_3D ( 'NONE', #5096, #6935, #2123 ) ;
#5699 = VERTEX_POINT ( 'NONE', #1188 ) ;
#5700 = CARTESIAN_POINT ( 'NONE',  ( -0.6477036337370188912, -0.3797897576261394792, 0.2506267804821231127 ) ) ;
#5701 = ORIENTED_EDGE ( 'NONE', *, *, #6680, .T. ) ;
#5702 = ORIENTED_EDGE ( 'NONE', *, *, #5924, .F. ) ;
#5703 = VECTOR ( 'NONE', #7185, 1000.000000000000000 ) ;
#5704 = CARTESIAN_POINT ( 'NONE',  ( -1.929799999999999960, 0.2999999999797844930, 2.399999999999999911 ) ) ;
#5705 = FACE_OUTER_BOUND ( 'NONE', #1222, .T. ) ;
#5706 = CARTESIAN_POINT ( 'NONE',  ( 0.5569791683949584238, 0.4920982077094677165, 0.3451251010775115424 ) ) ;
#5707 = ADVANCED_FACE ( 'NONE', ( #3100 ), #6491, .F. ) ;
#5708 = ORIENTED_EDGE ( 'NONE', *, *, #4786, .F. ) ;
#5709 = ORIENTED_EDGE ( 'NONE', *, *, #4742, .T. ) ;
#5710 = DIRECTION ( 'NONE',  ( 0.000000000000000000, 0.000000000000000000, -1.000000000000000000 ) ) ;
#5711 = ADVANCED_FACE ( 'NONE', ( #4749 ), #6611, .F. ) ;
#5712 = DIRECTION ( 'NONE',  ( 0.000000000000000000, 0.000000000000000000, 1.000000000000000000 ) ) ;
#5713 = ORIENTED_EDGE ( 'NONE', *, *, #5870, .F. ) ;
#5714 = LINE ( 'NONE', #1024, #1216 ) ;
#5715 = EDGE_CURVE ( 'NONE', #7704, #6817, #4050, .T. ) ;
#5716 = ORIENTED_EDGE ( 'NONE', *, *, #7539, .F. ) ;
#5717 = ORIENTED_EDGE ( 'NONE', *, *, #123, .F. ) ;
#5718 = DIRECTION ( 'NONE',  ( 0.000000000000000000, 0.000000000000000000, -1.000000000000000000 ) ) ;
#5719 = PLANE ( 'NONE',  #4288 ) ;
#5720 = PLANE ( 'NONE',  #3449 ) ;
#5721 = ADVANCED_FACE ( 'NONE', ( #729 ), #4200, .T. ) ;
#5722 = CARTESIAN_POINT ( 'NONE',  ( -1.849999999974315079, 0.4500000000000000111, 2.299999999999999822 ) ) ;
#5723 = CARTESIAN_POINT ( 'NONE',  ( -2.000000000000000000, -0.2999999999801875039, 2.330000000000000071 ) ) ;
#5724 = DIRECTION ( 'NONE',  ( 0.000000000000000000, 0.000000000000000000, -1.000000000000000000 ) ) ;
#5725 = DIRECTION ( 'NONE',  ( 0.000000000000000000, 0.000000000000000000, -1.000000000000000000 ) ) ;
#5726 = LINE ( 'NONE', #2088, #6683 ) ;
#5727 = ORIENTED_EDGE ( 'NONE', *, *, #6757, .T. ) ;
#5728 = DIRECTION ( 'NONE',  ( -1.000000000000000000, 0.000000000000000000, 0.000000000000000000 ) ) ;
#5729 = CARTESIAN_POINT ( 'NONE',  ( 0.6497454014109926845, -0.8294267819657354934, 0.2500690200451409217 ) ) ;
#5730 = CARTESIAN_POINT ( 'NONE',  ( -1.050000000000000044, 0.000000000000000000, 2.200000000000000178 ) ) ;
#5731 = ORIENTED_EDGE ( 'NONE', *, *, #6021, .T. ) ;
#5732 = EDGE_CURVE ( 'NONE', #6603, #3604, #4715, .T. ) ;
#5733 = ADVANCED_FACE ( 'NONE', ( #7081 ), #4124, .T. ) ;
#5734 = DIRECTION ( 'NONE',  ( 0.000000000000000000, 0.000000000000000000, 1.000000000000000000 ) ) ;
#5735 = FACE_OUTER_BOUND ( 'NONE', #3098, .T. ) ;
#5736 = ADVANCED_FACE ( 'NONE', ( #6573 ), #6031, .F. ) ;
#5737 = VERTEX_POINT ( 'NONE', #5914 ) ;
#5738 = ORIENTED_EDGE ( 'NONE', *, *, #6237, .T. ) ;
#5739 = ORIENTED_EDGE ( 'NONE', *, *, #3862, .T. ) ;
#5740 = DIRECTION ( 'NONE',  ( 1.000000000000000000, 0.000000000000000000, 0.000000000000000000 ) ) ;
#5741 = CARTESIAN_POINT ( 'NONE',  ( -1.929400000000000004, 0.2999999999798859673, 2.399999999999999911 ) ) ;
#5742 = DIRECTION ( 'NONE',  ( 1.000000000000000000, 0.000000000000000000, 0.000000000000000000 ) ) ;
#5743 = LINE ( 'NONE', #2302, #6399 ) ;
#5744 = DIRECTION ( 'NONE',  ( 0.000000000000000000, 1.000000000000000000, 0.000000000000000000 ) ) ;
#5745 = ORIENTED_EDGE ( 'NONE', *, *, #6858, .F. ) ;
#5746 = DIRECTION ( 'NONE',  ( 1.000000000000000000, 0.000000000000000000, 0.000000000000000000 ) ) ;
#5747 = EDGE_CURVE ( 'NONE', #3928, #5553, #6781, .T. ) ;
#5748 = CARTESIAN_POINT ( 'NONE',  ( -2.100000000000000089, -0.3062249899919919360, 2.299999999999999822 ) ) ;
#5749 = ORIENTED_EDGE ( 'NONE', *, *, #7325, .F. ) ;
#5750 = FACE_OUTER_BOUND ( 'NONE', #631, .T. ) ;
#5751 = ORIENTED_EDGE ( 'NONE', *, *, #727, .F. ) ;
#5752 = ORIENTED_EDGE ( 'NONE', *, *, #4579, .T. ) ;
#5753 = LINE ( 'NONE', #1537, #2937 ) ;
#5754 = CARTESIAN_POINT ( 'NONE',  ( 1.875000000000000000, -0.8750000000000000000, 0.1749999999999999889 ) ) ;
#5755 = DIRECTION ( 'NONE',  ( 0.000000000000000000, 0.000000000000000000, -1.000000000000000000 ) ) ;
#5756 = DIRECTION ( 'NONE',  ( 0.000000000000000000, 0.000000000000000000, -1.000000000000000000 ) ) ;
#5757 = DIRECTION ( 'NONE',  ( 0.000000000000000000, 1.000000000000000000, 0.000000000000000000 ) ) ;
#5758 = VECTOR ( 'NONE', #7282, 999.9999999999998863 ) ;
#5759 = LINE ( 'NONE', #6305, #5577 ) ;
#5760 = CARTESIAN_POINT ( 'NONE',  ( 0.6261250910721960494, 0.7848455693065752303, 0.2585189754223766179 ) ) ;
#5761 = ORIENTED_EDGE ( 'NONE', *, *, #2543, .F. ) ;
#5762 = CARTESIAN_POINT ( 'NONE',  ( 1.908333333333315007, -0.1105541596785106079, 2.299999999999999822 ) ) ;
#5763 = CARTESIAN_POINT ( 'NONE',  ( -1.275000000000000133, -0.9000000000000000222, 0.000000000000000000 ) ) ;
#5764 = CARTESIAN_POINT ( 'NONE',  ( -1.600000000000000089, 0.2500000000000000000, 2.658830721404000563 ) ) ;
#5765 = VERTEX_POINT ( 'NONE', #3615 ) ;
#5766 = AXIS2_PLACEMENT_3D ( 'NONE', #5551, #7341, #2622 ) ;
#5767 = CARTESIAN_POINT ( 'NONE',  ( 1.375000000000000000, -0.4000000000000000222, 0.000000000000000000 ) ) ;
#5768 = CARTESIAN_POINT ( 'NONE',  ( 0.2650000000000000133, -0.6849999999999999423, 0.7500000000000000000 ) ) ;
#5769 = ORIENTED_EDGE ( 'NONE', *, *, #4399, .T. ) ;
#5770 = EDGE_CURVE ( 'NONE', #109, #3328, #3577, .T. ) ;
#5771 = ORIENTED_EDGE ( 'NONE', *, *, #2174, .T. ) ;
#5772 = ORIENTED_EDGE ( 'NONE', *, *, #5732, .T. ) ;
#5773 = VECTOR ( 'NONE', #4287, 1000.000000000000000 ) ;
#5774 = CARTESIAN_POINT ( 'NONE',  ( -0.2461754054898580013, -0.7038245945101510026, 0.3735081097978280029 ) ) ;
#5775 = EDGE_CURVE ( 'NONE', #4043, #552, #5540, .T. ) ;
#5776 = CARTESIAN_POINT ( 'NONE',  ( -1.849999999954001328, 0.4500000000000002887, 2.371005050633883116 ) ) ;
#5777 = EDGE_CURVE ( 'NONE', #6747, #1816, #3800, .T. ) ;
#5778 = DIRECTION ( 'NONE',  ( 1.000000000000000000, 0.000000000000000000, 0.000000000000000000 ) ) ;
#5779 = VECTOR ( 'NONE', #4010, 1000.000000000000000 ) ;
#5780 = CARTESIAN_POINT ( 'NONE',  ( 1.925000000000000044, -0.9000000000000000222, 0.000000000000000000 ) ) ;
#5781 = EDGE_CURVE ( 'NONE', #2016, #2829, #4417, .T. ) ;
#5782 = ADVANCED_FACE ( 'NONE', ( #6840 ), #4386, .T. ) ;
#5783 = EDGE_LOOP ( 'NONE', ( #644, #2269, #693, #7176 ) ) ;
#5784 = DIRECTION ( 'NONE',  ( -1.000000000000000000, 0.000000000000000000, 0.000000000000000000 ) ) ;
#5785 = CARTESIAN_POINT ( 'NONE',  ( 0.7500000000000000000, -0.5150000000000000133, 0.7500000000000000000 ) ) ;
#5786 = ORIENTED_EDGE ( 'NONE', *, *, #4842, .F. ) ;
#5787 = VECTOR ( 'NONE', #7684, 1000.000000000000000 ) ;
#5788 = PLANE ( 'NONE',  #3202 ) ;
#5789 =( BOUNDED_CURVE ( )  B_SPLINE_CURVE ( 3, ( #6801, #1455, #6213, #5519 ),
 .UNSPECIFIED., .F., .T. ) 
 B_SPLINE_CURVE_WITH_KNOTS ( ( 4, 4 ),
 ( 4.712388980384689674, 6.233226911454679886 ),
 .UNSPECIFIED. ) 
 CURVE ( )  GEOMETRIC_REPRESENTATION_ITEM ( )  RATIONAL_B_SPLINE_CURVE ( ( 1.000000000000000000, 0.8163648751943519688, 0.8163648751943519688, 1.000000000000000000 ) ) 
 REPRESENTATION_ITEM ( '' )  );
#5790 = ORIENTED_EDGE ( 'NONE', *, *, #6822, .T. ) ;
#5791 = EDGE_LOOP ( 'NONE', ( #2958, #5811, #1224, #4487 ) ) ;
#5792 = DIRECTION ( 'NONE',  ( -0.9993908270190957621, 0.000000000000000000, 0.03489949670249994917 ) ) ;
#5793 = DIRECTION ( 'NONE',  ( 0.000000000000000000, 1.000000000000000000, 0.000000000000000000 ) ) ;
#5794 = CARTESIAN_POINT ( 'NONE',  ( -0.6032749857866669396, 0.7590878250104524660, 0.2735169826720624808 ) ) ;
#5795 = VECTOR ( 'NONE', #847, 1000.000000000000000 ) ;
#5796 = PLANE ( 'NONE',  #420 ) ;
#5797 = CARTESIAN_POINT ( 'NONE',  ( 0.5350000000000000311, 0.9000000000000000222, 0.7500000000000000000 ) ) ;
#5798 = CARTESIAN_POINT ( 'NONE',  ( -0.6500000000000000222, 0.3499999999999999778, 0.000000000000000000 ) ) ;
#5799 = EDGE_CURVE ( 'NONE', #1951, #7312, #6692, .T. ) ;
#5800 = AXIS2_PLACEMENT_3D ( 'NONE', #3110, #1159, #7210 ) ;
#5801 = ORIENTED_EDGE ( 'NONE', *, *, #6071, .F. ) ;
#5802 = LINE ( 'NONE', #4675, #4577 ) ;
#5803 = CARTESIAN_POINT ( 'NONE',  ( -2.120000000000000107, 0.8000000000000000444, 1.932869999999999866 ) ) ;
#5804 = DIRECTION ( 'NONE',  ( 1.000000000000000000, 0.000000000000000000, 0.000000000000000000 ) ) ;
#5805 = EDGE_LOOP ( 'NONE', ( #3628, #4954, #7643, #3809 ) ) ;
#5806 = AXIS2_PLACEMENT_3D ( 'NONE', #4086, #1184, #7620 ) ;
#5807 = VECTOR ( 'NONE', #1782, 1000.000000000000000 ) ;
#5808 = CIRCLE ( 'NONE', #2950, 0.1000000000000000472 ) ;
#5809 = CARTESIAN_POINT ( 'NONE',  ( 2.120000000000000107, 0.8000000000000000444, 2.299999999999999822 ) ) ;
#5810 = CARTESIAN_POINT ( 'NONE',  ( -1.474999999999999867, 0.4749999999999999778, 2.100000000000000089 ) ) ;
#5811 = ORIENTED_EDGE ( 'NONE', *, *, #2287, .T. ) ;
#5812 = CARTESIAN_POINT ( 'NONE',  ( 1.925000000000000044, -0.3750000000000000000, 2.200000000000000178 ) ) ;
#5813 = EDGE_LOOP ( 'NONE', ( #1484, #1456, #875, #1359 ) ) ;
#5814 = EDGE_CURVE ( 'NONE', #4793, #2942, #808, .T. ) ;
#5815 = VECTOR ( 'NONE', #4141, 1000.000000000000000 ) ;
#5816 = EDGE_LOOP ( 'NONE', ( #4474, #6129, #2538, #4859 ) ) ;
#5817 = LINE ( 'NONE', #1167, #3814 ) ;
#5818 = VECTOR ( 'NONE', #1196, 1000.000000000000000 ) ;
#5819 = CARTESIAN_POINT ( 'NONE',  ( -0.5350000000000000311, 0.9000000000000000222, 0.7500000000000000000 ) ) ;
#5820 = VECTOR ( 'NONE', #7292, 1000.000000000000000 ) ;
#5821 = CARTESIAN_POINT ( 'NONE',  ( 0.6500000000000000222, 0.3499999999999999778, 0.000000000000000000 ) ) ;
#5822 = LINE ( 'NONE', #6955, #309 ) ;
#5823 = LINE ( 'NONE', #5387, #7421 ) ;
#5824 = EDGE_CURVE ( 'NONE', #2712, #7312, #2595, .T. ) ;
#5825 = ORIENTED_EDGE ( 'NONE', *, *, #1558, .F. ) ;
#5826 = CYLINDRICAL_SURFACE ( 'NONE', #3315, 0.1499999999999999667 ) ;
#5827 = VECTOR ( 'NONE', #1459, 1000.000000000000000 ) ;
#5828 = EDGE_CURVE ( 'NONE', #817, #2879, #3797, .T. ) ;
#5829 = EDGE_CURVE ( 'NONE', #7204, #3054, #799, .T. ) ;
#5830 = ADVANCED_FACE ( 'NONE', ( #3845 ), #6249, .T. ) ;
#5831 = DIRECTION ( 'NONE',  ( 0.000000000000000000, 1.000000000000000000, 0.000000000000000000 ) ) ;
#5832 = ORIENTED_EDGE ( 'NONE', *, *, #1007, .F. ) ;
#5833 = B_SPLINE_CURVE_WITH_KNOTS ( 'NONE', 3,
 ( #2559, #4978, #1381, #3773 ),
 .UNSPECIFIED., .F., .F.,
 ( 4, 4 ),
 ( 0.000000000000000000, 1.000000000000000000 ),
 .UNSPECIFIED. ) ;
#5834 = VERTEX_POINT ( 'NONE', #3170 ) ;
#5835 = ORIENTED_EDGE ( 'NONE', *, *, #6161, .F. ) ;
#5836 = FACE_OUTER_BOUND ( 'NONE', #1118, .T. ) ;
#5837 = CARTESIAN_POINT ( 'NONE',  ( -2.075000000000000178, 0.000000000000000000, 2.200000000000000178 ) ) ;
#5838 = DIRECTION ( 'NONE',  ( 0.000000000000000000, 0.000000000000000000, -1.000000000000000000 ) ) ;
#5839 = CARTESIAN_POINT ( 'NONE',  ( -0.1163376014357000027, 0.2336623985642999890, 0.2500000000000000000 ) ) ;
#5840 = DIRECTION ( 'NONE',  ( -0.9987523388778447586, 0.000000000000000000, 0.04993761694389219075 ) ) ;
#5841 = LINE ( 'NONE', #4204, #5449 ) ;
#5842 = CARTESIAN_POINT ( 'NONE',  ( 0.6364217540603455125, 0.7998260332238330550, 0.2544806772622358881 ) ) ;
#5843 = ORIENTED_EDGE ( 'NONE', *, *, #4779, .T. ) ;
#5844 = DIRECTION ( 'NONE',  ( -1.000000000000000000, 0.000000000000000000, 0.000000000000000000 ) ) ;
#5845 = CARTESIAN_POINT ( 'NONE',  ( 1.800000000000000044, -0.2500000000000000000, 2.100000000000000089 ) ) ;
#5846 = CYLINDRICAL_SURFACE ( 'NONE', #2695, 0.1000000000000000472 ) ;
#5847 = ORIENTED_EDGE ( 'NONE', *, *, #3063, .F. ) ;
#5848 = CARTESIAN_POINT ( 'NONE',  ( -2.167272531029506677, -0.3710790688156913597, 2.288346506654315160 ) ) ;
#5849 = DIRECTION ( 'NONE',  ( 0.000000000000000000, -1.000000000000000000, 0.000000000000000000 ) ) ;
#5850 = ORIENTED_EDGE ( 'NONE', *, *, #3982, .T. ) ;
#5851 = DIRECTION ( 'NONE',  ( 0.03489418781260641284, 0.01744177813808910418, -0.9992388003036514199 ) ) ;
#5852 = ORIENTED_EDGE ( 'NONE', *, *, #1869, .F. ) ;
#5853 = VERTEX_POINT ( 'NONE', #5596 ) ;
#5854 = CARTESIAN_POINT ( 'NONE',  ( -0.9001760548200999912, -0.4001032357147000229, 1.993212943085999722 ) ) ;
#5855 = ADVANCED_FACE ( 'NONE', ( #3806 ), #2512, .F. ) ;
#5856 = DIRECTION ( 'NONE',  ( -1.000000000000000000, 0.000000000000000000, 0.000000000000000000 ) ) ;
#5857 = DIRECTION ( 'NONE',  ( 1.000000000000000000, 0.000000000000000000, 0.000000000000000000 ) ) ;
#5858 = LINE ( 'NONE', #5311, #6304 ) ;
#5859 = CARTESIAN_POINT ( 'NONE',  ( -1.925000000000000044, 0.4749999999999999778, 2.100000000000000089 ) ) ;
#5860 = EDGE_LOOP ( 'NONE', ( #417, #1689, #2857, #5236 ) ) ;
#5861 = EDGE_CURVE ( 'NONE', #3362, #5653, #3133, .T. ) ;
#5862 = DIRECTION ( 'NONE',  ( 0.9987523388778447586, 0.000000000000000000, 0.04993761694389219075 ) ) ;
#5863 = EDGE_LOOP ( 'NONE', ( #7597, #2232, #2541, #4432 ) ) ;
#5864 = LINE ( 'NONE', #1758, #3272 ) ;
#5865 = ORIENTED_EDGE ( 'NONE', *, *, #3558, .F. ) ;
#5866 = VERTEX_POINT ( 'NONE', #142 ) ;
#5867 = ADVANCED_FACE ( 'NONE', ( #2628 ), #4505, .T. ) ;
#5868 = ORIENTED_EDGE ( 'NONE', *, *, #1840, .T. ) ;
#5869 = CARTESIAN_POINT ( 'NONE',  ( -1.275000000000000133, 0.4000000000000000222, 0.2500000000000000000 ) ) ;
#5870 = EDGE_CURVE ( 'NONE', #5213, #4106, #6490, .T. ) ;
#5871 = VERTEX_POINT ( 'NONE', #4897 ) ;
#5872 = DIRECTION ( 'NONE',  ( 0.000000000000000000, 0.000000000000000000, -1.000000000000000000 ) ) ;
#5873 = VECTOR ( 'NONE', #7218, 1000.000000000000114 ) ;
#5874 = DIRECTION ( 'NONE',  ( 1.000000000000000000, 0.000000000000000000, 0.000000000000000000 ) ) ;
#5875 = EDGE_CURVE ( 'NONE', #5432, #2994, #3131, .T. ) ;
#5876 = FACE_OUTER_BOUND ( 'NONE', #2508, .T. ) ;
#5877 = DIRECTION ( 'NONE',  ( 0.000000000000000000, 0.000000000000000000, -1.000000000000000000 ) ) ;
#5878 = ORIENTED_EDGE ( 'NONE', *, *, #2297, .T. ) ;
#5879 = CARTESIAN_POINT ( 'NONE',  ( -0.2650000000000000133, 0.6849999999999999423, 0.7500000000000000000 ) ) ;
#5880 = EDGE_CURVE ( 'NONE', #5248, #98, #1345, .T. ) ;
#5881 = EDGE_CURVE ( 'NONE', #4607, #1767, #3759, .T. ) ;
#5882 = AXIS2_PLACEMENT_3D ( 'NONE', #3450, #5199, #1573 ) ;
#5883 = CARTESIAN_POINT ( 'NONE',  ( 0.8510499682816999867, 0.3755476762867810403, 3.399999999999999911 ) ) ;
#5884 = DIRECTION ( 'NONE',  ( 0.000000000000000000, 0.000000000000000000, -1.000000000000000000 ) ) ;
#5885 = ORIENTED_EDGE ( 'NONE', *, *, #7335, .F. ) ;
#5886 = VECTOR ( 'NONE', #5734, 1000.000000000000000 ) ;
#5887 = DIRECTION ( 'NONE',  ( 0.000000000000000000, 0.000000000000000000, 1.000000000000000000 ) ) ;
#5888 = CYLINDRICAL_SURFACE ( 'NONE', #5444, 0.09999999999999993616 ) ;
#5889 = VERTEX_POINT ( 'NONE', #7381 ) ;
#5890 = CARTESIAN_POINT ( 'NONE',  ( -1.399999999999999911, -0.2999999999999999889, 2.299999999999999822 ) ) ;
#5891 = ORIENTED_EDGE ( 'NONE', *, *, #4351, .T. ) ;
#5892 = VERTEX_POINT ( 'NONE', #6107 ) ;
#5893 = CIRCLE ( 'NONE', #2776, 0.09999999999999982514 ) ;
#5894 = DIRECTION ( 'NONE',  ( 0.000000000000000000, 0.000000000000000000, -1.000000000000000000 ) ) ;
#5895 = DIRECTION ( 'NONE',  ( 1.000000000000000000, 0.000000000000000000, 0.000000000000000000 ) ) ;
#5896 = CIRCLE ( 'NONE', #4282, 0.2999999999999999334 ) ;
#5897 = CARTESIAN_POINT ( 'NONE',  ( 0.8510499682816999867, 0.3755476762961000303, 3.399999999999999911 ) ) ;
#5898 = AXIS2_PLACEMENT_3D ( 'NONE', #1919, #247, #7374 ) ;
#5899 = DIRECTION ( 'NONE',  ( 0.000000000000000000, 0.000000000000000000, -1.000000000000000000 ) ) ;
#5900 = DIRECTION ( 'NONE',  ( 1.000000000000000000, 0.000000000000000000, 0.000000000000000000 ) ) ;
#5901 = VECTOR ( 'NONE', #1499, 1000.000000000000000 ) ;
#5902 = ORIENTED_EDGE ( 'NONE', *, *, #633, .T. ) ;
#5903 = FACE_OUTER_BOUND ( 'NONE', #5028, .T. ) ;
#5904 = B_SPLINE_CURVE_WITH_KNOTS ( 'NONE', 3,
 ( #4376, #3121, #199, #276 ),
 .UNSPECIFIED., .F., .F.,
 ( 4, 4 ),
 ( 0.000000000000000000, 1.000000000000000000 ),
 .UNSPECIFIED. ) ;
#5905 = EDGE_LOOP ( 'NONE', ( #4803, #1559, #3368, #5465 ) ) ;
#5906 = DIRECTION ( 'NONE',  ( 0.000000000000000000, -1.000000000000000000, 0.000000000000000000 ) ) ;
#5907 = ORIENTED_EDGE ( 'NONE', *, *, #7693, .T. ) ;
#5908 = ORIENTED_EDGE ( 'NONE', *, *, #5223, .F. ) ;
#5909 = VERTEX_POINT ( 'NONE', #762 ) ;
#5910 = CARTESIAN_POINT ( 'NONE',  ( -2.100000000000000089, 0.4749999999999999778, 2.100000000000000089 ) ) ;
#5911 = VECTOR ( 'NONE', #5872, 1000.000000000000000 ) ;
#5912 = ORIENTED_EDGE ( 'NONE', *, *, #2477, .T. ) ;
#5913 = LINE ( 'NONE', #6486, #183 ) ;
#5914 = CARTESIAN_POINT ( 'NONE',  ( 1.275000000000000133, -0.5000000000000000000, 0.2500000000000000000 ) ) ;
#5915 = DIRECTION ( 'NONE',  ( 0.000000000000000000, 0.000000000000000000, -1.000000000000000000 ) ) ;
#5916 = DIRECTION ( 'NONE',  ( 0.000000000000000000, 0.000000000000000000, 1.000000000000000000 ) ) ;
#5917 = ORIENTED_EDGE ( 'NONE', *, *, #963, .T. ) ;
#5918 = DIRECTION ( 'NONE',  ( 1.000000000000000000, 0.000000000000000000, 0.000000000000000000 ) ) ;
#5919 = LINE ( 'NONE', #584, #4903 ) ;
#5920 = CARTESIAN_POINT ( 'NONE',  ( -0.5745712183416809005, 0.4726265957894379977, 0.3051491504438680891 ) ) ;
#5921 = AXIS2_PLACEMENT_3D ( 'NONE', #7250, #6586, #1244 ) ;
#5922 = EDGE_CURVE ( 'NONE', #909, #98, #5789, .T. ) ;
#5923 = EDGE_CURVE ( 'NONE', #4619, #6353, #2696, .T. ) ;
#5924 = EDGE_CURVE ( 'NONE', #3238, #3551, #1063, .T. ) ;
#5925 = ADVANCED_FACE ( 'NONE', ( #2194 ), #6960, .T. ) ;
#5926 = CARTESIAN_POINT ( 'NONE',  ( 1.824999999999999956, -0.1658312395178000165, 2.100000000000000089 ) ) ;
#5927 = FACE_OUTER_BOUND ( 'NONE', #394, .T. ) ;
#5928 = ORIENTED_EDGE ( 'NONE', *, *, #1433, .F. ) ;
#5929 = DIRECTION ( 'NONE',  ( 0.000000000000000000, 1.000000000000000000, 0.000000000000000000 ) ) ;
#5930 = ORIENTED_EDGE ( 'NONE', *, *, #1530, .F. ) ;
#5931 = ORIENTED_EDGE ( 'NONE', *, *, #4001, .F. ) ;
#5932 = AXIS2_PLACEMENT_3D ( 'NONE', #1732, #1766, #4121 ) ;
#5933 = AXIS2_PLACEMENT_3D ( 'NONE', #3419, #7628, #5877 ) ;
#5934 = DIRECTION ( 'NONE',  ( 0.000000000000000000, 0.000000000000000000, 1.000000000000000000 ) ) ;
#5935 = LINE ( 'NONE', #4732, #3642 ) ;
#5936 = VECTOR ( 'NONE', #5316, 1000.000000000000000 ) ;
#5937 = FACE_OUTER_BOUND ( 'NONE', #2076, .T. ) ;
#5938 = CARTESIAN_POINT ( 'NONE',  ( -1.949999999999999956, -0.9000000000000000222, 0.5000000000000000000 ) ) ;
#5939 = CIRCLE ( 'NONE', #3448, 0.1499999999999999667 ) ;
#5940 = CARTESIAN_POINT ( 'NONE',  ( 0.5540493129827799290, 0.4958725469090002336, 0.3690137403439989749 ) ) ;
#5941 = VECTOR ( 'NONE', #2845, 1000.000000000000000 ) ;
#5942 = VERTEX_POINT ( 'NONE', #7030 ) ;
#5943 = CARTESIAN_POINT ( 'NONE',  ( 0.5599999999999999423, 0.9000000000000000222, 0.2500000000000000000 ) ) ;
#5944 = VECTOR ( 'NONE', #6898, 1000.000000000000000 ) ;
#5945 = AXIS2_PLACEMENT_3D ( 'NONE', #6224, #5494, #2489 ) ;
#5946 = DIRECTION ( 'NONE',  ( -1.000000000000000000, 0.000000000000000000, 0.000000000000000000 ) ) ;
#5947 = EDGE_CURVE ( 'NONE', #4665, #3999, #6449, .T. ) ;
#5948 = LINE ( 'NONE', #7110, #7261 ) ;
#5949 = VERTEX_POINT ( 'NONE', #5160 ) ;
#5950 = VECTOR ( 'NONE', #2720, 1000.000000000000000 ) ;
#5951 = ORIENTED_EDGE ( 'NONE', *, *, #525, .T. ) ;
#5952 = ORIENTED_EDGE ( 'NONE', *, *, #5625, .T. ) ;
#5953 = PLANE ( 'NONE',  #5932 ) ;
#5954 = VERTEX_POINT ( 'NONE', #5664 ) ;
#5955 = CARTESIAN_POINT ( 'NONE',  ( -1.550000000017999868, -0.4500000000000000111, 2.299999999999999822 ) ) ;
#5956 = DIRECTION ( 'NONE',  ( -1.000000000000000000, 0.000000000000000000, 0.000000000000000000 ) ) ;
#5957 = EDGE_CURVE ( 'NONE', #3115, #7204, #3332, .T. ) ;
#5958 = CYLINDRICAL_SURFACE ( 'NONE', #3331, 0.1300000000000000044 ) ;
#5959 = DIRECTION ( 'NONE',  ( 0.000000000000000000, 0.000000000000000000, 1.000000000000000000 ) ) ;
#5960 = ORIENTED_EDGE ( 'NONE', *, *, #5974, .F. ) ;
#5961 = ORIENTED_EDGE ( 'NONE', *, *, #7094, .F. ) ;
#5962 = PLANE ( 'NONE',  #6942 ) ;
#5963 = DIRECTION ( 'NONE',  ( 1.000000000000000000, 0.000000000000000000, 0.000000000000000000 ) ) ;
#5964 = PLANE ( 'NONE',  #2575 ) ;
#5965 = ADVANCED_FACE ( 'NONE', ( #4546 ), #7615, .T. ) ;
#5966 = CARTESIAN_POINT ( 'NONE',  ( 1.399999999999999911, -0.2999999999835309961, 2.299999999999999822 ) ) ;
#5967 = DIRECTION ( 'NONE',  ( 0.000000000000000000, 0.000000000000000000, -1.000000000000000000 ) ) ;
#5968 = DIRECTION ( 'NONE',  ( 0.000000000000000000, 1.000000000000000000, 0.000000000000000000 ) ) ;
#5969 = VERTEX_POINT ( 'NONE', #6328 ) ;
#5970 = LINE ( 'NONE', #595, #813 ) ;
#5971 = EDGE_LOOP ( 'NONE', ( #4306, #4027, #4028, #3896, #7135, #1299, #7095, #7481, #3963, #3552, #645, #2899, #1863, #6806, #5801, #62, #1300, #6016, #86, #2216 ) ) ;
#5972 = ORIENTED_EDGE ( 'NONE', *, *, #730, .F. ) ;
#5973 = EDGE_CURVE ( 'NONE', #1331, #7199, #2230, .T. ) ;
#5974 = EDGE_CURVE ( 'NONE', #4382, #2810, #2264, .T. ) ;
#5975 = CARTESIAN_POINT ( 'NONE',  ( 1.474999999999999867, 0.000000000000000000, 2.200000000000000178 ) ) ;
#5976 = DIRECTION ( 'NONE',  ( -0.000000000000000000, 1.000000000000000000, 0.000000000000000000 ) ) ;
#5977 = ADVANCED_FACE ( 'NONE', ( #5085 ), #4002, .T. ) ;
#5978 = FACE_OUTER_BOUND ( 'NONE', #4784, .T. ) ;
#5979 = DIRECTION ( 'NONE',  ( 0.000000000000000000, 0.000000000000000000, -1.000000000000000000 ) ) ;
#5980 = CARTESIAN_POINT ( 'NONE',  ( 0.2461754054898004918, -0.4961754054898009914, 0.3735081097969064623 ) ) ;
#5981 = VERTEX_POINT ( 'NONE', #6362 ) ;
#5982 = DIRECTION ( 'NONE',  ( 0.000000000000000000, -1.000000000000000000, 0.000000000000000000 ) ) ;
#5983 = DIRECTION ( 'NONE',  ( -1.000000000000000000, 0.000000000000000000, 0.000000000000000000 ) ) ;
#5984 = LINE ( 'NONE', #58, #1151 ) ;
#5985 = ORIENTED_EDGE ( 'NONE', *, *, #1551, .T. ) ;
#5986 = EDGE_LOOP ( 'NONE', ( #5709, #59, #5878, #2181, #4861, #7293 ) ) ;
#5987 = ORIENTED_EDGE ( 'NONE', *, *, #6021, .F. ) ;
#5988 = FACE_OUTER_BOUND ( 'NONE', #2219, .T. ) ;
#5989 = ORIENTED_EDGE ( 'NONE', *, *, #3392, .T. ) ;
#5990 = CARTESIAN_POINT ( 'NONE',  ( -2.200000000000000178, 0.5000000000000000000, 2.100000000000000089 ) ) ;
#5991 = DIRECTION ( 'NONE',  ( 0.000000000000000000, -1.000000000000000000, 0.000000000000000000 ) ) ;
#5992 = EDGE_CURVE ( 'NONE', #4382, #3846, #337, .T. ) ;
#5993 = CARTESIAN_POINT ( 'NONE',  ( -1.050000000000000044, 0.4000000000000000222, 2.495600000000000041 ) ) ;
#5994 = DIRECTION ( 'NONE',  ( 1.000000000000000000, 0.000000000000000000, 0.000000000000000000 ) ) ;
#5995 = EDGE_LOOP ( 'NONE', ( #3086, #5594, #1516, #2473 ) ) ;
#5996 = VERTEX_POINT ( 'NONE', #5748 ) ;
#5997 = DIRECTION ( 'NONE',  ( 0.000000000000000000, 0.000000000000000000, -1.000000000000000000 ) ) ;
#5998 = CARTESIAN_POINT ( 'NONE',  ( -1.875000000000000000, -0.9000000000000000222, 0.5000000000000000000 ) ) ;
#5999 = LINE ( 'NONE', #4723, #4945 ) ;
#6000 = DIRECTION ( 'NONE',  ( 1.000000000000000000, 0.000000000000000000, 0.000000000000000000 ) ) ;
#6001 = DIRECTION ( 'NONE',  ( 1.000000000000000000, 0.000000000000000000, 0.000000000000000000 ) ) ;
#6002 = VERTEX_POINT ( 'NONE', #7464 ) ;
#6003 = CARTESIAN_POINT ( 'NONE',  ( 0.9965079230508250285, 0.3983006008654345065, 2.100000000000000089 ) ) ;
#6004 = EDGE_LOOP ( 'NONE', ( #53, #6963, #3227, #6214 ) ) ;
#6005 = ORIENTED_EDGE ( 'NONE', *, *, #3381, .T. ) ;
#6006 = CARTESIAN_POINT ( 'NONE',  ( -1.048733916957085954, -1.299999987538480006, 1.423088437467536105 ) ) ;
#6007 = AXIS2_PLACEMENT_3D ( 'NONE', #6783, #4851, #2015 ) ;
#6008 = CARTESIAN_POINT ( 'NONE',  ( -0.8510492565254180741, 0.4755324461018599624, 3.401745224023254632 ) ) ;
#6009 = DIRECTION ( 'NONE',  ( 0.000000000000000000, 1.000000000000000000, 0.000000000000000000 ) ) ;
#6010 = CARTESIAN_POINT ( 'NONE',  ( -2.075000000000000178, 0.000000000000000000, 2.100000000000000089 ) ) ;
#6011 = ADVANCED_FACE ( 'NONE', ( #456 ), #1646, .T. ) ;
#6012 = FACE_OUTER_BOUND ( 'NONE', #2114, .T. ) ;
#6013 = CARTESIAN_POINT ( 'NONE',  ( 1.908333333333315007, 0.1105541596784976044, 2.100000000000000089 ) ) ;
#6014 = VERTEX_POINT ( 'NONE', #3923 ) ;
#6015 = VECTOR ( 'NONE', #2472, 1000.000000000000000 ) ;
#6016 = ORIENTED_EDGE ( 'NONE', *, *, #4115, .F. ) ;
#6017 = DIRECTION ( 'NONE',  ( 1.000000000000000000, 0.000000000000000000, 0.000000000000000000 ) ) ;
#6018 = ADVANCED_FACE ( 'NONE', ( #946 ), #2745, .T. ) ;
#6019 = VECTOR ( 'NONE', #6281, 1000.000000000000000 ) ;
#6020 = DIRECTION ( 'NONE',  ( 0.000000000000000000, -1.000000000000000000, 0.000000000000000000 ) ) ;
#6021 = EDGE_CURVE ( 'NONE', #251, #663, #4041, .T. ) ;
#6022 = DIRECTION ( 'NONE',  ( 0.000000000000000000, -1.000000000000000000, 0.000000000000000000 ) ) ;
#6023 = EDGE_CURVE ( 'NONE', #5644, #5546, #4138, .T. ) ;
#6024 = ORIENTED_EDGE ( 'NONE', *, *, #2919, .T. ) ;
#6025 = DIRECTION ( 'NONE',  ( 0.000000000000000000, -1.000000000000000000, 0.000000000000000000 ) ) ;
#6026 = AXIS2_PLACEMENT_3D ( 'NONE', #35, #544, #5371 ) ;
#6027 = VERTEX_POINT ( 'NONE', #7583 ) ;
#6028 = VERTEX_POINT ( 'NONE', #4621 ) ;
#6029 = LINE ( 'NONE', #2865, #5052 ) ;
#6030 = ORIENTED_EDGE ( 'NONE', *, *, #4443, .T. ) ;
#6031 = CYLINDRICAL_SURFACE ( 'NONE', #1413, 0.1000000000000000472 ) ;
#6032 = FACE_OUTER_BOUND ( 'NONE', #2430, .T. ) ;
#6033 = ORIENTED_EDGE ( 'NONE', *, *, #3064, .T. ) ;
#6034 = EDGE_LOOP ( 'NONE', ( #1524, #7104, #3492 ) ) ;
#6035 = CARTESIAN_POINT ( 'NONE',  ( 1.550000000005999912, 0.4500000000000000111, 2.299999999999999822 ) ) ;
#6036 = LINE ( 'NONE', #4248, #6767 ) ;
#6037 = LINE ( 'NONE', #1310, #6934 ) ;
#6038 = VECTOR ( 'NONE', #7473, 1000.000000000000000 ) ;
#6039 = PLANE ( 'NONE',  #413 ) ;
#6040 = EDGE_CURVE ( 'NONE', #855, #1331, #6992, .T. ) ;
#6041 = LINE ( 'NONE', #627, #220 ) ;
#6042 =( GEOMETRIC_REPRESENTATION_CONTEXT ( 3 ) GLOBAL_UNCERTAINTY_ASSIGNED_CONTEXT ( ( #7130 ) ) GLOBAL_UNIT_ASSIGNED_CONTEXT ( ( #1952, #6234, #894 ) ) REPRESENTATION_CONTEXT ( 'NONE', 'WORKASPACE' ) );
#6043 = ORIENTED_EDGE ( 'NONE', *, *, #2240, .T. ) ;
#6044 = CARTESIAN_POINT ( 'NONE',  ( -2.100000000000000089, 0.4000000000000000222, 2.100000000000000089 ) ) ;
#6045 = ORIENTED_EDGE ( 'NONE', *, *, #704, .F. ) ;
#6046 =( BOUNDED_CURVE ( )  B_SPLINE_CURVE ( 3, ( #3948, #5695, #7482, #1552 ),
 .UNSPECIFIED., .F., .T. ) 
 B_SPLINE_CURVE_WITH_KNOTS ( ( 4, 4 ),
 ( 4.712388980384689674, 6.233226911457609987 ),
 .UNSPECIFIED. ) 
 CURVE ( )  GEOMETRIC_REPRESENTATION_ITEM ( )  RATIONAL_B_SPLINE_CURVE ( ( 1.000000000000000000, 0.8163648751936799508, 0.8163648751936799508, 1.000000000000000000 ) ) 
 REPRESENTATION_ITEM ( '' )  );
#6047 = ORIENTED_EDGE ( 'NONE', *, *, #4300, .F. ) ;
#6048 = LINE ( 'NONE', #3629, #205 ) ;
#6049 = VECTOR ( 'NONE', #6116, 1000.000000000000000 ) ;
#6050 = LINE ( 'NONE', #6125, #3518 ) ;
#6052 = EDGE_CURVE ( 'NONE', #6697, #5578, #57, .T. ) ;
#6051 = CARTESIAN_POINT ( 'NONE',  ( -1.875000000000000000, -0.9000000000000000222, 0.6118033988749899121 ) ) ;
#6053 = CARTESIAN_POINT ( 'NONE',  ( 0.8499999999848999455, -0.9000000000000000222, 1.100000000000000089 ) ) ;
#6054 = ORIENTED_EDGE ( 'NONE', *, *, #6072, .F. ) ;
#6055 = AXIS2_PLACEMENT_3D ( 'NONE', #1748, #7647, #669 ) ;
#6056 = EDGE_LOOP ( 'NONE', ( #5930, #135, #3691, #4893 ) ) ;
#6057 = CARTESIAN_POINT ( 'NONE',  ( -2.100000000000000089, -0.9416666666666670960, 2.299999999999999822 ) ) ;
#6058 = CIRCLE ( 'NONE', #1690, 0.09999999999999982514 ) ;
#6059 = DIRECTION ( 'NONE',  ( 0.000000000000000000, 0.000000000000000000, -1.000000000000000000 ) ) ;
#6060 = AXIS2_PLACEMENT_3D ( 'NONE', #5032, #3278, #3400 ) ;
#6061 = LINE ( 'NONE', #4013, #2784 ) ;
#6062 = AXIS2_PLACEMENT_3D ( 'NONE', #3379, #7633, #5884 ) ;
#6063 = EDGE_LOOP ( 'NONE', ( #2782, #4268, #5581, #219, #3247, #3402 ) ) ;
#6064 = EDGE_CURVE ( 'NONE', #2970, #1806, #3486, .T. ) ;
#6065 = VERTEX_POINT ( 'NONE', #2351 ) ;
#6066 = ORIENTED_EDGE ( 'NONE', *, *, #1314, .F. ) ;
#6067 = AXIS2_PLACEMENT_3D ( 'NONE', #6445, #5982, #5391 ) ;
#6068 = CARTESIAN_POINT ( 'NONE',  ( 0.1895068923539612316, -0.4395068923539616201, 0.2500000000000003331 ) ) ;
#6069 = VERTEX_POINT ( 'NONE', #4741 ) ;
#6070 = VECTOR ( 'NONE', #974, 1000.000000000000000 ) ;
#6071 = EDGE_CURVE ( 'NONE', #5275, #2092, #3531, .T. ) ;
#6072 = EDGE_CURVE ( 'NONE', #1280, #4276, #5357, .T. ) ;
#6073 = ADVANCED_FACE ( 'NONE', ( #6601 ), #567, .T. ) ;
#6074 = AXIS2_PLACEMENT_3D ( 'NONE', #5013, #6257, #2753 ) ;
#6075 = DIRECTION ( 'NONE',  ( 0.000000000000000000, 0.000000000000000000, -1.000000000000000000 ) ) ;
#6076 = AXIS2_PLACEMENT_3D ( 'NONE', #2404, #5918, #5997 ) ;
#6077 = VECTOR ( 'NONE', #5450, 1000.000000000000000 ) ;
#6078 = EDGE_CURVE ( 'NONE', #6995, #4613, #1258, .T. ) ;
#6079 = LINE ( 'NONE', #5597, #2964 ) ;
#6080 = ORIENTED_EDGE ( 'NONE', *, *, #957, .T. ) ;
#6081 = ORIENTED_EDGE ( 'NONE', *, *, #6711, .F. ) ;
#6082 = FACE_OUTER_BOUND ( 'NONE', #4678, .T. ) ;
#6083 = CARTESIAN_POINT ( 'NONE',  ( 0.9509890508765259654, 0.3755476762867810403, 3.403489952735884838 ) ) ;
#6084 = CARTESIAN_POINT ( 'NONE',  ( -0.5641348408898563260, 0.4840570004171071417, 0.3236746148519077382 ) ) ;
#6085 = AXIS2_PLACEMENT_3D ( 'NONE', #2381, #1254, #7224 ) ;
#6086 = CYLINDRICAL_SURFACE ( 'NONE', #2144, 0.09999999999999982514 ) ;
#6087 = CARTESIAN_POINT ( 'NONE',  ( 2.120597009602840366, -0.3426214304375295727, 2.299032694463782889 ) ) ;
#6088 = CARTESIAN_POINT ( 'NONE',  ( -2.194999999999999840, -0.3750000000000000000, 2.170710678118999759 ) ) ;
#6089 = ORIENTED_EDGE ( 'NONE', *, *, #3179, .F. ) ;
#6090 = DIRECTION ( 'NONE',  ( 1.000000000000000000, 0.000000000000000000, 0.000000000000000000 ) ) ;
#6091 = CARTESIAN_POINT ( 'NONE',  ( -0.2425215054678760696, -0.1074784945321239638, 0.3004301093584688109 ) ) ;
#6092 = EDGE_LOOP ( 'NONE', ( #3760, #4383, #6402, #5865 ) ) ;
#6093 = EDGE_CURVE ( 'NONE', #2092, #1951, #4775, .T. ) ;
#6094 = LINE ( 'NONE', #2461, #827 ) ;
#6095 = CARTESIAN_POINT ( 'NONE',  ( 2.194999999999999840, 0.2895950378225999877, 2.299999999999999822 ) ) ;
#6096 = DIRECTION ( 'NONE',  ( 0.000000000000000000, -1.000000000000000000, 0.000000000000000000 ) ) ;
#6097 =( BOUNDED_CURVE ( )  B_SPLINE_CURVE ( 3, ( #6123, #6228, #7443, #1358 ),
 .UNSPECIFIED., .F., .T. ) 
 B_SPLINE_CURVE_WITH_KNOTS ( ( 4, 4 ),
 ( 0.04995839572196039691, 1.570796326794895004 ),
 .UNSPECIFIED. ) 
 CURVE ( )  GEOMETRIC_REPRESENTATION_ITEM ( )  RATIONAL_B_SPLINE_CURVE ( ( 1.000000000000000000, 0.8163648751936759540, 0.8163648751936759540, 1.000000000000000000 ) ) 
 REPRESENTATION_ITEM ( '' )  );
#6098 = ORIENTED_EDGE ( 'NONE', *, *, #3892, .T. ) ;
#6099 = CARTESIAN_POINT ( 'NONE',  ( -2.200000000000000178, -0.3499999999999999778, 2.100000000000000089 ) ) ;
#6100 = ORIENTED_EDGE ( 'NONE', *, *, #1314, .T. ) ;
#6101 = CARTESIAN_POINT ( 'NONE',  ( 2.095000000000000195, 0.000000000000000000, 2.200000000000000178 ) ) ;
#6102 = CARTESIAN_POINT ( 'NONE',  ( 0.6512660830426759695, -1.299999987538480006, 1.423088437467532108 ) ) ;
#6103 = PLANE ( 'NONE',  #5766 ) ;
#6104 = EDGE_LOOP ( 'NONE', ( #3570, #6268, #7705, #872 ) ) ;
#6105 = EDGE_LOOP ( 'NONE', ( #7005, #2169, #453, #5688 ) ) ;
#6106 = DIRECTION ( 'NONE',  ( 0.000000000000000000, 1.000000000000000000, 0.000000000000000000 ) ) ;
#6107 = CARTESIAN_POINT ( 'NONE',  ( -0.2650000000000000133, -0.5150000000000000133, 0.7500000000000000000 ) ) ;
#6108 = EDGE_CURVE ( 'NONE', #802, #1533, #7148, .T. ) ;
#6109 = FACE_OUTER_BOUND ( 'NONE', #2893, .T. ) ;
#6110 = ORIENTED_EDGE ( 'NONE', *, *, #3365, .F. ) ;
#6111 = VERTEX_POINT ( 'NONE', #2938 ) ;
#6112 = FACE_OUTER_BOUND ( 'NONE', #4257, .T. ) ;
#6113 = CARTESIAN_POINT ( 'NONE',  ( 1.275000000000000133, 0.3499999999999999778, 0.000000000000000000 ) ) ;
#6114 = CARTESIAN_POINT ( 'NONE',  ( 1.375000000000000000, 0.5000000000000000000, -0.009603111705303998477 ) ) ;
#6115 = ADVANCED_FACE ( 'NONE', ( #5274 ), #6642, .F. ) ;
#6116 = DIRECTION ( 'NONE',  ( -1.000000000000000000, 0.000000000000000000, 0.000000000000000000 ) ) ;
#6117 = DIRECTION ( 'NONE',  ( 0.04987546680538140070, -0.04987546680549371364, -0.9975093361076272647 ) ) ;
#6118 = EDGE_CURVE ( 'NONE', #1962, #5275, #5864, .T. ) ;
#6119 = CARTESIAN_POINT ( 'NONE',  ( -0.2461754054898420141, 0.1038245945101746032, 0.3735081097972909880 ) ) ;
#6120 = LINE ( 'NONE', #3144, #465 ) ;
#6121 = ORIENTED_EDGE ( 'NONE', *, *, #2346, .T. ) ;
#6122 = DIRECTION ( 'NONE',  ( -1.000000000000000000, 0.000000000000000000, 0.000000000000000000 ) ) ;
#6123 = CARTESIAN_POINT ( 'NONE',  ( 0.5538245945101579748, 0.1038245945101746032, 0.3735081097972909880 ) ) ;
#6124 = VERTEX_POINT ( 'NONE', #4188 ) ;
#6125 = CARTESIAN_POINT ( 'NONE',  ( -1.899999999999999911, 0.2500000000000000000, 2.100000000000000089 ) ) ;
#6126 = CARTESIAN_POINT ( 'NONE',  ( -1.925000000000000044, -0.2704156197588999944, 2.299999999999999822 ) ) ;
#6127 = ORIENTED_EDGE ( 'NONE', *, *, #6204, .T. ) ;
#6128 = CARTESIAN_POINT ( 'NONE',  ( -1.050000000000000044, 0.4749999999999999778, 2.100000000000000089 ) ) ;
#6129 = ORIENTED_EDGE ( 'NONE', *, *, #7253, .T. ) ;
#6130 = ORIENTED_EDGE ( 'NONE', *, *, #4022, .T. ) ;
#6131 = CARTESIAN_POINT ( 'NONE',  ( -2.200000000000000178, 0.4000000000000000222, 2.100000000000000089 ) ) ;
#6132 = AXIS2_PLACEMENT_3D ( 'NONE', #2785, #6286, #377 ) ;
#6133 = FACE_OUTER_BOUND ( 'NONE', #3597, .T. ) ;
#6134 = FACE_OUTER_BOUND ( 'NONE', #2428, .T. ) ;
#6135 = VECTOR ( 'NONE', #7405, 1000.000000000000000 ) ;
#6136 = EDGE_CURVE ( 'NONE', #4794, #98, #5434, .T. ) ;
#6137 = ORIENTED_EDGE ( 'NONE', *, *, #3892, .F. ) ;
#6138 = VERTEX_POINT ( 'NONE', #2471 ) ;
#6139 = LINE ( 'NONE', #5517, #461 ) ;
#6140 = AXIS2_PLACEMENT_3D ( 'NONE', #1384, #6190, #6260 ) ;
#6141 = CARTESIAN_POINT ( 'NONE',  ( 2.100000000000000089, -0.3750000000000000000, 2.100000000000000089 ) ) ;
#6142 = VECTOR ( 'NONE', #6157, 1000.000000000000000 ) ;
#6143 = DIRECTION ( 'NONE',  ( 1.000000000000000000, 0.000000000000000000, 0.000000000000000000 ) ) ;
#6144 = ORIENTED_EDGE ( 'NONE', *, *, #1346, .T. ) ;
#6145 = ORIENTED_EDGE ( 'NONE', *, *, #1910, .F. ) ;
#6146 = DIRECTION ( 'NONE',  ( -0.5547001962252289253, 0.8320502943378439431, 0.000000000000000000 ) ) ;
#6147 = CARTESIAN_POINT ( 'NONE',  ( -1.050043252580531883, -1.299999991578181913, 1.407711848962633905 ) ) ;
#6148 = FACE_OUTER_BOUND ( 'NONE', #6779, .T. ) ;
#6149 = DIRECTION ( 'NONE',  ( 0.000000000000000000, -1.000000000000000000, 0.000000000000000000 ) ) ;
#6150 = VECTOR ( 'NONE', #4262, 1000.000000000000000 ) ;
#6151 = CARTESIAN_POINT ( 'NONE',  ( -2.176543619725733070, -0.3737546133158198836, 2.285035112070613383 ) ) ;
#6152 = CARTESIAN_POINT ( 'NONE',  ( 2.155272074609167809, -0.3673599682061904903, 2.292498885460506397 ) ) ;
#6153 = DIRECTION ( 'NONE',  ( -0.04987546680538128274, 0.04987546680550199174, -0.9975093361076268206 ) ) ;
#6154 = EDGE_CURVE ( 'NONE', #6206, #1278, #3606, .T. ) ;
#6155 = VERTEX_POINT ( 'NONE', #4857 ) ;
#6156 = CARTESIAN_POINT ( 'NONE',  ( -1.930000000000000160, 0.3086776736253000197, 2.399999999999999911 ) ) ;
#6157 = DIRECTION ( 'NONE',  ( 0.000000000000000000, 0.000000000000000000, 1.000000000000000000 ) ) ;
#6158 = ORIENTED_EDGE ( 'NONE', *, *, #4238, .T. ) ;
#6159 = AXIS2_PLACEMENT_3D ( 'NONE', #1871, #4398, #1501 ) ;
#6160 = EDGE_CURVE ( 'NONE', #4151, #4561, #7227, .T. ) ;
#6161 = EDGE_CURVE ( 'NONE', #2201, #5608, #293, .T. ) ;
#6162 = ADVANCED_FACE ( 'NONE', ( #3523 ), #1841, .F. ) ;
#6163 = B_SPLINE_CURVE_WITH_KNOTS ( 'NONE', 3,
 ( #4208, #4838, #622, #5454 ),
 .UNSPECIFIED., .F., .F.,
 ( 4, 4 ),
 ( 0.000000000000000000, 1.000000000000000000 ),
 .UNSPECIFIED. ) ;
#6164 = FACE_OUTER_BOUND ( 'NONE', #2652, .T. ) ;
#6165 = AXIS2_PLACEMENT_3D ( 'NONE', #2207, #6338, #5874 ) ;
#6166 = CARTESIAN_POINT ( 'NONE',  ( -2.100000000000000089, -0.9416666666666670960, 2.100000000000000089 ) ) ;
#6167 = VERTEX_POINT ( 'NONE', #6520 ) ;
#6168 = FACE_OUTER_BOUND ( 'NONE', #7318, .T. ) ;
#6169 = ORIENTED_EDGE ( 'NONE', *, *, #5152, .T. ) ;
#6170 = ORIENTED_EDGE ( 'NONE', *, *, #4876, .F. ) ;
#6171 = CARTESIAN_POINT ( 'NONE',  ( -0.6500000000000000222, 0.000000000000000000, 0.2500000000000000000 ) ) ;
#6172 = CARTESIAN_POINT ( 'NONE',  ( -0.8500000000151000101, -1.199999999999999956, 1.099999999999999867 ) ) ;
#6173 = EDGE_LOOP ( 'NONE', ( #7196, #6709, #1489, #4880 ) ) ;
#6174 = ORIENTED_EDGE ( 'NONE', *, *, #5354, .F. ) ;
#6175 = LINE ( 'NONE', #2625, #2060 ) ;
#6176 = CIRCLE ( 'NONE', #5806, 0.1000000000000000056 ) ;
#6177 = VECTOR ( 'NONE', #4162, 1000.000000000000000 ) ;
#6178 = DIRECTION ( 'NONE',  ( 0.000000000000000000, 1.000000000000000000, 0.000000000000000000 ) ) ;
#6179 = VECTOR ( 'NONE', #1333, 1000.000000000000000 ) ;
#6180 = CARTESIAN_POINT ( 'NONE',  ( 0.6499999999999801492, -0.3663376014356999888, 0.2500000000000000000 ) ) ;
#6181 = ORIENTED_EDGE ( 'NONE', *, *, #6541, .F. ) ;
#6182 = VERTEX_POINT ( 'NONE', #3565 ) ;
#6183 = DIRECTION ( 'NONE',  ( -1.000000000000000000, 0.000000000000000000, 0.000000000000000000 ) ) ;
#6184 = CARTESIAN_POINT ( 'NONE',  ( -1.399999999999999911, -0.2999999999999999889, 2.299999999999999822 ) ) ;
#6185 = DIRECTION ( 'NONE',  ( 0.000000000000000000, 0.000000000000000000, -1.000000000000000000 ) ) ;
#6186 = VECTOR ( 'NONE', #6122, 1000.000000000000000 ) ;
#6187 = EDGE_CURVE ( 'NONE', #5981, #6069, #7074, .T. ) ;
#6188 = DIRECTION ( 'NONE',  ( 0.000000000000000000, 0.000000000000000000, -1.000000000000000000 ) ) ;
#6189 = AXIS2_PLACEMENT_3D ( 'NONE', #6545, #2454, #4172 ) ;
#6190 = DIRECTION ( 'NONE',  ( -0.000000000000000000, 1.000000000000000000, 0.000000000000000000 ) ) ;
#6191 = DIRECTION ( 'NONE',  ( 0.000000000000000000, 1.000000000000000000, 0.000000000000000000 ) ) ;
#6192 = CARTESIAN_POINT ( 'NONE',  ( 0.5567020315621747928, -0.4924263067405356686, 0.3465428590174058909 ) ) ;
#6193 = VERTEX_POINT ( 'NONE', #1139 ) ;
#6194 = EDGE_CURVE ( 'NONE', #6367, #1865, #608, .T. ) ;
#6195 = CARTESIAN_POINT ( 'NONE',  ( 1.925000000000000044, 0.3750000000000000000, 2.299999999999999822 ) ) ;
#6196 = CARTESIAN_POINT ( 'NONE',  ( -0.1895068923541355643, -0.1604931076458645245, 0.2500000000000000555 ) ) ;
#6197 = ORIENTED_EDGE ( 'NONE', *, *, #6825, .T. ) ;
#6198 = CARTESIAN_POINT ( 'NONE',  ( 2.100000000000000089, 0.4000000000000000222, 2.100000000000000089 ) ) ;
#6199 = ORIENTED_EDGE ( 'NONE', *, *, #7254, .F. ) ;
#6200 = CARTESIAN_POINT ( 'NONE',  ( 1.275000000000000133, -0.9000000000000000222, 0.000000000000000000 ) ) ;
#6201 = EDGE_CURVE ( 'NONE', #5653, #1040, #5474, .T. ) ;
#6202 = ORIENTED_EDGE ( 'NONE', *, *, #5143, .T. ) ;
#6204 = EDGE_CURVE ( 'NONE', #1430, #5073, #2511, .T. ) ;
#6203 = CARTESIAN_POINT ( 'NONE',  ( -0.6355772891676381153, -0.4013916464121464744, 0.2548152807616311244 ) ) ;
#6205 = ORIENTED_EDGE ( 'NONE', *, *, #4359, .T. ) ;
#6206 = VERTEX_POINT ( 'NONE', #5550 ) ;
#6207 = EDGE_CURVE ( 'NONE', #7386, #5397, #92, .T. ) ;
#6208 = CARTESIAN_POINT ( 'NONE',  ( 1.600000000000000089, -0.2500000000000000000, 2.658830721404000563 ) ) ;
#6209 = DIRECTION ( 'NONE',  ( 0.03489418781260640590, -0.01744177813808910071, -0.9992388003036511979 ) ) ;
#6210 = ORIENTED_EDGE ( 'NONE', *, *, #4311, .F. ) ;
#6211 = ORIENTED_EDGE ( 'NONE', *, *, #7515, .T. ) ;
#6212 = CARTESIAN_POINT ( 'NONE',  ( -0.2400000000000000189, 0.9000000000000000222, 0.2500000000000000000 ) ) ;
#6213 = CARTESIAN_POINT ( 'NONE',  ( 0.2425215054676519155, 0.4925215054676518878, 0.3004301093582723015 ) ) ;
#6214 = ORIENTED_EDGE ( 'NONE', *, *, #7335, .T. ) ;
#6215 = DIRECTION ( 'NONE',  ( 0.000000000000000000, 0.000000000000000000, -1.000000000000000000 ) ) ;
#6216 = ORIENTED_EDGE ( 'NONE', *, *, #5198, .F. ) ;
#6217 = VERTEX_POINT ( 'NONE', #3094 ) ;
#6218 = PLANE ( 'NONE',  #348 ) ;
#6219 = LINE ( 'NONE', #877, #5773 ) ;
#6220 = CARTESIAN_POINT ( 'NONE',  ( -1.875000000000000000, -0.8000000000000000444, -0.1881966011250000015 ) ) ;
#6221 = ADVANCED_FACE ( 'NONE', ( #1366 ), #210, .F. ) ;
#6222 = CARTESIAN_POINT ( 'NONE',  ( -0.6500000000000000222, -0.3499999999999999778, 0.000000000000000000 ) ) ;
#6223 = CARTESIAN_POINT ( 'NONE',  ( -2.200000000000000178, -0.3750000000000000000, 2.100000000000000089 ) ) ;
#6224 = CARTESIAN_POINT ( 'NONE',  ( 0.8510499682852941117, -0.3755476762978919858, 3.399999999896044844 ) ) ;
#6225 = CARTESIAN_POINT ( 'NONE',  ( 0.5350000000000000311, -0.08499999999999829914, 0.7500000000000000000 ) ) ;
#6226 = ORIENTED_EDGE ( 'NONE', *, *, #771, .T. ) ;
#6227 = LINE ( 'NONE', #815, #5568 ) ;
#6228 = CARTESIAN_POINT ( 'NONE',  ( 0.5574784945321231699, 0.1074784945321226731, 0.3004301093584697546 ) ) ;
#6229 = VERTEX_POINT ( 'NONE', #3235 ) ;
#6230 = LINE ( 'NONE', #4526, #2138 ) ;
#6231 = ORIENTED_EDGE ( 'NONE', *, *, #1668, .F. ) ;
#6232 = DIRECTION ( 'NONE',  ( 0.000000000000000000, 1.000000000000000000, 0.000000000000000000 ) ) ;
#6233 = ORIENTED_EDGE ( 'NONE', *, *, #6680, .F. ) ;
#6234 =( NAMED_UNIT ( * ) PLANE_ANGLE_UNIT ( ) SI_UNIT ( $, .RADIAN. ) );
#6235 = ORIENTED_EDGE ( 'NONE', *, *, #2620, .T. ) ;
#6236 = ORIENTED_EDGE ( 'NONE', *, *, #2702, .F. ) ;
#6237 = EDGE_CURVE ( 'NONE', #3657, #1018, #5588, .T. ) ;
#6238 = DIRECTION ( 'NONE',  ( 0.000000000000000000, 1.000000000000000000, 0.000000000000000000 ) ) ;
#6239 = DIRECTION ( 'NONE',  ( 0.000000000000000000, 1.000000000000000000, 0.000000000000000000 ) ) ;
#6240 = PLANE ( 'NONE',  #6060 ) ;
#6241 = VECTOR ( 'NONE', #2105, 1000.000000000000000 ) ;
#6242 = ORIENTED_EDGE ( 'NONE', *, *, #2629, .F. ) ;
#6243 = ADVANCED_FACE ( 'NONE', ( #4418 ), #2621, .F. ) ;
#6244 = VERTEX_POINT ( 'NONE', #3683 ) ;
#6245 = DIRECTION ( 'NONE',  ( 1.000000000000000000, 0.000000000000000000, 0.000000000000000000 ) ) ;
#6246 = EDGE_CURVE ( 'NONE', #1816, #2923, #5620, .T. ) ;
#6247 = ADVANCED_FACE ( 'NONE', ( #3757 ), #5030, .T. ) ;
#6248 = AXIS2_PLACEMENT_3D ( 'NONE', #5819, #6867, #1521 ) ;
#6249 = CYLINDRICAL_SURFACE ( 'NONE', #3504, 0.1000000000000000472 ) ;
#6250 = ORIENTED_EDGE ( 'NONE', *, *, #3284, .T. ) ;
#6251 = FACE_OUTER_BOUND ( 'NONE', #1261, .T. ) ;
#6252 = ORIENTED_EDGE ( 'NONE', *, *, #1343, .F. ) ;
#6253 = ORIENTED_EDGE ( 'NONE', *, *, #2939, .F. ) ;
#6254 = CARTESIAN_POINT ( 'NONE',  ( 1.858677673624999915, 0.3800000000000000044, 2.399999999999999911 ) ) ;
#6255 = VECTOR ( 'NONE', #1742, 1000.000000000000000 ) ;
#6256 = CARTESIAN_POINT ( 'NONE',  ( 1.550000000014499779, 0.4500000000000000111, 2.330000000000000071 ) ) ;
#6257 = DIRECTION ( 'NONE',  ( -0.000000000000000000, 1.000000000000000000, 0.000000000000000000 ) ) ;
#6258 = DIRECTION ( 'NONE',  ( 1.366323084524944057E-11, 1.000000000000000000, 1.161645184776260126E-14 ) ) ;
#6259 = CARTESIAN_POINT ( 'NONE',  ( 1.600000000000000089, -0.2500000000000000000, 2.100000000000000089 ) ) ;
#6260 = DIRECTION ( 'NONE',  ( 1.000000000000000000, 0.000000000000000000, 0.000000000000000000 ) ) ;
#6261 = VECTOR ( 'NONE', #5906, 1000.000000000000000 ) ;
#6262 = CARTESIAN_POINT ( 'NONE',  ( -1.525000000000000133, -0.8000000000000000444, 0.5000000000000000000 ) ) ;
#6263 = LINE ( 'NONE', #3782, #6805 ) ;
#6264 = VERTEX_POINT ( 'NONE', #3798 ) ;
#6265 = CARTESIAN_POINT ( 'NONE',  ( 0.9509890507715169639, -0.3755480305921239936, 3.403489955742990070 ) ) ;
#6266 = CARTESIAN_POINT ( 'NONE',  ( 0.5689999860042999069, -0.7212774888009571006, 0.3138054144995814920 ) ) ;
#6267 = DIRECTION ( 'NONE',  ( 0.000000000000000000, 0.000000000000000000, -1.000000000000000000 ) ) ;
#6268 = ORIENTED_EDGE ( 'NONE', *, *, #1647, .F. ) ;
#6269 = EDGE_CURVE ( 'NONE', #5369, #2984, #4352, .T. ) ;
#6270 = CARTESIAN_POINT ( 'NONE',  ( -2.299999999999999822, -0.9449999999999999512, 1.800000000000000044 ) ) ;
#6271 = ORIENTED_EDGE ( 'NONE', *, *, #6876, .T. ) ;
#6272 = CARTESIAN_POINT ( 'NONE',  ( -1.375000000000000000, 0.4000000000000000222, 0.5000000000000000000 ) ) ;
#6273 = ORIENTED_EDGE ( 'NONE', *, *, #4585, .F. ) ;
#6274 = DIRECTION ( 'NONE',  ( 1.000000000000000000, 0.000000000000000000, 0.000000000000000000 ) ) ;
#6275 = ORIENTED_EDGE ( 'NONE', *, *, #5400, .F. ) ;
#6276 = AXIS2_PLACEMENT_3D ( 'NONE', #5780, #5857, #6989 ) ;
#6277 = VERTEX_POINT ( 'NONE', #4996 ) ;
#6278 = AXIS2_PLACEMENT_3D ( 'NONE', #2479, #7235, #690 ) ;
#6279 = CARTESIAN_POINT ( 'NONE',  ( -1.929600000011809868, 0.3466286004356408101, 2.400000000000003020 ) ) ;
#6280 = ADVANCED_FACE ( 'NONE', ( #3126 ), #4966, .T. ) ;
#6281 = DIRECTION ( 'NONE',  ( 0.000000000000000000, -1.000000000000000000, 0.000000000000000000 ) ) ;
#6282 = VERTEX_POINT ( 'NONE', #2546 ) ;
#6283 = ORIENTED_EDGE ( 'NONE', *, *, #5992, .F. ) ;
#6284 = ADVANCED_FACE ( 'NONE', ( #6133 ), #4380, .T. ) ;
#6285 = DIRECTION ( 'NONE',  ( 0.000000000000000000, 0.000000000000000000, -1.000000000000000000 ) ) ;
#6286 = DIRECTION ( 'NONE',  ( 1.000000000000000000, 0.000000000000000000, 0.000000000000000000 ) ) ;
#6287 = AXIS2_PLACEMENT_3D ( 'NONE', #4064, #5740, #2184 ) ;
#6288 = EDGE_CURVE ( 'NONE', #5660, #4663, #1403, .T. ) ;
#6289 = ORIENTED_EDGE ( 'NONE', *, *, #7348, .T. ) ;
#6290 = LINE ( 'NONE', #7501, #360 ) ;
#6291 = VERTEX_POINT ( 'NONE', #831 ) ;
#6292 = ADVANCED_FACE ( 'NONE', ( #3204 ), #864, .T. ) ;
#6293 = ORIENTED_EDGE ( 'NONE', *, *, #3667, .T. ) ;
#6294 = AXIS2_PLACEMENT_3D ( 'NONE', #3370, #5792, #2751 ) ;
#6295 = DIRECTION ( 'NONE',  ( 1.000000000000000000, 0.000000000000000000, 0.000000000000000000 ) ) ;
#6296 = EDGE_CURVE ( 'NONE', #251, #4239, #6791, .T. ) ;
#6297 = DIRECTION ( 'NONE',  ( -0.000000000000000000, 1.000000000000000000, 0.000000000000000000 ) ) ;
#6298 = DIRECTION ( 'NONE',  ( -1.000000000000000000, 0.000000000000000000, 0.000000000000000000 ) ) ;
#6299 = CARTESIAN_POINT ( 'NONE',  ( -2.120000000000000107, 0.8000000000000000444, 2.299999999999999822 ) ) ;
#6300 = PLANE ( 'NONE',  #6660 ) ;
#6301 = ADVANCED_FACE ( 'NONE', ( #3323 ), #4457, .T. ) ;
#6302 = VECTOR ( 'NONE', #3307, 1000.000000000000227 ) ;
#6303 = DIRECTION ( 'NONE',  ( 0.000000000000000000, -1.000000000000000000, 0.000000000000000000 ) ) ;
#6304 = VECTOR ( 'NONE', #521, 1000.000000000000000 ) ;
#6305 = CARTESIAN_POINT ( 'NONE',  ( -1.500000000000000000, -0.3499999999999999778, 2.299999999999999822 ) ) ;
#6306 = CARTESIAN_POINT ( 'NONE',  ( 2.112253379640000261, 0.2336623985642999890, 0.3800000000000000044 ) ) ;
#6307 = ORIENTED_EDGE ( 'NONE', *, *, #1482, .F. ) ;
#6308 = PLANE ( 'NONE',  #5318 ) ;
#6309 = CARTESIAN_POINT ( 'NONE',  ( 0.6477036337370188912, -0.8202102423738606429, 0.2506267804821231127 ) ) ;
#6310 = CYLINDRICAL_SURFACE ( 'NONE', #3191, 0.1000000000000000472 ) ;
#6311 = ORIENTED_EDGE ( 'NONE', *, *, #4167, .F. ) ;
#6312 = CIRCLE ( 'NONE', #3712, 0.1000000000000000472 ) ;
#6313 = AXIS2_PLACEMENT_3D ( 'NONE', #7016, #2881, #3664 ) ;
#6314 = DIRECTION ( 'NONE',  ( 0.000000000000000000, 0.000000000000000000, -1.000000000000000000 ) ) ;
#6315 = CIRCLE ( 'NONE', #2962, 0.07999999999999998779 ) ;
#6316 = LINE ( 'NONE', #4609, #7686 ) ;
#6317 = ORIENTED_EDGE ( 'NONE', *, *, #2347, .T. ) ;
#6318 = CARTESIAN_POINT ( 'NONE',  ( 0.6499999999999801492, 0.3663376014356999888, 0.2500000000000000000 ) ) ;
#6319 = VERTEX_POINT ( 'NONE', #7490 ) ;
#6320 = ORIENTED_EDGE ( 'NONE', *, *, #4300, .T. ) ;
#6321 = CARTESIAN_POINT ( 'NONE',  ( -0.9509890509853829998, 0.5000000000000000000, 3.403489949619245003 ) ) ;
#6322 = CARTESIAN_POINT ( 'NONE',  ( -1.875000000000000000, -0.8000000000000000444, 0.5000000000000000000 ) ) ;
#6323 = CARTESIAN_POINT ( 'NONE',  ( 0.6430289865947389494, 0.3902125795788106144, 0.2520592787166228144 ) ) ;
#6324 = CARTESIAN_POINT ( 'NONE',  ( 2.299999999999999822, -0.3750000000000000000, 2.100000000000000089 ) ) ;
#6325 = ORIENTED_EDGE ( 'NONE', *, *, #1376, .F. ) ;
#6326 = VERTEX_POINT ( 'NONE', #2774 ) ;
#6327 = LINE ( 'NONE', #6874, #7554 ) ;
#6328 = CARTESIAN_POINT ( 'NONE',  ( 1.899999999999999911, -0.2500000000000000000, 2.100000000000000089 ) ) ;
#6329 = ORIENTED_EDGE ( 'NONE', *, *, #7466, .F. ) ;
#6330 = CARTESIAN_POINT ( 'NONE',  ( -2.100000000000000089, -0.3750000000000000000, 1.800000000000000044 ) ) ;
#6331 = ORIENTED_EDGE ( 'NONE', *, *, #2824, .F. ) ;
#6332 = VERTEX_POINT ( 'NONE', #2225 ) ;
#6333 = DIRECTION ( 'NONE',  ( 0.000000000000000000, 0.000000000000000000, 1.000000000000000000 ) ) ;
#6334 = CARTESIAN_POINT ( 'NONE',  ( 1.525000000000000133, -0.9499999999999999556, 0.5000000000000000000 ) ) ;
#6335 = CARTESIAN_POINT ( 'NONE',  ( -0.6364217540603455125, 0.7998260332238330550, 0.2544806772622358881 ) ) ;
#6336 = DIRECTION ( 'NONE',  ( 0.000000000000000000, -1.000000000000000000, 0.000000000000000000 ) ) ;
#6337 = EDGE_CURVE ( 'NONE', #3198, #4326, #2185, .T. ) ;
#6338 = DIRECTION ( 'NONE',  ( -0.000000000000000000, 0.9987523388778447586, 0.04993761694389219075 ) ) ;
#6339 = EDGE_CURVE ( 'NONE', #7544, #3687, #2140, .T. ) ;
#6340 = CYLINDRICAL_SURFACE ( 'NONE', #6637, 0.1000000000000000472 ) ;
#6341 = CARTESIAN_POINT ( 'NONE',  ( -1.932869999999999866, -0.6449999999999999067, 1.800000000000000044 ) ) ;
#6342 = EDGE_LOOP ( 'NONE', ( #3019, #2549, #493, #2037 ) ) ;
#6343 = DIRECTION ( 'NONE',  ( -1.000000000000000000, 0.000000000000000000, 0.000000000000000000 ) ) ;
#6344 = LINE ( 'NONE', #2171, #6640 ) ;
#6345 = FACE_OUTER_BOUND ( 'NONE', #6729, .T. ) ;
#6346 = ORIENTED_EDGE ( 'NONE', *, *, #3276, .T. ) ;
#6347 = EDGE_CURVE ( 'NONE', #4764, #4509, #1638, .T. ) ;
#6348 = ADVANCED_FACE ( 'NONE', ( #4033 ), #7610, .F. ) ;
#6349 = LINE ( 'NONE', #274, #3138 ) ;
#6350 = DIRECTION ( 'NONE',  ( 1.000000000000000000, 0.000000000000000000, 0.000000000000000000 ) ) ;
#6351 = ORIENTED_EDGE ( 'NONE', *, *, #1335, .F. ) ;
#6352 = ORIENTED_EDGE ( 'NONE', *, *, #1994, .T. ) ;
#6353 = VERTEX_POINT ( 'NONE', #2813 ) ;
#6354 = B_SPLINE_CURVE_WITH_KNOTS ( 'NONE', 3,
 ( #5504, #4961, #7334, #2058 ),
 .UNSPECIFIED., .F., .F.,
 ( 4, 4 ),
 ( 0.000000000000000000, 1.000000000000000000 ),
 .UNSPECIFIED. ) ;
#6355 = FACE_OUTER_BOUND ( 'NONE', #3783, .T. ) ;
#6356 = CARTESIAN_POINT ( 'NONE',  ( -1.929800000011842931, 0.3467457577231677912, 2.400000000000003020 ) ) ;
#6357 = CARTESIAN_POINT ( 'NONE',  ( 1.899999999999999911, 0.09682458365518528676, 2.299999999999999822 ) ) ;
#6358 = CARTESIAN_POINT ( 'NONE',  ( 0.6355772891676381153, 0.4013916464121464744, 0.2548152807616311244 ) ) ;
#6359 = CARTESIAN_POINT ( 'NONE',  ( -0.5350000000000000311, -0.08500000000000000611, 0.7500000000000000000 ) ) ;
#6360 = ORIENTED_EDGE ( 'NONE', *, *, #1966, .T. ) ;
#6361 = FACE_OUTER_BOUND ( 'NONE', #1762, .T. ) ;
#6362 = CARTESIAN_POINT ( 'NONE',  ( -1.275000000000000133, -0.9000000000000000222, 0.000000000000000000 ) ) ;
#6363 = EDGE_CURVE ( 'NONE', #5871, #6002, #7575, .T. ) ;
#6364 = EDGE_LOOP ( 'NONE', ( #3455, #5885, #5328, #6391 ) ) ;
#6365 = UNCERTAINTY_MEASURE_WITH_UNIT (LENGTH_MEASURE( 1.000000000000000082E-05 ), #4265, 'distance_accuracy_value', 'NONE');
#6366 = LINE ( 'NONE', #3367, #1961 ) ;
#6367 = VERTEX_POINT ( 'NONE', #4578 ) ;
#6368 = ORIENTED_EDGE ( 'NONE', *, *, #538, .T. ) ;
#6369 = CARTESIAN_POINT ( 'NONE',  ( 1.525000000000000133, -0.9499999999999999556, -0.1881966011250000015 ) ) ;
#6370 = CARTESIAN_POINT ( 'NONE',  ( -2.220000000000000195, 0.8000000000000000444, 2.299999999999999822 ) ) ;
#6371 = CARTESIAN_POINT ( 'NONE',  ( 2.100000000000000089, -0.9250000000000000444, 1.500000000000000000 ) ) ;
#6372 = AXIS2_PLACEMENT_3D ( 'NONE', #5142, #4568, #7522 ) ;
#6373 = DIRECTION ( 'NONE',  ( 0.000000000000000000, 0.000000000000000000, -1.000000000000000000 ) ) ;
#6374 = DIRECTION ( 'NONE',  ( 0.000000000000000000, 0.000000000000000000, 1.000000000000000000 ) ) ;
#6375 = LINE ( 'NONE', #104, #6015 ) ;
#6376 = VECTOR ( 'NONE', #849, 1000.000000000000000 ) ;
#6377 = LINE ( 'NONE', #3461, #1957 ) ;
#6378 = CARTESIAN_POINT ( 'NONE',  ( -0.5538245945101799572, 0.7175453909421009024, 0.3735081097972909880 ) ) ;
#6379 = ORIENTED_EDGE ( 'NONE', *, *, #1912, .T. ) ;
#6380 = DIRECTION ( 'NONE',  ( -1.000000000000000000, 3.643524251838465300E-15, 2.106835684985006044E-29 ) ) ;
#6381 = CARTESIAN_POINT ( 'NONE',  ( -0.8510499682816999867, -0.3755476762774789812, 3.399999999999999911 ) ) ;
#6382 = CARTESIAN_POINT ( 'NONE',  ( -1.850000000000000089, -0.2999999999999999889, 2.330000000000000071 ) ) ;
#6383 = ORIENTED_EDGE ( 'NONE', *, *, #3735, .F. ) ;
#6384 = EDGE_CURVE ( 'NONE', #6319, #1011, #5191, .T. ) ;
#6385 = AXIS2_PLACEMENT_3D ( 'NONE', #5821, #1522, #2142 ) ;
#6386 = DIRECTION ( 'NONE',  ( -0.04987546680538120641, -0.04987546680551700057, 0.9975093361076261544 ) ) ;
#6387 = VECTOR ( 'NONE', #3851, 1000.000000000000000 ) ;
#6388 = EDGE_CURVE ( 'NONE', #6217, #1636, #1053, .T. ) ;
#6389 = PLANE ( 'NONE',  #4458 ) ;
#6390 = ORIENTED_EDGE ( 'NONE', *, *, #2963, .F. ) ;
#6391 = ORIENTED_EDGE ( 'NONE', *, *, #5112, .F. ) ;
#6392 = ORIENTED_EDGE ( 'NONE', *, *, #1426, .T. ) ;
#6393 = ADVANCED_FACE ( 'NONE', ( #3996 ), #4615, .F. ) ;
#6394 = ADVANCED_FACE ( 'NONE', ( #2339 ), #7065, .T. ) ;
#6395 = EDGE_CURVE ( 'NONE', #2742, #5765, #5935, .T. ) ;
#6396 = CARTESIAN_POINT ( 'NONE',  ( 0.6499999999999810374, 0.000000000000000000, 0.2500000000000000000 ) ) ;
#6397 = DIRECTION ( 'NONE',  ( 0.000000000000000000, -1.000000000000000000, 0.000000000000000000 ) ) ;
#6398 = CARTESIAN_POINT ( 'NONE',  ( 2.000000000000000000, -0.2999999999999999889, 2.299999999999999822 ) ) ;
#6399 = VECTOR ( 'NONE', #1564, 1000.000000000000000 ) ;
#6400 = CARTESIAN_POINT ( 'NONE',  ( -1.600000000000000089, -0.3499999999999999778, 2.299999999999999822 ) ) ;
#6401 = FACE_OUTER_BOUND ( 'NONE', #2158, .T. ) ;
#6402 = ORIENTED_EDGE ( 'NONE', *, *, #3593, .T. ) ;
#6403 = DIRECTION ( 'NONE',  ( 0.000000000000000000, 0.000000000000000000, 1.000000000000000000 ) ) ;
#6404 = AXIS2_PLACEMENT_3D ( 'NONE', #2838, #2907, #2870 ) ;
#6405 = DIRECTION ( 'NONE',  ( 1.000000000000000000, 0.000000000000000000, 0.000000000000000000 ) ) ;
#6406 = ORIENTED_EDGE ( 'NONE', *, *, #6246, .F. ) ;
#6407 = AXIS2_PLACEMENT_3D ( 'NONE', #3148, #3784, #2643 ) ;
#6408 = ORIENTED_EDGE ( 'NONE', *, *, #6825, .F. ) ;
#6409 = EDGE_LOOP ( 'NONE', ( #6030, #1166, #289, #6536 ) ) ;
#6410 = CARTESIAN_POINT ( 'NONE',  ( -2.120000000000000107, 0.4749999999999999778, 1.932869999999999866 ) ) ;
#6411 = FACE_OUTER_BOUND ( 'NONE', #1628, .T. ) ;
#6412 = LINE ( 'NONE', #1071, #4913 ) ;
#6413 = VECTOR ( 'NONE', #7590, 1000.000000000000000 ) ;
#6414 = LINE ( 'NONE', #2239, #3286 ) ;
#6415 = EDGE_CURVE ( 'NONE', #6217, #6182, #4139, .T. ) ;
#6416 = DIRECTION ( 'NONE',  ( 0.000000000000000000, -1.000000000000000000, 0.000000000000000000 ) ) ;
#6417 = CARTESIAN_POINT ( 'NONE',  ( 0.6500000000000000222, 0.9000000000000000222, 0.2500000000000000000 ) ) ;
#6418 = VECTOR ( 'NONE', #6592, 1000.000000000000000 ) ;
#6419 = ORIENTED_EDGE ( 'NONE', *, *, #2666, .F. ) ;
#6420 = DIRECTION ( 'NONE',  ( 0.000000000000000000, -1.000000000000000000, 0.000000000000000000 ) ) ;
#6421 = DIRECTION ( 'NONE',  ( 0.000000000000000000, 0.000000000000000000, -1.000000000000000000 ) ) ;
#6422 = PLANE ( 'NONE',  #7422 ) ;
#6423 = ORIENTED_EDGE ( 'NONE', *, *, #2919, .F. ) ;
#6424 = EDGE_CURVE ( 'NONE', #6904, #6995, #600, .T. ) ;
#6425 = AXIS2_PLACEMENT_3D ( 'NONE', #4594, #4475, #6845 ) ;
#6426 = CARTESIAN_POINT ( 'NONE',  ( -2.108678396167881886, -0.3266626638759722034, 2.299922233459713805 ) ) ;
#6427 = EDGE_CURVE ( 'NONE', #6995, #5477, #6627, .T. ) ;
#6428 = CARTESIAN_POINT ( 'NONE',  ( 2.075000000000000178, 0.000000000000000000, 2.200000000000000178 ) ) ;
#6429 = VERTEX_POINT ( 'NONE', #4224 ) ;
#6430 = CARTESIAN_POINT ( 'NONE',  ( 0.2425215054676504722, 0.7074784945323495666, 0.3004301093582705251 ) ) ;
#6431 = VECTOR ( 'NONE', #1354, 1000.000000000000000 ) ;
#6432 = ORIENTED_EDGE ( 'NONE', *, *, #678, .F. ) ;
#6433 = AXIS2_PLACEMENT_3D ( 'NONE', #878, #3216, #1500 ) ;
#6434 = DIRECTION ( 'NONE',  ( 1.000000000000000000, 0.000000000000000000, 0.000000000000000000 ) ) ;
#6435 = VECTOR ( 'NONE', #3541, 1000.000000000000000 ) ;
#6436 = FACE_OUTER_BOUND ( 'NONE', #3503, .T. ) ;
#6437 = VECTOR ( 'NONE', #1887, 1000.000000000000000 ) ;
#6438 = EDGE_CURVE ( 'NONE', #5525, #3454, #4695, .T. ) ;
#6439 = LINE ( 'NONE', #938, #3653 ) ;
#6440 = EDGE_CURVE ( 'NONE', #5892, #5117, #1096, .T. ) ;
#6441 = CARTESIAN_POINT ( 'NONE',  ( -1.049779547624629883, -1.299999999709669840, 1.388875092811101997 ) ) ;
#6442 = PLANE ( 'NONE',  #5682 ) ;
#6443 = DIRECTION ( 'NONE',  ( 0.000000000000000000, 0.000000000000000000, 1.000000000000000000 ) ) ;
#6444 = ORIENTED_EDGE ( 'NONE', *, *, #917, .T. ) ;
#6445 = CARTESIAN_POINT ( 'NONE',  ( 0.8499999999848999455, -0.9000000000000000222, 1.399999999999999911 ) ) ;
#6446 = ORIENTED_EDGE ( 'NONE', *, *, #491, .T. ) ;
#6447 = AXIS2_PLACEMENT_3D ( 'NONE', #1221, #2499, #1837 ) ;
#6448 = EDGE_CURVE ( 'NONE', #2642, #4622, #2094, .T. ) ;
#6449 = LINE ( 'NONE', #7499, #5510 ) ;
#6450 = EDGE_CURVE ( 'NONE', #7521, #6522, #5348, .T. ) ;
#6451 = ORIENTED_EDGE ( 'NONE', *, *, #6478, .T. ) ;
#6452 = EDGE_LOOP ( 'NONE', ( #7249, #3524, #5702, #4063, #5301, #482 ) ) ;
#6453 = ORIENTED_EDGE ( 'NONE', *, *, #3871, .T. ) ;
#6454 = DIRECTION ( 'NONE',  ( 1.000000000000000000, 0.000000000000000000, 0.000000000000000000 ) ) ;
#6455 = EDGE_LOOP ( 'NONE', ( #1066, #5139, #3821, #3420 ) ) ;
#6456 = CARTESIAN_POINT ( 'NONE',  ( -1.925000000000000044, -0.9000000000000000222, 0.000000000000000000 ) ) ;
#6457 = FACE_OUTER_BOUND ( 'NONE', #1990, .T. ) ;
#6458 = CARTESIAN_POINT ( 'NONE',  ( -0.5929541861521905322, -0.7474398216734911005, 0.2816745734635829335 ) ) ;
#6459 = LINE ( 'NONE', #3498, #4567 ) ;
#6460 = ORIENTED_EDGE ( 'NONE', *, *, #988, .T. ) ;
#6461 = CARTESIAN_POINT ( 'NONE',  ( 1.275000000000000133, -0.5000000000000000000, 0.000000000000000000 ) ) ;
#6462 = DIRECTION ( 'NONE',  ( 1.000000000000000000, 0.000000000000000000, 0.000000000000000000 ) ) ;
#6463 = FACE_OUTER_BOUND ( 'NONE', #2736, .T. ) ;
#6464 = ORIENTED_EDGE ( 'NONE', *, *, #7253, .F. ) ;
#6465 = CARTESIAN_POINT ( 'NONE',  ( -0.5540493129827800400, 0.9009336148352999896, 0.3690137403439990305 ) ) ;
#6466 = DIRECTION ( 'NONE',  ( 0.000000000000000000, -1.000000000000000000, 0.000000000000000000 ) ) ;
#6467 = ORIENTED_EDGE ( 'NONE', *, *, #3096, .T. ) ;
#6468 = DIRECTION ( 'NONE',  ( -1.000000000000000000, 3.794707603699271830E-15, 0.000000000000000000 ) ) ;
#6469 = ORIENTED_EDGE ( 'NONE', *, *, #3980, .F. ) ;
#6470 = VERTEX_POINT ( 'NONE', #4066 ) ;
#6471 = DIRECTION ( 'NONE',  ( 0.04987546680550129091, 0.04987546680538128968, -0.9975093361076269316 ) ) ;
#6472 = DIRECTION ( 'NONE',  ( 0.000000000000000000, 0.000000000000000000, 1.000000000000000000 ) ) ;
#6473 = CARTESIAN_POINT ( 'NONE',  ( 2.194999999999999840, -0.3750000000000000000, 2.100000000000000089 ) ) ;
#6474 = CARTESIAN_POINT ( 'NONE',  ( -2.194999999999999840, 0.2895950378225999877, 2.100000000000000089 ) ) ;
#6475 = CARTESIAN_POINT ( 'NONE',  ( -0.1163376014357000027, 0.2336623985642999890, 0.2500000000000000000 ) ) ;
#6476 = ORIENTED_EDGE ( 'NONE', *, *, #4696, .T. ) ;
#6477 = LINE ( 'NONE', #7614, #5936 ) ;
#6478 = EDGE_CURVE ( 'NONE', #512, #6014, #3632, .T. ) ;
#6479 = CARTESIAN_POINT ( 'NONE',  ( -1.949999999999999956, -0.9000000000000000222, 0.000000000000000000 ) ) ;
#6480 = ORIENTED_EDGE ( 'NONE', *, *, #190, .F. ) ;
#6481 = EDGE_CURVE ( 'NONE', #5667, #1269, #1168, .T. ) ;
#6482 = ORIENTED_EDGE ( 'NONE', *, *, #447, .T. ) ;
#6483 = ORIENTED_EDGE ( 'NONE', *, *, #5824, .T. ) ;
#6484 = CARTESIAN_POINT ( 'NONE',  ( 2.200000000000000178, -0.6449999999999999067, 1.500000000000000000 ) ) ;
#6485 = ORIENTED_EDGE ( 'NONE', *, *, #5715, .F. ) ;
#6486 = CARTESIAN_POINT ( 'NONE',  ( -2.044999999999999929, -0.9050000000000000266, 2.200000000000000178 ) ) ;
#6487 = EDGE_CURVE ( 'NONE', #5543, #893, #1387, .T. ) ;
#6488 = EDGE_CURVE ( 'NONE', #5005, #109, #7373, .T. ) ;
#6489 = ADVANCED_FACE ( 'NONE', ( #10 ), #47, .T. ) ;
#6490 = CIRCLE ( 'NONE', #4883, 0.1000000000000000472 ) ;
#6491 = PLANE ( 'NONE',  #5414 ) ;
#6492 = DIRECTION ( 'NONE',  ( -1.000000000000000000, 0.000000000000000000, 0.000000000000000000 ) ) ;
#6493 = PLANE ( 'NONE',  #2686 ) ;
#6494 = ORIENTED_EDGE ( 'NONE', *, *, #6064, .T. ) ;
#6495 = CARTESIAN_POINT ( 'NONE',  ( 0.2461754054897820065, 0.9105149318544999426, 0.3735081097965324837 ) ) ;
#6496 = VECTOR ( 'NONE', #794, 1000.000000000000114 ) ;
#6497 = DIRECTION ( 'NONE',  ( 0.000000000000000000, 1.000000000000000000, 0.000000000000000000 ) ) ;
#6498 = LINE ( 'NONE', #5413, #1572 ) ;
#6499 = LINE ( 'NONE', #3545, #4693 ) ;
#6500 = VECTOR ( 'NONE', #3354, 1000.000000000000000 ) ;
#6501 = CARTESIAN_POINT ( 'NONE',  ( -2.139168264171738443, -0.3579627463046109459, 2.296127119699884478 ) ) ;
#6502 = FACE_OUTER_BOUND ( 'NONE', #2020, .T. ) ;
#6503 = ORIENTED_EDGE ( 'NONE', *, *, #4566, .T. ) ;
#6504 = CYLINDRICAL_SURFACE ( 'NONE', #5549, 0.1000000000000000472 ) ;
#6505 = EDGE_LOOP ( 'NONE', ( #1548, #7096, #460, #5380 ) ) ;
#6506 = ORIENTED_EDGE ( 'NONE', *, *, #5814, .T. ) ;
#6507 = CIRCLE ( 'NONE', #3264, 0.1000000000000000472 ) ;
#6508 = EDGE_CURVE ( 'NONE', #6326, #418, #7128, .T. ) ;
#6509 = CARTESIAN_POINT ( 'NONE',  ( 0.8510499682816999867, -0.3755476762966750148, 3.399999999999999911 ) ) ;
#6510 = CIRCLE ( 'NONE', #7508, 0.1499999999999999667 ) ;
#6511 = DIRECTION ( 'NONE',  ( 1.000000000000000000, 0.000000000000000000, 0.000000000000000000 ) ) ;
#6512 = CARTESIAN_POINT ( 'NONE',  ( -2.113554018886000030, 0.4961754054898729893, 0.3735081097983629639 ) ) ;
#6513 = CYLINDRICAL_SURFACE ( 'NONE', #3163, 0.2000000000000000944 ) ;
#6514 = DIRECTION ( 'NONE',  ( 1.000000000000000000, 2.048672285056193534E-11, 0.000000000000000000 ) ) ;
#6515 = CARTESIAN_POINT ( 'NONE',  ( -0.5605677954435904775, -0.4880654778698059193, 0.3343675104904079709 ) ) ;
#6516 = VECTOR ( 'NONE', #5565, 1000.000000000000000 ) ;
#6517 = ORIENTED_EDGE ( 'NONE', *, *, #114, .T. ) ;
#6518 = DIRECTION ( 'NONE',  ( -1.000000000000000000, 0.000000000000000000, 0.000000000000000000 ) ) ;
#6519 = ADVANCED_FACE ( 'NONE', ( #6436 ), #3477, .T. ) ;
#6520 = CARTESIAN_POINT ( 'NONE',  ( 2.100000000000000089, -0.9449999999999999512, 1.800000000000000044 ) ) ;
#6521 = LINE ( 'NONE', #1034, #3902 ) ;
#6522 = VERTEX_POINT ( 'NONE', #2887 ) ;
#6523 = ORIENTED_EDGE ( 'NONE', *, *, #6590, .F. ) ;
#6524 = ORIENTED_EDGE ( 'NONE', *, *, #60, .F. ) ;
#6525 = CARTESIAN_POINT ( 'NONE',  ( -1.275000000000000133, 0.3499999999999999778, 0.000000000000000000 ) ) ;
#6526 = VECTOR ( 'NONE', #2777, 1000.000000000000000 ) ;
#6527 = ORIENTED_EDGE ( 'NONE', *, *, #5626, .F. ) ;
#6528 = DIRECTION ( 'NONE',  ( 0.000000000000000000, 0.000000000000000000, -1.000000000000000000 ) ) ;
#6529 = DIRECTION ( 'NONE',  ( 0.000000000000000000, 0.000000000000000000, -1.000000000000000000 ) ) ;
#6530 = AXIS2_PLACEMENT_3D ( 'NONE', #2951, #6075, #4470 ) ;
#6531 = EDGE_CURVE ( 'NONE', #6697, #7503, #6877, .T. ) ;
#6532 = ADVANCED_FACE ( 'NONE', ( #3555 ), #6553, .T. ) ;
#6533 = CARTESIAN_POINT ( 'NONE',  ( -0.5748020454931664913, -0.7276259650513098309, 0.3047917905555170281 ) ) ;
#6534 = CARTESIAN_POINT ( 'NONE',  ( 0.5350000000000000311, 0.5150000000000000133, 0.7500000000000000000 ) ) ;
#6535 = ORIENTED_EDGE ( 'NONE', *, *, #1137, .F. ) ;
#6536 = ORIENTED_EDGE ( 'NONE', *, *, #6711, .T. ) ;
#6537 = DIRECTION ( 'NONE',  ( 0.000000000000000000, -1.000000000000000000, 0.000000000000000000 ) ) ;
#6538 = DIRECTION ( 'NONE',  ( -1.000000000000000000, 0.000000000000000000, 0.000000000000000000 ) ) ;
#6539 = DIRECTION ( 'NONE',  ( 0.000000000000000000, 0.000000000000000000, 1.000000000000000000 ) ) ;
#6540 = CIRCLE ( 'NONE', #3171, 0.07000000000000018707 ) ;
#6541 = EDGE_CURVE ( 'NONE', #5058, #5117, #2350, .T. ) ;
#6542 = CARTESIAN_POINT ( 'NONE',  ( 2.100000000000000089, -0.9250000000000000444, 2.299999999999999822 ) ) ;
#6543 = FACE_OUTER_BOUND ( 'NONE', #4610, .T. ) ;
#6544 = VECTOR ( 'NONE', #4137, 1000.000000000000114 ) ;
#6545 = CARTESIAN_POINT ( 'NONE',  ( -0.9058012136164000916, -0.3755476762961000303, 3.399999999999999911 ) ) ;
#6546 = ORIENTED_EDGE ( 'NONE', *, *, #6770, .F. ) ;
#6547 = CARTESIAN_POINT ( 'NONE',  ( -1.375000000000000000, -0.5000000000000000000, -0.009603111705303998477 ) ) ;
#6548 = CARTESIAN_POINT ( 'NONE',  ( -0.2650000000000000133, 0.5150000000000000133, 0.7500000000000000000 ) ) ;
#6549 = ORIENTED_EDGE ( 'NONE', *, *, #3426, .F. ) ;
#6550 = CIRCLE ( 'NONE', #328, 0.2000000000000000944 ) ;
#6551 = VECTOR ( 'NONE', #2798, 1000.000000000000000 ) ;
#6552 = FACE_OUTER_BOUND ( 'NONE', #2444, .T. ) ;
#6553 = PLANE ( 'NONE',  #4143 ) ;
#6554 = CIRCLE ( 'NONE', #340, 0.07000000000000018707 ) ;
#6555 = DIRECTION ( 'NONE',  ( 1.000000000000000000, 0.000000000000000000, 0.000000000000000000 ) ) ;
#6556 = DIRECTION ( 'NONE',  ( -1.000000000000000000, 0.000000000000000000, 0.000000000000000000 ) ) ;
#6557 = DIRECTION ( 'NONE',  ( 0.000000000000000000, 1.000000000000000000, 0.000000000000000000 ) ) ;
#6558 = VECTOR ( 'NONE', #4466, 1000.000000000000000 ) ;
#6559 = CARTESIAN_POINT ( 'NONE',  ( -1.469999999999999973, -0.3086776736253000197, 2.330000000000000071 ) ) ;
#6560 = ORIENTED_EDGE ( 'NONE', *, *, #7063, .T. ) ;
#6561 = DIRECTION ( 'NONE',  ( 0.000000000000000000, 0.000000000000000000, -1.000000000000000000 ) ) ;
#6562 = ORIENTED_EDGE ( 'NONE', *, *, #3828, .F. ) ;
#6563 = VECTOR ( 'NONE', #5337, 1000.000000000000000 ) ;
#6564 = DIRECTION ( 'NONE',  ( 0.000000000000000000, 0.000000000000000000, -1.000000000000000000 ) ) ;
#6565 = LINE ( 'NONE', #1760, #2263 ) ;
#6566 = VERTEX_POINT ( 'NONE', #239 ) ;
#6567 = VECTOR ( 'NONE', #579, 1000.000000000000000 ) ;
#6568 = ORIENTED_EDGE ( 'NONE', *, *, #1958, .F. ) ;
#6569 = EDGE_LOOP ( 'NONE', ( #7186, #4541, #765, #3994 ) ) ;
#6570 = CARTESIAN_POINT ( 'NONE',  ( -1.925000000000000044, 0.1658312395178000165, 2.200000000000000178 ) ) ;
#6571 = VERTEX_POINT ( 'NONE', #4960 ) ;
#6572 = CARTESIAN_POINT ( 'NONE',  ( 1.925000000000000044, 0.1658312395178000165, 2.100000000000000089 ) ) ;
#6573 = FACE_OUTER_BOUND ( 'NONE', #5632, .T. ) ;
#6574 = CARTESIAN_POINT ( 'NONE',  ( -0.6032749857866669396, -0.7590878250104524660, 0.2735169826720624808 ) ) ;
#6575 = LINE ( 'NONE', #3581, #3311 ) ;
#6576 = ORIENTED_EDGE ( 'NONE', *, *, #4832, .T. ) ;
#6577 = ORIENTED_EDGE ( 'NONE', *, *, #516, .T. ) ;
#6578 = DIRECTION ( 'NONE',  ( 1.000000000000000000, 0.000000000000000000, 0.000000000000000000 ) ) ;
#6579 = DIRECTION ( 'NONE',  ( 0.000000000000000000, 0.000000000000000000, 1.000000000000000000 ) ) ;
#6580 = FACE_OUTER_BOUND ( 'NONE', #852, .T. ) ;
#6581 = EDGE_CURVE ( 'NONE', #1269, #7670, #3673, .T. ) ;
#6582 = LINE ( 'NONE', #590, #3024 ) ;
#6583 = LINE ( 'NONE', #83, #2459 ) ;
#6584 = EDGE_CURVE ( 'NONE', #7653, #3350, #856, .T. ) ;
#6585 = ORIENTED_EDGE ( 'NONE', *, *, #3688, .T. ) ;
#6586 = DIRECTION ( 'NONE',  ( -1.000000000000000000, 0.000000000000000000, 0.000000000000000000 ) ) ;
#6587 = ORIENTED_EDGE ( 'NONE', *, *, #3667, .F. ) ;
#6588 = ORIENTED_EDGE ( 'NONE', *, *, #4421, .F. ) ;
#6589 = EDGE_CURVE ( 'NONE', #6182, #7276, #6050, .T. ) ;
#6590 = EDGE_CURVE ( 'NONE', #823, #7488, #4385, .T. ) ;
#6591 = EDGE_CURVE ( 'NONE', #7312, #2597, #281, .T. ) ;
#6592 = DIRECTION ( 'NONE',  ( 0.000000000000000000, 0.000000000000000000, 1.000000000000000000 ) ) ;
#6593 = CARTESIAN_POINT ( 'NONE',  ( -1.275000000000000133, -0.3499999999999999778, 0.5000000000000000000 ) ) ;
#6594 = DIRECTION ( 'NONE',  ( 0.000000000000000000, 0.000000000000000000, -1.000000000000000000 ) ) ;
#6595 = DIRECTION ( 'NONE',  ( 1.000000000000000000, 0.000000000000000000, 0.000000000000000000 ) ) ;
#6596 = LINE ( 'NONE', #3634, #558 ) ;
#6597 = FACE_OUTER_BOUND ( 'NONE', #6821, .T. ) ;
#6598 = EDGE_LOOP ( 'NONE', ( #1213, #3240, #2820, #6406 ) ) ;
#6599 = ORIENTED_EDGE ( 'NONE', *, *, #1868, .F. ) ;
#6600 = CARTESIAN_POINT ( 'NONE',  ( 1.824999999999999956, 0.1658312395178000165, 2.200000000000000178 ) ) ;
#6601 = FACE_OUTER_BOUND ( 'NONE', #4489, .T. ) ;
#6602 = DIRECTION ( 'NONE',  ( -1.000000000000000000, 0.000000000000000000, 0.000000000000000000 ) ) ;
#6603 = VERTEX_POINT ( 'NONE', #1395 ) ;
#6604 = CARTESIAN_POINT ( 'NONE',  ( 0.5540493129827800400, 0.3498878721859000063, 0.3690137403439990305 ) ) ;
#6605 = VERTEX_POINT ( 'NONE', #6630 ) ;
#6606 = ORIENTED_EDGE ( 'NONE', *, *, #6822, .F. ) ;
#6607 = DIRECTION ( 'NONE',  ( -0.03489418781260641284, 0.01744177813808910418, -0.9992388003036514199 ) ) ;
#6608 = ORIENTED_EDGE ( 'NONE', *, *, #2871, .F. ) ;
#6609 = LINE ( 'NONE', #1147, #2545 ) ;
#6610 = EDGE_CURVE ( 'NONE', #5546, #2618, #164, .T. ) ;
#6611 = PLANE ( 'NONE',  #1925 ) ;
#6612 = CARTESIAN_POINT ( 'NONE',  ( 0.8499999999848999455, -1.199999999999999956, 1.600000000000000089 ) ) ;
#6613 = ORIENTED_EDGE ( 'NONE', *, *, #528, .F. ) ;
#6614 = ORIENTED_EDGE ( 'NONE', *, *, #2826, .T. ) ;
#6615 = DIRECTION ( 'NONE',  ( 0.000000000000000000, 0.000000000000000000, -1.000000000000000000 ) ) ;
#6616 = CARTESIAN_POINT ( 'NONE',  ( -2.000000000000000000, 0.2999999999999999889, 2.330000000000000071 ) ) ;
#6617 = CARTESIAN_POINT ( 'NONE',  ( -0.9509890506545120026, -0.3755476762774789812, 3.403489959093835004 ) ) ;
#6618 = EDGE_CURVE ( 'NONE', #5476, #6065, #34, .T. ) ;
#6619 = FACE_OUTER_BOUND ( 'NONE', #3369, .T. ) ;
#6620 = VECTOR ( 'NONE', #5395, 1000.000000000000000 ) ;
#6621 = LINE ( 'NONE', #3079, #5694 ) ;
#6622 = ORIENTED_EDGE ( 'NONE', *, *, #5393, .F. ) ;
#6623 = FACE_OUTER_BOUND ( 'NONE', #3830, .T. ) ;
#6624 = ORIENTED_EDGE ( 'NONE', *, *, #402, .T. ) ;
#6625 = ORIENTED_EDGE ( 'NONE', *, *, #501, .F. ) ;
#6626 = DIRECTION ( 'NONE',  ( -1.000000000000000000, 0.000000000000000000, 0.000000000000000000 ) ) ;
#6627 = CIRCLE ( 'NONE', #4274, 0.1000000000000000472 ) ;
#6628 = LINE ( 'NONE', #5679, #2420 ) ;
#6629 = EDGE_CURVE ( 'NONE', #4336, #5942, #2535, .T. ) ;
#6630 = CARTESIAN_POINT ( 'NONE',  ( 0.9509890508784238916, -0.3755478534439265492, 3.403489952681715280 ) ) ;
#6631 =( NAMED_UNIT ( * ) PLANE_ANGLE_UNIT ( ) SI_UNIT ( $, .RADIAN. ) );
#6632 = ADVANCED_FACE ( 'NONE', ( #6164 ), #1324, .T. ) ;
#6634 = EDGE_CURVE ( 'NONE', #512, #2970, #5235, .T. ) ;
#6633 = PLANE ( 'NONE',  #6447 ) ;
#6635 = ORIENTED_EDGE ( 'NONE', *, *, #7515, .F. ) ;
#6636 = ADVANCED_FACE ( 'NONE', ( #2576 ), #748, .T. ) ;
#6637 = AXIS2_PLACEMENT_3D ( 'NONE', #5131, #3979, #995 ) ;
#6638 = EDGE_LOOP ( 'NONE', ( #430, #4235, #5345, #3749 ) ) ;
#6639 = DIRECTION ( 'NONE',  ( 0.000000000000000000, 0.000000000000000000, -1.000000000000000000 ) ) ;
#6640 = VECTOR ( 'NONE', #3465, 1000.000000000000000 ) ;
#6641 = EDGE_CURVE ( 'NONE', #2335, #2727, #4916, .T. ) ;
#6642 = PLANE ( 'NONE',  #888 ) ;
#6643 = AXIS2_PLACEMENT_3D ( 'NONE', #282, #1336, #6059 ) ;
#6644 = CARTESIAN_POINT ( 'NONE',  ( -0.1163376014357000027, 0.8336623985643000223, 0.2500000000000000000 ) ) ;
#6645 = ORIENTED_EDGE ( 'NONE', *, *, #2241, .F. ) ;
#6646 = AXIS2_PLACEMENT_3D ( 'NONE', #1972, #805, #6699 ) ;
#6647 = ORIENTED_EDGE ( 'NONE', *, *, #4713, .F. ) ;
#6648 = VERTEX_POINT ( 'NONE', #5467 ) ;
#6649 = DIRECTION ( 'NONE',  ( 0.000000000000000000, 1.000000000000000000, 0.000000000000000000 ) ) ;
#6650 = CARTESIAN_POINT ( 'NONE',  ( 0.5538245945101549772, -0.4961754054897979382, 0.3735081097969019659 ) ) ;
#6651 = AXIS2_PLACEMENT_3D ( 'NONE', #2379, #3601, #96 ) ;
#6652 = DIRECTION ( 'NONE',  ( 0.000000000000000000, 0.000000000000000000, -1.000000000000000000 ) ) ;
#6653 = PRODUCT_RELATED_PRODUCT_CATEGORY ( 'part', '', ( #1425 ) ) ;
#6654 = ORIENTED_EDGE ( 'NONE', *, *, #1963, .T. ) ;
#6655 = ORIENTED_EDGE ( 'NONE', *, *, #6194, .F. ) ;
#6656 = LINE ( 'NONE', #3850, #4337 ) ;
#6657 = CARTESIAN_POINT ( 'NONE',  ( -1.048733916957085954, -1.299999987538480006, 1.423088437467536105 ) ) ;
#6658 = CARTESIAN_POINT ( 'NONE',  ( 2.250000000000000000, 0.4000000000000000222, 0.000000000000000000 ) ) ;
#6659 = FACE_OUTER_BOUND ( 'NONE', #4258, .T. ) ;
#6660 = AXIS2_PLACEMENT_3D ( 'NONE', #1074, #6374, #1033 ) ;
#6661 = LINE ( 'NONE', #2488, #5141 ) ;
#6662 = LINE ( 'NONE', #2640, #5570 ) ;
#6663 = CARTESIAN_POINT ( 'NONE',  ( 0.6448013791789359850, -0.3872780096648078541, 0.2514902811073850275 ) ) ;
#6664 = MECHANICAL_DESIGN_GEOMETRIC_PRESENTATION_REPRESENTATION (  '', ( #2177 ), #319 ) ;
#6665 = EDGE_LOOP ( 'NONE', ( #5390, #6242, #6576, #6476 ) ) ;
#6666 = FACE_OUTER_BOUND ( 'NONE', #3761, .T. ) ;
#6667 = CARTESIAN_POINT ( 'NONE',  ( -1.550000000012800028, -0.3800000000000000044, 2.330000000000000071 ) ) ;
#6668 = ORIENTED_EDGE ( 'NONE', *, *, #1080, .T. ) ;
#6669 = DIRECTION ( 'NONE',  ( 0.000000000000000000, -1.000000000000000000, 0.000000000000000000 ) ) ;
#6670 = VECTOR ( 'NONE', #349, 1000.000000000000000 ) ;
#6671 = EDGE_CURVE ( 'NONE', #7231, #1845, #6712, .T. ) ;
#6672 = DIRECTION ( 'NONE',  ( -1.000000000000000000, 0.000000000000000000, 0.000000000000000000 ) ) ;
#6673 = CARTESIAN_POINT ( 'NONE',  ( 0.7500000000000000000, 0.4899999999999999911, 0.2500000000000000000 ) ) ;
#6674 = ORIENTED_EDGE ( 'NONE', *, *, #5777, .F. ) ;
#6675 = VECTOR ( 'NONE', #2432, 1000.000000000000114 ) ;
#6676 = CARTESIAN_POINT ( 'NONE',  ( -0.5569791683949584238, -0.4920982077094677165, 0.3451251010775115424 ) ) ;
#6677 = VECTOR ( 'NONE', #3263, 1000.000000000000000 ) ;
#6678 = VERTEX_POINT ( 'NONE', #4374 ) ;
#6679 = DIRECTION ( 'NONE',  ( -1.000000000000000000, 0.000000000000000000, 0.000000000000000000 ) ) ;
#6680 = EDGE_CURVE ( 'NONE', #5866, #475, #5001, .T. ) ;
#6681 = ADVANCED_FACE ( 'NONE', ( #4263 ), #4989, .F. ) ;
#6682 = CARTESIAN_POINT ( 'NONE',  ( 0.000000000000000000, 0.2336623985642999890, 0.2500000000000000000 ) ) ;
#6683 = VECTOR ( 'NONE', #6775, 1000.000000000000000 ) ;
#6684 = CARTESIAN_POINT ( 'NONE',  ( 0.1163376014357000027, -0.8336623985643000223, 0.2500000000000000000 ) ) ;
#6685 = ORIENTED_EDGE ( 'NONE', *, *, #6395, .T. ) ;
#6686 = EDGE_CURVE ( 'NONE', #552, #3020, #1511, .T. ) ;
#6687 = ORIENTED_EDGE ( 'NONE', *, *, #396, .F. ) ;
#6688 = VECTOR ( 'NONE', #6808, 1000.000000000000000 ) ;
#6689 = CARTESIAN_POINT ( 'NONE',  ( -2.250000000000000000, 0.9000000000000000222, 0.5000000000000000000 ) ) ;
#6690 = VECTOR ( 'NONE', #1423, 1000.000000000000000 ) ;
#6691 = EDGE_CURVE ( 'NONE', #2254, #23, #6046, .T. ) ;
#6692 = LINE ( 'NONE', #871, #7531 ) ;
#6693 = AXIS2_PLACEMENT_3D ( 'NONE', #345, #6925, #5166 ) ;
#6694 = VECTOR ( 'NONE', #4430, 1000.000000000000000 ) ;
#6695 = CARTESIAN_POINT ( 'NONE',  ( 1.525000000000000133, -0.8000000000000000444, 0.5530330085890000635 ) ) ;
#6696 = ORIENTED_EDGE ( 'NONE', *, *, #4876, .T. ) ;
#6697 = VERTEX_POINT ( 'NONE', #2730 ) ;
#6698 = DIRECTION ( 'NONE',  ( -1.000000000000000000, 0.000000000000000000, 0.000000000000000000 ) ) ;
#6699 = DIRECTION ( 'NONE',  ( 0.000000000000000000, 0.000000000000000000, -1.000000000000000000 ) ) ;
#6700 = CARTESIAN_POINT ( 'NONE',  ( -1.550000000000000044, -0.2999999999999999889, 2.299999999999999822 ) ) ;
#6701 = VECTOR ( 'NONE', #3560, 1000.000000000000000 ) ;
#6702 = CARTESIAN_POINT ( 'NONE',  ( -0.6836623985643000001, 0.000000000000000000, 0.2500000000000000000 ) ) ;
#6703 = CARTESIAN_POINT ( 'NONE',  ( -2.170710678118999759, -0.3750000000000000000, 1.500000000000000000 ) ) ;
#6704 = DIRECTION ( 'NONE',  ( 0.000000000000000000, 1.000000000000000000, 0.000000000000000000 ) ) ;
#6705 = DIRECTION ( 'NONE',  ( 0.000000000000000000, -1.000000000000000000, 0.000000000000000000 ) ) ;
#6706 = ORIENTED_EDGE ( 'NONE', *, *, #7536, .F. ) ;
#6707 = DIRECTION ( 'NONE',  ( -1.000000000000000000, 0.000000000000000000, 0.000000000000000000 ) ) ;
#6708 = DIRECTION ( 'NONE',  ( 0.000000000000000000, 0.000000000000000000, -1.000000000000000000 ) ) ;
#6709 = ORIENTED_EDGE ( 'NONE', *, *, #4915, .T. ) ;
#6710 = LINE ( 'NONE', #7179, #3066 ) ;
#6711 = EDGE_CURVE ( 'NONE', #6282, #826, #5132, .T. ) ;
#6712 = LINE ( 'NONE', #1983, #7256 ) ;
#6713 = CARTESIAN_POINT ( 'NONE',  ( 0.2461754054898195043, 0.9105149318544999426, 0.3735081097972909880 ) ) ;
#6714 = EDGE_LOOP ( 'NONE', ( #3270, #1390, #7336, #2296 ) ) ;
#6715 = PLANE ( 'NONE',  #3296 ) ;
#6716 = VERTEX_POINT ( 'NONE', #1477 ) ;
#6717 = VERTEX_POINT ( 'NONE', #6270 ) ;
#6718 = DIRECTION ( 'NONE',  ( 0.000000000000000000, -1.000000000000000000, 0.000000000000000000 ) ) ;
#6719 = CARTESIAN_POINT ( 'NONE',  ( 0.6503895395494150300, -1.299999984729446112, 1.415425110922370111 ) ) ;
#6720 = DIRECTION ( 'NONE',  ( 0.000000000000000000, 0.000000000000000000, -1.000000000000000000 ) ) ;
#6721 = CARTESIAN_POINT ( 'NONE',  ( 0.5599999999999999423, 0.9000000000000000222, 0.2500000000000000000 ) ) ;
#6722 = ORIENTED_EDGE ( 'NONE', *, *, #4494, .F. ) ;
#6723 = ORIENTED_EDGE ( 'NONE', *, *, #204, .T. ) ;
#6724 = CARTESIAN_POINT ( 'NONE',  ( 0.2461754054898255273, -0.1038245945101579915, 0.3735081097972904884 ) ) ;
#6725 = B_SPLINE_CURVE_WITH_KNOTS ( 'NONE', 3,
 ( #29, #1736, #1191, #1775, #5365, #7627, #4125, #2955, #1699, #6574, #6458, #3497, #6533, #2360, #4750, #3580, #2400, #4791, #7317 ),
 .UNSPECIFIED., .F., .F.,
 ( 4, 3, 3, 3, 3, 3, 4 ),
 ( 3.640159346738029324E-18, 1.394167521382473527E-05, 3.719266728732542425E-05, 9.327844884875880318E-05, 0.0001462968542005959954, 0.0001849416358355089357, 0.0002190250876782324563 ),
 .UNSPECIFIED. ) ;
#6726 = DIRECTION ( 'NONE',  ( 0.000000000000000000, 0.000000000000000000, 1.000000000000000000 ) ) ;
#6727 = EDGE_CURVE ( 'NONE', #4102, #2657, #6859, .T. ) ;
#6728 = CARTESIAN_POINT ( 'NONE',  ( -0.8965076756919490020, 0.4982544935069030401, 2.100000000000000089 ) ) ;
#6729 = EDGE_LOOP ( 'NONE', ( #7713, #22, #2631, #1496 ) ) ;
#6730 = EDGE_CURVE ( 'NONE', #1731, #4794, #364, .T. ) ;
#6731 = ORIENTED_EDGE ( 'NONE', *, *, #2679, .T. ) ;
#6732 = CARTESIAN_POINT ( 'NONE',  ( 1.550000000012000001, 0.4500000000000000111, 2.299999999999999822 ) ) ;
#6733 = ADVANCED_FACE ( 'NONE', ( #5181 ), #5648, .T. ) ;
#6734 = EDGE_CURVE ( 'NONE', #5853, #663, #7567, .T. ) ;
#6735 = DIRECTION ( 'NONE',  ( -1.000000000000000000, 0.000000000000000000, 0.000000000000000000 ) ) ;
#6736 = CARTESIAN_POINT ( 'NONE',  ( -0.8965076417431270261, -0.4982544935069809777, 2.100000000000000089 ) ) ;
#6737 = DIRECTION ( 'NONE',  ( -1.000000000000000000, 0.000000000000000000, 0.000000000000000000 ) ) ;
#6738 = FACE_OUTER_BOUND ( 'NONE', #343, .T. ) ;
#6739 = LINE ( 'NONE', #153, #3579 ) ;
#6740 = DIRECTION ( 'NONE',  ( 0.000000000000000000, 0.000000000000000000, -1.000000000000000000 ) ) ;
#6741 = ORIENTED_EDGE ( 'NONE', *, *, #4119, .F. ) ;
#6742 = CARTESIAN_POINT ( 'NONE',  ( 1.925000000000000044, -0.9000000000000000222, 2.100000000000000089 ) ) ;
#6743 = CARTESIAN_POINT ( 'NONE',  ( 1.849999999970344922, -0.4500000000000000111, 2.299999999999999822 ) ) ;
#6744 = ORIENTED_EDGE ( 'NONE', *, *, #3852, .T. ) ;
#6745 = CARTESIAN_POINT ( 'NONE',  ( 1.469999999999999973, -0.2999999999881119428, 2.330000000000000071 ) ) ;
#6746 = LINE ( 'NONE', #6713, #3959 ) ;
#6747 = VERTEX_POINT ( 'NONE', #973 ) ;
#6748 = CARTESIAN_POINT ( 'NONE',  ( -0.6499999999999801492, -0.3663376014356999888, 0.2500000000000000000 ) ) ;
#6749 = EDGE_LOOP ( 'NONE', ( #2333, #2313, #7239, #3918 ) ) ;
#6750 = AXIS2_PLACEMENT_3D ( 'NONE', #3192, #5580, #2612 ) ;
#6751 = DIRECTION ( 'NONE',  ( -1.000000000000000000, 0.000000000000000000, 0.000000000000000000 ) ) ;
#6752 = DIRECTION ( 'NONE',  ( 0.000000000000000000, 1.000000000000000000, 0.000000000000000000 ) ) ;
#6753 = VECTOR ( 'NONE', #7324, 1000.000000000000000 ) ;
#6754 = ORIENTED_EDGE ( 'NONE', *, *, #4005, .T. ) ;
#6755 = ORIENTED_EDGE ( 'NONE', *, *, #3008, .F. ) ;
#6756 = DIRECTION ( 'NONE',  ( 0.000000000000000000, -1.000000000000000000, 0.000000000000000000 ) ) ;
#6757 = EDGE_CURVE ( 'NONE', #817, #6678, #2687, .T. ) ;
#6758 = CIRCLE ( 'NONE', #1904, 0.2000000000000000944 ) ;
#6759 = DIRECTION ( 'NONE',  ( 0.000000000000000000, 0.000000000000000000, 1.000000000000000000 ) ) ;
#6760 = AXIS2_PLACEMENT_3D ( 'NONE', #5576, #4956, #3224 ) ;
#6761 = EDGE_CURVE ( 'NONE', #1044, #6716, #1148, .T. ) ;
#6762 = CARTESIAN_POINT ( 'NONE',  ( 0.9509890507696260320, 0.5000000000000000000, 3.403489955797154742 ) ) ;
#6763 = ORIENTED_EDGE ( 'NONE', *, *, #892, .T. ) ;
#6764 = ORIENTED_EDGE ( 'NONE', *, *, #6023, .F. ) ;
#6765 = CARTESIAN_POINT ( 'NONE',  ( -2.299999999999999822, -0.9449999999999999512, 2.100000000000000089 ) ) ;
#6766 = LINE ( 'NONE', #1309, #7382 ) ;
#6767 = VECTOR ( 'NONE', #1819, 1000.000000000000000 ) ;
#6768 = FACE_OUTER_BOUND ( 'NONE', #5217, .T. ) ;
#6769 = DIRECTION ( 'NONE',  ( -1.000000000000000000, 0.000000000000000000, 0.000000000000000000 ) ) ;
#6770 = EDGE_CURVE ( 'NONE', #2623, #1163, #2217, .T. ) ;
#6771 = EDGE_CURVE ( 'NONE', #1816, #7204, #6230, .T. ) ;
#6772 = VECTOR ( 'NONE', #4826, 1000.000000000000000 ) ;
#6773 = CARTESIAN_POINT ( 'NONE',  ( 0.9550937221075798123, -0.4982546525854973929, 2.099999999999997868 ) ) ;
#6774 = CARTESIAN_POINT ( 'NONE',  ( -1.899999999999999911, -0.2500000000000000000, 2.658830721404000563 ) ) ;
#6775 = DIRECTION ( 'NONE',  ( 0.000000000000000000, 0.000000000000000000, -1.000000000000000000 ) ) ;
#6776 = ORIENTED_EDGE ( 'NONE', *, *, #4696, .F. ) ;
#6777 = CARTESIAN_POINT ( 'NONE',  ( -2.100000000000000089, 0.4000000000000000222, 1.800000000000000044 ) ) ;
#6778 = CARTESIAN_POINT ( 'NONE',  ( -0.6836623985643000001, 0.2336623985642999890, 0.2500000000000000000 ) ) ;
#6779 = EDGE_LOOP ( 'NONE', ( #6577, #4510, #797, #4814 ) ) ;
#6780 = EDGE_CURVE ( 'NONE', #6124, #2403, #1631, .T. ) ;
#6781 = CIRCLE ( 'NONE', #7029, 0.1499999999999999667 ) ;
#6782 = CARTESIAN_POINT ( 'NONE',  ( 1.275000000000000133, -0.4000000000000000222, 0.5000000000000000000 ) ) ;
#6783 = CARTESIAN_POINT ( 'NONE',  ( 1.850000000000000089, -0.2999999999999999889, 2.330000000000000071 ) ) ;
#6784 = ORIENTED_EDGE ( 'NONE', *, *, #6337, .F. ) ;
#6785 = CARTESIAN_POINT ( 'NONE',  ( 2.100000000000000089, -0.3750000000000000000, 2.100000000000000089 ) ) ;
#6786 = EDGE_LOOP ( 'NONE', ( #5622, #5344, #7150, #6235 ) ) ;
#6787 = CARTESIAN_POINT ( 'NONE',  ( 0.6500000000000000222, -0.3499999999999999778, 0.000000000000000000 ) ) ;
#6788 = ORIENTED_EDGE ( 'NONE', *, *, #1376, .T. ) ;
#6789 = EDGE_LOOP ( 'NONE', ( #6844, #5355, #7361, #7378 ) ) ;
#6790 = TOROIDAL_SURFACE ( 'NONE', #4560, 0.07999999999999889144, 0.07000000000000079770 ) ;
#6791 = LINE ( 'NONE', #1444, #3889 ) ;
#6792 = CARTESIAN_POINT ( 'NONE',  ( 0.6500000000000000222, -0.3499999999999999778, 0.000000000000000000 ) ) ;
#6793 = DIRECTION ( 'NONE',  ( 0.000000000000000000, 0.000000000000000000, 1.000000000000000000 ) ) ;
#6794 = AXIS2_PLACEMENT_3D ( 'NONE', #193, #1681, #6705 ) ;
#6795 = VERTEX_POINT ( 'NONE', #3989 ) ;
#6796 = ORIENTED_EDGE ( 'NONE', *, *, #5923, .T. ) ;
#6797 = CARTESIAN_POINT ( 'NONE',  ( -0.8500000000151000101, -1.199999999999999956, 1.700000000000000178 ) ) ;
#6798 = ADVANCED_FACE ( 'NONE', ( #889 ), #395, .F. ) ;
#6799 = CIRCLE ( 'NONE', #88, 0.09999999999999982514 ) ;
#6800 = VECTOR ( 'NONE', #3745, 1000.000000000000000 ) ;
#6801 = CARTESIAN_POINT ( 'NONE',  ( 0.1163376014357000027, 0.3663376014356999888, 0.2500000000000000000 ) ) ;
#6802 = VERTEX_POINT ( 'NONE', #3427 ) ;
#6803 = AXIS2_PLACEMENT_3D ( 'NONE', #2744, #4000, #4586 ) ;
#6804 = CARTESIAN_POINT ( 'NONE',  ( 0.000000000000000000, 0.4000000000000000222, 0.5000000000000000000 ) ) ;
#6805 = VECTOR ( 'NONE', #6153, 1000.000000000000227 ) ;
#6806 = ORIENTED_EDGE ( 'NONE', *, *, #4160, .F. ) ;
#6807 = ORIENTED_EDGE ( 'NONE', *, *, #2975, .T. ) ;
#6808 = DIRECTION ( 'NONE',  ( -0.04987546680538131050, -0.04987546680551570993, 0.9975093361076262655 ) ) ;
#6809 = TOROIDAL_SURFACE ( 'NONE', #3707, 0.08000000000000220823, 0.06999999999999999278 ) ;
#6810 = DIRECTION ( 'NONE',  ( 0.04987546680538140070, -0.04987546680549630185, -0.9975093361076271536 ) ) ;
#6811 = CARTESIAN_POINT ( 'NONE',  ( -0.6355772891676372272, 0.4013916464121476957, 0.2548152807616314020 ) ) ;
#6812 = CYLINDRICAL_SURFACE ( 'NONE', #2305, 0.1499999999999999667 ) ;
#6813 = VECTOR ( 'NONE', #7283, 1000.000000000000000 ) ;
#6814 = FACE_OUTER_BOUND ( 'NONE', #2882, .T. ) ;
#6815 = DIRECTION ( 'NONE',  ( 0.000000000000000000, 1.000000000000000000, 0.000000000000000000 ) ) ;
#6816 = LINE ( 'NONE', #6225, #4324 ) ;
#6817 = VERTEX_POINT ( 'NONE', #2176 ) ;
#6818 = LINE ( 'NONE', #4371, #7064 ) ;
#6819 = CARTESIAN_POINT ( 'NONE',  ( -2.100000000000000089, -0.6449999999999999067, 1.800000000000000044 ) ) ;
#6820 = AXIS2_PLACEMENT_3D ( 'NONE', #6341, #2797, #921 ) ;
#6821 = EDGE_LOOP ( 'NONE', ( #249, #6784, #5751, #5291 ) ) ;
#6822 = EDGE_CURVE ( 'NONE', #378, #2942, #6944, .T. ) ;
#6823 = LINE ( 'NONE', #1476, #6677 ) ;
#6824 = CARTESIAN_POINT ( 'NONE',  ( -2.220000000000000195, 0.8000000000000000444, 2.200000000000000178 ) ) ;
#6825 = EDGE_CURVE ( 'NONE', #3928, #2423, #6349, .T. ) ;
#6826 = ORIENTED_EDGE ( 'NONE', *, *, #4881, .F. ) ;
#6827 = DIRECTION ( 'NONE',  ( 0.000000000000000000, 0.000000000000000000, 1.000000000000000000 ) ) ;
#6828 = ORIENTED_EDGE ( 'NONE', *, *, #3933, .T. ) ;
#6829 = CARTESIAN_POINT ( 'NONE',  ( -0.8500000000151000101, -0.9000000000000000222, 1.399999999999999911 ) ) ;
#6830 = ORIENTED_EDGE ( 'NONE', *, *, #1717, .T. ) ;
#6831 = ORIENTED_EDGE ( 'NONE', *, *, #5158, .F. ) ;
#6832 = ADVANCED_FACE ( 'NONE', ( #2647 ), #5023, .T. ) ;
#6833 = EDGE_CURVE ( 'NONE', #7020, #4284, #2847, .T. ) ;
#6834 = CARTESIAN_POINT ( 'NONE',  ( -1.971005050651840840, 0.3708831175465048258, 2.399999999999999023 ) ) ;
#6835 = DIRECTION ( 'NONE',  ( 0.000000000000000000, 0.000000000000000000, -1.000000000000000000 ) ) ;
#6836 = LINE ( 'NONE', #451, #1072 ) ;
#6837 = ORIENTED_EDGE ( 'NONE', *, *, #326, .F. ) ;
#6838 = ORIENTED_EDGE ( 'NONE', *, *, #3390, .T. ) ;
#6839 = DIRECTION ( 'NONE',  ( -0.03489418781326630165, -0.01744177813809045033, -0.9992388003036282162 ) ) ;
#6840 = FACE_OUTER_BOUND ( 'NONE', #5561, .T. ) ;
#6841 = EDGE_LOOP ( 'NONE', ( #4390, #5574, #7371, #4712 ) ) ;
#6842 = CARTESIAN_POINT ( 'NONE',  ( -1.849999999987155030, 0.4500000000000000111, 2.330000000000000071 ) ) ;
#6843 = ORIENTED_EDGE ( 'NONE', *, *, #5208, .F. ) ;
#6844 = ORIENTED_EDGE ( 'NONE', *, *, #3526, .F. ) ;
#6845 = DIRECTION ( 'NONE',  ( 0.000000000000000000, 0.000000000000000000, -1.000000000000000000 ) ) ;
#6846 = CARTESIAN_POINT ( 'NONE',  ( 2.100000000000000089, -0.9449999999999999512, 2.100000000000000089 ) ) ;
#6847 = ADVANCED_FACE ( 'NONE', ( #5374 ), #38, .F. ) ;
#6848 = CYLINDRICAL_SURFACE ( 'NONE', #2700, 0.1000000000000000472 ) ;
#6849 = CARTESIAN_POINT ( 'NONE',  ( -1.850000000000000089, 0.2999999999999999889, 2.299999999999999822 ) ) ;
#6850 = LINE ( 'NONE', #2086, #6376 ) ;
#6851 = DIRECTION ( 'NONE',  ( 0.000000000000000000, 1.000000000000000000, 0.000000000000000000 ) ) ;
#6852 = CARTESIAN_POINT ( 'NONE',  ( 1.550000000000000044, 0.2999999999999999889, 2.299999999999999822 ) ) ;
#6853 = ORIENTED_EDGE ( 'NONE', *, *, #6488, .F. ) ;
#6854 = LINE ( 'NONE', #1428, #2705 ) ;
#6855 = DIRECTION ( 'NONE',  ( 0.000000000000000000, 5.420985188938167816E-15, -1.000000000000000000 ) ) ;
#6856 = FACE_OUTER_BOUND ( 'NONE', #3770, .T. ) ;
#6857 = EDGE_LOOP ( 'NONE', ( #4780, #1109, #5647, #6568 ) ) ;
#6858 = EDGE_CURVE ( 'NONE', #2501, #1987, #7640, .T. ) ;
#6859 = LINE ( 'NONE', #318, #535 ) ;
#6860 = ORIENTED_EDGE ( 'NONE', *, *, #2372, .F. ) ;
#6861 = LINE ( 'NONE', #5768, #4831 ) ;
#6862 = VERTEX_POINT ( 'NONE', #1783 ) ;
#6863 = CARTESIAN_POINT ( 'NONE',  ( -0.6457981905897307584, -0.3840382268818179901, 0.2512106842210261592 ) ) ;
#6864 = ORIENTED_EDGE ( 'NONE', *, *, #1174, .F. ) ;
#6865 = ORIENTED_EDGE ( 'NONE', *, *, #6686, .T. ) ;
#6866 = ADVANCED_FACE ( 'NONE', ( #2921 ), #2880, .T. ) ;
#6867 = DIRECTION ( 'NONE',  ( -0.9987523388778447586, 0.000000000000000000, 0.04993761694389219075 ) ) ;
#6868 = ADVANCED_FACE ( 'NONE', ( #6543 ), #2289, .F. ) ;
#6869 = DIRECTION ( 'NONE',  ( 0.000000000000000000, 0.000000000000000000, -1.000000000000000000 ) ) ;
#6870 = ADVANCED_FACE ( 'NONE', ( #479 ), #7054, .F. ) ;
#6871 = VECTOR ( 'NONE', #4891, 1000.000000000000000 ) ;
#6872 = ORIENTED_EDGE ( 'NONE', *, *, #2118, .F. ) ;
#6873 = VERTEX_POINT ( 'NONE', #1241 ) ;
#6874 = CARTESIAN_POINT ( 'NONE',  ( -0.8510494242354590400, -0.4755324458130920084, 3.401745240566790507 ) ) ;
#6875 = B_SPLINE_CURVE_WITH_KNOTS ( 'NONE', 3,
 ( #1239, #4129, #1198, #7242 ),
 .UNSPECIFIED., .F., .F.,
 ( 4, 4 ),
 ( 0.000000000000000000, 1.000000000000000000 ),
 .UNSPECIFIED. ) ;
#6876 = EDGE_CURVE ( 'NONE', #6996, #728, #170, .T. ) ;
#6877 = CIRCLE ( 'NONE', #3765, 0.1000000000000000472 ) ;
#6878 = CARTESIAN_POINT ( 'NONE',  ( 2.112253379640000261, 0.8336623985643000223, 0.3800000000000000044 ) ) ;
#6879 = ORIENTED_EDGE ( 'NONE', *, *, #5471, .F. ) ;
#6880 = CARTESIAN_POINT ( 'NONE',  ( 0.7500000000000000000, -0.6849999999999999423, 0.7500000000000000000 ) ) ;
#6881 =( BOUNDED_CURVE ( )  B_SPLINE_CURVE ( 3, ( #5189, #4650, #2224, #5774 ),
 .UNSPECIFIED., .F., .T. ) 
 B_SPLINE_CURVE_WITH_KNOTS ( ( 4, 4 ),
 ( 1.570796326794895004, 3.091634257871964664 ),
 .UNSPECIFIED. ) 
 CURVE ( )  GEOMETRIC_REPRESENTATION_ITEM ( )  RATIONAL_B_SPLINE_CURVE ( ( 1.000000000000000000, 0.8163648751927269354, 0.8163648751927269354, 1.000000000000000000 ) ) 
 REPRESENTATION_ITEM ( '' )  );
#6882 = ORIENTED_EDGE ( 'NONE', *, *, #4313, .F. ) ;
#6883 = VERTEX_POINT ( 'NONE', #7171 ) ;
#6884 = CYLINDRICAL_SURFACE ( 'NONE', #3068, 0.1300000000000000044 ) ;
#6885 = AXIS2_PLACEMENT_3D ( 'NONE', #2638, #2209, #310 ) ;
#6886 = CARTESIAN_POINT ( 'NONE',  ( 2.220000000000000195, 0.4749999999999999778, 2.100000000000000089 ) ) ;
#6887 = LINE ( 'NONE', #993, #7393 ) ;
#6888 = VECTOR ( 'NONE', #4485, 1000.000000000000000 ) ;
#6889 = DIRECTION ( 'NONE',  ( 0.000000000000000000, 0.000000000000000000, -1.000000000000000000 ) ) ;
#6890 = CARTESIAN_POINT ( 'NONE',  ( -1.800000000000000044, -0.3499999999999999778, 2.100000000000000089 ) ) ;
#6891 = PRODUCT_DEFINITION_FORMATION_WITH_SPECIFIED_SOURCE ( 'ANY', '', #1425, .NOT_KNOWN. ) ;
#6892 = PLANE ( 'NONE',  #7002 ) ;
#6893 = AXIS2_PLACEMENT_3D ( 'NONE', #1107, #5712, #4661 ) ;
#6894 = LINE ( 'NONE', #3418, #5950 ) ;
#6895 = PLANE ( 'NONE',  #2452 ) ;
#6896 = VECTOR ( 'NONE', #657, 1000.000000000000000 ) ;
#6897 = ORIENTED_EDGE ( 'NONE', *, *, #2392, .F. ) ;
#6898 = DIRECTION ( 'NONE',  ( 0.03489418781266317299, -0.01744177805620934080, -0.9992388003050785006 ) ) ;
#6899 = CARTESIAN_POINT ( 'NONE',  ( -0.6499999999999801492, 0.8336623985643000223, 0.2500000000000000000 ) ) ;
#6900 = CARTESIAN_POINT ( 'NONE',  ( 0.000000000000000000, 0.000000000000000000, 0.000000000000000000 ) ) ;
#6901 = EDGE_LOOP ( 'NONE', ( #934, #6776, #2475, #2312 ) ) ;
#6902 = DIRECTION ( 'NONE',  ( -0.04987546680538119254, 0.04987546680550029171, -0.9975093361076269316 ) ) ;
#6903 = DIRECTION ( 'NONE',  ( 0.000000000000000000, 0.000000000000000000, -1.000000000000000000 ) ) ;
#6904 = VERTEX_POINT ( 'NONE', #1206 ) ;
#6905 = CARTESIAN_POINT ( 'NONE',  ( 0.000000000000000000, -0.2336623985642999890, 0.2500000000000000000 ) ) ;
#6906 = ORIENTED_EDGE ( 'NONE', *, *, #1907, .T. ) ;
#6907 = AXIS2_PLACEMENT_3D ( 'NONE', #7534, #7612, #7067 ) ;
#6908 = ORIENTED_EDGE ( 'NONE', *, *, #6951, .F. ) ;
#6909 = TOROIDAL_SURFACE ( 'NONE', #6404, 0.07999999999999700406, 0.06999999999999999278 ) ;
#6910 = CARTESIAN_POINT ( 'NONE',  ( -1.849999999953999996, 0.4500000000000000111, 2.330000000000000071 ) ) ;
#6911 = DIRECTION ( 'NONE',  ( 1.000000000000000000, 0.000000000000000000, 0.000000000000000000 ) ) ;
#6912 = DIRECTION ( 'NONE',  ( 0.000000000000000000, 0.000000000000000000, -1.000000000000000000 ) ) ;
#6913 = LINE ( 'NONE', #6324, #1571 ) ;
#6914 = ORIENTED_EDGE ( 'NONE', *, *, #4211, .F. ) ;
#6915 = EDGE_LOOP ( 'NONE', ( #301, #1512, #380, #2182, #4781 ) ) ;
#6916 = CARTESIAN_POINT ( 'NONE',  ( -1.899999999999999911, -0.3499999999999999778, 2.299999999999999822 ) ) ;
#6917 = ADVANCED_FACE ( 'NONE', ( #2408 ), #1708, .F. ) ;
#6918 = DIRECTION ( 'NONE',  ( 0.000000000000000000, 1.000000000000000000, 0.000000000000000000 ) ) ;
#6919 = ORIENTED_EDGE ( 'NONE', *, *, #1717, .F. ) ;
#6920 = EDGE_CURVE ( 'NONE', #5335, #1255, #6582, .T. ) ;
#6921 = DIRECTION ( 'NONE',  ( 0.000000000000000000, 0.000000000000000000, 1.000000000000000000 ) ) ;
#6922 = ORIENTED_EDGE ( 'NONE', *, *, #2678, .F. ) ;
#6923 = EDGE_LOOP ( 'NONE', ( #1185, #4688, #145, #514, #5007 ) ) ;
#6924 = VECTOR ( 'NONE', #1112, 1000.000000000000000 ) ;
#6925 = DIRECTION ( 'NONE',  ( 0.000000000000000000, -1.000000000000000000, 0.000000000000000000 ) ) ;
#6926 = DIRECTION ( 'NONE',  ( 0.000000000000000000, 0.000000000000000000, -1.000000000000000000 ) ) ;
#6927 = CARTESIAN_POINT ( 'NONE',  ( 2.170710678118999759, -0.3750000000000000000, 2.170710678118999759 ) ) ;
#6928 = EDGE_CURVE ( 'NONE', #6244, #7653, #5893, .T. ) ;
#6929 = CARTESIAN_POINT ( 'NONE',  ( 1.899999999999999911, -0.09682458365518480103, 2.200000000000000178 ) ) ;
#6930 = DIRECTION ( 'NONE',  ( 0.000000000000000000, -1.000000000000000000, 0.000000000000000000 ) ) ;
#6931 = AXIS2_PLACEMENT_3D ( 'NONE', #2502, #172, #4924 ) ;
#6932 = CARTESIAN_POINT ( 'NONE',  ( -1.275000000000000133, -0.3499999999999999778, 0.000000000000000000 ) ) ;
#6933 = AXIS2_PLACEMENT_3D ( 'NONE', #5607, #1470, #5097 ) ;
#6934 = VECTOR ( 'NONE', #3543, 1000.000000000000000 ) ;
#6935 = DIRECTION ( 'NONE',  ( 0.0003253246487217502998, -0.9999668530377202602, -0.008135538685998736433 ) ) ;
#6936 = CARTESIAN_POINT ( 'NONE',  ( 0.5635974630727036416, 0.7153549246078093615, 0.3247292784674539190 ) ) ;
#6937 = EDGE_LOOP ( 'NONE', ( #1648, #1409, #4294, #7417, #2260, #6608, #6879, #4111, #6523, #5203, #2833, #6527, #4837, #3734, #6562, #3904, #1664, #3699 ) ) ;
#6938 = DIRECTION ( 'NONE',  ( 0.000000000000000000, 0.000000000000000000, 1.000000000000000000 ) ) ;
#6939 = CARTESIAN_POINT ( 'NONE',  ( 0.5605677954435904775, -0.7119345221301941473, 0.3343675104904079154 ) ) ;
#6940 = PLANE ( 'NONE',  #2064 ) ;
#6941 = ORIENTED_EDGE ( 'NONE', *, *, #6780, .F. ) ;
#6942 = AXIS2_PLACEMENT_3D ( 'NONE', #2995, #4721, #4868 ) ;
#6943 = VECTOR ( 'NONE', #1861, 1000.000000000000000 ) ;
#6944 = LINE ( 'NONE', #1597, #6135 ) ;
#6945 = LINE ( 'NONE', #2290, #6070 ) ;
#6946 = CIRCLE ( 'NONE', #7436, 0.2000009471890974166 ) ;
#6947 = VERTEX_POINT ( 'NONE', #5340 ) ;
#6948 = DIRECTION ( 'NONE',  ( 0.000000000000000000, 0.000000000000000000, 1.000000000000000000 ) ) ;
#6949 = ORIENTED_EDGE ( 'NONE', *, *, #1763, .T. ) ;
#6950 = ORIENTED_EDGE ( 'NONE', *, *, #1003, .F. ) ;
#6951 = EDGE_CURVE ( 'NONE', #3786, #2668, #4644, .T. ) ;
#6952 = PLANE ( 'NONE',  #6287 ) ;
#6953 = CARTESIAN_POINT ( 'NONE',  ( 0.7500000000000000000, 0.08500000000000000611, 0.7500000000000000000 ) ) ;
#6954 = DIRECTION ( 'NONE',  ( 0.5547001962252289253, 0.8320502943378439431, 0.000000000000000000 ) ) ;
#6955 = CARTESIAN_POINT ( 'NONE',  ( -2.000000000000000000, -0.2999999999782059779, 2.299999999999999822 ) ) ;
#6956 = CARTESIAN_POINT ( 'NONE',  ( 0.7500000000000000000, 0.08500000000000000611, 0.7500000000000000000 ) ) ;
#6957 = ORIENTED_EDGE ( 'NONE', *, *, #2347, .F. ) ;
#6958 = FACE_OUTER_BOUND ( 'NONE', #3619, .T. ) ;
#6959 = EDGE_CURVE ( 'NONE', #7450, #2410, #4058, .T. ) ;
#6960 = CYLINDRICAL_SURFACE ( 'NONE', #527, 0.09999999999999982514 ) ;
#6961 = ORIENTED_EDGE ( 'NONE', *, *, #7094, .T. ) ;
#6962 = DIRECTION ( 'NONE',  ( 0.000000000000000000, 0.000000000000000000, 1.000000000000000000 ) ) ;
#6963 = ORIENTED_EDGE ( 'NONE', *, *, #5684, .T. ) ;
#6964 = VERTEX_POINT ( 'NONE', #4725 ) ;
#6965 = CARTESIAN_POINT ( 'NONE',  ( -0.2650000000000000133, 0.9000000000000000222, 0.7500000000000000000 ) ) ;
#6966 = CARTESIAN_POINT ( 'NONE',  ( 1.375000000000000000, -0.4000000000000000222, 0.5000000000000000000 ) ) ;
#6967 = CARTESIAN_POINT ( 'NONE',  ( -0.5567020315621749038, 0.7075736932594643980, 0.3465428590174057244 ) ) ;
#6968 = EDGE_CURVE ( 'NONE', #5996, #6028, #7039, .T. ) ;
#6969 = PLANE ( 'NONE',  #6165 ) ;
#6970 = DIRECTION ( 'NONE',  ( 1.000000000000000000, 0.000000000000000000, 0.000000000000000000 ) ) ;
#6971 = ADVANCED_FACE ( 'NONE', ( #4907 ), #6086, .T. ) ;
#6972 = EDGE_CURVE ( 'NONE', #3687, #5765, #6661, .T. ) ;
#6973 = EDGE_CURVE ( 'NONE', #3054, #1611, #810, .T. ) ;
#6974 = LINE ( 'NONE', #4480, #5458 ) ;
#6975 = VERTEX_POINT ( 'NONE', #2564 ) ;
#6976 = DIRECTION ( 'NONE',  ( 0.000000000000000000, 0.000000000000000000, 1.000000000000000000 ) ) ;
#6977 = DIRECTION ( 'NONE',  ( 0.000000000000000000, 0.000000000000000000, 1.000000000000000000 ) ) ;
#6978 = DIRECTION ( 'NONE',  ( 0.000000000000000000, 0.000000000000000000, 1.000000000000000000 ) ) ;
#6979 = ORIENTED_EDGE ( 'NONE', *, *, #5922, .F. ) ;
#6980 = CARTESIAN_POINT ( 'NONE',  ( -1.849999999995879607, 0.3000000000112906240, 2.400000000000001243 ) ) ;
#6981 = DIRECTION ( 'NONE',  ( 1.000000000000000000, -2.133235538644784924E-10, -1.548860245961815151E-14 ) ) ;
#6982 = ORIENTED_EDGE ( 'NONE', *, *, #5378, .T. ) ;
#6983 = DIRECTION ( 'NONE',  ( 0.000000000000000000, 0.000000000000000000, 1.000000000000000000 ) ) ;
#6984 = EDGE_LOOP ( 'NONE', ( #3424, #2474, #1853, #6546 ) ) ;
#6985 = ORIENTED_EDGE ( 'NONE', *, *, #2819, .T. ) ;
#6986 = LINE ( 'NONE', #7574, #457 ) ;
#6987 = CARTESIAN_POINT ( 'NONE',  ( -1.896511443143876985, 0.3794000000142637719, 2.400000000000003020 ) ) ;
#6988 = CARTESIAN_POINT ( 'NONE',  ( 2.250000000000000000, 0.9000000000000000222, 0.5000000000000000000 ) ) ;
#6989 = DIRECTION ( 'NONE',  ( 0.000000000000000000, 1.000000000000000000, 0.000000000000000000 ) ) ;
#6990 = ORIENTED_EDGE ( 'NONE', *, *, #2000, .T. ) ;
#6991 = CARTESIAN_POINT ( 'NONE',  ( -1.399999999999999911, -0.2999999999997379763, 2.330000000000000071 ) ) ;
#6992 = LINE ( 'NONE', #1685, #1654 ) ;
#6993 = ORIENTED_EDGE ( 'NONE', *, *, #363, .F. ) ;
#6994 = ADVANCED_FACE ( 'NONE', ( #6619 ), #3182, .T. ) ;
#6995 = VERTEX_POINT ( 'NONE', #4291 ) ;
#6996 = VERTEX_POINT ( 'NONE', #3111 ) ;
#6997 = LINE ( 'NONE', #1069, #578 ) ;
#6998 = FACE_OUTER_BOUND ( 'NONE', #6665, .T. ) ;
#6999 = CARTESIAN_POINT ( 'NONE',  ( 0.9499999999999999556, 0.4000000000000000222, 2.495600000000000041 ) ) ;
#7000 = AXIS2_PLACEMENT_3D ( 'NONE', #5854, #2929, #518 ) ;
#7001 = CARTESIAN_POINT ( 'NONE',  ( -0.6500000000000000222, -0.9000000000000000222, 0.2500000000000000000 ) ) ;
#7002 = AXIS2_PLACEMENT_3D ( 'NONE', #3891, #5681, #3255 ) ;
#7003 = CARTESIAN_POINT ( 'NONE',  ( 1.908333333333295023, -0.1105541596784880010, 2.200000000000000178 ) ) ;
#7004 = CARTESIAN_POINT ( 'NONE',  ( -1.925000000000000044, 0.3750000000000000000, 2.299999999999999822 ) ) ;
#7005 = ORIENTED_EDGE ( 'NONE', *, *, #2916, .T. ) ;
#7006 = CARTESIAN_POINT ( 'NONE',  ( -1.875000000000000000, 0.000000000000000000, 0.5000000000000000000 ) ) ;
#7007 = CARTESIAN_POINT ( 'NONE',  ( 0.6254115804877641294, -0.7840767419022824924, 0.2588844017590293811 ) ) ;
#7008 = VECTOR ( 'NONE', #886, 1000.000000000000000 ) ;
#7009 = DIRECTION ( 'NONE',  ( 1.000000000000000000, 0.000000000000000000, 0.000000000000000000 ) ) ;
#7010 = ORIENTED_EDGE ( 'NONE', *, *, #5957, .T. ) ;
#7011 = EDGE_CURVE ( 'NONE', #1755, #4942, #1313, .T. ) ;
#7012 = EDGE_CURVE ( 'NONE', #4866, #6014, #3705, .T. ) ;
#7013 = AXIS2_PLACEMENT_3D ( 'NONE', #7611, #1639, #5193 ) ;
#7014 = VECTOR ( 'NONE', #4817, 1000.000000000000000 ) ;
#7015 = DIRECTION ( 'NONE',  ( -1.000000000000000000, 0.000000000000000000, 0.000000000000000000 ) ) ;
#7016 = CARTESIAN_POINT ( 'NONE',  ( -1.032310988842999988, -0.5000000000000000000, 2.000000000000000000 ) ) ;
#7017 = ADVANCED_FACE ( 'NONE', ( #2523 ), #6039, .T. ) ;
#7018 = EDGE_LOOP ( 'NONE', ( #2326, #6993, #4743, #5472 ) ) ;
#7019 = DIRECTION ( 'NONE',  ( -1.000000000000000000, 0.000000000000000000, 0.000000000000000000 ) ) ;
#7020 = VERTEX_POINT ( 'NONE', #1936 ) ;
#7021 = DIRECTION ( 'NONE',  ( 0.000000000000000000, 0.000000000000000000, 1.000000000000000000 ) ) ;
#7022 = CARTESIAN_POINT ( 'NONE',  ( -0.8510490193213320342, 0.3755476762961000303, 3.399999999999999911 ) ) ;
#7023 = PLANE ( 'NONE',  #668 ) ;
#7024 = AXIS2_PLACEMENT_3D ( 'NONE', #4108, #1016, #2258 ) ;
#7025 = DIRECTION ( 'NONE',  ( -1.000000000000000000, 0.000000000000000000, 0.000000000000000000 ) ) ;
#7026 = FACE_OUTER_BOUND ( 'NONE', #3209, .T. ) ;
#7027 = ORIENTED_EDGE ( 'NONE', *, *, #2196, .F. ) ;
#7028 = CARTESIAN_POINT ( 'NONE',  ( 0.000000000000000000, -0.9000000000000000222, 0.2500000000000000000 ) ) ;
#7029 = AXIS2_PLACEMENT_3D ( 'NONE', #577, #1231, #4864 ) ;
#7030 = CARTESIAN_POINT ( 'NONE',  ( 2.100000000000000089, 0.4000000000000000222, 0.2500000000000000000 ) ) ;
#7031 = EDGE_LOOP ( 'NONE', ( #7570, #7659, #1746, #7075, #7275 ) ) ;
#7032 = VECTOR ( 'NONE', #7571, 1000.000000000000000 ) ;
#7033 = EDGE_CURVE ( 'NONE', #5889, #1723, #1860, .T. ) ;
#7034 = VERTEX_POINT ( 'NONE', #4332 ) ;
#7035 = EDGE_LOOP ( 'NONE', ( #5258, #116, #1497, #1688 ) ) ;
#7036 = CARTESIAN_POINT ( 'NONE',  ( 1.899999999999999911, 0.2500000000000000000, 2.299999999999999822 ) ) ;
#7037 = VERTEX_POINT ( 'NONE', #698 ) ;
#7038 = CARTESIAN_POINT ( 'NONE',  ( 0.7500000000000000000, -0.7099999999999999645, 0.2500000000000000000 ) ) ;
#7039 = B_SPLINE_CURVE_WITH_KNOTS ( 'NONE', 3,
 ( #1, #2368, #6426, #7090, #4131, #1088, #6501, #4758, #3469, #5848, #6151, #5415, #191 ),
 .UNSPECIFIED., .F., .F.,
 ( 4, 3, 3, 3, 4 ),
 ( 6.133173666733496745E-19, 3.296031577908253905E-05, 6.598550016076887986E-05, 9.797263353586809745E-05, 0.0001285095388698215529 ),
 .UNSPECIFIED. ) ;
#7040 = VECTOR ( 'NONE', #807, 1000.000000000000000 ) ;
#7041 = DIRECTION ( 'NONE',  ( 0.000000000000000000, 0.000000000000000000, 1.000000000000000000 ) ) ;
#7042 = AXIS2_PLACEMENT_3D ( 'NONE', #6410, #1498, #7549 ) ;
#7043 = DIRECTION ( 'NONE',  ( 0.000000000000000000, -1.000000000000000000, 0.000000000000000000 ) ) ;
#7044 = CARTESIAN_POINT ( 'NONE',  ( 0.6499999999999602762, 0.8290151734930252259, 0.2500000000000000555 ) ) ;
#7045 = VECTOR ( 'NONE', #7083, 1000.000000000000000 ) ;
#7046 = ORIENTED_EDGE ( 'NONE', *, *, #5443, .T. ) ;
#7047 = DIRECTION ( 'NONE',  ( 0.000000000000000000, 0.000000000000000000, 1.000000000000000000 ) ) ;
#7048 = CARTESIAN_POINT ( 'NONE',  ( -2.095000000000000195, 0.2895950378225999877, 2.200000000000000178 ) ) ;
#7049 = CARTESIAN_POINT ( 'NONE',  ( -2.100000000000000089, -0.3750000000000000000, 2.100000000000000089 ) ) ;
#7050 = ORIENTED_EDGE ( 'NONE', *, *, #1248, .F. ) ;
#7051 = VECTOR ( 'NONE', #419, 1000.000000000000000 ) ;
#7052 = AXIS2_PLACEMENT_3D ( 'NONE', #3114, #4736, #6514 ) ;
#7053 = AXIS2_PLACEMENT_3D ( 'NONE', #7049, #1704, #4756 ) ;
#7054 = PLANE ( 'NONE',  #7376 ) ;
#7055 = DIRECTION ( 'NONE',  ( 0.000000000000000000, 1.000000000000000000, 0.000000000000000000 ) ) ;
#7056 = ORIENTED_EDGE ( 'NONE', *, *, #5231, .T. ) ;
#7057 = CIRCLE ( 'NONE', #6803, 0.08000000000000216660 ) ;
#7059 = EDGE_CURVE ( 'NONE', #6002, #7219, #6507, .T. ) ;
#7058 = DIRECTION ( 'NONE',  ( 1.000000000000000000, 0.000000000000000000, 0.000000000000000000 ) ) ;
#7060 = ORIENTED_EDGE ( 'NONE', *, *, #1914, .F. ) ;
#7061 = ORIENTED_EDGE ( 'NONE', *, *, #3763, .T. ) ;
#7062 = CARTESIAN_POINT ( 'NONE',  ( -0.8500000000151008983, -1.299999999995513855, 1.399999999999999911 ) ) ;
#7063 = EDGE_CURVE ( 'NONE', #4836, #1211, #3708, .T. ) ;
#7064 = VECTOR ( 'NONE', #6090, 1000.000000000000000 ) ;
#7065 = PLANE ( 'NONE',  #3256 ) ;
#7066 = VECTOR ( 'NONE', #6921, 1000.000000000000000 ) ;
#7067 = DIRECTION ( 'NONE',  ( 1.000000000000000000, 0.000000000000000000, 0.000000000000000000 ) ) ;
#7068 = CARTESIAN_POINT ( 'NONE',  ( -0.9499999999999999556, 0.5000000000000000000, 2.100000000000000089 ) ) ;
#7069 = EDGE_CURVE ( 'NONE', #2810, #1298, #4253, .T. ) ;
#7070 = ADVANCED_FACE ( 'NONE', ( #3780 ), #1353, .T. ) ;
#7071 = ORIENTED_EDGE ( 'NONE', *, *, #4642, .F. ) ;
#7072 = DIRECTION ( 'NONE',  ( 0.000000000000000000, 0.000000000000000000, 1.000000000000000000 ) ) ;
#7073 = VECTOR ( 'NONE', #3636, 1000.000000000000000 ) ;
#7074 = LINE ( 'NONE', #6479, #1761 ) ;
#7075 = ORIENTED_EDGE ( 'NONE', *, *, #7084, .F. ) ;
#7076 = ORIENTED_EDGE ( 'NONE', *, *, #6671, .T. ) ;
#7077 = ORIENTED_EDGE ( 'NONE', *, *, #2729, .T. ) ;
#7078 = FACE_OUTER_BOUND ( 'NONE', #3801, .T. ) ;
#7079 = EDGE_LOOP ( 'NONE', ( #3081, #2925, #75, #5276 ) ) ;
#7080 = LINE ( 'NONE', #1768, #3412 ) ;
#7081 = FACE_OUTER_BOUND ( 'NONE', #596, .T. ) ;
#7082 = PLANE ( 'NONE',  #2074 ) ;
#7083 = DIRECTION ( 'NONE',  ( 0.000000000000000000, 0.000000000000000000, 1.000000000000000000 ) ) ;
#7084 = EDGE_CURVE ( 'NONE', #5322, #2624, #4951, .T. ) ;
#7085 = ORIENTED_EDGE ( 'NONE', *, *, #4357, .F. ) ;
#7086 = LINE ( 'NONE', #2482, #5696 ) ;
#7087 = APPLICATION_CONTEXT ( 'automotive_design' ) ;
#7088 = DIRECTION ( 'NONE',  ( -7.589415207398543660E-15, 0.000000000000000000, 1.000000000000000000 ) ) ;
#7089 = CARTESIAN_POINT ( 'NONE',  ( -0.8510490193213320342, 0.4755324463917030009, 3.401745207418184869 ) ) ;
#7090 = CARTESIAN_POINT ( 'NONE',  ( -2.115308249945747843, -0.3354088153607619471, 2.299413283117245133 ) ) ;
#7091 = LINE ( 'NONE', #1277, #2066 ) ;
#7092 = ORIENTED_EDGE ( 'NONE', *, *, #7539, .T. ) ;
#7093 = FACE_OUTER_BOUND ( 'NONE', #706, .T. ) ;
#7094 = EDGE_CURVE ( 'NONE', #785, #3668, #3663, .T. ) ;
#7095 = ORIENTED_EDGE ( 'NONE', *, *, #3778, .F. ) ;
#7096 = ORIENTED_EDGE ( 'NONE', *, *, #6610, .T. ) ;
#7097 = CYLINDRICAL_SURFACE ( 'NONE', #2048, 0.07000000000000018707 ) ;
#7098 = CARTESIAN_POINT ( 'NONE',  ( -0.9965079230507599695, 0.3983003885877945405, 2.100000000000000089 ) ) ;
#7099 = CARTESIAN_POINT ( 'NONE',  ( -1.858677673624999915, -0.3800000000000000044, 2.399999999999999911 ) ) ;
#7100 = CARTESIAN_POINT ( 'NONE',  ( -1.550000000006400036, -0.3800000000000000044, 2.399999999999999911 ) ) ;
#7101 = CARTESIAN_POINT ( 'NONE',  ( 0.6499999999999602762, -0.3709848265069748963, 0.2500000000000000555 ) ) ;
#7102 = DIRECTION ( 'NONE',  ( 0.000000000000000000, 0.000000000000000000, -1.000000000000000000 ) ) ;
#7103 = ADVANCED_FACE ( 'NONE', ( #6738 ), #7245, .T. ) ;
#7104 = ORIENTED_EDGE ( 'NONE', *, *, #4104, .F. ) ;
#7105 = LINE ( 'NONE', #7028, #2572 ) ;
#7106 = EDGE_CURVE ( 'NONE', #6206, #2668, #920, .T. ) ;
#7107 = EDGE_CURVE ( 'NONE', #5239, #1329, #961, .T. ) ;
#7108 = CARTESIAN_POINT ( 'NONE',  ( 0.000000000000000000, 0.000000000000000000, 0.000000000000000000 ) ) ;
#7109 = CLOSED_SHELL ( 'NONE', ( #3511, #7688, #2615, #2073, #1867, #3200, #4969, #2866, #5479, #2520, #2863, #5605, #6733, #6301, #947, #4662, #1052, #768, #7689, #7017, #2722, #1727, #4062, #7493, #6489, #1525, #3101, #4774, #2768, #4452, #1344, #438, #6994, #4926, #6681, #6870, #1232, #3494, #845, #7303, #5782, #3777, #6284, #2626, #2433, #5201, #5383, #4671, #2121, #2044, #5037, #1725, #1297, #3637, #2799, #1101, #561, #5491, #4630, #6292, #150, #5830, #6394, #4740, #5733, #6280, #5630, #5589, #7209, #2053, #7446, #6868, #829, #2192, #273, #4342, #3109, #5482, #752, #4599, #6832, #4692, #7103, #2276, #6866, #592, #5736, #2385, #106, #7070, #6532, #4988, #7566, #1199, #5063, #4259, #4535, #2386, #6971, #5683, #5977, #4215, #246, #3265, #3901, #6243, #7426, #964, #6798, #2585, #3837, #3662 ) ) ;
#7110 = CARTESIAN_POINT ( 'NONE',  ( -1.275000000000000133, 0.4000000000000000222, 0.000000000000000000 ) ) ;
#7111 = ORIENTED_EDGE ( 'NONE', *, *, #3096, .F. ) ;
#7112 = ORIENTED_EDGE ( 'NONE', *, *, #4309, .F. ) ;
#7113 = ADVANCED_FACE ( 'NONE', ( #3817 ), #6892, .F. ) ;
#7114 = ORIENTED_EDGE ( 'NONE', *, *, #3614, .F. ) ;
#7115 = LINE ( 'NONE', #5869, #824 ) ;
#7116 = ORIENTED_EDGE ( 'NONE', *, *, #2000, .F. ) ;
#7117 = DIRECTION ( 'NONE',  ( 0.000000000000000000, 0.000000000000000000, -1.000000000000000000 ) ) ;
#7118 = LINE ( 'NONE', #2398, #3550 ) ;
#7119 = FACE_OUTER_BOUND ( 'NONE', #5200, .T. ) ;
#7120 = CARTESIAN_POINT ( 'NONE',  ( 1.375000000000000000, -0.5000000000000000000, 0.2500000000000000000 ) ) ;
#7121 = EDGE_LOOP ( 'NONE', ( #5368, #4428 ) ) ;
#7122 = ORIENTED_EDGE ( 'NONE', *, *, #3484, .F. ) ;
#7123 = DIRECTION ( 'NONE',  ( 1.000000000000000000, 0.000000000000000000, 0.000000000000000000 ) ) ;
#7124 = VECTOR ( 'NONE', #3600, 1000.000000000000000 ) ;
#7125 = LINE ( 'NONE', #7048, #4150 ) ;
#7126 = DIRECTION ( 'NONE',  ( 0.000000000000000000, 1.000000000000000000, 0.000000000000000000 ) ) ;
#7127 = CARTESIAN_POINT ( 'NONE',  ( 0.000000000000000000, 0.3499999999999999778, 0.2500000000000000000 ) ) ;
#7128 = CIRCLE ( 'NONE', #1642, 0.2999999999999999334 ) ;
#7129 = CARTESIAN_POINT ( 'NONE',  ( 1.925000000000000044, -0.2704156197588999944, 2.200000000000000178 ) ) ;
#7130 = UNCERTAINTY_MEASURE_WITH_UNIT (LENGTH_MEASURE( 1.000000000000000082E-05 ), #1952, 'distance_accuracy_value', 'NONE');
#7131 = DIRECTION ( 'NONE',  ( 1.000000000000000000, 0.000000000000000000, 0.000000000000000000 ) ) ;
#7132 = ORIENTED_EDGE ( 'NONE', *, *, #7657, .F. ) ;
#7133 = LINE ( 'NONE', #3002, #3935 ) ;
#7134 = ADVANCED_FACE ( 'NONE', ( #4479 ), #6340, .F. ) ;
#7135 = ORIENTED_EDGE ( 'NONE', *, *, #1709, .F. ) ;
#7136 = ORIENTED_EDGE ( 'NONE', *, *, #12, .F. ) ;
#7137 = AXIS2_PLACEMENT_3D ( 'NONE', #4800, #1824, #3546 ) ;
#7138 = CYLINDRICAL_SURFACE ( 'NONE', #7296, 0.07000000000000018707 ) ;
#7139 = DIRECTION ( 'NONE',  ( 0.000000000000000000, 0.000000000000000000, 1.000000000000000000 ) ) ;
#7140 = DIRECTION ( 'NONE',  ( 1.000000000000000000, 0.000000000000000000, 0.000000000000000000 ) ) ;
#7141 = CIRCLE ( 'NONE', #4654, 0.1499999999999999667 ) ;
#7142 = CARTESIAN_POINT ( 'NONE',  ( 2.112253379640000261, 0.8336623985643000223, 0.3800000000000000044 ) ) ;
#7143 = CARTESIAN_POINT ( 'NONE',  ( -0.5538245945101170076, -0.4961754054898789290, 0.3735081097975794795 ) ) ;
#7144 = AXIS2_PLACEMENT_3D ( 'NONE', #3501, #6579, #6462 ) ;
#7145 = ORIENTED_EDGE ( 'NONE', *, *, #3526, .T. ) ;
#7146 = DIRECTION ( 'NONE',  ( 0.000000000000000000, -1.000000000000000000, 0.000000000000000000 ) ) ;
#7147 = AXIS2_PLACEMENT_3D ( 'NONE', #6673, #635, #4769 ) ;
#7148 = LINE ( 'NONE', #3056, #7267 ) ;
#7149 = FACE_OUTER_BOUND ( 'NONE', #2885, .T. ) ;
#7150 = ORIENTED_EDGE ( 'NONE', *, *, #3179, .T. ) ;
#7151 = ORIENTED_EDGE ( 'NONE', *, *, #7213, .T. ) ;
#7152 = ORIENTED_EDGE ( 'NONE', *, *, #4113, .T. ) ;
#7153 = CARTESIAN_POINT ( 'NONE',  ( 2.120000000000000107, 0.9000000000000000222, 2.100000000000000089 ) ) ;
#7154 = EDGE_CURVE ( 'NONE', #2609, #841, #5604, .T. ) ;
#7155 = VECTOR ( 'NONE', #6759, 1000.000000000000000 ) ;
#7156 = ORIENTED_EDGE ( 'NONE', *, *, #5880, .T. ) ;
#7157 = DIRECTION ( 'NONE',  ( 1.000000000000000000, 0.000000000000000000, 0.000000000000000000 ) ) ;
#7158 = PLANE ( 'NONE',  #1672 ) ;
#7159 = EDGE_CURVE ( 'NONE', #7495, #6603, #6850, .T. ) ;
#7160 = DIRECTION ( 'NONE',  ( 0.000000000000000000, 1.000000000000000000, 0.000000000000000000 ) ) ;
#7161 = FACE_OUTER_BOUND ( 'NONE', #5813, .T. ) ;
#7162 = ORIENTED_EDGE ( 'NONE', *, *, #21, .F. ) ;
#7163 = EDGE_LOOP ( 'NONE', ( #5617, #4422, #6379, #862, #4297, #2500 ) ) ;
#7164 = DIRECTION ( 'NONE',  ( 1.000000000000000000, 0.000000000000000000, 0.000000000000000000 ) ) ;
#7165 = EDGE_CURVE ( 'NONE', #5026, #5667, #3219, .T. ) ;
#7166 = ADVANCED_FACE ( 'NONE', ( #353 ), #387, .F. ) ;
#7167 = LINE ( 'NONE', #1197, #52 ) ;
#7168 = CARTESIAN_POINT ( 'NONE',  ( -1.275000000000000133, 0.5000000000000000000, 0.2500000000000000000 ) ) ;
#7169 = MECHANICAL_DESIGN_GEOMETRIC_PRESENTATION_REPRESENTATION (  '', ( #2425 ), #6042 ) ;
#7170 = CYLINDRICAL_SURFACE ( 'NONE', #940, 0.1300000000000000044 ) ;
#7171 = CARTESIAN_POINT ( 'NONE',  ( 0.8510499682743000172, -0.3755476762963874671, 3.500000000000000000 ) ) ;
#7172 = AXIS2_PLACEMENT_3D ( 'NONE', #6509, #7529, #4731 ) ;
#7173 = CARTESIAN_POINT ( 'NONE',  ( -0.1895068923543799244, 0.4395068923543798967, 0.2500000000000000000 ) ) ;
#7174 = ORIENTED_EDGE ( 'NONE', *, *, #1251, .T. ) ;
#7175 = CARTESIAN_POINT ( 'NONE',  ( -1.399999999999999911, 0.2999999999989754751, 2.330000000000000071 ) ) ;
#7176 = ORIENTED_EDGE ( 'NONE', *, *, #3838, .F. ) ;
#7177 = ORIENTED_EDGE ( 'NONE', *, *, #7675, .T. ) ;
#7178 = VECTOR ( 'NONE', #1807, 1000.000000000000000 ) ;
#7179 = CARTESIAN_POINT ( 'NONE',  ( -0.2650000000000000133, -0.08499999999999829914, 0.7500000000000000000 ) ) ;
#7180 = DIRECTION ( 'NONE',  ( 1.000000000000000000, 0.000000000000000000, 0.000000000000000000 ) ) ;
#7181 = AXIS2_PLACEMENT_3D ( 'NONE', #7189, #4039, #6403 ) ;
#7182 = DIRECTION ( 'NONE',  ( 1.000000000000000000, 0.000000000000000000, 0.000000000000000000 ) ) ;
#7183 = DIRECTION ( 'NONE',  ( -1.000000000000000000, 0.000000000000000000, 0.000000000000000000 ) ) ;
#7184 = VECTOR ( 'NONE', #822, 1000.000000000000000 ) ;
#7185 = DIRECTION ( 'NONE',  ( 0.000000000000000000, 1.000000000000000000, 0.000000000000000000 ) ) ;
#7186 = ORIENTED_EDGE ( 'NONE', *, *, #4074, .T. ) ;
#7187 = EDGE_CURVE ( 'NONE', #4007, #4455, #4439, .T. ) ;
#7188 = ORIENTED_EDGE ( 'NONE', *, *, #5539, .T. ) ;
#7189 = CARTESIAN_POINT ( 'NONE',  ( -0.6500000000000000222, 0.3499999999999999778, 0.000000000000000000 ) ) ;
#7190 = CIRCLE ( 'NONE', #1086, 0.2000009471890610013 ) ;
#7191 = AXIS2_PLACEMENT_3D ( 'NONE', #1242, #6001, #2331 ) ;
#7192 = DIRECTION ( 'NONE',  ( 1.000000000000000000, 0.000000000000000000, 0.000000000000000000 ) ) ;
#7193 = CARTESIAN_POINT ( 'NONE',  ( -2.200000000000000178, -0.5000000000000000000, 2.100000000000000089 ) ) ;
#7194 = VERTEX_POINT ( 'NONE', #1502 ) ;
#7195 = AXIS2_PLACEMENT_3D ( 'NONE', #469, #4014, #3938 ) ;
#7196 = ORIENTED_EDGE ( 'NONE', *, *, #957, .F. ) ;
#7197 = ORIENTED_EDGE ( 'NONE', *, *, #5924, .T. ) ;
#7198 = DIRECTION ( 'NONE',  ( 0.000000000000000000, 1.000000000000000000, 0.000000000000000000 ) ) ;
#7199 = VERTEX_POINT ( 'NONE', #880 ) ;
#7200 = DIRECTION ( 'NONE',  ( -1.000000000000000000, 0.000000000000000000, 0.000000000000000000 ) ) ;
#7201 = CARTESIAN_POINT ( 'NONE',  ( 2.220000000000000195, 0.6250000000000000000, 2.200000000000000178 ) ) ;
#7202 = CYLINDRICAL_SURFACE ( 'NONE', #4463, 0.07000000000000018707 ) ;
#7203 = DIRECTION ( 'NONE',  ( -1.000000000000000000, 0.000000000000000000, 0.000000000000000000 ) ) ;
#7204 = VERTEX_POINT ( 'NONE', #5641 ) ;
#7205 = ORIENTED_EDGE ( 'NONE', *, *, #1454, .F. ) ;
#7206 = CARTESIAN_POINT ( 'NONE',  ( -0.8500000000151003432, -1.299999999997758060, 1.600000473594530126 ) ) ;
#7207 = DIRECTION ( 'NONE',  ( 0.000000000000000000, 1.000000000000000000, 0.000000000000000000 ) ) ;
#7208 = DIRECTION ( 'NONE',  ( 0.000000000000000000, 0.000000000000000000, -1.000000000000000000 ) ) ;
#7209 = ADVANCED_FACE ( 'NONE', ( #6814 ), #3300, .T. ) ;
#7210 = DIRECTION ( 'NONE',  ( 0.000000000000000000, 1.000000000000000000, 0.000000000000000000 ) ) ;
#7211 = ADVANCED_FACE ( 'NONE', ( #5171 ), #7394, .T. ) ;
#7212 = ADVANCED_FACE ( 'NONE', ( #7555 ), #2719, .T. ) ;
#7213 = EDGE_CURVE ( 'NONE', #475, #251, #3522, .T. ) ;
#7214 = CARTESIAN_POINT ( 'NONE',  ( 0.9499999999999999556, -0.4000000000000000222, 2.299999999999999822 ) ) ;
#7215 = CARTESIAN_POINT ( 'NONE',  ( -0.1163376014357000027, 0.3663376014356999888, 0.2500000000000000000 ) ) ;
#7216 = EDGE_LOOP ( 'NONE', ( #4057, #5277, #5451, #2507 ) ) ;
#7217 = CARTESIAN_POINT ( 'NONE',  ( 0.6500000000000000222, -0.3499999999999999778, 0.000000000000000000 ) ) ;
#7218 = DIRECTION ( 'NONE',  ( 0.04987546680538130356, -0.04987546680549700961, -0.9975093361076271536 ) ) ;
#7219 = VERTEX_POINT ( 'NONE', #3374 ) ;
#7220 = LINE ( 'NONE', #3671, #699 ) ;
#7221 = CYLINDRICAL_SURFACE ( 'NONE', #4303, 0.1000000000000000472 ) ;
#7222 = CARTESIAN_POINT ( 'NONE',  ( 0.6500000000000000222, 0.000000000000000000, 0.2500000000000000000 ) ) ;
#7223 = DIRECTION ( 'NONE',  ( -0.0006087085016787987775, 0.9998478806160472354, 0.01743115319072664413 ) ) ;
#7224 = DIRECTION ( 'NONE',  ( 0.000000000000000000, -1.000000000000000000, 0.000000000000000000 ) ) ;
#7225 = ORIENTED_EDGE ( 'NONE', *, *, #6052, .T. ) ;
#7226 = DIRECTION ( 'NONE',  ( 0.000000000000000000, 0.000000000000000000, 1.000000000000000000 ) ) ;
#7227 = LINE ( 'NONE', #7656, #7246 ) ;
#7228 = DIRECTION ( 'NONE',  ( 0.000000000000000000, 1.000000000000000000, 0.000000000000000000 ) ) ;
#7229 = ORIENTED_EDGE ( 'NONE', *, *, #5009, .T. ) ;
#7230 = DIRECTION ( 'NONE',  ( 0.000000000000000000, 1.000000000000000000, 0.000000000000000000 ) ) ;
#7231 = VERTEX_POINT ( 'NONE', #6932 ) ;
#7232 = ORIENTED_EDGE ( 'NONE', *, *, #4906, .T. ) ;
#7233 = PLANE ( 'NONE',  #4438 ) ;
#7234 = EDGE_LOOP ( 'NONE', ( #7409, #1744, #3583, #1049 ) ) ;
#7235 = DIRECTION ( 'NONE',  ( -1.000000000000000000, 0.000000000000000000, 0.000000000000000000 ) ) ;
#7236 = EDGE_CURVE ( 'NONE', #3471, #2944, #2796, .T. ) ;
#7237 = CARTESIAN_POINT ( 'NONE',  ( -2.200000000000000178, -0.6500000000000000222, 1.500000000000000000 ) ) ;
#7238 = ORIENTED_EDGE ( 'NONE', *, *, #770, .F. ) ;
#7239 = ORIENTED_EDGE ( 'NONE', *, *, #2443, .T. ) ;
#7240 = DIRECTION ( 'NONE',  ( 0.000000000000000000, -8.518731355243226360E-15, 1.000000000000000000 ) ) ;
#7241 = CARTESIAN_POINT ( 'NONE',  ( -0.8500000000151000101, -0.9000000000000000222, 1.100000000000000089 ) ) ;
#7242 = CARTESIAN_POINT ( 'NONE',  ( 2.104999999999999982, -0.9449999999999999512, 2.299937490231324766 ) ) ;
#7243 = EDGE_CURVE ( 'NONE', #4772, #1163, #4146, .T. ) ;
#7244 = CARTESIAN_POINT ( 'NONE',  ( 0.000000000000000000, -0.3663376014356999888, 0.2500000000000000000 ) ) ;
#7245 = PLANE ( 'NONE',  #6140 ) ;
#7246 = VECTOR ( 'NONE', #5983, 1000.000000000000000 ) ;
#7247 = CARTESIAN_POINT ( 'NONE',  ( -1.050000000000000044, 0.000000000000000000, 2.299999999999999822 ) ) ;
#7248 = PLANE ( 'NONE',  #3434 ) ;
#7249 = ORIENTED_EDGE ( 'NONE', *, *, #255, .F. ) ;
#7250 = CARTESIAN_POINT ( 'NONE',  ( 0.8510499682779999464, 0.3755476762961000303, 3.399999999999999911 ) ) ;
#7251 = CARTESIAN_POINT ( 'NONE',  ( -0.9499999999999999556, -0.4000000000000000222, 2.299999999999999822 ) ) ;
#7252 = ORIENTED_EDGE ( 'NONE', *, *, #733, .F. ) ;
#7253 = EDGE_CURVE ( 'NONE', #1280, #398, #138, .T. ) ;
#7254 = EDGE_CURVE ( 'NONE', #6277, #4764, #6565, .T. ) ;
#7255 = LINE ( 'NONE', #1906, #330 ) ;
#7256 = VECTOR ( 'NONE', #1360, 1000.000000000000000 ) ;
#7257 = CARTESIAN_POINT ( 'NONE',  ( -0.1163376014357000027, -0.3663376014356999888, 0.2500000000000000000 ) ) ;
#7258 = EDGE_CURVE ( 'NONE', #3389, #1018, #1800, .T. ) ;
#7259 = LINE ( 'NONE', #6593, #1411 ) ;
#7260 = DIRECTION ( 'NONE',  ( 0.000000000000000000, 1.000000000000000000, 0.000000000000000000 ) ) ;
#7261 = VECTOR ( 'NONE', #609, 1000.000000000000000 ) ;
#7262 = ORIENTED_EDGE ( 'NONE', *, *, #500, .F. ) ;
#7263 = FACE_OUTER_BOUND ( 'NONE', #967, .T. ) ;
#7264 = EDGE_CURVE ( 'NONE', #4084, #6964, #5948, .T. ) ;
#7265 = VECTOR ( 'NONE', #5349, 1000.000000000000000 ) ;
#7266 = CARTESIAN_POINT ( 'NONE',  ( 1.275000000000000133, -0.4000000000000000222, 0.000000000000000000 ) ) ;
#7267 = VECTOR ( 'NONE', #103, 1000.000000000000000 ) ;
#7268 = CARTESIAN_POINT ( 'NONE',  ( -0.8510499682816999867, 0.4050899505739999906, 3.399999999999999911 ) ) ;
#7269 = ORIENTED_EDGE ( 'NONE', *, *, #7154, .T. ) ;
#7270 = ORIENTED_EDGE ( 'NONE', *, *, #5880, .F. ) ;
#7271 = CARTESIAN_POINT ( 'NONE',  ( -1.550000000004194911, 0.4500000000000000111, 2.299999999999999822 ) ) ;
#7272 = CARTESIAN_POINT ( 'NONE',  ( 1.850000000000000089, -0.2999999999999999889, 2.299999999999999822 ) ) ;
#7273 = VECTOR ( 'NONE', #49, 1000.000000000000000 ) ;
#7274 = LINE ( 'NONE', #7351, #6077 ) ;
#7275 = ORIENTED_EDGE ( 'NONE', *, *, #4166, .F. ) ;
#7276 = VERTEX_POINT ( 'NONE', #1879 ) ;
#7277 = CARTESIAN_POINT ( 'NONE',  ( -2.220000000000000195, 0.4749999999999999778, 2.100000000000000089 ) ) ;
#7278 = FACE_BOUND ( 'NONE', #7121, .T. ) ;
#7279 = CYLINDRICAL_SURFACE ( 'NONE', #1077, 0.09999999999999982514 ) ;
#7280 = PLANE ( 'NONE',  #5039 ) ;
#7281 = VECTOR ( 'NONE', #7593, 1000.000000000000000 ) ;
#7282 = DIRECTION ( 'NONE',  ( 0.04987546680538128274, 0.04987546680546888628, 0.9975093361076287080 ) ) ;
#7283 = DIRECTION ( 'NONE',  ( 0.000000000000000000, -1.000000000000000000, 0.000000000000000000 ) ) ;
#7284 = CARTESIAN_POINT ( 'NONE',  ( 0.5929541861521903101, -0.4525601783265094102, 0.2816745734635833220 ) ) ;
#7285 = CIRCLE ( 'NONE', #3425, 0.1000000000000000056 ) ;
#7286 = ORIENTED_EDGE ( 'NONE', *, *, #5378, .F. ) ;
#7287 = CARTESIAN_POINT ( 'NONE',  ( -0.1163376014357000027, -0.9115440117052999724, 0.3800000000000000044 ) ) ;
#7288 = EDGE_LOOP ( 'NONE', ( #6599, #271, #5985, #4995 ) ) ;
#7289 = LINE ( 'NONE', #131, #4189 ) ;
#7290 = CIRCLE ( 'NONE', #3940, 0.1000000000000000472 ) ;
#7291 = CARTESIAN_POINT ( 'NONE',  ( -1.275000000000000133, 0.000000000000000000, 0.5000000000000000000 ) ) ;
#7292 = DIRECTION ( 'NONE',  ( 0.000000000000000000, 0.000000000000000000, -1.000000000000000000 ) ) ;
#7293 = ORIENTED_EDGE ( 'NONE', *, *, #6968, .T. ) ;
#7294 = AXIS2_PLACEMENT_3D ( 'NONE', #7504, #6333, #4511 ) ;
#7295 = SURFACE_SIDE_STYLE ('',( #4460 ) ) ;
#7296 = AXIS2_PLACEMENT_3D ( 'NONE', #1870, #3553, #8 ) ;
#7297 = EDGE_LOOP ( 'NONE', ( #4431, #842, #2957, #900 ) ) ;
#7298 = CARTESIAN_POINT ( 'NONE',  ( -2.104999999999999982, -0.9449999999999999512, 2.299937490231324766 ) ) ;
#7299 = EDGE_CURVE ( 'NONE', #5419, #3843, #6521, .T. ) ;
#7300 = VECTOR ( 'NONE', #5624, 1000.000000000000000 ) ;
#7301 = CARTESIAN_POINT ( 'NONE',  ( -2.299999999999999822, -0.3750000000000000000, 2.299999999999999822 ) ) ;
#7302 = VECTOR ( 'NONE', #3184, 1000.000000000000000 ) ;
#7303 = ADVANCED_FACE ( 'NONE', ( #7149 ), #5796, .T. ) ;
#7304 = DIRECTION ( 'NONE',  ( 0.000000000000000000, -0.9998476951563913806, -0.01745240643727980628 ) ) ;
#7305 = EDGE_CURVE ( 'NONE', #7477, #4228, #540, .T. ) ;
#7306 = EDGE_CURVE ( 'NONE', #2070, #6571, #2646, .T. ) ;
#7307 = CIRCLE ( 'NONE', #2447, 0.1000000000000000472 ) ;
#7308 = ORIENTED_EDGE ( 'NONE', *, *, #3681, .F. ) ;
#7309 = EDGE_LOOP ( 'NONE', ( #7225, #7342, #2189, #1165 ) ) ;
#7310 = AXIS2_PLACEMENT_3D ( 'NONE', #1082, #7047, #5136 ) ;
#7311 = DIRECTION ( 'NONE',  ( 0.000000000000000000, 1.000000000000000000, 0.000000000000000000 ) ) ;
#7312 = VERTEX_POINT ( 'NONE', #2388 ) ;
#7313 = CIRCLE ( 'NONE', #3077, 0.1499999999999999667 ) ;
#7314 = CARTESIAN_POINT ( 'NONE',  ( -1.600000000000000089, 0.2500000000000000000, 2.299999999999999822 ) ) ;
#7315 = CIRCLE ( 'NONE', #3964, 0.1000000000000000472 ) ;
#7316 = AXIS2_PLACEMENT_3D ( 'NONE', #2035, #763, #223 ) ;
#7317 = CARTESIAN_POINT ( 'NONE',  ( -0.5540493129827800400, -0.7041281197244958490, 0.3690137403439990305 ) ) ;
#7318 = EDGE_LOOP ( 'NONE', ( #2864, #3022, #2478, #4862 ) ) ;
#7319 = ORIENTED_EDGE ( 'NONE', *, *, #3754, .F. ) ;
#7320 = FACE_BOUND ( 'NONE', #4355, .T. ) ;
#7321 = LINE ( 'NONE', #5527, #4657 ) ;
#7322 = CARTESIAN_POINT ( 'NONE',  ( -0.6499999999871857170, 0.3677522090430735413, 0.2499999999999310552 ) ) ;
#7323 = CARTESIAN_POINT ( 'NONE',  ( 1.050000000000000044, 0.000000000000000000, 2.299999999999999822 ) ) ;
#7324 = DIRECTION ( 'NONE',  ( 0.000000000000000000, 0.000000000000000000, -1.000000000000000000 ) ) ;
#7325 = EDGE_CURVE ( 'NONE', #1180, #3463, #2983, .T. ) ;
#7326 = CARTESIAN_POINT ( 'NONE',  ( -0.8500000000151000101, -1.199999999999999956, 1.399999999999999911 ) ) ;
#7327 = DIRECTION ( 'NONE',  ( 0.000000000000000000, 1.000000000000000000, 0.000000000000000000 ) ) ;
#7328 = ORIENTED_EDGE ( 'NONE', *, *, #1386, .T. ) ;
#7329 = CARTESIAN_POINT ( 'NONE',  ( 1.525000000000000133, -0.9499999999999999556, -0.1881966011250000015 ) ) ;
#7330 = DIRECTION ( 'NONE',  ( 0.000000000000000000, 0.000000000000000000, -1.000000000000000000 ) ) ;
#7331 = EDGE_LOOP ( 'NONE', ( #5585, #3700, #3950, #6914 ) ) ;
#7332 = DIRECTION ( 'NONE',  ( 0.000000000000000000, -1.000000000000000000, 0.000000000000000000 ) ) ;
#7333 = CARTESIAN_POINT ( 'NONE',  ( 2.220000000000000195, 0.8000000000000000444, 1.932869999999999866 ) ) ;
#7335 = EDGE_CURVE ( 'NONE', #1011, #4221, #5984, .T. ) ;
#7334 = CARTESIAN_POINT ( 'NONE',  ( 0.5539744068252390186, -0.7040005536924379692, 0.3705099644628474520 ) ) ;
#7336 = ORIENTED_EDGE ( 'NONE', *, *, #2346, .F. ) ;
#7337 = LINE ( 'NONE', #6128, #4345 ) ;
#7338 = ORIENTED_EDGE ( 'NONE', *, *, #5298, .F. ) ;
#7339 = EDGE_LOOP ( 'NONE', ( #3924, #6788, #4471, #505, #4495 ) ) ;
#7340 = CARTESIAN_POINT ( 'NONE',  ( 0.6499704134224399965, -1.299999995623176030, 1.400000148454012106 ) ) ;
#7341 = DIRECTION ( 'NONE',  ( 0.000000000000000000, 0.000000000000000000, 1.000000000000000000 ) ) ;
#7342 = ORIENTED_EDGE ( 'NONE', *, *, #1327, .F. ) ;
#7343 = ORIENTED_EDGE ( 'NONE', *, *, #351, .F. ) ;
#7344 = CARTESIAN_POINT ( 'NONE',  ( -1.930000000000000160, 0.2999999999911334703, 2.330000000000000071 ) ) ;
#7345 = B_SPLINE_CURVE_WITH_KNOTS ( 'NONE', 3,
 ( #4069, #4698, #5706, #5267, #1132, #450, #3998, #7650, #2816, #5194, #520, #4538, #6358, #4617, #6323, #372, #4036, #1680, #488, #980, #2856, #2739 ),
 .UNSPECIFIED., .F., .F.,
 ( 4, 3, 3, 3, 3, 3, 3, 4 ),
 ( 5.421010862427522170E-20, 3.610820105796606655E-05, 7.184635173968897319E-05, 0.0001248418017079286064, 0.0001793155921833519835, 0.0001996016952607257704, 0.0002135996456861059811, 0.0002177643733424368378 ),
 .UNSPECIFIED. ) ;
#7346 = VERTEX_POINT ( 'NONE', #1802 ) ;
#7347 = EDGE_CURVE ( 'NONE', #6862, #2155, #5518, .T. ) ;
#7348 = EDGE_CURVE ( 'NONE', #5135, #7704, #4233, .T. ) ;
#7349 = DIRECTION ( 'NONE',  ( 0.000000000000000000, 0.000000000000000000, -1.000000000000000000 ) ) ;
#7350 = EDGE_CURVE ( 'NONE', #418, #7477, #6375, .T. ) ;
#7351 = CARTESIAN_POINT ( 'NONE',  ( 0.6500000000000000222, 0.000000000000000000, 0.2500000000000000000 ) ) ;
#7352 = VERTEX_POINT ( 'NONE', #4776 ) ;
#7353 = ORIENTED_EDGE ( 'NONE', *, *, #7665, .T. ) ;
#7354 = PLANE ( 'NONE',  #2071 ) ;
#7355 = DIRECTION ( 'NONE',  ( 0.000000000000000000, 1.000000000000000000, 0.000000000000000000 ) ) ;
#7356 = CARTESIAN_POINT ( 'NONE',  ( 2.000000000000000000, 0.2999999999989759747, 2.330000000000000071 ) ) ;
#7357 = CARTESIAN_POINT ( 'NONE',  ( -0.1163376014357000027, 0.000000000000000000, 0.2500000000000000000 ) ) ;
#7358 = DIRECTION ( 'NONE',  ( 0.000000000000000000, 0.000000000000000000, 1.000000000000000000 ) ) ;
#7359 = CARTESIAN_POINT ( 'NONE',  ( 1.500000000000000000, -0.2500000000000000000, 2.100000000000000089 ) ) ;
#7360 = DIRECTION ( 'NONE',  ( -1.000000000000000000, 0.000000000000000000, 0.000000000000000000 ) ) ;
#7361 = ORIENTED_EDGE ( 'NONE', *, *, #516, .F. ) ;
#7362 = LINE ( 'NONE', #7329, #1575 ) ;
#7363 = LINE ( 'NONE', #1429, #7008 ) ;
#7364 = ORIENTED_EDGE ( 'NONE', *, *, #1997, .T. ) ;
#7365 = DIRECTION ( 'NONE',  ( 1.000000000000000000, 0.000000000000000000, 0.000000000000000000 ) ) ;
#7366 = ORIENTED_EDGE ( 'NONE', *, *, #3243, .T. ) ;
#7367 = EDGE_CURVE ( 'NONE', #2481, #5553, #3649, .T. ) ;
#7368 = CARTESIAN_POINT ( 'NONE',  ( 1.500000000000000000, 0.2500000000000000000, 2.100000000000000089 ) ) ;
#7369 = ORIENTED_EDGE ( 'NONE', *, *, #2043, .F. ) ;
#7370 = CARTESIAN_POINT ( 'NONE',  ( -0.6491876473304968309, -0.3752301496344006559, 0.2502208312359036069 ) ) ;
#7371 = ORIENTED_EDGE ( 'NONE', *, *, #1665, .T. ) ;
#7372 = EDGE_LOOP ( 'NONE', ( #6585, #1713, #6231, #6289 ) ) ;
#7373 = CIRCLE ( 'NONE', #2389, 0.1000000000000000472 ) ;
#7374 = DIRECTION ( 'NONE',  ( -1.000000000000000000, 0.000000000000000000, 0.000000000000000000 ) ) ;
#7375 = CARTESIAN_POINT ( 'NONE',  ( 1.500000000000000000, -0.3499999999999999778, 2.299999999999999822 ) ) ;
#7376 = AXIS2_PLACEMENT_3D ( 'NONE', #2250, #5887, #3505 ) ;
#7377 = ORIENTED_EDGE ( 'NONE', *, *, #2711, .T. ) ;
#7378 = ORIENTED_EDGE ( 'NONE', *, *, #2939, .T. ) ;
#7379 = CARTESIAN_POINT ( 'NONE',  ( -1.275000000000000133, -0.5000000000000000000, -0.009603111705303998477 ) ) ;
#7380 = ORIENTED_EDGE ( 'NONE', *, *, #2104, .T. ) ;
#7381 = CARTESIAN_POINT ( 'NONE',  ( -0.5538245945101080148, -0.7038245945101490042, 0.3735081097978244502 ) ) ;
#7382 = VECTOR ( 'NONE', #1418, 1000.000000000000000 ) ;
#7383 = ORIENTED_EDGE ( 'NONE', *, *, #6339, .F. ) ;
#7384 = ADVANCED_FACE ( 'NONE', ( #4273 ), #1621, .T. ) ;
#7385 = DIRECTION ( 'NONE',  ( 0.000000000000000000, 0.000000000000000000, -1.000000000000000000 ) ) ;
#7386 = VERTEX_POINT ( 'NONE', #3684 ) ;
#7387 = ORIENTED_EDGE ( 'NONE', *, *, #780, .T. ) ;
#7388 = CARTESIAN_POINT ( 'NONE',  ( -1.474999999999999867, -0.3750000000000000000, 2.200000000000000178 ) ) ;
#7389 = DIRECTION ( 'NONE',  ( 1.000000000000000000, 0.000000000000000000, 0.000000000000000000 ) ) ;
#7390 = DIRECTION ( 'NONE',  ( 0.000000000000000000, 0.000000000000000000, 1.000000000000000000 ) ) ;
#7391 = EDGE_CURVE ( 'NONE', #2249, #7352, #6061, .T. ) ;
#7392 = FACE_OUTER_BOUND ( 'NONE', #4709, .T. ) ;
#7393 = VECTOR ( 'NONE', #4668, 1000.000000000000000 ) ;
#7394 = CYLINDRICAL_SURFACE ( 'NONE', #285, 0.1300000000000000044 ) ;
#7395 = EDGE_CURVE ( 'NONE', #6332, #7352, #722, .T. ) ;
#7396 = ADVANCED_FACE ( 'NONE', ( #2352 ), #1920, .T. ) ;
#7397 = ADVANCED_FACE ( 'NONE', ( #3277 ), #7413, .F. ) ;
#7398 = LINE ( 'NONE', #5572, #5192 ) ;
#7399 = CARTESIAN_POINT ( 'NONE',  ( -1.850000000000000089, -0.4500000000000000111, 2.330000000000000071 ) ) ;
#7400 = ORIENTED_EDGE ( 'NONE', *, *, #1346, .F. ) ;
#7401 = DIRECTION ( 'NONE',  ( 0.000000000000000000, 0.000000000000000000, 1.000000000000000000 ) ) ;
#7402 = CARTESIAN_POINT ( 'NONE',  ( -0.2650000000000000133, -0.08499999999999900691, 0.7500000000000000000 ) ) ;
#7403 = ORIENTED_EDGE ( 'NONE', *, *, #1629, .T. ) ;
#7404 = AXIS2_PLACEMENT_3D ( 'NONE', #4556, #6930, #5210 ) ;
#7405 = DIRECTION ( 'NONE',  ( 0.000000000000000000, 0.000000000000000000, 1.000000000000000000 ) ) ;
#7406 = AXIS2_PLACEMENT_3D ( 'NONE', #5645, #314, #4406 ) ;
#7407 = EDGE_LOOP ( 'NONE', ( #6346, #2355, #3366, #1805 ) ) ;
#7408 = CARTESIAN_POINT ( 'NONE',  ( 2.194999999999999840, -0.3750000000000000000, 2.484815000000000218 ) ) ;
#7409 = ORIENTED_EDGE ( 'NONE', *, *, #1894, .T. ) ;
#7410 = ORIENTED_EDGE ( 'NONE', *, *, #586, .T. ) ;
#7411 = EDGE_LOOP ( 'NONE', ( #6979, #694, #6467, #2723 ) ) ;
#7412 = CARTESIAN_POINT ( 'NONE',  ( -2.194999999999999840, 0.2895950378225999877, 2.495600000000000041 ) ) ;
#7413 = PLANE ( 'NONE',  #2271 ) ;
#7414 = CARTESIAN_POINT ( 'NONE',  ( 1.925000000000000044, -0.9000000000000000222, 0.5000000000000000000 ) ) ;
#7415 = EDGE_CURVE ( 'NONE', #5608, #2281, #1337, .T. ) ;
#7416 = VECTOR ( 'NONE', #7332, 1000.000000000000000 ) ;
#7417 = ORIENTED_EDGE ( 'NONE', *, *, #4094, .F. ) ;
#7418 = VERTEX_POINT ( 'NONE', #4997 ) ;
#7419 = CARTESIAN_POINT ( 'NONE',  ( 1.550000000002230038, -0.4500000000000000111, 2.299999999999999822 ) ) ;
#7420 = VECTOR ( 'NONE', #4933, 1000.000000000000000 ) ;
#7421 = VECTOR ( 'NONE', #4070, 1000.000000000000000 ) ;
#7422 = AXIS2_PLACEMENT_3D ( 'NONE', #6900, #5177, #7562 ) ;
#7423 = DIRECTION ( 'NONE',  ( 0.000000000000000000, 0.000000000000000000, -1.000000000000000000 ) ) ;
#7424 = EDGE_LOOP ( 'NONE', ( #7174, #6990, #4120, #7111, #5462 ) ) ;
#7425 = FACE_OUTER_BOUND ( 'NONE', #1091, .T. ) ;
#7426 = ADVANCED_FACE ( 'NONE', ( #2659 ), #176, .F. ) ;
#7427 = VECTOR ( 'NONE', #6191, 1000.000000000000000 ) ;
#7428 = ORIENTED_EDGE ( 'NONE', *, *, #4544, .T. ) ;
#7429 = ORIENTED_EDGE ( 'NONE', *, *, #3152, .F. ) ;
#7430 = DIRECTION ( 'NONE',  ( -1.000000000000000000, 0.000000000000000000, 0.000000000000000000 ) ) ;
#7431 = DIRECTION ( 'NONE',  ( 1.000000000000000000, 0.000000000000000000, 0.000000000000000000 ) ) ;
#7432 = CARTESIAN_POINT ( 'NONE',  ( 1.800000000000000044, 0.2500000000000000000, 2.299999999999999822 ) ) ;
#7433 = VECTOR ( 'NONE', #5526, 1000.000000000000000 ) ;
#7434 = EDGE_CURVE ( 'NONE', #3308, #4151, #7141, .T. ) ;
#7435 = LINE ( 'NONE', #263, #7040 ) ;
#7436 = AXIS2_PLACEMENT_3D ( 'NONE', #996, #5172, #5725 ) ;
#7437 = CARTESIAN_POINT ( 'NONE',  ( -2.120000000000000107, 0.4749999999999999778, 2.299999999999999822 ) ) ;
#7438 = CARTESIAN_POINT ( 'NONE',  ( -2.095000000000000195, 0.4749999999999999778, 2.100000000000000089 ) ) ;
#7439 = DIRECTION ( 'NONE',  ( -0.9993908270190960952, 0.000000000000000000, 0.03489949670249306579 ) ) ;
#7440 = ADVANCED_FACE ( 'NONE', ( #5590 ), #1404, .T. ) ;
#7441 = ORIENTED_EDGE ( 'NONE', *, *, #5009, .F. ) ;
#7442 = LINE ( 'NONE', #4484, #4707 ) ;
#7443 = CARTESIAN_POINT ( 'NONE',  ( 0.6104931076458638417, 0.1604931076458633310, 0.2500000000000000000 ) ) ;
#7444 = LINE ( 'NONE', #2091, #3825 ) ;
#7445 = ORIENTED_EDGE ( 'NONE', *, *, #402, .F. ) ;
#7446 = ADVANCED_FACE ( 'NONE', ( #284 ), #4892, .F. ) ;
#7447 = ADVANCED_FACE ( 'NONE', ( #2589 ), #3874, .T. ) ;
#7448 = ADVANCED_FACE ( 'NONE', ( #4967 ), #795, .T. ) ;
#7449 = CARTESIAN_POINT ( 'NONE',  ( 0.000000000000000000, 0.000000000000000000, 2.299999999999999822 ) ) ;
#7450 = VERTEX_POINT ( 'NONE', #329 ) ;
#7451 = LINE ( 'NONE', #3268, #468 ) ;
#7452 = ADVANCED_FACE ( 'NONE', ( #6134 ), #6103, .F. ) ;
#7453 = ORIENTED_EDGE ( 'NONE', *, *, #1647, .T. ) ;
#7454 = DIRECTION ( 'NONE',  ( -1.000000000000000000, 0.000000000000000000, 0.000000000000000000 ) ) ;
#7455 = ORIENTED_EDGE ( 'NONE', *, *, #4202, .F. ) ;
#7456 = VERTEX_POINT ( 'NONE', #4312 ) ;
#7457 = CARTESIAN_POINT ( 'NONE',  ( -1.399999999999999911, -0.2999999999999999889, 2.330000000000000071 ) ) ;
#7458 = PLANE ( 'NONE',  #7013 ) ;
#7459 = DIRECTION ( 'NONE',  ( -0.04987546680543939598, -0.04987546680538149785, -0.9975093361076300402 ) ) ;
#7460 = ORIENTED_EDGE ( 'NONE', *, *, #1769, .T. ) ;
#7461 = ORIENTED_EDGE ( 'NONE', *, *, #865, .T. ) ;
#7462 = DIRECTION ( 'NONE',  ( -1.000000000000000000, 0.000000000000000000, 0.000000000000000000 ) ) ;
#7463 = EDGE_CURVE ( 'NONE', #3463, #814, #1491, .T. ) ;
#7464 = CARTESIAN_POINT ( 'NONE',  ( 1.050000000000000044, -0.4000000000000000222, 2.299999999999999822 ) ) ;
#7465 = ORIENTED_EDGE ( 'NONE', *, *, #4251, .T. ) ;
#7466 = EDGE_CURVE ( 'NONE', #4910, #2810, #4381, .T. ) ;
#7467 = LINE ( 'NONE', #6330, #7066 ) ;
#7468 = VERTEX_POINT ( 'NONE', #3799 ) ;
#7469 = ORIENTED_EDGE ( 'NONE', *, *, #5110, .T. ) ;
#7470 = PLANE ( 'NONE',  #6294 ) ;
#7471 = CARTESIAN_POINT ( 'NONE',  ( 0.9476188457623999639, 0.5000000000000000000, 3.500000000000000000 ) ) ;
#7472 = CARTESIAN_POINT ( 'NONE',  ( -0.1163376014357000027, -0.3663376014356999888, 0.2500000000000000000 ) ) ;
#7473 = DIRECTION ( 'NONE',  ( -1.000000000000000000, 0.000000000000000000, 0.000000000000000000 ) ) ;
#7474 = DIRECTION ( 'NONE',  ( 0.9993908270190957621, 0.000000000000000000, 0.03489949670249994917 ) ) ;
#7475 = DIRECTION ( 'NONE',  ( 0.000000000000000000, -1.000000000000000000, 0.000000000000000000 ) ) ;
#7476 = DIRECTION ( 'NONE',  ( 0.000000000000000000, 1.000000000000000000, 0.000000000000000000 ) ) ;
#7477 = VERTEX_POINT ( 'NONE', #6172 ) ;
#7478 = CARTESIAN_POINT ( 'NONE',  ( -0.8500000000151000101, -1.199999999999998845, 1.199999999999999956 ) ) ;
#7479 = CARTESIAN_POINT ( 'NONE',  ( 0.000000000000000000, 0.000000000000000000, 0.5000000000000000000 ) ) ;
#7480 = CYLINDRICAL_SURFACE ( 'NONE', #5685, 0.1300000000000000044 ) ;
#7481 = ORIENTED_EDGE ( 'NONE', *, *, #2858, .F. ) ;
#7482 = CARTESIAN_POINT ( 'NONE',  ( 0.2425215054678760696, 0.1074784945321238527, 0.3004301093584688109 ) ) ;
#7483 = CARTESIAN_POINT ( 'NONE',  ( 0.8510499682798500221, 0.3755476762914404798, 3.500000000000000000 ) ) ;
#7484 = ORIENTED_EDGE ( 'NONE', *, *, #4214, .T. ) ;
#7486 = EDGE_CURVE ( 'NONE', #6571, #2201, #833, .T. ) ;
#7485 = CARTESIAN_POINT ( 'NONE',  ( 2.250000000000000000, 0.9000000000000000222, 2.100000000000000089 ) ) ;
#7487 = VERTEX_POINT ( 'NONE', #6792 ) ;
#7488 = VERTEX_POINT ( 'NONE', #1446 ) ;
#7489 = EDGE_CURVE ( 'NONE', #2619, #1175, #3841, .T. ) ;
#7490 = CARTESIAN_POINT ( 'NONE',  ( 0.2650000000000000133, 0.08499999999999689748, 0.7500000000000000000 ) ) ;
#7491 = DIRECTION ( 'NONE',  ( 0.000000000000000000, 0.000000000000000000, -1.000000000000000000 ) ) ;
#7492 = CARTESIAN_POINT ( 'NONE',  ( -1.050020661024130053, -1.299999998263917877, 1.394437171409972143 ) ) ;
#7493 = ADVANCED_FACE ( 'NONE', ( #979 ), #4499, .T. ) ;
#7494 = VECTOR ( 'NONE', #6918, 1000.000000000000000 ) ;
#7495 = VERTEX_POINT ( 'NONE', #6988 ) ;
#7496 = ORIENTED_EDGE ( 'NONE', *, *, #4196, .T. ) ;
#7497 = LINE ( 'NONE', #4469, #3951 ) ;
#7498 = VECTOR ( 'NONE', #2965, 1000.000000000000000 ) ;
#7499 = CARTESIAN_POINT ( 'NONE',  ( -0.6499999999999810374, 0.000000000000000000, 0.2500000000000000000 ) ) ;
#7500 = EDGE_LOOP ( 'NONE', ( #593, #2157, #6423, #7132 ) ) ;
#7501 = CARTESIAN_POINT ( 'NONE',  ( -2.100000000000000089, -0.4000000000000000222, 2.100000000000000089 ) ) ;
#7502 = ORIENTED_EDGE ( 'NONE', *, *, #2338, .T. ) ;
#7503 = VERTEX_POINT ( 'NONE', #2187 ) ;
#7504 = CARTESIAN_POINT ( 'NONE',  ( 2.075000000000000178, 0.000000000000000000, 2.100000000000000089 ) ) ;
#7505 = AXIS2_PLACEMENT_3D ( 'NONE', #5095, #7474, #6303 ) ;
#7506 = CARTESIAN_POINT ( 'NONE',  ( 1.824999999999999956, -0.1658312395178000165, 2.299999999999999822 ) ) ;
#7507 = CARTESIAN_POINT ( 'NONE',  ( -0.6142125391548127755, 0.7714318935557596957, 0.2648719078912577518 ) ) ;
#7508 = AXIS2_PLACEMENT_3D ( 'NONE', #119, #4128, #1780 ) ;
#7509 = LINE ( 'NONE', #5093, #5665 ) ;
#7510 = FACE_OUTER_BOUND ( 'NONE', #1687, .T. ) ;
#7511 = VECTOR ( 'NONE', #2340, 1000.000000000000000 ) ;
#7512 = DIRECTION ( 'NONE',  ( 0.000000000000000000, 1.000000000000000000, 0.000000000000000000 ) ) ;
#7513 = CARTESIAN_POINT ( 'NONE',  ( 2.194999999999999840, 0.2895950378225999877, 2.495600000000000041 ) ) ;
#7514 = CARTESIAN_POINT ( 'NONE',  ( 0.5687988462011323021, 0.7210576526936745001, 0.3140524872500325415 ) ) ;
#7515 = EDGE_CURVE ( 'NONE', #6155, #3328, #4653, .T. ) ;
#7516 = VECTOR ( 'NONE', #3457, 1000.000000000000000 ) ;
#7517 = VERTEX_POINT ( 'NONE', #6322 ) ;
#7518 = CARTESIAN_POINT ( 'NONE',  ( -1.550000000005320011, 0.3800000000000000044, 2.330000000000000071 ) ) ;
#7519 = CARTESIAN_POINT ( 'NONE',  ( 0.6499999999999801492, -0.8336623985643000223, 0.2500000000000000000 ) ) ;
#7520 = CARTESIAN_POINT ( 'NONE',  ( -0.5540493129827799290, -0.4958725469090002336, 0.3690137403439989749 ) ) ;
#7521 = VERTEX_POINT ( 'NONE', #6357 ) ;
#7522 = DIRECTION ( 'NONE',  ( 0.000000000000000000, 0.000000000000000000, -1.000000000000000000 ) ) ;
#7523 = FACE_OUTER_BOUND ( 'NONE', #459, .T. ) ;
#7524 = ORIENTED_EDGE ( 'NONE', *, *, #5455, .T. ) ;
#7525 = CARTESIAN_POINT ( 'NONE',  ( -2.250000000000000000, 0.9000000000000000222, 0.2500000000000000000 ) ) ;
#7526 = EDGE_LOOP ( 'NONE', ( #2102, #734, #3665, #400 ) ) ;
#7527 = VECTOR ( 'NONE', #2498, 1000.000000000000000 ) ;
#7528 = ORIENTED_EDGE ( 'NONE', *, *, #639, .F. ) ;
#7529 = DIRECTION ( 'NONE',  ( 0.000000000000000000, 1.000000000000000000, 0.000000000000000000 ) ) ;
#7530 = EDGE_CURVE ( 'NONE', #2624, #2382, #5896, .T. ) ;
#7531 = VECTOR ( 'NONE', #2664, 1000.000000000000000 ) ;
#7532 = CARTESIAN_POINT ( 'NONE',  ( -1.937867965637050771, 0.4500000000269461231, 2.371005050633883116 ) ) ;
#7533 = DIRECTION ( 'NONE',  ( 0.000000000000000000, 0.000000000000000000, -1.000000000000000000 ) ) ;
#7534 = CARTESIAN_POINT ( 'NONE',  ( 0.7500000000000000000, -0.6849999999999999423, 0.7500000000000000000 ) ) ;
#7535 = CIRCLE ( 'NONE', #7406, 0.1000000000000000472 ) ;
#7536 = EDGE_CURVE ( 'NONE', #4099, #5476, #1399, .T. ) ;
#7537 = ORIENTED_EDGE ( 'NONE', *, *, #1912, .F. ) ;
#7538 = CYLINDRICAL_SURFACE ( 'NONE', #334, 0.2000000000000000944 ) ;
#7539 = EDGE_CURVE ( 'NONE', #6206, #3259, #1054, .T. ) ;
#7540 = EDGE_CURVE ( 'NONE', #4910, #6470, #4537, .T. ) ;
#7541 = ADVANCED_FACE ( 'NONE', ( #2775 ), #4581, .F. ) ;
#7542 = DIRECTION ( 'NONE',  ( 1.000000000000000000, 0.000000000000000000, 0.000000000000000000 ) ) ;
#7543 = CIRCLE ( 'NONE', #1311, 0.1000000000000000472 ) ;
#7544 = VERTEX_POINT ( 'NONE', #3915 ) ;
#7545 = DIRECTION ( 'NONE',  ( 0.000000000000000000, -1.000000000000000000, 0.000000000000000000 ) ) ;
#7546 = ORIENTED_EDGE ( 'NONE', *, *, #5684, .F. ) ;
#7547 = ORIENTED_EDGE ( 'NONE', *, *, #5053, .T. ) ;
#7548 = AXIS2_PLACEMENT_3D ( 'NONE', #4782, #6607, #3611 ) ;
#7549 = DIRECTION ( 'NONE',  ( 1.000000000000000000, 0.000000000000000000, 0.000000000000000000 ) ) ;
#7550 = DIRECTION ( 'NONE',  ( 0.000000000000000000, 1.000000000000000000, 0.000000000000000000 ) ) ;
#7551 = FACE_OUTER_BOUND ( 'NONE', #2911, .T. ) ;
#7552 = VECTOR ( 'NONE', #587, 1000.000000000000000 ) ;
#7553 = PLANE ( 'NONE',  #7404 ) ;
#7554 = VECTOR ( 'NONE', #6839, 1000.000000000000000 ) ;
#7555 = FACE_OUTER_BOUND ( 'NONE', #6786, .T. ) ;
#7556 = VECTOR ( 'NONE', #2689, 1000.000000000000000 ) ;
#7557 = CYLINDRICAL_SURFACE ( 'NONE', #3460, 0.2999999999999999334 ) ;
#7558 = CARTESIAN_POINT ( 'NONE',  ( 0.6448013791789359850, 0.8127219903351923236, 0.2514902811073850275 ) ) ;
#7559 = ORIENTED_EDGE ( 'NONE', *, *, #1059, .F. ) ;
#7560 = PLANE ( 'NONE',  #7310 ) ;
#7561 = DIRECTION ( 'NONE',  ( 9.293161478447156746E-15, -2.090961332650610150E-14, 1.000000000000000000 ) ) ;
#7562 = DIRECTION ( 'NONE',  ( 1.000000000000000000, 0.000000000000000000, 0.000000000000000000 ) ) ;
#7563 = ORIENTED_EDGE ( 'NONE', *, *, #2330, .T. ) ;
#7564 = VECTOR ( 'NONE', #6537, 1000.000000000000000 ) ;
#7565 = AXIS2_PLACEMENT_3D ( 'NONE', #3257, #774, #1469 ) ;
#7566 = ADVANCED_FACE ( 'NONE', ( #7577 ), #7023, .F. ) ;
#7567 = LINE ( 'NONE', #6824, #5886 ) ;
#7568 = CARTESIAN_POINT ( 'NONE',  ( 1.849999999982935073, -0.3800000000000000044, 2.330000000000000071 ) ) ;
#7569 = CIRCLE ( 'NONE', #1457, 0.1000000000000000472 ) ;
#7570 = ORIENTED_EDGE ( 'NONE', *, *, #2908, .T. ) ;
#7571 = DIRECTION ( 'NONE',  ( 1.000000000000000000, 0.000000000000000000, 0.000000000000000000 ) ) ;
#7572 = ORIENTED_EDGE ( 'NONE', *, *, #68, .F. ) ;
#7573 = EDGE_LOOP ( 'NONE', ( #2790, #2354, #610, #117 ) ) ;
#7574 = CARTESIAN_POINT ( 'NONE',  ( -1.899999999999999911, 0.4749999999999999778, 2.100000000000000089 ) ) ;
#7575 = LINE ( 'NONE', #978, #1160 ) ;
#7576 = EDGE_CURVE ( 'NONE', #6326, #4228, #487, .T. ) ;
#7577 = FACE_OUTER_BOUND ( 'NONE', #3377, .T. ) ;
#7578 = FACE_BOUND ( 'NONE', #743, .T. ) ;
#7579 = LINE ( 'NONE', #2740, #6558 ) ;
#7580 = ORIENTED_EDGE ( 'NONE', *, *, #2030, .F. ) ;
#7581 = ADVANCED_FACE ( 'NONE', ( #5705 ), #7458, .F. ) ;
#7582 = LINE ( 'NONE', #2706, #944 ) ;
#7583 = CARTESIAN_POINT ( 'NONE',  ( -2.095000000000000195, -0.2750000000000000222, 2.299999999999999822 ) ) ;
#7584 = ORIENTED_EDGE ( 'NONE', *, *, #892, .F. ) ;
#7585 = EDGE_LOOP ( 'NONE', ( #4173, #6169, #6722, #6744, #2688, #7428, #4745, #3752, #5070, #5122, #2049, #1765, #415, #7629, #3147, #6830, #2137, #2947, #7460, #3865 ) ) ;
#7586 = EDGE_CURVE ( 'NONE', #5416, #105, #4532, .T. ) ;
#7587 = VERTEX_POINT ( 'NONE', #1679 ) ;
#7588 = FACE_OUTER_BOUND ( 'NONE', #7411, .T. ) ;
#7589 = EDGE_CURVE ( 'NONE', #5505, #475, #6439, .T. ) ;
#7590 = DIRECTION ( 'NONE',  ( 0.000000000000000000, -1.000000000000000000, 0.000000000000000000 ) ) ;
#7591 = CARTESIAN_POINT ( 'NONE',  ( 0.6500000000000000222, 0.3499999999999999778, 0.000000000000000000 ) ) ;
#7592 = DIRECTION ( 'NONE',  ( 1.000000000000000000, 0.000000000000000000, 0.000000000000000000 ) ) ;
#7593 = DIRECTION ( 'NONE',  ( -1.000000000000000000, 0.000000000000000000, 0.000000000000000000 ) ) ;
#7594 = EDGE_CURVE ( 'NONE', #2849, #5082, #3960, .T. ) ;
#7595 = CARTESIAN_POINT ( 'NONE',  ( -1.474999999999999867, 0.3750000000000000000, 2.100000000000000089 ) ) ;
#7596 = CARTESIAN_POINT ( 'NONE',  ( 2.044999999999999929, -0.9050000000000000266, 2.299999999999999822 ) ) ;
#7597 = ORIENTED_EDGE ( 'NONE', *, *, #3495, .T. ) ;
#7598 = DIRECTION ( 'NONE',  ( 0.000000000000000000, 1.000000000000000000, 0.000000000000000000 ) ) ;
#7599 = DIRECTION ( 'NONE',  ( 1.000000000000000000, 0.000000000000000000, 0.000000000000000000 ) ) ;
#7600 = DIRECTION ( 'NONE',  ( -1.000000000000000000, 0.000000000000000000, 0.000000000000000000 ) ) ;
#7601 = ORIENTED_EDGE ( 'NONE', *, *, #1480, .F. ) ;
#7602 = B_SPLINE_CURVE_WITH_KNOTS ( 'NONE', 3,
 ( #4018, #432, #2802, #6939, #3422, #6266, #473, #2247, #925, #3306, #2760, #7007, #358, #1594, #2725, #5100, #6309, #3349, #5729, #392, #5137, #7519 ),
 .UNSPECIFIED., .F., .F.,
 ( 4, 3, 3, 3, 3, 3, 3, 4 ),
 ( 5.421010862427522170E-20, 3.610820105796613431E-05, 7.184635173968916292E-05, 0.0001248418017079288233, 0.0001793155921833521733, 0.0001996016952607259330, 0.0002135996456861060625, 0.0002177643733424369191 ),
 .UNSPECIFIED. ) ;
#7603 = DIRECTION ( 'NONE',  ( -1.000000000000000000, 0.000000000000000000, 0.000000000000000000 ) ) ;
#7604 = DIRECTION ( 'NONE',  ( 1.000000000000000000, 0.000000000000000000, 0.000000000000000000 ) ) ;
#7605 = ORIENTED_EDGE ( 'NONE', *, *, #2495, .F. ) ;
#7606 = CARTESIAN_POINT ( 'NONE',  ( 0.2650000000000000133, -0.5150000000000000133, 0.7500000000000000000 ) ) ;
#7607 = ORIENTED_EDGE ( 'NONE', *, *, #6727, .F. ) ;
#7608 = DIRECTION ( 'NONE',  ( 0.000000000000000000, 5.420985188938167816E-15, -1.000000000000000000 ) ) ;
#7609 = EDGE_CURVE ( 'NONE', #1211, #2787, #2106, .T. ) ;
#7610 = CYLINDRICAL_SURFACE ( 'NONE', #1885, 0.1000000000000000472 ) ;
#7611 = CARTESIAN_POINT ( 'NONE',  ( 0.7500000000000000000, -0.5150000000000000133, 0.7500000000000000000 ) ) ;
#7612 = DIRECTION ( 'NONE',  ( 0.000000000000000000, 0.000000000000000000, 1.000000000000000000 ) ) ;
#7613 = ORIENTED_EDGE ( 'NONE', *, *, #351, .T. ) ;
#7614 = CARTESIAN_POINT ( 'NONE',  ( 0.6500000000000000222, -0.3499999999999999778, 0.000000000000000000 ) ) ;
#7615 = CYLINDRICAL_SURFACE ( 'NONE', #2904, 0.1300000000000000044 ) ;
#7616 = AXIS2_PLACEMENT_3D ( 'NONE', #4310, #2065, #1294 ) ;
#7617 = ORIENTED_EDGE ( 'NONE', *, *, #1432, .F. ) ;
#7618 = ORIENTED_EDGE ( 'NONE', *, *, #2446, .T. ) ;
#7619 = ORIENTED_EDGE ( 'NONE', *, *, #4026, .T. ) ;
#7620 = DIRECTION ( 'NONE',  ( 0.9993908270190960952, 1.084202172485504434E-15, -0.03489949670249306579 ) ) ;
#7621 = ORIENTED_EDGE ( 'NONE', *, *, #5539, .F. ) ;
#7622 = FACE_OUTER_BOUND ( 'NONE', #7163, .T. ) ;
#7623 = AXIS2_PLACEMENT_3D ( 'NONE', #7648, #7139, #6511 ) ;
#7624 = LINE ( 'NONE', #4669, #7655 ) ;
#7625 = EDGE_CURVE ( 'NONE', #6716, #4416, #2738, .T. ) ;
#7626 = VECTOR ( 'NONE', #550, 1000.000000000000000 ) ;
#7627 = CARTESIAN_POINT ( 'NONE',  ( -0.6407106710560012131, -0.8060659156373373158, 0.2527985861194562700 ) ) ;
#7628 = DIRECTION ( 'NONE',  ( 1.000000000000000000, 0.000000000000000000, 0.000000000000000000 ) ) ;
#7629 = ORIENTED_EDGE ( 'NONE', *, *, #5126, .T. ) ;
#7630 = DIRECTION ( 'NONE',  ( 0.000000000000000000, 0.000000000000000000, -1.000000000000000000 ) ) ;
#7631 = CARTESIAN_POINT ( 'NONE',  ( -0.6104931076458631756, -0.1604931076458633588, 0.2499999999999997224 ) ) ;
#7632 = CIRCLE ( 'NONE', #4527, 0.2999999999999999334 ) ;
#7633 = DIRECTION ( 'NONE',  ( 1.000000000000000000, 0.000000000000000000, 0.000000000000000000 ) ) ;
#7634 = ORIENTED_EDGE ( 'NONE', *, *, #3064, .F. ) ;
#7635 = ADVANCED_FACE ( 'NONE', ( #1563 ), #448, .T. ) ;
#7636 = AXIS2_PLACEMENT_3D ( 'NONE', #6398, #5079, #3439 ) ;
#7637 = VECTOR ( 'NONE', #2658, 1000.000000000000000 ) ;
#7638 = EDGE_CURVE ( 'NONE', #5477, #65, #6758, .T. ) ;
#7639 = EDGE_CURVE ( 'NONE', #7517, #6648, #2976, .T. ) ;
#7640 = LINE ( 'NONE', #510, #4279 ) ;
#7641 = VECTOR ( 'NONE', #6735, 1000.000000000000000 ) ;
#7642 = DIRECTION ( 'NONE',  ( 0.000000000000000000, 0.000000000000000000, -1.000000000000000000 ) ) ;
#7643 = ORIENTED_EDGE ( 'NONE', *, *, #6928, .T. ) ;
#7644 = LINE ( 'NONE', #6905, #570 ) ;
#7645 = ORIENTED_EDGE ( 'NONE', *, *, #3284, .F. ) ;
#7646 = ORIENTED_EDGE ( 'NONE', *, *, #2588, .F. ) ;
#7647 = DIRECTION ( 'NONE',  ( 0.000000000000000000, 0.000000000000000000, -1.000000000000000000 ) ) ;
#7648 = CARTESIAN_POINT ( 'NONE',  ( 1.850000000000000089, 0.2999999999999999889, 2.299999999999999822 ) ) ;
#7649 = CARTESIAN_POINT ( 'NONE',  ( -0.9499999999999999556, -0.5000000000000000000, 2.100000000000000089 ) ) ;
#7650 = CARTESIAN_POINT ( 'NONE',  ( 0.5827944719353099767, 0.4636288991825043282, 0.2923723265397676352 ) ) ;
#7651 = DIRECTION ( 'NONE',  ( -1.000000000000000000, 0.000000000000000000, 0.000000000000000000 ) ) ;
#7652 = CARTESIAN_POINT ( 'NONE',  ( -0.1895068923541361749, 0.1604931076458633588, 0.2499999999999997224 ) ) ;
#7653 = VERTEX_POINT ( 'NONE', #4225 ) ;
#7654 = DIRECTION ( 'NONE',  ( 1.000000000000000000, 0.000000000000000000, 0.000000000000000000 ) ) ;
#7655 = VECTOR ( 'NONE', #7041, 1000.000000000000000 ) ;
#7656 = CARTESIAN_POINT ( 'NONE',  ( 0.000000000000000000, 0.4500000000000000111, 2.299999999999999822 ) ) ;
#7657 = EDGE_CURVE ( 'NONE', #7487, #6367, #3049, .T. ) ;
#7658 = ORIENTED_EDGE ( 'NONE', *, *, #3351, .T. ) ;
#7659 = ORIENTED_EDGE ( 'NONE', *, *, #818, .T. ) ;
#7660 = ORIENTED_EDGE ( 'NONE', *, *, #1105, .T. ) ;
#7661 = CARTESIAN_POINT ( 'NONE',  ( -2.075000000000000178, 0.000000000000000000, 2.299999999999999822 ) ) ;
#7662 = ORIENTED_EDGE ( 'NONE', *, *, #616, .F. ) ;
#7663 = CARTESIAN_POINT ( 'NONE',  ( 0.9499999999999999556, -0.5000000000000000000, 2.100000000000000089 ) ) ;
#7664 = PLANE ( 'NONE',  #317 ) ;
#7665 = EDGE_CURVE ( 'NONE', #5981, #7231, #1169, .T. ) ;
#7666 = VECTOR ( 'NONE', #1846, 1000.000000000000000 ) ;
#7667 = CARTESIAN_POINT ( 'NONE',  ( -2.100000000000000089, -0.9449999999999999512, 1.800000000000000044 ) ) ;
#7668 = CARTESIAN_POINT ( 'NONE',  ( 1.849999999994379918, 0.4500000000000000111, 2.299999999999999822 ) ) ;
#7669 = VECTOR ( 'NONE', #2973, 1000.000000000000000 ) ;
#7670 = VERTEX_POINT ( 'NONE', #1217 ) ;
#7671 = DIRECTION ( 'NONE',  ( 1.000000000000000000, 0.000000000000000000, 0.000000000000000000 ) ) ;
#7672 = DIRECTION ( 'NONE',  ( 0.000000000000000000, 0.000000000000000000, 1.000000000000000000 ) ) ;
#7673 = CARTESIAN_POINT ( 'NONE',  ( -0.5689999860042995738, 0.4787225111990433546, 0.3138054144995821582 ) ) ;
#7674 = EDGE_LOOP ( 'NONE', ( #5359, #2384, #344, #5662, #1228, #7607, #1245, #356 ) ) ;
#7675 = EDGE_CURVE ( 'NONE', #6717, #4910, #4155, .T. ) ;
#7676 = VECTOR ( 'NONE', #7700, 1000.000000000000000 ) ;
#7677 = VECTOR ( 'NONE', #5312, 1000.000000000000000 ) ;
#7678 = VECTOR ( 'NONE', #585, 1000.000000000000114 ) ;
#7679 = DIRECTION ( 'NONE',  ( 0.000000000000000000, 1.000000000000000000, 0.000000000000000000 ) ) ;
#7680 = EDGE_CURVE ( 'NONE', #434, #3238, #4733, .T. ) ;
#7681 = DIRECTION ( 'NONE',  ( 0.000000000000000000, 0.000000000000000000, -1.000000000000000000 ) ) ;
#7682 = ORIENTED_EDGE ( 'NONE', *, *, #6770, .T. ) ;
#7683 = VECTOR ( 'NONE', #2126, 1000.000000000000000 ) ;
#7684 = DIRECTION ( 'NONE',  ( 0.000000000000000000, 1.000000000000000000, 0.000000000000000000 ) ) ;
#7685 = ORIENTED_EDGE ( 'NONE', *, *, #4906, .F. ) ;
#7686 = VECTOR ( 'NONE', #365, 1000.000000000000000 ) ;
#7687 = ORIENTED_EDGE ( 'NONE', *, *, #4005, .F. ) ;
#7688 = ADVANCED_FACE ( 'NONE', ( #5978 ), #2378, .T. ) ;
#7689 = ADVANCED_FACE ( 'NONE', ( #3515 ), #5309, .T. ) ;
#7690 = VECTOR ( 'NONE', #7430, 1000.000000000000000 ) ;
#7691 = CARTESIAN_POINT ( 'NONE',  ( 1.375000000000000000, 0.5000000000000000000, 0.5000000000000000000 ) ) ;
#7692 = VECTOR ( 'NONE', #4508, 1000.000000000000000 ) ;
#7693 = EDGE_CURVE ( 'NONE', #3794, #5485, #1252, .T. ) ;
#7694 = DIRECTION ( 'NONE',  ( 0.000000000000000000, 0.000000000000000000, 1.000000000000000000 ) ) ;
#7695 = SPHERICAL_SURFACE ( 'NONE', #3670, 0.1000000000000000056 ) ;
#7696 = CARTESIAN_POINT ( 'NONE',  ( -0.8510499682816999867, -0.3755476762961000303, 3.399999999999999911 ) ) ;
#7697 = LINE ( 'NONE', #1100, #4072 ) ;
#7698 = PLANE ( 'NONE',  #5072 ) ;
#7699 = ORIENTED_EDGE ( 'NONE', *, *, #2531, .F. ) ;
#7700 = DIRECTION ( 'NONE',  ( 0.000000000000000000, -1.000000000000000000, 0.000000000000000000 ) ) ;
#7701 = CIRCLE ( 'NONE', #3680, 0.1499999999999999667 ) ;
#7702 = DIRECTION ( 'NONE',  ( -0.03489418781394516139, -0.01744177813808995420, 0.9992388003036044575 ) ) ;
#7703 = DIRECTION ( 'NONE',  ( 0.000000000000000000, 0.000000000000000000, 1.000000000000000000 ) ) ;
#7704 = VERTEX_POINT ( 'NONE', #7649 ) ;
#7705 = ORIENTED_EDGE ( 'NONE', *, *, #1046, .T. ) ;
#7706 = ORIENTED_EDGE ( 'NONE', *, *, #4160, .T. ) ;
#7707 = CARTESIAN_POINT ( 'NONE',  ( -0.6838871170368998609, 0.9009336148352999896, 0.3755056305466999977 ) ) ;
#7708 = CARTESIAN_POINT ( 'NONE',  ( 1.899999999999999911, -0.09682458365518460675, 2.100000000000000089 ) ) ;
#7709 = DIRECTION ( 'NONE',  ( 0.000000000000000000, 1.000000000000000000, 0.000000000000000000 ) ) ;
#7710 = CARTESIAN_POINT ( 'NONE',  ( 0.000000000000000000, -0.5000000000000000000, 2.299999999999999822 ) ) ;
#7711 = CARTESIAN_POINT ( 'NONE',  ( -0.6500000000000000222, -0.3499999999999999778, 0.000000000000000000 ) ) ;
#7712 = ORIENTED_EDGE ( 'NONE', *, *, #1630, .T. ) ;
#7713 = ORIENTED_EDGE ( 'NONE', *, *, #7367, .T. ) ;
#7714 = CARTESIAN_POINT ( 'NONE',  ( -2.250000000000000000, 0.9000000000000000222, 0.000000000000000000 ) ) ;
#7715 = DIRECTION ( 'NONE',  ( 0.000000000000000000, 1.000000000000000000, 0.000000000000000000 ) ) ;
#7716 = CARTESIAN_POINT ( 'NONE',  ( -0.6031414644350414633, 0.4410628424224077859, 0.2736226604981513155 ) ) ;
ENDSEC;
END-ISO-10303-21;
