#VRML V2.0 utf8
# 3D model generated by easyeda2kicad.py (https://github.com/uPesy/easyeda2kicad.py)

Shape{
    appearance Appearance {
        material  Material 	{
            diffuseColor 0.0 0.0 0.0
            specularColor 0.0 0.0 0.0
            ambientIntensity 0.0
            transparency 0.0
            shininess 0.5
        }
    }
    geometry IndexedFaceSet {
        ccw TRUE
        solid FALSE
        coord DEF co Coordinate {
            point [
                0.056 -0.2614 0.3285, 0.056 -0.2614 0.3224, 0.056 -0.2575 0.3285, 0.056 -0.2575 0.3224, 0.0341 -0.2614 0.3285, 0.0341 -0.2575 0.3285, 0.0341 -0.2614 0.3465, 0.0341 -0.2575 0.3465, 0.0532 -0.2614 0.3465, 0.0532 -0.2575 0.3465, 0.0532 -0.2614 0.3526, 0.0532 -0.2575 0.3526, 0.0341 -0.2614 0.3526, 0.0341 -0.2575 0.3526, 0.0341 -0.2614 0.3697, 0.0341 -0.2575 0.3697, 0.0547 -0.2614 0.3697, 0.0547 -0.2575 0.3697, 0.0547 -0.2614 0.3758, 0.0547 -0.2575 0.3758, 0.0273 -0.2614 0.3758, 0.0273 -0.2575 0.3758, 0.0273 -0.2614 0.3224, 0.0273 -0.2575 0.3224, 0.1131 -0.2614 0.327, 0.1131 -0.2575 0.327, 0.1113 -0.2575 0.327, 0.1113 -0.2614 0.327, 0.1097 -0.2575 0.3273, 0.1097 -0.2614 0.3273, 0.108 -0.2575 0.3277, 0.108 -0.2614 0.3277, 0.1064 -0.2575 0.3282, 0.1064 -0.2614 0.3282, 0.1049 -0.2575 0.3289, 0.1049 -0.2614 0.3289, 0.1033 -0.2575 0.3298, 0.1033 -0.2614 0.3298, 0.1021 -0.2575 0.3307, 0.1021 -0.2614 0.3307, 0.1021 -0.2614 0.3237, 0.1021 -0.2575 0.3237, 0.1037 -0.2575 0.323, 0.1037 -0.2614 0.323, 0.1054 -0.2575 0.3225, 0.1054 -0.2614 0.3225, 0.1072 -0.2575 0.322, 0.1072 -0.2614 0.322, 0.1091 -0.2575 0.3217, 0.1091 -0.2614 0.3217, 0.1111 -0.2575 0.3215, 0.1111 -0.2614 0.3215, 0.1124 -0.2575 0.3215, 0.1124 -0.2614 0.3215, 0.1145 -0.2575 0.3216, 0.1145 -0.2614 0.3216, 0.1165 -0.2575 0.3218, 0.1165 -0.2614 0.3218, 0.1183 -0.2575 0.3222, 0.1183 -0.2614 0.3222, 0.12 -0.2575 0.3227, 0.12 -0.2614 0.3227, 0.1214 -0.2575 0.3233, 0.1214 -0.2614 0.3233, 0.1228 -0.2575 0.3241, 0.1228 -0.2614 0.3241, 0.1235 -0.2575 0.3245, 0.1235 -0.2614 0.3245, 0.1246 -0.2575 0.3254, 0.1246 -0.2614 0.3254, 0.1255 -0.2575 0.3263, 0.1255 -0.2614 0.3263, 0.1263 -0.2575 0.3273, 0.1263 -0.2614 0.3273, 0.1268 -0.2575 0.3283, 0.1268 -0.2614 0.3283, 0.1273 -0.2575 0.3294, 0.1273 -0.2614 0.3294, 0.1276 -0.2575 0.3306, 0.1276 -0.2614 0.3306, 0.1278 -0.2575 0.3319, 0.1278 -0.2614 0.3319, 0.1278 -0.2575 0.3328, 0.1278 -0.2614 0.3328, 0.1277 -0.2575 0.3341, 0.1277 -0.2614 0.3341, 0.1275 -0.2575 0.3354, 0.1275 -0.2614 0.3354, 0.1271 -0.2575 0.3366, 0.1271 -0.2614 0.3366, 0.1266 -0.2575 0.3376, 0.1266 -0.2614 0.3376, 0.126 -0.2575 0.3386, 0.126 -0.2614 0.3386, 0.1256 -0.2575 0.3391, 0.1256 -0.2614 0.3391, 0.1247 -0.2575 0.3399, 0.1247 -0.2614 0.3399, 0.1237 -0.2575 0.3407, 0.1237 -0.2614 0.3407, 0.1223 -0.2575 0.3416, 0.1223 -0.2614 0.3416, 0.1205 -0.2575 0.3425, 0.1205 -0.2614 0.3425, 0.1184 -0.2575 0.3435, 0.1184 -0.2614 0.3435, 0.1169 -0.2575 0.344, 0.1169 -0.2614 0.344, 0.114 -0.2575 0.3452, 0.114 -0.2614 0.3452, 0.1122 -0.2575 0.3461, 0.1122 -0.2614 0.3461, 0.1111 -0.2575 0.3468, 0.1111 -0.2614 0.3468, 0.1104 -0.2575 0.3473, 0.1104 -0.2614 0.3473, 0.1099 -0.2575 0.3479, 0.1099 -0.2614 0.3479, 0.1095 -0.2575 0.3486, 0.1095 -0.2614 0.3486, 0.1092 -0.2575 0.3493, 0.1092 -0.2614 0.3493, 0.109 -0.2575 0.3502, 0.109 -0.2614 0.3502, 0.109 -0.2575 0.3508, 0.109 -0.2614 0.3508, 0.1091 -0.2575 0.3517, 0.1091 -0.2614 0.3517, 0.1093 -0.2575 0.3525, 0.1093 -0.2614 0.3525, 0.1097 -0.2575 0.3532, 0.1097 -0.2614 0.3532, 0.1102 -0.2575 0.3539, 0.1102 -0.2614 0.3539, 0.1109 -0.2575 0.3544, 0.1109 -0.2614 0.3544, 0.111 -0.2575 0.3546, 0.111 -0.2614 0.3546, 0.1119 -0.2575 0.3551, 0.1119 -0.2614 0.3551, 0.1129 -0.2575 0.3555, 0.1129 -0.2614 0.3555, 0.114 -0.2575 0.3558, 0.114 -0.2614 0.3558, 0.1153 -0.2575 0.3559, 0.1153 -0.2614 0.3559, 0.1163 -0.2575 0.356, 0.1163 -0.2614 0.356, 0.1181 -0.2575 0.3559, 0.1181 -0.2614 0.3559, 0.1198 -0.2575 0.3557, 0.1198 -0.2614 0.3557, 0.1214 -0.2575 0.3553, 0.1214 -0.2614 0.3553, 0.123 -0.2575 0.3547, 0.123 -0.2614 0.3547, 0.1245 -0.2575 0.3541, 0.1245 -0.2614 0.3541, 0.126 -0.2575 0.3532, 0.126 -0.2614 0.3532, 0.126 -0.2614 0.3597, 0.126 -0.2575 0.3597, 0.1242 -0.2575 0.3603, 0.1242 -0.2614 0.3603, 0.1225 -0.2575 0.3608, 0.1225 -0.2614 0.3608, 0.1206 -0.2575 0.3612, 0.1206 -0.2614 0.3612, 0.1186 -0.2575 0.3614, 0.1186 -0.2614 0.3614, 0.1169 -0.2575 0.3614, 0.1169 -0.2614 0.3614, 0.115 -0.2575 0.3613, 0.115 -0.2614 0.3613, 0.1131 -0.2575 0.3611, 0.1131 -0.2614 0.3611, 0.1114 -0.2575 0.3607, 0.1114 -0.2614 0.3607, 0.1098 -0.2575 0.3602, 0.1098 -0.2614 0.3602, 0.1083 -0.2575 0.3596, 0.1083 -0.2614 0.3596, 0.107 -0.2575 0.3588, 0.107 -0.2614 0.3588, 0.1064 -0.2575 0.3584, 0.1064 -0.2614 0.3584, 0.1053 -0.2575 0.3575, 0.1053 -0.2614 0.3575, 0.1043 -0.2575 0.3565, 0.1043 -0.2614 0.3565, 0.1036 -0.2575 0.3555, 0.1036 -0.2614 0.3555, 0.103 -0.2575 0.3545, 0.103 -0.2614 0.3545, 0.1026 -0.2575 0.3534, 0.1026 -0.2614 0.3534, 0.1023 -0.2575 0.3522, 0.1023 -0.2614 0.3522, 0.1021 -0.2575 0.3509, 0.1021 -0.2614 0.3509, 0.1021 -0.2575 0.3502, 0.1021 -0.2614 0.3502, 0.1022 -0.2575 0.3489, 0.1022 -0.2614 0.3489, 0.1024 -0.2575 0.3476, 0.1024 -0.2614 0.3476, 0.1028 -0.2575 0.3464, 0.1028 -0.2614 0.3464, 0.1033 -0.2575 0.3453, 0.1033 -0.2614 0.3453, 0.1039 -0.2575 0.3443, 0.1039 -0.2614 0.3443, 0.104 -0.2575 0.3442, 0.104 -0.2614 0.3442, 0.1047 -0.2575 0.3434, 0.1047 -0.2614 0.3434, 0.1056 -0.2575 0.3427, 0.1056 -0.2614 0.3427, 0.1068 -0.2575 0.3418, 0.1068 -0.2614 0.3418, 0.1084 -0.2575 0.3409, 0.1084 -0.2614 0.3409, 0.1104 -0.2575 0.34, 0.1104 -0.2614 0.34, 0.1122 -0.2575 0.3392, 0.1122 -0.2614 0.3392, 0.1152 -0.2575 0.338, 0.1152 -0.2614 0.338, 0.1171 -0.2575 0.3371, 0.1171 -0.2614 0.3371, 0.1184 -0.2575 0.3363, 0.1184 -0.2614 0.3363, 0.1192 -0.2575 0.3358, 0.1192 -0.2614 0.3358, 0.1199 -0.2575 0.3351, 0.1199 -0.2614 0.3351, 0.1204 -0.2575 0.3344, 0.1204 -0.2614 0.3344, 0.1207 -0.2575 0.3336, 0.1207 -0.2614 0.3336, 0.1209 -0.2575 0.3328, 0.1209 -0.2614 0.3328, 0.1209 -0.2575 0.3321, 0.1209 -0.2614 0.3321, 0.1209 -0.2575 0.3312, 0.1209 -0.2614 0.3312, 0.1206 -0.2575 0.3303, 0.1206 -0.2614 0.3303, 0.1203 -0.2575 0.3296, 0.1203 -0.2614 0.3296, 0.1198 -0.2575 0.3289, 0.1198 -0.2614 0.3289, 0.1192 -0.2575 0.3284, 0.1192 -0.2614 0.3284, 0.1184 -0.2575 0.3279, 0.1184 -0.2614 0.3279, 0.1174 -0.2575 0.3275, 0.1174 -0.2614 0.3275, 0.1163 -0.2575 0.3272, 0.1163 -0.2614 0.3272, 0.1149 -0.2575 0.327, 0.1149 -0.2614 0.327, 0.1609 -0.2614 0.3605, 0.1679 -0.2614 0.3605, 0.1609 -0.2575 0.3605, 0.1679 -0.2575 0.3605, 0.1505 -0.2614 0.3318, 0.1505 -0.2575 0.3318, 0.15 -0.2575 0.33, 0.15 -0.2614 0.33, 0.1497 -0.2575 0.3287, 0.1497 -0.2614 0.3287, 0.1495 -0.2614 0.3287, 0.1495 -0.2575 0.3287, 0.1487 -0.2614 0.3319, 0.1487 -0.2575 0.3319, 0.1388 -0.2614 0.3605, 0.1388 -0.2575 0.3605, 0.1313 -0.2614 0.3605, 0.1313 -0.2575 0.3605, 0.1462 -0.2614 0.3225, 0.1462 -0.2575 0.3225, 0.1433 -0.2614 0.3156, 0.1433 -0.2575 0.3156, 0.1425 -0.2575 0.314, 0.1425 -0.2614 0.314, 0.1417 -0.2575 0.3128, 0.1417 -0.2614 0.3128, 0.1408 -0.2575 0.3118, 0.1408 -0.2614 0.3118, 0.1398 -0.2575 0.3111, 0.1398 -0.2614 0.3111, 0.1387 -0.2575 0.3106, 0.1387 -0.2614 0.3106, 0.1376 -0.2575 0.3103, 0.1376 -0.2614 0.3103, 0.1365 -0.2575 0.3102, 0.1365 -0.2614 0.3102, 0.135 -0.2575 0.3103, 0.135 -0.2614 0.3103, 0.1335 -0.2575 0.3106, 0.1335 -0.2614 0.3106, 0.1327 -0.2575 0.3109, 0.1327 -0.2614 0.3109, 0.1327 -0.2614 0.305, 0.1327 -0.2575 0.305, 0.1342 -0.2575 0.3046, 0.1342 -0.2614 0.3046, 0.1361 -0.2575 0.3045, 0.1361 -0.2614 0.3045, 0.137 -0.2575 0.3045, 0.137 -0.2614 0.3045, 0.1386 -0.2575 0.3046, 0.1386 -0.2614 0.3046, 0.1402 -0.2575 0.3049, 0.1402 -0.2614 0.3049, 0.1416 -0.2575 0.3054, 0.1416 -0.2614 0.3054, 0.143 -0.2575 0.3062, 0.143 -0.2614 0.3062, 0.1444 -0.2575 0.3072, 0.1444 -0.2614 0.3072, 0.1457 -0.2575 0.3084, 0.1457 -0.2614 0.3084, 0.1469 -0.2575 0.3099, 0.1469 -0.2614 0.3099, 0.1481 -0.2575 0.3117, 0.1481 -0.2614 0.3117, 0.1493 -0.2575 0.3138, 0.1493 -0.2614 0.3138, 0.1504 -0.2575 0.3163, 0.1504 -0.2614 0.3163, 0.1506 -0.2575 0.3167, 0.1506 -0.2614 0.3167
            ]
        }
        coordIndex [
            0,1,2,-1,2,1,3,-1,4,0,5,-1,5,0,2,-1,6,4,7,-1,7,4,5,-1,8,6,9,-1,9,6,7,-1,10,8,11,-1,11,8,9,-1,12,10,13,-1,13,10,11,-1,14,12,15,-1,15,12,13,-1,16,14,17,-1,17,14,15,-1,18,16,19,-1,19,16,17,-1,20,18,21,-1,21,18,19,-1,22,20,23,-1,23,20,21,-1,1,22,3,-1,3,22,23,-1,22,1,0,-1,0,4,22,-1,22,4,6,-1,22,6,20,-1,16,18,14,-1,14,18,20,-1,14,20,12,-1,12,20,6,-1,12,6,10,-1,10,6,8,-1,21,19,17,-1,17,15,21,-1,21,15,13,-1,21,13,23,-1,2,3,5,-1,5,3,23,-1,5,23,7,-1,7,23,13,-1,7,13,9,-1,9,13,11,-1,24,25,26,-1,24,26,27,-1,27,26,28,-1,27,28,29,-1,29,28,30,-1,29,30,31,-1,31,30,32,-1,31,32,33,-1,33,32,34,-1,33,34,35,-1,35,34,36,-1,35,36,37,-1,37,36,38,-1,37,38,39,-1,40,39,41,-1,41,39,38,-1,40,41,42,-1,40,42,43,-1,43,42,44,-1,43,44,45,-1,45,44,46,-1,45,46,47,-1,47,46,48,-1,47,48,49,-1,49,48,50,-1,49,50,51,-1,51,50,52,-1,51,52,53,-1,53,52,54,-1,53,54,55,-1,55,54,56,-1,55,56,57,-1,57,56,58,-1,57,58,59,-1,59,58,60,-1,59,60,61,-1,61,60,62,-1,61,62,63,-1,63,62,64,-1,63,64,65,-1,65,64,66,-1,65,66,67,-1,67,66,68,-1,67,68,69,-1,69,68,70,-1,69,70,71,-1,71,70,72,-1,71,72,73,-1,73,72,74,-1,73,74,75,-1,75,74,76,-1,75,76,77,-1,77,76,78,-1,77,78,79,-1,79,78,80,-1,79,80,81,-1,81,80,82,-1,81,82,83,-1,83,82,84,-1,83,84,85,-1,85,84,86,-1,85,86,87,-1,87,86,88,-1,87,88,89,-1,89,88,90,-1,89,90,91,-1,91,90,92,-1,91,92,93,-1,93,92,94,-1,93,94,95,-1,95,94,96,-1,95,96,97,-1,97,96,98,-1,97,98,99,-1,99,98,100,-1,99,100,101,-1,101,100,102,-1,101,102,103,-1,103,102,104,-1,103,104,105,-1,105,104,106,-1,105,106,107,-1,107,106,108,-1,107,108,109,-1,109,108,110,-1,109,110,111,-1,111,110,112,-1,111,112,113,-1,113,112,114,-1,113,114,115,-1,115,114,116,-1,115,116,117,-1,117,116,118,-1,117,118,119,-1,119,118,120,-1,119,120,121,-1,121,120,122,-1,121,122,123,-1,123,122,124,-1,123,124,125,-1,125,124,126,-1,125,126,127,-1,127,126,128,-1,127,128,129,-1,129,128,130,-1,129,130,131,-1,131,130,132,-1,131,132,133,-1,133,132,134,-1,133,134,135,-1,135,134,136,-1,135,136,137,-1,137,136,138,-1,137,138,139,-1,139,138,140,-1,139,140,141,-1,141,140,142,-1,141,142,143,-1,143,142,144,-1,143,144,145,-1,145,144,146,-1,145,146,147,-1,147,146,148,-1,147,148,149,-1,149,148,150,-1,149,150,151,-1,151,150,152,-1,151,152,153,-1,153,152,154,-1,153,154,155,-1,155,154,156,-1,155,156,157,-1,157,156,158,-1,157,158,159,-1,160,159,161,-1,161,159,158,-1,160,161,162,-1,160,162,163,-1,163,162,164,-1,163,164,165,-1,165,164,166,-1,165,166,167,-1,167,166,168,-1,167,168,169,-1,169,168,170,-1,169,170,171,-1,171,170,172,-1,171,172,173,-1,173,172,174,-1,173,174,175,-1,175,174,176,-1,175,176,177,-1,177,176,178,-1,177,178,179,-1,179,178,180,-1,179,180,181,-1,181,180,182,-1,181,182,183,-1,183,182,184,-1,183,184,185,-1,185,184,186,-1,185,186,187,-1,187,186,188,-1,187,188,189,-1,189,188,190,-1,189,190,191,-1,191,190,192,-1,191,192,193,-1,193,192,194,-1,193,194,195,-1,195,194,196,-1,195,196,197,-1,197,196,198,-1,197,198,199,-1,199,198,200,-1,199,200,201,-1,201,200,202,-1,201,202,203,-1,203,202,204,-1,203,204,205,-1,205,204,206,-1,205,206,207,-1,207,206,208,-1,207,208,209,-1,209,208,210,-1,209,210,211,-1,211,210,212,-1,211,212,213,-1,213,212,214,-1,213,214,215,-1,215,214,216,-1,215,216,217,-1,217,216,218,-1,217,218,219,-1,219,218,220,-1,219,220,221,-1,221,220,222,-1,221,222,223,-1,223,222,224,-1,223,224,225,-1,225,224,226,-1,225,226,227,-1,227,226,228,-1,227,228,229,-1,229,228,230,-1,229,230,231,-1,231,230,232,-1,231,232,233,-1,233,232,234,-1,233,234,235,-1,235,234,236,-1,235,236,237,-1,237,236,238,-1,237,238,239,-1,239,238,240,-1,239,240,241,-1,241,240,242,-1,241,242,243,-1,243,242,244,-1,243,244,245,-1,245,244,246,-1,245,246,247,-1,247,246,248,-1,247,248,249,-1,249,248,250,-1,249,250,251,-1,251,250,252,-1,251,252,253,-1,253,252,254,-1,253,254,255,-1,255,254,256,-1,255,256,257,-1,257,256,258,-1,257,258,259,-1,259,258,260,-1,259,260,261,-1,261,260,25,-1,261,25,24,-1,37,39,40,-1,157,159,160,-1,67,69,251,-1,251,69,249,-1,131,191,129,-1,129,191,193,-1,129,193,127,-1,69,71,249,-1,249,71,73,-1,249,73,247,-1,133,187,131,-1,131,187,189,-1,131,189,191,-1,67,251,65,-1,65,251,253,-1,65,253,63,-1,63,253,255,-1,63,255,61,-1,61,255,257,-1,61,257,59,-1,209,119,207,-1,207,119,121,-1,91,237,89,-1,89,237,239,-1,193,195,127,-1,127,195,197,-1,127,197,125,-1,197,199,125,-1,125,199,201,-1,125,201,123,-1,123,201,203,-1,123,203,121,-1,121,203,205,-1,121,205,207,-1,209,211,119,-1,119,211,213,-1,119,213,117,-1,117,213,215,-1,117,215,115,-1,115,215,217,-1,115,217,113,-1,113,217,219,-1,113,219,111,-1,243,83,241,-1,241,83,85,-1,241,85,239,-1,239,85,87,-1,239,87,89,-1,73,75,247,-1,247,75,77,-1,247,77,245,-1,245,77,79,-1,245,79,243,-1,243,79,81,-1,243,81,83,-1,91,93,237,-1,237,93,95,-1,237,95,235,-1,235,95,97,-1,235,97,233,-1,233,97,99,-1,233,99,231,-1,231,99,101,-1,231,101,229,-1,59,257,57,-1,57,257,259,-1,57,259,55,-1,55,259,261,-1,55,261,53,-1,53,261,24,-1,53,24,51,-1,51,24,27,-1,51,27,49,-1,49,27,29,-1,49,29,47,-1,47,29,31,-1,47,31,45,-1,45,31,33,-1,45,33,43,-1,43,33,40,-1,40,33,35,-1,40,35,37,-1,101,103,229,-1,229,103,105,-1,229,105,227,-1,227,105,107,-1,227,107,225,-1,225,107,109,-1,225,109,223,-1,223,109,111,-1,223,111,221,-1,221,111,219,-1,157,160,155,-1,155,160,163,-1,155,163,153,-1,153,163,165,-1,153,165,151,-1,151,165,167,-1,151,167,149,-1,149,167,169,-1,149,169,147,-1,147,169,171,-1,147,171,145,-1,145,171,173,-1,145,173,143,-1,143,173,175,-1,143,175,141,-1,141,175,177,-1,141,177,139,-1,139,177,179,-1,139,179,137,-1,137,179,181,-1,137,181,135,-1,135,181,183,-1,135,183,133,-1,133,183,185,-1,133,185,187,-1,248,68,250,-1,250,68,66,-1,250,66,252,-1,252,66,64,-1,252,64,254,-1,130,128,190,-1,210,118,212,-1,212,118,116,-1,246,72,248,-1,248,72,70,-1,248,70,68,-1,240,238,86,-1,86,238,88,-1,88,238,236,-1,88,236,90,-1,210,208,118,-1,118,208,206,-1,118,206,120,-1,120,206,204,-1,120,204,122,-1,234,94,236,-1,236,94,92,-1,236,92,90,-1,124,196,126,-1,126,196,194,-1,126,194,128,-1,128,194,192,-1,128,192,190,-1,244,76,246,-1,246,76,74,-1,246,74,72,-1,204,202,122,-1,122,202,200,-1,122,200,124,-1,124,200,198,-1,124,198,196,-1,64,62,254,-1,254,62,60,-1,254,60,256,-1,256,60,58,-1,256,58,258,-1,258,58,56,-1,258,56,260,-1,260,56,54,-1,260,54,25,-1,25,54,52,-1,25,52,26,-1,26,52,50,-1,26,50,28,-1,28,50,48,-1,28,48,30,-1,86,84,240,-1,240,84,82,-1,240,82,242,-1,242,82,80,-1,242,80,244,-1,244,80,78,-1,244,78,76,-1,48,46,30,-1,30,46,44,-1,30,44,32,-1,32,44,42,-1,32,42,34,-1,34,42,41,-1,34,41,36,-1,36,41,38,-1,226,224,108,-1,108,224,222,-1,108,222,110,-1,110,222,220,-1,110,220,112,-1,112,220,218,-1,112,218,114,-1,114,218,216,-1,114,216,116,-1,116,216,214,-1,116,214,212,-1,190,188,130,-1,130,188,186,-1,130,186,132,-1,132,186,184,-1,132,184,134,-1,134,184,182,-1,134,182,136,-1,136,182,180,-1,136,180,138,-1,138,180,178,-1,138,178,140,-1,140,178,176,-1,140,176,142,-1,142,176,174,-1,142,174,144,-1,144,174,172,-1,144,172,146,-1,146,172,170,-1,146,170,148,-1,148,170,168,-1,148,168,150,-1,150,168,166,-1,150,166,152,-1,152,166,164,-1,152,164,154,-1,154,164,162,-1,154,162,156,-1,156,162,161,-1,156,161,158,-1,108,106,226,-1,226,106,104,-1,226,104,228,-1,228,104,102,-1,228,102,230,-1,230,102,100,-1,230,100,232,-1,232,100,98,-1,232,98,234,-1,234,98,96,-1,234,96,94,-1,262,263,264,-1,264,263,265,-1,266,262,267,-1,267,262,264,-1,266,267,268,-1,266,268,269,-1,269,268,270,-1,269,270,271,-1,272,271,273,-1,273,271,270,-1,274,272,275,-1,275,272,273,-1,276,274,277,-1,277,274,275,-1,278,276,279,-1,279,276,277,-1,280,278,281,-1,281,278,279,-1,282,280,283,-1,283,280,281,-1,282,283,284,-1,282,284,285,-1,285,284,286,-1,285,286,287,-1,287,286,288,-1,287,288,289,-1,289,288,290,-1,289,290,291,-1,291,290,292,-1,291,292,293,-1,293,292,294,-1,293,294,295,-1,295,294,296,-1,295,296,297,-1,297,296,298,-1,297,298,299,-1,299,298,300,-1,299,300,301,-1,301,300,302,-1,301,302,303,-1,304,303,305,-1,305,303,302,-1,304,305,306,-1,304,306,307,-1,307,306,308,-1,307,308,309,-1,309,308,310,-1,309,310,311,-1,311,310,312,-1,311,312,313,-1,313,312,314,-1,313,314,315,-1,315,314,316,-1,315,316,317,-1,317,316,318,-1,317,318,319,-1,319,318,320,-1,319,320,321,-1,321,320,322,-1,321,322,323,-1,323,322,324,-1,323,324,325,-1,325,324,326,-1,325,326,327,-1,327,326,328,-1,327,328,329,-1,329,328,330,-1,329,330,331,-1,331,330,332,-1,331,332,333,-1,263,333,265,-1,265,333,332,-1,269,271,333,-1,263,262,333,-1,333,262,266,-1,333,266,269,-1,276,278,274,-1,274,278,280,-1,274,280,272,-1,287,289,321,-1,321,289,319,-1,319,289,291,-1,319,291,317,-1,317,291,293,-1,317,293,315,-1,315,293,313,-1,313,293,295,-1,313,295,311,-1,311,295,297,-1,311,297,309,-1,321,323,287,-1,287,323,325,-1,287,325,285,-1,285,325,327,-1,285,327,282,-1,309,297,307,-1,307,297,299,-1,307,299,304,-1,304,299,301,-1,304,301,303,-1,327,329,282,-1,282,329,331,-1,282,331,280,-1,280,331,333,-1,280,333,272,-1,272,333,271,-1,294,292,314,-1,281,279,277,-1,264,265,267,-1,267,265,332,-1,314,292,316,-1,316,292,290,-1,316,290,318,-1,314,312,294,-1,294,312,310,-1,294,310,296,-1,296,310,308,-1,296,308,298,-1,298,308,306,-1,298,306,300,-1,300,306,305,-1,300,305,302,-1,318,290,320,-1,320,290,288,-1,320,288,322,-1,322,288,286,-1,322,286,324,-1,324,286,284,-1,324,284,326,-1,326,284,328,-1,328,284,283,-1,328,283,330,-1,273,270,332,-1,332,270,268,-1,332,268,267,-1,277,275,281,-1,281,275,273,-1,281,273,283,-1,283,273,332,-1,283,332,330,-1,
        ]
    }
}
Shape{
    appearance Appearance {
        material  Material 	{
            diffuseColor 1.0 1.0 1.0
            specularColor 0.5019607843137255 0.5019607843137255 0.5019607843137255
            ambientIntensity 1.0
            transparency 0.0
            shininess 0.5
        }
    }
    geometry IndexedFaceSet {
        ccw TRUE
        solid FALSE
        coord DEF co Coordinate {
            point [
                -0.5906 0.5299 0.5413, -0.748 0.5299 0.5413, -0.7677 0.5299 0.7874, 0.8268 0.5299 0.2657, 0.8268 0.5299 0.0197, 0.7874 0.5299 0.2657, -0.8268 0.5299 0.0197, 0.7874 0.5299 0.5413, 0.748 0.5299 0.2657, 0.7677 0.5299 0.5413, 0.748 0.5299 0.5413, 0.7677 0.5299 0.7874, 0.5906 0.5299 0.5413, -0.7874 0.5299 0.2657, -0.7874 0.5299 0.5413, -0.7677 0.5299 0.5413, -0.374 0.5299 0.2402, 0.374 0.5299 0.2402, -0.374 0.5299 0.5669, 0.374 0.5299 0.5669, 0.5906 0.5299 0.2657, -0.748 0.5299 0.2657, -0.5906 0.5299 0.2657, -0.8268 0.5299 0.2657, -0.8268 -0.1 0.0197, -0.8268 -0.1 0.2657, 0.7677 -0.1 0.7874, 0.5118 -0.1 0.7874, -0.5118 -0.2969 0.7874, -0.1969 -0.2969 0.7874, -0.5118 -0.1 0.7874, -0.1969 -0.2575 0.7874, 0.1969 -0.2969 0.7874, 0.5118 -0.2969 0.7874, 0.1969 -0.2575 0.7874, -0.7677 -0.1 0.7874, -0.7677 -0.1 0.5413, -0.5118 -0.1 0.5413, -0.5118 -0.2575 0.2657, -0.7874 -0.2575 0.2657, -0.5118 -0.1 0.2657, -0.7874 -0.1 0.2657, -0.7874 -0.2575 0.5413, -0.5118 -0.2575 0.5413, -0.5118 -0.1 0.0197, -0.5118 -0.2969 0.0197, -0.5118 -0.2969 0.2657, -0.5807 -0.1 0.0591, -0.5807 -0.1 0.0197, -0.7382 -0.1 0.0197, -0.7382 -0.1 0.0591, 0.5118 -0.2969 0.2657, 0.5118 -0.2969 0.0197, 0.5118 -0.2575 0.2657, 0.5118 -0.1 0.0197, 0.5118 -0.1 0.2657, 0.7382 -0.1 0.0591, 0.7382 -0.1 0.0197, 0.8268 -0.1 0.0197, 0.5807 -0.1 0.0197, 0.5807 -0.1 0.0591, 0.7874 -0.1 0.2657, 0.8268 -0.1 0.2657, -0.1969 -0.2575 0.5413, -0.1969 -0.2969 0.5413, -0.5118 -0.2969 0.5413, -0.1969 -0.2575 0.2657, -0.1969 -0.2969 0.2657, 0.5807 -0.0085 0.0197, 0.7382 -0.0085 0.0197, 0.265 0.1847 0.0197, 0.2854 0.1691 0.0197, 0.3092 0.1593 0.0197, 0.3346 0.1559 0.0197, 0.1969 -0.2575 0.0197, 0.2494 0.2051 0.0197, -0.5807 -0.0085 0.0197, -0.7382 -0.0085 0.0197, 0.4297 0.2798 0.0197, 0.4199 0.3035 0.0197, 0.4042 0.3239 0.0197, 0.3839 0.3396 0.0197, -0.3346 0.3528 0.0197, -0.3601 0.3494 0.0197, -0.1969 -0.2969 0.0197, -0.1969 -0.2575 0.0197, 0.3601 0.1593 0.0197, 0.3839 0.1691 0.0197, 0.4042 0.1847 0.0197, 0.1969 -0.2969 0.0197, 0.4199 0.2051 0.0197, 0.4297 0.2289 0.0197, 0.4331 0.2543 0.0197, 0.265 0.3239 0.0197, -0.3092 0.1593 0.0197, 0.2854 0.3396 0.0197, -0.2854 0.1691 0.0197, 0.3092 0.3494 0.0197, -0.265 0.3239 0.0197, -0.2854 0.3396 0.0197, -0.3092 0.3494 0.0197, -0.3839 0.3396 0.0197, -0.4042 0.3239 0.0197, -0.4199 0.3035 0.0197, -0.3601 0.1593 0.0197, -0.3346 0.1559 0.0197, -0.265 0.1847 0.0197, -0.2494 0.2051 0.0197, -0.2396 0.2289 0.0197, -0.4297 0.2798 0.0197, -0.4331 0.2543 0.0197, -0.4297 0.2289 0.0197, 0.3601 0.3494 0.0197, 0.3346 0.3528 0.0197, -0.4199 0.2051 0.0197, -0.4042 0.1847 0.0197, -0.3839 0.1691 0.0197, 0.2494 0.3035 0.0197, 0.2396 0.2798 0.0197, 0.2362 0.2543 0.0197, -0.2362 0.2543 0.0197, -0.2396 0.2798 0.0197, -0.2494 0.3035 0.0197, 0.2396 0.2289 0.0197, -0.5906 0.6087 0.2657, -0.5906 0.6087 0.5413, -0.748 0.6087 0.2657, -0.748 0.6087 0.5413, 0.748 0.6087 0.2657, 0.748 0.6087 0.5413, 0.5906 0.6087 0.2657, 0.5906 0.6087 0.5413, 0.561 0.6087 0.561, 0.561 0.6087 0.2461, 0.7579 0.6087 0.2461, 0.7579 0.6087 0.561, 0.561 0.6874 0.561, 0.561 0.6874 0.2461, 0.7579 0.6874 0.561, 0.7579 0.6874 0.2461, -0.7579 0.6874 0.561, -0.7579 0.6874 0.2461, -0.7579 0.6087 0.561, -0.7579 0.6087 0.2461, -0.561 0.6874 0.561, -0.561 0.6087 0.561, -0.561 0.6874 0.2461, -0.561 0.6087 0.2461, 0.3582 0.3499 -0.1496, 0.3804 0.3415 -0.1496, 0.36 0.3492 -0.1496, 0.3999 0.328 -0.1496, 0.3836 0.3392 -0.1496, 0.4156 0.3102 -0.1496, 0.4038 0.3236 -0.1496, 0.4267 0.2892 -0.1496, 0.4193 0.3032 -0.1496, 0.4324 0.2662 -0.1496, 0.429 0.2796 -0.1496, 0.4324 0.2425 -0.1496, 0.4324 0.2543 -0.1496, 0.4267 0.2194 -0.1496, 0.429 0.229 -0.1496, 0.4156 0.1984 -0.1496, 0.4193 0.2054 -0.1496, 0.3999 0.1807 -0.1496, 0.4038 0.1851 -0.1496, 0.3804 0.1672 -0.1496, 0.3836 0.1694 -0.1496, 0.3582 0.1588 -0.1496, 0.36 0.1595 -0.1496, 0.3111 0.1588 -0.1496, 0.3346 0.1559 -0.1496, 0.2889 0.1672 -0.1496, 0.3092 0.1595 -0.1496, 0.2694 0.1807 -0.1496, 0.2857 0.1694 -0.1496, 0.2536 0.1984 -0.1496, 0.2655 0.1851 -0.1496, 0.2426 0.2194 -0.1496, 0.25 0.2054 -0.1496, 0.2369 0.2425 -0.1496, 0.2403 0.229 -0.1496, 0.2369 0.2662 -0.1496, 0.2369 0.2543 -0.1496, 0.2426 0.2892 -0.1496, 0.2403 0.2796 -0.1496, 0.2536 0.3102 -0.1496, 0.25 0.3032 -0.1496, 0.2694 0.328 -0.1496, 0.2655 0.3236 -0.1496, 0.2889 0.3415 -0.1496, 0.2857 0.3392 -0.1496, 0.3346 0.3528 -0.1496, 0.3111 0.3499 -0.1496, 0.3092 0.3492 -0.1496, 0.3346 0.1756 -0.1693, 0.3158 0.1779 -0.1693, 0.3346 0.2543 -0.1693, 0.3535 0.1779 -0.1693, 0.3994 0.2096 -0.1693, 0.3869 0.1954 -0.1693, 0.3712 0.1846 -0.1693, 0.4128 0.2638 -0.1693, 0.4128 0.2448 -0.1693, 0.4083 0.2264 -0.1693, 0.3869 0.3133 -0.1693, 0.3994 0.2991 -0.1693, 0.4083 0.2823 -0.1693, 0.3346 0.3331 -0.1693, 0.3535 0.3308 -0.1693, 0.3712 0.3241 -0.1693, 0.2824 0.3133 -0.1693, 0.2981 0.3241 -0.1693, 0.3158 0.3308 -0.1693, 0.2565 0.2638 -0.1693, 0.261 0.2823 -0.1693, 0.2698 0.2991 -0.1693, 0.2698 0.2096 -0.1693, 0.261 0.2264 -0.1693, 0.2565 0.2448 -0.1693, 0.2981 0.1846 -0.1693, 0.2824 0.1954 -0.1693, -0.3111 0.3499 -0.1496, -0.2889 0.3415 -0.1496, -0.3092 0.3492 -0.1496, -0.2694 0.328 -0.1496, -0.2857 0.3392 -0.1496, -0.2536 0.3102 -0.1496, -0.2655 0.3236 -0.1496, -0.2426 0.2892 -0.1496, -0.25 0.3032 -0.1496, -0.2369 0.2662 -0.1496, -0.2403 0.2796 -0.1496, -0.2369 0.2425 -0.1496, -0.2369 0.2543 -0.1496, -0.2426 0.2194 -0.1496, -0.2403 0.229 -0.1496, -0.2536 0.1984 -0.1496, -0.25 0.2054 -0.1496, -0.2694 0.1807 -0.1496, -0.2655 0.1851 -0.1496, -0.2889 0.1672 -0.1496, -0.2857 0.1694 -0.1496, -0.3111 0.1588 -0.1496, -0.3092 0.1595 -0.1496, -0.3582 0.1588 -0.1496, -0.3346 0.1559 -0.1496, -0.3804 0.1672 -0.1496, -0.36 0.1595 -0.1496, -0.3999 0.1807 -0.1496, -0.3836 0.1694 -0.1496, -0.4156 0.1984 -0.1496, -0.4038 0.1851 -0.1496, -0.4267 0.2194 -0.1496, -0.4193 0.2054 -0.1496, -0.4324 0.2425 -0.1496, -0.429 0.229 -0.1496, -0.4324 0.2662 -0.1496, -0.4324 0.2543 -0.1496, -0.4267 0.2892 -0.1496, -0.429 0.2796 -0.1496, -0.4156 0.3102 -0.1496, -0.4193 0.3032 -0.1496, -0.3999 0.328 -0.1496, -0.4038 0.3236 -0.1496, -0.3804 0.3415 -0.1496, -0.3836 0.3392 -0.1496, -0.3346 0.3528 -0.1496, -0.3582 0.3499 -0.1496, -0.36 0.3492 -0.1496, -0.3346 0.3331 -0.1693, -0.3158 0.3308 -0.1693, -0.3346 0.2543 -0.1693, -0.3535 0.3308 -0.1693, -0.3994 0.2991 -0.1693, -0.3869 0.3133 -0.1693, -0.3712 0.3241 -0.1693, -0.4128 0.2448 -0.1693, -0.4128 0.2638 -0.1693, -0.4083 0.2823 -0.1693, -0.3869 0.1954 -0.1693, -0.3994 0.2096 -0.1693, -0.4083 0.2264 -0.1693, -0.3346 0.1756 -0.1693, -0.3535 0.1779 -0.1693, -0.3712 0.1846 -0.1693, -0.2824 0.1954 -0.1693, -0.2981 0.1846 -0.1693, -0.3158 0.1779 -0.1693, -0.2565 0.2448 -0.1693, -0.261 0.2264 -0.1693, -0.2698 0.2096 -0.1693, -0.2698 0.2991 -0.1693, -0.261 0.2823 -0.1693, -0.2565 0.2638 -0.1693, -0.2981 0.3241 -0.1693, -0.2824 0.3133 -0.1693, -0.2698 0.3275 -0.1547, -0.2892 0.3409 -0.1547, -0.2542 0.3099 -0.1547, -0.2432 0.289 -0.1547, -0.2376 0.2661 -0.1547, -0.2376 0.2425 -0.1547, -0.2432 0.2197 -0.1547, -0.2542 0.1988 -0.1547, -0.2698 0.1812 -0.1547, -0.2892 0.1678 -0.1547, -0.3113 0.1594 -0.1547, -0.3346 0.1566 -0.1547, -0.358 0.1594 -0.1547, -0.3801 0.1678 -0.1547, -0.3995 0.1812 -0.1547, -0.4151 0.1988 -0.1547, -0.426 0.2197 -0.1547, -0.4317 0.2425 -0.1547, -0.4317 0.2661 -0.1547, -0.426 0.289 -0.1547, -0.4151 0.3099 -0.1547, -0.3995 0.3275 -0.1547, -0.3801 0.3409 -0.1547, -0.358 0.3492 -0.1547, -0.3346 0.3521 -0.1547, -0.3113 0.3492 -0.1547, -0.3576 0.3473 -0.1594, -0.3792 0.3391 -0.1594, -0.3982 0.326 -0.1594, -0.4135 0.3087 -0.1594, -0.4242 0.2883 -0.1594, -0.4297 0.2659 -0.1594, -0.4297 0.2428 -0.1594, -0.4242 0.2204 -0.1594, -0.4135 0.1999 -0.1594, -0.3982 0.1826 -0.1594, -0.3792 0.1695 -0.1594, -0.3576 0.1613 -0.1594, -0.3346 0.1585 -0.1594, -0.3117 0.1613 -0.1594, -0.2901 0.1695 -0.1594, -0.2711 0.1826 -0.1594, -0.2558 0.1999 -0.1594, -0.2451 0.2204 -0.1594, -0.2396 0.2428 -0.1594, -0.2396 0.2659 -0.1594, -0.2451 0.2883 -0.1594, -0.2558 0.3087 -0.1594, -0.2711 0.326 -0.1594, -0.2901 0.3391 -0.1594, -0.3117 0.3473 -0.1594, -0.3346 0.3501 -0.1594, -0.3568 0.3443 -0.1635, -0.3777 0.3364 -0.1635, -0.3961 0.3237 -0.1635, -0.4109 0.307 -0.1635, -0.4213 0.2872 -0.1635, -0.4266 0.2655 -0.1635, -0.4266 0.2432 -0.1635, -0.4213 0.2215 -0.1635, -0.4109 0.2017 -0.1635, -0.3961 0.185 -0.1635, -0.3777 0.1723 -0.1635, -0.3568 0.1644 -0.1635, -0.3346 0.1617 -0.1635, -0.3125 0.1644 -0.1635, -0.2916 0.1723 -0.1635, -0.2732 0.185 -0.1635, -0.2584 0.2017 -0.1635, -0.248 0.2215 -0.1635, -0.2427 0.2432 -0.1635, -0.2427 0.2655 -0.1635, -0.248 0.2872 -0.1635, -0.2584 0.307 -0.1635, -0.2732 0.3237 -0.1635, -0.2916 0.3364 -0.1635, -0.3125 0.3443 -0.1635, -0.3346 0.347 -0.1635, -0.3558 0.3403 -0.1667, -0.3758 0.3328 -0.1667, -0.3934 0.3206 -0.1667, -0.4075 0.3047 -0.1667, -0.4175 0.2857 -0.1667, -0.4226 0.265 -0.1667, -0.4226 0.2437 -0.1667, -0.4175 0.2229 -0.1667, -0.4075 0.204 -0.1667, -0.3934 0.188 -0.1667, -0.3758 0.1759 -0.1667, -0.3558 0.1683 -0.1667, -0.3346 0.1657 -0.1667, -0.3134 0.1683 -0.1667, -0.2935 0.1759 -0.1667, -0.2759 0.188 -0.1667, -0.2617 0.204 -0.1667, -0.2518 0.2229 -0.1667, -0.2467 0.2437 -0.1667, -0.2467 0.265 -0.1667, -0.2518 0.2857 -0.1667, -0.2617 0.3047 -0.1667, -0.2759 0.3206 -0.1667, -0.2935 0.3328 -0.1667, -0.3134 0.3403 -0.1667, -0.3346 0.3429 -0.1667, -0.3547 0.3357 -0.1686, -0.3736 0.3286 -0.1686, -0.3902 0.3171 -0.1686, -0.4036 0.302 -0.1686, -0.413 0.2841 -0.1686, -0.4179 0.2644 -0.1686, -0.4179 0.2442 -0.1686, -0.413 0.2246 -0.1686, -0.4036 0.2067 -0.1686, -0.3902 0.1916 -0.1686, -0.3736 0.1801 -0.1686, -0.3547 0.1729 -0.1686, -0.3346 0.1705 -0.1686, -0.3146 0.1729 -0.1686, -0.2957 0.1801 -0.1686, -0.2791 0.1916 -0.1686, -0.2657 0.2067 -0.1686, -0.2563 0.2246 -0.1686, -0.2514 0.2442 -0.1686, -0.2514 0.2644 -0.1686, -0.2563 0.2841 -0.1686, -0.2657 0.302 -0.1686, -0.2791 0.3171 -0.1686, -0.2957 0.3286 -0.1686, -0.3146 0.3357 -0.1686, -0.3346 0.3382 -0.1686, 0.2891 0.1676 -0.154, 0.2697 0.181 -0.154, 0.254 0.1987 -0.154, 0.2431 0.2196 -0.154, 0.2374 0.2425 -0.154, 0.2697 0.3276 -0.154, 0.2891 0.341 -0.154, 0.3112 0.3494 -0.154, 0.3802 0.341 -0.154, 0.3996 0.3276 -0.154, 0.4152 0.31 -0.154, 0.4262 0.2891 -0.154, 0.4152 0.1987 -0.154, 0.3996 0.181 -0.154, 0.3802 0.1676 -0.154, 0.3581 0.1592 -0.154, 0.4124 0.2249 -0.1688, 0.4172 0.2443 -0.1688, 0.4163 0.2234 -0.1673, 0.4213 0.2438 -0.1673, 0.4197 0.2221 -0.165, 0.4031 0.2071 -0.1688, 0.4065 0.2047 -0.1673, 0.4095 0.2026 -0.165, 0.4121 0.2009 -0.1619, 0.2662 0.3015 -0.1688, 0.2569 0.2838 -0.1688, 0.2628 0.3039 -0.1673, 0.253 0.2853 -0.1673, 0.2597 0.306 -0.165, 0.2495 0.2866 -0.165, 0.2572 0.3078 -0.1619, 0.3898 0.1921 -0.1688, 0.3925 0.189 -0.1673, 0.395 0.1862 -0.165, 0.3971 0.1839 -0.1619, 0.3986 0.1821 -0.1581, 0.2795 0.3165 -0.1688, 0.2768 0.3197 -0.1673, 0.2743 0.3225 -0.165, 0.2722 0.3248 -0.1619, 0.2707 0.3265 -0.1581, 0.3733 0.1807 -0.1688, 0.3752 0.177 -0.1673, 0.3769 0.1737 -0.165, 0.3784 0.171 -0.1619, 0.3795 0.1689 -0.1581, 0.296 0.3279 -0.1688, 0.2941 0.3316 -0.1673, 0.2923 0.3349 -0.165, 0.2909 0.3377 -0.1619, 0.2898 0.3398 -0.1581, 0.4304 0.2427 -0.1581, 0.4319 0.2425 -0.154, 0.4262 0.2196 -0.154, 0.2444 0.2885 -0.1581, 0.2431 0.2891 -0.154, 0.254 0.31 -0.154, 0.3346 0.1712 -0.1688, 0.3545 0.1736 -0.1688, 0.3346 0.167 -0.1673, 0.3555 0.1696 -0.1673, 0.3346 0.1633 -0.165, 0.3564 0.166 -0.165, 0.3346 0.1602 -0.1619, 0.3572 0.1629 -0.1619, 0.3346 0.1579 -0.1581, 0.3577 0.1607 -0.1581, 0.3346 0.1564 -0.154, 0.425 0.2434 -0.165, 0.4227 0.221 -0.1619, 0.414 0.1995 -0.1581, 0.4281 0.243 -0.1619, 0.4249 0.2201 -0.1581, 0.4319 0.2661 -0.154, 0.4304 0.266 -0.1581, 0.4281 0.2657 -0.1619, 0.425 0.2653 -0.165, 0.4213 0.2649 -0.1673, 0.4172 0.2643 -0.1688, 0.4249 0.2885 -0.1581, 0.4227 0.2877 -0.1619, 0.4197 0.2866 -0.165, 0.4163 0.2853 -0.1673, 0.4124 0.2838 -0.1688, 0.414 0.3091 -0.1581, 0.4121 0.3078 -0.1619, 0.4095 0.306 -0.165, 0.4065 0.3039 -0.1673, 0.4031 0.3015 -0.1688, 0.3986 0.3265 -0.1581, 0.3971 0.3248 -0.1619, 0.395 0.3225 -0.165, 0.3925 0.3197 -0.1673, 0.3898 0.3165 -0.1688, 0.3795 0.3398 -0.1581, 0.3784 0.3377 -0.1619, 0.3769 0.3349 -0.165, 0.3752 0.3316 -0.1673, 0.3733 0.3279 -0.1688, 0.3581 0.3494 -0.154, 0.3577 0.348 -0.1581, 0.3572 0.3457 -0.1619, 0.3564 0.3427 -0.165, 0.3555 0.3391 -0.1673, 0.3545 0.335 -0.1688, 0.3346 0.3375 -0.1688, 0.3346 0.3416 -0.1673, 0.3346 0.3453 -0.165, 0.3346 0.3485 -0.1619, 0.3346 0.3508 -0.1581, 0.3346 0.3523 -0.154, 0.3148 0.335 -0.1688, 0.3138 0.3391 -0.1673, 0.3129 0.3427 -0.165, 0.3121 0.3457 -0.1619, 0.3116 0.348 -0.1581, 0.2466 0.2877 -0.1619, 0.2552 0.3091 -0.1581, 0.2374 0.2661 -0.154, 0.2389 0.266 -0.1581, 0.2412 0.2657 -0.1619, 0.2443 0.2653 -0.165, 0.248 0.2649 -0.1673, 0.2521 0.2643 -0.1688, 0.2389 0.2427 -0.1581, 0.2412 0.243 -0.1619, 0.2443 0.2434 -0.165, 0.248 0.2438 -0.1673, 0.2521 0.2443 -0.1688, 0.2444 0.2201 -0.1581, 0.2466 0.221 -0.1619, 0.2495 0.2221 -0.165, 0.253 0.2234 -0.1673, 0.2569 0.2249 -0.1688, 0.2552 0.1995 -0.1581, 0.2572 0.2009 -0.1619, 0.2597 0.2026 -0.165, 0.2628 0.2047 -0.1673, 0.2662 0.2071 -0.1688, 0.2707 0.1821 -0.1581, 0.2722 0.1839 -0.1619, 0.2743 0.1862 -0.165, 0.2768 0.189 -0.1673, 0.2795 0.1921 -0.1688, 0.2898 0.1689 -0.1581, 0.2909 0.171 -0.1619, 0.2923 0.1737 -0.165, 0.2941 0.177 -0.1673, 0.296 0.1807 -0.1688, 0.3112 0.1592 -0.154, 0.3116 0.1607 -0.1581, 0.3121 0.1629 -0.1619, 0.3129 0.166 -0.165, 0.3138 0.1696 -0.1673, 0.3148 0.1736 -0.1688, 0.5118 -0.1 0.5413, 0.5118 -0.2575 0.5413, 0.5118 -0.2969 0.5413, 0.7677 -0.1 0.5413, 0.1969 -0.2575 0.5413, 0.1969 -0.2969 0.5413, 0.1969 -0.2575 0.2657, 0.1969 -0.2969 0.2657, 0.7874 -0.2575 0.2657, 0.7874 -0.2575 0.5413
            ]
        }
        coordIndex [
            0,1,2,-1,3,4,5,-1,5,4,6,-1,7,8,9,-1,9,8,10,-1,9,10,11,-1,11,10,12,-1,13,14,15,-1,16,17,6,-1,18,11,19,-1,19,11,12,-1,19,12,17,-1,17,12,20,-1,17,20,6,-1,6,20,8,-1,6,8,5,-1,5,8,7,-1,2,1,15,-1,15,1,21,-1,15,21,13,-1,2,11,0,-1,0,11,18,-1,0,18,22,-1,22,18,16,-1,22,16,21,-1,21,16,13,-1,13,16,6,-1,13,6,23,-1,6,24,23,-1,23,24,25,-1,26,11,27,-1,27,11,2,-1,28,29,30,-1,30,29,31,-1,32,33,34,-1,34,33,27,-1,34,27,31,-1,31,27,2,-1,31,2,30,-1,30,2,35,-1,36,37,35,-1,35,37,30,-1,38,39,40,-1,40,39,41,-1,15,14,36,-1,36,14,42,-1,36,42,37,-1,37,42,43,-1,40,44,38,-1,38,44,45,-1,38,45,46,-1,47,48,44,-1,24,49,25,-1,25,49,50,-1,25,50,41,-1,41,50,47,-1,41,47,40,-1,40,47,44,-1,51,52,53,-1,53,52,54,-1,53,54,55,-1,56,57,58,-1,54,59,55,-1,55,59,60,-1,55,60,61,-1,61,60,56,-1,61,56,62,-1,62,56,58,-1,63,64,43,-1,43,64,65,-1,38,46,66,-1,66,46,67,-1,68,59,54,-1,4,58,69,-1,69,58,57,-1,70,71,54,-1,54,71,72,-1,54,72,73,-1,74,75,70,-1,44,48,76,-1,49,24,77,-1,77,24,6,-1,78,79,4,-1,4,79,80,-1,4,80,81,-1,4,82,6,-1,6,82,83,-1,84,45,85,-1,85,45,44,-1,85,44,6,-1,6,44,76,-1,6,76,77,-1,73,86,54,-1,54,86,87,-1,54,87,68,-1,68,87,88,-1,68,88,69,-1,70,54,74,-1,74,54,52,-1,74,52,89,-1,88,90,69,-1,69,90,91,-1,69,91,4,-1,4,91,92,-1,4,92,78,-1,93,94,95,-1,95,94,96,-1,95,96,97,-1,98,99,4,-1,4,99,100,-1,4,100,82,-1,83,101,6,-1,6,101,102,-1,6,102,103,-1,85,104,105,-1,96,106,97,-1,97,106,107,-1,97,107,108,-1,103,109,6,-1,6,109,110,-1,6,110,111,-1,81,112,4,-1,4,112,113,-1,4,113,97,-1,111,114,6,-1,6,114,115,-1,6,115,85,-1,85,115,116,-1,85,116,104,-1,93,117,94,-1,94,117,118,-1,94,118,119,-1,108,120,97,-1,97,120,121,-1,97,121,4,-1,4,121,122,-1,4,122,98,-1,105,94,85,-1,85,94,119,-1,85,119,74,-1,74,119,123,-1,74,123,75,-1,62,58,3,-1,3,58,4,-1,124,125,22,-1,22,125,0,-1,126,124,21,-1,21,124,22,-1,127,126,1,-1,1,126,21,-1,125,127,0,-1,0,127,1,-1,128,129,8,-1,8,129,10,-1,130,128,20,-1,20,128,8,-1,131,130,12,-1,12,130,20,-1,129,131,10,-1,10,131,12,-1,131,132,130,-1,130,132,133,-1,130,133,128,-1,128,133,134,-1,128,134,129,-1,129,134,135,-1,129,135,131,-1,131,135,132,-1,136,137,132,-1,132,137,133,-1,138,136,135,-1,135,136,132,-1,139,138,134,-1,134,138,135,-1,137,139,133,-1,133,139,134,-1,138,139,136,-1,136,139,137,-1,140,141,142,-1,142,141,143,-1,144,140,145,-1,145,140,142,-1,146,144,147,-1,147,144,145,-1,141,146,143,-1,143,146,147,-1,144,146,140,-1,140,146,141,-1,127,142,126,-1,126,142,143,-1,126,143,124,-1,124,143,147,-1,124,147,125,-1,125,147,145,-1,125,145,127,-1,127,145,142,-1,113,112,148,-1,81,149,112,-1,112,149,150,-1,112,150,148,-1,80,151,81,-1,81,151,152,-1,81,152,149,-1,79,153,80,-1,80,153,154,-1,80,154,151,-1,78,155,79,-1,79,155,156,-1,79,156,153,-1,92,157,78,-1,78,157,158,-1,78,158,155,-1,91,159,92,-1,92,159,160,-1,92,160,157,-1,90,161,91,-1,91,161,162,-1,91,162,159,-1,88,163,90,-1,90,163,164,-1,90,164,161,-1,87,165,88,-1,88,165,166,-1,88,166,163,-1,86,167,87,-1,87,167,168,-1,87,168,165,-1,73,169,86,-1,86,169,170,-1,86,170,167,-1,72,171,73,-1,73,171,172,-1,73,172,169,-1,71,173,72,-1,72,173,174,-1,72,174,171,-1,70,175,71,-1,71,175,176,-1,71,176,173,-1,75,177,70,-1,70,177,178,-1,70,178,175,-1,123,179,75,-1,75,179,180,-1,75,180,177,-1,119,181,123,-1,123,181,182,-1,123,182,179,-1,118,183,119,-1,119,183,184,-1,119,184,181,-1,117,185,118,-1,118,185,186,-1,118,186,183,-1,93,187,117,-1,117,187,188,-1,117,188,185,-1,95,189,93,-1,93,189,190,-1,93,190,187,-1,97,191,95,-1,95,191,192,-1,95,192,189,-1,148,193,113,-1,113,193,194,-1,113,194,97,-1,97,194,195,-1,97,195,191,-1,196,197,198,-1,196,198,199,-1,200,201,198,-1,198,201,202,-1,198,202,199,-1,203,204,198,-1,198,204,205,-1,198,205,200,-1,206,207,198,-1,198,207,208,-1,198,208,203,-1,209,210,198,-1,198,210,211,-1,198,211,206,-1,212,213,198,-1,198,213,214,-1,198,214,209,-1,215,216,198,-1,198,216,217,-1,198,217,212,-1,218,219,198,-1,198,219,220,-1,198,220,215,-1,197,221,198,-1,198,221,222,-1,198,222,218,-1,82,100,223,-1,99,224,100,-1,100,224,225,-1,100,225,223,-1,98,226,99,-1,99,226,227,-1,99,227,224,-1,122,228,98,-1,98,228,229,-1,98,229,226,-1,121,230,122,-1,122,230,231,-1,122,231,228,-1,120,232,121,-1,121,232,233,-1,121,233,230,-1,108,234,120,-1,120,234,235,-1,120,235,232,-1,107,236,108,-1,108,236,237,-1,108,237,234,-1,106,238,107,-1,107,238,239,-1,107,239,236,-1,96,240,106,-1,106,240,241,-1,106,241,238,-1,94,242,96,-1,96,242,243,-1,96,243,240,-1,105,244,94,-1,94,244,245,-1,94,245,242,-1,104,246,105,-1,105,246,247,-1,105,247,244,-1,116,248,104,-1,104,248,249,-1,104,249,246,-1,115,250,116,-1,116,250,251,-1,116,251,248,-1,114,252,115,-1,115,252,253,-1,115,253,250,-1,111,254,114,-1,114,254,255,-1,114,255,252,-1,110,256,111,-1,111,256,257,-1,111,257,254,-1,109,258,110,-1,110,258,259,-1,110,259,256,-1,103,260,109,-1,109,260,261,-1,109,261,258,-1,102,262,103,-1,103,262,263,-1,103,263,260,-1,101,264,102,-1,102,264,265,-1,102,265,262,-1,83,266,101,-1,101,266,267,-1,101,267,264,-1,223,268,82,-1,82,268,269,-1,82,269,83,-1,83,269,270,-1,83,270,266,-1,271,272,273,-1,271,273,274,-1,275,276,273,-1,273,276,277,-1,273,277,274,-1,278,279,273,-1,273,279,280,-1,273,280,275,-1,281,282,273,-1,273,282,283,-1,273,283,278,-1,284,285,273,-1,273,285,286,-1,273,286,281,-1,287,288,273,-1,273,288,289,-1,273,289,284,-1,290,291,273,-1,273,291,292,-1,273,292,287,-1,293,294,273,-1,273,294,295,-1,273,295,290,-1,272,296,273,-1,273,296,297,-1,273,297,293,-1,298,299,227,-1,227,226,298,-1,298,226,229,-1,298,229,300,-1,229,228,300,-1,300,228,231,-1,300,231,301,-1,231,230,301,-1,301,230,233,-1,301,233,302,-1,302,233,232,-1,302,232,303,-1,232,235,303,-1,303,235,234,-1,303,234,304,-1,234,237,304,-1,304,237,236,-1,304,236,305,-1,236,239,305,-1,305,239,238,-1,305,238,306,-1,238,241,306,-1,306,241,240,-1,306,240,307,-1,307,240,243,-1,243,242,307,-1,307,242,245,-1,307,245,308,-1,245,244,308,-1,308,244,247,-1,308,247,309,-1,309,247,246,-1,309,246,310,-1,310,246,249,-1,310,249,311,-1,249,248,311,-1,311,248,251,-1,311,251,312,-1,251,250,312,-1,312,250,253,-1,312,253,313,-1,253,252,313,-1,313,252,255,-1,313,255,314,-1,255,254,314,-1,314,254,257,-1,314,257,315,-1,315,257,256,-1,315,256,316,-1,256,259,316,-1,316,259,258,-1,316,258,317,-1,258,261,317,-1,317,261,260,-1,317,260,318,-1,260,263,318,-1,318,263,262,-1,318,262,319,-1,262,265,319,-1,319,265,264,-1,319,264,320,-1,320,264,267,-1,267,266,320,-1,320,266,270,-1,320,270,321,-1,270,269,321,-1,321,269,268,-1,321,268,322,-1,322,268,223,-1,322,223,323,-1,323,223,225,-1,323,225,299,-1,299,225,224,-1,299,224,227,-1,322,324,321,-1,321,324,325,-1,321,325,320,-1,320,325,326,-1,320,326,319,-1,319,326,327,-1,319,327,318,-1,318,327,328,-1,318,328,317,-1,317,328,329,-1,317,329,316,-1,316,329,330,-1,316,330,315,-1,315,330,331,-1,315,331,314,-1,314,331,332,-1,314,332,313,-1,313,332,333,-1,313,333,312,-1,312,333,334,-1,312,334,311,-1,311,334,335,-1,311,335,310,-1,310,335,336,-1,310,336,309,-1,309,336,337,-1,309,337,308,-1,308,337,338,-1,308,338,307,-1,307,338,339,-1,307,339,306,-1,306,339,340,-1,306,340,305,-1,305,340,341,-1,305,341,304,-1,304,341,342,-1,304,342,303,-1,303,342,343,-1,303,343,302,-1,302,343,344,-1,302,344,301,-1,301,344,345,-1,301,345,300,-1,300,345,346,-1,300,346,298,-1,298,346,347,-1,298,347,299,-1,299,347,348,-1,299,348,323,-1,323,348,349,-1,323,349,322,-1,322,349,324,-1,349,350,324,-1,324,350,351,-1,324,351,325,-1,325,351,352,-1,325,352,326,-1,326,352,353,-1,326,353,327,-1,327,353,354,-1,327,354,328,-1,328,354,355,-1,328,355,329,-1,329,355,356,-1,329,356,330,-1,330,356,357,-1,330,357,331,-1,331,357,358,-1,331,358,332,-1,332,358,359,-1,332,359,333,-1,333,359,360,-1,333,360,334,-1,334,360,361,-1,334,361,335,-1,335,361,362,-1,335,362,336,-1,336,362,363,-1,336,363,337,-1,337,363,364,-1,337,364,338,-1,338,364,365,-1,338,365,339,-1,339,365,366,-1,339,366,340,-1,340,366,367,-1,340,367,341,-1,341,367,368,-1,341,368,342,-1,342,368,369,-1,342,369,343,-1,343,369,370,-1,343,370,344,-1,344,370,371,-1,344,371,345,-1,345,371,372,-1,345,372,346,-1,346,372,373,-1,346,373,347,-1,347,373,374,-1,347,374,348,-1,348,374,375,-1,348,375,349,-1,349,375,350,-1,375,376,350,-1,350,376,377,-1,350,377,351,-1,351,377,378,-1,351,378,352,-1,352,378,379,-1,352,379,353,-1,353,379,380,-1,353,380,354,-1,354,380,381,-1,354,381,355,-1,355,381,382,-1,355,382,356,-1,356,382,383,-1,356,383,357,-1,357,383,384,-1,357,384,358,-1,358,384,385,-1,358,385,359,-1,359,385,386,-1,359,386,360,-1,360,386,387,-1,360,387,361,-1,361,387,388,-1,361,388,362,-1,362,388,389,-1,362,389,363,-1,363,389,390,-1,363,390,364,-1,364,390,391,-1,364,391,365,-1,365,391,392,-1,365,392,366,-1,366,392,393,-1,366,393,367,-1,367,393,394,-1,367,394,368,-1,368,394,395,-1,368,395,369,-1,369,395,396,-1,369,396,370,-1,370,396,397,-1,370,397,371,-1,371,397,398,-1,371,398,372,-1,372,398,399,-1,372,399,373,-1,373,399,400,-1,373,400,374,-1,374,400,401,-1,374,401,375,-1,375,401,376,-1,401,402,376,-1,376,402,403,-1,376,403,377,-1,377,403,404,-1,377,404,378,-1,378,404,405,-1,378,405,379,-1,379,405,406,-1,379,406,380,-1,380,406,407,-1,380,407,381,-1,381,407,408,-1,381,408,382,-1,382,408,409,-1,382,409,383,-1,383,409,410,-1,383,410,384,-1,384,410,411,-1,384,411,385,-1,385,411,412,-1,385,412,386,-1,386,412,413,-1,386,413,387,-1,387,413,414,-1,387,414,388,-1,388,414,415,-1,388,415,389,-1,389,415,416,-1,389,416,390,-1,390,416,417,-1,390,417,391,-1,391,417,418,-1,391,418,392,-1,392,418,419,-1,392,419,393,-1,393,419,420,-1,393,420,394,-1,394,420,421,-1,394,421,395,-1,395,421,422,-1,395,422,396,-1,396,422,423,-1,396,423,397,-1,397,423,424,-1,397,424,398,-1,398,424,425,-1,398,425,399,-1,399,425,426,-1,399,426,400,-1,400,426,427,-1,400,427,401,-1,401,427,402,-1,427,274,402,-1,402,274,277,-1,402,277,403,-1,403,277,276,-1,403,276,404,-1,404,276,275,-1,404,275,405,-1,405,275,280,-1,405,280,406,-1,406,280,279,-1,406,279,407,-1,407,279,278,-1,407,278,408,-1,408,278,283,-1,408,283,409,-1,409,283,282,-1,409,282,410,-1,410,282,281,-1,410,281,411,-1,411,281,286,-1,411,286,412,-1,412,286,285,-1,412,285,413,-1,413,285,284,-1,413,284,414,-1,414,284,289,-1,414,289,415,-1,415,289,288,-1,415,288,416,-1,416,288,287,-1,416,287,417,-1,417,287,292,-1,417,292,418,-1,418,292,291,-1,418,291,419,-1,419,291,290,-1,419,290,420,-1,420,290,295,-1,420,295,421,-1,421,295,294,-1,421,294,422,-1,422,294,293,-1,422,293,423,-1,423,293,297,-1,423,297,424,-1,424,297,296,-1,424,296,425,-1,425,296,272,-1,425,272,426,-1,426,272,271,-1,426,271,427,-1,427,271,274,-1,174,173,428,-1,176,175,429,-1,178,177,430,-1,180,179,431,-1,182,181,432,-1,190,189,433,-1,192,191,434,-1,195,194,435,-1,150,149,436,-1,152,151,437,-1,154,153,438,-1,156,155,439,-1,164,163,440,-1,166,165,441,-1,168,167,442,-1,170,169,443,-1,205,204,444,-1,444,204,445,-1,444,445,446,-1,446,445,447,-1,446,447,448,-1,200,205,449,-1,449,205,444,-1,449,444,450,-1,450,444,446,-1,450,446,451,-1,451,446,448,-1,451,448,452,-1,217,216,453,-1,453,216,454,-1,453,454,455,-1,455,454,456,-1,455,456,457,-1,457,456,458,-1,457,458,459,-1,201,200,460,-1,460,200,449,-1,460,449,461,-1,461,449,450,-1,461,450,462,-1,462,450,451,-1,462,451,463,-1,463,451,452,-1,463,452,464,-1,212,217,465,-1,465,217,453,-1,465,453,466,-1,466,453,455,-1,466,455,467,-1,467,455,457,-1,467,457,468,-1,468,457,459,-1,468,459,469,-1,202,201,470,-1,470,201,460,-1,470,460,471,-1,471,460,461,-1,471,461,472,-1,472,461,462,-1,472,462,473,-1,473,462,463,-1,473,463,474,-1,474,463,464,-1,474,464,442,-1,213,212,475,-1,475,212,465,-1,475,465,476,-1,476,465,466,-1,476,466,477,-1,477,466,467,-1,477,467,478,-1,478,467,468,-1,478,468,479,-1,479,468,469,-1,479,469,434,-1,480,481,482,-1,483,484,485,-1,196,199,486,-1,486,199,487,-1,486,487,488,-1,488,487,489,-1,488,489,490,-1,490,489,491,-1,490,491,492,-1,492,491,493,-1,492,493,494,-1,494,493,495,-1,494,495,496,-1,496,495,443,-1,496,443,172,-1,172,443,169,-1,167,170,442,-1,442,170,443,-1,442,443,474,-1,474,443,495,-1,474,495,473,-1,473,495,493,-1,473,493,472,-1,472,493,491,-1,472,491,471,-1,471,491,489,-1,471,489,470,-1,470,489,487,-1,470,487,202,-1,202,487,199,-1,447,497,448,-1,448,497,498,-1,448,498,452,-1,452,498,499,-1,452,499,464,-1,464,499,441,-1,464,441,442,-1,442,441,165,-1,442,165,168,-1,497,500,498,-1,498,500,501,-1,498,501,499,-1,499,501,440,-1,499,440,441,-1,441,440,163,-1,441,163,166,-1,500,480,501,-1,501,480,482,-1,501,482,440,-1,440,482,161,-1,440,161,164,-1,158,157,502,-1,502,157,481,-1,502,481,503,-1,503,481,480,-1,503,480,504,-1,504,480,500,-1,504,500,505,-1,505,500,497,-1,505,497,506,-1,506,497,447,-1,506,447,507,-1,507,447,445,-1,507,445,203,-1,203,445,204,-1,157,160,481,-1,481,160,159,-1,481,159,482,-1,482,159,162,-1,482,162,161,-1,155,158,439,-1,439,158,502,-1,439,502,508,-1,508,502,503,-1,508,503,509,-1,509,503,504,-1,509,504,510,-1,510,504,505,-1,510,505,511,-1,511,505,506,-1,511,506,512,-1,512,506,507,-1,512,507,208,-1,208,507,203,-1,153,156,438,-1,438,156,439,-1,438,439,513,-1,513,439,508,-1,513,508,514,-1,514,508,509,-1,514,509,515,-1,515,509,510,-1,515,510,516,-1,516,510,511,-1,516,511,517,-1,517,511,512,-1,517,512,207,-1,207,512,208,-1,151,154,437,-1,437,154,438,-1,437,438,518,-1,518,438,513,-1,518,513,519,-1,519,513,514,-1,519,514,520,-1,520,514,515,-1,520,515,521,-1,521,515,516,-1,521,516,522,-1,522,516,517,-1,522,517,206,-1,206,517,207,-1,149,152,436,-1,436,152,437,-1,436,437,523,-1,523,437,518,-1,523,518,524,-1,524,518,519,-1,524,519,525,-1,525,519,520,-1,525,520,526,-1,526,520,521,-1,526,521,527,-1,527,521,522,-1,527,522,211,-1,211,522,206,-1,148,150,528,-1,528,150,436,-1,528,436,529,-1,529,436,523,-1,529,523,530,-1,530,523,524,-1,530,524,531,-1,531,524,525,-1,531,525,532,-1,532,525,526,-1,532,526,533,-1,533,526,527,-1,533,527,210,-1,210,527,211,-1,210,209,533,-1,533,209,534,-1,533,534,532,-1,532,534,535,-1,532,535,531,-1,531,535,536,-1,531,536,530,-1,530,536,537,-1,530,537,529,-1,529,537,538,-1,529,538,528,-1,528,538,539,-1,528,539,148,-1,148,539,193,-1,209,214,534,-1,534,214,540,-1,534,540,535,-1,535,540,541,-1,535,541,536,-1,536,541,542,-1,536,542,537,-1,537,542,543,-1,537,543,538,-1,538,543,544,-1,538,544,539,-1,539,544,435,-1,539,435,193,-1,193,435,194,-1,191,195,434,-1,434,195,435,-1,434,435,479,-1,479,435,544,-1,479,544,478,-1,478,544,543,-1,478,543,477,-1,477,543,542,-1,477,542,476,-1,476,542,541,-1,476,541,475,-1,475,541,540,-1,475,540,213,-1,213,540,214,-1,458,545,459,-1,459,545,546,-1,459,546,469,-1,469,546,433,-1,469,433,434,-1,434,433,189,-1,434,189,192,-1,545,483,546,-1,546,483,485,-1,546,485,433,-1,433,485,187,-1,433,187,190,-1,184,183,547,-1,547,183,484,-1,547,484,548,-1,548,484,483,-1,548,483,549,-1,549,483,545,-1,549,545,550,-1,550,545,458,-1,550,458,551,-1,551,458,456,-1,551,456,552,-1,552,456,454,-1,552,454,215,-1,215,454,216,-1,183,186,484,-1,484,186,185,-1,484,185,485,-1,485,185,188,-1,485,188,187,-1,181,184,432,-1,432,184,547,-1,432,547,553,-1,553,547,548,-1,553,548,554,-1,554,548,549,-1,554,549,555,-1,555,549,550,-1,555,550,556,-1,556,550,551,-1,556,551,557,-1,557,551,552,-1,557,552,220,-1,220,552,215,-1,179,182,431,-1,431,182,432,-1,431,432,558,-1,558,432,553,-1,558,553,559,-1,559,553,554,-1,559,554,560,-1,560,554,555,-1,560,555,561,-1,561,555,556,-1,561,556,562,-1,562,556,557,-1,562,557,219,-1,219,557,220,-1,177,180,430,-1,430,180,431,-1,430,431,563,-1,563,431,558,-1,563,558,564,-1,564,558,559,-1,564,559,565,-1,565,559,560,-1,565,560,566,-1,566,560,561,-1,566,561,567,-1,567,561,562,-1,567,562,218,-1,218,562,219,-1,175,178,429,-1,429,178,430,-1,429,430,568,-1,568,430,563,-1,568,563,569,-1,569,563,564,-1,569,564,570,-1,570,564,565,-1,570,565,571,-1,571,565,566,-1,571,566,572,-1,572,566,567,-1,572,567,222,-1,222,567,218,-1,173,176,428,-1,428,176,429,-1,428,429,573,-1,573,429,568,-1,573,568,574,-1,574,568,569,-1,574,569,575,-1,575,569,570,-1,575,570,576,-1,576,570,571,-1,576,571,577,-1,577,571,572,-1,577,572,221,-1,221,572,222,-1,171,174,578,-1,578,174,428,-1,578,428,579,-1,579,428,573,-1,579,573,580,-1,580,573,574,-1,580,574,581,-1,581,574,575,-1,581,575,582,-1,582,575,576,-1,582,576,583,-1,583,576,577,-1,583,577,197,-1,197,577,221,-1,197,196,583,-1,583,196,486,-1,583,486,582,-1,582,486,488,-1,582,488,581,-1,581,488,490,-1,581,490,580,-1,580,490,492,-1,580,492,579,-1,579,492,494,-1,579,494,578,-1,578,494,496,-1,578,496,171,-1,171,496,172,-1,65,28,43,-1,43,28,30,-1,43,30,37,-1,584,27,585,-1,585,27,33,-1,585,33,586,-1,26,27,587,-1,587,27,584,-1,585,586,588,-1,588,586,589,-1,590,591,53,-1,53,591,51,-1,74,89,590,-1,590,89,591,-1,66,67,85,-1,85,67,84,-1,31,29,63,-1,63,29,64,-1,588,589,34,-1,34,589,32,-1,53,55,592,-1,592,55,61,-1,7,9,587,-1,584,585,587,-1,587,585,593,-1,587,593,7,-1,
        ]
    }
}
Shape{
    appearance Appearance {
        material  Material 	{
            diffuseColor 0.6470588235294118 0.6196078431372549 0.5882352941176471
            specularColor 0.45098039215686275 0.43529411764705883 0.4117647058823529
            ambientIntensity 0.6242
            transparency 0.0
            shininess 0.5
        }
    }
    geometry IndexedFaceSet {
        ccw TRUE
        solid FALSE
        coord DEF co Coordinate {
            point [
                -0.7382 -0.0085 0.0197, -0.5807 -0.0085 0.0197, -0.5807 -0.0241 0.009, -0.7382 -0.0241 0.009, -0.5807 -0.0418 0.0023, -0.7382 -0.0418 0.0023, -0.5807 -0.0606 0.0, -0.7382 -0.0606 0.0, -0.7382 -0.3362 0.0, -0.5807 -0.3362 0.0, -0.7382 -0.3362 0.0591, -0.5807 -0.3362 0.0591, -0.7382 -0.1 0.0591, -0.5807 -0.1 0.0591, -0.7382 -0.1 0.0197, -0.5807 -0.1 0.0197, 0.5807 -0.3362 0.0591, 0.7382 -0.3362 0.0591, 0.5807 -0.1 0.0591, 0.7382 -0.1 0.0591, 0.7382 -0.0606 0.0, 0.5807 -0.0606 0.0, 0.5807 -0.0418 0.0023, 0.7382 -0.0418 0.0023, 0.5807 -0.0241 0.009, 0.7382 -0.0241 0.009, 0.5807 -0.0085 0.0197, 0.7382 -0.0085 0.0197, 0.7382 -0.1 0.0197, 0.7382 -0.3362 0.0, 0.5807 -0.3362 0.0, 0.5807 -0.1 0.0197
            ]
        }
        coordIndex [
            0,1,2,-1,0,2,3,-1,3,2,4,-1,3,4,5,-1,5,4,6,-1,5,6,7,-1,8,7,9,-1,9,7,6,-1,10,8,11,-1,11,8,9,-1,12,10,13,-1,13,10,11,-1,10,12,8,-1,8,12,14,-1,8,14,7,-1,0,3,14,-1,14,3,5,-1,14,5,7,-1,13,11,15,-1,15,11,9,-1,15,9,6,-1,6,4,15,-1,15,4,2,-1,15,2,1,-1,16,17,18,-1,18,17,19,-1,20,21,22,-1,20,22,23,-1,23,22,24,-1,23,24,25,-1,25,24,26,-1,25,26,27,-1,19,17,28,-1,28,17,29,-1,28,29,20,-1,20,23,28,-1,28,23,25,-1,28,25,27,-1,16,18,30,-1,30,18,31,-1,31,26,24,-1,24,22,31,-1,31,22,21,-1,31,21,30,-1,20,29,21,-1,21,29,30,-1,29,17,30,-1,30,17,16,-1,
        ]
    }
}
Shape{
    appearance Appearance {
        material  Material 	{
            diffuseColor 1.0 1.0 1.0
            specularColor 0.5019607843137255 0.5019607843137255 0.5019607843137255
            ambientIntensity 1.0
            transparency 0.0
            shininess 0.5
        }
    }
    geometry IndexedFaceSet {
        ccw TRUE
        solid FALSE
        coord DEF co Coordinate {
            point [
                0.7874 0.5299 0.2657, 0.7874 -0.1 0.2657, 0.8268 0.5299 0.2657, 0.8268 -0.1 0.2657, 0.7677 -0.1 0.7874, 0.7677 -0.1 0.5413, 0.7677 0.5299 0.7874, 0.7677 0.5299 0.5413, 0.7874 0.5299 0.5413, 0.7874 -0.2575 0.5413, 0.7874 -0.2575 0.2657, -0.7677 -0.1 0.7874, -0.7677 0.5299 0.7874, -0.7677 -0.1 0.5413, -0.7677 0.5299 0.5413, -0.7874 -0.2575 0.2657, -0.7874 -0.2575 0.5413, -0.7874 -0.1 0.2657, -0.7874 0.5299 0.5413, -0.7874 0.5299 0.2657, -0.8268 0.5299 0.2657, -0.8268 -0.1 0.2657
            ]
        }
        coordIndex [
            0,1,2,-1,2,1,3,-1,4,5,6,-1,6,5,7,-1,0,8,1,-1,1,8,9,-1,1,9,10,-1,11,12,13,-1,13,12,14,-1,15,16,17,-1,17,16,18,-1,17,18,19,-1,20,21,19,-1,19,21,17,-1,
        ]
    }
}
Shape{
    appearance Appearance {
        material  Material 	{
            diffuseColor 0.25098039215686274 0.25098039215686274 0.25098039215686274
            specularColor 0.12549019607843137 0.12549019607843137 0.12549019607843137
            ambientIntensity 0.251
            transparency 0.0
            shininess 0.5
        }
    }
    geometry IndexedFaceSet {
        ccw TRUE
        solid FALSE
        coord DEF co Coordinate {
            point [
                -0.3647 1.0618 0.2494, -0.374 0.5299 0.2402, -0.3647 1.0618 0.5576, -0.374 0.5299 0.5669, 0.3647 1.0618 0.5576, 0.374 0.5299 0.5669, 0.3647 1.0618 0.2494, 0.374 0.5299 0.2402, 0.3451 1.0811 0.2691, -0.3451 1.0811 0.2691, 0.3451 1.0811 0.538, -0.3451 1.0811 0.538, -0.3605 1.0736 0.5535, -0.3588 1.0755 0.5518, -0.3588 1.0755 0.2553, -0.3548 1.0785 0.5477, -0.3548 1.0785 0.2594, -0.3501 1.0804 0.543, -0.3501 1.0804 0.2641, -0.3605 1.0736 0.2536, -0.362 1.0715 0.2522, -0.362 1.0715 0.5549, -0.3631 1.0692 0.251, -0.3631 1.0692 0.5561, -0.364 1.0668 0.2502, -0.364 1.0668 0.5569, -0.3645 1.0643 0.2497, -0.3645 1.0643 0.5574, 0.3501 1.0804 0.543, 0.3548 1.0785 0.5477, 0.3588 1.0755 0.5518, 0.3605 1.0736 0.5535, 0.362 1.0715 0.5549, 0.3631 1.0692 0.5561, 0.3645 1.0643 0.5574, 0.364 1.0668 0.5569, 0.3645 1.0643 0.2497, 0.364 1.0668 0.2502, 0.3631 1.0692 0.251, 0.362 1.0715 0.2522, 0.3605 1.0736 0.2536, 0.3588 1.0755 0.2553, 0.3548 1.0785 0.2594, 0.3501 1.0804 0.2641
            ]
        }
        coordIndex [
            0,1,2,-1,2,1,3,-1,2,3,4,-1,4,3,5,-1,4,5,6,-1,6,5,7,-1,6,7,0,-1,0,7,1,-1,8,9,10,-1,10,9,11,-1,12,13,14,-1,14,13,15,-1,14,15,16,-1,16,15,17,-1,16,17,18,-1,18,17,11,-1,18,11,9,-1,14,19,12,-1,12,19,20,-1,12,20,21,-1,21,20,22,-1,21,22,23,-1,23,22,24,-1,23,24,25,-1,25,24,26,-1,25,26,27,-1,27,26,0,-1,27,0,2,-1,10,11,17,-1,10,17,28,-1,28,17,15,-1,28,15,29,-1,29,15,13,-1,29,13,30,-1,30,13,31,-1,31,13,12,-1,31,12,32,-1,25,33,23,-1,23,33,32,-1,23,32,21,-1,21,32,12,-1,2,4,27,-1,27,4,34,-1,27,34,25,-1,25,34,35,-1,25,35,33,-1,6,0,36,-1,36,0,26,-1,36,26,37,-1,37,26,24,-1,37,24,38,-1,38,24,22,-1,38,22,39,-1,39,22,20,-1,39,20,40,-1,40,20,19,-1,40,19,41,-1,19,14,41,-1,41,14,16,-1,41,16,42,-1,42,16,18,-1,42,18,43,-1,43,18,9,-1,43,9,8,-1,8,10,28,-1,8,28,43,-1,43,28,29,-1,43,29,42,-1,42,29,30,-1,42,30,41,-1,41,30,40,-1,40,30,31,-1,40,31,39,-1,39,31,32,-1,39,32,38,-1,38,32,33,-1,38,33,37,-1,33,35,37,-1,37,35,34,-1,37,34,36,-1,36,34,4,-1,36,4,6,-1,
        ]
    }
}
Shape{
    appearance Appearance {
        material  Material 	{
            diffuseColor 1.0 1.0 1.0
            specularColor 0.5019607843137255 0.5019607843137255 0.5019607843137255
            ambientIntensity 1.0
            transparency 0.0
            shininess 0.5
        }
    }
    geometry IndexedFaceSet {
        ccw TRUE
        solid FALSE
        coord DEF co Coordinate {
            point [
                0.5118 -0.2969 0.7874, 0.1969 -0.2969 0.7874, 0.5118 -0.2969 0.5413, 0.1969 -0.2969 0.5413, -0.5118 -0.2969 0.5413, -0.1969 -0.2969 0.5413, -0.5118 -0.2969 0.7874, -0.1969 -0.2969 0.7874, -0.1969 -0.2969 0.0197, -0.1969 -0.2969 0.2657, -0.5118 -0.2969 0.0197, -0.5118 -0.2969 0.2657, 0.5118 -0.2969 0.2657, 0.1969 -0.2969 0.2657, 0.5118 -0.2969 0.0197, 0.1969 -0.2969 0.0197, -0.1969 -0.2575 0.0197, 0.1969 -0.2575 0.0197, -0.1969 -0.2575 0.2657, 0.1969 -0.2575 0.2657, -0.7874 -0.2575 0.5413, -0.7874 -0.2575 0.2657, -0.5118 -0.2575 0.5413, -0.5118 -0.2575 0.2657, -0.1969 -0.2575 0.5413, 0.7874 -0.2575 0.2657, 0.7874 -0.2575 0.5413, 0.5118 -0.2575 0.2657, 0.5118 -0.2575 0.5413, 0.1969 -0.2575 0.5413, 0.1969 -0.2575 0.7874, -0.1969 -0.2575 0.7874, 0.0392 -0.0606 0.6979, 0.0392 -0.0606 0.5528, 0.1548 -0.0606 0.6979, 0.1548 -0.0606 0.5528, 0.0392 -0.1394 0.6979, 0.1548 -0.1394 0.6979, 0.0392 -0.1394 0.5528, 0.1548 -0.1394 0.5528, -0.0392 -0.0606 0.5528, -0.0392 -0.0606 0.6979, -0.1548 -0.0606 0.5528, -0.1548 -0.0606 0.6979, -0.0392 -0.1394 0.5528, -0.1548 -0.1394 0.5528, -0.0392 -0.1394 0.6979, -0.1548 -0.1394 0.6979, -0.1548 -0.0606 0.1092, -0.0392 -0.0606 0.1092, -0.1548 -0.0606 0.2543, -0.0392 -0.0606 0.2543, -0.1548 -0.1394 0.1092, -0.1548 -0.1394 0.2543, -0.0392 -0.1394 0.1092, -0.0392 -0.1394 0.2543, 0.0392 -0.0606 0.2543, 0.0392 -0.0606 0.1092, 0.1548 -0.0606 0.2543, 0.1548 -0.0606 0.1092, 0.0392 -0.1394 0.2543, 0.1548 -0.1394 0.2543, 0.0392 -0.1394 0.1092, 0.1548 -0.1394 0.1092
            ]
        }
        coordIndex [
            0,1,2,-1,2,1,3,-1,4,5,6,-1,6,5,7,-1,8,9,10,-1,10,9,11,-1,12,13,14,-1,14,13,15,-1,16,17,18,-1,18,17,19,-1,20,21,22,-1,22,21,23,-1,22,23,24,-1,24,23,18,-1,25,26,27,-1,27,26,28,-1,27,28,19,-1,19,28,29,-1,19,29,18,-1,18,29,30,-1,18,30,24,-1,24,30,31,-1,32,33,34,-1,34,33,35,-1,32,34,36,-1,36,34,37,-1,33,32,38,-1,38,32,36,-1,35,33,39,-1,39,33,38,-1,34,35,37,-1,37,35,39,-1,39,38,37,-1,37,38,36,-1,40,41,42,-1,42,41,43,-1,40,42,44,-1,44,42,45,-1,41,40,46,-1,46,40,44,-1,43,41,47,-1,47,41,46,-1,42,43,45,-1,45,43,47,-1,47,46,45,-1,45,46,44,-1,48,49,50,-1,50,49,51,-1,48,50,52,-1,52,50,53,-1,49,48,54,-1,54,48,52,-1,51,49,55,-1,55,49,54,-1,50,51,53,-1,53,51,55,-1,55,54,53,-1,53,54,52,-1,56,57,58,-1,58,57,59,-1,56,58,60,-1,60,58,61,-1,57,56,62,-1,62,56,60,-1,59,57,63,-1,63,57,62,-1,58,59,61,-1,61,59,63,-1,63,62,61,-1,61,62,60,-1,
        ]
    }
}
Shape{
    appearance Appearance {
        material  Material 	{
            diffuseColor 0.0 0.0 0.0
            specularColor 0.0 0.0 0.0
            ambientIntensity 0.0
            transparency 0.0
            shininess 0.5
        }
    }
    geometry IndexedFaceSet {
        ccw TRUE
        solid FALSE
        coord DEF co Coordinate {
            point [
                -0.2028 -0.2614 0.3079, -0.1987 -0.2614 0.3044, -0.2119 -0.2614 0.3484, -0.1794 -0.2614 0.4171, -0.1766 -0.2614 0.4156, -0.1884 -0.2614 0.4433, -0.1478 -0.2614 0.3606, -0.1766 -0.2614 0.3496, -0.1741 -0.2614 0.3493, -0.1383 -0.2614 0.3351, -0.1619 -0.2614 0.3335, -0.1386 -0.2614 0.3303, -0.1627 -0.2614 0.3298, -0.1545 -0.2614 0.4438, -0.148 -0.2614 0.4473, -0.1598 -0.2614 0.4671, -0.079 -0.2614 0.4243, -0.0758 -0.2614 0.4176, -0.054 -0.2614 0.4251, -0.0737 -0.2614 0.4106, -0.0726 -0.2614 0.4046, -0.1884 -0.2614 0.3437, -0.2102 -0.2614 0.3523, -0.1903 -0.2614 0.3405, -0.1913 -0.2614 0.3369, -0.0582 -0.2614 0.3475, -0.0635 -0.2614 0.3459, -0.0579 -0.2614 0.3233, -0.2123 -0.2614 0.323, -0.21 -0.2614 0.3174, -0.2068 -0.2614 0.3124, -0.1648 -0.2614 0.3436, -0.163 -0.2614 0.3406, -0.162 -0.2614 0.3371, -0.0852 -0.2614 0.367, -0.0969 -0.2614 0.3871, -0.1383 -0.2614 0.3389, -0.1802 -0.2614 0.3491, -0.1743 -0.2614 0.3734, -0.1762 -0.2614 0.3735, -0.2077 -0.2614 0.4197, -0.2126 -0.2614 0.4421, -0.22 -0.2614 0.4396, -0.1705 -0.2614 0.3482, -0.1673 -0.2614 0.3463, -0.1644 -0.2614 0.3265, -0.1422 -0.2614 0.3184, -0.1399 -0.2614 0.3242, -0.1865 -0.2614 0.3238, -0.1835 -0.2614 0.3217, -0.1934 -0.2614 0.3012, -0.18 -0.2614 0.3203, -0.1835 -0.2614 0.3478, -0.1982 -0.2614 0.3663, -0.1865 -0.2614 0.3458, -0.2029 -0.2614 0.3624, -0.207 -0.2614 0.3576, -0.1823 -0.2614 0.373, -0.188 -0.2614 0.3715, -0.1936 -0.2614 0.3692, -0.065 -0.2614 0.3222, -0.0673 -0.2614 0.3454, -0.0874 -0.2614 0.3222, -0.0844 -0.2614 0.3454, -0.0893 -0.2614 0.3225, -0.1518 -0.2614 0.4704, -0.1411 -0.2614 0.4498, -0.1435 -0.2614 0.4728, -0.2174 -0.2614 0.3515, -0.2238 -0.2614 0.3272, -0.2166 -0.2614 0.3242, -0.2135 -0.2614 0.4174, -0.227 -0.2614 0.4363, -0.2188 -0.2614 0.4142, -0.2337 -0.2614 0.432, -0.2235 -0.2614 0.4101, -0.1521 -0.2614 0.3648, -0.157 -0.2614 0.3683, -0.1625 -0.2614 0.3709, -0.1685 -0.2614 0.3727, -0.0412 -0.2614 0.3835, -0.0211 -0.2614 0.3959, -0.0433 -0.2614 0.3886, -0.0246 -0.2614 0.4023, -0.0463 -0.2614 0.3932, -0.0289 -0.2614 0.4082, -0.05 -0.2614 0.3972, -0.034 -0.2614 0.4135, -0.0544 -0.2614 0.4004, -0.2266 -0.2614 0.36, -0.2427 -0.2614 0.3412, -0.2223 -0.2614 0.3553, -0.2369 -0.2614 0.3356, -0.2306 -0.2614 0.331, -0.2049 -0.2614 0.4436, -0.2016 -0.2614 0.421, -0.1971 -0.2614 0.4441, -0.1967 -0.2614 0.4213, -0.1928 -0.2614 0.4438, -0.1908 -0.2614 0.4208, -0.1851 -0.2614 0.4194, -0.1889 -0.2614 0.3265, -0.1905 -0.2614 0.3297, -0.1913 -0.2614 0.3332, -0.051 -0.2614 0.3254, -0.0445 -0.2614 0.3284, -0.0534 -0.2614 0.35, -0.0383 -0.2614 0.3323, -0.0491 -0.2614 0.3534, -0.0327 -0.2614 0.3371, -0.0474 -0.2614 0.3552, -0.0305 -0.2614 0.3393, -0.0442 -0.2614 0.3596, -0.1676 -0.2614 0.4627, -0.1717 -0.2614 0.46, -0.1603 -0.2614 0.4395, -0.1777 -0.2614 0.4551, -0.1656 -0.2614 0.4344, -0.1832 -0.2614 0.4496, -0.1701 -0.2614 0.4287, -0.1738 -0.2614 0.4224, -0.0574 -0.2614 0.4327, -0.0616 -0.2614 0.4399, -0.083 -0.2614 0.4305, -0.0667 -0.2614 0.4469, -0.0878 -0.2614 0.4361, -0.2341 -0.2614 0.3765, -0.2566 -0.2614 0.3672, -0.2324 -0.2614 0.3705, -0.2542 -0.2614 0.3597, -0.2298 -0.2614 0.3648, -0.2508 -0.2614 0.3526, -0.2465 -0.2614 0.3459, -0.1697 -0.2614 0.3217, -0.1537 -0.2614 0.3047, -0.1668 -0.2614 0.3237, -0.1494 -0.2614 0.3083, -0.1454 -0.2614 0.3131, -0.1876 -0.2614 0.2989, -0.1815 -0.2614 0.2975, -0.1766 -0.2614 0.3199, -0.1762 -0.2614 0.2972, -0.173 -0.2614 0.3204, -0.0405 -0.2614 0.3695, -0.0166 -0.2614 0.372, -0.04 -0.2614 0.375, -0.0165 -0.2614 0.3754, -0.0402 -0.2614 0.3781, -0.0171 -0.2614 0.3824, -0.0186 -0.2614 0.3893, -0.026 -0.2614 0.3449, -0.0223 -0.2614 0.3511, -0.0419 -0.2614 0.3644, -0.0194 -0.2614 0.3577, -0.0175 -0.2614 0.3648, -0.1702 -0.2614 0.2977, -0.1644 -0.2614 0.2991, -0.1588 -0.2614 0.3014, -0.0862 -0.2614 0.3457, -0.0955 -0.2614 0.3263, -0.0944 -0.2614 0.3251, -0.1261 -0.2614 0.4748, -0.1258 -0.2614 0.452, -0.1235 -0.2614 0.4747, -0.1185 -0.2614 0.4515, -0.2304 -0.2614 0.4007, -0.2537 -0.2614 0.4067, -0.2328 -0.2614 0.3952, -0.2563 -0.2614 0.3993, -0.2342 -0.2614 0.3894, -0.2579 -0.2614 0.3916, -0.2347 -0.2614 0.3833, -0.2586 -0.2614 0.3842, -0.2347 -0.2614 0.3822, -0.2586 -0.2614 0.3826, -0.2581 -0.2614 0.3748, -0.0696 -0.2614 0.4046, -0.0642 -0.2614 0.4041, -0.0526 -0.2614 0.4246, -0.0591 -0.2614 0.4027, -0.0462 -0.2614 0.4219, -0.0398 -0.2614 0.4182, -0.0984 -0.2614 0.334, -0.0981 -0.2614 0.3312, -0.0971 -0.2614 0.3287, -0.0851 -0.2614 0.3455, -0.0918 -0.2614 0.3234, -0.1349 -0.2614 0.4743, -0.1339 -0.2614 0.4514, -0.1269 -0.2614 0.452, -0.0895 -0.2614 0.3454, -0.0921 -0.2614 0.3444, -0.0984 -0.2614 0.3351, -0.0945 -0.2614 0.3428, -0.0963 -0.2614 0.3407, -0.0977 -0.2614 0.338, -0.2394 -0.2614 0.4271, -0.2408 -0.2614 0.4258, -0.2272 -0.2614 0.4059, -0.2459 -0.2614 0.42, -0.2502 -0.2614 0.4136, -0.0867 -0.2614 0.3458, -0.0728 -0.2614 0.4534, -0.0745 -0.2614 0.4551, -0.0925 -0.2614 0.4403, -0.0818 -0.2614 0.4607, -0.0984 -0.2614 0.4444, -0.0895 -0.2614 0.4654, -0.1048 -0.2614 0.4477, -0.0976 -0.2614 0.4692, -0.1116 -0.2614 0.4501, -0.1061 -0.2614 0.4721, -0.1147 -0.2614 0.4739, -0.0969 -0.2575 0.3871, -0.0852 -0.2575 0.367, -0.1478 -0.2575 0.3606, -0.1383 -0.2575 0.3389, -0.1588 -0.2575 0.3014, -0.2119 -0.2575 0.3484, -0.1802 -0.2575 0.3491, -0.1835 -0.2575 0.3478, -0.1903 -0.2575 0.3405, -0.1913 -0.2575 0.3369, -0.2306 -0.2575 0.331, -0.1913 -0.2575 0.3332, -0.2238 -0.2575 0.3272, -0.1383 -0.2575 0.3351, -0.1386 -0.2575 0.3303, -0.1537 -0.2575 0.3047, -0.1494 -0.2575 0.3083, -0.2223 -0.2575 0.3553, -0.2174 -0.2575 0.3515, -0.148 -0.2575 0.4473, -0.1545 -0.2575 0.4438, -0.1676 -0.2575 0.4627, -0.1835 -0.2575 0.3217, -0.1987 -0.2575 0.3044, -0.1865 -0.2575 0.3238, -0.2028 -0.2575 0.3079, -0.1889 -0.2575 0.3265, -0.1766 -0.2575 0.3199, -0.173 -0.2575 0.3204, -0.1702 -0.2575 0.2977, -0.1644 -0.2575 0.3265, -0.1627 -0.2575 0.3298, -0.1619 -0.2575 0.3335, -0.162 -0.2575 0.3371, -0.1738 -0.2575 0.4224, -0.1766 -0.2575 0.4156, -0.1884 -0.2575 0.4433, -0.1794 -0.2575 0.4171, -0.2135 -0.2575 0.4174, -0.22 -0.2575 0.4396, -0.2077 -0.2575 0.4197, -0.2126 -0.2575 0.4421, -0.2016 -0.2575 0.421, -0.2049 -0.2575 0.4436, -0.1967 -0.2575 0.4213, -0.2369 -0.2575 0.3356, -0.2427 -0.2575 0.3412, -0.2266 -0.2575 0.36, -0.2465 -0.2575 0.3459, -0.2298 -0.2575 0.3648, -0.2508 -0.2575 0.3526, -0.2324 -0.2575 0.3705, -0.1865 -0.2575 0.3458, -0.1884 -0.2575 0.3437, -0.083 -0.2575 0.4305, -0.0616 -0.2575 0.4399, -0.079 -0.2575 0.4243, -0.0574 -0.2575 0.4327, -0.0758 -0.2575 0.4176, -0.054 -0.2575 0.4251, -0.0737 -0.2575 0.4106, -0.1717 -0.2575 0.46, -0.1603 -0.2575 0.4395, -0.1777 -0.2575 0.4551, -0.0591 -0.2575 0.4027, -0.0642 -0.2575 0.4041, -0.1399 -0.2575 0.3242, -0.1422 -0.2575 0.3184, -0.1454 -0.2575 0.3131, -0.1851 -0.2575 0.4194, -0.1908 -0.2575 0.4208, -0.1928 -0.2575 0.4438, -0.1971 -0.2575 0.4441, -0.1832 -0.2575 0.4496, -0.1656 -0.2575 0.4344, -0.1701 -0.2575 0.4287, -0.0419 -0.2575 0.3644, -0.0223 -0.2575 0.3511, -0.0442 -0.2575 0.3596, -0.026 -0.2575 0.3449, -0.0474 -0.2575 0.3552, -0.0305 -0.2575 0.3393, -0.0491 -0.2575 0.3534, -0.0327 -0.2575 0.3371, -0.0534 -0.2575 0.35, -0.0433 -0.2575 0.3886, -0.0211 -0.2575 0.3959, -0.0412 -0.2575 0.3835, -0.0186 -0.2575 0.3893, -0.0402 -0.2575 0.3781, -0.0171 -0.2575 0.3824, -0.04 -0.2575 0.375, -0.0696 -0.2575 0.4046, -0.0726 -0.2575 0.4046, -0.2068 -0.2575 0.3124, -0.21 -0.2575 0.3174, -0.1905 -0.2575 0.3297, -0.2123 -0.2575 0.323, -0.2166 -0.2575 0.3242, -0.1644 -0.2575 0.2991, -0.1697 -0.2575 0.3217, -0.1668 -0.2575 0.3237, -0.1766 -0.2575 0.3496, -0.1743 -0.2575 0.3734, -0.1741 -0.2575 0.3493, -0.1685 -0.2575 0.3727, -0.1705 -0.2575 0.3482, -0.1762 -0.2575 0.2972, -0.1815 -0.2575 0.2975, -0.18 -0.2575 0.3203, -0.1876 -0.2575 0.2989, -0.1934 -0.2575 0.3012, -0.1625 -0.2575 0.3709, -0.157 -0.2575 0.3683, -0.1673 -0.2575 0.3463, -0.1521 -0.2575 0.3648, -0.1648 -0.2575 0.3436, -0.163 -0.2575 0.3406, -0.1936 -0.2575 0.3692, -0.188 -0.2575 0.3715, -0.2328 -0.2575 0.3952, -0.2537 -0.2575 0.4067, -0.2304 -0.2575 0.4007, -0.2502 -0.2575 0.4136, -0.2272 -0.2575 0.4059, -0.2542 -0.2575 0.3597, -0.2566 -0.2575 0.3672, -0.2341 -0.2575 0.3765, -0.2581 -0.2575 0.3748, -0.2347 -0.2575 0.3822, -0.2586 -0.2575 0.3826, -0.2347 -0.2575 0.3833, -0.2586 -0.2575 0.3842, -0.2342 -0.2575 0.3894, -0.2579 -0.2575 0.3916, -0.2563 -0.2575 0.3993, -0.0944 -0.2575 0.3251, -0.0955 -0.2575 0.3263, -0.0862 -0.2575 0.3457, -0.0971 -0.2575 0.3287, -0.0165 -0.2575 0.3754, -0.0166 -0.2575 0.372, -0.0405 -0.2575 0.3695, -0.0175 -0.2575 0.3648, -0.0194 -0.2575 0.3577, -0.0526 -0.2575 0.4246, -0.0462 -0.2575 0.4219, -0.0544 -0.2575 0.4004, -0.0398 -0.2575 0.4182, -0.05 -0.2575 0.3972, -0.034 -0.2575 0.4135, -0.0463 -0.2575 0.3932, -0.0289 -0.2575 0.4082, -0.0246 -0.2575 0.4023, -0.207 -0.2575 0.3576, -0.2029 -0.2575 0.3624, -0.1982 -0.2575 0.3663, -0.1823 -0.2575 0.373, -0.1762 -0.2575 0.3735, -0.2459 -0.2575 0.42, -0.2408 -0.2575 0.4258, -0.2235 -0.2575 0.4101, -0.2394 -0.2575 0.4271, -0.2188 -0.2575 0.4142, -0.2337 -0.2575 0.432, -0.227 -0.2575 0.4363, -0.0383 -0.2575 0.3323, -0.0445 -0.2575 0.3284, -0.0582 -0.2575 0.3475, -0.051 -0.2575 0.3254, -0.0635 -0.2575 0.3459, -0.0579 -0.2575 0.3233, -0.0673 -0.2575 0.3454, -0.065 -0.2575 0.3222, -0.0844 -0.2575 0.3454, -0.0874 -0.2575 0.3222, -0.0851 -0.2575 0.3455, -0.0893 -0.2575 0.3225, -0.0918 -0.2575 0.3234, -0.0981 -0.2575 0.3312, -0.0984 -0.2575 0.334, -0.0984 -0.2575 0.3351, -0.2102 -0.2575 0.3523, -0.0977 -0.2575 0.338, -0.0963 -0.2575 0.3407, -0.0945 -0.2575 0.3428, -0.0921 -0.2575 0.3444, -0.0925 -0.2575 0.4403, -0.0745 -0.2575 0.4551, -0.0878 -0.2575 0.4361, -0.0728 -0.2575 0.4534, -0.0667 -0.2575 0.4469, -0.1598 -0.2575 0.4671, -0.1518 -0.2575 0.4704, -0.1411 -0.2575 0.4498, -0.1435 -0.2575 0.4728, -0.1339 -0.2575 0.4514, -0.1349 -0.2575 0.4743, -0.1269 -0.2575 0.452, -0.1261 -0.2575 0.4748, -0.1258 -0.2575 0.452, -0.1235 -0.2575 0.4747, -0.1185 -0.2575 0.4515, -0.1147 -0.2575 0.4739, -0.1116 -0.2575 0.4501, -0.1061 -0.2575 0.4721, -0.1048 -0.2575 0.4477, -0.0976 -0.2575 0.4692, -0.0984 -0.2575 0.4444, -0.0895 -0.2575 0.4654, -0.0818 -0.2575 0.4607, -0.0895 -0.2575 0.3454, -0.0867 -0.2575 0.3458, 0.0828 -0.2614 0.4062, 0.0828 -0.2575 0.4062, 0.086 -0.2575 0.4063, 0.086 -0.2614 0.4063, 0.0891 -0.2575 0.4066, 0.0891 -0.2614 0.4066, 0.0918 -0.2575 0.4072, 0.0918 -0.2614 0.4072, 0.0943 -0.2575 0.4079, 0.0943 -0.2614 0.4079, 0.0965 -0.2575 0.4088, 0.0965 -0.2614 0.4088, 0.0976 -0.2575 0.4093, 0.0976 -0.2614 0.4093, 0.0976 -0.2614 0.4159, 0.0976 -0.2575 0.4159, 0.0955 -0.2575 0.4148, 0.0955 -0.2614 0.4148, 0.0934 -0.2575 0.4139, 0.0934 -0.2614 0.4139, 0.0912 -0.2575 0.4132, 0.0912 -0.2614 0.4132, 0.0888 -0.2575 0.4127, 0.0888 -0.2614 0.4127, 0.0862 -0.2575 0.4124, 0.0862 -0.2614 0.4124, 0.0838 -0.2575 0.4123, 0.0838 -0.2614 0.4123, 0.0814 -0.2575 0.4124, 0.0814 -0.2614 0.4124, 0.0793 -0.2575 0.4128, 0.0793 -0.2614 0.4128, 0.0772 -0.2575 0.4133, 0.0772 -0.2614 0.4133, 0.0754 -0.2575 0.4141, 0.0754 -0.2614 0.4141, 0.0737 -0.2575 0.415, 0.0737 -0.2614 0.415, 0.0721 -0.2575 0.4161, 0.0721 -0.2614 0.4161, 0.0706 -0.2575 0.4174, 0.0706 -0.2614 0.4174, 0.0701 -0.2575 0.418, 0.0701 -0.2614 0.418, 0.0688 -0.2575 0.4195, 0.0688 -0.2614 0.4195, 0.0677 -0.2575 0.4212, 0.0677 -0.2614 0.4212, 0.0667 -0.2575 0.423, 0.0667 -0.2614 0.423, 0.066 -0.2575 0.425, 0.066 -0.2614 0.425, 0.0654 -0.2575 0.4272, 0.0654 -0.2614 0.4272, 0.065 -0.2575 0.4295, 0.065 -0.2614 0.4295, 0.0648 -0.2575 0.4321, 0.0648 -0.2614 0.4321, 0.0648 -0.2575 0.4332, 0.0648 -0.2614 0.4332, 0.0649 -0.2575 0.4359, 0.0649 -0.2614 0.4359, 0.0653 -0.2575 0.4385, 0.0653 -0.2614 0.4385, 0.0658 -0.2575 0.4409, 0.0658 -0.2614 0.4409, 0.0665 -0.2575 0.4431, 0.0665 -0.2614 0.4431, 0.0674 -0.2575 0.445, 0.0674 -0.2614 0.445, 0.0685 -0.2575 0.4469, 0.0685 -0.2614 0.4469, 0.0698 -0.2575 0.4485, 0.0698 -0.2614 0.4485, 0.0704 -0.2575 0.4492, 0.0704 -0.2614 0.4492, 0.072 -0.2575 0.4507, 0.072 -0.2614 0.4507, 0.0736 -0.2575 0.4519, 0.0736 -0.2614 0.4519, 0.0754 -0.2575 0.453, 0.0754 -0.2614 0.453, 0.0772 -0.2575 0.4538, 0.0772 -0.2614 0.4538, 0.0792 -0.2575 0.4544, 0.0792 -0.2614 0.4544, 0.0813 -0.2575 0.4549, 0.0813 -0.2614 0.4549, 0.0835 -0.2575 0.4551, 0.0835 -0.2614 0.4551, 0.085 -0.2575 0.4552, 0.085 -0.2614 0.4552, 0.0875 -0.2575 0.455, 0.0875 -0.2614 0.455, 0.09 -0.2575 0.4547, 0.09 -0.2614 0.4547, 0.0924 -0.2575 0.4541, 0.0924 -0.2614 0.4541, 0.0946 -0.2575 0.4534, 0.0946 -0.2614 0.4534, 0.0968 -0.2575 0.4524, 0.0968 -0.2614 0.4524, 0.0976 -0.2575 0.452, 0.0976 -0.2614 0.452, 0.0976 -0.2614 0.4592, 0.0976 -0.2575 0.4592, 0.0955 -0.2575 0.46, 0.0955 -0.2614 0.46, 0.0932 -0.2575 0.4606, 0.0932 -0.2614 0.4606, 0.0907 -0.2575 0.461, 0.0907 -0.2614 0.461, 0.0878 -0.2575 0.4613, 0.0878 -0.2614 0.4613, 0.0849 -0.2575 0.4614, 0.0849 -0.2614 0.4614, 0.0821 -0.2575 0.4613, 0.0821 -0.2614 0.4613, 0.0795 -0.2575 0.4609, 0.0795 -0.2614 0.4609, 0.077 -0.2575 0.4604, 0.077 -0.2614 0.4604, 0.0746 -0.2575 0.4596, 0.0746 -0.2614 0.4596, 0.0724 -0.2575 0.4587, 0.0724 -0.2614 0.4587, 0.0703 -0.2575 0.4575, 0.0703 -0.2614 0.4575, 0.0683 -0.2575 0.4562, 0.0683 -0.2614 0.4562, 0.0665 -0.2575 0.4546, 0.0665 -0.2614 0.4546, 0.0653 -0.2575 0.4535, 0.0653 -0.2614 0.4535, 0.0637 -0.2575 0.4517, 0.0637 -0.2614 0.4517, 0.0622 -0.2575 0.4497, 0.0622 -0.2614 0.4497, 0.061 -0.2575 0.4477, 0.061 -0.2614 0.4477, 0.0599 -0.2575 0.4455, 0.0599 -0.2614 0.4455, 0.0591 -0.2575 0.4432, 0.0591 -0.2614 0.4432, 0.0584 -0.2575 0.4407, 0.0584 -0.2614 0.4407, 0.0579 -0.2575 0.4381, 0.0579 -0.2614 0.4381, 0.0577 -0.2575 0.4353, 0.0577 -0.2614 0.4353, 0.0576 -0.2575 0.4328, 0.0576 -0.2614 0.4328, 0.0577 -0.2575 0.4298, 0.0577 -0.2614 0.4298, 0.058 -0.2575 0.4269, 0.058 -0.2614 0.4269, 0.0586 -0.2575 0.4243, 0.0586 -0.2614 0.4243, 0.0593 -0.2575 0.4219, 0.0593 -0.2614 0.4219, 0.0602 -0.2575 0.4197, 0.0602 -0.2614 0.4197, 0.0613 -0.2575 0.4176, 0.0613 -0.2614 0.4176, 0.0626 -0.2575 0.4156, 0.0626 -0.2614 0.4156, 0.064 -0.2575 0.4139, 0.064 -0.2614 0.4139, 0.0644 -0.2575 0.4135, 0.0644 -0.2614 0.4135, 0.0661 -0.2575 0.4119, 0.0661 -0.2614 0.4119, 0.0679 -0.2575 0.4105, 0.0679 -0.2614 0.4105, 0.0698 -0.2575 0.4093, 0.0698 -0.2614 0.4093, 0.0718 -0.2575 0.4083, 0.0718 -0.2614 0.4083, 0.0739 -0.2575 0.4075, 0.0739 -0.2614 0.4075, 0.0762 -0.2575 0.4069, 0.0762 -0.2614 0.4069, 0.0786 -0.2575 0.4064, 0.0786 -0.2614 0.4064, 0.0812 -0.2575 0.4062, 0.0812 -0.2614 0.4062, 0.1716 -0.2614 0.4149, 0.1753 -0.2614 0.4098, 0.1735 -0.2614 0.4158, 0.1775 -0.2614 0.4109, 0.1753 -0.2614 0.4169, 0.1796 -0.2614 0.4123, 0.1769 -0.2614 0.4181, 0.1815 -0.2614 0.4138, 0.1775 -0.2614 0.4187, 0.1824 -0.2614 0.4146, 0.1789 -0.2614 0.4202, 0.1841 -0.2614 0.4163, 0.1801 -0.2614 0.4218, 0.1856 -0.2614 0.4182, 0.181 -0.2614 0.4236, 0.1869 -0.2614 0.4201, 0.1818 -0.2614 0.4255, 0.1828 -0.2614 0.4394, 0.1895 -0.2614 0.4422, 0.1823 -0.2614 0.4416, 0.1887 -0.2614 0.4445, 0.1815 -0.2614 0.4436, 0.1878 -0.2614 0.4466, 0.1806 -0.2614 0.4454, 0.1867 -0.2614 0.4486, 0.1796 -0.2614 0.447, 0.188 -0.2614 0.4222, 0.1889 -0.2614 0.4244, 0.1825 -0.2614 0.4275, 0.1896 -0.2614 0.4268, 0.1829 -0.2614 0.4298, 0.1901 -0.2614 0.4293, 0.1832 -0.2614 0.4323, 0.1904 -0.2614 0.4319, 0.1832 -0.2614 0.4343, 0.1905 -0.2614 0.4345, 0.1831 -0.2614 0.437, 0.1904 -0.2614 0.4372, 0.19 -0.2614 0.4398, 0.1853 -0.2614 0.4504, 0.1838 -0.2614 0.4521, 0.1784 -0.2614 0.4484, 0.1824 -0.2614 0.4534, 0.1774 -0.2614 0.4493, 0.1805 -0.2614 0.455, 0.1757 -0.2614 0.4506, 0.1784 -0.2614 0.4564, 0.1739 -0.2614 0.4517, 0.1762 -0.2614 0.4576, 0.172 -0.2614 0.4526, 0.1739 -0.2614 0.4585, 0.1699 -0.2614 0.4533, 0.1714 -0.2614 0.4593, 0.1677 -0.2614 0.4538, 0.1688 -0.2614 0.4599, 0.1652 -0.2614 0.4542, 0.1661 -0.2614 0.4603, 0.1626 -0.2614 0.4543, 0.1632 -0.2614 0.4605, 0.162 -0.2614 0.4543, 0.1623 -0.2614 0.4605, 0.1539 -0.2614 0.4543, 0.147 -0.2614 0.4605, 0.1539 -0.2614 0.4132, 0.147 -0.2614 0.4071, 0.1617 -0.2614 0.4132, 0.1617 -0.2614 0.4071, 0.1645 -0.2614 0.4133, 0.1648 -0.2614 0.4072, 0.1671 -0.2614 0.4136, 0.1677 -0.2614 0.4075, 0.1695 -0.2614 0.4142, 0.1704 -0.2614 0.4081, 0.1729 -0.2614 0.4088, 0.1757 -0.2575 0.4506, 0.1805 -0.2575 0.455, 0.1774 -0.2575 0.4493, 0.1824 -0.2575 0.4534, 0.1784 -0.2575 0.4484, 0.1838 -0.2575 0.4521, 0.1796 -0.2575 0.447, 0.1853 -0.2575 0.4504, 0.1806 -0.2575 0.4454, 0.1867 -0.2575 0.4486, 0.1815 -0.2575 0.4436, 0.1878 -0.2575 0.4466, 0.1823 -0.2575 0.4416, 0.1735 -0.2575 0.4158, 0.1753 -0.2575 0.4098, 0.1716 -0.2575 0.4149, 0.1729 -0.2575 0.4088, 0.1695 -0.2575 0.4142, 0.1704 -0.2575 0.4081, 0.1671 -0.2575 0.4136, 0.1677 -0.2575 0.4075, 0.1645 -0.2575 0.4133, 0.1648 -0.2575 0.4072, 0.1617 -0.2575 0.4132, 0.1617 -0.2575 0.4071, 0.1539 -0.2575 0.4132, 0.147 -0.2575 0.4071, 0.1539 -0.2575 0.4543, 0.147 -0.2575 0.4605, 0.162 -0.2575 0.4543, 0.1623 -0.2575 0.4605, 0.1626 -0.2575 0.4543, 0.1632 -0.2575 0.4605, 0.1652 -0.2575 0.4542, 0.1661 -0.2575 0.4603, 0.1677 -0.2575 0.4538, 0.1688 -0.2575 0.4599, 0.1699 -0.2575 0.4533, 0.1714 -0.2575 0.4593, 0.172 -0.2575 0.4526, 0.1739 -0.2575 0.4585, 0.1739 -0.2575 0.4517, 0.1762 -0.2575 0.4576, 0.1784 -0.2575 0.4564, 0.1825 -0.2575 0.4275, 0.1889 -0.2575 0.4244, 0.1818 -0.2575 0.4255, 0.188 -0.2575 0.4222, 0.181 -0.2575 0.4236, 0.1869 -0.2575 0.4201, 0.1801 -0.2575 0.4218, 0.1856 -0.2575 0.4182, 0.1789 -0.2575 0.4202, 0.1841 -0.2575 0.4163, 0.1775 -0.2575 0.4187, 0.1824 -0.2575 0.4146, 0.1769 -0.2575 0.4181, 0.1815 -0.2575 0.4138, 0.1753 -0.2575 0.4169, 0.1796 -0.2575 0.4123, 0.1775 -0.2575 0.4109, 0.1887 -0.2575 0.4445, 0.1895 -0.2575 0.4422, 0.1828 -0.2575 0.4394, 0.19 -0.2575 0.4398, 0.1831 -0.2575 0.437, 0.1904 -0.2575 0.4372, 0.1832 -0.2575 0.4343, 0.1905 -0.2575 0.4345, 0.1832 -0.2575 0.4323, 0.1904 -0.2575 0.4319, 0.1829 -0.2575 0.4298, 0.1901 -0.2575 0.4293, 0.1896 -0.2575 0.4268, 0.0554 -0.2614 0.4132, 0.0554 -0.2614 0.4071, 0.0554 -0.2575 0.4132, 0.0554 -0.2575 0.4071, 0.0341 -0.2614 0.4132, 0.0341 -0.2575 0.4132, 0.0341 -0.2614 0.4605, 0.0341 -0.2575 0.4605, 0.0273 -0.2614 0.4605, 0.0273 -0.2575 0.4605, 0.0273 -0.2614 0.4071, 0.0273 -0.2575 0.4071, 0.2084 -0.2614 0.4277, 0.2062 -0.2614 0.4217, 0.2263 -0.2614 0.4277, 0.2284 -0.2614 0.4217, 0.2164 -0.2614 0.4499, 0.2138 -0.2614 0.4605, 0.1935 -0.2614 0.4071, 0.2011 -0.2614 0.4071, 0.2168 -0.2614 0.4515, 0.2172 -0.2614 0.4536, 0.2212 -0.2614 0.4605, 0.2174 -0.2614 0.4536, 0.2178 -0.2614 0.4514, 0.2182 -0.2614 0.4499, 0.2415 -0.2614 0.4071, 0.2339 -0.2614 0.4071, 0.2062 -0.2575 0.4217, 0.2084 -0.2575 0.4277, 0.2284 -0.2575 0.4217, 0.2263 -0.2575 0.4277, 0.2182 -0.2575 0.4499, 0.2212 -0.2575 0.4605, 0.2415 -0.2575 0.4071, 0.2339 -0.2575 0.4071, 0.2178 -0.2575 0.4514, 0.2174 -0.2575 0.4536, 0.2138 -0.2575 0.4605, 0.2172 -0.2575 0.4536, 0.2168 -0.2575 0.4515, 0.2164 -0.2575 0.4499, 0.1935 -0.2575 0.4071, 0.2011 -0.2575 0.4071, 0.2384 -0.2614 0.3302, 0.2421 -0.2614 0.3251, 0.2404 -0.2614 0.3311, 0.2444 -0.2614 0.3262, 0.2421 -0.2614 0.3322, 0.2464 -0.2614 0.3276, 0.2437 -0.2614 0.3334, 0.2484 -0.2614 0.3291, 0.2444 -0.2614 0.3341, 0.2493 -0.2614 0.3299, 0.2457 -0.2614 0.3355, 0.251 -0.2614 0.3316, 0.2469 -0.2614 0.3371, 0.2525 -0.2614 0.3335, 0.2479 -0.2614 0.3389, 0.2538 -0.2614 0.3355, 0.2487 -0.2614 0.3408, 0.2496 -0.2614 0.3547, 0.2563 -0.2614 0.3576, 0.2491 -0.2614 0.357, 0.2556 -0.2614 0.3598, 0.2484 -0.2614 0.3589, 0.2546 -0.2614 0.3619, 0.2475 -0.2614 0.3607, 0.2535 -0.2614 0.3639, 0.2464 -0.2614 0.3623, 0.2549 -0.2614 0.3376, 0.2558 -0.2614 0.3398, 0.2493 -0.2614 0.3429, 0.2564 -0.2614 0.3421, 0.2498 -0.2614 0.3451, 0.2569 -0.2614 0.3446, 0.25 -0.2614 0.3476, 0.2572 -0.2614 0.3472, 0.2501 -0.2614 0.3496, 0.2573 -0.2614 0.3498, 0.25 -0.2614 0.3523, 0.2572 -0.2614 0.3525, 0.2569 -0.2614 0.3551, 0.2522 -0.2614 0.3657, 0.2506 -0.2614 0.3674, 0.2452 -0.2614 0.3637, 0.2493 -0.2614 0.3687, 0.2442 -0.2614 0.3646, 0.2473 -0.2614 0.3703, 0.2426 -0.2614 0.3659, 0.2452 -0.2614 0.3717, 0.2408 -0.2614 0.367, 0.243 -0.2614 0.3729, 0.2389 -0.2614 0.3679, 0.2407 -0.2614 0.3739, 0.2368 -0.2614 0.3686, 0.2383 -0.2614 0.3746, 0.2345 -0.2614 0.3691, 0.2357 -0.2614 0.3752, 0.2321 -0.2614 0.3695, 0.233 -0.2614 0.3756, 0.2295 -0.2614 0.3696, 0.2301 -0.2614 0.3758, 0.2288 -0.2614 0.3697, 0.2291 -0.2614 0.3758, 0.2208 -0.2614 0.3697, 0.2139 -0.2614 0.3758, 0.2208 -0.2614 0.3285, 0.2139 -0.2614 0.3224, 0.2285 -0.2614 0.3285, 0.2286 -0.2614 0.3224, 0.2313 -0.2614 0.3286, 0.2316 -0.2614 0.3225, 0.2339 -0.2614 0.3289, 0.2345 -0.2614 0.3229, 0.2363 -0.2614 0.3295, 0.2372 -0.2614 0.3234, 0.2398 -0.2614 0.3242, 0.2426 -0.2575 0.3659, 0.2473 -0.2575 0.3703, 0.2442 -0.2575 0.3646, 0.2493 -0.2575 0.3687, 0.2452 -0.2575 0.3637, 0.2506 -0.2575 0.3674, 0.2464 -0.2575 0.3623, 0.2522 -0.2575 0.3657, 0.2475 -0.2575 0.3607, 0.2535 -0.2575 0.3639, 0.2484 -0.2575 0.3589, 0.2546 -0.2575 0.3619, 0.2491 -0.2575 0.357, 0.2404 -0.2575 0.3311, 0.2421 -0.2575 0.3251, 0.2384 -0.2575 0.3302, 0.2398 -0.2575 0.3242, 0.2363 -0.2575 0.3295, 0.2372 -0.2575 0.3234, 0.2339 -0.2575 0.3289, 0.2345 -0.2575 0.3229, 0.2313 -0.2575 0.3286, 0.2316 -0.2575 0.3225, 0.2285 -0.2575 0.3285, 0.2286 -0.2575 0.3224, 0.2208 -0.2575 0.3285, 0.2139 -0.2575 0.3224, 0.2208 -0.2575 0.3697, 0.2139 -0.2575 0.3758, 0.2288 -0.2575 0.3697, 0.2291 -0.2575 0.3758, 0.2295 -0.2575 0.3696, 0.2301 -0.2575 0.3758, 0.2321 -0.2575 0.3695, 0.233 -0.2575 0.3756, 0.2345 -0.2575 0.3691, 0.2357 -0.2575 0.3752, 0.2368 -0.2575 0.3686, 0.2383 -0.2575 0.3746, 0.2389 -0.2575 0.3679, 0.2407 -0.2575 0.3739, 0.2408 -0.2575 0.367, 0.243 -0.2575 0.3729, 0.2452 -0.2575 0.3717, 0.2493 -0.2575 0.3429, 0.2558 -0.2575 0.3398, 0.2487 -0.2575 0.3408, 0.2549 -0.2575 0.3376, 0.2479 -0.2575 0.3389, 0.2538 -0.2575 0.3355, 0.2469 -0.2575 0.3371, 0.2525 -0.2575 0.3335, 0.2457 -0.2575 0.3355, 0.251 -0.2575 0.3316, 0.2444 -0.2575 0.3341, 0.2493 -0.2575 0.3299, 0.2437 -0.2575 0.3334, 0.2484 -0.2575 0.3291, 0.2421 -0.2575 0.3322, 0.2464 -0.2575 0.3276, 0.2444 -0.2575 0.3262, 0.2556 -0.2575 0.3598, 0.2563 -0.2575 0.3576, 0.2496 -0.2575 0.3547, 0.2569 -0.2575 0.3551, 0.25 -0.2575 0.3523, 0.2572 -0.2575 0.3525, 0.2501 -0.2575 0.3496, 0.2573 -0.2575 0.3498, 0.25 -0.2575 0.3476, 0.2572 -0.2575 0.3472, 0.2498 -0.2575 0.3451, 0.2569 -0.2575 0.3446, 0.2564 -0.2575 0.3421, 0.2752 -0.2614 0.343, 0.273 -0.2614 0.337, 0.2931 -0.2614 0.343, 0.2953 -0.2614 0.337, 0.2832 -0.2614 0.3652, 0.2806 -0.2614 0.3758, 0.2603 -0.2614 0.3224, 0.2679 -0.2614 0.3224, 0.2837 -0.2614 0.3668, 0.2841 -0.2614 0.369, 0.288 -0.2614 0.3758, 0.2842 -0.2614 0.369, 0.2847 -0.2614 0.3667, 0.2851 -0.2614 0.3652, 0.3083 -0.2614 0.3224, 0.3007 -0.2614 0.3224, 0.273 -0.2575 0.337, 0.2752 -0.2575 0.343, 0.2953 -0.2575 0.337, 0.2931 -0.2575 0.343, 0.2851 -0.2575 0.3652, 0.288 -0.2575 0.3758, 0.3083 -0.2575 0.3224, 0.3007 -0.2575 0.3224, 0.2847 -0.2575 0.3667, 0.2842 -0.2575 0.369, 0.2806 -0.2575 0.3758, 0.2841 -0.2575 0.369, 0.2837 -0.2575 0.3668, 0.2832 -0.2575 0.3652, 0.2603 -0.2575 0.3224, 0.2679 -0.2575 0.3224
            ]
        }
        coordIndex [
            0,1,2,-1,3,4,5,-1,6,7,8,-1,9,10,11,-1,11,10,12,-1,13,14,15,-1,16,17,18,-1,18,17,19,-1,18,19,20,-1,21,22,23,-1,23,22,2,-1,23,2,24,-1,25,26,27,-1,28,29,2,-1,2,29,30,-1,2,30,0,-1,31,32,9,-1,9,32,33,-1,9,33,10,-1,34,35,36,-1,36,35,6,-1,37,38,39,-1,40,41,42,-1,6,8,36,-1,36,8,43,-1,36,43,9,-1,9,43,44,-1,9,44,31,-1,45,46,12,-1,12,46,47,-1,12,47,11,-1,48,1,49,-1,49,1,50,-1,49,50,51,-1,52,53,54,-1,54,53,55,-1,54,55,21,-1,21,55,56,-1,21,56,22,-1,39,57,37,-1,37,57,58,-1,37,58,52,-1,52,58,59,-1,52,59,53,-1,27,26,60,-1,60,26,61,-1,60,61,62,-1,62,61,63,-1,62,63,64,-1,15,14,65,-1,65,14,66,-1,65,66,67,-1,68,69,2,-1,2,69,70,-1,2,70,28,-1,40,42,71,-1,71,42,72,-1,71,72,73,-1,73,72,74,-1,73,74,75,-1,7,6,37,-1,37,6,76,-1,37,76,77,-1,77,78,37,-1,37,78,79,-1,37,79,38,-1,80,81,82,-1,82,81,83,-1,82,83,84,-1,84,83,85,-1,84,85,86,-1,86,85,87,-1,86,87,88,-1,89,90,91,-1,91,90,92,-1,91,92,68,-1,68,92,93,-1,68,93,69,-1,41,40,94,-1,94,40,95,-1,94,95,96,-1,96,95,97,-1,96,97,98,-1,98,97,99,-1,98,99,5,-1,5,99,100,-1,5,100,3,-1,48,101,1,-1,1,101,102,-1,1,102,2,-1,2,102,103,-1,2,103,24,-1,27,104,25,-1,25,104,105,-1,25,105,106,-1,106,105,107,-1,106,107,108,-1,108,107,109,-1,108,109,110,-1,110,109,111,-1,110,111,112,-1,15,113,13,-1,13,113,114,-1,13,114,115,-1,115,114,116,-1,115,116,117,-1,117,116,118,-1,117,118,119,-1,119,118,5,-1,119,5,120,-1,120,5,4,-1,18,121,16,-1,16,121,122,-1,16,122,123,-1,123,122,124,-1,123,124,125,-1,126,127,128,-1,128,127,129,-1,128,129,130,-1,130,129,131,-1,130,131,89,-1,89,131,132,-1,89,132,90,-1,133,134,135,-1,135,134,136,-1,135,136,45,-1,45,136,137,-1,45,137,46,-1,50,138,51,-1,51,138,139,-1,51,139,140,-1,140,139,141,-1,140,141,142,-1,143,144,145,-1,145,144,146,-1,145,146,147,-1,147,146,148,-1,147,148,80,-1,80,148,149,-1,80,149,81,-1,111,150,112,-1,112,150,151,-1,112,151,152,-1,152,151,153,-1,152,153,143,-1,143,153,154,-1,143,154,144,-1,141,155,142,-1,142,155,156,-1,142,156,133,-1,133,156,157,-1,133,157,134,-1,158,159,160,-1,161,162,163,-1,163,162,164,-1,165,166,167,-1,167,166,168,-1,167,168,169,-1,169,168,170,-1,169,170,171,-1,171,170,172,-1,171,172,173,-1,173,172,174,-1,173,174,126,-1,126,174,175,-1,126,175,127,-1,20,176,18,-1,18,176,177,-1,18,177,178,-1,178,177,179,-1,178,179,180,-1,180,179,88,-1,180,88,181,-1,181,88,87,-1,182,183,158,-1,158,183,184,-1,158,184,159,-1,63,185,64,-1,64,185,158,-1,64,158,186,-1,186,158,160,-1,67,66,187,-1,187,66,188,-1,187,188,161,-1,161,188,189,-1,161,189,162,-1,190,191,192,-1,191,193,192,-1,192,193,194,-1,192,194,195,-1,74,196,75,-1,75,196,197,-1,75,197,198,-1,198,197,199,-1,198,199,165,-1,165,199,200,-1,165,200,166,-1,182,158,192,-1,192,158,201,-1,192,201,190,-1,124,202,125,-1,125,202,203,-1,125,203,204,-1,204,203,205,-1,204,205,206,-1,206,205,207,-1,206,207,208,-1,208,207,209,-1,208,209,210,-1,210,209,211,-1,210,211,164,-1,164,211,212,-1,164,212,163,-1,213,214,215,-1,215,214,216,-1,215,216,217,-1,218,219,220,-1,221,222,223,-1,223,222,224,-1,223,224,225,-1,216,226,217,-1,217,226,227,-1,217,227,228,-1,228,227,229,-1,230,231,223,-1,223,231,218,-1,223,218,221,-1,232,233,234,-1,235,236,237,-1,237,236,238,-1,237,238,239,-1,240,241,242,-1,243,244,217,-1,217,244,245,-1,217,245,215,-1,215,245,246,-1,247,248,249,-1,249,248,250,-1,251,252,253,-1,253,252,254,-1,253,254,255,-1,255,254,256,-1,255,256,257,-1,223,258,230,-1,230,258,259,-1,230,259,260,-1,260,259,261,-1,260,261,262,-1,262,261,263,-1,262,263,264,-1,220,265,218,-1,218,265,266,-1,218,266,221,-1,267,268,269,-1,269,268,270,-1,269,270,271,-1,271,270,272,-1,271,272,273,-1,234,233,274,-1,274,233,275,-1,274,275,276,-1,277,278,272,-1,279,280,227,-1,227,280,281,-1,227,281,229,-1,250,282,249,-1,249,282,283,-1,249,283,284,-1,284,283,257,-1,284,257,285,-1,285,257,256,-1,276,275,286,-1,286,275,287,-1,286,287,249,-1,249,287,288,-1,249,288,247,-1,289,290,291,-1,291,290,292,-1,291,292,293,-1,293,292,294,-1,293,294,295,-1,295,294,296,-1,295,296,297,-1,298,299,300,-1,300,299,301,-1,300,301,302,-1,302,301,303,-1,302,303,304,-1,278,305,272,-1,272,305,306,-1,272,306,273,-1,238,307,239,-1,239,307,308,-1,239,308,309,-1,309,308,310,-1,309,310,224,-1,224,310,311,-1,224,311,225,-1,242,241,312,-1,312,241,313,-1,312,313,217,-1,217,313,314,-1,217,314,243,-1,315,316,317,-1,317,316,318,-1,317,318,319,-1,242,320,240,-1,240,320,321,-1,240,321,322,-1,322,321,323,-1,322,323,235,-1,235,323,324,-1,235,324,236,-1,318,325,319,-1,319,325,326,-1,319,326,327,-1,327,326,328,-1,327,328,329,-1,329,328,215,-1,329,215,330,-1,330,215,246,-1,315,331,332,-1,333,334,335,-1,335,334,336,-1,335,336,337,-1,263,338,264,-1,264,338,339,-1,264,339,340,-1,340,339,341,-1,340,341,342,-1,342,341,343,-1,342,343,344,-1,344,343,345,-1,344,345,346,-1,346,345,347,-1,346,347,333,-1,333,347,348,-1,333,348,334,-1,349,350,351,-1,351,350,352,-1,303,353,304,-1,304,353,354,-1,304,354,355,-1,355,354,356,-1,355,356,289,-1,289,356,357,-1,289,357,290,-1,272,358,277,-1,277,358,359,-1,277,359,360,-1,360,359,361,-1,360,361,362,-1,362,361,363,-1,362,363,364,-1,364,363,365,-1,364,365,298,-1,298,365,366,-1,298,366,299,-1,367,368,315,-1,315,368,369,-1,315,369,331,-1,332,370,315,-1,315,370,371,-1,315,371,316,-1,336,372,337,-1,337,372,373,-1,337,373,374,-1,374,373,375,-1,374,375,376,-1,376,375,377,-1,376,377,251,-1,251,377,378,-1,251,378,252,-1,296,379,297,-1,297,379,380,-1,297,380,381,-1,381,380,382,-1,381,382,383,-1,383,382,384,-1,383,384,385,-1,385,384,386,-1,385,386,387,-1,387,386,388,-1,387,388,389,-1,389,388,390,-1,389,390,351,-1,351,390,391,-1,351,391,349,-1,352,392,351,-1,351,392,393,-1,351,393,394,-1,219,218,315,-1,315,218,395,-1,315,395,367,-1,396,397,394,-1,394,397,398,-1,394,398,399,-1,400,401,402,-1,402,401,403,-1,402,403,267,-1,267,403,404,-1,267,404,268,-1,234,405,232,-1,232,405,406,-1,232,406,407,-1,407,406,408,-1,407,408,409,-1,409,408,410,-1,409,410,411,-1,411,410,412,-1,411,412,413,-1,413,412,414,-1,413,414,415,-1,415,414,416,-1,415,416,417,-1,417,416,418,-1,417,418,419,-1,419,418,420,-1,419,420,421,-1,421,420,422,-1,421,422,400,-1,400,422,423,-1,400,423,401,-1,399,424,394,-1,394,424,425,-1,394,425,351,-1,146,353,303,-1,146,303,148,-1,148,303,301,-1,148,301,149,-1,149,301,299,-1,149,299,81,-1,81,299,366,-1,81,366,83,-1,83,366,365,-1,83,365,85,-1,85,365,363,-1,85,363,87,-1,87,363,361,-1,87,361,181,-1,181,361,359,-1,181,359,180,-1,180,359,358,-1,180,358,178,-1,178,358,272,-1,178,272,18,-1,18,272,270,-1,18,270,121,-1,121,270,268,-1,121,268,122,-1,122,268,404,-1,122,404,124,-1,124,404,403,-1,124,403,202,-1,202,403,401,-1,202,401,203,-1,203,401,423,-1,203,423,205,-1,205,423,422,-1,205,422,207,-1,207,422,420,-1,207,420,209,-1,209,420,418,-1,209,418,211,-1,211,418,416,-1,211,416,212,-1,212,416,414,-1,212,414,163,-1,163,414,412,-1,163,412,161,-1,161,412,410,-1,161,410,187,-1,187,410,408,-1,187,408,67,-1,67,408,406,-1,67,406,65,-1,65,406,405,-1,65,405,15,-1,15,405,234,-1,15,234,113,-1,113,234,274,-1,113,274,114,-1,114,274,276,-1,114,276,116,-1,116,276,286,-1,116,286,118,-1,118,286,249,-1,118,249,5,-1,5,249,284,-1,5,284,98,-1,98,284,285,-1,98,285,96,-1,96,285,256,-1,96,256,94,-1,94,256,254,-1,94,254,41,-1,41,254,252,-1,41,252,42,-1,42,252,378,-1,42,378,72,-1,72,378,377,-1,72,377,74,-1,74,377,375,-1,74,375,196,-1,196,375,373,-1,196,373,197,-1,197,373,372,-1,197,372,199,-1,199,372,336,-1,199,336,200,-1,200,336,334,-1,200,334,166,-1,166,334,348,-1,166,348,168,-1,168,348,347,-1,168,347,170,-1,170,347,345,-1,170,345,172,-1,172,345,343,-1,172,343,174,-1,174,343,341,-1,174,341,175,-1,175,341,339,-1,175,339,127,-1,127,339,338,-1,127,338,129,-1,129,338,263,-1,129,263,131,-1,131,263,261,-1,131,261,132,-1,132,261,259,-1,132,259,90,-1,90,259,258,-1,90,258,92,-1,92,258,223,-1,92,223,93,-1,93,223,225,-1,93,225,69,-1,69,225,311,-1,69,311,70,-1,70,311,310,-1,70,310,28,-1,28,310,308,-1,28,308,29,-1,29,308,307,-1,29,307,30,-1,30,307,238,-1,30,238,0,-1,0,238,236,-1,0,236,1,-1,1,236,324,-1,1,324,50,-1,50,324,323,-1,50,323,138,-1,138,323,321,-1,138,321,139,-1,139,321,320,-1,139,320,141,-1,141,320,242,-1,141,242,155,-1,155,242,312,-1,155,312,156,-1,156,312,217,-1,156,217,157,-1,157,217,228,-1,157,228,134,-1,134,228,229,-1,134,229,136,-1,136,229,281,-1,136,281,137,-1,137,281,280,-1,137,280,46,-1,46,280,279,-1,46,279,47,-1,47,279,227,-1,47,227,11,-1,11,227,226,-1,11,226,9,-1,36,9,216,-1,216,9,226,-1,34,36,214,-1,214,36,216,-1,35,34,213,-1,213,34,214,-1,6,35,215,-1,215,35,213,-1,6,215,328,-1,6,328,76,-1,76,328,326,-1,76,326,77,-1,77,326,325,-1,77,325,78,-1,78,325,318,-1,78,318,79,-1,79,318,316,-1,79,316,38,-1,38,316,371,-1,38,371,39,-1,39,371,370,-1,39,370,57,-1,57,370,332,-1,57,332,58,-1,58,332,331,-1,58,331,59,-1,59,331,369,-1,59,369,53,-1,53,369,368,-1,53,368,55,-1,55,368,367,-1,55,367,56,-1,56,367,395,-1,56,395,22,-1,22,395,218,-1,22,218,2,-1,2,218,231,-1,2,231,68,-1,68,231,230,-1,68,230,91,-1,91,230,260,-1,91,260,89,-1,89,260,262,-1,89,262,130,-1,130,262,264,-1,130,264,128,-1,128,264,340,-1,128,340,126,-1,126,340,342,-1,126,342,173,-1,173,342,344,-1,173,344,171,-1,171,344,346,-1,171,346,169,-1,169,346,333,-1,169,333,167,-1,167,333,335,-1,167,335,165,-1,165,335,337,-1,165,337,198,-1,198,337,374,-1,198,374,75,-1,75,374,376,-1,75,376,73,-1,73,376,251,-1,73,251,71,-1,71,251,253,-1,71,253,40,-1,40,253,255,-1,40,255,95,-1,95,255,257,-1,95,257,97,-1,97,257,283,-1,97,283,99,-1,99,283,282,-1,99,282,100,-1,100,282,250,-1,100,250,3,-1,3,250,248,-1,3,248,4,-1,4,248,247,-1,4,247,120,-1,120,247,288,-1,120,288,119,-1,119,288,287,-1,119,287,117,-1,117,287,275,-1,117,275,115,-1,115,275,233,-1,115,233,13,-1,13,233,232,-1,13,232,14,-1,14,232,407,-1,14,407,66,-1,66,407,409,-1,66,409,188,-1,188,409,411,-1,188,411,189,-1,189,411,413,-1,189,413,162,-1,162,413,415,-1,162,415,164,-1,164,415,417,-1,164,417,210,-1,210,417,419,-1,210,419,208,-1,208,419,421,-1,208,421,206,-1,206,421,400,-1,206,400,204,-1,204,400,402,-1,204,402,125,-1,125,402,267,-1,125,267,123,-1,123,267,269,-1,123,269,16,-1,16,269,271,-1,16,271,17,-1,17,271,273,-1,17,273,19,-1,19,273,306,-1,19,306,20,-1,176,20,305,-1,305,20,306,-1,176,305,278,-1,176,278,177,-1,177,278,277,-1,177,277,179,-1,179,277,360,-1,179,360,88,-1,88,360,362,-1,88,362,86,-1,86,362,364,-1,86,364,84,-1,84,364,298,-1,84,298,82,-1,82,298,300,-1,82,300,80,-1,80,300,302,-1,80,302,147,-1,147,302,304,-1,147,304,145,-1,145,304,355,-1,145,355,143,-1,143,355,289,-1,143,289,152,-1,152,289,291,-1,152,291,112,-1,112,291,293,-1,112,293,110,-1,110,293,295,-1,110,295,108,-1,108,295,297,-1,108,297,106,-1,106,297,381,-1,106,381,25,-1,25,381,383,-1,25,383,26,-1,26,383,385,-1,26,385,61,-1,63,61,387,-1,387,61,385,-1,63,387,389,-1,63,389,185,-1,185,389,351,-1,185,351,158,-1,158,351,425,-1,158,425,201,-1,201,425,424,-1,201,424,190,-1,190,424,399,-1,190,399,191,-1,191,399,398,-1,191,398,193,-1,193,398,397,-1,193,397,194,-1,194,397,396,-1,194,396,195,-1,195,396,394,-1,195,394,192,-1,192,394,393,-1,192,393,182,-1,182,393,392,-1,182,392,183,-1,183,392,352,-1,183,352,184,-1,184,352,350,-1,184,350,159,-1,159,350,349,-1,159,349,160,-1,160,349,391,-1,160,391,186,-1,186,391,390,-1,186,390,64,-1,64,390,388,-1,64,388,62,-1,60,62,386,-1,386,62,388,-1,60,386,384,-1,60,384,27,-1,27,384,382,-1,27,382,104,-1,104,382,380,-1,104,380,105,-1,105,380,379,-1,105,379,107,-1,107,379,296,-1,107,296,109,-1,109,296,294,-1,109,294,111,-1,111,294,292,-1,111,292,150,-1,150,292,290,-1,150,290,151,-1,151,290,357,-1,151,357,153,-1,153,357,356,-1,153,356,154,-1,154,356,354,-1,154,354,144,-1,144,354,353,-1,144,353,146,-1,7,315,317,-1,7,317,8,-1,8,317,319,-1,8,319,43,-1,43,319,327,-1,43,327,44,-1,44,327,329,-1,44,329,31,-1,31,329,330,-1,31,330,32,-1,32,330,246,-1,32,246,33,-1,33,246,245,-1,33,245,10,-1,10,245,244,-1,10,244,12,-1,12,244,243,-1,12,243,45,-1,45,243,314,-1,45,314,135,-1,135,314,313,-1,135,313,133,-1,133,313,241,-1,133,241,142,-1,142,241,240,-1,142,240,140,-1,140,240,322,-1,140,322,51,-1,51,322,235,-1,51,235,49,-1,49,235,237,-1,49,237,48,-1,48,237,239,-1,48,239,101,-1,101,239,309,-1,101,309,102,-1,102,309,224,-1,102,224,103,-1,103,224,222,-1,103,222,24,-1,24,222,221,-1,24,221,23,-1,23,221,266,-1,23,266,21,-1,21,266,265,-1,21,265,54,-1,54,265,220,-1,54,220,52,-1,52,220,219,-1,52,219,37,-1,37,219,315,-1,37,315,7,-1,426,427,428,-1,426,428,429,-1,429,428,430,-1,429,430,431,-1,431,430,432,-1,431,432,433,-1,433,432,434,-1,433,434,435,-1,435,434,436,-1,435,436,437,-1,437,436,438,-1,437,438,439,-1,440,439,441,-1,441,439,438,-1,440,441,442,-1,440,442,443,-1,443,442,444,-1,443,444,445,-1,445,444,446,-1,445,446,447,-1,447,446,448,-1,447,448,449,-1,449,448,450,-1,449,450,451,-1,451,450,452,-1,451,452,453,-1,453,452,454,-1,453,454,455,-1,455,454,456,-1,455,456,457,-1,457,456,458,-1,457,458,459,-1,459,458,460,-1,459,460,461,-1,461,460,462,-1,461,462,463,-1,463,462,464,-1,463,464,465,-1,465,464,466,-1,465,466,467,-1,467,466,468,-1,467,468,469,-1,469,468,470,-1,469,470,471,-1,471,470,472,-1,471,472,473,-1,473,472,474,-1,473,474,475,-1,475,474,476,-1,475,476,477,-1,477,476,478,-1,477,478,479,-1,479,478,480,-1,479,480,481,-1,481,480,482,-1,481,482,483,-1,483,482,484,-1,483,484,485,-1,485,484,486,-1,485,486,487,-1,487,486,488,-1,487,488,489,-1,489,488,490,-1,489,490,491,-1,491,490,492,-1,491,492,493,-1,493,492,494,-1,493,494,495,-1,495,494,496,-1,495,496,497,-1,497,496,498,-1,497,498,499,-1,499,498,500,-1,499,500,501,-1,501,500,502,-1,501,502,503,-1,503,502,504,-1,503,504,505,-1,505,504,506,-1,505,506,507,-1,507,506,508,-1,507,508,509,-1,509,508,510,-1,509,510,511,-1,511,510,512,-1,511,512,513,-1,513,512,514,-1,513,514,515,-1,515,514,516,-1,515,516,517,-1,517,516,518,-1,517,518,519,-1,519,518,520,-1,519,520,521,-1,521,520,522,-1,521,522,523,-1,523,522,524,-1,523,524,525,-1,525,524,526,-1,525,526,527,-1,527,526,528,-1,527,528,529,-1,530,529,531,-1,531,529,528,-1,530,531,532,-1,530,532,533,-1,533,532,534,-1,533,534,535,-1,535,534,536,-1,535,536,537,-1,537,536,538,-1,537,538,539,-1,539,538,540,-1,539,540,541,-1,541,540,542,-1,541,542,543,-1,543,542,544,-1,543,544,545,-1,545,544,546,-1,545,546,547,-1,547,546,548,-1,547,548,549,-1,549,548,550,-1,549,550,551,-1,551,550,552,-1,551,552,553,-1,553,552,554,-1,553,554,555,-1,555,554,556,-1,555,556,557,-1,557,556,558,-1,557,558,559,-1,559,558,560,-1,559,560,561,-1,561,560,562,-1,561,562,563,-1,563,562,564,-1,563,564,565,-1,565,564,566,-1,565,566,567,-1,567,566,568,-1,567,568,569,-1,569,568,570,-1,569,570,571,-1,571,570,572,-1,571,572,573,-1,573,572,574,-1,573,574,575,-1,575,574,576,-1,575,576,577,-1,577,576,578,-1,577,578,579,-1,579,578,580,-1,579,580,581,-1,581,580,582,-1,581,582,583,-1,583,582,584,-1,583,584,585,-1,585,584,586,-1,585,586,587,-1,587,586,588,-1,587,588,589,-1,589,588,590,-1,589,590,591,-1,591,590,592,-1,591,592,593,-1,593,592,594,-1,593,594,595,-1,595,594,596,-1,595,596,597,-1,597,596,598,-1,597,598,599,-1,599,598,600,-1,599,600,601,-1,601,600,602,-1,601,602,603,-1,603,602,604,-1,603,604,605,-1,605,604,606,-1,605,606,607,-1,607,606,608,-1,607,608,609,-1,609,608,610,-1,609,610,611,-1,611,610,427,-1,611,427,426,-1,527,529,530,-1,471,591,593,-1,447,435,445,-1,445,435,437,-1,445,437,443,-1,443,437,439,-1,443,439,440,-1,471,593,469,-1,469,593,595,-1,469,595,467,-1,467,595,597,-1,467,597,465,-1,465,597,599,-1,465,599,463,-1,463,599,601,-1,463,601,461,-1,601,603,461,-1,461,603,605,-1,461,605,459,-1,459,605,607,-1,459,607,457,-1,457,607,609,-1,457,609,455,-1,455,609,611,-1,455,611,453,-1,453,611,426,-1,453,426,451,-1,451,426,429,-1,451,429,449,-1,449,429,431,-1,449,431,447,-1,447,431,433,-1,447,433,435,-1,503,557,501,-1,501,557,559,-1,501,559,499,-1,499,559,561,-1,499,561,497,-1,497,561,563,-1,497,563,495,-1,495,563,565,-1,495,565,493,-1,493,565,567,-1,493,567,491,-1,491,567,569,-1,491,569,489,-1,527,530,525,-1,525,530,533,-1,525,533,523,-1,523,533,535,-1,523,535,521,-1,521,535,537,-1,521,537,519,-1,519,537,539,-1,519,539,517,-1,517,539,541,-1,517,541,515,-1,515,541,543,-1,515,543,513,-1,513,543,545,-1,513,545,511,-1,511,545,547,-1,511,547,509,-1,509,547,549,-1,509,549,507,-1,507,549,551,-1,507,551,505,-1,505,551,553,-1,505,553,503,-1,503,553,555,-1,503,555,557,-1,591,471,589,-1,589,471,473,-1,589,473,587,-1,587,473,475,-1,587,475,585,-1,585,475,477,-1,585,477,583,-1,583,477,479,-1,583,479,581,-1,581,479,579,-1,579,479,481,-1,579,481,577,-1,569,571,489,-1,489,571,573,-1,489,573,487,-1,487,573,575,-1,487,575,485,-1,485,575,577,-1,485,577,483,-1,483,577,481,-1,442,441,438,-1,442,438,444,-1,458,604,460,-1,460,604,602,-1,460,602,462,-1,462,602,600,-1,462,600,464,-1,464,600,598,-1,464,598,466,-1,466,598,596,-1,466,596,468,-1,528,526,531,-1,531,526,524,-1,531,524,532,-1,532,524,522,-1,596,594,468,-1,468,594,592,-1,468,592,470,-1,470,592,590,-1,470,590,472,-1,472,590,588,-1,472,588,474,-1,474,588,586,-1,474,586,476,-1,438,436,444,-1,444,436,434,-1,444,434,446,-1,446,434,432,-1,446,432,448,-1,448,432,430,-1,448,430,450,-1,450,430,428,-1,450,428,452,-1,452,428,427,-1,452,427,454,-1,454,427,610,-1,454,610,456,-1,456,610,608,-1,456,608,458,-1,458,608,606,-1,458,606,604,-1,496,560,498,-1,498,560,558,-1,498,558,500,-1,500,558,556,-1,500,556,502,-1,502,556,554,-1,502,554,504,-1,504,554,552,-1,504,552,506,-1,506,552,550,-1,506,550,508,-1,508,550,548,-1,508,548,510,-1,510,548,546,-1,510,546,512,-1,512,546,544,-1,512,544,514,-1,514,544,542,-1,514,542,516,-1,516,542,540,-1,516,540,518,-1,518,540,538,-1,518,538,520,-1,520,538,536,-1,520,536,522,-1,522,536,534,-1,522,534,532,-1,576,574,486,-1,486,574,572,-1,486,572,488,-1,488,572,570,-1,488,570,490,-1,490,570,568,-1,490,568,492,-1,492,568,566,-1,492,566,494,-1,494,566,564,-1,494,564,496,-1,496,564,562,-1,496,562,560,-1,586,584,476,-1,476,584,582,-1,476,582,478,-1,478,582,580,-1,478,580,480,-1,480,580,578,-1,480,578,482,-1,482,578,576,-1,482,576,484,-1,484,576,486,-1,612,613,614,-1,614,613,615,-1,614,615,616,-1,616,615,617,-1,616,617,618,-1,618,617,619,-1,618,619,620,-1,620,619,621,-1,620,621,622,-1,622,621,623,-1,622,623,624,-1,624,623,625,-1,624,625,626,-1,626,625,627,-1,626,627,628,-1,629,630,631,-1,631,630,632,-1,631,632,633,-1,633,632,634,-1,633,634,635,-1,635,634,636,-1,635,636,637,-1,627,638,628,-1,628,638,639,-1,628,639,640,-1,640,639,641,-1,640,641,642,-1,642,641,643,-1,642,643,644,-1,644,643,645,-1,644,645,646,-1,646,645,647,-1,646,647,648,-1,648,647,649,-1,648,649,629,-1,629,649,650,-1,629,650,630,-1,636,651,637,-1,637,651,652,-1,637,652,653,-1,653,652,654,-1,653,654,655,-1,655,654,656,-1,655,656,657,-1,657,656,658,-1,657,658,659,-1,659,658,660,-1,659,660,661,-1,661,660,662,-1,661,662,663,-1,663,662,664,-1,663,664,665,-1,665,664,666,-1,665,666,667,-1,667,666,668,-1,667,668,669,-1,669,668,670,-1,669,670,671,-1,671,670,672,-1,671,672,673,-1,673,672,674,-1,673,674,675,-1,675,674,676,-1,675,676,677,-1,677,676,678,-1,677,678,679,-1,679,678,680,-1,679,680,681,-1,681,680,682,-1,681,682,683,-1,683,682,684,-1,683,684,612,-1,612,684,685,-1,612,685,613,-1,686,687,688,-1,688,687,689,-1,688,689,690,-1,690,689,691,-1,690,691,692,-1,692,691,693,-1,692,693,694,-1,694,693,695,-1,694,695,696,-1,696,695,697,-1,696,697,698,-1,699,700,701,-1,701,700,702,-1,701,702,703,-1,703,702,704,-1,703,704,705,-1,705,704,706,-1,705,706,707,-1,707,706,708,-1,707,708,709,-1,709,708,710,-1,709,710,711,-1,711,710,712,-1,711,712,713,-1,713,712,714,-1,713,714,715,-1,715,714,716,-1,715,716,717,-1,717,716,718,-1,717,718,719,-1,719,718,720,-1,719,720,721,-1,721,720,722,-1,721,722,723,-1,723,722,724,-1,723,724,725,-1,725,724,726,-1,725,726,727,-1,727,726,728,-1,727,728,686,-1,686,728,729,-1,686,729,687,-1,730,731,732,-1,732,731,733,-1,732,733,734,-1,734,733,735,-1,734,735,736,-1,736,735,737,-1,736,737,738,-1,738,737,739,-1,738,739,740,-1,740,739,741,-1,740,741,742,-1,742,741,743,-1,742,743,744,-1,744,743,745,-1,744,745,699,-1,699,745,746,-1,699,746,700,-1,697,747,698,-1,698,747,748,-1,698,748,749,-1,749,748,750,-1,749,750,751,-1,751,750,752,-1,751,752,753,-1,753,752,754,-1,753,754,755,-1,755,754,756,-1,755,756,757,-1,757,756,758,-1,757,758,730,-1,730,758,759,-1,730,759,731,-1,678,676,710,-1,710,676,712,-1,678,710,708,-1,678,708,680,-1,680,708,706,-1,680,706,682,-1,682,706,704,-1,682,704,684,-1,684,704,702,-1,684,702,685,-1,685,702,700,-1,685,700,613,-1,613,700,746,-1,613,746,615,-1,615,746,745,-1,615,745,617,-1,617,745,743,-1,617,743,619,-1,619,743,741,-1,619,741,621,-1,621,741,739,-1,621,739,623,-1,623,739,737,-1,623,737,625,-1,625,737,735,-1,625,735,627,-1,627,735,733,-1,627,733,638,-1,638,733,731,-1,638,731,639,-1,639,731,759,-1,639,759,641,-1,641,759,758,-1,641,758,643,-1,643,758,756,-1,643,756,645,-1,645,756,754,-1,645,754,647,-1,647,754,752,-1,647,752,649,-1,649,752,750,-1,649,750,650,-1,650,750,748,-1,650,748,630,-1,630,748,747,-1,630,747,632,-1,632,747,697,-1,632,697,634,-1,634,697,695,-1,634,695,636,-1,636,695,693,-1,636,693,651,-1,651,693,691,-1,651,691,652,-1,652,691,689,-1,652,689,654,-1,654,689,687,-1,654,687,656,-1,656,687,729,-1,656,729,658,-1,658,729,728,-1,658,728,660,-1,660,728,726,-1,660,726,662,-1,662,726,724,-1,662,724,664,-1,664,724,722,-1,664,722,666,-1,666,722,720,-1,666,720,668,-1,668,720,718,-1,668,718,670,-1,670,718,716,-1,670,716,672,-1,674,672,714,-1,714,672,716,-1,676,674,712,-1,712,674,714,-1,671,673,715,-1,715,673,713,-1,673,675,713,-1,713,675,711,-1,675,677,711,-1,711,677,709,-1,620,740,742,-1,620,742,618,-1,618,742,744,-1,618,744,616,-1,616,744,699,-1,616,699,614,-1,614,699,701,-1,614,701,612,-1,612,701,703,-1,612,703,683,-1,683,703,705,-1,683,705,681,-1,681,705,707,-1,681,707,679,-1,679,707,709,-1,679,709,677,-1,646,753,755,-1,646,755,644,-1,644,755,757,-1,644,757,642,-1,642,757,730,-1,642,730,640,-1,640,730,732,-1,640,732,628,-1,628,732,734,-1,628,734,626,-1,626,734,736,-1,626,736,624,-1,624,736,738,-1,624,738,622,-1,622,738,740,-1,622,740,620,-1,655,688,690,-1,655,690,653,-1,653,690,692,-1,653,692,637,-1,637,692,694,-1,637,694,635,-1,635,694,696,-1,635,696,633,-1,633,696,698,-1,633,698,631,-1,631,698,749,-1,631,749,629,-1,629,749,751,-1,629,751,648,-1,648,751,753,-1,648,753,646,-1,671,715,717,-1,671,717,669,-1,669,717,719,-1,669,719,667,-1,667,719,721,-1,667,721,665,-1,665,721,723,-1,665,723,663,-1,663,723,725,-1,663,725,661,-1,661,725,727,-1,661,727,659,-1,659,727,686,-1,659,686,657,-1,657,686,688,-1,657,688,655,-1,760,761,762,-1,762,761,763,-1,764,760,765,-1,765,760,762,-1,766,764,767,-1,767,764,765,-1,768,766,769,-1,769,766,767,-1,770,768,771,-1,771,768,769,-1,761,770,763,-1,763,770,771,-1,766,768,764,-1,764,768,770,-1,764,770,760,-1,760,770,761,-1,762,763,765,-1,765,763,771,-1,765,771,767,-1,767,771,769,-1,772,773,774,-1,774,773,775,-1,776,777,772,-1,772,777,778,-1,772,778,773,-1,773,778,779,-1,776,780,777,-1,777,780,781,-1,777,781,782,-1,782,781,783,-1,782,783,784,-1,784,785,782,-1,782,785,774,-1,782,774,786,-1,786,774,775,-1,786,775,787,-1,788,789,790,-1,790,789,791,-1,792,793,791,-1,791,793,794,-1,791,794,790,-1,790,794,795,-1,792,796,793,-1,793,796,797,-1,793,797,798,-1,798,797,799,-1,798,799,800,-1,800,801,798,-1,798,801,789,-1,798,789,802,-1,802,789,788,-1,802,788,803,-1,782,786,793,-1,793,786,794,-1,777,782,798,-1,798,782,793,-1,778,777,802,-1,802,777,798,-1,779,778,803,-1,803,778,802,-1,773,779,788,-1,788,779,803,-1,775,773,790,-1,790,773,788,-1,787,775,795,-1,795,775,790,-1,786,787,794,-1,794,787,795,-1,772,774,789,-1,789,774,791,-1,774,785,791,-1,791,785,792,-1,783,797,796,-1,783,796,784,-1,784,796,792,-1,784,792,785,-1,783,781,797,-1,797,781,799,-1,776,801,800,-1,776,800,780,-1,780,800,799,-1,780,799,781,-1,776,772,801,-1,801,772,789,-1,804,805,806,-1,806,805,807,-1,806,807,808,-1,808,807,809,-1,808,809,810,-1,810,809,811,-1,810,811,812,-1,812,811,813,-1,812,813,814,-1,814,813,815,-1,814,815,816,-1,816,815,817,-1,816,817,818,-1,818,817,819,-1,818,819,820,-1,821,822,823,-1,823,822,824,-1,823,824,825,-1,825,824,826,-1,825,826,827,-1,827,826,828,-1,827,828,829,-1,819,830,820,-1,820,830,831,-1,820,831,832,-1,832,831,833,-1,832,833,834,-1,834,833,835,-1,834,835,836,-1,836,835,837,-1,836,837,838,-1,838,837,839,-1,838,839,840,-1,840,839,841,-1,840,841,821,-1,821,841,842,-1,821,842,822,-1,828,843,829,-1,829,843,844,-1,829,844,845,-1,845,844,846,-1,845,846,847,-1,847,846,848,-1,847,848,849,-1,849,848,850,-1,849,850,851,-1,851,850,852,-1,851,852,853,-1,853,852,854,-1,853,854,855,-1,855,854,856,-1,855,856,857,-1,857,856,858,-1,857,858,859,-1,859,858,860,-1,859,860,861,-1,861,860,862,-1,861,862,863,-1,863,862,864,-1,863,864,865,-1,865,864,866,-1,865,866,867,-1,867,866,868,-1,867,868,869,-1,869,868,870,-1,869,870,871,-1,871,870,872,-1,871,872,873,-1,873,872,874,-1,873,874,875,-1,875,874,876,-1,875,876,804,-1,804,876,877,-1,804,877,805,-1,878,879,880,-1,880,879,881,-1,880,881,882,-1,882,881,883,-1,882,883,884,-1,884,883,885,-1,884,885,886,-1,886,885,887,-1,886,887,888,-1,888,887,889,-1,888,889,890,-1,891,892,893,-1,893,892,894,-1,893,894,895,-1,895,894,896,-1,895,896,897,-1,897,896,898,-1,897,898,899,-1,899,898,900,-1,899,900,901,-1,901,900,902,-1,901,902,903,-1,903,902,904,-1,903,904,905,-1,905,904,906,-1,905,906,907,-1,907,906,908,-1,907,908,909,-1,909,908,910,-1,909,910,911,-1,911,910,912,-1,911,912,913,-1,913,912,914,-1,913,914,915,-1,915,914,916,-1,915,916,917,-1,917,916,918,-1,917,918,919,-1,919,918,920,-1,919,920,878,-1,878,920,921,-1,878,921,879,-1,922,923,924,-1,924,923,925,-1,924,925,926,-1,926,925,927,-1,926,927,928,-1,928,927,929,-1,928,929,930,-1,930,929,931,-1,930,931,932,-1,932,931,933,-1,932,933,934,-1,934,933,935,-1,934,935,936,-1,936,935,937,-1,936,937,891,-1,891,937,938,-1,891,938,892,-1,889,939,890,-1,890,939,940,-1,890,940,941,-1,941,940,942,-1,941,942,943,-1,943,942,944,-1,943,944,945,-1,945,944,946,-1,945,946,947,-1,947,946,948,-1,947,948,949,-1,949,948,950,-1,949,950,922,-1,922,950,951,-1,922,951,923,-1,870,868,902,-1,902,868,904,-1,870,902,900,-1,870,900,872,-1,872,900,898,-1,872,898,874,-1,874,898,896,-1,874,896,876,-1,876,896,894,-1,876,894,877,-1,877,894,892,-1,877,892,805,-1,805,892,938,-1,805,938,807,-1,807,938,937,-1,807,937,809,-1,809,937,935,-1,809,935,811,-1,811,935,933,-1,811,933,813,-1,813,933,931,-1,813,931,815,-1,815,931,929,-1,815,929,817,-1,817,929,927,-1,817,927,819,-1,819,927,925,-1,819,925,830,-1,830,925,923,-1,830,923,831,-1,831,923,951,-1,831,951,833,-1,833,951,950,-1,833,950,835,-1,835,950,948,-1,835,948,837,-1,837,948,946,-1,837,946,839,-1,839,946,944,-1,839,944,841,-1,841,944,942,-1,841,942,842,-1,842,942,940,-1,842,940,822,-1,822,940,939,-1,822,939,824,-1,824,939,889,-1,824,889,826,-1,826,889,887,-1,826,887,828,-1,828,887,885,-1,828,885,843,-1,843,885,883,-1,843,883,844,-1,844,883,881,-1,844,881,846,-1,846,881,879,-1,846,879,848,-1,848,879,921,-1,848,921,850,-1,850,921,920,-1,850,920,852,-1,852,920,918,-1,852,918,854,-1,854,918,916,-1,854,916,856,-1,856,916,914,-1,856,914,858,-1,858,914,912,-1,858,912,860,-1,860,912,910,-1,860,910,862,-1,862,910,908,-1,862,908,864,-1,866,864,906,-1,906,864,908,-1,868,866,904,-1,904,866,906,-1,863,865,907,-1,907,865,905,-1,865,867,905,-1,905,867,903,-1,867,869,903,-1,903,869,901,-1,812,932,934,-1,812,934,810,-1,810,934,936,-1,810,936,808,-1,808,936,891,-1,808,891,806,-1,806,891,893,-1,806,893,804,-1,804,893,895,-1,804,895,875,-1,875,895,897,-1,875,897,873,-1,873,897,899,-1,873,899,871,-1,871,899,901,-1,871,901,869,-1,838,945,947,-1,838,947,836,-1,836,947,949,-1,836,949,834,-1,834,949,922,-1,834,922,832,-1,832,922,924,-1,832,924,820,-1,820,924,926,-1,820,926,818,-1,818,926,928,-1,818,928,816,-1,816,928,930,-1,816,930,814,-1,814,930,932,-1,814,932,812,-1,847,880,882,-1,847,882,845,-1,845,882,884,-1,845,884,829,-1,829,884,886,-1,829,886,827,-1,827,886,888,-1,827,888,825,-1,825,888,890,-1,825,890,823,-1,823,890,941,-1,823,941,821,-1,821,941,943,-1,821,943,840,-1,840,943,945,-1,840,945,838,-1,863,907,909,-1,863,909,861,-1,861,909,911,-1,861,911,859,-1,859,911,913,-1,859,913,857,-1,857,913,915,-1,857,915,855,-1,855,915,917,-1,855,917,853,-1,853,917,919,-1,853,919,851,-1,851,919,878,-1,851,878,849,-1,849,878,880,-1,849,880,847,-1,952,953,954,-1,954,953,955,-1,956,957,952,-1,952,957,958,-1,952,958,953,-1,953,958,959,-1,956,960,957,-1,957,960,961,-1,957,961,962,-1,962,961,963,-1,962,963,964,-1,964,965,962,-1,962,965,954,-1,962,954,966,-1,966,954,955,-1,966,955,967,-1,968,969,970,-1,970,969,971,-1,972,973,971,-1,971,973,974,-1,971,974,970,-1,970,974,975,-1,972,976,973,-1,973,976,977,-1,973,977,978,-1,978,977,979,-1,978,979,980,-1,980,981,978,-1,978,981,969,-1,978,969,982,-1,982,969,968,-1,982,968,983,-1,962,966,973,-1,973,966,974,-1,957,962,978,-1,978,962,973,-1,958,957,982,-1,982,957,978,-1,959,958,983,-1,983,958,982,-1,953,959,968,-1,968,959,983,-1,955,953,970,-1,970,953,968,-1,967,955,975,-1,975,955,970,-1,966,967,974,-1,974,967,975,-1,952,954,969,-1,969,954,971,-1,954,965,971,-1,971,965,972,-1,963,977,976,-1,963,976,964,-1,964,976,972,-1,964,972,965,-1,963,961,977,-1,977,961,979,-1,956,981,980,-1,956,980,960,-1,960,980,979,-1,960,979,961,-1,956,952,981,-1,981,952,969,-1,
        ]
    }
}
Shape{
    appearance Appearance {
        material  Material 	{
            diffuseColor 0.6470588235294118 0.6196078431372549 0.5882352941176471
            specularColor 0.45098039215686275 0.43529411764705883 0.4117647058823529
            ambientIntensity 0.6242
            transparency 0.0
            shininess 0.5
        }
    }
    geometry IndexedFaceSet {
        ccw TRUE
        solid FALSE
        coord DEF co Coordinate {
            point [
                -0.8461 0.6087 0.5669, -0.8461 0.5299 0.5669, -0.8628 0.6069 0.5669, -0.8462 0.5299 0.5669, -0.8787 0.6016 0.5669, -0.8463 0.5299 0.5669, -0.8932 0.5931 0.5669, -0.8463 0.5298 0.5669, -0.9055 0.5818 0.5669, -0.8464 0.5297 0.5669, -0.9055 0.5295 0.5669, -0.8464 0.5296 0.5669, -0.8465 0.5295 0.5669, -0.8461 0.6087 0.7874, -0.8628 0.6069 0.7874, -0.8787 0.6016 0.7874, -0.8932 0.5931 0.7874, -0.9055 0.5818 0.7874, -0.9055 0.5295 0.7874, -0.8465 0.5295 0.7874, -0.8464 0.5296 0.7874, -0.8461 0.5299 0.7874, -0.8462 0.5299 0.7874, -0.8463 0.5299 0.7874, -0.8464 0.5297 0.7874, -0.8463 0.5298 0.7874, -0.8461 0.6087 0.2913, -0.8461 0.6087 0.0, -0.8665 0.606 0.0, -0.8665 0.606 0.2913, -0.8856 0.5981 0.0, -0.8856 0.5981 0.2913, -0.902 0.5855 0.0, -0.902 0.5855 0.2913, -0.9146 0.5691 0.0, -0.9146 0.5691 0.2913, -0.9225 0.55 0.0, -0.9225 0.55 0.2913, -0.9252 0.5295 0.0, -0.9252 0.5295 0.2913, -0.8465 0.5295 0.2913, -0.8465 0.5295 0.0, -0.8464 0.5296 0.2913, -0.8464 0.5296 0.0, -0.8464 0.5297 0.2913, -0.8464 0.5297 0.0, -0.8463 0.5298 0.2913, -0.8463 0.5298 0.0, -0.8463 0.5299 0.2913, -0.8463 0.5299 0.0, -0.8462 0.5299 0.2913, -0.8462 0.5299 0.0, -0.8461 0.5299 0.2913, -0.8461 0.5299 0.0, -0.9252 0.2937 0.2913, -0.9252 0.3724 0.0, -0.9252 0.1756 0.1732, -0.9252 0.1786 0.1995, -0.9252 0.2543 -0.1968, -0.9252 0.2937 -0.1968, -0.9252 0.2014 0.2469, -0.9252 0.2201 0.2656, -0.9252 0.3724 -0.1181, -0.9252 0.1873 0.2245, -0.9252 0.2425 0.2796, -0.9252 0.2674 0.2884, -0.9252 0.3705 -0.1356, -0.9252 0.3646 -0.1523, -0.9252 0.3553 -0.1672, -0.9252 0.3428 -0.1797, -0.9252 0.3279 -0.1891, -0.9252 0.3112 -0.1949, -0.9252 0.2368 -0.1949, -0.9252 0.2202 -0.1891, -0.9252 0.2052 -0.1797, -0.9252 0.1834 -0.1523, -0.9252 0.1776 -0.1356, -0.9252 0.1756 -0.1181, -0.9252 0.1928 -0.1672, -0.8465 0.3705 -0.1356, -0.8465 0.3724 -0.1181, -0.8465 0.2937 -0.1968, -0.8465 0.2543 -0.1968, -0.8465 0.2014 0.2469, -0.8465 0.1873 0.2245, -0.8465 0.3724 0.0, -0.8465 0.2937 0.2913, -0.8465 0.2674 0.2884, -0.8465 0.1786 0.1995, -0.8465 0.1756 0.1732, -0.8465 0.1756 -0.1181, -0.8465 0.1776 -0.1356, -0.8465 0.1834 -0.1523, -0.8465 0.3428 -0.1797, -0.8465 0.3553 -0.1672, -0.8465 0.3279 -0.1891, -0.8465 0.3112 -0.1949, -0.8465 0.3646 -0.1523, -0.8465 0.2425 0.2796, -0.8465 0.2201 0.2656, -0.8465 0.1928 -0.1672, -0.8465 0.2052 -0.1797, -0.8465 0.2368 -0.1949, -0.8465 0.2202 -0.1891, 0.8461 0.6087 0.5669, 0.8461 0.6087 0.7874, 0.8628 0.6069 0.7874, 0.8628 0.6069 0.5669, 0.8787 0.6016 0.7874, 0.8787 0.6016 0.5669, 0.8932 0.5931 0.7874, 0.8932 0.5931 0.5669, 0.9055 0.5818 0.7874, 0.9055 0.5818 0.5669, 0.8465 0.5295 0.5669, 0.8465 0.5295 0.7874, 0.8464 0.5296 0.5669, 0.8464 0.5296 0.7874, 0.8464 0.5297 0.5669, 0.8464 0.5297 0.7874, 0.8463 0.5298 0.5669, 0.8463 0.5298 0.7874, 0.8463 0.5299 0.5669, 0.8463 0.5299 0.7874, 0.8462 0.5299 0.5669, 0.8462 0.5299 0.7874, 0.8461 0.5299 0.5669, 0.8461 0.5299 0.7874, 0.8071 0.5299 0.0197, 0.8071 0.5299 0.0, 0.8461 0.5299 0.0, 0.7677 0.5299 0.2461, 0.8461 0.5299 0.2913, 0.7677 0.5299 0.561, -0.3543 0.5299 0.561, 0.3543 0.5299 0.561, 0.5709 0.5299 0.2461, -0.7677 0.5299 0.0591, -0.7779 0.5299 0.0577, 0.7677 0.5299 0.0591, 0.7779 0.5299 0.0577, 0.7874 0.5299 0.0538, 0.7956 0.5299 0.0475, 0.8018 0.5299 0.0394, 0.8057 0.5299 0.0299, -0.5709 0.5299 0.2461, -0.3543 0.5299 0.2461, -0.5709 0.5299 0.561, -0.8071 0.5299 0.0, -0.8071 0.5299 0.0197, -0.8057 0.5299 0.0299, -0.8018 0.5299 0.0394, -0.7677 0.5299 0.2461, -0.7956 0.5299 0.0475, -0.7874 0.5299 0.0538, -0.7677 0.5299 0.561, 0.5709 0.5299 0.561, 0.3543 0.5299 0.2461, -0.5709 0.6087 0.561, -0.7677 0.6087 0.561, -0.7677 0.6087 0.2461, 0.5709 0.6087 0.561, -0.7677 0.6087 0.0591, -0.3543 0.6087 0.2461, 0.3543 0.6087 0.2461, 0.8461 0.6087 0.0, 0.8071 0.6087 0.0, 0.8071 0.6087 0.0197, 0.7874 0.6087 0.0538, 0.7779 0.6087 0.0577, 0.7677 0.6087 0.2461, 0.7677 0.6087 0.0591, 0.5709 0.6087 0.2461, 0.7677 0.6087 0.561, 0.8461 0.6087 0.2913, 0.8057 0.6087 0.0299, 0.8018 0.6087 0.0394, 0.7956 0.6087 0.0475, -0.8071 0.6087 0.0197, -0.8071 0.6087 0.0, -0.5709 0.6087 0.2461, -0.3543 0.6087 0.561, 0.3543 0.6087 0.561, -0.7779 0.6087 0.0577, -0.7874 0.6087 0.0538, -0.7956 0.6087 0.0475, -0.8018 0.6087 0.0394, -0.8057 0.6087 0.0299, 0.9055 0.5295 0.7874, 0.8665 0.606 0.2913, 0.8665 0.606 0.0, 0.8856 0.5981 0.2913, 0.8856 0.5981 0.0, 0.902 0.5855 0.2913, 0.902 0.5855 0.0, 0.9146 0.5691 0.2913, 0.9146 0.5691 0.0, 0.9225 0.55 0.2913, 0.9225 0.55 0.0, 0.9252 0.5295 0.2913, 0.9252 0.5295 0.0, 0.8465 0.5295 0.0, 0.8465 0.5295 0.2913, 0.8464 0.5296 0.0, 0.8464 0.5296 0.2913, 0.8464 0.5297 0.0, 0.8464 0.5297 0.2913, 0.8463 0.5298 0.0, 0.8463 0.5298 0.2913, 0.8463 0.5299 0.0, 0.8463 0.5299 0.2913, 0.8462 0.5299 0.0, 0.8462 0.5299 0.2913, 0.9252 0.3705 -0.1356, 0.9252 0.3724 -0.1181, 0.9252 0.2937 -0.1968, 0.9252 0.2543 -0.1968, 0.9252 0.2014 0.2469, 0.9252 0.1873 0.2245, 0.9252 0.3724 0.0, 0.9252 0.2937 0.2913, 0.9252 0.2674 0.2884, 0.9252 0.1786 0.1995, 0.9252 0.1756 0.1732, 0.9252 0.1756 -0.1181, 0.9252 0.1776 -0.1356, 0.9252 0.1834 -0.1523, 0.9252 0.3279 -0.1891, 0.9252 0.3428 -0.1797, 0.9252 0.3112 -0.1949, 0.9252 0.3553 -0.1672, 0.9252 0.3646 -0.1523, 0.9252 0.2425 0.2796, 0.9252 0.2201 0.2656, 0.9252 0.1928 -0.1672, 0.9252 0.2052 -0.1797, 0.9252 0.2368 -0.1949, 0.9252 0.2202 -0.1891, 0.8465 0.2014 0.2469, 0.8465 0.2201 0.2656, 0.8465 0.3724 0.0, 0.8465 0.2937 0.2913, 0.8465 0.3724 -0.1181, 0.8465 0.2937 -0.1968, 0.8465 0.3705 -0.1356, 0.8465 0.2543 -0.1968, 0.8465 0.1756 0.1732, 0.8465 0.1786 0.1995, 0.8465 0.1873 0.2245, 0.8465 0.2425 0.2796, 0.8465 0.2674 0.2884, 0.8465 0.3646 -0.1523, 0.8465 0.3553 -0.1672, 0.8465 0.3112 -0.1949, 0.8465 0.3428 -0.1797, 0.8465 0.3279 -0.1891, 0.8465 0.2368 -0.1949, 0.8465 0.2202 -0.1891, 0.8465 0.2052 -0.1797, 0.8465 0.1834 -0.1523, 0.8465 0.1776 -0.1356, 0.8465 0.1756 -0.1181, 0.8465 0.1928 -0.1672, 0.9055 0.5295 0.5669
            ]
        }
        coordIndex [
            0,1,2,-1,2,1,3,-1,2,3,4,-1,4,3,5,-1,4,5,6,-1,6,5,7,-1,6,7,8,-1,8,7,9,-1,8,9,10,-1,10,9,11,-1,10,11,12,-1,13,0,2,-1,13,2,14,-1,14,2,4,-1,14,4,15,-1,15,4,6,-1,15,6,16,-1,16,6,8,-1,16,8,17,-1,18,19,17,-1,17,19,20,-1,21,13,22,-1,22,13,14,-1,22,14,23,-1,20,24,17,-1,17,24,25,-1,17,25,16,-1,16,25,23,-1,16,23,15,-1,15,23,14,-1,10,12,18,-1,18,12,19,-1,26,27,28,-1,26,28,29,-1,29,28,30,-1,29,30,31,-1,31,30,32,-1,31,32,33,-1,33,32,34,-1,33,34,35,-1,35,34,36,-1,35,36,37,-1,37,36,38,-1,37,38,39,-1,40,41,42,-1,42,41,43,-1,42,43,44,-1,44,43,45,-1,44,45,46,-1,46,45,47,-1,46,47,48,-1,48,47,49,-1,48,49,50,-1,50,49,51,-1,50,51,52,-1,52,51,53,-1,19,12,20,-1,20,12,11,-1,20,11,24,-1,24,11,9,-1,24,9,25,-1,25,9,7,-1,25,7,23,-1,23,7,5,-1,23,5,22,-1,22,5,3,-1,22,3,21,-1,21,3,1,-1,39,38,54,-1,54,38,55,-1,56,57,58,-1,58,57,59,-1,60,61,55,-1,55,62,59,-1,59,57,55,-1,55,57,63,-1,55,63,60,-1,61,64,55,-1,55,64,65,-1,55,65,54,-1,62,66,59,-1,59,66,67,-1,59,67,68,-1,69,70,68,-1,68,70,71,-1,68,71,59,-1,72,73,74,-1,75,76,58,-1,58,76,77,-1,58,77,56,-1,72,74,58,-1,58,74,78,-1,58,78,75,-1,79,80,81,-1,81,80,82,-1,83,84,85,-1,41,40,85,-1,85,40,86,-1,85,86,87,-1,84,88,85,-1,85,88,89,-1,85,89,80,-1,80,89,90,-1,80,90,82,-1,82,90,91,-1,82,91,92,-1,93,94,95,-1,95,94,96,-1,96,94,81,-1,81,94,97,-1,81,97,79,-1,87,98,85,-1,85,98,99,-1,85,99,83,-1,92,100,82,-1,82,100,101,-1,82,101,102,-1,102,101,103,-1,104,105,106,-1,104,106,107,-1,107,106,108,-1,107,108,109,-1,109,108,110,-1,109,110,111,-1,111,110,112,-1,111,112,113,-1,114,115,116,-1,116,115,117,-1,116,117,118,-1,118,117,119,-1,118,119,120,-1,120,119,121,-1,120,121,122,-1,122,121,123,-1,122,123,124,-1,124,123,125,-1,124,125,126,-1,126,125,127,-1,128,129,130,-1,131,130,132,-1,131,132,133,-1,134,135,127,-1,131,136,137,-1,137,136,138,-1,137,139,131,-1,131,139,140,-1,131,140,141,-1,141,142,131,-1,131,142,143,-1,131,143,130,-1,130,143,144,-1,130,144,128,-1,145,146,147,-1,147,146,134,-1,53,148,149,-1,149,150,53,-1,53,150,151,-1,53,151,152,-1,152,151,153,-1,152,153,154,-1,134,127,147,-1,147,127,21,-1,147,21,155,-1,155,21,1,-1,155,1,152,-1,152,1,52,-1,152,52,53,-1,132,126,133,-1,133,126,127,-1,133,127,156,-1,156,127,135,-1,156,135,136,-1,136,135,157,-1,136,157,138,-1,138,157,146,-1,138,146,154,-1,154,146,145,-1,154,145,152,-1,158,159,13,-1,160,27,26,-1,161,13,105,-1,160,26,159,-1,159,26,0,-1,159,0,13,-1,162,163,164,-1,165,166,167,-1,168,169,170,-1,170,169,171,-1,170,171,172,-1,161,105,173,-1,173,105,104,-1,173,104,170,-1,170,104,174,-1,170,174,165,-1,167,175,165,-1,165,175,176,-1,165,176,170,-1,170,176,177,-1,170,177,168,-1,178,179,27,-1,180,158,181,-1,181,158,13,-1,181,13,182,-1,182,13,161,-1,182,161,164,-1,164,161,172,-1,164,172,162,-1,162,172,171,-1,181,163,180,-1,180,163,162,-1,180,162,160,-1,160,162,183,-1,160,183,184,-1,184,185,160,-1,160,185,186,-1,160,186,27,-1,27,186,187,-1,27,187,178,-1,127,105,21,-1,21,105,13,-1,134,146,181,-1,181,146,163,-1,146,157,163,-1,163,157,164,-1,157,135,164,-1,164,135,182,-1,135,134,182,-1,182,134,181,-1,156,136,161,-1,161,136,172,-1,136,131,172,-1,172,131,170,-1,131,133,170,-1,170,133,173,-1,133,156,173,-1,173,156,161,-1,155,152,159,-1,159,152,160,-1,152,145,160,-1,160,145,180,-1,145,147,180,-1,180,147,158,-1,147,155,158,-1,158,155,159,-1,105,127,106,-1,106,127,125,-1,106,125,108,-1,108,125,123,-1,108,123,110,-1,110,123,121,-1,110,121,112,-1,112,121,119,-1,112,119,188,-1,188,119,117,-1,188,117,115,-1,165,174,189,-1,165,189,190,-1,190,189,191,-1,190,191,192,-1,192,191,193,-1,192,193,194,-1,194,193,195,-1,194,195,196,-1,196,195,197,-1,196,197,198,-1,198,197,199,-1,198,199,200,-1,201,202,203,-1,203,202,204,-1,203,204,205,-1,205,204,206,-1,205,206,207,-1,207,206,208,-1,207,208,209,-1,209,208,210,-1,209,210,211,-1,211,210,212,-1,211,212,130,-1,130,212,132,-1,213,214,215,-1,215,214,216,-1,217,218,219,-1,200,199,219,-1,219,199,220,-1,219,220,221,-1,218,222,219,-1,219,222,223,-1,219,223,214,-1,214,223,224,-1,214,224,216,-1,216,224,225,-1,216,225,226,-1,227,228,229,-1,229,228,230,-1,229,230,215,-1,215,230,231,-1,215,231,213,-1,221,232,219,-1,219,232,233,-1,219,233,217,-1,226,234,216,-1,216,234,235,-1,216,235,236,-1,236,235,237,-1,238,239,240,-1,202,201,241,-1,241,201,240,-1,240,242,243,-1,243,242,244,-1,245,246,243,-1,243,246,247,-1,243,247,240,-1,240,247,248,-1,240,248,238,-1,239,249,240,-1,240,249,250,-1,240,250,241,-1,244,251,243,-1,243,251,252,-1,243,252,253,-1,253,252,254,-1,253,254,255,-1,256,257,258,-1,259,260,245,-1,245,260,261,-1,245,261,246,-1,256,258,245,-1,245,258,262,-1,245,262,259,-1,149,148,178,-1,178,148,179,-1,139,137,171,-1,171,137,162,-1,167,166,128,-1,128,166,129,-1,129,166,130,-1,130,166,165,-1,130,165,211,-1,211,165,190,-1,211,190,209,-1,209,190,192,-1,209,192,207,-1,207,192,194,-1,207,194,205,-1,205,194,196,-1,205,196,203,-1,203,196,198,-1,203,198,201,-1,201,198,200,-1,201,200,240,-1,240,200,219,-1,85,55,41,-1,41,55,38,-1,41,38,43,-1,43,38,36,-1,43,36,45,-1,45,36,34,-1,45,34,47,-1,47,34,32,-1,47,32,49,-1,49,32,30,-1,49,30,51,-1,51,30,28,-1,51,28,53,-1,53,28,27,-1,53,27,148,-1,148,27,179,-1,162,137,183,-1,183,137,138,-1,183,138,184,-1,184,138,154,-1,184,154,185,-1,185,154,153,-1,185,153,186,-1,186,153,151,-1,186,151,187,-1,187,151,150,-1,187,150,178,-1,178,150,149,-1,167,128,175,-1,175,128,144,-1,175,144,176,-1,176,144,143,-1,176,143,177,-1,177,143,142,-1,177,142,168,-1,168,142,141,-1,168,141,169,-1,169,141,140,-1,169,140,171,-1,171,140,139,-1,104,126,174,-1,174,126,132,-1,113,263,114,-1,120,104,107,-1,120,122,104,-1,104,122,124,-1,104,124,126,-1,114,116,113,-1,113,116,118,-1,113,118,111,-1,111,118,120,-1,111,120,109,-1,109,120,107,-1,241,220,202,-1,202,220,199,-1,202,199,204,-1,204,199,197,-1,204,197,206,-1,206,197,195,-1,206,195,208,-1,208,195,193,-1,208,193,210,-1,210,193,191,-1,210,191,212,-1,212,191,189,-1,212,189,132,-1,132,189,174,-1,188,115,263,-1,263,115,114,-1,188,263,112,-1,112,263,113,-1,242,240,214,-1,214,240,219,-1,242,214,213,-1,242,213,244,-1,244,213,231,-1,244,231,251,-1,251,231,230,-1,251,230,252,-1,252,230,228,-1,252,228,254,-1,254,228,227,-1,254,227,255,-1,255,227,229,-1,255,229,253,-1,253,229,215,-1,253,215,243,-1,245,243,216,-1,216,243,215,-1,245,216,236,-1,245,236,256,-1,256,236,237,-1,256,237,257,-1,257,237,235,-1,257,235,258,-1,258,235,234,-1,258,234,262,-1,262,234,226,-1,262,226,259,-1,259,226,225,-1,259,225,260,-1,260,225,224,-1,260,224,261,-1,246,261,223,-1,223,261,224,-1,246,223,222,-1,246,222,247,-1,247,222,218,-1,247,218,248,-1,248,218,217,-1,248,217,238,-1,238,217,233,-1,238,233,239,-1,239,233,232,-1,239,232,249,-1,249,232,221,-1,249,221,250,-1,250,221,220,-1,250,220,241,-1,0,26,1,-1,1,26,52,-1,52,26,50,-1,50,26,29,-1,50,29,48,-1,48,29,31,-1,48,31,46,-1,46,31,33,-1,46,33,44,-1,44,33,35,-1,44,35,42,-1,42,35,37,-1,42,37,40,-1,40,37,39,-1,40,39,86,-1,86,39,54,-1,18,17,10,-1,10,17,8,-1,86,54,65,-1,86,65,87,-1,87,65,64,-1,87,64,98,-1,98,64,61,-1,98,61,99,-1,99,61,60,-1,99,60,83,-1,83,60,63,-1,83,63,84,-1,84,63,57,-1,84,57,88,-1,88,57,56,-1,88,56,89,-1,90,89,77,-1,77,89,56,-1,90,77,76,-1,90,76,91,-1,91,76,75,-1,91,75,92,-1,92,75,78,-1,92,78,100,-1,100,78,74,-1,100,74,101,-1,101,74,73,-1,101,73,103,-1,103,73,72,-1,103,72,102,-1,102,72,58,-1,102,58,82,-1,81,82,59,-1,59,82,58,-1,81,59,71,-1,81,71,96,-1,96,71,70,-1,96,70,95,-1,95,70,69,-1,95,69,93,-1,93,69,68,-1,93,68,94,-1,94,68,67,-1,94,67,97,-1,97,67,66,-1,97,66,79,-1,79,66,62,-1,79,62,80,-1,85,80,55,-1,55,80,62,-1,
        ]
    }
}
Shape{
    appearance Appearance {
        material  Material 	{
            diffuseColor 0.0 0.0 0.0
            specularColor 0.0 0.0 0.0
            ambientIntensity 0.0
            transparency 0.0
            shininess 0.5
        }
    }
    geometry IndexedFaceSet {
        ccw TRUE
        solid FALSE
        coord DEF co Coordinate {
            point [
                0.1369 -0.2614 0.4132, 0.1369 -0.2614 0.4071, 0.1369 -0.2575 0.4132, 0.1369 -0.2575 0.4071, 0.1151 -0.2614 0.4132, 0.1151 -0.2575 0.4132, 0.1151 -0.2614 0.4311, 0.1151 -0.2575 0.4311, 0.1342 -0.2614 0.4311, 0.1342 -0.2575 0.4311, 0.1342 -0.2614 0.4372, 0.1342 -0.2575 0.4372, 0.1151 -0.2614 0.4372, 0.1151 -0.2575 0.4372, 0.1151 -0.2614 0.4543, 0.1151 -0.2575 0.4543, 0.1357 -0.2614 0.4543, 0.1357 -0.2575 0.4543, 0.1357 -0.2614 0.4605, 0.1357 -0.2575 0.4605, 0.1082 -0.2614 0.4605, 0.1082 -0.2575 0.4605, 0.1082 -0.2614 0.4071, 0.1082 -0.2575 0.4071, 0.2038 -0.2614 0.3285, 0.2038 -0.2614 0.3224, 0.2038 -0.2575 0.3285, 0.2038 -0.2575 0.3224, 0.182 -0.2614 0.3285, 0.182 -0.2575 0.3285, 0.182 -0.2614 0.3465, 0.182 -0.2575 0.3465, 0.2011 -0.2614 0.3465, 0.2011 -0.2575 0.3465, 0.2011 -0.2614 0.3526, 0.2011 -0.2575 0.3526, 0.182 -0.2614 0.3526, 0.182 -0.2575 0.3526, 0.182 -0.2614 0.3697, 0.182 -0.2575 0.3697, 0.2026 -0.2614 0.3697, 0.2026 -0.2575 0.3697, 0.2026 -0.2614 0.3758, 0.2026 -0.2575 0.3758, 0.1751 -0.2614 0.3758, 0.1751 -0.2575 0.3758, 0.1751 -0.2614 0.3224, 0.1751 -0.2575 0.3224, 0.0738 -0.2614 0.3396, 0.0753 -0.2614 0.34, 0.0863 -0.2614 0.3466, 0.0774 -0.2614 0.3403, 0.0679 -0.2614 0.3428, 0.0709 -0.2614 0.338, 0.0717 -0.2614 0.3386, 0.0839 -0.2614 0.3541, 0.0875 -0.2614 0.3594, 0.0832 -0.2614 0.3548, 0.0863 -0.2614 0.3601, 0.0823 -0.2614 0.3553, 0.085 -0.2614 0.3606, 0.0812 -0.2614 0.3557, 0.0863 -0.2614 0.3375, 0.0862 -0.2614 0.3361, 0.093 -0.2614 0.3469, 0.0704 -0.2614 0.3294, 0.0699 -0.2614 0.3302, 0.0643 -0.2614 0.326, 0.0666 -0.2614 0.342, 0.0656 -0.2614 0.3411, 0.0703 -0.2614 0.3373, 0.0863 -0.2614 0.3224, 0.093 -0.2614 0.3224, 0.0863 -0.2614 0.3283, 0.0859 -0.2614 0.3347, 0.0852 -0.2614 0.3525, 0.0904 -0.2614 0.3568, 0.0846 -0.2614 0.3534, 0.0895 -0.2614 0.3578, 0.0886 -0.2614 0.3587, 0.0654 -0.2614 0.3409, 0.0645 -0.2614 0.3399, 0.0698 -0.2614 0.3364, 0.0638 -0.2614 0.3389, 0.0695 -0.2614 0.3355, 0.075 -0.2614 0.3451, 0.0729 -0.2614 0.3447, 0.0726 -0.2614 0.3391, 0.071 -0.2614 0.3442, 0.0693 -0.2614 0.3435, 0.086 -0.2614 0.3502, 0.0923 -0.2614 0.3528, 0.0856 -0.2614 0.3514, 0.0918 -0.2614 0.3543, 0.0911 -0.2614 0.3556, 0.0711 -0.2614 0.3287, 0.0678 -0.2614 0.323, 0.0719 -0.2614 0.3281, 0.0691 -0.2614 0.3224, 0.0728 -0.2614 0.3276, 0.0704 -0.2614 0.322, 0.0738 -0.2614 0.3273, 0.0651 -0.2614 0.325, 0.0656 -0.2614 0.3245, 0.0667 -0.2614 0.3237, 0.0692 -0.2614 0.3321, 0.0627 -0.2614 0.3296, 0.0695 -0.2614 0.3311, 0.0631 -0.2614 0.3283, 0.0636 -0.2614 0.3271, 0.0929 -0.2614 0.3491, 0.0863 -0.2614 0.3415, 0.0863 -0.2614 0.3379, 0.0862 -0.2614 0.3488, 0.0927 -0.2614 0.3511, 0.0863 -0.2614 0.3471, 0.0633 -0.2614 0.3377, 0.0628 -0.2614 0.3364, 0.0692 -0.2614 0.3344, 0.0625 -0.2614 0.335, 0.0691 -0.2614 0.3332, 0.0835 -0.2614 0.361, 0.0819 -0.2614 0.3613, 0.08 -0.2614 0.3559, 0.08 -0.2614 0.3614, 0.0786 -0.2614 0.356, 0.0792 -0.2614 0.3614, 0.0779 -0.2614 0.356, 0.077 -0.2614 0.3613, 0.0761 -0.2614 0.3558, 0.0748 -0.2614 0.3611, 0.0744 -0.2614 0.3555, 0.0728 -0.2614 0.3607, 0.0727 -0.2614 0.355, 0.0708 -0.2614 0.3601, 0.071 -0.2614 0.3544, 0.069 -0.2614 0.3594, 0.0693 -0.2614 0.3536, 0.0673 -0.2614 0.3585, 0.0677 -0.2614 0.3526, 0.0661 -0.2614 0.3579, 0.0661 -0.2614 0.3514, 0.0855 -0.2614 0.3334, 0.085 -0.2614 0.3323, 0.0861 -0.2614 0.3283, 0.0843 -0.2614 0.3311, 0.0858 -0.2614 0.3278, 0.0776 -0.2614 0.3271, 0.0791 -0.2614 0.3222, 0.0789 -0.2614 0.3273, 0.0804 -0.2614 0.3228, 0.0801 -0.2614 0.3277, 0.0817 -0.2614 0.3235, 0.0812 -0.2614 0.3283, 0.0624 -0.2614 0.3335, 0.0624 -0.2614 0.3326, 0.0624 -0.2614 0.331, 0.0828 -0.2614 0.3243, 0.0839 -0.2614 0.3253, 0.0822 -0.2614 0.329, 0.0849 -0.2614 0.3264, 0.0832 -0.2614 0.3298, 0.0834 -0.2614 0.3301, 0.0719 -0.2614 0.3217, 0.0735 -0.2614 0.3215, 0.075 -0.2614 0.3271, 0.0745 -0.2614 0.3215, 0.0762 -0.2614 0.327, 0.0761 -0.2614 0.3216, 0.0777 -0.2614 0.3218, 0.0677 -0.2575 0.3526, 0.0661 -0.2575 0.3514, 0.0661 -0.2575 0.3579, 0.0832 -0.2575 0.3548, 0.0875 -0.2575 0.3594, 0.0839 -0.2575 0.3541, 0.0886 -0.2575 0.3587, 0.0846 -0.2575 0.3534, 0.0704 -0.2575 0.3294, 0.0643 -0.2575 0.326, 0.0699 -0.2575 0.3302, 0.0636 -0.2575 0.3271, 0.0695 -0.2575 0.3311, 0.0709 -0.2575 0.338, 0.0703 -0.2575 0.3373, 0.0656 -0.2575 0.3411, 0.0859 -0.2575 0.3347, 0.0862 -0.2575 0.3361, 0.093 -0.2575 0.3469, 0.0692 -0.2575 0.3321, 0.0624 -0.2575 0.3326, 0.0691 -0.2575 0.3332, 0.0624 -0.2575 0.3335, 0.0692 -0.2575 0.3344, 0.0698 -0.2575 0.3364, 0.0645 -0.2575 0.3399, 0.0654 -0.2575 0.3409, 0.0895 -0.2575 0.3578, 0.0904 -0.2575 0.3568, 0.0852 -0.2575 0.3525, 0.0911 -0.2575 0.3556, 0.0856 -0.2575 0.3514, 0.08 -0.2575 0.3559, 0.0819 -0.2575 0.3613, 0.0812 -0.2575 0.3557, 0.0835 -0.2575 0.361, 0.0823 -0.2575 0.3553, 0.085 -0.2575 0.3606, 0.0863 -0.2575 0.3601, 0.0855 -0.2575 0.3334, 0.0863 -0.2575 0.3283, 0.0863 -0.2575 0.3224, 0.093 -0.2575 0.3224, 0.0631 -0.2575 0.3283, 0.0627 -0.2575 0.3296, 0.0624 -0.2575 0.331, 0.0711 -0.2575 0.3287, 0.0656 -0.2575 0.3245, 0.0651 -0.2575 0.325, 0.0719 -0.2575 0.3281, 0.0678 -0.2575 0.323, 0.0667 -0.2575 0.3237, 0.0666 -0.2575 0.342, 0.0679 -0.2575 0.3428, 0.0717 -0.2575 0.3386, 0.0693 -0.2575 0.3435, 0.0726 -0.2575 0.3391, 0.071 -0.2575 0.3442, 0.0738 -0.2575 0.3396, 0.0729 -0.2575 0.3447, 0.0753 -0.2575 0.34, 0.075 -0.2575 0.3451, 0.0625 -0.2575 0.335, 0.0628 -0.2575 0.3364, 0.0695 -0.2575 0.3355, 0.0633 -0.2575 0.3377, 0.0638 -0.2575 0.3389, 0.0863 -0.2575 0.3415, 0.0929 -0.2575 0.3491, 0.0863 -0.2575 0.3379, 0.0863 -0.2575 0.3375, 0.0918 -0.2575 0.3543, 0.0923 -0.2575 0.3528, 0.086 -0.2575 0.3502, 0.0927 -0.2575 0.3511, 0.0862 -0.2575 0.3488, 0.0863 -0.2575 0.3471, 0.0863 -0.2575 0.3466, 0.0774 -0.2575 0.3403, 0.0858 -0.2575 0.3278, 0.0849 -0.2575 0.3264, 0.0822 -0.2575 0.329, 0.0839 -0.2575 0.3253, 0.0812 -0.2575 0.3283, 0.0828 -0.2575 0.3243, 0.0801 -0.2575 0.3277, 0.0817 -0.2575 0.3235, 0.0789 -0.2575 0.3273, 0.0693 -0.2575 0.3536, 0.0673 -0.2575 0.3585, 0.071 -0.2575 0.3544, 0.069 -0.2575 0.3594, 0.0727 -0.2575 0.355, 0.0708 -0.2575 0.3601, 0.0744 -0.2575 0.3555, 0.0728 -0.2575 0.3607, 0.0761 -0.2575 0.3558, 0.0748 -0.2575 0.3611, 0.0779 -0.2575 0.356, 0.077 -0.2575 0.3613, 0.0786 -0.2575 0.356, 0.0792 -0.2575 0.3614, 0.08 -0.2575 0.3614, 0.075 -0.2575 0.3271, 0.0735 -0.2575 0.3215, 0.0738 -0.2575 0.3273, 0.0719 -0.2575 0.3217, 0.0728 -0.2575 0.3276, 0.0704 -0.2575 0.322, 0.0691 -0.2575 0.3224, 0.0804 -0.2575 0.3228, 0.0791 -0.2575 0.3222, 0.0776 -0.2575 0.3271, 0.0777 -0.2575 0.3218, 0.0762 -0.2575 0.327, 0.0761 -0.2575 0.3216, 0.0745 -0.2575 0.3215, 0.0832 -0.2575 0.3298, 0.0834 -0.2575 0.3301, 0.0861 -0.2575 0.3283, 0.0843 -0.2575 0.3311, 0.085 -0.2575 0.3323
            ]
        }
        coordIndex [
            0,1,2,-1,2,1,3,-1,4,0,5,-1,5,0,2,-1,6,4,7,-1,7,4,5,-1,8,6,9,-1,9,6,7,-1,10,8,11,-1,11,8,9,-1,12,10,13,-1,13,10,11,-1,14,12,15,-1,15,12,13,-1,16,14,17,-1,17,14,15,-1,18,16,19,-1,19,16,17,-1,20,18,21,-1,21,18,19,-1,22,20,23,-1,23,20,21,-1,1,22,3,-1,3,22,23,-1,22,1,0,-1,0,4,22,-1,22,4,6,-1,22,6,20,-1,16,18,14,-1,14,18,20,-1,14,20,12,-1,12,20,6,-1,12,6,10,-1,10,6,8,-1,19,17,21,-1,21,17,15,-1,11,9,13,-1,13,9,7,-1,2,3,5,-1,5,3,23,-1,5,23,7,-1,7,23,21,-1,7,21,13,-1,13,21,15,-1,24,25,26,-1,26,25,27,-1,28,24,29,-1,29,24,26,-1,30,28,31,-1,31,28,29,-1,32,30,33,-1,33,30,31,-1,34,32,35,-1,35,32,33,-1,36,34,37,-1,37,34,35,-1,38,36,39,-1,39,36,37,-1,40,38,41,-1,41,38,39,-1,42,40,43,-1,43,40,41,-1,44,42,45,-1,45,42,43,-1,46,44,47,-1,47,44,45,-1,25,46,27,-1,27,46,47,-1,40,42,38,-1,38,42,44,-1,38,44,36,-1,25,24,46,-1,46,24,28,-1,46,28,30,-1,32,34,30,-1,30,34,36,-1,30,36,46,-1,46,36,44,-1,45,43,41,-1,41,39,45,-1,45,39,37,-1,45,37,47,-1,26,27,29,-1,29,27,47,-1,29,47,31,-1,31,47,37,-1,31,37,33,-1,33,37,35,-1,48,49,50,-1,50,49,51,-1,52,53,54,-1,55,56,57,-1,57,56,58,-1,57,58,59,-1,59,58,60,-1,59,60,61,-1,62,63,64,-1,65,66,67,-1,52,68,53,-1,53,68,69,-1,53,69,70,-1,71,72,73,-1,73,72,64,-1,73,64,74,-1,74,64,63,-1,75,76,77,-1,77,76,78,-1,77,78,55,-1,55,78,79,-1,55,79,56,-1,69,80,70,-1,70,80,81,-1,70,81,82,-1,82,81,83,-1,82,83,84,-1,50,85,48,-1,48,85,86,-1,48,86,87,-1,87,86,88,-1,87,88,54,-1,54,88,89,-1,54,89,52,-1,90,91,92,-1,92,91,93,-1,92,93,75,-1,75,93,94,-1,75,94,76,-1,95,96,97,-1,97,96,98,-1,97,98,99,-1,99,98,100,-1,99,100,101,-1,67,102,65,-1,65,102,103,-1,65,103,95,-1,95,103,104,-1,95,104,96,-1,105,106,107,-1,107,106,108,-1,107,108,66,-1,66,108,109,-1,66,109,67,-1,110,111,64,-1,64,111,112,-1,64,112,62,-1,113,110,90,-1,90,110,114,-1,90,114,91,-1,51,111,50,-1,50,111,110,-1,50,110,115,-1,115,110,113,-1,83,116,84,-1,84,116,117,-1,84,117,118,-1,118,117,119,-1,118,119,120,-1,60,121,61,-1,61,121,122,-1,61,122,123,-1,123,122,124,-1,123,124,125,-1,125,124,126,-1,125,126,127,-1,127,126,128,-1,127,128,129,-1,129,128,130,-1,129,130,131,-1,131,130,132,-1,131,132,133,-1,133,132,134,-1,133,134,135,-1,135,134,136,-1,135,136,137,-1,137,136,138,-1,137,138,139,-1,139,138,140,-1,139,140,141,-1,74,142,73,-1,73,142,143,-1,73,143,144,-1,144,143,145,-1,144,145,146,-1,147,148,149,-1,149,148,150,-1,149,150,151,-1,151,150,152,-1,151,152,153,-1,119,154,120,-1,120,154,155,-1,120,155,105,-1,105,155,156,-1,105,156,106,-1,152,157,153,-1,153,157,158,-1,153,158,159,-1,159,158,160,-1,159,160,161,-1,161,160,146,-1,161,146,162,-1,162,146,145,-1,100,163,101,-1,101,163,164,-1,101,164,165,-1,165,164,166,-1,165,166,167,-1,167,166,168,-1,167,168,147,-1,147,168,169,-1,147,169,148,-1,170,171,172,-1,173,174,175,-1,175,174,176,-1,175,176,177,-1,178,179,180,-1,180,179,181,-1,180,181,182,-1,183,184,185,-1,186,187,188,-1,189,190,191,-1,191,190,192,-1,191,192,193,-1,194,195,184,-1,184,195,196,-1,184,196,185,-1,176,197,177,-1,177,197,198,-1,177,198,199,-1,199,198,200,-1,199,200,201,-1,202,203,204,-1,204,203,205,-1,204,205,206,-1,206,205,207,-1,206,207,173,-1,173,207,208,-1,173,208,174,-1,209,186,210,-1,210,186,188,-1,210,188,211,-1,211,188,212,-1,181,213,182,-1,182,213,214,-1,182,214,189,-1,189,214,215,-1,189,215,190,-1,216,217,178,-1,178,217,218,-1,178,218,179,-1,219,220,216,-1,216,220,221,-1,216,221,217,-1,185,222,183,-1,183,222,223,-1,183,223,224,-1,224,223,225,-1,224,225,226,-1,226,225,227,-1,226,227,228,-1,228,227,229,-1,228,229,230,-1,230,229,231,-1,192,232,193,-1,193,232,233,-1,193,233,234,-1,234,233,235,-1,234,235,194,-1,194,235,236,-1,194,236,195,-1,237,238,239,-1,239,238,188,-1,239,188,240,-1,240,188,187,-1,200,241,201,-1,201,241,242,-1,201,242,243,-1,243,242,244,-1,243,244,245,-1,245,244,238,-1,245,238,246,-1,246,238,247,-1,247,238,237,-1,247,237,231,-1,231,237,248,-1,231,248,230,-1,249,250,251,-1,251,250,252,-1,251,252,253,-1,253,252,254,-1,253,254,255,-1,255,254,256,-1,255,256,257,-1,170,172,258,-1,258,172,259,-1,258,259,260,-1,260,259,261,-1,260,261,262,-1,262,261,263,-1,262,263,264,-1,264,263,265,-1,264,265,266,-1,266,265,267,-1,266,267,268,-1,268,267,269,-1,268,269,270,-1,270,269,271,-1,270,271,202,-1,202,271,272,-1,202,272,203,-1,273,274,275,-1,275,274,276,-1,275,276,277,-1,277,276,278,-1,277,278,219,-1,219,278,279,-1,219,279,220,-1,256,280,257,-1,257,280,281,-1,257,281,282,-1,282,281,283,-1,282,283,284,-1,284,283,285,-1,284,285,273,-1,273,285,286,-1,273,286,274,-1,251,287,249,-1,249,287,288,-1,249,288,289,-1,289,288,290,-1,289,290,210,-1,210,290,291,-1,210,291,209,-1,126,271,269,-1,126,269,128,-1,128,269,267,-1,128,267,130,-1,130,267,265,-1,130,265,132,-1,132,265,263,-1,132,263,134,-1,134,263,261,-1,134,261,136,-1,136,261,259,-1,136,259,138,-1,138,259,172,-1,138,172,140,-1,141,140,171,-1,171,140,172,-1,141,171,170,-1,141,170,139,-1,139,170,258,-1,139,258,137,-1,137,258,260,-1,137,260,135,-1,135,260,262,-1,135,262,133,-1,133,262,264,-1,133,264,131,-1,131,264,266,-1,131,266,129,-1,129,266,268,-1,129,268,127,-1,127,268,270,-1,127,270,125,-1,125,270,202,-1,125,202,123,-1,123,202,204,-1,123,204,61,-1,61,204,206,-1,61,206,59,-1,59,206,173,-1,59,173,57,-1,57,173,175,-1,57,175,55,-1,55,175,177,-1,55,177,77,-1,77,177,199,-1,77,199,75,-1,75,199,201,-1,75,201,92,-1,92,201,243,-1,92,243,90,-1,90,243,245,-1,90,245,113,-1,113,245,246,-1,113,246,115,-1,115,246,247,-1,115,247,50,-1,85,50,231,-1,231,50,247,-1,85,231,229,-1,85,229,86,-1,86,229,227,-1,86,227,88,-1,88,227,225,-1,88,225,89,-1,89,225,223,-1,89,223,52,-1,52,223,222,-1,52,222,68,-1,68,222,185,-1,68,185,69,-1,69,185,196,-1,69,196,80,-1,80,196,195,-1,80,195,81,-1,81,195,236,-1,81,236,83,-1,83,236,235,-1,83,235,116,-1,116,235,233,-1,116,233,117,-1,117,233,232,-1,117,232,119,-1,119,232,192,-1,119,192,154,-1,154,192,190,-1,154,190,155,-1,155,190,215,-1,155,215,156,-1,156,215,214,-1,156,214,106,-1,106,214,213,-1,106,213,108,-1,108,213,181,-1,108,181,109,-1,109,181,179,-1,109,179,67,-1,67,179,218,-1,67,218,102,-1,102,218,217,-1,102,217,103,-1,103,217,221,-1,103,221,104,-1,104,221,220,-1,104,220,96,-1,96,220,279,-1,96,279,98,-1,98,279,278,-1,98,278,100,-1,100,278,276,-1,100,276,163,-1,163,276,274,-1,163,274,164,-1,164,274,286,-1,164,286,166,-1,166,286,285,-1,166,285,168,-1,168,285,283,-1,168,283,169,-1,169,283,281,-1,169,281,148,-1,148,281,280,-1,148,280,150,-1,150,280,256,-1,150,256,152,-1,152,256,254,-1,152,254,157,-1,157,254,252,-1,157,252,158,-1,158,252,250,-1,158,250,160,-1,160,250,249,-1,160,249,146,-1,146,249,289,-1,146,289,144,-1,73,144,210,-1,210,144,289,-1,71,73,211,-1,211,73,210,-1,72,71,212,-1,212,71,211,-1,64,72,188,-1,188,72,212,-1,64,188,238,-1,64,238,110,-1,110,238,244,-1,110,244,114,-1,114,244,242,-1,114,242,91,-1,91,242,241,-1,91,241,93,-1,93,241,200,-1,93,200,94,-1,94,200,198,-1,94,198,76,-1,76,198,197,-1,76,197,78,-1,78,197,176,-1,78,176,79,-1,79,176,174,-1,79,174,56,-1,56,174,208,-1,56,208,58,-1,58,208,207,-1,58,207,60,-1,60,207,205,-1,60,205,121,-1,121,205,203,-1,121,203,122,-1,122,203,272,-1,122,272,124,-1,124,272,271,-1,124,271,126,-1,53,183,224,-1,53,224,54,-1,54,224,226,-1,54,226,87,-1,87,226,228,-1,87,228,48,-1,48,228,230,-1,48,230,49,-1,49,230,248,-1,49,248,51,-1,120,191,193,-1,120,193,118,-1,118,193,234,-1,118,234,84,-1,84,234,194,-1,84,194,82,-1,82,194,184,-1,82,184,70,-1,70,184,183,-1,70,183,53,-1,95,216,178,-1,95,178,65,-1,65,178,180,-1,65,180,66,-1,66,180,182,-1,66,182,107,-1,107,182,189,-1,107,189,105,-1,105,189,191,-1,105,191,120,-1,167,284,273,-1,167,273,165,-1,165,273,275,-1,165,275,101,-1,101,275,277,-1,101,277,99,-1,99,277,219,-1,99,219,97,-1,97,219,216,-1,97,216,95,-1,162,288,287,-1,162,287,161,-1,161,287,251,-1,161,251,159,-1,159,251,253,-1,159,253,153,-1,153,253,255,-1,153,255,151,-1,151,255,257,-1,151,257,149,-1,149,257,282,-1,149,282,147,-1,147,282,284,-1,147,284,167,-1,112,239,240,-1,112,240,62,-1,62,240,187,-1,62,187,63,-1,63,187,186,-1,63,186,74,-1,74,186,209,-1,74,209,142,-1,142,209,291,-1,142,291,143,-1,143,291,290,-1,143,290,145,-1,145,290,288,-1,145,288,162,-1,112,111,239,-1,239,111,237,-1,111,51,237,-1,237,51,248,-1,
        ]
    }
}