#VRML V2.0 utf8
# 3D model generated by easyeda2kicad.py (https://github.com/uPesy/easyeda2kicad.py)

Shape{
    appearance Appearance {
        material  Material 	{
            diffuseColor 1.0 1.0 1.0
            specularColor 0.5019607843137255 0.5019607843137255 0.5019607843137255
            ambientIntensity 1.0
            transparency 0.0
            shininess 0.5
        }
    }
    geometry IndexedFaceSet {
        ccw TRUE
        solid FALSE
        coord DEF co Coordinate {
            point [
                0.6492 0.4736 0.0197, 0.501 0.4736 0.0197, 0.6492 0.4736 0.2559, 0.501 0.4736 0.2559, 0.6492 0.4539 0.0197, 0.6492 0.4539 0.2559, 0.501 0.4539 0.0197, 0.501 0.4539 0.2559
            ]
        }
        coordIndex [
            0,1,2,-1,2,1,3,-1,4,0,5,-1,5,0,2,-1,6,4,7,-1,7,4,5,-1,1,6,3,-1,3,6,7,-1,4,6,0,-1,0,6,1,-1,7,5,3,-1,3,5,2,-1,
        ]
    }
}
Shape{
    appearance Appearance {
        material  Material 	{
            diffuseColor 0.7529411764705882 0.7529411764705882 0.7529411764705882
            specularColor 0.3764705882352941 0.3764705882352941 0.3764705882352941
            ambientIntensity 0.7529
            transparency 0.0
            shininess 0.5
        }
    }
    geometry IndexedFaceSet {
        ccw TRUE
        solid FALSE
        coord DEF co Coordinate {
            point [
                -0.4134 -0.0102 0.0197, -0.4134 0.1193 0.0197, 0.1861 0.1193 0.0197, 0.2699 -0.0184 0.0197, 0.2776 -0.0193 0.0197, 0.2528 -0.0775 0.0197, 0.2361 -0.0894 0.0197, 0.2361 -0.0107 0.0197, 0.2514 -0.0234 0.0197, 0.2514 -0.0129 0.0197, 0.2603 -0.0196 0.0197, 0.2514 -0.0767 0.0197, 0.2968 -0.0827 0.0197, 0.3167 -0.0808 0.0197, 0.2904 -0.0868 0.0197, 0.2828 -0.0894 0.0197, 0.1861 -0.0102 0.0197, 0.263 -0.0102 0.0197, 0.2605 -0.0104 0.0197, 0.1861 -0.117 0.0197, 0.3167 -0.0894 0.0197, 0.3571 -0.0894 0.0197, 0.3571 -0.0107 0.0197, 0.8465 -0.0102 0.0197, 0.8465 -0.117 0.0197, 0.3027 -0.0765 0.0197, 0.3069 -0.069 0.0197, 0.3465 -0.0808 0.0197, 0.3059 -0.0314 0.0197, 0.3012 -0.0241 0.0197, 0.3465 -0.0107 0.0197, 0.2941 -0.0172 0.0197, 0.2866 -0.0129 0.0197, 0.2779 -0.0104 0.0197, 0.2758 -0.0102 0.0197, 0.2255 -0.0194 0.0197, 0.2255 -0.0453 0.0197, 0.1957 -0.0194 0.0197, 0.1977 -0.0453 0.0197, 0.2835 -0.0214 0.0197, 0.289 -0.025 0.0197, 0.2937 -0.0303 0.0197, 0.2994 -0.0509 0.0197, 0.2986 -0.0594 0.0197, 0.2965 -0.0662 0.0197, 0.279 -0.0809 0.0197, 0.2716 -0.0818 0.0197, 0.2847 -0.0788 0.0197, 0.2896 -0.0756 0.0197, 0.2933 -0.0717 0.0197, 0.2612 -0.0806 0.0197, 0.1957 -0.0107 0.0197, 0.1977 -0.0539 0.0197, 0.297 -0.0364 0.0197, 0.2991 -0.0448 0.0197, 0.3092 -0.0607 0.0197, 0.31 -0.0516 0.0197, 0.3089 -0.0404 0.0197, 0.2255 -0.0539 0.0197, 0.2255 -0.0808 0.0197, 0.1938 -0.0808 0.0197, 0.1938 -0.0894 0.0197, 0.2514 -0.0854 0.0197, 0.2598 -0.0888 0.0197, 0.2709 -0.0904 0.0197, 0.2731 -0.0904 0.0197, 0.27 -0.0097 0.0197, 0.8465 0.1193 0.0197, 0.0978 -0.0894 0.0197, 0.1093 -0.0894 0.0197, 0.0577 -0.0674 0.0197, 0.0903 -0.0674 0.0197, 0.0498 -0.0894 0.0197, -0.4134 -0.117 0.0197, 0.069 -0.0107 0.0197, 0.0795 -0.0107 0.0197, 0.1562 -0.0107 0.0197, 0.1449 -0.0119 0.0197, 0.1356 -0.0152 0.0197, 0.1271 -0.0209 0.0197, 0.119 -0.0679 0.0197, 0.1235 -0.0749 0.0197, 0.127 -0.021 0.0197, 0.1214 -0.0271 0.0197, 0.1178 -0.0339 0.0197, 0.13 -0.0811 0.0197, 0.1382 -0.0859 0.0197, 0.1473 -0.0886 0.0197, 0.157 -0.0894 0.0197, 0.1785 -0.0894 0.0197, 0.1785 -0.0107 0.0197, 0.1156 -0.0417 0.0197, 0.1151 -0.0491 0.0197, 0.1162 -0.0596 0.0197, 0.0383 -0.0894 0.0197, -0.3051 -0.117 0.5122, 0.8465 -0.117 0.6299, -0.4134 -0.117 0.6299, 0.817 -0.117 0.2358, 0.7382 -0.117 0.2358, 0.5066 -0.117 0.1673, 0.5003 -0.117 0.1592, -0.0734 -0.117 0.1673, -0.3051 -0.117 0.2358, -0.0672 -0.117 0.1592, -0.059 -0.117 0.1529, 0.5105 -0.117 0.1768, -0.0495 -0.117 0.149, -0.3838 -0.117 0.2358, -0.3838 -0.117 0.5122, 0.4922 -0.117 0.1529, 0.4827 -0.117 0.149, 0.4725 -0.117 0.1476, -0.0393 -0.117 0.1476, -0.0787 -0.117 0.4626, -0.0787 -0.117 0.187, -0.0774 -0.117 0.1768, -0.0774 -0.117 0.4728, -0.0734 -0.117 0.4823, -0.0672 -0.117 0.4904, 0.4725 -0.117 0.502, 0.4827 -0.117 0.5006, 0.7382 -0.117 0.5122, 0.4922 -0.117 0.4967, 0.5003 -0.117 0.4904, 0.5066 -0.117 0.4823, 0.5105 -0.117 0.4728, 0.5118 -0.117 0.4626, 0.5118 -0.117 0.187, -0.059 -0.117 0.4967, -0.0495 -0.117 0.5006, -0.0393 -0.117 0.502, 0.817 -0.117 0.5122
            ]
        }
        coordIndex [
            0,1,2,-1,3,4,5,-1,6,7,8,-1,8,7,9,-1,3,5,10,-1,10,5,11,-1,10,11,8,-1,12,13,14,-1,14,13,15,-1,16,17,7,-1,7,17,18,-1,7,18,9,-1,19,20,21,-1,22,23,21,-1,21,23,24,-1,21,24,19,-1,12,25,13,-1,13,25,26,-1,13,26,27,-1,28,29,30,-1,30,29,31,-1,30,31,32,-1,32,33,30,-1,30,33,34,-1,30,34,22,-1,35,36,37,-1,37,36,38,-1,4,39,5,-1,5,39,40,-1,5,40,41,-1,42,43,5,-1,5,43,44,-1,45,46,47,-1,47,46,48,-1,44,49,5,-1,5,49,48,-1,5,48,50,-1,50,48,46,-1,7,51,16,-1,16,51,37,-1,16,37,19,-1,19,37,38,-1,19,38,52,-1,41,53,5,-1,5,53,54,-1,5,54,42,-1,26,55,27,-1,27,55,56,-1,27,56,30,-1,30,56,57,-1,30,57,28,-1,58,59,52,-1,52,59,60,-1,52,60,19,-1,19,60,61,-1,19,61,6,-1,8,11,6,-1,6,11,62,-1,6,62,19,-1,19,62,63,-1,19,63,64,-1,64,65,19,-1,19,65,15,-1,19,15,20,-1,20,15,13,-1,34,66,2,-1,22,34,23,-1,23,34,2,-1,23,2,67,-1,68,69,19,-1,70,71,72,-1,72,71,68,-1,72,68,73,-1,73,68,19,-1,74,16,75,-1,75,16,76,-1,76,77,75,-1,75,77,78,-1,75,78,79,-1,69,80,81,-1,79,82,75,-1,75,82,83,-1,75,83,84,-1,81,85,69,-1,69,85,86,-1,69,86,19,-1,19,86,87,-1,87,88,19,-1,19,88,89,-1,19,89,16,-1,16,89,90,-1,16,90,76,-1,84,91,75,-1,75,91,92,-1,75,92,69,-1,69,92,93,-1,69,93,80,-1,66,17,2,-1,2,17,16,-1,2,16,0,-1,0,16,74,-1,0,74,73,-1,73,74,94,-1,73,94,72,-1,95,96,97,-1,96,98,24,-1,24,98,99,-1,100,101,99,-1,102,103,104,-1,104,103,105,-1,100,99,106,-1,107,105,19,-1,19,105,103,-1,19,103,73,-1,73,103,108,-1,73,108,97,-1,97,108,109,-1,97,109,95,-1,101,110,99,-1,99,110,111,-1,99,111,24,-1,24,111,112,-1,24,112,19,-1,19,112,113,-1,19,113,107,-1,114,95,115,-1,115,95,103,-1,115,103,116,-1,116,103,102,-1,114,117,95,-1,95,117,118,-1,95,118,119,-1,120,121,122,-1,121,123,122,-1,122,123,124,-1,122,124,99,-1,99,124,125,-1,99,125,126,-1,126,127,99,-1,99,127,128,-1,99,128,106,-1,119,129,95,-1,95,129,130,-1,95,130,131,-1,131,120,95,-1,95,120,122,-1,95,122,96,-1,96,122,132,-1,96,132,98,-1,
        ]
    }
}
Shape{
    appearance Appearance {
        material  Material 	{
            diffuseColor 1.0 1.0 1.0
            specularColor 0.5019607843137255 0.5019607843137255 0.5019607843137255
            ambientIntensity 1.0
            transparency 0.0
            shininess 0.5
        }
    }
    geometry IndexedFaceSet {
        ccw TRUE
        solid FALSE
        coord DEF co Coordinate {
            point [
                -0.2969 -0.1957 0.4927, -0.292 -0.1957 0.4868, -0.2884 -0.1957 0.4799, -0.3029 -0.1957 0.4976, -0.2862 -0.1957 0.4726, -0.2854 -0.1957 0.4649, -0.2862 -0.1957 0.2755, -0.3029 -0.1957 0.2504, -0.2854 -0.1957 0.2832, -0.3051 -0.1957 0.2491, -0.3051 -0.1957 0.499, -0.2884 -0.1957 0.2681, -0.292 -0.1957 0.2613, -0.2969 -0.1957 0.2553
            ]
        }
        coordIndex [
            0,1,2,-1,0,2,3,-1,3,2,4,-1,3,4,5,-1,6,7,8,-1,8,7,9,-1,8,9,5,-1,5,9,10,-1,5,10,3,-1,6,11,7,-1,7,11,12,-1,7,12,13,-1,
        ]
    }
}
Shape{
    appearance Appearance {
        material  Material 	{
            diffuseColor 0.7529411764705882 0.7529411764705882 0.7529411764705882
            specularColor 0.3764705882352941 0.3764705882352941 0.3764705882352941
            ambientIntensity 0.7529
            transparency 0.0
            shininess 0.5
        }
    }
    geometry IndexedFaceSet {
        ccw TRUE
        solid FALSE
        coord DEF co Coordinate {
            point [
                0.8465 0.1193 0.0197, 0.8465 0.1193 0.6299, 0.8465 -0.0102 0.0197, 0.8465 -0.117 0.6299, 0.8465 -0.117 0.0197, -0.4134 0.1193 0.6299, -0.4134 -0.117 0.6299, -0.4134 -0.117 0.0197, -0.4134 -0.0102 0.0197, -0.4134 0.1193 0.0197, 0.4725 -0.55 0.1476, 0.4725 -0.117 0.1476, 0.4827 -0.117 0.149, 0.4827 -0.55 0.149, 0.4922 -0.117 0.1529, 0.4922 -0.55 0.1529, 0.5003 -0.117 0.1592, 0.5003 -0.55 0.1592, 0.5066 -0.117 0.1673, 0.5066 -0.55 0.1673, 0.5105 -0.117 0.1768, 0.5105 -0.55 0.1768, 0.5118 -0.117 0.187, 0.5118 -0.55 0.187, 0.5118 -0.55 0.4626, 0.5118 -0.117 0.4626, 0.5105 -0.117 0.4728, 0.5105 -0.55 0.4728, 0.5066 -0.117 0.4823, 0.5066 -0.55 0.4823, 0.5003 -0.117 0.4904, 0.5003 -0.55 0.4904, 0.4922 -0.117 0.4967, 0.4922 -0.55 0.4967, 0.4827 -0.117 0.5006, 0.4827 -0.55 0.5006, 0.4725 -0.117 0.502, 0.4725 -0.55 0.502, -0.0393 -0.55 0.502, -0.0393 -0.117 0.502, -0.0495 -0.117 0.5006, -0.0495 -0.55 0.5006, -0.059 -0.117 0.4967, -0.059 -0.55 0.4967, -0.0672 -0.117 0.4904, -0.0672 -0.55 0.4904, -0.0734 -0.117 0.4823, -0.0734 -0.55 0.4823, -0.0774 -0.117 0.4728, -0.0774 -0.55 0.4728, -0.0787 -0.117 0.4626, -0.0787 -0.55 0.4626, -0.0787 -0.55 0.187, -0.0787 -0.117 0.187, -0.0774 -0.117 0.1768, -0.0774 -0.55 0.1768, -0.0734 -0.117 0.1673, -0.0734 -0.55 0.1673, -0.0672 -0.117 0.1592, -0.0672 -0.55 0.1592, -0.059 -0.117 0.1529, -0.059 -0.55 0.1529, -0.0495 -0.117 0.149, -0.0495 -0.55 0.149, -0.0393 -0.117 0.1476, -0.0393 -0.55 0.1476, 0.4915 -0.5697 0.1819, 0.4922 -0.5697 0.187, 0.4725 -0.5697 0.1673, 0.4915 -0.5697 0.4677, 0.4895 -0.5697 0.4724, 0.4725 -0.5697 0.4823, -0.059 -0.5697 0.4626, -0.0393 -0.5697 0.4823, 0.4922 -0.5697 0.4626, 0.4823 -0.5697 0.17, 0.4864 -0.5697 0.1731, 0.4895 -0.5697 0.1772, 0.4864 -0.5697 0.4765, 0.4823 -0.5697 0.4796, 0.4776 -0.5697 0.4816, -0.0492 -0.5697 0.4796, -0.0533 -0.5697 0.4765, -0.0564 -0.5697 0.4724, -0.0444 -0.5697 0.4816, -0.0584 -0.5697 0.4677, -0.059 -0.5697 0.187, -0.0393 -0.5697 0.1673, -0.0584 -0.5697 0.1819, -0.0564 -0.5697 0.1772, 0.4776 -0.5697 0.168, -0.0533 -0.5697 0.1731, -0.0492 -0.5697 0.17, -0.0444 -0.5697 0.168
            ]
        }
        coordIndex [
            0,1,2,-1,2,1,3,-1,2,3,4,-1,5,6,1,-1,1,6,3,-1,7,6,8,-1,8,6,5,-1,8,5,9,-1,10,11,12,-1,10,12,13,-1,13,12,14,-1,13,14,15,-1,15,14,16,-1,15,16,17,-1,17,16,18,-1,17,18,19,-1,19,18,20,-1,19,20,21,-1,21,20,22,-1,21,22,23,-1,23,22,24,-1,24,22,25,-1,24,25,26,-1,24,26,27,-1,27,26,28,-1,27,28,29,-1,29,28,30,-1,29,30,31,-1,31,30,32,-1,31,32,33,-1,33,32,34,-1,33,34,35,-1,35,34,36,-1,35,36,37,-1,37,36,38,-1,38,36,39,-1,38,39,40,-1,38,40,41,-1,41,40,42,-1,41,42,43,-1,43,42,44,-1,43,44,45,-1,45,44,46,-1,45,46,47,-1,47,46,48,-1,47,48,49,-1,49,48,50,-1,49,50,51,-1,51,50,52,-1,52,50,53,-1,52,53,54,-1,52,54,55,-1,55,54,56,-1,55,56,57,-1,57,56,58,-1,57,58,59,-1,59,58,60,-1,59,60,61,-1,61,60,62,-1,61,62,63,-1,63,62,64,-1,63,64,65,-1,65,64,10,-1,10,64,11,-1,66,67,68,-1,69,70,71,-1,72,71,73,-1,68,67,71,-1,71,67,74,-1,71,74,69,-1,75,76,77,-1,70,78,71,-1,71,78,79,-1,71,79,80,-1,81,82,83,-1,73,84,72,-1,72,84,81,-1,72,81,85,-1,85,81,83,-1,71,72,68,-1,68,72,86,-1,68,86,87,-1,87,86,88,-1,87,88,89,-1,66,68,77,-1,77,68,90,-1,77,90,75,-1,91,92,89,-1,89,92,93,-1,89,93,87,-1,
        ]
    }
}
Shape{
    appearance Appearance {
        material  Material 	{
            diffuseColor 1.0 1.0 1.0
            specularColor 0.5019607843137255 0.5019607843137255 0.5019607843137255
            ambientIntensity 1.0
            transparency 0.0
            shininess 0.5
        }
    }
    geometry IndexedFaceSet {
        ccw TRUE
        solid FALSE
        coord DEF co Coordinate {
            point [
                -0.3051 -0.117 0.2358, -0.3051 -0.1969 0.2358, -0.3052 -0.1969 0.2358, -0.3152 -0.1966 0.2358, -0.3248 -0.1962 0.2358, -0.3838 -0.117 0.2358, -0.3641 -0.1962 0.2358, -0.3738 -0.1966 0.2358, -0.3838 -0.1969 0.2358, -0.3838 -0.1969 0.2358, -0.386 -0.1957 0.4976, -0.3838 -0.1957 0.499, -0.4035 -0.1957 0.4649, -0.4035 -0.1957 0.2832, -0.4028 -0.1957 0.4726, -0.4005 -0.1957 0.4799, -0.3969 -0.1957 0.4868, -0.392 -0.1957 0.4927, -0.3838 -0.1957 0.2491, -0.386 -0.1957 0.2504, -0.4028 -0.1957 0.2755, -0.392 -0.1957 0.2553, -0.4005 -0.1957 0.2681, -0.3969 -0.1957 0.2613, -0.3248 -0.2547 0.1847, -0.3248 -0.2932 0.1847, -0.3641 -0.2547 0.1847, -0.3641 -0.2932 0.1847, -0.2854 -0.3523 0.4649, -0.4035 -0.3523 0.4649, -0.2854 -0.3523 0.2832, -0.4035 -0.3523 0.2832, -0.3641 -0.3523 0.5043, -0.3248 -0.3523 0.5043, -0.2862 -0.3523 0.4726, -0.3029 -0.3523 0.4976, -0.3097 -0.3523 0.5013, -0.2969 -0.3523 0.4927, -0.292 -0.3523 0.4868, -0.2884 -0.3523 0.4799, -0.3171 -0.3523 0.5035, -0.292 -0.3523 0.2613, -0.2884 -0.3523 0.2681, -0.3248 -0.3523 0.2438, -0.3969 -0.3523 0.4868, -0.4005 -0.3523 0.4799, -0.4028 -0.3523 0.4726, -0.386 -0.3523 0.2504, -0.3792 -0.3523 0.2468, -0.392 -0.3523 0.2553, -0.3969 -0.3523 0.2613, -0.4028 -0.3523 0.2755, -0.4005 -0.3523 0.2681, -0.3641 -0.3523 0.2438, -0.3718 -0.3523 0.2445, -0.3097 -0.3523 0.2468, -0.3029 -0.3523 0.2504, -0.2969 -0.3523 0.2553, -0.2862 -0.3523 0.2755, -0.3718 -0.3523 0.5035, -0.3792 -0.3523 0.5013, -0.392 -0.3523 0.4927, -0.386 -0.3523 0.4976, -0.3171 -0.3523 0.2445, -0.3641 -0.2547 0.5633, -0.3641 -0.2932 0.5633, -0.3248 -0.2547 0.5633, -0.3248 -0.2932 0.5633, -0.3838 -0.117 0.5122, -0.3838 -0.1969 0.5122, -0.3838 -0.1969 0.5122, -0.3738 -0.1966 0.5122, -0.3641 -0.1962 0.5122, -0.3051 -0.117 0.5122, -0.3248 -0.1962 0.5122, -0.3152 -0.1966 0.5122, -0.3052 -0.1969 0.5122, -0.3051 -0.1969 0.5122, -0.4626 -0.2932 0.4649, -0.4626 -0.2547 0.4649, -0.4626 -0.2932 0.2832, -0.4626 -0.2547 0.2832, -0.2264 -0.2932 0.2832, -0.2264 -0.2547 0.2832, -0.2264 -0.2932 0.4649, -0.2264 -0.2547 0.4649, -0.3051 -0.1965 0.2384, -0.3051 -0.1957 0.5016, -0.3051 -0.1957 0.499, -0.3051 -0.1957 0.2491, -0.3838 -0.1965 0.5096, -0.3838 -0.1957 0.2464, -0.2282 -0.2932 0.4841, -0.2282 -0.2547 0.4841, -0.2301 -0.2932 0.4902, -0.2301 -0.2547 0.4902, -0.2338 -0.2932 0.5025, -0.2338 -0.2547 0.5025, -0.2399 -0.2932 0.5139, -0.2399 -0.2547 0.5139, -0.2429 -0.2932 0.5196, -0.2429 -0.2547 0.5196, -0.2552 -0.2932 0.5345, -0.2552 -0.2547 0.5345, -0.2701 -0.2932 0.5467, -0.2701 -0.2547 0.5467, -0.2758 -0.2932 0.5497, -0.2758 -0.2547 0.5497, -0.2871 -0.2932 0.5558, -0.2871 -0.2547 0.5558, -0.2994 -0.2932 0.5596, -0.2994 -0.2547 0.5596, -0.3056 -0.2932 0.5614, -0.3056 -0.2547 0.5614, -0.2282 -0.2547 0.2639, -0.2282 -0.2932 0.2639, -0.2301 -0.2547 0.2578, -0.2301 -0.2932 0.2578, -0.2338 -0.2547 0.2455, -0.2338 -0.2932 0.2455, -0.2399 -0.2547 0.2341, -0.2399 -0.2932 0.2341, -0.2429 -0.2547 0.2285, -0.2429 -0.2932 0.2285, -0.2552 -0.2547 0.2136, -0.2552 -0.2932 0.2136, -0.2701 -0.2547 0.2013, -0.2701 -0.2932 0.2013, -0.2758 -0.2547 0.1983, -0.2758 -0.2932 0.1983, -0.2871 -0.2547 0.1922, -0.2871 -0.2932 0.1922, -0.2994 -0.2547 0.1885, -0.2994 -0.2932 0.1885, -0.3056 -0.2547 0.1866, -0.3056 -0.2932 0.1866, -0.3834 -0.2547 0.1866, -0.3834 -0.2932 0.1866, -0.3895 -0.2547 0.1885, -0.3895 -0.2932 0.1885, -0.4018 -0.2547 0.1922, -0.4018 -0.2932 0.1922, -0.4132 -0.2547 0.1983, -0.4132 -0.2932 0.1983, -0.4188 -0.2547 0.2013, -0.4188 -0.2932 0.2013, -0.4337 -0.2547 0.2136, -0.4337 -0.2932 0.2136, -0.446 -0.2547 0.2285, -0.446 -0.2932 0.2285, -0.449 -0.2547 0.2341, -0.449 -0.2932 0.2341, -0.4551 -0.2547 0.2455, -0.4551 -0.2932 0.2455, -0.4588 -0.2547 0.2578, -0.4588 -0.2932 0.2578, -0.4607 -0.2547 0.2639, -0.4607 -0.2932 0.2639, -0.3834 -0.2932 0.5614, -0.3834 -0.2547 0.5614, -0.3895 -0.2932 0.5596, -0.3895 -0.2547 0.5596, -0.4018 -0.2932 0.5558, -0.4018 -0.2547 0.5558, -0.4132 -0.2932 0.5497, -0.4132 -0.2547 0.5497, -0.4188 -0.2932 0.5467, -0.4188 -0.2547 0.5467, -0.4337 -0.2932 0.5345, -0.4337 -0.2547 0.5345, -0.446 -0.2932 0.5196, -0.446 -0.2547 0.5196, -0.449 -0.2932 0.5139, -0.449 -0.2547 0.5139, -0.4551 -0.2932 0.5025, -0.4551 -0.2547 0.5025, -0.4588 -0.2932 0.4902, -0.4588 -0.2547 0.4902, -0.4607 -0.2932 0.4841, -0.4607 -0.2547 0.4841, -0.2879 -0.2395 0.1941, -0.2446 -0.2395 0.2296, -0.2357 -0.2395 0.2463, -0.3029 -0.1957 0.2504, -0.2944 -0.1977 0.2377, -0.3248 -0.2408 0.1866, -0.306 -0.2395 0.1886, -0.3248 -0.2395 0.1867, -0.3248 -0.2277 0.1916, -0.3071 -0.2252 0.1944, -0.3248 -0.2252 0.1926, -0.3248 -0.2161 0.1996, -0.309 -0.213 0.2036, -0.3248 -0.213 0.202, -0.3248 -0.2068 0.21, -0.3113 -0.2036 0.2156, -0.2712 -0.2395 0.203, -0.2745 -0.2252 0.2079, -0.2901 -0.2252 0.1995, -0.2797 -0.213 0.2157, -0.2937 -0.213 0.2082, -0.2865 -0.2036 0.2259, -0.2984 -0.2036 0.2195, -0.3039 -0.1977 0.2327, -0.3141 -0.1977 0.2295, -0.3248 -0.1977 0.2285, -0.3248 -0.2002 0.2224, -0.3248 -0.2036 0.2143, -0.2284 -0.2395 0.2832, -0.2302 -0.2395 0.2643, -0.2343 -0.2252 0.2832, -0.236 -0.2252 0.2655, -0.2437 -0.213 0.2832, -0.2452 -0.213 0.2673, -0.2559 -0.2036 0.2832, -0.2572 -0.2036 0.2697, -0.2701 -0.1977 0.2832, -0.2712 -0.1977 0.2725, -0.2854 -0.1957 0.2832, -0.2862 -0.1957 0.2755, -0.2412 -0.2252 0.2485, -0.2498 -0.213 0.2521, -0.2611 -0.2036 0.2568, -0.2743 -0.1977 0.2622, -0.2884 -0.1957 0.2681, -0.2495 -0.2252 0.2329, -0.2573 -0.213 0.2381, -0.2675 -0.2036 0.2449, -0.2793 -0.1977 0.2528, -0.292 -0.1957 0.2613, -0.2566 -0.2395 0.215, -0.2608 -0.2252 0.2191, -0.2674 -0.213 0.2258, -0.2761 -0.2036 0.2344, -0.2861 -0.1977 0.2445, -0.2969 -0.1957 0.2553, -0.3641 -0.1977 0.2285, -0.3641 -0.2002 0.2224, -0.3641 -0.2036 0.2143, -0.3641 -0.2068 0.21, -0.3641 -0.213 0.202, -0.3641 -0.2161 0.1996, -0.3641 -0.2252 0.1926, -0.3641 -0.2277 0.1916, -0.3641 -0.2395 0.1867, -0.3641 -0.2408 0.1866, -0.2284 -0.2395 0.4649, -0.2343 -0.2252 0.4649, -0.2437 -0.213 0.4649, -0.2559 -0.2036 0.4649, -0.2701 -0.1977 0.4649, -0.2854 -0.1957 0.4649, -0.4587 -0.2395 0.2643, -0.4532 -0.2395 0.2463, -0.4177 -0.2395 0.203, -0.401 -0.2395 0.1941, -0.3851 -0.1977 0.2327, -0.3748 -0.1977 0.2295, -0.3945 -0.1977 0.2377, -0.383 -0.2395 0.1886, -0.3818 -0.2252 0.1944, -0.38 -0.213 0.2036, -0.3776 -0.2036 0.2156, -0.3988 -0.2252 0.1995, -0.3952 -0.213 0.2082, -0.3905 -0.2036 0.2195, -0.4144 -0.2252 0.2079, -0.4092 -0.213 0.2157, -0.4024 -0.2036 0.2259, -0.4323 -0.2395 0.215, -0.4282 -0.2252 0.2191, -0.4215 -0.213 0.2258, -0.4129 -0.2036 0.2344, -0.4028 -0.1977 0.2445, -0.4443 -0.2395 0.2296, -0.4394 -0.2252 0.2329, -0.4316 -0.213 0.2381, -0.4214 -0.2036 0.2449, -0.4096 -0.1977 0.2528, -0.4478 -0.2252 0.2485, -0.4391 -0.213 0.2521, -0.4278 -0.2036 0.2568, -0.4146 -0.1977 0.2622, -0.4529 -0.2252 0.2655, -0.4437 -0.213 0.2673, -0.4317 -0.2036 0.2697, -0.4178 -0.1977 0.2725, -0.4606 -0.2395 0.2832, -0.4547 -0.2252 0.2832, -0.4453 -0.213 0.2832, -0.433 -0.2036 0.2832, -0.4188 -0.1977 0.2832, -0.2302 -0.2395 0.4837, -0.2357 -0.2395 0.5018, -0.2712 -0.2395 0.545, -0.2879 -0.2395 0.554, -0.3039 -0.1977 0.5154, -0.3141 -0.1977 0.5185, -0.2944 -0.1977 0.5103, -0.3029 -0.1957 0.4976, -0.3248 -0.2408 0.5615, -0.306 -0.2395 0.5594, -0.3071 -0.2252 0.5537, -0.3248 -0.2277 0.5564, -0.3248 -0.2395 0.5613, -0.309 -0.213 0.5445, -0.3248 -0.2161 0.5484, -0.3248 -0.2252 0.5554, -0.3113 -0.2036 0.5325, -0.3248 -0.2068 0.538, -0.3248 -0.213 0.546, -0.3248 -0.1977 0.5195, -0.3248 -0.2002 0.5257, -0.3248 -0.2036 0.5338, -0.2901 -0.2252 0.5485, -0.2937 -0.213 0.5398, -0.2984 -0.2036 0.5285, -0.2745 -0.2252 0.5401, -0.2797 -0.213 0.5323, -0.2865 -0.2036 0.5222, -0.2566 -0.2395 0.5331, -0.2608 -0.2252 0.5289, -0.2674 -0.213 0.5222, -0.2761 -0.2036 0.5136, -0.2861 -0.1977 0.5035, -0.2969 -0.1957 0.4927, -0.2446 -0.2395 0.5184, -0.2495 -0.2252 0.5152, -0.2573 -0.213 0.51, -0.2675 -0.2036 0.5032, -0.2793 -0.1977 0.4952, -0.292 -0.1957 0.4868, -0.2412 -0.2252 0.4995, -0.2498 -0.213 0.4959, -0.2611 -0.2036 0.4912, -0.2743 -0.1977 0.4858, -0.2884 -0.1957 0.4799, -0.236 -0.2252 0.4825, -0.2452 -0.213 0.4807, -0.2572 -0.2036 0.4783, -0.2712 -0.1977 0.4755, -0.2862 -0.1957 0.4726, -0.4606 -0.2395 0.4649, -0.4547 -0.2252 0.4649, -0.4453 -0.213 0.4649, -0.433 -0.2036 0.4649, -0.4188 -0.1977 0.4649, -0.3641 -0.1977 0.5195, -0.3641 -0.2002 0.5257, -0.3641 -0.2036 0.5338, -0.3641 -0.2068 0.538, -0.3641 -0.213 0.546, -0.3641 -0.2161 0.5484, -0.3641 -0.2252 0.5554, -0.3641 -0.2277 0.5564, -0.3641 -0.2395 0.5613, -0.3641 -0.2408 0.5615, -0.401 -0.2395 0.554, -0.4443 -0.2395 0.5184, -0.4532 -0.2395 0.5018, -0.3945 -0.1977 0.5103, -0.383 -0.2395 0.5594, -0.3818 -0.2252 0.5537, -0.38 -0.213 0.5445, -0.3776 -0.2036 0.5325, -0.4177 -0.2395 0.545, -0.4144 -0.2252 0.5401, -0.3988 -0.2252 0.5485, -0.4092 -0.213 0.5323, -0.3952 -0.213 0.5398, -0.4024 -0.2036 0.5222, -0.3905 -0.2036 0.5285, -0.3851 -0.1977 0.5154, -0.3748 -0.1977 0.5185, -0.4587 -0.2395 0.4837, -0.4529 -0.2252 0.4825, -0.4437 -0.213 0.4807, -0.4317 -0.2036 0.4783, -0.4178 -0.1977 0.4755, -0.4478 -0.2252 0.4995, -0.4391 -0.213 0.4959, -0.4278 -0.2036 0.4912, -0.4146 -0.1977 0.4858, -0.4394 -0.2252 0.5152, -0.4316 -0.213 0.51, -0.4214 -0.2036 0.5032, -0.4096 -0.1977 0.4952, -0.4323 -0.2395 0.5331, -0.4282 -0.2252 0.5289, -0.4215 -0.213 0.5222, -0.4129 -0.2036 0.5136, -0.4028 -0.1977 0.5035, -0.3641 -0.3503 0.5195, -0.3748 -0.3503 0.5185, -0.3641 -0.3444 0.5338, -0.3776 -0.3444 0.5325, -0.3641 -0.335 0.546, -0.38 -0.335 0.5445, -0.3641 -0.3228 0.5554, -0.3818 -0.3228 0.5537, -0.3641 -0.3085 0.5613, -0.383 -0.3085 0.5594, -0.401 -0.3085 0.554, -0.4177 -0.3085 0.545, -0.4323 -0.3085 0.5331, -0.4443 -0.3085 0.5184, -0.4532 -0.3085 0.5018, -0.4587 -0.3085 0.4837, -0.4606 -0.3085 0.4649, -0.3988 -0.3228 0.5485, -0.4144 -0.3228 0.5401, -0.4282 -0.3228 0.5289, -0.4394 -0.3228 0.5152, -0.4478 -0.3228 0.4995, -0.4529 -0.3228 0.4825, -0.4547 -0.3228 0.4649, -0.3952 -0.335 0.5398, -0.4092 -0.335 0.5323, -0.4215 -0.335 0.5222, -0.4316 -0.335 0.51, -0.4391 -0.335 0.4959, -0.4437 -0.335 0.4807, -0.4453 -0.335 0.4649, -0.3905 -0.3444 0.5285, -0.4024 -0.3444 0.5222, -0.4129 -0.3444 0.5136, -0.4214 -0.3444 0.5032, -0.4278 -0.3444 0.4912, -0.4317 -0.3444 0.4783, -0.433 -0.3444 0.4649, -0.3851 -0.3503 0.5154, -0.3945 -0.3503 0.5103, -0.4028 -0.3503 0.5035, -0.4096 -0.3503 0.4952, -0.4146 -0.3503 0.4858, -0.4178 -0.3503 0.4755, -0.4188 -0.3503 0.4649, -0.4606 -0.3085 0.2832, -0.4547 -0.3228 0.2832, -0.4453 -0.335 0.2832, -0.433 -0.3444 0.2832, -0.4188 -0.3503 0.2832, -0.3248 -0.3503 0.5195, -0.3248 -0.3444 0.5338, -0.3248 -0.335 0.546, -0.3248 -0.3228 0.5554, -0.3248 -0.3085 0.5613, -0.4178 -0.3503 0.2725, -0.4317 -0.3444 0.2697, -0.4437 -0.335 0.2673, -0.4529 -0.3228 0.2655, -0.4587 -0.3085 0.2643, -0.4532 -0.3085 0.2463, -0.4443 -0.3085 0.2296, -0.4323 -0.3085 0.215, -0.4177 -0.3085 0.203, -0.401 -0.3085 0.1941, -0.383 -0.3085 0.1886, -0.3641 -0.3085 0.1867, -0.4478 -0.3228 0.2485, -0.4394 -0.3228 0.2329, -0.4282 -0.3228 0.2191, -0.4144 -0.3228 0.2079, -0.3988 -0.3228 0.1995, -0.3818 -0.3228 0.1944, -0.3641 -0.3228 0.1926, -0.4391 -0.335 0.2521, -0.4316 -0.335 0.2381, -0.4215 -0.335 0.2258, -0.4092 -0.335 0.2157, -0.3952 -0.335 0.2082, -0.38 -0.335 0.2036, -0.3641 -0.335 0.202, -0.4278 -0.3444 0.2568, -0.4214 -0.3444 0.2449, -0.4129 -0.3444 0.2344, -0.4024 -0.3444 0.2259, -0.3905 -0.3444 0.2195, -0.3776 -0.3444 0.2156, -0.3641 -0.3444 0.2143, -0.4146 -0.3503 0.2622, -0.4096 -0.3503 0.2528, -0.4028 -0.3503 0.2445, -0.3945 -0.3503 0.2377, -0.3851 -0.3503 0.2327, -0.3748 -0.3503 0.2295, -0.3641 -0.3503 0.2285, -0.2701 -0.3503 0.4649, -0.2712 -0.3503 0.4755, -0.2559 -0.3444 0.4649, -0.2572 -0.3444 0.4783, -0.2437 -0.335 0.4649, -0.2452 -0.335 0.4807, -0.2343 -0.3228 0.4649, -0.236 -0.3228 0.4825, -0.2284 -0.3085 0.4649, -0.2302 -0.3085 0.4837, -0.2357 -0.3085 0.5018, -0.2446 -0.3085 0.5184, -0.2566 -0.3085 0.5331, -0.2712 -0.3085 0.545, -0.2879 -0.3085 0.554, -0.306 -0.3085 0.5594, -0.2412 -0.3228 0.4995, -0.2495 -0.3228 0.5152, -0.2608 -0.3228 0.5289, -0.2745 -0.3228 0.5401, -0.2901 -0.3228 0.5485, -0.3071 -0.3228 0.5537, -0.2498 -0.335 0.4959, -0.2573 -0.335 0.51, -0.2674 -0.335 0.5222, -0.2797 -0.335 0.5323, -0.2937 -0.335 0.5398, -0.309 -0.335 0.5445, -0.2611 -0.3444 0.4912, -0.2675 -0.3444 0.5032, -0.2761 -0.3444 0.5136, -0.2865 -0.3444 0.5222, -0.2984 -0.3444 0.5285, -0.3113 -0.3444 0.5325, -0.2743 -0.3503 0.4858, -0.2793 -0.3503 0.4952, -0.2861 -0.3503 0.5035, -0.2944 -0.3503 0.5103, -0.3039 -0.3503 0.5154, -0.3141 -0.3503 0.5185, -0.3248 -0.3085 0.1867, -0.3248 -0.3228 0.1926, -0.3248 -0.335 0.202, -0.3248 -0.3444 0.2143, -0.3248 -0.3503 0.2285, -0.2284 -0.3085 0.2832, -0.2343 -0.3228 0.2832, -0.2437 -0.335 0.2832, -0.2559 -0.3444 0.2832, -0.2701 -0.3503 0.2832, -0.3141 -0.3503 0.2295, -0.3113 -0.3444 0.2156, -0.309 -0.335 0.2036, -0.3071 -0.3228 0.1944, -0.306 -0.3085 0.1886, -0.2879 -0.3085 0.1941, -0.2712 -0.3085 0.203, -0.2566 -0.3085 0.215, -0.2446 -0.3085 0.2296, -0.2357 -0.3085 0.2463, -0.2302 -0.3085 0.2643, -0.2901 -0.3228 0.1995, -0.2745 -0.3228 0.2079, -0.2608 -0.3228 0.2191, -0.2495 -0.3228 0.2329, -0.2412 -0.3228 0.2485, -0.236 -0.3228 0.2655, -0.2937 -0.335 0.2082, -0.2797 -0.335 0.2157, -0.2674 -0.335 0.2258, -0.2573 -0.335 0.2381, -0.2498 -0.335 0.2521, -0.2452 -0.335 0.2673, -0.2984 -0.3444 0.2195, -0.2865 -0.3444 0.2259, -0.2761 -0.3444 0.2344, -0.2675 -0.3444 0.2449, -0.2611 -0.3444 0.2568, -0.2572 -0.3444 0.2697, -0.3039 -0.3503 0.2327, -0.2944 -0.3503 0.2377, -0.2861 -0.3503 0.2445, -0.2793 -0.3503 0.2528, -0.2743 -0.3503 0.2622, -0.2712 -0.3503 0.2725, 0.7579 -0.2547 0.5633, 0.7973 -0.2547 0.5633, 0.7973 -0.2408 0.5615, 0.7973 -0.1962 0.5122, 0.7579 -0.1962 0.5122, 0.7973 -0.1977 0.5195, 0.7579 -0.1977 0.5195, 0.7973 -0.2002 0.5257, 0.7579 -0.2002 0.5257, 0.7973 -0.2036 0.5338, 0.7579 -0.2036 0.5338, 0.7973 -0.2068 0.538, 0.7579 -0.2068 0.538, 0.7973 -0.213 0.546, 0.7579 -0.213 0.546, 0.7973 -0.2161 0.5484, 0.7579 -0.2161 0.5484, 0.7973 -0.2252 0.5554, 0.7579 -0.2252 0.5554, 0.7973 -0.2277 0.5564, 0.7579 -0.2277 0.5564, 0.7973 -0.2395 0.5613, 0.7579 -0.2395 0.5613, 0.7579 -0.2408 0.5615, 0.7089 -0.2547 0.5497, 0.7202 -0.2547 0.5558, 0.721 -0.2395 0.554, 0.673 -0.2547 0.5139, 0.6761 -0.2547 0.5196, 0.6777 -0.2395 0.5184, 0.6632 -0.2547 0.4902, 0.667 -0.2547 0.5025, 0.6688 -0.2395 0.5018, 0.7382 -0.1957 0.499, 0.736 -0.1957 0.4976, 0.7382 -0.1957 0.5016, 0.7275 -0.1977 0.5103, 0.7382 -0.1969 0.5122, 0.7387 -0.2547 0.5614, 0.7391 -0.2395 0.5594, 0.7325 -0.2547 0.5596, 0.7402 -0.2252 0.5537, 0.7421 -0.213 0.5445, 0.7445 -0.2036 0.5325, 0.7032 -0.2547 0.5467, 0.7043 -0.2395 0.545, 0.7076 -0.2252 0.5401, 0.7233 -0.2252 0.5485, 0.7128 -0.213 0.5323, 0.7269 -0.213 0.5398, 0.7196 -0.2036 0.5222, 0.7315 -0.2036 0.5285, 0.737 -0.1977 0.5154, 0.7383 -0.1969 0.5122, 0.7472 -0.1977 0.5185, 0.7483 -0.1966 0.5122, 0.6595 -0.2547 0.4649, 0.6614 -0.2547 0.4841, 0.6615 -0.2395 0.4649, 0.6633 -0.2395 0.4837, 0.6674 -0.2252 0.4649, 0.6691 -0.2252 0.4825, 0.6768 -0.213 0.4649, 0.6783 -0.213 0.4807, 0.689 -0.2036 0.4649, 0.6903 -0.2036 0.4783, 0.7032 -0.1977 0.4649, 0.7043 -0.1977 0.4755, 0.7185 -0.1957 0.4649, 0.7193 -0.1957 0.4726, 0.6743 -0.2252 0.4995, 0.6829 -0.213 0.4959, 0.6942 -0.2036 0.4912, 0.7074 -0.1977 0.4858, 0.7215 -0.1957 0.4799, 0.6826 -0.2252 0.5152, 0.6904 -0.213 0.51, 0.7006 -0.2036 0.5032, 0.7125 -0.1977 0.4952, 0.7252 -0.1957 0.4868, 0.6883 -0.2547 0.5345, 0.6897 -0.2395 0.5331, 0.6939 -0.2252 0.5289, 0.7005 -0.213 0.5222, 0.7092 -0.2036 0.5136, 0.7193 -0.1977 0.5035, 0.7301 -0.1957 0.4927, 0.7185 -0.1957 0.2832, 0.7032 -0.1977 0.2832, 0.689 -0.2036 0.2832, 0.6768 -0.213 0.2832, 0.6674 -0.2252 0.2832, 0.6615 -0.2395 0.2832, 0.6595 -0.2547 0.2832, 0.6632 -0.2547 0.2578, 0.6614 -0.2547 0.2639, 0.6633 -0.2395 0.2643, 0.673 -0.2547 0.2341, 0.667 -0.2547 0.2455, 0.6688 -0.2395 0.2463, 0.7089 -0.2547 0.1983, 0.7032 -0.2547 0.2013, 0.7043 -0.2395 0.203, 0.7325 -0.2547 0.1885, 0.7202 -0.2547 0.1922, 0.721 -0.2395 0.1941, 0.7382 -0.1969 0.2358, 0.7383 -0.1969 0.2358, 0.737 -0.1977 0.2327, 0.7472 -0.1977 0.2295, 0.7483 -0.1966 0.2358, 0.7579 -0.1962 0.2358, 0.7382 -0.1965 0.2384, 0.7275 -0.1977 0.2377, 0.736 -0.1957 0.2504, 0.7382 -0.1957 0.2491, 0.7579 -0.2547 0.1847, 0.7387 -0.2547 0.1866, 0.7579 -0.2408 0.1866, 0.7391 -0.2395 0.1886, 0.7402 -0.2252 0.1944, 0.7579 -0.2277 0.1916, 0.7579 -0.2395 0.1867, 0.7421 -0.213 0.2036, 0.7579 -0.2161 0.1996, 0.7579 -0.2252 0.1926, 0.7445 -0.2036 0.2156, 0.7579 -0.2068 0.21, 0.7579 -0.213 0.202, 0.7579 -0.1977 0.2285, 0.7579 -0.2002 0.2224, 0.7579 -0.2036 0.2143, 0.7233 -0.2252 0.1995, 0.7269 -0.213 0.2082, 0.7315 -0.2036 0.2195, 0.7076 -0.2252 0.2079, 0.7128 -0.213 0.2157, 0.7196 -0.2036 0.2259, 0.6883 -0.2547 0.2136, 0.6897 -0.2395 0.215, 0.6939 -0.2252 0.2191, 0.7005 -0.213 0.2258, 0.7092 -0.2036 0.2344, 0.7193 -0.1977 0.2445, 0.7301 -0.1957 0.2553, 0.6761 -0.2547 0.2285, 0.6777 -0.2395 0.2296, 0.6826 -0.2252 0.2329, 0.6904 -0.213 0.2381, 0.7006 -0.2036 0.2449, 0.7125 -0.1977 0.2528, 0.7252 -0.1957 0.2613, 0.6743 -0.2252 0.2485, 0.6829 -0.213 0.2521, 0.6942 -0.2036 0.2568, 0.7074 -0.1977 0.2622, 0.7215 -0.1957 0.2681, 0.6691 -0.2252 0.2655, 0.6783 -0.213 0.2673, 0.6903 -0.2036 0.2697, 0.7043 -0.1977 0.2725, 0.7193 -0.1957 0.2755, 0.7973 -0.2547 0.1847, 0.7973 -0.1962 0.2358, 0.7973 -0.1977 0.2285, 0.7973 -0.2002 0.2224, 0.7973 -0.2036 0.2143, 0.7973 -0.2068 0.21, 0.7973 -0.213 0.202, 0.7973 -0.2161 0.1996, 0.7973 -0.2252 0.1926, 0.7973 -0.2277 0.1916, 0.7973 -0.2395 0.1867, 0.7973 -0.2408 0.1866, 0.7382 -0.117 0.2358, 0.817 -0.117 0.2358, 0.817 -0.1969 0.2358, 0.8169 -0.1969 0.2358, 0.8069 -0.1966 0.2358, 0.8463 -0.2547 0.1983, 0.8349 -0.2547 0.1922, 0.8342 -0.2395 0.1941, 0.8821 -0.2547 0.2341, 0.8791 -0.2547 0.2285, 0.8774 -0.2395 0.2296, 0.8919 -0.2547 0.2578, 0.8882 -0.2547 0.2455, 0.8863 -0.2395 0.2463, 0.817 -0.1957 0.2491, 0.8191 -0.1957 0.2504, 0.817 -0.1957 0.2464, 0.8276 -0.1977 0.2377, 0.8165 -0.2547 0.1866, 0.8161 -0.2395 0.1886, 0.8226 -0.2547 0.1885, 0.8149 -0.2252 0.1944, 0.8131 -0.213 0.2036, 0.8107 -0.2036 0.2156, 0.852 -0.2547 0.2013, 0.8508 -0.2395 0.203, 0.8476 -0.2252 0.2079, 0.8319 -0.2252 0.1995, 0.8423 -0.213 0.2157, 0.8283 -0.213 0.2082, 0.8355 -0.2036 0.2259, 0.8236 -0.2036 0.2195, 0.8182 -0.1977 0.2327, 0.8079 -0.1977 0.2295, 0.8957 -0.2547 0.2832, 0.8938 -0.2547 0.2639, 0.8937 -0.2395 0.2832, 0.8918 -0.2395 0.2643, 0.8878 -0.2252 0.2832, 0.886 -0.2252 0.2655, 0.8784 -0.213 0.2832, 0.8768 -0.213 0.2673, 0.8662 -0.2036 0.2832, 0.8648 -0.2036 0.2697, 0.8519 -0.1977 0.2832, 0.8509 -0.1977 0.2725, 0.8366 -0.1957 0.2832, 0.8359 -0.1957 0.2755, 0.8809 -0.2252 0.2485, 0.8722 -0.213 0.2521, 0.8609 -0.2036 0.2568, 0.8478 -0.1977 0.2622, 0.8336 -0.1957 0.2681, 0.8725 -0.2252 0.2329, 0.8647 -0.213 0.2381, 0.8546 -0.2036 0.2449, 0.8427 -0.1977 0.2528, 0.83 -0.1957 0.2613, 0.8669 -0.2547 0.2136, 0.8654 -0.2395 0.215, 0.8613 -0.2252 0.2191, 0.8546 -0.213 0.2258, 0.846 -0.2036 0.2344, 0.8359 -0.1977 0.2445, 0.8251 -0.1957 0.2553, 0.8366 -0.1957 0.4649, 0.8519 -0.1977 0.4649, 0.8662 -0.2036 0.4649, 0.8784 -0.213 0.4649, 0.8878 -0.2252 0.4649, 0.8937 -0.2395 0.4649, 0.8957 -0.2547 0.4649, 0.7973 -0.3523 0.2438, 0.7973 -0.3503 0.2285, 0.8079 -0.3503 0.2295, 0.7973 -0.3444 0.2143, 0.8107 -0.3444 0.2156, 0.7973 -0.335 0.202, 0.8131 -0.335 0.2036, 0.7973 -0.3228 0.1926, 0.8149 -0.3228 0.1944, 0.7973 -0.3085 0.1867, 0.8161 -0.3085 0.1886, 0.7973 -0.2932 0.1847, 0.8165 -0.2932 0.1866, 0.8226 -0.2932 0.1885, 0.8342 -0.3085 0.1941, 0.8349 -0.2932 0.1922, 0.8463 -0.2932 0.1983, 0.8508 -0.3085 0.203, 0.852 -0.2932 0.2013, 0.8669 -0.2932 0.2136, 0.8654 -0.3085 0.215, 0.8791 -0.2932 0.2285, 0.8774 -0.3085 0.2296, 0.8821 -0.2932 0.2341, 0.8863 -0.3085 0.2463, 0.8882 -0.2932 0.2455, 0.8919 -0.2932 0.2578, 0.8918 -0.3085 0.2643, 0.8938 -0.2932 0.2639, 0.8957 -0.2932 0.2832, 0.8937 -0.3085 0.2832, 0.8319 -0.3228 0.1995, 0.8476 -0.3228 0.2079, 0.8613 -0.3228 0.2191, 0.8725 -0.3228 0.2329, 0.8809 -0.3228 0.2485, 0.886 -0.3228 0.2655, 0.8878 -0.3228 0.2832, 0.8283 -0.335 0.2082, 0.8423 -0.335 0.2157, 0.8546 -0.335 0.2258, 0.8647 -0.335 0.2381, 0.8722 -0.335 0.2521, 0.8768 -0.335 0.2673, 0.8784 -0.335 0.2832, 0.8236 -0.3444 0.2195, 0.8355 -0.3444 0.2259, 0.846 -0.3444 0.2344, 0.8546 -0.3444 0.2449, 0.8609 -0.3444 0.2568, 0.8648 -0.3444 0.2697, 0.8662 -0.3444 0.2832, 0.8182 -0.3503 0.2327, 0.8276 -0.3503 0.2377, 0.8359 -0.3503 0.2445, 0.8427 -0.3503 0.2528, 0.8478 -0.3503 0.2622, 0.8509 -0.3503 0.2725, 0.8519 -0.3503 0.2832, 0.8049 -0.3523 0.2445, 0.8123 -0.3523 0.2468, 0.8191 -0.3523 0.2504, 0.8251 -0.3523 0.2553, 0.83 -0.3523 0.2613, 0.8336 -0.3523 0.2681, 0.8359 -0.3523 0.2755, 0.8366 -0.3523 0.2832, 0.8366 -0.3523 0.4649, 0.8519 -0.3503 0.4649, 0.8662 -0.3444 0.4649, 0.8784 -0.335 0.4649, 0.8878 -0.3228 0.4649, 0.8937 -0.3085 0.4649, 0.8957 -0.2932 0.4649, 0.8509 -0.3503 0.4755, 0.8648 -0.3444 0.4783, 0.8768 -0.335 0.4807, 0.886 -0.3228 0.4825, 0.8918 -0.3085 0.4837, 0.8938 -0.2932 0.4841, 0.8919 -0.2932 0.4902, 0.8863 -0.3085 0.5018, 0.8882 -0.2932 0.5025, 0.8821 -0.2932 0.5139, 0.8774 -0.3085 0.5184, 0.8791 -0.2932 0.5196, 0.8669 -0.2932 0.5345, 0.8654 -0.3085 0.5331, 0.852 -0.2932 0.5467, 0.8508 -0.3085 0.545, 0.8463 -0.2932 0.5497, 0.8342 -0.3085 0.554, 0.8349 -0.2932 0.5558, 0.8226 -0.2932 0.5596, 0.8161 -0.3085 0.5594, 0.8165 -0.2932 0.5614, 0.7973 -0.2932 0.5633, 0.7973 -0.3085 0.5613, 0.8809 -0.3228 0.4995, 0.8725 -0.3228 0.5152, 0.8613 -0.3228 0.5289, 0.8476 -0.3228 0.5401, 0.8319 -0.3228 0.5485, 0.8149 -0.3228 0.5537, 0.7973 -0.3228 0.5554, 0.8722 -0.335 0.4959, 0.8647 -0.335 0.51, 0.8546 -0.335 0.5222, 0.8423 -0.335 0.5323, 0.8283 -0.335 0.5398, 0.8131 -0.335 0.5445, 0.7973 -0.335 0.546, 0.8609 -0.3444 0.4912, 0.8546 -0.3444 0.5032, 0.846 -0.3444 0.5136, 0.8355 -0.3444 0.5222, 0.8236 -0.3444 0.5285, 0.8107 -0.3444 0.5325, 0.7973 -0.3444 0.5338, 0.8478 -0.3503 0.4858, 0.8427 -0.3503 0.4952, 0.8359 -0.3503 0.5035, 0.8276 -0.3503 0.5103, 0.8182 -0.3503 0.5154, 0.8079 -0.3503 0.5185, 0.7973 -0.3503 0.5195, 0.8359 -0.3523 0.4726, 0.8336 -0.3523 0.4799, 0.83 -0.3523 0.4868, 0.8251 -0.3523 0.4927, 0.8191 -0.3523 0.4976, 0.8123 -0.3523 0.5013, 0.8049 -0.3523 0.5035, 0.7973 -0.3523 0.5043, 0.7579 -0.2932 0.5633, 0.7579 -0.3085 0.5613, 0.7579 -0.3228 0.5554, 0.7579 -0.335 0.546, 0.7579 -0.3444 0.5338, 0.7579 -0.3503 0.5195, 0.7579 -0.3523 0.5043, 0.7472 -0.3503 0.5185, 0.7445 -0.3444 0.5325, 0.7421 -0.335 0.5445, 0.7402 -0.3228 0.5537, 0.7391 -0.3085 0.5594, 0.7387 -0.2932 0.5614, 0.7325 -0.2932 0.5596, 0.721 -0.3085 0.554, 0.7202 -0.2932 0.5558, 0.7089 -0.2932 0.5497, 0.7043 -0.3085 0.545, 0.7032 -0.2932 0.5467, 0.6883 -0.2932 0.5345, 0.6897 -0.3085 0.5331, 0.6761 -0.2932 0.5196, 0.6777 -0.3085 0.5184, 0.673 -0.2932 0.5139, 0.6688 -0.3085 0.5018, 0.667 -0.2932 0.5025, 0.6632 -0.2932 0.4902, 0.6633 -0.3085 0.4837, 0.6614 -0.2932 0.4841, 0.6595 -0.2932 0.4649, 0.6615 -0.3085 0.4649, 0.7233 -0.3228 0.5485, 0.7076 -0.3228 0.5401, 0.6939 -0.3228 0.5289, 0.6826 -0.3228 0.5152, 0.6743 -0.3228 0.4995, 0.6691 -0.3228 0.4825, 0.6674 -0.3228 0.4649, 0.7269 -0.335 0.5398, 0.7128 -0.335 0.5323, 0.7005 -0.335 0.5222, 0.6904 -0.335 0.51, 0.6829 -0.335 0.4959, 0.6783 -0.335 0.4807, 0.6768 -0.335 0.4649, 0.7315 -0.3444 0.5285, 0.7196 -0.3444 0.5222, 0.7092 -0.3444 0.5136, 0.7006 -0.3444 0.5032, 0.6942 -0.3444 0.4912, 0.6903 -0.3444 0.4783, 0.689 -0.3444 0.4649, 0.737 -0.3503 0.5154, 0.7275 -0.3503 0.5103, 0.7193 -0.3503 0.5035, 0.7125 -0.3503 0.4952, 0.7074 -0.3503 0.4858, 0.7043 -0.3503 0.4755, 0.7032 -0.3503 0.4649, 0.7502 -0.3523 0.5035, 0.7428 -0.3523 0.5013, 0.736 -0.3523 0.4976, 0.7301 -0.3523 0.4927, 0.7252 -0.3523 0.4868, 0.7215 -0.3523 0.4799, 0.7193 -0.3523 0.4726, 0.7185 -0.3523 0.4649, 0.7185 -0.3523 0.2832, 0.7032 -0.3503 0.2832, 0.689 -0.3444 0.2832, 0.6768 -0.335 0.2832, 0.6674 -0.3228 0.2832, 0.6615 -0.3085 0.2832, 0.6595 -0.2932 0.2832, 0.7043 -0.3503 0.2725, 0.6903 -0.3444 0.2697, 0.6783 -0.335 0.2673, 0.6691 -0.3228 0.2655, 0.6633 -0.3085 0.2643, 0.6614 -0.2932 0.2639, 0.6632 -0.2932 0.2578, 0.6688 -0.3085 0.2463, 0.667 -0.2932 0.2455, 0.673 -0.2932 0.2341, 0.6777 -0.3085 0.2296, 0.6761 -0.2932 0.2285, 0.6883 -0.2932 0.2136, 0.6897 -0.3085 0.215, 0.7032 -0.2932 0.2013, 0.7043 -0.3085 0.203, 0.7089 -0.2932 0.1983, 0.721 -0.3085 0.1941, 0.7202 -0.2932 0.1922, 0.7325 -0.2932 0.1885, 0.7391 -0.3085 0.1886, 0.7387 -0.2932 0.1866, 0.7579 -0.2932 0.1847, 0.7579 -0.3085 0.1867, 0.6743 -0.3228 0.2485, 0.6826 -0.3228 0.2329, 0.6939 -0.3228 0.2191, 0.7076 -0.3228 0.2079, 0.7233 -0.3228 0.1995, 0.7402 -0.3228 0.1944, 0.7579 -0.3228 0.1926, 0.6829 -0.335 0.2521, 0.6904 -0.335 0.2381, 0.7005 -0.335 0.2258, 0.7128 -0.335 0.2157, 0.7269 -0.335 0.2082, 0.7421 -0.335 0.2036, 0.7579 -0.335 0.202, 0.6942 -0.3444 0.2568, 0.7006 -0.3444 0.2449, 0.7092 -0.3444 0.2344, 0.7196 -0.3444 0.2259, 0.7315 -0.3444 0.2195, 0.7445 -0.3444 0.2156, 0.7579 -0.3444 0.2143, 0.7074 -0.3503 0.2622, 0.7125 -0.3503 0.2528, 0.7193 -0.3503 0.2445, 0.7275 -0.3503 0.2377, 0.737 -0.3503 0.2327, 0.7472 -0.3503 0.2295, 0.7579 -0.3503 0.2285, 0.7193 -0.3523 0.2755, 0.7215 -0.3523 0.2681, 0.7252 -0.3523 0.2613, 0.7301 -0.3523 0.2553, 0.736 -0.3523 0.2504, 0.7428 -0.3523 0.2468, 0.7502 -0.3523 0.2445, 0.7579 -0.3523 0.2438, 0.8165 -0.2547 0.5614, 0.8226 -0.2547 0.5596, 0.8349 -0.2547 0.5558, 0.8463 -0.2547 0.5497, 0.852 -0.2547 0.5467, 0.8669 -0.2547 0.5345, 0.8791 -0.2547 0.5196, 0.8821 -0.2547 0.5139, 0.8882 -0.2547 0.5025, 0.8919 -0.2547 0.4902, 0.8938 -0.2547 0.4841, 0.8918 -0.2395 0.4837, 0.8863 -0.2395 0.5018, 0.8508 -0.2395 0.545, 0.8342 -0.2395 0.554, 0.817 -0.1969 0.5122, 0.8169 -0.1969 0.5122, 0.8182 -0.1977 0.5154, 0.8079 -0.1977 0.5185, 0.8069 -0.1966 0.5122, 0.817 -0.1965 0.5096, 0.8276 -0.1977 0.5103, 0.8191 -0.1957 0.4976, 0.817 -0.1957 0.499, 0.8161 -0.2395 0.5594, 0.8149 -0.2252 0.5537, 0.8131 -0.213 0.5445, 0.8107 -0.2036 0.5325, 0.8319 -0.2252 0.5485, 0.8283 -0.213 0.5398, 0.8236 -0.2036 0.5285, 0.8476 -0.2252 0.5401, 0.8423 -0.213 0.5323, 0.8355 -0.2036 0.5222, 0.8654 -0.2395 0.5331, 0.8613 -0.2252 0.5289, 0.8546 -0.213 0.5222, 0.846 -0.2036 0.5136, 0.8359 -0.1977 0.5035, 0.8251 -0.1957 0.4927, 0.8774 -0.2395 0.5184, 0.8725 -0.2252 0.5152, 0.8647 -0.213 0.51, 0.8546 -0.2036 0.5032, 0.8427 -0.1977 0.4952, 0.83 -0.1957 0.4868, 0.8809 -0.2252 0.4995, 0.8722 -0.213 0.4959, 0.8609 -0.2036 0.4912, 0.8478 -0.1977 0.4858, 0.8336 -0.1957 0.4799, 0.886 -0.2252 0.4825, 0.8768 -0.213 0.4807, 0.8648 -0.2036 0.4783, 0.8509 -0.1977 0.4755, 0.8359 -0.1957 0.4726
            ]
        }
        coordIndex [
            0,1,2,-1,2,3,0,-1,0,3,4,-1,0,4,5,-1,5,4,6,-1,6,7,5,-1,5,7,8,-1,5,8,9,-1,10,11,12,-1,12,11,13,-1,14,15,16,-1,14,16,12,-1,12,16,17,-1,12,17,10,-1,11,18,13,-1,13,18,19,-1,13,19,20,-1,20,19,21,-1,20,21,22,-1,22,21,23,-1,24,25,26,-1,26,25,27,-1,28,29,30,-1,30,29,31,-1,32,29,33,-1,33,29,28,-1,33,28,34,-1,35,36,37,-1,37,36,38,-1,34,39,33,-1,33,39,38,-1,33,38,40,-1,40,38,36,-1,41,42,43,-1,44,45,32,-1,32,45,46,-1,32,46,29,-1,47,48,49,-1,49,48,50,-1,51,52,53,-1,53,52,50,-1,53,50,54,-1,54,50,48,-1,55,56,57,-1,42,58,43,-1,43,58,30,-1,43,30,53,-1,53,30,31,-1,53,31,51,-1,32,59,44,-1,44,59,60,-1,44,60,61,-1,61,60,62,-1,41,43,57,-1,57,43,63,-1,57,63,55,-1,64,65,66,-1,66,65,67,-1,68,69,70,-1,70,71,68,-1,68,71,72,-1,68,72,73,-1,73,72,74,-1,74,75,73,-1,73,75,76,-1,73,76,77,-1,78,79,80,-1,80,79,81,-1,82,83,84,-1,84,83,85,-1,86,1,0,-1,77,87,73,-1,73,87,88,-1,73,88,0,-1,0,88,89,-1,0,89,86,-1,90,69,68,-1,9,91,5,-1,5,91,18,-1,5,18,68,-1,68,18,11,-1,68,11,90,-1,84,85,92,-1,92,85,93,-1,92,93,94,-1,94,93,95,-1,94,95,96,-1,96,95,97,-1,96,97,98,-1,98,97,99,-1,98,99,100,-1,100,99,101,-1,100,101,102,-1,102,101,103,-1,102,103,104,-1,104,103,105,-1,104,105,106,-1,106,105,107,-1,106,107,108,-1,108,107,109,-1,108,109,110,-1,110,109,111,-1,110,111,112,-1,112,111,113,-1,112,113,67,-1,67,113,66,-1,83,82,114,-1,114,82,115,-1,114,115,116,-1,116,115,117,-1,116,117,118,-1,118,117,119,-1,118,119,120,-1,120,119,121,-1,120,121,122,-1,122,121,123,-1,122,123,124,-1,124,123,125,-1,124,125,126,-1,126,125,127,-1,126,127,128,-1,128,127,129,-1,128,129,130,-1,130,129,131,-1,130,131,132,-1,132,131,133,-1,132,133,134,-1,134,133,135,-1,134,135,24,-1,24,135,25,-1,26,27,136,-1,136,27,137,-1,136,137,138,-1,138,137,139,-1,138,139,140,-1,140,139,141,-1,140,141,142,-1,142,141,143,-1,142,143,144,-1,144,143,145,-1,144,145,146,-1,146,145,147,-1,146,147,148,-1,148,147,149,-1,148,149,150,-1,150,149,151,-1,150,151,152,-1,152,151,153,-1,152,153,154,-1,154,153,155,-1,154,155,156,-1,156,155,157,-1,156,157,81,-1,81,157,80,-1,65,64,158,-1,158,64,159,-1,158,159,160,-1,160,159,161,-1,160,161,162,-1,162,161,163,-1,162,163,164,-1,164,163,165,-1,164,165,166,-1,166,165,167,-1,166,167,168,-1,168,167,169,-1,168,169,170,-1,170,169,171,-1,170,171,172,-1,172,171,173,-1,172,173,174,-1,174,173,175,-1,174,175,176,-1,176,175,177,-1,176,177,178,-1,178,177,179,-1,178,179,78,-1,78,179,79,-1,128,130,180,-1,120,122,181,-1,116,118,182,-1,89,183,86,-1,86,183,184,-1,86,184,1,-1,24,185,134,-1,134,185,186,-1,134,186,132,-1,185,187,186,-1,186,187,188,-1,186,188,189,-1,188,190,189,-1,189,190,191,-1,189,191,192,-1,191,193,192,-1,192,193,194,-1,192,194,195,-1,126,128,196,-1,196,128,180,-1,196,180,197,-1,197,180,198,-1,197,198,199,-1,199,198,200,-1,199,200,201,-1,201,200,202,-1,201,202,184,-1,184,202,203,-1,184,203,1,-1,1,203,2,-1,130,132,180,-1,180,132,186,-1,180,186,198,-1,198,186,189,-1,198,189,200,-1,200,189,192,-1,200,192,202,-1,202,192,195,-1,202,195,203,-1,203,195,204,-1,203,204,2,-1,2,204,3,-1,4,3,205,-1,205,3,204,-1,205,204,206,-1,206,204,195,-1,206,195,207,-1,207,195,194,-1,83,114,208,-1,208,114,209,-1,208,209,210,-1,210,209,211,-1,210,211,212,-1,212,211,213,-1,212,213,214,-1,214,213,215,-1,214,215,216,-1,216,215,217,-1,216,217,218,-1,218,217,219,-1,114,116,209,-1,209,116,182,-1,209,182,211,-1,211,182,220,-1,211,220,213,-1,213,220,221,-1,213,221,215,-1,215,221,222,-1,215,222,217,-1,217,222,223,-1,217,223,219,-1,219,223,224,-1,118,120,182,-1,182,120,181,-1,182,181,220,-1,220,181,225,-1,220,225,221,-1,221,225,226,-1,221,226,222,-1,222,226,227,-1,222,227,223,-1,223,227,228,-1,223,228,224,-1,224,228,229,-1,122,124,181,-1,181,124,230,-1,181,230,225,-1,225,230,231,-1,225,231,226,-1,226,231,232,-1,226,232,227,-1,227,232,233,-1,227,233,228,-1,228,233,234,-1,228,234,229,-1,229,234,235,-1,124,126,230,-1,230,126,196,-1,230,196,231,-1,231,196,197,-1,231,197,232,-1,232,197,199,-1,232,199,233,-1,233,199,201,-1,233,201,234,-1,234,201,184,-1,234,184,235,-1,235,184,183,-1,6,4,236,-1,236,4,205,-1,236,205,237,-1,237,205,206,-1,237,206,238,-1,238,206,207,-1,238,207,239,-1,239,207,194,-1,239,194,240,-1,240,194,193,-1,240,193,241,-1,241,193,191,-1,241,191,242,-1,242,191,190,-1,242,190,243,-1,243,190,188,-1,243,188,244,-1,244,188,187,-1,244,187,245,-1,187,185,245,-1,245,185,24,-1,245,24,26,-1,85,83,208,-1,85,208,246,-1,246,208,210,-1,246,210,247,-1,247,210,212,-1,247,212,248,-1,248,212,214,-1,248,214,249,-1,249,214,216,-1,249,216,250,-1,250,216,218,-1,250,218,251,-1,154,156,252,-1,150,152,253,-1,142,144,254,-1,138,140,255,-1,9,8,256,-1,257,7,6,-1,9,256,91,-1,258,19,18,-1,26,136,245,-1,245,136,259,-1,260,243,259,-1,259,243,244,-1,259,244,245,-1,261,241,260,-1,260,241,242,-1,260,242,243,-1,262,239,261,-1,261,239,240,-1,261,240,241,-1,6,236,257,-1,257,236,237,-1,257,237,262,-1,262,237,238,-1,262,238,239,-1,136,138,259,-1,259,138,255,-1,259,255,260,-1,260,255,263,-1,260,263,261,-1,261,263,264,-1,261,264,262,-1,262,264,265,-1,262,265,257,-1,257,265,256,-1,257,256,7,-1,7,256,8,-1,140,142,255,-1,255,142,254,-1,255,254,263,-1,263,254,266,-1,263,266,264,-1,264,266,267,-1,264,267,265,-1,265,267,268,-1,265,268,256,-1,256,268,258,-1,256,258,91,-1,91,258,18,-1,144,146,254,-1,254,146,269,-1,254,269,266,-1,266,269,270,-1,266,270,267,-1,267,270,271,-1,267,271,268,-1,268,271,272,-1,268,272,258,-1,258,272,273,-1,258,273,19,-1,19,273,21,-1,146,148,269,-1,269,148,274,-1,269,274,270,-1,270,274,275,-1,270,275,271,-1,271,275,276,-1,271,276,272,-1,272,276,277,-1,272,277,273,-1,273,277,278,-1,273,278,21,-1,21,278,23,-1,148,150,274,-1,274,150,253,-1,274,253,275,-1,275,253,279,-1,275,279,276,-1,276,279,280,-1,276,280,277,-1,277,280,281,-1,277,281,278,-1,278,281,282,-1,278,282,23,-1,23,282,22,-1,152,154,253,-1,253,154,252,-1,253,252,279,-1,279,252,283,-1,279,283,280,-1,280,283,284,-1,280,284,281,-1,281,284,285,-1,281,285,282,-1,282,285,286,-1,282,286,22,-1,22,286,20,-1,156,81,252,-1,252,81,287,-1,252,287,283,-1,283,287,288,-1,283,288,284,-1,284,288,289,-1,284,289,285,-1,285,289,290,-1,285,290,286,-1,286,290,291,-1,286,291,20,-1,20,291,13,-1,95,93,292,-1,99,97,293,-1,107,105,294,-1,111,109,295,-1,77,76,296,-1,297,75,74,-1,77,296,87,-1,298,299,88,-1,66,113,300,-1,300,113,301,-1,302,303,301,-1,301,303,304,-1,301,304,300,-1,305,306,302,-1,302,306,307,-1,302,307,303,-1,308,309,305,-1,305,309,310,-1,305,310,306,-1,74,311,297,-1,297,311,312,-1,297,312,308,-1,308,312,313,-1,308,313,309,-1,113,111,301,-1,301,111,295,-1,301,295,302,-1,302,295,314,-1,302,314,305,-1,305,314,315,-1,305,315,308,-1,308,315,316,-1,308,316,297,-1,297,316,296,-1,297,296,75,-1,75,296,76,-1,109,107,295,-1,295,107,294,-1,295,294,314,-1,314,294,317,-1,314,317,315,-1,315,317,318,-1,315,318,316,-1,316,318,319,-1,316,319,296,-1,296,319,298,-1,296,298,87,-1,87,298,88,-1,105,103,294,-1,294,103,320,-1,294,320,317,-1,317,320,321,-1,317,321,318,-1,318,321,322,-1,318,322,319,-1,319,322,323,-1,319,323,298,-1,298,323,324,-1,298,324,299,-1,299,324,325,-1,103,101,320,-1,320,101,326,-1,320,326,321,-1,321,326,327,-1,321,327,322,-1,322,327,328,-1,322,328,323,-1,323,328,329,-1,323,329,324,-1,324,329,330,-1,324,330,325,-1,325,330,331,-1,101,99,326,-1,326,99,293,-1,326,293,327,-1,327,293,332,-1,327,332,328,-1,328,332,333,-1,328,333,329,-1,329,333,334,-1,329,334,330,-1,330,334,335,-1,330,335,331,-1,331,335,336,-1,97,95,293,-1,293,95,292,-1,293,292,332,-1,332,292,337,-1,332,337,333,-1,333,337,338,-1,333,338,334,-1,334,338,339,-1,334,339,335,-1,335,339,340,-1,335,340,336,-1,336,340,341,-1,93,85,292,-1,292,85,246,-1,292,246,337,-1,337,246,247,-1,337,247,338,-1,338,247,248,-1,338,248,339,-1,339,248,249,-1,339,249,340,-1,340,249,250,-1,340,250,341,-1,341,250,251,-1,81,79,342,-1,81,342,287,-1,287,342,343,-1,287,343,288,-1,288,343,344,-1,288,344,289,-1,289,344,345,-1,289,345,290,-1,290,345,346,-1,290,346,291,-1,291,346,12,-1,291,12,13,-1,74,72,311,-1,311,72,347,-1,311,347,312,-1,312,347,348,-1,312,348,313,-1,313,348,349,-1,313,349,309,-1,309,349,350,-1,309,350,310,-1,310,350,351,-1,310,351,306,-1,306,351,352,-1,306,352,307,-1,307,352,353,-1,307,353,303,-1,303,353,354,-1,303,354,304,-1,304,354,355,-1,304,355,300,-1,355,356,300,-1,300,356,64,-1,300,64,66,-1,165,163,357,-1,173,171,358,-1,177,175,359,-1,11,10,90,-1,90,10,360,-1,90,360,69,-1,64,356,159,-1,159,356,361,-1,159,361,161,-1,356,355,361,-1,361,355,354,-1,361,354,362,-1,354,353,362,-1,362,353,352,-1,362,352,363,-1,352,351,363,-1,363,351,350,-1,363,350,364,-1,167,165,365,-1,365,165,357,-1,365,357,366,-1,366,357,367,-1,366,367,368,-1,368,367,369,-1,368,369,370,-1,370,369,371,-1,370,371,360,-1,360,371,372,-1,360,372,69,-1,69,372,70,-1,163,161,357,-1,357,161,361,-1,357,361,367,-1,367,361,362,-1,367,362,369,-1,369,362,363,-1,369,363,371,-1,371,363,364,-1,371,364,372,-1,372,364,373,-1,372,373,70,-1,70,373,71,-1,72,71,347,-1,347,71,373,-1,347,373,348,-1,348,373,364,-1,348,364,349,-1,349,364,350,-1,79,179,342,-1,342,179,374,-1,342,374,343,-1,343,374,375,-1,343,375,344,-1,344,375,376,-1,344,376,345,-1,345,376,377,-1,345,377,346,-1,346,377,378,-1,346,378,12,-1,12,378,14,-1,179,177,374,-1,374,177,359,-1,374,359,375,-1,375,359,379,-1,375,379,376,-1,376,379,380,-1,376,380,377,-1,377,380,381,-1,377,381,378,-1,378,381,382,-1,378,382,14,-1,14,382,15,-1,175,173,359,-1,359,173,358,-1,359,358,379,-1,379,358,383,-1,379,383,380,-1,380,383,384,-1,380,384,381,-1,381,384,385,-1,381,385,382,-1,382,385,386,-1,382,386,15,-1,15,386,16,-1,171,169,358,-1,358,169,387,-1,358,387,383,-1,383,387,388,-1,383,388,384,-1,384,388,389,-1,384,389,385,-1,385,389,390,-1,385,390,386,-1,386,390,391,-1,386,391,16,-1,16,391,17,-1,169,167,387,-1,387,167,365,-1,387,365,388,-1,388,365,366,-1,388,366,389,-1,389,366,368,-1,389,368,390,-1,390,368,370,-1,390,370,391,-1,391,370,360,-1,391,360,17,-1,17,360,10,-1,32,392,393,-1,392,394,395,-1,394,396,397,-1,396,398,399,-1,398,400,401,-1,400,65,158,-1,400,158,401,-1,401,158,160,-1,401,160,402,-1,160,162,402,-1,402,162,164,-1,402,164,403,-1,164,166,403,-1,403,166,168,-1,403,168,404,-1,404,168,170,-1,404,170,405,-1,405,170,172,-1,405,172,406,-1,172,174,406,-1,406,174,176,-1,406,176,407,-1,176,178,407,-1,407,178,78,-1,407,78,408,-1,398,401,399,-1,399,401,402,-1,399,402,409,-1,409,402,403,-1,409,403,410,-1,410,403,404,-1,410,404,411,-1,411,404,405,-1,411,405,412,-1,412,405,406,-1,412,406,413,-1,413,406,407,-1,413,407,414,-1,414,407,408,-1,414,408,415,-1,396,399,397,-1,397,399,409,-1,397,409,416,-1,416,409,410,-1,416,410,417,-1,417,410,411,-1,417,411,418,-1,418,411,412,-1,418,412,419,-1,419,412,413,-1,419,413,420,-1,420,413,414,-1,420,414,421,-1,421,414,415,-1,421,415,422,-1,394,397,395,-1,395,397,416,-1,395,416,423,-1,423,416,417,-1,423,417,424,-1,424,417,418,-1,424,418,425,-1,425,418,419,-1,425,419,426,-1,426,419,420,-1,426,420,427,-1,427,420,421,-1,427,421,428,-1,428,421,422,-1,428,422,429,-1,392,395,393,-1,393,395,423,-1,393,423,430,-1,430,423,424,-1,430,424,431,-1,431,424,425,-1,431,425,432,-1,432,425,426,-1,432,426,433,-1,433,426,427,-1,433,427,434,-1,434,427,428,-1,434,428,435,-1,435,428,429,-1,435,429,436,-1,32,393,59,-1,59,393,430,-1,59,430,60,-1,60,430,431,-1,60,431,62,-1,62,431,432,-1,62,432,61,-1,61,432,433,-1,61,433,44,-1,44,433,434,-1,44,434,45,-1,45,434,435,-1,45,435,46,-1,46,435,436,-1,46,436,29,-1,78,80,437,-1,78,437,408,-1,408,437,438,-1,408,438,415,-1,415,438,439,-1,415,439,422,-1,422,439,440,-1,422,440,429,-1,429,440,441,-1,429,441,436,-1,436,441,31,-1,436,31,29,-1,32,33,442,-1,32,442,392,-1,392,442,443,-1,392,443,394,-1,394,443,444,-1,394,444,396,-1,396,444,445,-1,396,445,398,-1,398,445,446,-1,398,446,400,-1,400,446,67,-1,400,67,65,-1,31,441,447,-1,441,440,448,-1,440,439,449,-1,439,438,450,-1,438,437,451,-1,437,80,157,-1,437,157,451,-1,451,157,155,-1,451,155,452,-1,155,153,452,-1,452,153,151,-1,452,151,453,-1,151,149,453,-1,453,149,147,-1,453,147,454,-1,454,147,145,-1,454,145,455,-1,455,145,143,-1,455,143,456,-1,143,141,456,-1,456,141,139,-1,456,139,457,-1,139,137,457,-1,457,137,27,-1,457,27,458,-1,438,451,450,-1,450,451,452,-1,450,452,459,-1,459,452,453,-1,459,453,460,-1,460,453,454,-1,460,454,461,-1,461,454,455,-1,461,455,462,-1,462,455,456,-1,462,456,463,-1,463,456,457,-1,463,457,464,-1,464,457,458,-1,464,458,465,-1,439,450,449,-1,449,450,459,-1,449,459,466,-1,466,459,460,-1,466,460,467,-1,467,460,461,-1,467,461,468,-1,468,461,462,-1,468,462,469,-1,469,462,463,-1,469,463,470,-1,470,463,464,-1,470,464,471,-1,471,464,465,-1,471,465,472,-1,440,449,448,-1,448,449,466,-1,448,466,473,-1,473,466,467,-1,473,467,474,-1,474,467,468,-1,474,468,475,-1,475,468,469,-1,475,469,476,-1,476,469,470,-1,476,470,477,-1,477,470,471,-1,477,471,478,-1,478,471,472,-1,478,472,479,-1,441,448,447,-1,447,448,473,-1,447,473,480,-1,480,473,474,-1,480,474,481,-1,481,474,475,-1,481,475,482,-1,482,475,476,-1,482,476,483,-1,483,476,477,-1,483,477,484,-1,484,477,478,-1,484,478,485,-1,485,478,479,-1,485,479,486,-1,31,447,51,-1,51,447,480,-1,51,480,52,-1,52,480,481,-1,52,481,50,-1,50,481,482,-1,50,482,49,-1,49,482,483,-1,49,483,47,-1,47,483,484,-1,47,484,48,-1,48,484,485,-1,48,485,54,-1,54,485,486,-1,54,486,53,-1,28,487,488,-1,487,489,490,-1,489,491,492,-1,491,493,494,-1,493,495,496,-1,495,84,92,-1,495,92,496,-1,496,92,94,-1,496,94,497,-1,94,96,497,-1,497,96,98,-1,497,98,498,-1,98,100,498,-1,498,100,102,-1,498,102,499,-1,499,102,104,-1,499,104,500,-1,500,104,106,-1,500,106,501,-1,106,108,501,-1,501,108,110,-1,501,110,502,-1,110,112,502,-1,502,112,67,-1,502,67,446,-1,493,496,494,-1,494,496,497,-1,494,497,503,-1,503,497,498,-1,503,498,504,-1,504,498,499,-1,504,499,505,-1,505,499,500,-1,505,500,506,-1,506,500,501,-1,506,501,507,-1,507,501,502,-1,507,502,508,-1,508,502,446,-1,508,446,445,-1,491,494,492,-1,492,494,503,-1,492,503,509,-1,509,503,504,-1,509,504,510,-1,510,504,505,-1,510,505,511,-1,511,505,506,-1,511,506,512,-1,512,506,507,-1,512,507,513,-1,513,507,508,-1,513,508,514,-1,514,508,445,-1,514,445,444,-1,489,492,490,-1,490,492,509,-1,490,509,515,-1,515,509,510,-1,515,510,516,-1,516,510,511,-1,516,511,517,-1,517,511,512,-1,517,512,518,-1,518,512,513,-1,518,513,519,-1,519,513,514,-1,519,514,520,-1,520,514,444,-1,520,444,443,-1,487,490,488,-1,488,490,515,-1,488,515,521,-1,521,515,516,-1,521,516,522,-1,522,516,517,-1,522,517,523,-1,523,517,518,-1,523,518,524,-1,524,518,519,-1,524,519,525,-1,525,519,520,-1,525,520,526,-1,526,520,443,-1,526,443,442,-1,28,488,34,-1,34,488,521,-1,34,521,39,-1,39,521,522,-1,39,522,38,-1,38,522,523,-1,38,523,37,-1,37,523,524,-1,37,524,35,-1,35,524,525,-1,35,525,36,-1,36,525,526,-1,36,526,40,-1,40,526,442,-1,40,442,33,-1,27,25,527,-1,27,527,458,-1,458,527,528,-1,458,528,465,-1,465,528,529,-1,465,529,472,-1,472,529,530,-1,472,530,479,-1,479,530,531,-1,479,531,486,-1,486,531,43,-1,486,43,53,-1,82,84,495,-1,82,495,532,-1,532,495,493,-1,532,493,533,-1,533,493,491,-1,533,491,534,-1,534,491,489,-1,534,489,535,-1,535,489,487,-1,535,487,536,-1,536,487,28,-1,536,28,30,-1,43,531,537,-1,531,530,538,-1,530,529,539,-1,529,528,540,-1,528,527,541,-1,527,25,135,-1,527,135,541,-1,541,135,133,-1,541,133,542,-1,133,131,542,-1,542,131,129,-1,542,129,543,-1,129,127,543,-1,543,127,125,-1,543,125,544,-1,544,125,123,-1,544,123,545,-1,545,123,121,-1,545,121,546,-1,121,119,546,-1,546,119,117,-1,546,117,547,-1,117,115,547,-1,547,115,82,-1,547,82,532,-1,528,541,540,-1,540,541,542,-1,540,542,548,-1,548,542,543,-1,548,543,549,-1,549,543,544,-1,549,544,550,-1,550,544,545,-1,550,545,551,-1,551,545,546,-1,551,546,552,-1,552,546,547,-1,552,547,553,-1,553,547,532,-1,553,532,533,-1,529,540,539,-1,539,540,548,-1,539,548,554,-1,554,548,549,-1,554,549,555,-1,555,549,550,-1,555,550,556,-1,556,550,551,-1,556,551,557,-1,557,551,552,-1,557,552,558,-1,558,552,553,-1,558,553,559,-1,559,553,533,-1,559,533,534,-1,530,539,538,-1,538,539,554,-1,538,554,560,-1,560,554,555,-1,560,555,561,-1,561,555,556,-1,561,556,562,-1,562,556,557,-1,562,557,563,-1,563,557,558,-1,563,558,564,-1,564,558,559,-1,564,559,565,-1,565,559,534,-1,565,534,535,-1,531,538,537,-1,537,538,560,-1,537,560,566,-1,566,560,561,-1,566,561,567,-1,567,561,562,-1,567,562,568,-1,568,562,563,-1,568,563,569,-1,569,563,564,-1,569,564,570,-1,570,564,565,-1,570,565,571,-1,571,565,535,-1,571,535,536,-1,43,537,63,-1,63,537,566,-1,63,566,55,-1,55,566,567,-1,55,567,56,-1,56,567,568,-1,56,568,57,-1,57,568,569,-1,57,569,41,-1,41,569,570,-1,41,570,42,-1,42,570,571,-1,42,571,58,-1,58,571,536,-1,58,536,30,-1,572,573,574,-1,575,576,577,-1,577,576,578,-1,577,578,579,-1,579,578,580,-1,579,580,581,-1,581,580,582,-1,581,582,583,-1,583,582,584,-1,583,584,585,-1,585,584,586,-1,585,586,587,-1,587,586,588,-1,587,588,589,-1,589,588,590,-1,589,590,591,-1,591,590,592,-1,591,592,593,-1,593,592,594,-1,593,594,574,-1,574,594,595,-1,574,595,572,-1,596,597,598,-1,599,600,601,-1,602,603,604,-1,605,606,607,-1,607,606,608,-1,607,608,609,-1,572,595,610,-1,610,595,611,-1,610,611,612,-1,595,594,611,-1,611,594,592,-1,611,592,613,-1,592,590,613,-1,613,590,588,-1,613,588,614,-1,588,586,614,-1,614,586,584,-1,614,584,615,-1,616,596,617,-1,617,596,598,-1,617,598,618,-1,618,598,619,-1,618,619,620,-1,620,619,621,-1,620,621,622,-1,622,621,623,-1,622,623,608,-1,608,623,624,-1,608,624,609,-1,609,624,625,-1,597,612,598,-1,598,612,611,-1,598,611,619,-1,619,611,613,-1,619,613,621,-1,621,613,614,-1,621,614,623,-1,623,614,615,-1,623,615,624,-1,624,615,626,-1,624,626,625,-1,625,626,627,-1,576,627,578,-1,578,627,626,-1,578,626,580,-1,580,626,615,-1,580,615,582,-1,582,615,584,-1,628,629,630,-1,630,629,631,-1,630,631,632,-1,632,631,633,-1,632,633,634,-1,634,633,635,-1,634,635,636,-1,636,635,637,-1,636,637,638,-1,638,637,639,-1,638,639,640,-1,640,639,641,-1,629,602,631,-1,631,602,604,-1,631,604,633,-1,633,604,642,-1,633,642,635,-1,635,642,643,-1,635,643,637,-1,637,643,644,-1,637,644,639,-1,639,644,645,-1,639,645,641,-1,641,645,646,-1,603,599,604,-1,604,599,601,-1,604,601,642,-1,642,601,647,-1,642,647,643,-1,643,647,648,-1,643,648,644,-1,644,648,649,-1,644,649,645,-1,645,649,650,-1,645,650,646,-1,646,650,651,-1,600,652,601,-1,601,652,653,-1,601,653,647,-1,647,653,654,-1,647,654,648,-1,648,654,655,-1,648,655,649,-1,649,655,656,-1,649,656,650,-1,650,656,657,-1,650,657,651,-1,651,657,658,-1,652,616,653,-1,653,616,617,-1,653,617,654,-1,654,617,618,-1,654,618,655,-1,655,618,620,-1,655,620,656,-1,656,620,622,-1,656,622,657,-1,657,622,608,-1,657,608,658,-1,658,608,606,-1,640,659,660,-1,640,660,638,-1,638,660,661,-1,638,661,636,-1,636,661,662,-1,636,662,634,-1,634,662,663,-1,634,663,632,-1,632,663,664,-1,632,664,630,-1,630,664,665,-1,630,665,628,-1,666,667,668,-1,669,670,671,-1,672,673,674,-1,675,676,677,-1,678,679,680,-1,681,682,683,-1,678,680,684,-1,685,686,687,-1,688,689,690,-1,690,689,691,-1,692,693,691,-1,691,693,694,-1,691,694,690,-1,695,696,692,-1,692,696,697,-1,692,697,693,-1,698,699,695,-1,695,699,700,-1,695,700,696,-1,683,701,681,-1,681,701,702,-1,681,702,698,-1,698,702,703,-1,698,703,699,-1,689,675,691,-1,691,675,677,-1,691,677,692,-1,692,677,704,-1,692,704,695,-1,695,704,705,-1,695,705,698,-1,698,705,706,-1,698,706,681,-1,681,706,680,-1,681,680,682,-1,682,680,679,-1,676,672,677,-1,677,672,674,-1,677,674,704,-1,704,674,707,-1,704,707,705,-1,705,707,708,-1,705,708,706,-1,706,708,709,-1,706,709,680,-1,680,709,685,-1,680,685,684,-1,684,685,687,-1,673,710,674,-1,674,710,711,-1,674,711,707,-1,707,711,712,-1,707,712,708,-1,708,712,713,-1,708,713,709,-1,709,713,714,-1,709,714,685,-1,685,714,715,-1,685,715,686,-1,686,715,716,-1,710,717,711,-1,711,717,718,-1,711,718,712,-1,712,718,719,-1,712,719,713,-1,713,719,720,-1,713,720,714,-1,714,720,721,-1,714,721,715,-1,715,721,722,-1,715,722,716,-1,716,722,723,-1,717,669,718,-1,718,669,671,-1,718,671,719,-1,719,671,724,-1,719,724,720,-1,720,724,725,-1,720,725,721,-1,721,725,726,-1,721,726,722,-1,722,726,727,-1,722,727,723,-1,723,727,728,-1,670,666,671,-1,671,666,668,-1,671,668,724,-1,724,668,729,-1,724,729,725,-1,725,729,730,-1,725,730,726,-1,726,730,731,-1,726,731,727,-1,727,731,732,-1,727,732,728,-1,728,732,733,-1,667,665,668,-1,668,665,664,-1,668,664,729,-1,729,664,663,-1,729,663,730,-1,730,663,662,-1,730,662,731,-1,731,662,661,-1,731,661,732,-1,732,661,660,-1,732,660,733,-1,733,660,659,-1,734,688,690,-1,683,735,701,-1,701,735,736,-1,701,736,702,-1,702,736,737,-1,702,737,703,-1,703,737,738,-1,703,738,699,-1,699,738,739,-1,699,739,700,-1,700,739,740,-1,700,740,696,-1,696,740,741,-1,696,741,697,-1,697,741,742,-1,697,742,693,-1,693,742,743,-1,693,743,694,-1,694,743,744,-1,694,744,690,-1,690,744,745,-1,690,745,734,-1,683,746,735,-1,735,746,747,-1,683,682,746,-1,746,682,679,-1,746,679,678,-1,748,749,747,-1,747,749,750,-1,747,750,735,-1,751,752,753,-1,754,755,756,-1,757,758,759,-1,760,761,762,-1,762,761,763,-1,762,763,748,-1,734,745,764,-1,764,745,765,-1,764,765,766,-1,745,744,765,-1,765,744,743,-1,765,743,767,-1,743,742,767,-1,767,742,741,-1,767,741,768,-1,741,740,768,-1,768,740,739,-1,768,739,769,-1,770,751,771,-1,771,751,753,-1,771,753,772,-1,772,753,773,-1,772,773,774,-1,774,773,775,-1,774,775,776,-1,776,775,777,-1,776,777,763,-1,763,777,778,-1,763,778,748,-1,748,778,749,-1,752,766,753,-1,753,766,765,-1,753,765,773,-1,773,765,767,-1,773,767,775,-1,775,767,768,-1,775,768,777,-1,777,768,769,-1,777,769,778,-1,778,769,779,-1,778,779,749,-1,749,779,750,-1,735,750,736,-1,736,750,779,-1,736,779,737,-1,737,779,769,-1,737,769,738,-1,738,769,739,-1,780,781,782,-1,782,781,783,-1,782,783,784,-1,784,783,785,-1,784,785,786,-1,786,785,787,-1,786,787,788,-1,788,787,789,-1,788,789,790,-1,790,789,791,-1,790,791,792,-1,792,791,793,-1,781,757,783,-1,783,757,759,-1,783,759,785,-1,785,759,794,-1,785,794,787,-1,787,794,795,-1,787,795,789,-1,789,795,796,-1,789,796,791,-1,791,796,797,-1,791,797,793,-1,793,797,798,-1,758,754,759,-1,759,754,756,-1,759,756,794,-1,794,756,799,-1,794,799,795,-1,795,799,800,-1,795,800,796,-1,796,800,801,-1,796,801,797,-1,797,801,802,-1,797,802,798,-1,798,802,803,-1,755,804,756,-1,756,804,805,-1,756,805,799,-1,799,805,806,-1,799,806,800,-1,800,806,807,-1,800,807,801,-1,801,807,808,-1,801,808,802,-1,802,808,809,-1,802,809,803,-1,803,809,810,-1,804,770,805,-1,805,770,771,-1,805,771,806,-1,806,771,772,-1,806,772,807,-1,807,772,774,-1,807,774,808,-1,808,774,776,-1,808,776,809,-1,809,776,763,-1,809,763,810,-1,810,763,761,-1,792,811,812,-1,792,812,790,-1,790,812,813,-1,790,813,788,-1,788,813,814,-1,788,814,786,-1,786,814,815,-1,786,815,784,-1,784,815,816,-1,784,816,782,-1,782,816,817,-1,782,817,780,-1,818,819,820,-1,819,821,822,-1,821,823,824,-1,823,825,826,-1,825,827,828,-1,827,829,830,-1,827,830,828,-1,828,830,831,-1,828,831,832,-1,831,833,832,-1,832,833,834,-1,832,834,835,-1,834,836,835,-1,835,836,837,-1,835,837,838,-1,838,837,839,-1,838,839,840,-1,840,839,841,-1,840,841,842,-1,841,843,842,-1,842,843,844,-1,842,844,845,-1,844,846,845,-1,845,846,847,-1,845,847,848,-1,825,828,826,-1,826,828,832,-1,826,832,849,-1,849,832,835,-1,849,835,850,-1,850,835,838,-1,850,838,851,-1,851,838,840,-1,851,840,852,-1,852,840,842,-1,852,842,853,-1,853,842,845,-1,853,845,854,-1,854,845,848,-1,854,848,855,-1,823,826,824,-1,824,826,849,-1,824,849,856,-1,856,849,850,-1,856,850,857,-1,857,850,851,-1,857,851,858,-1,858,851,852,-1,858,852,859,-1,859,852,853,-1,859,853,860,-1,860,853,854,-1,860,854,861,-1,861,854,855,-1,861,855,862,-1,821,824,822,-1,822,824,856,-1,822,856,863,-1,863,856,857,-1,863,857,864,-1,864,857,858,-1,864,858,865,-1,865,858,859,-1,865,859,866,-1,866,859,860,-1,866,860,867,-1,867,860,861,-1,867,861,868,-1,868,861,862,-1,868,862,869,-1,819,822,820,-1,820,822,863,-1,820,863,870,-1,870,863,864,-1,870,864,871,-1,871,864,865,-1,871,865,872,-1,872,865,866,-1,872,866,873,-1,873,866,867,-1,873,867,874,-1,874,867,868,-1,874,868,875,-1,875,868,869,-1,875,869,876,-1,818,820,877,-1,877,820,870,-1,877,870,878,-1,878,870,871,-1,878,871,879,-1,879,871,872,-1,879,872,880,-1,880,872,873,-1,880,873,881,-1,881,873,874,-1,881,874,882,-1,882,874,875,-1,882,875,883,-1,883,875,876,-1,883,876,884,-1,885,884,876,-1,885,876,886,-1,886,876,869,-1,886,869,887,-1,887,869,862,-1,887,862,888,-1,888,862,855,-1,888,855,889,-1,889,855,848,-1,889,848,890,-1,890,848,847,-1,890,847,891,-1,885,886,892,-1,886,887,893,-1,887,888,894,-1,888,889,895,-1,889,890,896,-1,890,891,897,-1,890,897,896,-1,896,897,898,-1,896,898,899,-1,898,900,899,-1,899,900,901,-1,899,901,902,-1,901,903,902,-1,902,903,904,-1,902,904,905,-1,905,904,906,-1,905,906,907,-1,907,906,908,-1,907,908,909,-1,908,910,909,-1,909,910,911,-1,909,911,912,-1,911,913,912,-1,912,913,914,-1,912,914,915,-1,889,896,895,-1,895,896,899,-1,895,899,916,-1,916,899,902,-1,916,902,917,-1,917,902,905,-1,917,905,918,-1,918,905,907,-1,918,907,919,-1,919,907,909,-1,919,909,920,-1,920,909,912,-1,920,912,921,-1,921,912,915,-1,921,915,922,-1,888,895,894,-1,894,895,916,-1,894,916,923,-1,923,916,917,-1,923,917,924,-1,924,917,918,-1,924,918,925,-1,925,918,919,-1,925,919,926,-1,926,919,920,-1,926,920,927,-1,927,920,921,-1,927,921,928,-1,928,921,922,-1,928,922,929,-1,887,894,893,-1,893,894,923,-1,893,923,930,-1,930,923,924,-1,930,924,931,-1,931,924,925,-1,931,925,932,-1,932,925,926,-1,932,926,933,-1,933,926,927,-1,933,927,934,-1,934,927,928,-1,934,928,935,-1,935,928,929,-1,935,929,936,-1,886,893,892,-1,892,893,930,-1,892,930,937,-1,937,930,931,-1,937,931,938,-1,938,931,932,-1,938,932,939,-1,939,932,933,-1,939,933,940,-1,940,933,934,-1,940,934,941,-1,941,934,935,-1,941,935,942,-1,942,935,936,-1,942,936,943,-1,885,892,944,-1,944,892,937,-1,944,937,945,-1,945,937,938,-1,945,938,946,-1,946,938,939,-1,946,939,947,-1,947,939,940,-1,947,940,948,-1,948,940,941,-1,948,941,949,-1,949,941,942,-1,949,942,950,-1,950,942,943,-1,950,943,951,-1,914,952,953,-1,914,953,915,-1,915,953,954,-1,915,954,922,-1,922,954,955,-1,922,955,929,-1,929,955,956,-1,929,956,936,-1,936,956,957,-1,936,957,943,-1,943,957,958,-1,943,958,951,-1,958,957,959,-1,957,956,960,-1,956,955,961,-1,955,954,962,-1,954,953,963,-1,953,952,964,-1,953,964,963,-1,963,964,965,-1,963,965,966,-1,965,967,966,-1,966,967,968,-1,966,968,969,-1,968,970,969,-1,969,970,971,-1,969,971,972,-1,972,971,973,-1,972,973,974,-1,974,973,975,-1,974,975,976,-1,975,977,976,-1,976,977,978,-1,976,978,979,-1,978,980,979,-1,979,980,981,-1,979,981,982,-1,954,963,962,-1,962,963,966,-1,962,966,983,-1,983,966,969,-1,983,969,984,-1,984,969,972,-1,984,972,985,-1,985,972,974,-1,985,974,986,-1,986,974,976,-1,986,976,987,-1,987,976,979,-1,987,979,988,-1,988,979,982,-1,988,982,989,-1,955,962,961,-1,961,962,983,-1,961,983,990,-1,990,983,984,-1,990,984,991,-1,991,984,985,-1,991,985,992,-1,992,985,986,-1,992,986,993,-1,993,986,987,-1,993,987,994,-1,994,987,988,-1,994,988,995,-1,995,988,989,-1,995,989,996,-1,956,961,960,-1,960,961,990,-1,960,990,997,-1,997,990,991,-1,997,991,998,-1,998,991,992,-1,998,992,999,-1,999,992,993,-1,999,993,1000,-1,1000,993,994,-1,1000,994,1001,-1,1001,994,995,-1,1001,995,1002,-1,1002,995,996,-1,1002,996,1003,-1,957,960,959,-1,959,960,997,-1,959,997,1004,-1,1004,997,998,-1,1004,998,1005,-1,1005,998,999,-1,1005,999,1006,-1,1006,999,1000,-1,1006,1000,1007,-1,1007,1000,1001,-1,1007,1001,1008,-1,1008,1001,1002,-1,1008,1002,1009,-1,1009,1002,1003,-1,1009,1003,1010,-1,958,959,1011,-1,1011,959,1004,-1,1011,1004,1012,-1,1012,1004,1005,-1,1012,1005,1013,-1,1013,1005,1006,-1,1013,1006,1014,-1,1014,1006,1007,-1,1014,1007,1015,-1,1015,1007,1008,-1,1015,1008,1016,-1,1016,1008,1009,-1,1016,1009,1017,-1,1017,1009,1010,-1,1017,1010,1018,-1,1019,1018,1010,-1,1019,1010,1020,-1,1020,1010,1003,-1,1020,1003,1021,-1,1021,1003,996,-1,1021,996,1022,-1,1022,996,989,-1,1022,989,1023,-1,1023,989,982,-1,1023,982,1024,-1,1024,982,981,-1,1024,981,1025,-1,1019,1020,1026,-1,1020,1021,1027,-1,1021,1022,1028,-1,1022,1023,1029,-1,1023,1024,1030,-1,1024,1025,1031,-1,1024,1031,1030,-1,1030,1031,1032,-1,1030,1032,1033,-1,1032,1034,1033,-1,1033,1034,1035,-1,1033,1035,1036,-1,1035,1037,1036,-1,1036,1037,1038,-1,1036,1038,1039,-1,1039,1038,1040,-1,1039,1040,1041,-1,1041,1040,1042,-1,1041,1042,1043,-1,1042,1044,1043,-1,1043,1044,1045,-1,1043,1045,1046,-1,1045,1047,1046,-1,1046,1047,1048,-1,1046,1048,1049,-1,1023,1030,1029,-1,1029,1030,1033,-1,1029,1033,1050,-1,1050,1033,1036,-1,1050,1036,1051,-1,1051,1036,1039,-1,1051,1039,1052,-1,1052,1039,1041,-1,1052,1041,1053,-1,1053,1041,1043,-1,1053,1043,1054,-1,1054,1043,1046,-1,1054,1046,1055,-1,1055,1046,1049,-1,1055,1049,1056,-1,1022,1029,1028,-1,1028,1029,1050,-1,1028,1050,1057,-1,1057,1050,1051,-1,1057,1051,1058,-1,1058,1051,1052,-1,1058,1052,1059,-1,1059,1052,1053,-1,1059,1053,1060,-1,1060,1053,1054,-1,1060,1054,1061,-1,1061,1054,1055,-1,1061,1055,1062,-1,1062,1055,1056,-1,1062,1056,1063,-1,1021,1028,1027,-1,1027,1028,1057,-1,1027,1057,1064,-1,1064,1057,1058,-1,1064,1058,1065,-1,1065,1058,1059,-1,1065,1059,1066,-1,1066,1059,1060,-1,1066,1060,1067,-1,1067,1060,1061,-1,1067,1061,1068,-1,1068,1061,1062,-1,1068,1062,1069,-1,1069,1062,1063,-1,1069,1063,1070,-1,1020,1027,1026,-1,1026,1027,1064,-1,1026,1064,1071,-1,1071,1064,1065,-1,1071,1065,1072,-1,1072,1065,1066,-1,1072,1066,1073,-1,1073,1066,1067,-1,1073,1067,1074,-1,1074,1067,1068,-1,1074,1068,1075,-1,1075,1068,1069,-1,1075,1069,1076,-1,1076,1069,1070,-1,1076,1070,1077,-1,1019,1026,1078,-1,1078,1026,1071,-1,1078,1071,1079,-1,1079,1071,1072,-1,1079,1072,1080,-1,1080,1072,1073,-1,1080,1073,1081,-1,1081,1073,1074,-1,1081,1074,1082,-1,1082,1074,1075,-1,1082,1075,1083,-1,1083,1075,1076,-1,1083,1076,1084,-1,1084,1076,1077,-1,1084,1077,1085,-1,1019,884,1018,-1,1018,884,885,-1,1082,1083,1081,-1,1081,1083,1080,-1,1078,1079,1085,-1,1085,1079,1080,-1,1085,1080,1084,-1,1084,1080,1083,-1,818,881,882,-1,958,1018,951,-1,951,1018,885,-1,951,885,944,-1,882,883,818,-1,818,883,884,-1,818,884,1085,-1,1085,884,1019,-1,1085,1019,1078,-1,949,946,948,-1,948,946,947,-1,944,945,951,-1,951,945,946,-1,951,946,950,-1,950,946,949,-1,818,877,881,-1,881,877,878,-1,881,878,880,-1,880,878,879,-1,958,1011,1012,-1,1012,1013,958,-1,958,1013,1014,-1,958,1014,1015,-1,1015,1016,958,-1,958,1016,1017,-1,958,1017,1018,-1,818,1085,1077,-1,818,1077,819,-1,819,1077,1070,-1,819,1070,821,-1,821,1070,1063,-1,821,1063,823,-1,823,1063,1056,-1,823,1056,825,-1,825,1056,1049,-1,825,1049,827,-1,827,1049,1048,-1,827,1048,829,-1,829,734,830,-1,830,734,764,-1,830,764,831,-1,831,764,766,-1,831,766,833,-1,833,766,752,-1,833,752,834,-1,834,752,751,-1,834,751,836,-1,836,751,770,-1,836,770,837,-1,837,770,804,-1,837,804,839,-1,839,804,755,-1,839,755,841,-1,841,755,754,-1,841,754,843,-1,843,754,758,-1,843,758,844,-1,844,758,757,-1,844,757,846,-1,846,757,781,-1,846,781,847,-1,847,781,780,-1,1048,688,829,-1,829,688,734,-1,1025,665,1031,-1,1031,665,667,-1,1031,667,1032,-1,1032,667,666,-1,1032,666,1034,-1,1034,666,670,-1,1034,670,1035,-1,1035,670,669,-1,1035,669,1037,-1,1037,669,717,-1,1037,717,1038,-1,1038,717,710,-1,1038,710,1040,-1,1040,710,673,-1,1040,673,1042,-1,1042,673,672,-1,1042,672,1044,-1,1044,672,676,-1,1044,676,1045,-1,1045,676,675,-1,1045,675,1047,-1,1047,675,689,-1,1047,689,1048,-1,1048,689,688,-1,665,1025,628,-1,628,1025,981,-1,628,981,629,-1,629,981,980,-1,629,980,602,-1,602,980,978,-1,602,978,603,-1,603,978,977,-1,603,977,599,-1,599,977,975,-1,599,975,600,-1,600,975,973,-1,600,973,652,-1,652,973,971,-1,652,971,616,-1,616,971,970,-1,616,970,596,-1,596,970,968,-1,596,968,597,-1,597,968,967,-1,597,967,612,-1,612,967,965,-1,612,965,610,-1,610,965,964,-1,610,964,572,-1,572,964,952,-1,914,573,952,-1,952,573,572,-1,573,914,1086,-1,1086,914,913,-1,1086,913,1087,-1,1087,913,911,-1,1087,911,1088,-1,1088,911,910,-1,1088,910,1089,-1,1089,910,908,-1,1089,908,1090,-1,1090,908,906,-1,1090,906,1091,-1,1091,906,904,-1,1091,904,1092,-1,1092,904,903,-1,1092,903,1093,-1,1093,903,901,-1,1093,901,1094,-1,1094,901,900,-1,1094,900,1095,-1,1095,900,898,-1,1095,898,1096,-1,1096,898,897,-1,1096,897,817,-1,817,897,891,-1,817,891,780,-1,780,891,847,-1,1095,1096,1097,-1,1093,1094,1098,-1,1089,1090,1099,-1,1087,1088,1100,-1,1101,1102,1103,-1,1104,1105,575,-1,1101,1103,1106,-1,1107,1108,1109,-1,573,1086,574,-1,574,1086,1110,-1,1111,591,1110,-1,1110,591,593,-1,1110,593,574,-1,1112,587,1111,-1,1111,587,589,-1,1111,589,591,-1,1113,583,1112,-1,1112,583,585,-1,1112,585,587,-1,575,577,1104,-1,1104,577,579,-1,1104,579,1113,-1,1113,579,581,-1,1113,581,583,-1,1086,1087,1110,-1,1110,1087,1100,-1,1110,1100,1111,-1,1111,1100,1114,-1,1111,1114,1112,-1,1112,1114,1115,-1,1112,1115,1113,-1,1113,1115,1116,-1,1113,1116,1104,-1,1104,1116,1103,-1,1104,1103,1105,-1,1105,1103,1102,-1,1088,1089,1100,-1,1100,1089,1099,-1,1100,1099,1114,-1,1114,1099,1117,-1,1114,1117,1115,-1,1115,1117,1118,-1,1115,1118,1116,-1,1116,1118,1119,-1,1116,1119,1103,-1,1103,1119,1107,-1,1103,1107,1106,-1,1106,1107,1109,-1,1090,1091,1099,-1,1099,1091,1120,-1,1099,1120,1117,-1,1117,1120,1121,-1,1117,1121,1118,-1,1118,1121,1122,-1,1118,1122,1119,-1,1119,1122,1123,-1,1119,1123,1107,-1,1107,1123,1124,-1,1107,1124,1108,-1,1108,1124,1125,-1,1091,1092,1120,-1,1120,1092,1126,-1,1120,1126,1121,-1,1121,1126,1127,-1,1121,1127,1122,-1,1122,1127,1128,-1,1122,1128,1123,-1,1123,1128,1129,-1,1123,1129,1124,-1,1124,1129,1130,-1,1124,1130,1125,-1,1125,1130,1131,-1,1092,1093,1126,-1,1126,1093,1098,-1,1126,1098,1127,-1,1127,1098,1132,-1,1127,1132,1128,-1,1128,1132,1133,-1,1128,1133,1129,-1,1129,1133,1134,-1,1129,1134,1130,-1,1130,1134,1135,-1,1130,1135,1131,-1,1131,1135,1136,-1,1094,1095,1098,-1,1098,1095,1097,-1,1098,1097,1132,-1,1132,1097,1137,-1,1132,1137,1133,-1,1133,1137,1138,-1,1133,1138,1134,-1,1134,1138,1139,-1,1134,1139,1135,-1,1135,1139,1140,-1,1135,1140,1136,-1,1136,1140,1141,-1,1096,817,1097,-1,1097,817,816,-1,1097,816,1137,-1,1137,816,815,-1,1137,815,1138,-1,1138,815,814,-1,1138,814,1139,-1,1139,814,813,-1,1139,813,1140,-1,1140,813,812,-1,1140,812,1141,-1,1141,812,811,-1,
        ]
    }
}
Shape{
    appearance Appearance {
        material  Material 	{
            diffuseColor 0.5019607843137255 0.25098039215686274 0.0
            specularColor 0.44313725490196076 0.2196078431372549 0.0
            ambientIntensity 0.2974
            transparency 0.0
            shininess 0.5
        }
    }
    geometry IndexedFaceSet {
        ccw TRUE
        solid FALSE
        coord DEF co Coordinate {
            point [
                0.8366 -0.1957 0.4649, 0.8191 -0.1957 0.4976, 0.8251 -0.1957 0.4927, 0.83 -0.1957 0.4868, 0.8336 -0.1957 0.4799, 0.8359 -0.1957 0.4726, 0.8359 -0.1957 0.2755, 0.8191 -0.1957 0.2504, 0.8366 -0.1957 0.2832, 0.817 -0.1957 0.2491, 0.817 -0.1957 0.499, 0.8336 -0.1957 0.2681, 0.83 -0.1957 0.2613, 0.8251 -0.1957 0.2553
            ]
        }
        coordIndex [
            0,1,2,-1,2,3,0,-1,0,3,4,-1,0,4,5,-1,6,7,8,-1,8,7,9,-1,8,9,0,-1,0,9,10,-1,0,10,1,-1,6,11,7,-1,7,11,12,-1,7,12,13,-1,
        ]
    }
}
Shape{
    appearance Appearance {
        material  Material 	{
            diffuseColor 1.0 1.0 1.0
            specularColor 0.5019607843137255 0.5019607843137255 0.5019607843137255
            ambientIntensity 1.0
            transparency 0.0
            shininess 0.5
        }
    }
    geometry IndexedFaceSet {
        ccw TRUE
        solid FALSE
        coord DEF co Coordinate {
            point [
                0.817 -0.1957 0.2464, 0.817 -0.1969 0.2358, 0.817 -0.117 0.2358, 0.817 -0.1969 0.5122, 0.817 -0.1965 0.5096, 0.817 -0.117 0.5122, 0.817 -0.1957 0.499, 0.817 -0.1957 0.2491, 0.7973 -0.1962 0.5122, 0.7579 -0.1962 0.5122, 0.7382 -0.117 0.5122, 0.8069 -0.1966 0.5122, 0.8169 -0.1969 0.5122, 0.7382 -0.1969 0.5122, 0.7383 -0.1969 0.5122, 0.7483 -0.1966 0.5122, 0.7382 -0.1957 0.5016, 0.7382 -0.1969 0.2358, 0.7382 -0.1965 0.2384, 0.7382 -0.117 0.2358, 0.7382 -0.1957 0.2491, 0.7382 -0.1957 0.499
            ]
        }
        coordIndex [
            0,1,2,-1,3,4,5,-1,5,4,6,-1,5,6,2,-1,2,6,7,-1,2,7,0,-1,8,5,9,-1,9,5,10,-1,8,11,5,-1,5,11,12,-1,5,12,3,-1,13,14,10,-1,10,14,15,-1,10,15,9,-1,16,13,10,-1,17,18,19,-1,19,18,20,-1,19,20,10,-1,10,20,21,-1,10,21,16,-1,
        ]
    }
}
Shape{
    appearance Appearance {
        material  Material 	{
            diffuseColor 0.5019607843137255 0.25098039215686274 0.0
            specularColor 0.44313725490196076 0.2196078431372549 0.0
            ambientIntensity 0.2974
            transparency 0.0
            shininess 0.5
        }
    }
    geometry IndexedFaceSet {
        ccw TRUE
        solid FALSE
        coord DEF co Coordinate {
            point [
                0.736 -0.1957 0.4976, 0.7382 -0.1957 0.499, 0.7185 -0.1957 0.4649, 0.7185 -0.1957 0.2832, 0.7252 -0.1957 0.2613, 0.7215 -0.1957 0.2681, 0.7301 -0.1957 0.2553, 0.736 -0.1957 0.2504, 0.7382 -0.1957 0.2491, 0.7193 -0.1957 0.2755, 0.7193 -0.1957 0.4726, 0.7215 -0.1957 0.4799, 0.7252 -0.1957 0.4868, 0.7301 -0.1957 0.4927
            ]
        }
        coordIndex [
            0,1,2,-1,2,1,3,-1,4,5,6,-1,6,5,7,-1,1,8,3,-1,3,8,7,-1,3,7,9,-1,9,7,5,-1,10,11,12,-1,10,12,2,-1,2,12,13,-1,2,13,0,-1,
        ]
    }
}
Shape{
    appearance Appearance {
        material  Material 	{
            diffuseColor 0.7529411764705882 0.7529411764705882 0.7529411764705882
            specularColor 0.3764705882352941 0.3764705882352941 0.3764705882352941
            ambientIntensity 0.7529
            transparency 0.0
            shininess 0.5
        }
    }
    geometry IndexedFaceSet {
        ccw TRUE
        solid FALSE
        coord DEF co Coordinate {
            point [
                0.4725 -0.5697 0.4823, 0.4776 -0.5697 0.4816, 0.4725 -0.569 0.4874, 0.4789 -0.569 0.4865, 0.4725 -0.5671 0.4921, 0.4801 -0.5671 0.4911, 0.4725 -0.5639 0.4962, 0.4812 -0.5639 0.4951, 0.4725 -0.5599 0.4993, 0.482 -0.5599 0.4981, 0.4725 -0.5551 0.5013, 0.4825 -0.5551 0.5, 0.4725 -0.55 0.502, 0.4827 -0.55 0.5006, 0.4823 -0.5697 0.4796, 0.4849 -0.569 0.4841, 0.4872 -0.5671 0.4882, 0.4893 -0.5639 0.4917, 0.4908 -0.5599 0.4944, 0.4918 -0.5551 0.4961, 0.4922 -0.55 0.4967, 0.4864 -0.5697 0.4765, 0.49 -0.569 0.4801, 0.4933 -0.5671 0.4835, 0.4962 -0.5639 0.4864, 0.4984 -0.5599 0.4886, 0.4998 -0.5551 0.49, 0.5003 -0.55 0.4904, 0.4895 -0.5697 0.4724, 0.4939 -0.569 0.475, 0.498 -0.5671 0.4774, 0.5016 -0.5639 0.4794, 0.5043 -0.5599 0.481, 0.506 -0.5551 0.4819, 0.5066 -0.55 0.4823, 0.4915 -0.5697 0.4677, 0.4964 -0.569 0.469, 0.501 -0.5671 0.4702, 0.5049 -0.5639 0.4713, 0.5079 -0.5599 0.4721, 0.5098 -0.5551 0.4726, 0.5105 -0.55 0.4728, 0.4922 -0.5697 0.4626, 0.4972 -0.569 0.4626, 0.502 -0.5671 0.4626, 0.5061 -0.5639 0.4626, 0.5092 -0.5599 0.4626, 0.5112 -0.5551 0.4626, 0.5118 -0.55 0.4626, -0.0393 -0.5697 0.4823, -0.0393 -0.569 0.4874, -0.0393 -0.5671 0.4921, -0.0393 -0.5639 0.4962, -0.0393 -0.5599 0.4993, -0.0393 -0.5551 0.5013, -0.0393 -0.55 0.502, 0.4922 -0.5697 0.187, 0.4972 -0.569 0.187, 0.502 -0.5671 0.187, 0.5061 -0.5639 0.187, 0.5092 -0.5599 0.187, 0.5112 -0.5551 0.187, 0.5118 -0.55 0.187, -0.059 -0.5697 0.4626, -0.0584 -0.5697 0.4677, -0.0641 -0.569 0.4626, -0.0633 -0.569 0.469, -0.0689 -0.5671 0.4626, -0.0679 -0.5671 0.4702, -0.0729 -0.5639 0.4626, -0.0718 -0.5639 0.4713, -0.0761 -0.5599 0.4626, -0.0748 -0.5599 0.4721, -0.078 -0.5551 0.4626, -0.0767 -0.5551 0.4726, -0.0787 -0.55 0.4626, -0.0774 -0.55 0.4728, -0.0564 -0.5697 0.4724, -0.0608 -0.569 0.475, -0.0649 -0.5671 0.4774, -0.0684 -0.5639 0.4794, -0.0712 -0.5599 0.481, -0.0729 -0.5551 0.4819, -0.0734 -0.55 0.4823, -0.0533 -0.5697 0.4765, -0.0569 -0.569 0.4801, -0.0602 -0.5671 0.4835, -0.0631 -0.5639 0.4864, -0.0653 -0.5599 0.4886, -0.0667 -0.5551 0.49, -0.0672 -0.55 0.4904, -0.0492 -0.5697 0.4796, -0.0517 -0.569 0.4841, -0.0541 -0.5671 0.4882, -0.0561 -0.5639 0.4917, -0.0577 -0.5599 0.4944, -0.0587 -0.5551 0.4961, -0.059 -0.55 0.4967, -0.0444 -0.5697 0.4816, -0.0458 -0.569 0.4865, -0.047 -0.5671 0.4911, -0.048 -0.5639 0.4951, -0.0489 -0.5599 0.4981, -0.0494 -0.5551 0.5, -0.0495 -0.55 0.5006, 0.4725 -0.5697 0.1673, 0.4725 -0.5691 0.163, 0.4776 -0.5697 0.168, 0.4789 -0.569 0.1631, 0.4725 -0.569 0.1622, 0.4725 -0.5676 0.1588, 0.4801 -0.5671 0.1585, 0.4725 -0.5671 0.1575, 0.4725 -0.5653 0.1552, 0.4812 -0.5639 0.1545, 0.4725 -0.5639 0.1534, 0.4725 -0.5622 0.1521, 0.482 -0.5599 0.1515, 0.4915 -0.5697 0.1819, 0.4964 -0.569 0.1806, 0.501 -0.5671 0.1794, 0.5049 -0.5639 0.1783, 0.5079 -0.5599 0.1775, 0.5098 -0.5551 0.177, 0.4895 -0.5697 0.1772, 0.4939 -0.569 0.1746, 0.498 -0.5671 0.1722, 0.5016 -0.5639 0.1702, 0.5043 -0.5599 0.1686, 0.506 -0.5551 0.1677, 0.4864 -0.5697 0.1731, 0.49 -0.569 0.1695, 0.4933 -0.5671 0.1661, 0.4962 -0.5639 0.1632, 0.4984 -0.5599 0.161, 0.4998 -0.5551 0.1596, 0.4823 -0.5697 0.17, 0.4849 -0.569 0.1655, 0.4872 -0.5671 0.1614, 0.4893 -0.5639 0.1579, 0.4908 -0.5599 0.1552, 0.4918 -0.5551 0.1535, 0.4825 -0.5551 0.1496, 0.4725 -0.5599 0.1503, 0.4725 -0.5585 0.1497, 0.4725 -0.5551 0.1483, 0.4725 -0.5544 0.1482, 0.5105 -0.55 0.1768, 0.5066 -0.55 0.1673, 0.5003 -0.55 0.1592, 0.4922 -0.55 0.1529, 0.4827 -0.55 0.149, 0.4725 -0.55 0.1476, -0.059 -0.5697 0.187, -0.0641 -0.569 0.187, -0.0689 -0.5671 0.187, -0.0729 -0.5639 0.187, -0.0761 -0.5599 0.187, -0.078 -0.5551 0.187, -0.0787 -0.55 0.187, -0.0393 -0.5697 0.1673, -0.0393 -0.5691 0.163, -0.0393 -0.569 0.1622, -0.0393 -0.5676 0.1588, -0.0393 -0.5671 0.1575, -0.0393 -0.5653 0.1552, -0.0393 -0.5639 0.1534, -0.0393 -0.5622 0.1521, -0.0393 -0.5599 0.1503, -0.0393 -0.5585 0.1497, -0.0393 -0.5551 0.1483, -0.0393 -0.5544 0.1482, -0.0393 -0.55 0.1476, -0.0444 -0.5697 0.168, -0.0458 -0.569 0.1631, -0.047 -0.5671 0.1585, -0.048 -0.5639 0.1545, -0.0489 -0.5599 0.1515, -0.0494 -0.5551 0.1496, -0.0495 -0.55 0.149, -0.0492 -0.5697 0.17, -0.0517 -0.569 0.1655, -0.0541 -0.5671 0.1614, -0.0561 -0.5639 0.1579, -0.0577 -0.5599 0.1552, -0.0587 -0.5551 0.1535, -0.059 -0.55 0.1529, -0.0533 -0.5697 0.1731, -0.0569 -0.569 0.1695, -0.0602 -0.5671 0.1661, -0.0631 -0.5639 0.1632, -0.0653 -0.5599 0.161, -0.0667 -0.5551 0.1596, -0.0672 -0.55 0.1592, -0.0564 -0.5697 0.1772, -0.0608 -0.569 0.1746, -0.0649 -0.5671 0.1722, -0.0684 -0.5639 0.1702, -0.0712 -0.5599 0.1686, -0.0729 -0.5551 0.1677, -0.0734 -0.55 0.1673, -0.0584 -0.5697 0.1819, -0.0633 -0.569 0.1806, -0.0679 -0.5671 0.1794, -0.0718 -0.5639 0.1783, -0.0748 -0.5599 0.1775, -0.0767 -0.5551 0.177, -0.0774 -0.55 0.1768
            ]
        }
        coordIndex [
            0,1,2,-1,2,1,3,-1,2,3,4,-1,4,3,5,-1,4,5,6,-1,6,5,7,-1,6,7,8,-1,8,7,9,-1,8,9,10,-1,10,9,11,-1,10,11,12,-1,12,11,13,-1,1,14,3,-1,3,14,15,-1,3,15,5,-1,5,15,16,-1,5,16,7,-1,7,16,17,-1,7,17,9,-1,9,17,18,-1,9,18,11,-1,11,18,19,-1,11,19,13,-1,13,19,20,-1,14,21,15,-1,15,21,22,-1,15,22,16,-1,16,22,23,-1,16,23,17,-1,17,23,24,-1,17,24,18,-1,18,24,25,-1,18,25,19,-1,19,25,26,-1,19,26,20,-1,20,26,27,-1,21,28,22,-1,22,28,29,-1,22,29,23,-1,23,29,30,-1,23,30,24,-1,24,30,31,-1,24,31,25,-1,25,31,32,-1,25,32,26,-1,26,32,33,-1,26,33,27,-1,27,33,34,-1,28,35,29,-1,29,35,36,-1,29,36,30,-1,30,36,37,-1,30,37,31,-1,31,37,38,-1,31,38,32,-1,32,38,39,-1,32,39,33,-1,33,39,40,-1,33,40,34,-1,34,40,41,-1,35,42,36,-1,36,42,43,-1,36,43,37,-1,37,43,44,-1,37,44,38,-1,38,44,45,-1,38,45,39,-1,39,45,46,-1,39,46,40,-1,40,46,47,-1,40,47,41,-1,41,47,48,-1,49,0,2,-1,49,2,50,-1,50,2,4,-1,50,4,51,-1,51,4,6,-1,51,6,52,-1,52,6,8,-1,52,8,53,-1,53,8,10,-1,53,10,54,-1,54,10,12,-1,54,12,55,-1,42,56,57,-1,42,57,43,-1,43,57,58,-1,43,58,44,-1,44,58,59,-1,44,59,45,-1,45,59,60,-1,45,60,46,-1,46,60,61,-1,46,61,47,-1,47,61,62,-1,47,62,48,-1,63,64,65,-1,65,64,66,-1,65,66,67,-1,67,66,68,-1,67,68,69,-1,69,68,70,-1,69,70,71,-1,71,70,72,-1,71,72,73,-1,73,72,74,-1,73,74,75,-1,75,74,76,-1,64,77,66,-1,66,77,78,-1,66,78,68,-1,68,78,79,-1,68,79,70,-1,70,79,80,-1,70,80,72,-1,72,80,81,-1,72,81,74,-1,74,81,82,-1,74,82,76,-1,76,82,83,-1,77,84,78,-1,78,84,85,-1,78,85,79,-1,79,85,86,-1,79,86,80,-1,80,86,87,-1,80,87,81,-1,81,87,88,-1,81,88,82,-1,82,88,89,-1,82,89,83,-1,83,89,90,-1,84,91,85,-1,85,91,92,-1,85,92,86,-1,86,92,93,-1,86,93,87,-1,87,93,94,-1,87,94,88,-1,88,94,95,-1,88,95,89,-1,89,95,96,-1,89,96,90,-1,90,96,97,-1,91,98,92,-1,92,98,99,-1,92,99,93,-1,93,99,100,-1,93,100,94,-1,94,100,101,-1,94,101,95,-1,95,101,102,-1,95,102,96,-1,96,102,103,-1,96,103,97,-1,97,103,104,-1,98,49,99,-1,99,49,50,-1,99,50,100,-1,100,50,51,-1,100,51,101,-1,101,51,52,-1,101,52,102,-1,102,52,53,-1,102,53,103,-1,103,53,54,-1,103,54,104,-1,104,54,55,-1,105,106,107,-1,107,106,108,-1,106,109,108,-1,108,109,110,-1,108,110,111,-1,110,112,111,-1,111,112,113,-1,111,113,114,-1,113,115,114,-1,114,115,116,-1,114,116,117,-1,56,118,57,-1,57,118,119,-1,57,119,58,-1,58,119,120,-1,58,120,59,-1,59,120,121,-1,59,121,60,-1,60,121,122,-1,60,122,61,-1,61,122,123,-1,61,123,62,-1,118,124,119,-1,119,124,125,-1,119,125,120,-1,120,125,126,-1,120,126,121,-1,121,126,127,-1,121,127,122,-1,122,127,128,-1,122,128,123,-1,123,128,129,-1,124,130,125,-1,125,130,131,-1,125,131,126,-1,126,131,132,-1,126,132,127,-1,127,132,133,-1,127,133,128,-1,128,133,134,-1,128,134,129,-1,129,134,135,-1,130,136,131,-1,131,136,137,-1,131,137,132,-1,132,137,138,-1,132,138,133,-1,133,138,139,-1,133,139,134,-1,134,139,140,-1,134,140,135,-1,135,140,141,-1,136,107,137,-1,137,107,108,-1,137,108,138,-1,138,108,111,-1,138,111,139,-1,139,111,114,-1,139,114,140,-1,140,114,117,-1,140,117,141,-1,141,117,142,-1,116,143,117,-1,117,143,144,-1,117,144,142,-1,142,144,145,-1,142,145,146,-1,62,123,147,-1,147,123,129,-1,147,129,148,-1,148,129,135,-1,148,135,149,-1,149,135,141,-1,149,141,150,-1,150,141,142,-1,150,142,151,-1,151,142,146,-1,151,146,152,-1,153,63,65,-1,153,65,154,-1,154,65,67,-1,154,67,155,-1,155,67,69,-1,155,69,156,-1,156,69,71,-1,156,71,157,-1,157,71,73,-1,157,73,158,-1,158,73,75,-1,158,75,159,-1,160,161,105,-1,105,161,106,-1,106,161,109,-1,109,161,162,-1,109,162,110,-1,110,162,163,-1,110,163,112,-1,112,163,164,-1,112,164,113,-1,113,164,165,-1,113,165,115,-1,115,165,166,-1,115,166,116,-1,116,166,167,-1,116,167,143,-1,143,167,168,-1,143,168,144,-1,144,168,169,-1,144,169,145,-1,145,169,170,-1,145,170,146,-1,170,171,146,-1,146,171,172,-1,146,172,152,-1,160,173,161,-1,161,173,174,-1,161,174,162,-1,162,174,163,-1,163,174,175,-1,163,175,164,-1,164,175,165,-1,165,175,176,-1,165,176,166,-1,166,176,167,-1,167,176,177,-1,167,177,168,-1,168,177,169,-1,169,177,178,-1,169,178,170,-1,170,178,171,-1,171,178,179,-1,171,179,172,-1,173,180,174,-1,174,180,181,-1,174,181,175,-1,175,181,182,-1,175,182,176,-1,176,182,183,-1,176,183,177,-1,177,183,184,-1,177,184,178,-1,178,184,185,-1,178,185,179,-1,179,185,186,-1,180,187,181,-1,181,187,188,-1,181,188,182,-1,182,188,189,-1,182,189,183,-1,183,189,190,-1,183,190,184,-1,184,190,191,-1,184,191,185,-1,185,191,192,-1,185,192,186,-1,186,192,193,-1,187,194,188,-1,188,194,195,-1,188,195,189,-1,189,195,196,-1,189,196,190,-1,190,196,197,-1,190,197,191,-1,191,197,198,-1,191,198,192,-1,192,198,199,-1,192,199,193,-1,193,199,200,-1,194,201,195,-1,195,201,202,-1,195,202,196,-1,196,202,203,-1,196,203,197,-1,197,203,204,-1,197,204,198,-1,198,204,205,-1,198,205,199,-1,199,205,206,-1,199,206,200,-1,200,206,207,-1,201,153,202,-1,202,153,154,-1,202,154,203,-1,203,154,155,-1,203,155,204,-1,204,155,156,-1,204,156,205,-1,205,156,157,-1,205,157,206,-1,206,157,158,-1,206,158,207,-1,207,158,159,-1,
        ]
    }
}
Shape{
    appearance Appearance {
        material  Material 	{
            diffuseColor 0.5019607843137255 0.25098039215686274 0.0
            specularColor 0.44313725490196076 0.2196078431372549 0.0
            ambientIntensity 0.2974
            transparency 0.0
            shininess 0.5
        }
    }
    geometry IndexedFaceSet {
        ccw TRUE
        solid FALSE
        coord DEF co Coordinate {
            point [
                0.8465 0.1193 0.6299, 0.8465 0.1193 0.0197, -0.4134 0.1193 0.6299, 0.1861 0.1193 0.0197, -0.4134 0.1193 0.0197
            ]
        }
        coordIndex [
            0,1,2,-1,2,1,3,-1,2,3,4,-1,
        ]
    }
}
Shape{
    appearance Appearance {
        material  Material 	{
            diffuseColor 0.0 0.0 0.0
            specularColor 0.0 0.0 0.0
            ambientIntensity 0.0
            transparency 0.0
            shininess 0.5
        }
    }
    geometry IndexedFaceSet {
        ccw TRUE
        solid FALSE
        coord DEF co Coordinate {
            point [
                0.069 -0.0107 0.0201, 0.0383 -0.0894 0.0201, 0.069 -0.0107 0.0197, 0.0383 -0.0894 0.0197, 0.0498 -0.0894 0.0201, 0.0498 -0.0894 0.0197, 0.0577 -0.0674 0.0201, 0.0577 -0.0674 0.0197, 0.0903 -0.0674 0.0201, 0.0903 -0.0674 0.0197, 0.0978 -0.0894 0.0201, 0.0978 -0.0894 0.0197, 0.1093 -0.0894 0.0201, 0.1093 -0.0894 0.0197, 0.0795 -0.0107 0.0201, 0.0795 -0.0107 0.0197, 0.0876 -0.0587 0.0201, 0.0759 -0.0258 0.0201, 0.0751 -0.0231 0.0201, 0.0746 -0.0203 0.0201, 0.0744 -0.0203 0.0201, 0.0738 -0.0231 0.0201, 0.0731 -0.0258 0.0201, 0.0613 -0.0587 0.0201, 0.0876 -0.0587 0.0197, 0.0613 -0.0587 0.0197, 0.0759 -0.0258 0.0197, 0.0751 -0.0231 0.0197, 0.0746 -0.0203 0.0197, 0.0744 -0.0203 0.0197, 0.0738 -0.0231 0.0197, 0.0731 -0.0258 0.0197, 0.157 -0.0894 0.0201, 0.1785 -0.0894 0.0201, 0.157 -0.0894 0.0197, 0.1785 -0.0894 0.0197, 0.1785 -0.0107 0.0201, 0.1785 -0.0107 0.0197, 0.1562 -0.0107 0.0201, 0.1562 -0.0107 0.0197, 0.1151 -0.0491 0.0201, 0.1151 -0.0491 0.0197, 0.1156 -0.0417 0.0197, 0.1156 -0.0417 0.0201, 0.1178 -0.0339 0.0197, 0.1178 -0.0339 0.0201, 0.1214 -0.0271 0.0197, 0.1214 -0.0271 0.0201, 0.127 -0.021 0.0197, 0.127 -0.021 0.0201, 0.1271 -0.0209 0.0197, 0.1271 -0.0209 0.0201, 0.1356 -0.0152 0.0197, 0.1356 -0.0152 0.0201, 0.1449 -0.0119 0.0197, 0.1449 -0.0119 0.0201, 0.1473 -0.0886 0.0197, 0.1473 -0.0886 0.0201, 0.1382 -0.0859 0.0197, 0.1382 -0.0859 0.0201, 0.13 -0.0811 0.0197, 0.13 -0.0811 0.0201, 0.1235 -0.0749 0.0197, 0.1235 -0.0749 0.0201, 0.119 -0.0679 0.0197, 0.119 -0.0679 0.0201, 0.1162 -0.0596 0.0197, 0.1162 -0.0596 0.0201, 0.1309 -0.0304 0.0201, 0.1347 -0.0263 0.0201, 0.1405 -0.0226 0.0201, 0.147 -0.0203 0.0201, 0.1563 -0.0194 0.0201, 0.1679 -0.0194 0.0201, 0.1679 -0.0808 0.0201, 0.1567 -0.0808 0.0201, 0.1484 -0.08 0.0201, 0.1418 -0.078 0.0201, 0.1364 -0.0748 0.0201, 0.132 -0.0704 0.0201, 0.1287 -0.065 0.0201, 0.1264 -0.0576 0.0201, 0.1256 -0.0493 0.0201, 0.1263 -0.0415 0.0201, 0.1281 -0.0352 0.0201, 0.1563 -0.0194 0.0197, 0.1679 -0.0194 0.0197, 0.147 -0.0203 0.0197, 0.1405 -0.0226 0.0197, 0.1347 -0.0263 0.0197, 0.1309 -0.0304 0.0197, 0.1281 -0.0352 0.0197, 0.1263 -0.0415 0.0197, 0.1256 -0.0493 0.0197, 0.1264 -0.0576 0.0197, 0.1287 -0.065 0.0197, 0.132 -0.0704 0.0197, 0.1364 -0.0748 0.0197, 0.1418 -0.078 0.0197, 0.1484 -0.08 0.0197, 0.1567 -0.0808 0.0197, 0.1679 -0.0808 0.0197, 0.1938 -0.0808 0.0201, 0.1938 -0.0894 0.0201, 0.1938 -0.0808 0.0197, 0.1938 -0.0894 0.0197, 0.2361 -0.0894 0.0201, 0.2361 -0.0894 0.0197, 0.2361 -0.0107 0.0201, 0.2361 -0.0107 0.0197, 0.1957 -0.0107 0.0201, 0.1957 -0.0107 0.0197, 0.1957 -0.0194 0.0201, 0.1957 -0.0194 0.0197, 0.2255 -0.0194 0.0201, 0.2255 -0.0194 0.0197, 0.2255 -0.0453 0.0201, 0.2255 -0.0453 0.0197, 0.1977 -0.0453 0.0201, 0.1977 -0.0453 0.0197, 0.1977 -0.0539 0.0201, 0.1977 -0.0539 0.0197, 0.2255 -0.0539 0.0201, 0.2255 -0.0539 0.0197, 0.2255 -0.0808 0.0201, 0.2255 -0.0808 0.0197, 0.2514 -0.0767 0.0201, 0.2514 -0.0854 0.0201, 0.2514 -0.0767 0.0197, 0.2514 -0.0854 0.0197, 0.2731 -0.0904 0.0201, 0.2731 -0.0904 0.0197, 0.2709 -0.0904 0.0197, 0.2709 -0.0904 0.0201, 0.2598 -0.0888 0.0197, 0.2598 -0.0888 0.0201, 0.31 -0.0516 0.0201, 0.31 -0.0516 0.0197, 0.3092 -0.0607 0.0197, 0.3092 -0.0607 0.0201, 0.3069 -0.069 0.0197, 0.3069 -0.069 0.0201, 0.3027 -0.0765 0.0197, 0.3027 -0.0765 0.0201, 0.2968 -0.0827 0.0197, 0.2968 -0.0827 0.0201, 0.2904 -0.0868 0.0197, 0.2904 -0.0868 0.0201, 0.2828 -0.0894 0.0197, 0.2828 -0.0894 0.0201, 0.2779 -0.0104 0.0201, 0.27 -0.0097 0.0201, 0.2758 -0.0102 0.0197, 0.27 -0.0097 0.0197, 0.2779 -0.0104 0.0197, 0.2866 -0.0129 0.0197, 0.2866 -0.0129 0.0201, 0.2941 -0.0172 0.0197, 0.2941 -0.0172 0.0201, 0.3012 -0.0241 0.0197, 0.3012 -0.0241 0.0201, 0.3059 -0.0314 0.0197, 0.3059 -0.0314 0.0201, 0.3089 -0.0404 0.0197, 0.3089 -0.0404 0.0201, 0.263 -0.0102 0.0197, 0.2605 -0.0104 0.0201, 0.2605 -0.0104 0.0197, 0.2514 -0.0129 0.0201, 0.2514 -0.0129 0.0197, 0.2514 -0.0234 0.0201, 0.2514 -0.0234 0.0197, 0.2699 -0.0184 0.0201, 0.2699 -0.0184 0.0197, 0.2603 -0.0196 0.0197, 0.2603 -0.0196 0.0201, 0.2994 -0.0509 0.0201, 0.2994 -0.0509 0.0197, 0.2991 -0.0448 0.0197, 0.2991 -0.0448 0.0201, 0.297 -0.0364 0.0197, 0.297 -0.0364 0.0201, 0.2937 -0.0303 0.0197, 0.2937 -0.0303 0.0201, 0.289 -0.025 0.0197, 0.289 -0.025 0.0201, 0.2835 -0.0214 0.0197, 0.2835 -0.0214 0.0201, 0.2776 -0.0193 0.0197, 0.2776 -0.0193 0.0201, 0.2716 -0.0818 0.0201, 0.2716 -0.0818 0.0197, 0.279 -0.0809 0.0197, 0.279 -0.0809 0.0201, 0.2847 -0.0788 0.0197, 0.2847 -0.0788 0.0201, 0.2896 -0.0756 0.0197, 0.2896 -0.0756 0.0201, 0.2933 -0.0717 0.0197, 0.2933 -0.0717 0.0201, 0.2965 -0.0662 0.0197, 0.2965 -0.0662 0.0201, 0.2986 -0.0594 0.0197, 0.2986 -0.0594 0.0201, 0.2528 -0.0775 0.0197, 0.2528 -0.0775 0.0201, 0.2612 -0.0806 0.0197, 0.2612 -0.0806 0.0201, 0.3167 -0.0808 0.0201, 0.3167 -0.0894 0.0201, 0.3167 -0.0808 0.0197, 0.3167 -0.0894 0.0197, 0.3571 -0.0894 0.0201, 0.3571 -0.0894 0.0197, 0.3571 -0.0107 0.0201, 0.3571 -0.0107 0.0197, 0.3465 -0.0107 0.0201, 0.3465 -0.0107 0.0197, 0.3465 -0.0808 0.0201, 0.3465 -0.0808 0.0197
            ]
        }
        coordIndex [
            0,1,2,-1,2,1,3,-1,1,4,3,-1,3,4,5,-1,4,6,5,-1,5,6,7,-1,6,8,7,-1,7,8,9,-1,8,10,9,-1,9,10,11,-1,10,12,11,-1,11,12,13,-1,12,14,13,-1,13,14,15,-1,14,0,15,-1,15,0,2,-1,16,17,14,-1,12,10,8,-1,17,18,14,-1,14,18,19,-1,14,19,0,-1,0,19,20,-1,0,20,21,-1,21,22,0,-1,0,22,23,-1,0,23,1,-1,4,1,6,-1,6,1,23,-1,6,23,8,-1,8,23,16,-1,8,16,12,-1,12,16,14,-1,16,23,24,-1,24,23,25,-1,17,16,26,-1,26,16,24,-1,17,26,27,-1,17,27,18,-1,18,27,28,-1,18,28,19,-1,20,19,29,-1,29,19,28,-1,20,29,30,-1,20,30,21,-1,21,30,31,-1,21,31,22,-1,23,22,25,-1,25,22,31,-1,32,33,34,-1,34,33,35,-1,33,36,35,-1,35,36,37,-1,36,38,37,-1,37,38,39,-1,40,41,42,-1,40,42,43,-1,43,42,44,-1,43,44,45,-1,45,44,46,-1,45,46,47,-1,47,46,48,-1,47,48,49,-1,49,48,50,-1,49,50,51,-1,51,50,52,-1,51,52,53,-1,53,52,54,-1,53,54,55,-1,55,54,39,-1,55,39,38,-1,32,34,56,-1,32,56,57,-1,57,56,58,-1,57,58,59,-1,59,58,60,-1,59,60,61,-1,61,60,62,-1,61,62,63,-1,63,62,64,-1,63,64,65,-1,65,64,66,-1,65,66,67,-1,67,66,41,-1,67,41,40,-1,45,47,68,-1,68,47,49,-1,68,49,69,-1,69,49,51,-1,69,51,70,-1,70,51,53,-1,70,53,71,-1,71,53,55,-1,71,55,72,-1,72,55,38,-1,72,38,73,-1,73,38,36,-1,73,36,74,-1,74,36,33,-1,74,33,75,-1,75,33,32,-1,75,32,76,-1,76,32,57,-1,76,57,77,-1,77,57,59,-1,77,59,78,-1,78,59,61,-1,78,61,79,-1,79,61,63,-1,79,63,80,-1,80,63,65,-1,80,65,81,-1,81,65,67,-1,81,67,82,-1,82,67,40,-1,82,40,83,-1,83,40,43,-1,83,43,84,-1,84,43,45,-1,84,45,68,-1,72,73,85,-1,85,73,86,-1,72,85,87,-1,72,87,71,-1,71,87,88,-1,71,88,70,-1,70,88,89,-1,70,89,69,-1,69,89,90,-1,69,90,68,-1,68,90,91,-1,68,91,84,-1,84,91,92,-1,84,92,83,-1,83,92,93,-1,83,93,82,-1,82,93,94,-1,82,94,81,-1,81,94,95,-1,81,95,80,-1,80,95,96,-1,80,96,79,-1,79,96,97,-1,79,97,78,-1,78,97,98,-1,78,98,77,-1,77,98,99,-1,77,99,76,-1,76,99,100,-1,76,100,75,-1,74,75,101,-1,101,75,100,-1,73,74,86,-1,86,74,101,-1,102,103,104,-1,104,103,105,-1,103,106,105,-1,105,106,107,-1,106,108,107,-1,107,108,109,-1,108,110,109,-1,109,110,111,-1,110,112,111,-1,111,112,113,-1,112,114,113,-1,113,114,115,-1,114,116,115,-1,115,116,117,-1,116,118,117,-1,117,118,119,-1,118,120,119,-1,119,120,121,-1,120,122,121,-1,121,122,123,-1,122,124,123,-1,123,124,125,-1,124,102,125,-1,125,102,104,-1,106,103,102,-1,102,124,106,-1,106,124,122,-1,106,122,108,-1,112,110,114,-1,114,110,108,-1,114,108,116,-1,116,108,122,-1,116,122,118,-1,118,122,120,-1,126,127,128,-1,128,127,129,-1,130,131,132,-1,130,132,133,-1,133,132,134,-1,133,134,135,-1,135,134,129,-1,135,129,127,-1,136,137,138,-1,136,138,139,-1,139,138,140,-1,139,140,141,-1,141,140,142,-1,141,142,143,-1,143,142,144,-1,143,144,145,-1,145,144,146,-1,145,146,147,-1,147,146,148,-1,147,148,149,-1,149,148,131,-1,149,131,130,-1,150,151,152,-1,152,151,153,-1,152,154,150,-1,150,154,155,-1,150,155,156,-1,156,155,157,-1,156,157,158,-1,158,157,159,-1,158,159,160,-1,160,159,161,-1,160,161,162,-1,162,161,163,-1,162,163,164,-1,164,163,137,-1,164,137,136,-1,153,151,165,-1,165,151,166,-1,165,166,167,-1,167,166,168,-1,167,168,169,-1,168,170,169,-1,169,170,171,-1,172,173,174,-1,172,174,175,-1,175,174,171,-1,175,171,170,-1,176,177,178,-1,176,178,179,-1,179,178,180,-1,179,180,181,-1,181,180,182,-1,181,182,183,-1,183,182,184,-1,183,184,185,-1,185,184,186,-1,185,186,187,-1,187,186,188,-1,187,188,189,-1,189,188,173,-1,189,173,172,-1,190,191,192,-1,190,192,193,-1,193,192,194,-1,193,194,195,-1,195,194,196,-1,195,196,197,-1,197,196,198,-1,197,198,199,-1,199,198,200,-1,199,200,201,-1,201,200,202,-1,201,202,203,-1,203,202,177,-1,203,177,176,-1,126,128,204,-1,126,204,205,-1,205,204,206,-1,205,206,207,-1,207,206,191,-1,207,191,190,-1,193,130,190,-1,190,130,133,-1,190,133,207,-1,207,133,135,-1,207,135,205,-1,205,135,127,-1,205,127,126,-1,170,168,175,-1,175,168,166,-1,175,166,172,-1,172,166,151,-1,172,151,189,-1,189,151,150,-1,189,150,187,-1,187,150,156,-1,187,156,185,-1,185,156,158,-1,185,158,183,-1,183,158,160,-1,183,160,181,-1,181,160,162,-1,181,162,179,-1,179,162,164,-1,179,164,176,-1,176,164,136,-1,176,136,203,-1,203,136,139,-1,203,139,201,-1,201,139,141,-1,201,141,199,-1,199,141,143,-1,199,143,197,-1,197,143,145,-1,197,145,195,-1,195,145,147,-1,195,147,193,-1,193,147,149,-1,193,149,130,-1,208,209,210,-1,210,209,211,-1,209,212,211,-1,211,212,213,-1,212,214,213,-1,213,214,215,-1,214,216,215,-1,215,216,217,-1,216,218,217,-1,217,218,219,-1,218,208,219,-1,219,208,210,-1,216,214,218,-1,218,214,212,-1,218,212,208,-1,208,212,209,-1,
        ]
    }
}
Shape{
    appearance Appearance {
        material  Material 	{
            diffuseColor 0.7529411764705882 0.7529411764705882 0.7529411764705882
            specularColor 0.3764705882352941 0.3764705882352941 0.3764705882352941
            ambientIntensity 0.7529
            transparency 0.0
            shininess 0.5
        }
    }
    geometry IndexedFaceSet {
        ccw TRUE
        solid FALSE
        coord DEF co Coordinate {
            point [
                0.0876 -0.0587 0.0197, 0.0613 -0.0587 0.0197, 0.0759 -0.0258 0.0197, 0.0731 -0.0258 0.0197, 0.0751 -0.0231 0.0197, 0.0738 -0.0231 0.0197, 0.0746 -0.0203 0.0197, 0.0744 -0.0203 0.0197, 0.1679 -0.0194 0.0197, 0.1679 -0.0808 0.0197, 0.1563 -0.0194 0.0197, 0.1567 -0.0808 0.0197, 0.1484 -0.08 0.0197, 0.1256 -0.0493 0.0197, 0.1263 -0.0415 0.0197, 0.1281 -0.0352 0.0197, 0.147 -0.0203 0.0197, 0.1418 -0.078 0.0197, 0.1364 -0.0748 0.0197, 0.132 -0.0704 0.0197, 0.1287 -0.065 0.0197, 0.1264 -0.0576 0.0197, 0.1309 -0.0304 0.0197, 0.1347 -0.0263 0.0197, 0.1405 -0.0226 0.0197
            ]
        }
        coordIndex [
            0,1,2,-1,2,1,3,-1,2,3,4,-1,4,3,5,-1,4,5,6,-1,6,5,7,-1,8,9,10,-1,10,9,11,-1,10,11,12,-1,13,14,10,-1,10,14,15,-1,10,15,16,-1,12,17,10,-1,10,17,18,-1,10,18,19,-1,19,20,10,-1,10,20,21,-1,10,21,13,-1,22,23,15,-1,15,23,24,-1,15,24,16,-1,
        ]
    }
}
Shape{
    appearance Appearance {
        material  Material 	{
            diffuseColor 1.0 1.0 1.0
            specularColor 0.5019607843137255 0.5019607843137255 0.5019607843137255
            ambientIntensity 1.0
            transparency 0.0
            shininess 0.5
        }
    }
    geometry IndexedFaceSet {
        ccw TRUE
        solid FALSE
        coord DEF co Coordinate {
            point [
                0.0376 0.4736 0.0157, 0.0376 0.4539 0.0157, 0.0376 0.4736 0.2559, 0.0376 0.4539 0.2559, 0.0778 0.4736 0.0157, 0.0778 0.4736 0.2559, 0.0778 0.4539 0.0157, 0.0778 0.4539 0.2559, -0.3346 0.2374 0.0157, -0.2756 0.2374 0.0157, -0.3346 0.2374 0.2559, -0.2756 0.2374 0.2559, -0.3346 0.4736 0.0157, -0.3346 0.4736 0.2559, -0.2756 0.4736 0.0157, -0.2756 0.4736 0.2559, -0.2756 0.4539 0.0157, -0.2756 0.4539 0.2559, -0.3149 0.4539 0.0157, -0.3149 0.4539 0.2559, -0.3149 0.2571 0.0157, -0.3149 0.2571 0.2559, -0.2756 0.2571 0.0157, -0.2756 0.2571 0.2559, -0.2161 0.4736 0.0197, -0.2161 0.4539 0.0197, -0.2161 0.4736 0.2559, -0.2161 0.4539 0.2559, -0.0679 0.4736 0.0197, -0.0679 0.4736 0.2559, -0.0679 0.4539 0.0197, -0.0679 0.4539 0.2559, 0.1159 0.4736 0.0157, 0.1159 0.4539 0.0157, 0.1159 0.4736 0.2559, 0.1159 0.4539 0.2559, 0.1543 0.4736 0.0157, 0.1543 0.4736 0.2559, 0.1543 0.4539 0.0157, 0.1543 0.4539 0.2559
            ]
        }
        coordIndex [
            0,1,2,-1,2,1,3,-1,4,0,5,-1,5,0,2,-1,6,4,7,-1,7,4,5,-1,1,6,3,-1,3,6,7,-1,7,5,3,-1,3,5,2,-1,0,4,1,-1,1,4,6,-1,8,9,10,-1,10,9,11,-1,12,8,13,-1,13,8,10,-1,14,12,15,-1,15,12,13,-1,16,14,17,-1,17,14,15,-1,18,16,19,-1,19,16,17,-1,20,18,21,-1,21,18,19,-1,22,20,23,-1,23,20,21,-1,9,22,11,-1,11,22,23,-1,17,15,19,-1,19,15,13,-1,19,13,21,-1,21,13,10,-1,21,10,23,-1,23,10,11,-1,22,9,20,-1,20,9,8,-1,20,8,18,-1,18,8,12,-1,18,12,16,-1,16,12,14,-1,24,25,26,-1,26,25,27,-1,28,24,29,-1,29,24,26,-1,30,28,31,-1,31,28,29,-1,25,30,27,-1,27,30,31,-1,28,30,24,-1,24,30,25,-1,31,29,27,-1,27,29,26,-1,32,33,34,-1,34,33,35,-1,36,32,37,-1,37,32,34,-1,38,36,39,-1,39,36,37,-1,33,38,35,-1,35,38,39,-1,39,37,35,-1,35,37,34,-1,32,36,33,-1,33,36,38,-1,
        ]
    }
}
Shape{
    appearance Appearance {
        material  Material 	{
            diffuseColor 0.7529411764705882 1.0 1.0
            specularColor 0.3764705882352941 0.5019607843137255 0.5019607843137255
            ambientIntensity 0.9261
            transparency 0.0
            shininess 0.5
        }
    }
    geometry IndexedFaceSet {
        ccw TRUE
        solid FALSE
        coord DEF co Coordinate {
            point [
                0.7087 0.4539 0.0197, 0.7481 0.4539 0.0197, 0.7481 0.2571 0.0197, -0.2756 0.4736 0.0197, -0.2161 0.4736 0.0197, -0.2756 0.4539 0.0197, -0.2161 0.4539 0.0197, -0.0679 0.4736 0.0197, -0.0327 0.4736 0.0197, -0.0679 0.4539 0.0197, -0.0327 0.4539 0.0197, 0.0054 0.4736 0.0197, 0.0376 0.4736 0.0197, 0.0054 0.4539 0.0197, 0.0376 0.4539 0.0197, 0.0778 0.4539 0.0197, 0.7087 0.2374 0.0197, -0.2756 0.2374 0.0197, -0.3149 0.4539 0.0197, -0.3149 0.2571 0.0197, -0.2756 0.2571 0.0197, 0.1543 0.4539 0.0197, 0.1543 0.4736 0.0197, 0.1984 0.4736 0.0197, 0.1984 0.4539 0.0197, 0.2388 0.4539 0.0197, 0.1159 0.4539 0.0197, 0.1159 0.4736 0.0197, 0.0778 0.4736 0.0197, 0.3172 0.4539 0.0197, 0.3172 0.4736 0.0197, 0.3553 0.4736 0.0197, 0.3553 0.4539 0.0197, 0.3956 0.4539 0.0197, 0.2789 0.4539 0.0197, 0.2789 0.4736 0.0197, 0.2388 0.4736 0.0197, 0.4658 0.4736 0.0197, 0.501 0.4736 0.0197, 0.4658 0.4539 0.0197, 0.501 0.4539 0.0197, 0.6492 0.4539 0.0197, 0.6492 0.4736 0.0197, 0.7087 0.4736 0.0197, 0.7087 0.2571 0.0197, 0.4277 0.4539 0.0197, 0.4277 0.4736 0.0197, 0.3956 0.4736 0.0197, -0.4134 0.2374 0.6299, -0.4134 0.4736 0.6299, -0.4134 0.2374 0.2559, -0.4134 0.4736 0.2559, -0.2756 0.4736 0.2559, -0.2161 0.4736 0.2559, 0.0376 0.4736 0.2559, 0.8465 0.4736 0.6299, 0.8465 0.4736 0.2559, 0.7087 0.4736 0.2559, -0.0327 0.4736 0.2559, -0.0679 0.4736 0.2559, 0.6492 0.4736 0.2559, 0.501 0.4736 0.2559, 0.4658 0.4736 0.2559, 0.4277 0.4736 0.2559, 0.3956 0.4736 0.2559, 0.3553 0.4736 0.2559, 0.3172 0.4736 0.2559, 0.2789 0.4736 0.2559, 0.2388 0.4736 0.2559, 0.1984 0.4736 0.2559, 0.1543 0.4736 0.2559, 0.1159 0.4736 0.2559, 0.0054 0.4736 0.2559, 0.0778 0.4736 0.2559, 0.8465 0.2374 0.6299, 0.8465 0.2374 0.2559, 0.7087 0.2374 0.2559, -0.2756 0.2374 0.2559
            ]
        }
        coordIndex [
            0,1,2,-1,3,4,5,-1,5,4,6,-1,7,8,9,-1,9,8,10,-1,11,12,13,-1,13,12,14,-1,15,16,14,-1,14,16,17,-1,14,17,13,-1,18,5,19,-1,19,5,6,-1,19,6,20,-1,20,6,9,-1,20,9,17,-1,17,9,10,-1,17,10,13,-1,21,22,23,-1,24,25,16,-1,23,24,21,-1,21,24,16,-1,21,16,26,-1,26,16,15,-1,26,15,27,-1,27,15,28,-1,29,30,31,-1,32,33,16,-1,31,32,29,-1,29,32,16,-1,29,16,34,-1,34,16,25,-1,34,25,35,-1,35,25,36,-1,37,38,39,-1,39,38,40,-1,41,42,43,-1,43,0,41,-1,41,0,2,-1,41,2,40,-1,40,2,44,-1,40,44,39,-1,39,44,16,-1,39,16,45,-1,45,16,33,-1,45,33,46,-1,46,33,47,-1,48,49,50,-1,50,49,51,-1,52,51,49,-1,53,4,3,-1,54,12,11,-1,55,56,57,-1,8,7,58,-1,58,7,59,-1,43,42,57,-1,57,42,60,-1,57,60,55,-1,55,60,61,-1,38,37,61,-1,61,37,62,-1,61,62,55,-1,55,62,63,-1,46,47,63,-1,63,47,64,-1,63,64,55,-1,55,64,65,-1,31,30,65,-1,65,30,66,-1,65,66,55,-1,55,66,67,-1,35,36,67,-1,67,36,68,-1,67,68,55,-1,55,68,69,-1,23,22,69,-1,69,22,70,-1,69,70,55,-1,55,70,71,-1,11,72,54,-1,54,72,55,-1,54,55,73,-1,73,55,71,-1,73,71,28,-1,28,71,27,-1,3,52,53,-1,53,52,49,-1,53,49,59,-1,59,49,55,-1,59,55,58,-1,58,55,72,-1,55,74,56,-1,56,74,75,-1,76,75,74,-1,48,50,77,-1,17,16,77,-1,77,16,76,-1,77,76,48,-1,48,76,74,-1,74,55,48,-1,48,55,49,-1,
        ]
    }
}
Shape{
    appearance Appearance {
        material  Material 	{
            diffuseColor 1.0 1.0 1.0
            specularColor 0.5019607843137255 0.5019607843137255 0.5019607843137255
            ambientIntensity 1.0
            transparency 0.0
            shininess 0.5
        }
    }
    geometry IndexedFaceSet {
        ccw TRUE
        solid FALSE
        coord DEF co Coordinate {
            point [
                0.7087 0.2374 0.2559, 0.7087 0.2571 0.2559, 0.7481 0.2571 0.2559, 0.7087 0.4539 0.2559, 0.7087 0.4736 0.2559, 0.7481 0.4539 0.2559, 0.8465 0.4736 0.2559, 0.8465 0.2374 0.2559, 0.7481 0.4539 0.0197, 0.7481 0.2571 0.0197, -0.2756 0.4736 0.2559, -0.2756 0.4539 0.2559, -0.3149 0.4539 0.2559, -0.2756 0.2571 0.2559, -0.2756 0.2374 0.2559, -0.3149 0.2571 0.2559, -0.4134 0.2374 0.2559, -0.4134 0.4736 0.2559, -0.3149 0.2571 0.0197, -0.3149 0.4539 0.0197
            ]
        }
        coordIndex [
            0,1,2,-1,3,4,5,-1,5,4,6,-1,5,6,2,-1,2,6,7,-1,2,7,0,-1,8,5,9,-1,9,5,2,-1,10,11,12,-1,13,14,15,-1,15,14,16,-1,15,16,12,-1,12,16,17,-1,12,17,10,-1,18,15,19,-1,19,15,12,-1,
        ]
    }
}
Shape{
    appearance Appearance {
        material  Material 	{
            diffuseColor 0.5019607843137255 0.25098039215686274 0.0
            specularColor 0.44313725490196076 0.2196078431372549 0.0
            ambientIntensity 0.2974
            transparency 0.0
            shininess 0.5
        }
    }
    geometry IndexedFaceSet {
        ccw TRUE
        solid FALSE
        coord DEF co Coordinate {
            point [
                -0.2756 0.2374 0.2559, -0.2756 0.2571 0.2559, -0.2756 0.2374 0.0197, -0.2756 0.2571 0.0197
            ]
        }
        coordIndex [
            0,1,2,-1,2,1,3,-1,
        ]
    }
}
Shape{
    appearance Appearance {
        material  Material 	{
            diffuseColor 1.0 1.0 1.0
            specularColor 0.5019607843137255 0.5019607843137255 0.5019607843137255
            ambientIntensity 1.0
            transparency 0.0
            shininess 0.5
        }
    }
    geometry IndexedFaceSet {
        ccw TRUE
        solid FALSE
        coord DEF co Coordinate {
            point [
                -0.2756 0.2571 0.2559, -0.3149 0.2571 0.2559, -0.2756 0.2571 0.0197, -0.3149 0.2571 0.0197
            ]
        }
        coordIndex [
            0,1,2,-1,2,1,3,-1,
        ]
    }
}
Shape{
    appearance Appearance {
        material  Material 	{
            diffuseColor 0.5019607843137255 0.25098039215686274 0.0
            specularColor 0.44313725490196076 0.2196078431372549 0.0
            ambientIntensity 0.2974
            transparency 0.0
            shininess 0.5
        }
    }
    geometry IndexedFaceSet {
        ccw TRUE
        solid FALSE
        coord DEF co Coordinate {
            point [
                -0.3149 0.4539 0.2559, -0.2756 0.4539 0.2559, -0.3149 0.4539 0.0197, -0.2756 0.4539 0.0197, -0.2756 0.4736 0.2559, -0.2756 0.4736 0.0197
            ]
        }
        coordIndex [
            0,1,2,-1,2,1,3,-1,1,4,3,-1,3,4,5,-1,
        ]
    }
}
Shape{
    appearance Appearance {
        material  Material 	{
            diffuseColor 1.0 1.0 1.0
            specularColor 0.5019607843137255 0.5019607843137255 0.5019607843137255
            ambientIntensity 1.0
            transparency 0.0
            shininess 0.5
        }
    }
    geometry IndexedFaceSet {
        ccw TRUE
        solid FALSE
        coord DEF co Coordinate {
            point [
                0.7087 0.4736 0.2559, 0.7087 0.4539 0.2559, 0.7087 0.4736 0.0197, 0.7087 0.4539 0.0197, 0.7481 0.4539 0.2559, 0.7481 0.4539 0.0197, 0.7481 0.2571 0.2559, 0.7087 0.2571 0.2559, 0.7481 0.2571 0.0197, 0.7087 0.2571 0.0197, 0.7087 0.2374 0.2559, 0.7087 0.2374 0.0197, 0.6492 0.4539 0.2559, 0.501 0.4539 0.2559, 0.6492 0.4736 0.2559, 0.501 0.4736 0.2559, 0.6492 0.4539 0.0197, 0.6492 0.4736 0.0197
            ]
        }
        coordIndex [
            0,1,2,-1,2,1,3,-1,1,4,3,-1,3,4,5,-1,6,7,8,-1,8,7,9,-1,7,10,9,-1,9,10,11,-1,12,13,14,-1,14,13,15,-1,16,12,17,-1,17,12,14,-1,
        ]
    }
}
Shape{
    appearance Appearance {
        material  Material 	{
            diffuseColor 0.5019607843137255 0.25098039215686274 0.0
            specularColor 0.44313725490196076 0.2196078431372549 0.0
            ambientIntensity 0.2974
            transparency 0.0
            shininess 0.5
        }
    }
    geometry IndexedFaceSet {
        ccw TRUE
        solid FALSE
        coord DEF co Coordinate {
            point [
                0.501 0.4539 0.0197, 0.501 0.4539 0.2559, 0.6492 0.4539 0.0197, 0.6492 0.4539 0.2559
            ]
        }
        coordIndex [
            0,1,2,-1,2,1,3,-1,
        ]
    }
}
Shape{
    appearance Appearance {
        material  Material 	{
            diffuseColor 1.0 1.0 1.0
            specularColor 0.5019607843137255 0.5019607843137255 0.5019607843137255
            ambientIntensity 1.0
            transparency 0.0
            shininess 0.5
        }
    }
    geometry IndexedFaceSet {
        ccw TRUE
        solid FALSE
        coord DEF co Coordinate {
            point [
                0.501 0.4736 0.0197, 0.501 0.4736 0.2559, 0.501 0.4539 0.0197, 0.501 0.4539 0.2559, 0.4277 0.4736 0.2559, 0.4658 0.4736 0.2559, 0.4277 0.4539 0.2559, 0.4658 0.4539 0.2559
            ]
        }
        coordIndex [
            0,1,2,-1,2,1,3,-1,4,5,6,-1,6,5,7,-1,
        ]
    }
}
Shape{
    appearance Appearance {
        material  Material 	{
            diffuseColor 0.7529411764705882 0.7529411764705882 0.7529411764705882
            specularColor 0.3764705882352941 0.3764705882352941 0.3764705882352941
            ambientIntensity 0.7529
            transparency 0.0
            shininess 0.5
        }
    }
    geometry IndexedFaceSet {
        ccw TRUE
        solid FALSE
        coord DEF co Coordinate {
            point [
                0.4277 0.4736 0.0197, 0.4277 0.4736 0.2559, 0.4277 0.4539 0.0197, 0.4277 0.4539 0.2559
            ]
        }
        coordIndex [
            0,1,2,-1,2,1,3,-1,
        ]
    }
}
Shape{
    appearance Appearance {
        material  Material 	{
            diffuseColor 1.0 1.0 1.0
            specularColor 0.5019607843137255 0.5019607843137255 0.5019607843137255
            ambientIntensity 1.0
            transparency 0.0
            shininess 0.5
        }
    }
    geometry IndexedFaceSet {
        ccw TRUE
        solid FALSE
        coord DEF co Coordinate {
            point [
                0.4658 0.4539 0.0197, 0.4658 0.4539 0.2559, 0.4658 0.4736 0.0197, 0.4658 0.4736 0.2559
            ]
        }
        coordIndex [
            0,1,2,-1,2,1,3,-1,
        ]
    }
}
Shape{
    appearance Appearance {
        material  Material 	{
            diffuseColor 0.7529411764705882 0.7529411764705882 0.7529411764705882
            specularColor 0.3764705882352941 0.3764705882352941 0.3764705882352941
            ambientIntensity 0.7529
            transparency 0.0
            shininess 0.5
        }
    }
    geometry IndexedFaceSet {
        ccw TRUE
        solid FALSE
        coord DEF co Coordinate {
            point [
                0.4277 0.4539 0.0197, 0.4277 0.4539 0.2559, 0.4658 0.4539 0.0197, 0.4658 0.4539 0.2559, 0.3553 0.4736 0.2559, 0.3956 0.4736 0.2559, 0.3553 0.4539 0.2559, 0.3956 0.4539 0.2559
            ]
        }
        coordIndex [
            0,1,2,-1,2,1,3,-1,4,5,6,-1,6,5,7,-1,
        ]
    }
}
Shape{
    appearance Appearance {
        material  Material 	{
            diffuseColor 1.0 1.0 1.0
            specularColor 0.5019607843137255 0.5019607843137255 0.5019607843137255
            ambientIntensity 1.0
            transparency 0.0
            shininess 0.5
        }
    }
    geometry IndexedFaceSet {
        ccw TRUE
        solid FALSE
        coord DEF co Coordinate {
            point [
                0.3553 0.4736 0.0197, 0.3553 0.4736 0.2559, 0.3553 0.4539 0.0197, 0.3553 0.4539 0.2559
            ]
        }
        coordIndex [
            0,1,2,-1,2,1,3,-1,
        ]
    }
}
Shape{
    appearance Appearance {
        material  Material 	{
            diffuseColor 0.0 0.0 0.0
            specularColor 0.0 0.0 0.0
            ambientIntensity 0.0
            transparency 0.0
            shininess 0.5
        }
    }
    geometry IndexedFaceSet {
        ccw TRUE
        solid FALSE
        coord DEF co Coordinate {
            point [
                0.3956 0.4539 0.0197, 0.3956 0.4539 0.2559, 0.3956 0.4736 0.0197, 0.3956 0.4736 0.2559
            ]
        }
        coordIndex [
            0,1,2,-1,2,1,3,-1,
        ]
    }
}
Shape{
    appearance Appearance {
        material  Material 	{
            diffuseColor 1.0 1.0 1.0
            specularColor 0.5019607843137255 0.5019607843137255 0.5019607843137255
            ambientIntensity 1.0
            transparency 0.0
            shininess 0.5
        }
    }
    geometry IndexedFaceSet {
        ccw TRUE
        solid FALSE
        coord DEF co Coordinate {
            point [
                0.3553 0.4539 0.0197, 0.3553 0.4539 0.2559, 0.3956 0.4539 0.0197, 0.3956 0.4539 0.2559, 0.2789 0.4736 0.2559, 0.3172 0.4736 0.2559, 0.2789 0.4539 0.2559, 0.3172 0.4539 0.2559
            ]
        }
        coordIndex [
            0,1,2,-1,2,1,3,-1,4,5,6,-1,6,5,7,-1,
        ]
    }
}
Shape{
    appearance Appearance {
        material  Material 	{
            diffuseColor 0.7529411764705882 0.7529411764705882 0.7529411764705882
            specularColor 0.3764705882352941 0.3764705882352941 0.3764705882352941
            ambientIntensity 0.7529
            transparency 0.0
            shininess 0.5
        }
    }
    geometry IndexedFaceSet {
        ccw TRUE
        solid FALSE
        coord DEF co Coordinate {
            point [
                0.2789 0.4736 0.0197, 0.2789 0.4736 0.2559, 0.2789 0.4539 0.0197, 0.2789 0.4539 0.2559
            ]
        }
        coordIndex [
            0,1,2,-1,2,1,3,-1,
        ]
    }
}
Shape{
    appearance Appearance {
        material  Material 	{
            diffuseColor 1.0 1.0 1.0
            specularColor 0.5019607843137255 0.5019607843137255 0.5019607843137255
            ambientIntensity 1.0
            transparency 0.0
            shininess 0.5
        }
    }
    geometry IndexedFaceSet {
        ccw TRUE
        solid FALSE
        coord DEF co Coordinate {
            point [
                0.3172 0.4539 0.0197, 0.3172 0.4539 0.2559, 0.3172 0.4736 0.0197, 0.3172 0.4736 0.2559, 0.2789 0.4539 0.0197, 0.2789 0.4539 0.2559
            ]
        }
        coordIndex [
            0,1,2,-1,2,1,3,-1,4,5,0,-1,0,5,1,-1,
        ]
    }
}
Shape{
    appearance Appearance {
        material  Material 	{
            diffuseColor 0.7529411764705882 0.7529411764705882 0.7529411764705882
            specularColor 0.3764705882352941 0.3764705882352941 0.3764705882352941
            ambientIntensity 0.7529
            transparency 0.0
            shininess 0.5
        }
    }
    geometry IndexedFaceSet {
        ccw TRUE
        solid FALSE
        coord DEF co Coordinate {
            point [
                0.2388 0.4736 0.2559, 0.2388 0.4539 0.2559, 0.1984 0.4736 0.2559, 0.1984 0.4539 0.2559, 0.2388 0.4539 0.0197, 0.2388 0.4736 0.0197
            ]
        }
        coordIndex [
            0,1,2,-1,2,1,3,-1,4,1,5,-1,5,1,0,-1,
        ]
    }
}
Shape{
    appearance Appearance {
        material  Material 	{
            diffuseColor 1.0 1.0 1.0
            specularColor 0.5019607843137255 0.5019607843137255 0.5019607843137255
            ambientIntensity 1.0
            transparency 0.0
            shininess 0.5
        }
    }
    geometry IndexedFaceSet {
        ccw TRUE
        solid FALSE
        coord DEF co Coordinate {
            point [
                0.1984 0.4539 0.0197, 0.1984 0.4539 0.2559, 0.2388 0.4539 0.0197, 0.2388 0.4539 0.2559
            ]
        }
        coordIndex [
            0,1,2,-1,2,1,3,-1,
        ]
    }
}
Shape{
    appearance Appearance {
        material  Material 	{
            diffuseColor 0.7529411764705882 0.7529411764705882 0.7529411764705882
            specularColor 0.3764705882352941 0.3764705882352941 0.3764705882352941
            ambientIntensity 0.7529
            transparency 0.0
            shininess 0.5
        }
    }
    geometry IndexedFaceSet {
        ccw TRUE
        solid FALSE
        coord DEF co Coordinate {
            point [
                0.1984 0.4736 0.0197, 0.1984 0.4736 0.2559, 0.1984 0.4539 0.0197, 0.1984 0.4539 0.2559, 0.1543 0.4736 0.2559, 0.1543 0.4539 0.2559, 0.1159 0.4736 0.2559, 0.1159 0.4539 0.2559
            ]
        }
        coordIndex [
            0,1,2,-1,2,1,3,-1,4,5,6,-1,6,5,7,-1,
        ]
    }
}
Shape{
    appearance Appearance {
        material  Material 	{
            diffuseColor 1.0 1.0 1.0
            specularColor 0.5019607843137255 0.5019607843137255 0.5019607843137255
            ambientIntensity 1.0
            transparency 0.0
            shininess 0.5
        }
    }
    geometry IndexedFaceSet {
        ccw TRUE
        solid FALSE
        coord DEF co Coordinate {
            point [
                0.1543 0.4539 0.0197, 0.1543 0.4539 0.2559, 0.1543 0.4736 0.0197, 0.1543 0.4736 0.2559
            ]
        }
        coordIndex [
            0,1,2,-1,2,1,3,-1,
        ]
    }
}
Shape{
    appearance Appearance {
        material  Material 	{
            diffuseColor 0.5019607843137255 0.25098039215686274 0.0
            specularColor 0.44313725490196076 0.2196078431372549 0.0
            ambientIntensity 0.2974
            transparency 0.0
            shininess 0.5
        }
    }
    geometry IndexedFaceSet {
        ccw TRUE
        solid FALSE
        coord DEF co Coordinate {
            point [
                0.1159 0.4539 0.0197, 0.1159 0.4539 0.2559, 0.1543 0.4539 0.0197, 0.1543 0.4539 0.2559, 0.1159 0.4736 0.0197, 0.1159 0.4736 0.2559, 0.0778 0.4736 0.2559, 0.0778 0.4539 0.2559, 0.0376 0.4736 0.2559, 0.0376 0.4539 0.2559, 0.0778 0.4539 0.0197, 0.0778 0.4736 0.0197, 0.0376 0.4539 0.0197, 0.0376 0.4736 0.0197, 0.0054 0.4736 0.2559, 0.0054 0.4539 0.2559, -0.0327 0.4736 0.2559, -0.0327 0.4539 0.2559, 0.0054 0.4539 0.0197, 0.0054 0.4736 0.0197, -0.0327 0.4539 0.0197
            ]
        }
        coordIndex [
            0,1,2,-1,2,1,3,-1,4,5,0,-1,0,5,1,-1,6,7,8,-1,8,7,9,-1,10,7,11,-1,11,7,6,-1,12,9,10,-1,10,9,7,-1,13,8,12,-1,12,8,9,-1,14,15,16,-1,16,15,17,-1,18,15,19,-1,19,15,14,-1,20,17,18,-1,18,17,15,-1,
        ]
    }
}
Shape{
    appearance Appearance {
        material  Material 	{
            diffuseColor 1.0 1.0 1.0
            specularColor 0.5019607843137255 0.5019607843137255 0.5019607843137255
            ambientIntensity 1.0
            transparency 0.0
            shininess 0.5
        }
    }
    geometry IndexedFaceSet {
        ccw TRUE
        solid FALSE
        coord DEF co Coordinate {
            point [
                -0.0327 0.4736 0.0197, -0.0327 0.4736 0.2559, -0.0327 0.4539 0.0197, -0.0327 0.4539 0.2559
            ]
        }
        coordIndex [
            0,1,2,-1,2,1,3,-1,
        ]
    }
}
Shape{
    appearance Appearance {
        material  Material 	{
            diffuseColor 0.5019607843137255 0.25098039215686274 0.0
            specularColor 0.44313725490196076 0.2196078431372549 0.0
            ambientIntensity 0.2974
            transparency 0.0
            shininess 0.5
        }
    }
    geometry IndexedFaceSet {
        ccw TRUE
        solid FALSE
        coord DEF co Coordinate {
            point [
                -0.0679 0.4736 0.2559, -0.0679 0.4539 0.2559, -0.2161 0.4736 0.2559, -0.2161 0.4539 0.2559
            ]
        }
        coordIndex [
            0,1,2,-1,2,1,3,-1,
        ]
    }
}
Shape{
    appearance Appearance {
        material  Material 	{
            diffuseColor 1.0 1.0 1.0
            specularColor 0.5019607843137255 0.5019607843137255 0.5019607843137255
            ambientIntensity 1.0
            transparency 0.0
            shininess 0.5
        }
    }
    geometry IndexedFaceSet {
        ccw TRUE
        solid FALSE
        coord DEF co Coordinate {
            point [
                -0.0679 0.4539 0.0197, -0.0679 0.4539 0.2559, -0.0679 0.4736 0.0197, -0.0679 0.4736 0.2559
            ]
        }
        coordIndex [
            0,1,2,-1,2,1,3,-1,
        ]
    }
}
Shape{
    appearance Appearance {
        material  Material 	{
            diffuseColor 0.7529411764705882 0.7529411764705882 0.7529411764705882
            specularColor 0.3764705882352941 0.3764705882352941 0.3764705882352941
            ambientIntensity 0.7529
            transparency 0.0
            shininess 0.5
        }
    }
    geometry IndexedFaceSet {
        ccw TRUE
        solid FALSE
        coord DEF co Coordinate {
            point [
                -0.2161 0.4539 0.0197, -0.2161 0.4539 0.2559, -0.0679 0.4539 0.0197, -0.0679 0.4539 0.2559
            ]
        }
        coordIndex [
            0,1,2,-1,2,1,3,-1,
        ]
    }
}
Shape{
    appearance Appearance {
        material  Material 	{
            diffuseColor 0.5019607843137255 0.25098039215686274 0.0
            specularColor 0.44313725490196076 0.2196078431372549 0.0
            ambientIntensity 0.2974
            transparency 0.0
            shininess 0.5
        }
    }
    geometry IndexedFaceSet {
        ccw TRUE
        solid FALSE
        coord DEF co Coordinate {
            point [
                -0.2161 0.4736 0.0197, -0.2161 0.4736 0.2559, -0.2161 0.4539 0.0197, -0.2161 0.4539 0.2559
            ]
        }
        coordIndex [
            0,1,2,-1,2,1,3,-1,
        ]
    }
}
Shape{
    appearance Appearance {
        material  Material 	{
            diffuseColor 1.0 1.0 1.0
            specularColor 0.5019607843137255 0.5019607843137255 0.5019607843137255
            ambientIntensity 1.0
            transparency 0.0
            shininess 0.5
        }
    }
    geometry IndexedFaceSet {
        ccw TRUE
        solid FALSE
        coord DEF co Coordinate {
            point [
                0.8957 0.1783 0.0197, 0.9744 0.1783 0.0197, 0.8957 0.1252 0.0197, 0.9744 0.1252 0.0197, 0.9744 -0.117 0.0197, 0.8957 -0.117 0.0197, 0.9744 -0.0441 0.0197, 0.8957 -0.0441 0.0197, -0.4626 -0.0441 0.0197, -0.4626 -0.117 0.0197, -0.5413 -0.0441 0.0197, -0.5413 -0.117 0.0197, -0.5413 -0.117 0.6299, -0.5413 -0.117 0.5118, -0.5386 -0.1373 0.5118, -0.5386 -0.1373 0.6299, -0.5308 -0.1563 0.5118, -0.5308 -0.1563 0.6299, -0.5183 -0.1726 0.5118, -0.5183 -0.1726 0.6299, -0.5019 -0.1851 0.5118, -0.5019 -0.1851 0.6299, -0.483 -0.193 0.5118, -0.483 -0.193 0.6299, -0.4626 -0.1957 0.5118, -0.4626 -0.1957 0.6299, 0.9744 -0.117 0.2362, 0.9718 -0.1373 0.2362, 0.9718 -0.1373 0.0157, 0.9744 -0.117 0.0157, 0.9639 -0.1563 0.2362, 0.9639 -0.1563 0.0157, 0.9514 -0.1726 0.2362, 0.9514 -0.1726 0.0157, 0.9351 -0.1851 0.2362, 0.9351 -0.1851 0.0157, 0.9161 -0.193 0.2362, 0.9161 -0.193 0.0157, 0.8957 -0.1957 0.2362, 0.8957 -0.1957 0.0157, -0.4626 -0.117 0.6299, -0.5413 0.4933 0.6299, -0.4626 0.4933 0.6299, -0.5413 0.1252 0.0197, -0.5413 0.1783 0.0197, -0.4626 0.1252 0.0197, -0.4626 0.1783 0.0197, -0.5413 -0.0382 0.5118, -0.5413 0.1783 0.2559, -0.5413 -0.117 0.2362, -0.5413 -0.0382 0.2362, -0.5413 0.4933 0.2559, -0.5413 0.0799 -0.1575, -0.5413 0.0012 -0.1575, -0.5413 0.1252 -0.0787, -0.5413 -0.0441 -0.0787, -0.4626 -0.0382 0.2362, -0.4626 -0.117 0.2362, -0.4626 -0.117 0.5118, -0.4626 -0.0382 0.5118, -0.4626 0.1783 0.2559, -0.4626 0.4933 0.2559, -0.4626 0.1252 -0.0787, -0.4626 -0.0441 -0.0787, -0.4626 0.0799 -0.1575, -0.4626 0.0012 -0.1575, 0.8957 -0.117 0.6299, 0.9744 -0.117 0.6299, 0.8957 0.4933 0.6299, 0.9744 0.4933 0.6299, 0.9744 -0.0382 0.2362, 0.9744 -0.117 0.5118, 0.9744 -0.0382 0.5118, 0.9744 0.1783 0.2559, 0.9744 0.4933 0.2559, 0.9744 0.1252 -0.0787, 0.9744 -0.0441 -0.0787, 0.9744 0.0799 -0.1575, 0.9744 0.0012 -0.1575, 0.8957 -0.117 0.5118, 0.8957 -0.0382 0.5118, 0.8957 -0.117 0.2362, 0.8957 -0.0382 0.2362, 0.8957 0.1783 0.2559, 0.8957 0.4933 0.2559, 0.8957 -0.0441 -0.0787, 0.8957 0.1252 -0.0787, 0.8957 0.0012 -0.1575, 0.8957 0.0799 -0.1575, -0.2953 -0.117 0.0197, 0.7284 -0.117 0.0197, -0.2953 -0.1957 0.0197, 0.7284 -0.1957 0.0197, 0.8957 -0.1957 0.6299, 0.8071 -0.1957 0.0591, 0.8071 -0.1957 0.0157, -0.374 -0.1957 0.0157, -0.374 -0.1957 0.0591, -0.4626 -0.1957 0.0157, -0.3726 -0.1957 0.0692, -0.4626 -0.1957 0.2362, -0.3687 -0.1957 0.0787, -0.3625 -0.1957 0.0869, 0.5512 -0.1957 0.1476, 0.5499 -0.1957 0.1374, 0.7297 -0.1957 0.0692, 0.7336 -0.1957 0.0787, 0.7399 -0.1957 0.0869, 0.5499 -0.1957 0.5122, 0.7481 -0.1957 0.0932, 0.5459 -0.1957 0.5217, 0.5459 -0.1957 0.128, 0.5397 -0.1957 0.1198, 0.7284 -0.1957 0.0591, 0.5315 -0.1957 0.1135, 0.522 -0.1957 0.1096, 0.5118 -0.1957 0.1083, 0.7874 -0.1957 0.0932, 0.7956 -0.1957 0.0869, 0.8018 -0.1957 0.0787, 0.8058 -0.1957 0.0692, 0.5512 -0.1957 0.502, -0.2953 -0.1957 0.0591, -0.2966 -0.1957 0.0692, -0.3005 -0.1957 0.0787, -0.1066 -0.1957 0.5298, -0.0984 -0.1957 0.5361, 0.5397 -0.1957 0.5298, 0.5315 -0.1957 0.5361, 0.522 -0.1957 0.54, -0.3051 -0.1957 0.5118, -0.2847 -0.1957 0.5091, -0.2657 -0.1957 0.5013, -0.1128 -0.1957 0.5217, -0.1167 -0.1957 0.5122, -0.3068 -0.1957 0.0869, -0.0787 -0.1957 0.1083, -0.0889 -0.1957 0.1096, -0.0984 -0.1957 0.1135, -0.1066 -0.1957 0.1198, -0.1128 -0.1957 0.128, -0.2494 -0.1957 0.4887, -0.2369 -0.1957 0.4724, -0.1181 -0.1957 0.502, 0.6825 -0.1957 0.4887, 0.6988 -0.1957 0.5013, 0.7178 -0.1957 0.5091, 0.7382 -0.1957 0.5118, 0.8957 -0.1957 0.5118, -0.0889 -0.1957 0.54, -0.0787 -0.1957 0.5413, 0.5118 -0.1957 0.5413, 0.6988 -0.1957 0.2468, 0.7178 -0.1957 0.2389, 0.7576 -0.1957 0.0971, 0.7382 -0.1957 0.2362, 0.7677 -0.1957 0.0984, 0.7779 -0.1957 0.0971, 0.6595 -0.1957 0.315, 0.6595 -0.1957 0.4331, 0.6622 -0.1957 0.4535, 0.67 -0.1957 0.4724, -0.3543 -0.1957 0.0932, -0.3448 -0.1957 0.0971, -0.3051 -0.1957 0.2362, -0.3346 -0.1957 0.0984, -0.2847 -0.1957 0.2389, -0.3244 -0.1957 0.0971, 0.6825 -0.1957 0.2593, 0.67 -0.1957 0.2756, 0.6622 -0.1957 0.2946, -0.2264 -0.1957 0.315, -0.1181 -0.1957 0.1476, -0.2264 -0.1957 0.4331, -0.229 -0.1957 0.4535, -0.229 -0.1957 0.2946, -0.2369 -0.1957 0.2756, -0.1167 -0.1957 0.1374, -0.2494 -0.1957 0.2593, -0.2657 -0.1957 0.2468, -0.3149 -0.1957 0.0932, 0.8071 -0.117 0.0157, -0.374 -0.117 0.0591, -0.374 -0.117 0.0157, -0.5413 -0.117 0.0157, -0.3051 -0.117 0.5118, 0.8071 -0.117 0.0591, 0.8058 -0.117 0.0692, 0.8018 -0.117 0.0787, 0.7956 -0.117 0.0869, 0.6595 -0.117 0.315, 0.6622 -0.117 0.2946, 0.5459 -0.117 0.128, 0.67 -0.117 0.2756, 0.5397 -0.117 0.1198, 0.6825 -0.117 0.2593, 0.6988 -0.117 0.2468, 0.5499 -0.117 0.5122, 0.5459 -0.117 0.5217, 0.5397 -0.117 0.5298, 0.5315 -0.117 0.5361, 0.522 -0.117 0.54, -0.3005 -0.117 0.0787, -0.1167 -0.117 0.5122, -0.1181 -0.117 0.502, -0.1128 -0.117 0.128, -0.1066 -0.117 0.1198, -0.2953 -0.117 0.0591, -0.2966 -0.117 0.0692, -0.1167 -0.117 0.1374, -0.1181 -0.117 0.1476, -0.3068 -0.117 0.0869, -0.3149 -0.117 0.0932, -0.1128 -0.117 0.5217, -0.0984 -0.117 0.1135, -0.0889 -0.117 0.1096, -0.0787 -0.117 0.1083, 0.5118 -0.117 0.5413, -0.0787 -0.117 0.5413, -0.0889 -0.117 0.54, -0.0984 -0.117 0.5361, -0.3543 -0.117 0.0932, -0.3625 -0.117 0.0869, -0.3687 -0.117 0.0787, -0.3726 -0.117 0.0692, 0.7874 -0.117 0.0932, 0.7779 -0.117 0.0971, 0.7382 -0.117 0.2362, 0.7677 -0.117 0.0984, 0.7178 -0.117 0.2389, 0.7576 -0.117 0.0971, 0.7481 -0.117 0.0932, 0.7399 -0.117 0.0869, 0.7336 -0.117 0.0787, 0.7297 -0.117 0.0692, 0.7284 -0.117 0.0591, -0.2847 -0.117 0.5091, -0.2657 -0.117 0.5013, 0.6988 -0.117 0.5013, 0.7178 -0.117 0.5091, 0.7382 -0.117 0.5118, 0.5512 -0.117 0.502, 0.6595 -0.117 0.4331, 0.5512 -0.117 0.1476, 0.5499 -0.117 0.1374, 0.5118 -0.117 0.1083, 0.522 -0.117 0.1096, 0.5315 -0.117 0.1135, -0.2657 -0.117 0.2468, -0.2847 -0.117 0.2389, -0.3244 -0.117 0.0971, -0.3051 -0.117 0.2362, -0.3346 -0.117 0.0984, -0.3448 -0.117 0.0971, 0.6825 -0.117 0.4887, 0.67 -0.117 0.4724, 0.6622 -0.117 0.4535, -0.2264 -0.117 0.315, -0.2264 -0.117 0.4331, -0.229 -0.117 0.4535, -0.1066 -0.117 0.5298, -0.2369 -0.117 0.4724, -0.2494 -0.117 0.4887, -0.2494 -0.117 0.2593, -0.2369 -0.117 0.2756, -0.229 -0.117 0.2946, -0.5386 -0.1373 0.0157, -0.5386 -0.1373 0.2362, -0.5308 -0.1563 0.0157, -0.5308 -0.1563 0.2362, -0.5183 -0.1726 0.0157, -0.5183 -0.1726 0.2362, -0.5019 -0.1851 0.0157, -0.5019 -0.1851 0.2362, -0.483 -0.193 0.0157, -0.483 -0.193 0.2362, 0.9718 -0.1373 0.6299, 0.9718 -0.1373 0.5118, 0.9639 -0.1563 0.6299, 0.9639 -0.1563 0.5118, 0.9514 -0.1726 0.6299, 0.9514 -0.1726 0.5118, 0.9351 -0.1851 0.6299, 0.9351 -0.1851 0.5118, 0.9161 -0.193 0.6299, 0.9161 -0.193 0.5118, 0.8957 0.572 0.2559, 0.8957 0.572 0.6299, 0.9132 0.5701 0.6299, 0.9132 0.5701 0.2559, 0.9299 0.5642 0.6299, 0.9299 0.5642 0.2559, 0.9448 0.5548 0.6299, 0.9448 0.5548 0.2559, 0.9573 0.5424 0.6299, 0.9573 0.5424 0.2559, 0.9666 0.5275 0.6299, 0.9666 0.5275 0.2559, 0.9725 0.5108 0.6299, 0.9725 0.5108 0.2559, 0.2658 0.4933 0.0551, 0.2658 0.4933 0.6299, 0.2658 0.572 0.0551, 0.2658 0.572 0.6299, 0.4331 0.572 0.2559, 0.4331 0.572 0.0551, 0.3937 0.572 0.0157, 0.3051 0.572 0.0157, 0.295 0.572 0.0171, 0.4278 0.572 0.0354, 0.4216 0.572 0.0273, 0.4134 0.572 0.021, 0.4318 0.572 0.0449, 0.4039 0.572 0.0171, 0.2855 0.572 0.021, 0.2773 0.572 0.0273, 0.2671 0.572 0.0449, 0.271 0.572 0.0354, 0.4331 0.4933 0.2559, 0.4331 0.4933 0.0551, 0.2773 0.4933 0.0273, 0.2855 0.4933 0.021, 0.295 0.4933 0.0171, 0.4134 0.4933 0.021, 0.4039 0.4933 0.0171, 0.3937 0.4933 0.0157, 0.4216 0.4933 0.0273, 0.4278 0.4933 0.0354, 0.4318 0.4933 0.0449, 0.271 0.4933 0.0354, 0.3051 0.4933 0.0157, 0.2671 0.4933 0.0449, -0.4626 0.572 0.6299, -0.4801 0.5701 0.6299, -0.4967 0.5642 0.6299, -0.5117 0.5548 0.6299, -0.5241 0.5424 0.6299, -0.5335 0.5275 0.6299, -0.5393 0.5108 0.6299, -0.4626 0.572 0.2559, -0.4801 0.5701 0.2559, -0.4967 0.5642 0.2559, -0.5117 0.5548 0.2559, -0.5241 0.5424 0.2559, -0.5335 0.5275 0.2559, -0.5393 0.5108 0.2559, 0.1673 0.572 0.6299, 0.1673 0.4933 0.6299, 0.1673 0.572 0.0551, 0.1673 0.4933 0.0551, 0.0 0.572 0.2559, 0.0 0.572 0.0551, 0.0197 0.572 0.021, 0.0116 0.572 0.0273, 0.0053 0.572 0.0354, 0.0292 0.572 0.0171, 0.0014 0.572 0.0449, 0.166 0.572 0.0449, 0.1382 0.572 0.0171, 0.128 0.572 0.0157, 0.0394 0.572 0.0157, 0.1621 0.572 0.0354, 0.1558 0.572 0.0273, 0.1477 0.572 0.021, 0.0394 0.4933 0.0157, 0.128 0.4933 0.0157, 0.1382 0.4933 0.0171, 0.0 0.4933 0.2559, 0.0 0.4933 0.0551, 0.0014 0.4933 0.0449, 0.0292 0.4933 0.0171, 0.0053 0.4933 0.0354, 0.0197 0.4933 0.021, 0.0116 0.4933 0.0273, 0.1477 0.4933 0.021, 0.1558 0.4933 0.0273, 0.1621 0.4933 0.0354, 0.166 0.4933 0.0449, -0.0327 0.4736 0.0157, -0.0327 0.4539 0.0157, -0.0327 0.4736 0.2559, -0.0327 0.4539 0.2559, 0.0054 0.4736 0.0157, 0.0054 0.4736 0.2559, 0.0054 0.4539 0.0157, 0.0054 0.4539 0.2559, 0.7087 0.2374 0.0157, 0.7677 0.2374 0.0157, 0.7087 0.2374 0.2559, 0.7677 0.2374 0.2559, 0.7677 0.4736 0.0157, 0.7677 0.4736 0.2559, 0.7087 0.4736 0.0157, 0.7087 0.4736 0.2559, 0.7087 0.4539 0.0157, 0.7087 0.4539 0.2559, 0.7481 0.4539 0.0157, 0.7481 0.4539 0.2559, 0.7481 0.2571 0.0157, 0.7481 0.2571 0.2559, 0.7087 0.2571 0.0157, 0.7087 0.2571 0.2559, 0.1984 0.4736 0.0157, 0.1984 0.4539 0.0157, 0.1984 0.4736 0.2559, 0.1984 0.4539 0.2559, 0.2388 0.4736 0.0157, 0.2388 0.4736 0.2559, 0.2388 0.4539 0.0157, 0.2388 0.4539 0.2559, 0.4277 0.4539 0.0157, 0.4658 0.4539 0.0157, 0.4277 0.4539 0.2559, 0.4658 0.4539 0.2559, 0.4277 0.4736 0.0157, 0.4277 0.4736 0.2559, 0.4658 0.4736 0.0157, 0.4658 0.4736 0.2559
            ]
        }
        coordIndex [
            0,1,2,-1,2,1,3,-1,4,5,6,-1,6,5,7,-1,8,9,10,-1,10,9,11,-1,12,13,14,-1,12,14,15,-1,15,14,16,-1,15,16,17,-1,17,16,18,-1,17,18,19,-1,19,18,20,-1,19,20,21,-1,21,20,22,-1,21,22,23,-1,23,22,24,-1,23,24,25,-1,4,26,27,-1,28,29,4,-1,4,27,28,-1,28,27,30,-1,28,30,31,-1,31,30,32,-1,31,32,33,-1,33,32,34,-1,33,34,35,-1,35,34,36,-1,35,36,37,-1,37,36,38,-1,37,38,39,-1,12,40,41,-1,41,40,42,-1,43,44,45,-1,45,44,46,-1,47,13,12,-1,48,44,43,-1,11,49,10,-1,10,49,50,-1,41,51,12,-1,12,51,48,-1,12,48,47,-1,52,53,54,-1,54,53,55,-1,54,55,43,-1,43,55,10,-1,43,10,48,-1,48,10,50,-1,48,50,47,-1,56,57,9,-1,40,58,59,-1,60,61,42,-1,46,60,45,-1,45,60,8,-1,45,8,62,-1,62,8,63,-1,62,63,64,-1,64,63,65,-1,9,8,56,-1,56,8,60,-1,56,60,59,-1,59,60,42,-1,59,42,40,-1,66,67,68,-1,68,67,69,-1,70,26,4,-1,67,71,72,-1,73,74,69,-1,1,73,3,-1,3,73,6,-1,3,6,75,-1,75,6,76,-1,75,76,77,-1,77,76,78,-1,4,6,70,-1,70,6,73,-1,70,73,72,-1,72,73,69,-1,72,69,67,-1,79,66,80,-1,80,66,68,-1,2,81,0,-1,0,81,82,-1,0,82,83,-1,83,82,80,-1,83,80,84,-1,84,80,68,-1,5,81,7,-1,7,81,2,-1,7,2,85,-1,85,2,86,-1,85,86,87,-1,87,86,88,-1,89,90,91,-1,91,90,92,-1,40,25,66,-1,66,25,93,-1,94,95,39,-1,96,97,98,-1,98,97,99,-1,98,99,100,-1,100,99,101,-1,100,101,102,-1,103,104,105,-1,106,107,108,-1,108,107,109,-1,108,109,110,-1,104,111,105,-1,105,111,112,-1,105,112,113,-1,113,112,114,-1,113,114,92,-1,92,114,115,-1,92,115,116,-1,117,118,38,-1,38,118,119,-1,38,119,39,-1,39,119,120,-1,39,120,94,-1,106,108,105,-1,105,108,121,-1,105,121,103,-1,91,92,122,-1,122,92,116,-1,122,116,123,-1,123,116,124,-1,25,125,126,-1,127,93,128,-1,128,93,129,-1,24,130,25,-1,25,130,131,-1,25,131,125,-1,125,131,132,-1,125,132,133,-1,133,132,134,-1,124,116,135,-1,135,116,136,-1,135,136,137,-1,137,138,135,-1,135,138,139,-1,135,139,140,-1,132,141,134,-1,134,141,142,-1,134,142,143,-1,144,145,127,-1,127,145,146,-1,127,146,93,-1,93,146,147,-1,93,147,148,-1,126,149,25,-1,25,149,150,-1,25,150,93,-1,93,150,151,-1,93,151,129,-1,152,109,153,-1,153,109,154,-1,153,154,155,-1,155,154,156,-1,155,156,38,-1,38,156,157,-1,38,157,117,-1,158,159,110,-1,110,159,160,-1,110,160,127,-1,127,160,161,-1,127,161,144,-1,102,162,100,-1,100,162,163,-1,100,163,164,-1,164,163,165,-1,164,165,166,-1,166,165,167,-1,152,168,109,-1,109,168,169,-1,109,169,110,-1,110,169,170,-1,110,170,158,-1,171,172,173,-1,173,172,143,-1,173,143,174,-1,174,143,142,-1,171,175,172,-1,172,175,176,-1,172,176,177,-1,177,176,178,-1,177,178,140,-1,140,178,179,-1,140,179,135,-1,135,179,166,-1,135,166,180,-1,180,166,167,-1,4,29,5,-1,5,29,181,-1,182,183,9,-1,9,183,184,-1,9,184,11,-1,185,58,40,-1,181,186,5,-1,5,186,187,-1,5,187,81,-1,81,187,188,-1,81,188,189,-1,190,191,192,-1,192,191,193,-1,192,193,194,-1,194,193,195,-1,194,195,196,-1,197,198,66,-1,198,199,66,-1,66,199,200,-1,66,200,201,-1,202,203,204,-1,89,205,206,-1,89,207,205,-1,205,207,208,-1,205,208,209,-1,209,208,202,-1,209,202,210,-1,210,202,204,-1,202,211,203,-1,203,211,212,-1,203,212,213,-1,206,214,89,-1,89,214,215,-1,89,215,216,-1,201,217,66,-1,66,217,218,-1,66,218,40,-1,40,218,219,-1,40,219,220,-1,221,222,57,-1,57,222,223,-1,57,223,9,-1,9,223,224,-1,9,224,182,-1,189,225,81,-1,81,225,226,-1,81,226,227,-1,227,226,228,-1,227,228,229,-1,229,228,230,-1,229,230,231,-1,232,233,216,-1,216,233,234,-1,216,234,89,-1,89,234,235,-1,89,235,90,-1,185,40,236,-1,236,40,220,-1,236,220,237,-1,238,197,239,-1,239,197,66,-1,239,66,240,-1,240,66,79,-1,241,242,243,-1,243,242,190,-1,243,190,244,-1,244,190,192,-1,232,216,231,-1,231,216,245,-1,231,245,246,-1,196,229,194,-1,194,229,231,-1,194,231,247,-1,247,231,246,-1,248,212,249,-1,249,212,250,-1,249,250,251,-1,251,250,252,-1,251,252,57,-1,57,252,253,-1,57,253,221,-1,238,254,197,-1,197,254,255,-1,197,255,241,-1,241,255,256,-1,241,256,242,-1,257,258,213,-1,213,258,259,-1,213,259,260,-1,260,259,261,-1,260,261,220,-1,220,261,262,-1,220,262,237,-1,248,263,212,-1,212,263,264,-1,212,264,213,-1,213,264,265,-1,213,265,257,-1,12,15,40,-1,40,15,17,-1,40,17,19,-1,19,21,40,-1,40,21,23,-1,40,23,25,-1,11,184,266,-1,267,49,11,-1,11,266,267,-1,267,266,268,-1,267,268,269,-1,269,268,270,-1,269,270,271,-1,271,270,272,-1,271,272,273,-1,273,272,274,-1,273,274,275,-1,275,274,98,-1,275,98,100,-1,71,67,276,-1,71,276,277,-1,277,276,278,-1,277,278,279,-1,279,278,280,-1,279,280,281,-1,281,280,282,-1,281,282,283,-1,283,282,284,-1,283,284,285,-1,285,284,93,-1,285,93,148,-1,93,284,66,-1,66,284,282,-1,66,282,280,-1,280,278,66,-1,66,278,276,-1,66,276,67,-1,286,287,288,-1,286,288,289,-1,289,288,290,-1,289,290,291,-1,291,290,292,-1,291,292,293,-1,293,292,294,-1,293,294,295,-1,295,294,296,-1,295,296,297,-1,297,296,298,-1,297,298,299,-1,299,298,69,-1,299,69,74,-1,68,294,292,-1,69,298,68,-1,68,298,296,-1,68,296,294,-1,292,290,68,-1,68,290,288,-1,68,288,287,-1,300,301,302,-1,302,301,303,-1,287,303,68,-1,68,303,301,-1,287,286,303,-1,303,286,304,-1,303,304,302,-1,302,304,305,-1,305,306,302,-1,302,306,307,-1,302,307,308,-1,309,310,311,-1,305,312,306,-1,306,312,309,-1,306,309,313,-1,313,309,311,-1,308,314,302,-1,302,314,315,-1,302,315,316,-1,316,315,317,-1,84,68,318,-1,318,68,301,-1,318,301,319,-1,319,301,300,-1,320,321,322,-1,323,319,324,-1,324,319,325,-1,323,326,319,-1,319,326,327,-1,319,327,328,-1,320,322,329,-1,325,319,330,-1,330,319,300,-1,330,300,322,-1,322,300,331,-1,322,331,329,-1,42,332,333,-1,333,334,42,-1,42,334,335,-1,42,335,336,-1,336,337,42,-1,42,337,338,-1,42,338,41,-1,332,339,340,-1,332,340,333,-1,333,340,341,-1,333,341,334,-1,334,341,342,-1,334,342,335,-1,335,342,343,-1,335,343,336,-1,336,343,344,-1,336,344,337,-1,337,344,345,-1,337,345,338,-1,338,345,51,-1,338,51,41,-1,346,332,347,-1,347,332,42,-1,348,346,349,-1,349,346,347,-1,339,332,350,-1,350,332,346,-1,350,346,351,-1,351,346,348,-1,352,353,354,-1,352,354,355,-1,355,354,356,-1,355,356,351,-1,357,358,348,-1,348,358,359,-1,348,359,351,-1,351,359,360,-1,351,360,355,-1,357,361,358,-1,358,361,362,-1,358,362,363,-1,364,365,349,-1,349,365,366,-1,42,61,347,-1,347,61,367,-1,347,367,349,-1,349,367,368,-1,349,368,364,-1,364,368,369,-1,364,369,370,-1,370,369,371,-1,370,371,372,-1,372,371,373,-1,366,374,375,-1,375,376,366,-1,366,376,377,-1,366,377,349,-1,241,121,197,-1,197,121,108,-1,197,108,198,-1,198,108,110,-1,198,110,199,-1,199,110,127,-1,199,127,200,-1,200,127,128,-1,200,128,201,-1,201,128,129,-1,201,129,217,-1,217,129,151,-1,121,241,103,-1,103,241,243,-1,245,116,246,-1,246,116,115,-1,246,115,247,-1,247,115,114,-1,247,114,194,-1,194,114,112,-1,194,112,192,-1,192,112,111,-1,192,111,244,-1,244,111,104,-1,244,104,243,-1,243,104,103,-1,116,245,136,-1,136,245,216,-1,210,172,209,-1,209,172,177,-1,209,177,205,-1,205,177,140,-1,205,140,206,-1,206,140,139,-1,206,139,214,-1,214,139,138,-1,214,138,215,-1,215,138,137,-1,215,137,216,-1,216,137,136,-1,172,210,143,-1,143,210,204,-1,218,150,219,-1,219,150,149,-1,219,149,220,-1,220,149,126,-1,220,126,260,-1,260,126,125,-1,260,125,213,-1,213,125,133,-1,213,133,203,-1,203,133,134,-1,203,134,204,-1,204,134,143,-1,150,218,151,-1,151,218,217,-1,73,1,83,-1,83,1,0,-1,318,304,84,-1,84,304,286,-1,84,286,289,-1,84,295,297,-1,289,291,84,-1,84,291,293,-1,84,293,295,-1,73,83,74,-1,74,83,84,-1,74,84,299,-1,299,84,297,-1,44,48,46,-1,46,48,60,-1,350,367,339,-1,339,367,61,-1,342,341,61,-1,61,341,340,-1,61,340,339,-1,60,48,61,-1,61,48,51,-1,61,51,345,-1,345,344,61,-1,61,344,343,-1,61,343,342,-1,190,242,158,-1,158,242,159,-1,70,82,26,-1,26,82,81,-1,227,155,81,-1,81,155,38,-1,32,30,81,-1,81,30,27,-1,81,27,26,-1,38,36,81,-1,81,36,34,-1,81,34,32,-1,147,240,148,-1,148,240,79,-1,148,79,285,-1,285,79,283,-1,80,72,79,-1,79,72,71,-1,79,71,277,-1,277,279,79,-1,79,279,281,-1,79,281,283,-1,70,72,82,-1,82,72,80,-1,171,173,257,-1,257,173,258,-1,47,59,13,-1,13,59,58,-1,13,58,14,-1,14,58,16,-1,185,130,58,-1,58,130,24,-1,58,24,22,-1,22,20,58,-1,58,20,18,-1,58,18,16,-1,164,251,100,-1,100,251,57,-1,100,57,275,-1,275,57,273,-1,56,50,57,-1,57,50,49,-1,57,49,267,-1,267,269,57,-1,57,269,271,-1,57,271,273,-1,50,56,47,-1,47,56,59,-1,155,227,153,-1,153,227,229,-1,153,229,152,-1,152,229,196,-1,152,196,168,-1,168,196,195,-1,168,195,169,-1,169,195,193,-1,169,193,170,-1,170,193,191,-1,170,191,158,-1,158,191,190,-1,159,242,160,-1,160,242,256,-1,160,256,161,-1,161,256,255,-1,161,255,144,-1,144,255,254,-1,144,254,145,-1,145,254,238,-1,145,238,146,-1,146,238,239,-1,146,239,147,-1,147,239,240,-1,171,257,175,-1,175,257,265,-1,175,265,176,-1,176,265,264,-1,176,264,178,-1,178,264,263,-1,178,263,179,-1,179,263,248,-1,179,248,166,-1,166,248,249,-1,166,249,164,-1,164,249,251,-1,130,185,131,-1,131,185,236,-1,131,236,132,-1,132,236,237,-1,132,237,141,-1,141,237,262,-1,141,262,142,-1,142,262,261,-1,142,261,174,-1,174,261,259,-1,174,259,173,-1,173,259,258,-1,63,8,55,-1,55,8,10,-1,65,63,53,-1,53,63,55,-1,64,65,52,-1,52,65,53,-1,62,64,54,-1,54,64,52,-1,45,62,43,-1,43,62,54,-1,86,2,75,-1,75,2,3,-1,88,86,77,-1,77,86,75,-1,87,88,78,-1,78,88,77,-1,85,87,76,-1,76,87,78,-1,7,85,6,-1,6,85,76,-1,186,94,187,-1,187,94,120,-1,187,120,188,-1,188,120,119,-1,188,119,189,-1,189,119,118,-1,189,118,225,-1,225,118,117,-1,225,117,226,-1,226,117,157,-1,226,157,228,-1,228,157,156,-1,228,156,230,-1,230,156,154,-1,230,154,231,-1,231,154,109,-1,231,109,232,-1,232,109,107,-1,232,107,233,-1,233,107,106,-1,233,106,234,-1,234,106,105,-1,234,105,235,-1,235,105,113,-1,95,94,181,-1,181,94,186,-1,92,90,113,-1,113,90,235,-1,96,183,97,-1,97,183,182,-1,207,122,208,-1,208,122,123,-1,208,123,202,-1,202,123,124,-1,202,124,211,-1,211,124,135,-1,211,135,212,-1,212,135,180,-1,212,180,250,-1,250,180,167,-1,250,167,252,-1,252,167,165,-1,252,165,253,-1,253,165,163,-1,253,163,221,-1,221,163,162,-1,221,162,222,-1,222,162,102,-1,222,102,223,-1,223,102,101,-1,223,101,224,-1,224,101,99,-1,224,99,182,-1,182,99,97,-1,122,207,91,-1,91,207,89,-1,183,96,98,-1,98,274,183,-1,183,274,272,-1,183,272,270,-1,270,268,183,-1,183,268,266,-1,183,266,184,-1,33,35,181,-1,35,37,181,-1,181,37,39,-1,181,39,95,-1,29,28,181,-1,181,28,31,-1,181,31,33,-1,360,359,364,-1,364,359,365,-1,325,330,306,-1,306,330,307,-1,305,304,319,-1,319,304,318,-1,368,367,351,-1,351,367,350,-1,305,319,328,-1,305,328,312,-1,312,328,327,-1,312,327,309,-1,309,327,326,-1,309,326,310,-1,310,326,323,-1,310,323,311,-1,311,323,324,-1,311,324,313,-1,313,324,325,-1,313,325,306,-1,368,351,356,-1,368,356,369,-1,369,356,354,-1,369,354,371,-1,371,354,353,-1,371,353,373,-1,373,353,352,-1,373,352,372,-1,372,352,355,-1,372,355,370,-1,370,355,360,-1,370,360,364,-1,307,330,322,-1,307,322,308,-1,308,322,321,-1,308,321,314,-1,314,321,320,-1,314,320,315,-1,315,320,329,-1,315,329,317,-1,317,329,331,-1,317,331,316,-1,316,331,300,-1,316,300,302,-1,365,359,358,-1,365,358,366,-1,366,358,363,-1,366,363,374,-1,374,363,362,-1,374,362,375,-1,375,362,361,-1,375,361,376,-1,376,361,357,-1,376,357,377,-1,377,357,348,-1,377,348,349,-1,378,379,380,-1,380,379,381,-1,382,378,383,-1,383,378,380,-1,384,382,385,-1,385,382,383,-1,379,384,381,-1,381,384,385,-1,385,383,381,-1,381,383,380,-1,378,382,379,-1,379,382,384,-1,386,387,388,-1,388,387,389,-1,387,390,389,-1,389,390,391,-1,390,392,391,-1,391,392,393,-1,392,394,393,-1,393,394,395,-1,394,396,395,-1,395,396,397,-1,396,398,397,-1,397,398,399,-1,398,400,399,-1,399,400,401,-1,400,386,401,-1,401,386,388,-1,401,388,399,-1,399,388,389,-1,399,389,397,-1,397,389,391,-1,397,391,395,-1,395,391,393,-1,394,392,396,-1,396,392,390,-1,396,390,398,-1,398,390,387,-1,398,387,400,-1,400,387,386,-1,402,403,404,-1,404,403,405,-1,406,402,407,-1,407,402,404,-1,408,406,409,-1,409,406,407,-1,403,408,405,-1,405,408,409,-1,409,407,405,-1,405,407,404,-1,402,406,403,-1,403,406,408,-1,410,411,412,-1,412,411,413,-1,414,410,415,-1,415,410,412,-1,416,414,417,-1,417,414,415,-1,411,416,413,-1,413,416,417,-1,417,415,413,-1,413,415,412,-1,410,414,411,-1,411,414,416,-1,
        ]
    }
}
Shape{
    appearance Appearance {
        material  Material 	{
            diffuseColor 0.9882352941176471 0.7372549019607844 0.5176470588235295
            specularColor 0.49411764705882355 0.3686274509803922 0.25882352941176473
            ambientIntensity 0.7873
            transparency 0.0
            shininess 0.5
        }
    }
    geometry IndexedFaceSet {
        ccw TRUE
        solid FALSE
        coord DEF co Coordinate {
            point [
                -0.4134 0.1193 0.6299, -0.4134 0.2374 0.6299, -0.4134 0.1193 0.0197, -0.4134 0.2374 0.0197, 0.8465 0.2374 0.6299, 0.8465 0.2374 0.0197, 0.8465 0.1193 0.6299, 0.8465 0.1193 0.0197
            ]
        }
        coordIndex [
            0,1,2,-1,2,1,3,-1,1,4,3,-1,3,4,5,-1,4,6,5,-1,5,6,7,-1,6,0,7,-1,7,0,2,-1,6,4,0,-1,0,4,1,-1,5,7,3,-1,3,7,2,-1,
        ]
    }
}
Shape{
    appearance Appearance {
        material  Material 	{
            diffuseColor 1.0 1.0 1.0
            specularColor 0.5019607843137255 0.5019607843137255 0.5019607843137255
            ambientIntensity 1.0
            transparency 0.0
            shininess 0.5
        }
    }
    geometry IndexedFaceSet {
        ccw TRUE
        solid FALSE
        coord DEF co Coordinate {
            point [
                0.2789 0.4539 0.0157, 0.3172 0.4539 0.0157, 0.2789 0.4539 0.2559, 0.3172 0.4539 0.2559, 0.2789 0.4736 0.0157, 0.2789 0.4736 0.2559, 0.3172 0.4736 0.0157, 0.3172 0.4736 0.2559, 0.3553 0.4539 0.0157, 0.3956 0.4539 0.0157, 0.3553 0.4539 0.2559, 0.3956 0.4539 0.2559, 0.3553 0.4736 0.0157, 0.3553 0.4736 0.2559, 0.3956 0.4736 0.0157, 0.3956 0.4736 0.2559
            ]
        }
        coordIndex [
            0,1,2,-1,2,1,3,-1,4,0,5,-1,5,0,2,-1,6,4,7,-1,7,4,5,-1,1,6,3,-1,3,6,7,-1,7,5,3,-1,3,5,2,-1,0,4,1,-1,1,4,6,-1,8,9,10,-1,10,9,11,-1,12,8,13,-1,13,8,10,-1,14,12,15,-1,15,12,13,-1,9,14,11,-1,11,14,15,-1,15,13,11,-1,11,13,10,-1,8,12,9,-1,9,12,14,-1,
        ]
    }
}