ISO-10303-21;
HEADER;
FILE_DESCRIPTION (( 'STEP AP214' ),
    '1' );
FILE_NAME ('LMR36015FSC3RNXTQ1.STEP',
    '2023-10-13T07:58:09',
    ( '' ),
    ( '' ),
    'SwSTEP 2.0',
    'SolidWorks 2021',
    '' );
FILE_SCHEMA (( 'AUTOMOTIVE_DESIGN' ));
ENDSEC;

DATA;
#1 = VECTOR ( 'NONE', #5390, 1000.000000000000000 ) ;
#2 = LINE ( 'NONE', #3237, #5070 ) ;
#3 = LINE ( 'NONE', #5055, #4831 ) ;
#4 = DIRECTION ( 'NONE',  ( 0.000000000000000000, 0.000000000000000000, -1.000000000000000000 ) ) ;
#5 = ORIENTED_EDGE ( 'NONE', *, *, #4772, .T. ) ;
#6 = CARTESIAN_POINT ( 'NONE',  ( -0.9500000000000001776, 0.1000000000000000056, -1.450000000000000178 ) ) ;
#7 = VECTOR ( 'NONE', #1739, 1000.000000000000000 ) ;
#8 = EDGE_CURVE ( 'NONE', #4177, #5774, #4045, .T. ) ;
#9 = VECTOR ( 'NONE', #784, 1000.000000000000000 ) ;
#10 = ORIENTED_EDGE ( 'NONE', *, *, #4891, .T. ) ;
#11 = ORIENTED_EDGE ( 'NONE', *, *, #1354, .T. ) ;
#12 = CARTESIAN_POINT ( 'NONE',  ( 0.6250000000000233147, 0.1000000000000000056, 1.224999999999999867 ) ) ;
#13 = CARTESIAN_POINT ( 'NONE',  ( -1.000000000000006439, 0.2000000000000000111, -0.3500000000000004774 ) ) ;
#14 = EDGE_LOOP ( 'NONE', ( #3487, #617, #5517, #3904 ) ) ;
#15 = DIRECTION ( 'NONE',  ( 0.000000000000000000, 0.000000000000000000, 1.000000000000000000 ) ) ;
#16 = CARTESIAN_POINT ( 'NONE',  ( -0.7250000000000582645, 0.05000000000000000278, -0.3499999999999870992 ) ) ;
#17 = ORIENTED_EDGE ( 'NONE', *, *, #4702, .F. ) ;
#18 = ORIENTED_EDGE ( 'NONE', *, *, #2485, .T. ) ;
#19 = SURFACE_STYLE_USAGE ( .BOTH. , #5376 ) ;
#20 = VERTEX_POINT ( 'NONE', #5491 ) ;
#21 = AXIS2_PLACEMENT_3D ( 'NONE', #1666, #5259, #3984 ) ;
#22 = ADVANCED_FACE ( 'NONE', ( #2308 ), #3206, .F. ) ;
#23 = DIRECTION ( 'NONE',  ( 0.000000000000000000, 0.000000000000000000, 1.000000000000000000 ) ) ;
#24 = PLANE ( 'NONE',  #5172 ) ;
#25 = VERTEX_POINT ( 'NONE', #4129 ) ;
#26 = ORIENTED_EDGE ( 'NONE', *, *, #2920, .T. ) ;
#27 = DIRECTION ( 'NONE',  ( -1.000000000000000000, 0.000000000000000000, 7.490851373537456042E-14 ) ) ;
#28 = DIRECTION ( 'NONE',  ( 0.000000000000000000, 0.000000000000000000, 1.000000000000000000 ) ) ;
#29 = CYLINDRICAL_SURFACE ( 'NONE', #992, 0.1250000000000105194 ) ;
#30 = DIRECTION ( 'NONE',  ( -1.000000000000000000, 0.000000000000000000, -0.000000000000000000 ) ) ;
#31 = CARTESIAN_POINT ( 'NONE',  ( -0.7250000000000367262, 0.04999999999999999584, -0.4749999999999977573 ) ) ;
#32 = ADVANCED_FACE ( 'NONE', ( #2681 ), #1842, .T. ) ;
#33 = ORIENTED_EDGE ( 'NONE', *, *, #2962, .F. ) ;
#34 = ORIENTED_EDGE ( 'NONE', *, *, #733, .F. ) ;
#35 = ORIENTED_EDGE ( 'NONE', *, *, #2819, .T. ) ;
#36 = CARTESIAN_POINT ( 'NONE',  ( 1.000000000000030864, 0.2000000000000000944, 0.5499999999999745093 ) ) ;
#37 = DIRECTION ( 'NONE',  ( 0.000000000000000000, 0.000000000000000000, 1.000000000000000000 ) ) ;
#38 = VECTOR ( 'NONE', #415, 1000.000000000000000 ) ;
#39 =( LENGTH_UNIT ( ) NAMED_UNIT ( * ) SI_UNIT ( .MILLI., .METRE. ) );
#40 = CARTESIAN_POINT ( 'NONE',  ( -0.9500000000000001776, 1.844118304745738346, -0.9999999999999988898 ) ) ;
#41 = ADVANCED_FACE ( 'NONE', ( #4611 ), #4494, .F. ) ;
#42 = VERTEX_POINT ( 'NONE', #1389 ) ;
#43 = CARTESIAN_POINT ( 'NONE',  ( 0.7250000000000441647, 0.1000000000000000472, -1.000000000000002220 ) ) ;
#44 = AXIS2_PLACEMENT_3D ( 'NONE', #4277, #4243, #5646 ) ;
#45 = ORIENTED_EDGE ( 'NONE', *, *, #427, .T. ) ;
#46 = ORIENTED_EDGE ( 'NONE', *, *, #4776, .T. ) ;
#47 = APPLICATION_PROTOCOL_DEFINITION ( 'draft international standard', 'automotive_design', 1998, #1883 ) ;
#48 = ORIENTED_EDGE ( 'NONE', *, *, #797, .T. ) ;
#49 = AXIS2_PLACEMENT_3D ( 'NONE', #5733, #1156, #5828 ) ;
#50 = DIRECTION ( 'NONE',  ( -0.000000000000000000, -1.000000000000000000, -0.000000000000000000 ) ) ;
#51 = FACE_OUTER_BOUND ( 'NONE', #3454, .T. ) ;
#52 = DIRECTION ( 'NONE',  ( -1.000000000000000000, 0.000000000000000000, -1.182766006347908700E-15 ) ) ;
#53 = ORIENTED_EDGE ( 'NONE', *, *, #1915, .F. ) ;
#54 = CARTESIAN_POINT ( 'NONE',  ( -0.7250000000000392797, 0.04999999999999999584, 0.5499999999999892752 ) ) ;
#55 = EDGE_CURVE ( 'NONE', #4084, #5014, #3621, .T. ) ;
#56 = CARTESIAN_POINT ( 'NONE',  ( 1.000000000000000000, 0.1000000000000000056, 0.04999999999997454397 ) ) ;
#57 = CARTESIAN_POINT ( 'NONE',  ( -0.7250000000000410560, 0.2000000000000000944, 0.04999999999998928912 ) ) ;
#58 = DIRECTION ( 'NONE',  ( -0.000000000000000000, 0.000000000000000000, -1.000000000000000000 ) ) ;
#59 = DIRECTION ( 'NONE',  ( 1.000000000000000000, 0.000000000000000000, -0.000000000000000000 ) ) ;
#60 = CARTESIAN_POINT ( 'NONE',  ( -0.6249999999999977796, 0.2000000000000000111, 1.224999999999999867 ) ) ;
#61 = VERTEX_POINT ( 'NONE', #2768 ) ;
#62 = VERTEX_POINT ( 'NONE', #3234 ) ;
#63 = EDGE_CURVE ( 'NONE', #3954, #5622, #500, .T. ) ;
#64 = ADVANCED_FACE ( 'NONE', ( #5435 ), #4965, .F. ) ;
#65 = DIRECTION ( 'NONE',  ( -0.000000000000000000, -0.000000000000000000, -1.000000000000000000 ) ) ;
#66 = LINE ( 'NONE', #3658, #89 ) ;
#67 = DIRECTION ( 'NONE',  ( 0.000000000000000000, -0.000000000000000000, -1.000000000000000000 ) ) ;
#68 = CARTESIAN_POINT ( 'NONE',  ( 0.7250000000000189626, 0.2000000000000000111, 0.7999999999999994893 ) ) ;
#69 = AXIS2_PLACEMENT_3D ( 'NONE', #3389, #3835, #4317 ) ;
#70 = PRESENTATION_LAYER_ASSIGNMENT (  '', '', ( #1404 ) ) ;
#71 = VECTOR ( 'NONE', #2549, 1000.000000000000000 ) ;
#72 = VERTEX_POINT ( 'NONE', #866 ) ;
#73 = ORIENTED_EDGE ( 'NONE', *, *, #4860, .F. ) ;
#74 = DIRECTION ( 'NONE',  ( -0.000000000000000000, -1.000000000000000000, -0.000000000000000000 ) ) ;
#75 = ORIENTED_EDGE ( 'NONE', *, *, #3427, .F. ) ;
#76 = ORIENTED_EDGE ( 'NONE', *, *, #5644, .T. ) ;
#77 = AXIS2_PLACEMENT_3D ( 'NONE', #2889, #1043, #1552 ) ;
#78 = CARTESIAN_POINT ( 'NONE',  ( 0.9500000000000002887, 0.05000000000000000278, -0.3500000000000074163 ) ) ;
#79 = CARTESIAN_POINT ( 'NONE',  ( 0.7250000000000508260, 0.2000000000000000111, 0.5499999999999741762 ) ) ;
#80 = ORIENTED_EDGE ( 'NONE', *, *, #1943, .T. ) ;
#81 = DIRECTION ( 'NONE',  ( 0.000000000000000000, 0.000000000000000000, -1.000000000000000000 ) ) ;
#82 = CARTESIAN_POINT ( 'NONE',  ( -0.1249999999999977240, 0.000000000000000000, 1.224999999999999867 ) ) ;
#83 = PLANE ( 'NONE',  #2349 ) ;
#84 = CARTESIAN_POINT ( 'NONE',  ( -0.7250000000000383915, 0.2000000000000000111, 0.1750000000000000167 ) ) ;
#85 = LINE ( 'NONE', #1007, #1261 ) ;
#86 = VECTOR ( 'NONE', #1185, 1000.000000000000000 ) ;
#87 = EDGE_LOOP ( 'NONE', ( #374, #970, #2207, #223, #5820, #3024 ) ) ;
#88 = ADVANCED_FACE ( 'NONE', ( #5861 ), #2713, .F. ) ;
#89 = VECTOR ( 'NONE', #487, 1000.000000000000000 ) ;
#90 = VECTOR ( 'NONE', #4380, 1000.000000000000000 ) ;
#91 = CARTESIAN_POINT ( 'NONE',  ( 1.000000000000000222, 5.405551275463989391, -1.500000000000000000 ) ) ;
#92 = EDGE_CURVE ( 'NONE', #282, #2124, #3184, .T. ) ;
#93 = LINE ( 'NONE', #5557, #3632 ) ;
#94 = VECTOR ( 'NONE', #5205, 1000.000000000000000 ) ;
#95 = DIRECTION ( 'NONE',  ( 0.000000000000000000, 0.000000000000000000, 1.000000000000000000 ) ) ;
#96 = EDGE_CURVE ( 'NONE', #5316, #5886, #1984, .T. ) ;
#97 = DIRECTION ( 'NONE',  ( 0.000000000000000000, -1.000000000000000000, 0.000000000000000000 ) ) ;
#98 = AXIS2_PLACEMENT_3D ( 'NONE', #197, #5658, #4292 ) ;
#99 = VECTOR ( 'NONE', #3957, 1000.000000000000000 ) ;
#100 = VECTOR ( 'NONE', #419, 1000.000000000000000 ) ;
#101 = VERTEX_POINT ( 'NONE', #4688 ) ;
#102 = ORIENTED_EDGE ( 'NONE', *, *, #5006, .T. ) ;
#103 = ADVANCED_FACE ( 'NONE', ( #3815 ), #3782, .F. ) ;
#104 = PLANE ( 'NONE',  #5032 ) ;
#105 = ORIENTED_EDGE ( 'NONE', *, *, #1724, .F. ) ;
#106 = DIRECTION ( 'NONE',  ( 0.000000000000000000, 1.000000000000000000, 0.000000000000000000 ) ) ;
#107 = VERTEX_POINT ( 'NONE', #2017 ) ;
#108 = DIRECTION ( 'NONE',  ( -0.000000000000000000, -1.000000000000000000, -0.000000000000000000 ) ) ;
#109 = FACE_OUTER_BOUND ( 'NONE', #5042, .T. ) ;
#110 = ORIENTED_EDGE ( 'NONE', *, *, #2568, .F. ) ;
#111 = CARTESIAN_POINT ( 'NONE',  ( -0.1249999999999977240, 0.000000000000000000, 1.224999999999999867 ) ) ;
#112 = EDGE_CURVE ( 'NONE', #344, #3073, #2480, .T. ) ;
#113 = AXIS2_PLACEMENT_3D ( 'NONE', #5522, #1429, #4111 ) ;
#114 = EDGE_CURVE ( 'NONE', #4925, #4126, #1027, .T. ) ;
#115 = DIRECTION ( 'NONE',  ( 0.000000000000000000, 0.000000000000000000, -1.000000000000000000 ) ) ;
#116 = DIRECTION ( 'NONE',  ( 0.000000000000000000, -1.000000000000000000, 0.000000000000000000 ) ) ;
#117 = CARTESIAN_POINT ( 'NONE',  ( 0.7250000000000508260, 0.000000000000000000, 0.6749999999999849454 ) ) ;
#118 = COLOUR_RGB ( '',0.7921568627450980005, 0.8196078431372548767, 0.9333333333333333481 ) ;
#119 = CARTESIAN_POINT ( 'NONE',  ( 0.9500000000000002887, 0.05000000000000000278, 0.000000000000000000 ) ) ;
#120 = PRESENTATION_STYLE_ASSIGNMENT (( #3350 ) ) ;
#121 = DIRECTION ( 'NONE',  ( 1.445602896647339163E-16, 0.000000000000000000, -1.000000000000000000 ) ) ;
#122 = CARTESIAN_POINT ( 'NONE',  ( 0.7250000000000098588, 1.844118304745738346, -1.250000000000037081 ) ) ;
#123 = FACE_OUTER_BOUND ( 'NONE', #1626, .T. ) ;
#124 = CARTESIAN_POINT ( 'NONE',  ( -0.6000000000000262901, 0.1000000000000000056, -1.250000000000022427 ) ) ;
#125 = FACE_OUTER_BOUND ( 'NONE', #4593, .T. ) ;
#126 = EDGE_CURVE ( 'NONE', #4177, #2146, #1085, .T. ) ;
#127 = CLOSED_SHELL ( 'NONE', ( #504, #3475, #4696, #1581, #1682, #4492, #5870, #2928 ) ) ;
#128 = ORIENTED_EDGE ( 'NONE', *, *, #2341, .F. ) ;
#129 = EDGE_LOOP ( 'NONE', ( #2412, #1754, #942, #2846, #755, #641 ) ) ;
#130 = LINE ( 'NONE', #2898, #257 ) ;
#131 = ORIENTED_EDGE ( 'NONE', *, *, #3402, .F. ) ;
#132 = ORIENTED_EDGE ( 'NONE', *, *, #3344, .T. ) ;
#133 = EDGE_CURVE ( 'NONE', #3580, #4253, #1177, .T. ) ;
#134 = EDGE_CURVE ( 'NONE', #260, #4010, #4060, .T. ) ;
#135 = DIRECTION ( 'NONE',  ( -1.000000000000000000, 0.000000000000000000, -5.464378949326884287E-14 ) ) ;
#136 = ORIENTED_EDGE ( 'NONE', *, *, #2302, .F. ) ;
#137 = DIRECTION ( 'NONE',  ( 0.000000000000000000, -0.000000000000000000, 1.000000000000000000 ) ) ;
#138 = EDGE_LOOP ( 'NONE', ( #5849, #5737, #132, #570 ) ) ;
#139 = CARTESIAN_POINT ( 'NONE',  ( 0.7250000000000003109, 0.2000000000000000111, -0.9999999999999831246 ) ) ;
#140 = VECTOR ( 'NONE', #2008, 1000.000000000000000 ) ;
#141 = VECTOR ( 'NONE', #1097, 1000.000000000000000 ) ;
#142 = FACE_OUTER_BOUND ( 'NONE', #3121, .T. ) ;
#143 = PLANE ( 'NONE',  #1290 ) ;
#144 = CARTESIAN_POINT ( 'NONE',  ( 1.000000000000029088, 0.2000000000000000944, 0.04999999999997454397 ) ) ;
#145 = CARTESIAN_POINT ( 'NONE',  ( 0.9500000000000002887, 0.1000000000000000056, -1.000000000000019096 ) ) ;
#146 = DIRECTION ( 'NONE',  ( 0.000000000000000000, 1.000000000000000000, 0.000000000000000000 ) ) ;
#147 = CARTESIAN_POINT ( 'NONE',  ( 0.3750000000000021649, 0.1000000000000000056, 1.450000000000000178 ) ) ;
#148 = LINE ( 'NONE', #3738, #141 ) ;
#149 = DIRECTION ( 'NONE',  ( 0.000000000000000000, 0.000000000000000000, -1.000000000000000000 ) ) ;
#150 = ORIENTED_EDGE ( 'NONE', *, *, #4164, .T. ) ;
#151 = LINE ( 'NONE', #3895, #2213 ) ;
#152 = SURFACE_SIDE_STYLE ('',( #5709 ) ) ;
#153 = PLANE ( 'NONE',  #4753 ) ;
#154 = CARTESIAN_POINT ( 'NONE',  ( 0.9500000000000002887, 0.1000000000000000056, -0.3500000000000191291 ) ) ;
#155 = PLANE ( 'NONE',  #4348 ) ;
#156 = ORIENTED_EDGE ( 'NONE', *, *, #1773, .F. ) ;
#157 = VECTOR ( 'NONE', #5411, 1000.000000000000000 ) ;
#158 = ORIENTED_EDGE ( 'NONE', *, *, #733, .T. ) ;
#159 = CARTESIAN_POINT ( 'NONE',  ( -0.7250000000000582645, 0.1000000000000000056, -0.3499999999999870992 ) ) ;
#160 = EDGE_CURVE ( 'NONE', #3063, #3422, #2386, .T. ) ;
#161 = ORIENTED_EDGE ( 'NONE', *, *, #2627, .F. ) ;
#162 = ADVANCED_FACE ( 'NONE', ( #109 ), #5106, .F. ) ;
#163 = VECTOR ( 'NONE', #4567, 1000.000000000000000 ) ;
#164 = VERTEX_POINT ( 'NONE', #200 ) ;
#165 = LINE ( 'NONE', #3693, #2704 ) ;
#166 = ORIENTED_EDGE ( 'NONE', *, *, #1421, .F. ) ;
#167 = DIRECTION ( 'NONE',  ( 0.000000000000000000, 1.000000000000000000, 0.000000000000000000 ) ) ;
#168 = CARTESIAN_POINT ( 'NONE',  ( -0.9500000000000001776, 0.1000000000000000056, 1.450000000000000178 ) ) ;
#169 = ORIENTED_EDGE ( 'NONE', *, *, #4424, .F. ) ;
#170 = ADVANCED_FACE ( 'NONE', ( #1503 ), #4750, .F. ) ;
#171 = VECTOR ( 'NONE', #236, 1000.000000000000000 ) ;
#172 = DIRECTION ( 'NONE',  ( 1.445602896647339163E-16, 0.000000000000000000, -1.000000000000000000 ) ) ;
#173 = ADVANCED_FACE ( 'NONE', ( #1955 ), #3849, .T. ) ;
#174 = EDGE_CURVE ( 'NONE', #900, #20, #5284, .T. ) ;
#175 = ORIENTED_EDGE ( 'NONE', *, *, #1438, .T. ) ;
#176 = CARTESIAN_POINT ( 'NONE',  ( -0.7250000000000392797, 0.000000000000000000, -0.6000000000000085265 ) ) ;
#177 = DIRECTION ( 'NONE',  ( 0.000000000000000000, 0.000000000000000000, 1.000000000000000000 ) ) ;
#178 = DIRECTION ( 'NONE',  ( -0.000000000000000000, 0.000000000000000000, 1.000000000000000000 ) ) ;
#179 = DIRECTION ( 'NONE',  ( 4.869053392799454722E-14, 0.000000000000000000, -1.000000000000000000 ) ) ;
#180 = CARTESIAN_POINT ( 'NONE',  ( 1.279358563532895232E-14, 0.04999999999999999584, 1.099999999999989431 ) ) ;
#181 = CARTESIAN_POINT ( 'NONE',  ( -0.7250000000000359490, 0.2000000000000000111, 0.3000000000000106470 ) ) ;
#182 = ORIENTED_EDGE ( 'NONE', *, *, #727, .F. ) ;
#183 = PLANE ( 'NONE',  #2879 ) ;
#184 = CARTESIAN_POINT ( 'NONE',  ( -0.7250000000000359490, 1.844118304745738346, 0.3000000000000106470 ) ) ;
#185 = EDGE_CURVE ( 'NONE', #4896, #2448, #4206, .T. ) ;
#186 = CARTESIAN_POINT ( 'NONE',  ( -0.1249999999999977240, 0.2000000000000000111, 1.450000000000000178 ) ) ;
#187 = DIRECTION ( 'NONE',  ( -0.000000000000000000, -1.000000000000000000, -0.000000000000000000 ) ) ;
#188 = CIRCLE ( 'NONE', #1138, 0.1250000000000001110 ) ;
#189 = CIRCLE ( 'NONE', #2228, 0.1250000000000107414 ) ;
#190 = DIRECTION ( 'NONE',  ( 0.000000000000000000, 0.000000000000000000, 1.000000000000000000 ) ) ;
#191 = VERTEX_POINT ( 'NONE', #603 ) ;
#192 = AXIS2_PLACEMENT_3D ( 'NONE', #1816, #2306, #3643 ) ;
#193 = ORIENTED_EDGE ( 'NONE', *, *, #4175, .F. ) ;
#194 = AXIS2_PLACEMENT_3D ( 'NONE', #3166, #4082, #5002 ) ;
#195 = CARTESIAN_POINT ( 'NONE',  ( 0.7250000000000171863, 0.04999999999999999584, 0.2999999999999994893 ) ) ;
#196 = VECTOR ( 'NONE', #4160, 1000.000000000000000 ) ;
#197 = CARTESIAN_POINT ( 'NONE',  ( -0.6000000000000262901, 1.844118304745738346, -0.9999999999999913403 ) ) ;
#198 = ORIENTED_EDGE ( 'NONE', *, *, #1779, .F. ) ;
#199 = FILL_AREA_STYLE_COLOUR ( '', #118 ) ;
#200 = CARTESIAN_POINT ( 'NONE',  ( -0.7250000000000341727, 0.000000000000000000, 0.8000000000000107025 ) ) ;
#201 = ORIENTED_EDGE ( 'NONE', *, *, #3584, .F. ) ;
#202 = LINE ( 'NONE', #1987, #3417 ) ;
#203 = ADVANCED_FACE ( 'NONE', ( #2449 ), #5575, .F. ) ;
#204 = ORIENTED_EDGE ( 'NONE', *, *, #5363, .F. ) ;
#205 = EDGE_CURVE ( 'NONE', #5082, #5248, #4630, .T. ) ;
#206 = CARTESIAN_POINT ( 'NONE',  ( 0.6250000000000233147, 0.2000000000000000944, 1.224999999999999867 ) ) ;
#207 = LINE ( 'NONE', #3854, #4930 ) ;
#208 = CYLINDRICAL_SURFACE ( 'NONE', #2978, 0.1250000000000105194 ) ;
#209 = DIRECTION ( 'NONE',  ( 0.000000000000000000, 1.000000000000000000, -0.000000000000000000 ) ) ;
#210 = CIRCLE ( 'NONE', #4137, 0.1250000000000107414 ) ;
#211 = CARTESIAN_POINT ( 'NONE',  ( -0.9500000000000001776, 0.05000000000000000278, 1.450000000000000178 ) ) ;
#212 = LINE ( 'NONE', #5645, #4683 ) ;
#213 = SURFACE_STYLE_FILL_AREA ( #2914 ) ;
#214 = DIRECTION ( 'NONE',  ( -1.000000000000000000, 0.000000000000000000, 0.000000000000000000 ) ) ;
#215 = ORIENTED_EDGE ( 'NONE', *, *, #1770, .T. ) ;
#216 = EDGE_CURVE ( 'NONE', #3718, #437, #4658, .T. ) ;
#217 = FACE_OUTER_BOUND ( 'NONE', #4768, .T. ) ;
#218 = DIRECTION ( 'NONE',  ( 1.000000000000000000, 0.000000000000000000, 0.000000000000000000 ) ) ;
#219 = LINE ( 'NONE', #3450, #1590 ) ;
#220 = CARTESIAN_POINT ( 'NONE',  ( -0.9500000000000001776, 0.1000000000000000056, -1.450000000000000178 ) ) ;
#221 = DIRECTION ( 'NONE',  ( 0.000000000000000000, 0.000000000000000000, -1.000000000000000000 ) ) ;
#222 = EDGE_LOOP ( 'NONE', ( #608, #1595, #3948, #3914, #4547, #5735 ) ) ;
#223 = ORIENTED_EDGE ( 'NONE', *, *, #5605, .T. ) ;
#224 = DIRECTION ( 'NONE',  ( 0.000000000000000000, -1.000000000000000000, 0.000000000000000000 ) ) ;
#225 = ORIENTED_EDGE ( 'NONE', *, *, #3870, .F. ) ;
#226 = ORIENTED_EDGE ( 'NONE', *, *, #3560, .T. ) ;
#227 = AXIS2_PLACEMENT_3D ( 'NONE', #2251, #4996, #5409 ) ;
#228 = CARTESIAN_POINT ( 'NONE',  ( 0.9999999999999985567, 0.2000000000000000111, -1.000000000000022871 ) ) ;
#229 = ORIENTED_EDGE ( 'NONE', *, *, #3978, .T. ) ;
#230 = LINE ( 'NONE', #4841, #5229 ) ;
#231 = EDGE_LOOP ( 'NONE', ( #1921, #1956, #4645, #773 ) ) ;
#232 = PLANE ( 'NONE',  #5836 ) ;
#233 = CARTESIAN_POINT ( 'NONE',  ( -0.9500000000000001776, 0.1000000000000000056, -0.9999999999999988898 ) ) ;
#234 = FACE_OUTER_BOUND ( 'NONE', #5806, .T. ) ;
#235 = CARTESIAN_POINT ( 'NONE',  ( -0.1250000000000071332, 1.844118304745738346, -1.500000000000000000 ) ) ;
#236 = DIRECTION ( 'NONE',  ( 1.000000000000000000, 0.000000000000000000, -8.121659910255105326E-14 ) ) ;
#237 = AXIS2_PLACEMENT_3D ( 'NONE', #2421, #2025, #643 ) ;
#238 = LINE ( 'NONE', #1607, #1902 ) ;
#239 = EDGE_CURVE ( 'NONE', #2961, #698, #3031, .T. ) ;
#240 = ADVANCED_FACE ( 'NONE', ( #3526 ), #430, .T. ) ;
#241 = VECTOR ( 'NONE', #4397, 1000.000000000000000 ) ;
#242 = FACE_OUTER_BOUND ( 'NONE', #3029, .T. ) ;
#243 = CARTESIAN_POINT ( 'NONE',  ( -0.9500000000000001776, 0.2000000000000000111, -0.3499999999999980349 ) ) ;
#244 = LINE ( 'NONE', #4278, #3917 ) ;
#245 = VERTEX_POINT ( 'NONE', #2581 ) ;
#246 = DIRECTION ( 'NONE',  ( 0.000000000000000000, -0.000000000000000000, 1.000000000000000000 ) ) ;
#247 = FACE_OUTER_BOUND ( 'NONE', #5569, .T. ) ;
#248 = DIRECTION ( 'NONE',  ( -0.000000000000000000, -1.000000000000000000, -0.000000000000000000 ) ) ;
#249 = LINE ( 'NONE', #4347, #2573 ) ;
#250 = ADVANCED_FACE ( 'NONE', ( #1597 ), #5277, .T. ) ;
#251 = EDGE_CURVE ( 'NONE', #591, #1568, #1653, .T. ) ;
#252 = CARTESIAN_POINT ( 'NONE',  ( -0.9500000000000001776, 0.1000000000000000056, 1.450000000000000178 ) ) ;
#253 = VERTEX_POINT ( 'NONE', #259 ) ;
#254 = ORIENTED_EDGE ( 'NONE', *, *, #4745, .T. ) ;
#255 = LINE ( 'NONE', #1531, #3514 ) ;
#256 = VERTEX_POINT ( 'NONE', #4839 ) ;
#257 = VECTOR ( 'NONE', #3774, 1000.000000000000000 ) ;
#258 = VERTEX_POINT ( 'NONE', #228 ) ;
#259 = CARTESIAN_POINT ( 'NONE',  ( 0.7250000000000490497, 0.000000000000000000, 0.04999999999997232353 ) ) ;
#260 = VERTEX_POINT ( 'NONE', #5791 ) ;
#261 = DIRECTION ( 'NONE',  ( -0.000000000000000000, -1.000000000000000000, -0.000000000000000000 ) ) ;
#262 = AXIS2_PLACEMENT_3D ( 'NONE', #369, #5493, #2661 ) ;
#263 = ORIENTED_EDGE ( 'NONE', *, *, #1009, .F. ) ;
#264 = ORIENTED_EDGE ( 'NONE', *, *, #1197, .F. ) ;
#265 = FACE_OUTER_BOUND ( 'NONE', #2579, .T. ) ;
#266 = LINE ( 'NONE', #3916, #3676 ) ;
#267 = CARTESIAN_POINT ( 'NONE',  ( 0.1249999999999928807, 1.844118304745738346, 0.1250000000000001388 ) ) ;
#268 = AXIS2_PLACEMENT_3D ( 'NONE', #4870, #1600, #3980 ) ;
#269 = DIRECTION ( 'NONE',  ( 1.000000000000000000, -0.000000000000000000, 2.168404344971152441E-14 ) ) ;
#270 = ORIENTED_EDGE ( 'NONE', *, *, #1229, .F. ) ;
#271 = DIRECTION ( 'NONE',  ( -1.000000000000000000, 0.000000000000000000, -0.000000000000000000 ) ) ;
#272 = DIRECTION ( 'NONE',  ( -1.000000000000000000, 0.000000000000000000, -0.000000000000000000 ) ) ;
#273 = DIRECTION ( 'NONE',  ( 0.000000000000000000, 0.000000000000000000, 1.000000000000000000 ) ) ;
#274 = ORIENTED_EDGE ( 'NONE', *, *, #864, .F. ) ;
#275 = DIRECTION ( 'NONE',  ( -1.000000000000000000, 0.000000000000000000, -1.182766006347908700E-15 ) ) ;
#276 = ADVANCED_FACE ( 'NONE', ( #2082 ), #3493, .F. ) ;
#277 = CARTESIAN_POINT ( 'NONE',  ( 1.279358563532895232E-14, 0.2000000000000000944, 1.099999999999989431 ) ) ;
#278 = CARTESIAN_POINT ( 'NONE',  ( 0.3750000000000022760, 1.844118304745738346, 1.224999999999999867 ) ) ;
#279 = EDGE_CURVE ( 'NONE', #1977, #2417, #1759, .T. ) ;
#280 = CARTESIAN_POINT ( 'NONE',  ( -0.7250000000000367262, 0.2000000000000000944, -0.4749999999999977573 ) ) ;
#281 = CARTESIAN_POINT ( 'NONE',  ( -0.9500000000000001776, 0.1000000000000000056, -1.450000000000000178 ) ) ;
#282 = VERTEX_POINT ( 'NONE', #1180 ) ;
#283 = EDGE_CURVE ( 'NONE', #698, #3196, #671, .T. ) ;
#284 = ORIENTED_EDGE ( 'NONE', *, *, #1302, .F. ) ;
#285 = AXIS2_PLACEMENT_3D ( 'NONE', #4862, #5871, #3115 ) ;
#286 = CARTESIAN_POINT ( 'NONE',  ( 0.7250000000000508260, 0.2000000000000000111, 0.6749999999999849454 ) ) ;
#287 = ORIENTED_EDGE ( 'NONE', *, *, #5846, .T. ) ;
#288 = VERTEX_POINT ( 'NONE', #3463 ) ;
#289 = VECTOR ( 'NONE', #2037, 1000.000000000000000 ) ;
#290 = EDGE_CURVE ( 'NONE', #4626, #3967, #2547, .T. ) ;
#291 = FACE_OUTER_BOUND ( 'NONE', #3982, .T. ) ;
#292 = ORIENTED_EDGE ( 'NONE', *, *, #5004, .F. ) ;
#293 = FACE_OUTER_BOUND ( 'NONE', #5682, .T. ) ;
#294 = AXIS2_PLACEMENT_3D ( 'NONE', #5422, #2728, #5527 ) ;
#295 = EDGE_LOOP ( 'NONE', ( #516, #2438, #2324, #3050, #5092, #3030 ) ) ;
#296 = DIRECTION ( 'NONE',  ( 0.000000000000000000, 0.000000000000000000, 1.000000000000000000 ) ) ;
#297 = LINE ( 'NONE', #2126, #4729 ) ;
#298 = FACE_OUTER_BOUND ( 'NONE', #5307, .T. ) ;
#299 = DIRECTION ( 'NONE',  ( 0.000000000000000000, 0.000000000000000000, 1.000000000000000000 ) ) ;
#300 = ORIENTED_EDGE ( 'NONE', *, *, #3938, .F. ) ;
#301 = DIRECTION ( 'NONE',  ( 0.000000000000000000, -1.000000000000000000, 0.000000000000000000 ) ) ;
#302 = EDGE_CURVE ( 'NONE', #2877, #602, #326, .T. ) ;
#303 = CARTESIAN_POINT ( 'NONE',  ( 0.9500000000000002887, 0.000000000000000000, 0.5499999999999721778 ) ) ;
#304 = LINE ( 'NONE', #1166, #3968 ) ;
#305 = LINE ( 'NONE', #2168, #2397 ) ;
#306 = ORIENTED_EDGE ( 'NONE', *, *, #3231, .F. ) ;
#307 = FACE_OUTER_BOUND ( 'NONE', #5156, .T. ) ;
#308 = CARTESIAN_POINT ( 'NONE',  ( -0.3749999999999766853, 0.1000000000000000056, 1.224999999999999867 ) ) ;
#309 = EDGE_LOOP ( 'NONE', ( #1203, #347, #3278, #667 ) ) ;
#310 = VECTOR ( 'NONE', #612, 1000.000000000000000 ) ;
#311 = CARTESIAN_POINT ( 'NONE',  ( 1.000000000000000222, 5.405551275463989391, 1.500000000000000000 ) ) ;
#312 = CARTESIAN_POINT ( 'NONE',  ( 0.7250000000000189626, 1.844118304745738346, 0.7999999999999994893 ) ) ;
#313 = VERTEX_POINT ( 'NONE', #738 ) ;
#314 = EDGE_LOOP ( 'NONE', ( #4014, #4325, #4514, #5309, #2938, #2695, #4321, #2967 ) ) ;
#315 = DIRECTION ( 'NONE',  ( 0.000000000000000000, -1.000000000000000000, 0.000000000000000000 ) ) ;
#316 = VERTEX_POINT ( 'NONE', #3909 ) ;
#317 = VERTEX_POINT ( 'NONE', #4391 ) ;
#318 = ORIENTED_EDGE ( 'NONE', *, *, #3123, .T. ) ;
#319 = EDGE_LOOP ( 'NONE', ( #1206, #468 ) ) ;
#320 = PLANE ( 'NONE',  #5566 ) ;
#321 = ORIENTED_EDGE ( 'NONE', *, *, #112, .T. ) ;
#322 = CARTESIAN_POINT ( 'NONE',  ( 0.6250000000000233147, 1.844118304745738346, 1.500000000000000000 ) ) ;
#323 = EDGE_CURVE ( 'NONE', #676, #5359, #4904, .T. ) ;
#325 = EDGE_CURVE ( 'NONE', #3083, #4228, #2617, .T. ) ;
#324 = EDGE_LOOP ( 'NONE', ( #2638, #928, #2182, #4425, #4472, #5512 ) ) ;
#326 = CIRCLE ( 'NONE', #2147, 0.1250000000000105194 ) ;
#327 = LINE ( 'NONE', #4844, #5399 ) ;
#328 = LINE ( 'NONE', #267, #1355 ) ;
#329 = DIRECTION ( 'NONE',  ( 0.000000000000000000, 1.000000000000000000, 0.000000000000000000 ) ) ;
#330 = ORIENTED_EDGE ( 'NONE', *, *, #2601, .T. ) ;
#331 = DIRECTION ( 'NONE',  ( 0.000000000000000000, -1.000000000000000000, 0.000000000000000000 ) ) ;
#332 = CARTESIAN_POINT ( 'NONE',  ( -0.6999999999999998446, 0.7999999999999999334, -1.200000000000000178 ) ) ;
#333 = CARTESIAN_POINT ( 'NONE',  ( 0.9500000000000002887, 0.05000000000000000278, -1.000000000000019096 ) ) ;
#334 = DIRECTION ( 'NONE',  ( 0.000000000000000000, -1.000000000000000000, 0.000000000000000000 ) ) ;
#335 = ORIENTED_EDGE ( 'NONE', *, *, #503, .F. ) ;
#336 =( GEOMETRIC_REPRESENTATION_CONTEXT ( 3 ) GLOBAL_UNCERTAINTY_ASSIGNED_CONTEXT ( ( #1811 ) ) GLOBAL_UNIT_ASSIGNED_CONTEXT ( ( #4700, #3768, #4793 ) ) REPRESENTATION_CONTEXT ( 'NONE', 'WORKASPACE' ) );
#337 = DIRECTION ( 'NONE',  ( 0.000000000000000000, -0.000000000000000000, 1.000000000000000000 ) ) ;
#338 = DIRECTION ( 'NONE',  ( -0.000000000000000000, -0.000000000000000000, -1.000000000000000000 ) ) ;
#339 = CARTESIAN_POINT ( 'NONE',  ( -0.9999999999999997780, 0.2000000000000000944, -1.250000000000000000 ) ) ;
#340 = VERTEX_POINT ( 'NONE', #2645 ) ;
#341 = VECTOR ( 'NONE', #3667, 1000.000000000000000 ) ;
#342 = CARTESIAN_POINT ( 'NONE',  ( 0.9500000000000002887, 0.1000000000000000056, -0.6000000000000220712 ) ) ;
#343 = CARTESIAN_POINT ( 'NONE',  ( -0.9500000000000001776, 0.1000000000000000056, 1.450000000000000178 ) ) ;
#344 = VERTEX_POINT ( 'NONE', #5726 ) ;
#345 = ORIENTED_EDGE ( 'NONE', *, *, #2373, .T. ) ;
#346 = DIRECTION ( 'NONE',  ( -0.000000000000000000, 1.000000000000000000, 0.000000000000000000 ) ) ;
#347 = ORIENTED_EDGE ( 'NONE', *, *, #5400, .T. ) ;
#348 = EDGE_LOOP ( 'NONE', ( #742, #5320, #4330, #1527, #776, #53 ) ) ;
#349 = ORIENTED_EDGE ( 'NONE', *, *, #1077, .F. ) ;
#350 = ADVANCED_FACE ( 'NONE', ( #291 ), #320, .F. ) ;
#351 = CARTESIAN_POINT ( 'NONE',  ( 0.000000000000000000, 0.05000000000000000278, 1.450000000000000178 ) ) ;
#352 = EDGE_CURVE ( 'NONE', #4148, #2136, #5902, .T. ) ;
#353 = VECTOR ( 'NONE', #346, 1000.000000000000000 ) ;
#354 = DIRECTION ( 'NONE',  ( 0.000000000000000000, 0.000000000000000000, 1.000000000000000000 ) ) ;
#355 = EDGE_CURVE ( 'NONE', #4130, #4959, #3943, .T. ) ;
#356 = DIRECTION ( 'NONE',  ( -8.673617379884035472E-16, 0.000000000000000000, 1.000000000000000000 ) ) ;
#357 = PLANE ( 'NONE',  #2077 ) ;
#358 = ORIENTED_EDGE ( 'NONE', *, *, #1349, .F. ) ;
#359 = EDGE_CURVE ( 'NONE', #4517, #256, #5344, .T. ) ;
#360 = EDGE_CURVE ( 'NONE', #1439, #61, #5505, .T. ) ;
#361 = CARTESIAN_POINT ( 'NONE',  ( -0.6999999999999998446, 0.9000000000000000222, -1.200000000000000178 ) ) ;
#362 = VECTOR ( 'NONE', #551, 1000.000000000000000 ) ;
#363 = LINE ( 'NONE', #1193, #2988 ) ;
#364 = FACE_OUTER_BOUND ( 'NONE', #1332, .T. ) ;
#365 = CARTESIAN_POINT ( 'NONE',  ( -0.1249999999999977240, 0.1000000000000000472, 1.224999999999999867 ) ) ;
#366 = EDGE_LOOP ( 'NONE', ( #4629, #1147, #4022, #1985 ) ) ;
#367 = CARTESIAN_POINT ( 'NONE',  ( -0.7250000000000392797, 1.844118304745738346, 0.5499999999999892752 ) ) ;
#368 = FACE_OUTER_BOUND ( 'NONE', #295, .T. ) ;
#369 = CARTESIAN_POINT ( 'NONE',  ( 1.000000000000029088, 1.844118304745738346, 0.04999999999997454397 ) ) ;
#370 = ORIENTED_EDGE ( 'NONE', *, *, #4280, .F. ) ;
#371 = PRESENTATION_LAYER_ASSIGNMENT (  '', '', ( #1599 ) ) ;
#372 = CARTESIAN_POINT ( 'NONE',  ( 0.7250000000000508260, 0.04999999999999999584, 0.6749999999999849454 ) ) ;
#373 = DIRECTION ( 'NONE',  ( 0.000000000000000000, -0.000000000000000000, 1.000000000000000000 ) ) ;
#374 = ORIENTED_EDGE ( 'NONE', *, *, #2075, .T. ) ;
#375 = ORIENTED_EDGE ( 'NONE', *, *, #5564, .T. ) ;
#376 = EDGE_CURVE ( 'NONE', #2834, #2382, #5532, .T. ) ;
#377 = LINE ( 'NONE', #3554, #353 ) ;
#378 = ORIENTED_EDGE ( 'NONE', *, *, #5005, .T. ) ;
#379 = ADVANCED_FACE ( 'NONE', ( #4566 ), #4144, .T. ) ;
#380 = ORIENTED_EDGE ( 'NONE', *, *, #426, .T. ) ;
#381 = AXIS2_PLACEMENT_3D ( 'NONE', #1931, #2853, #4640 ) ;
#382 = ORIENTED_EDGE ( 'NONE', *, *, #4782, .F. ) ;
#383 = CARTESIAN_POINT ( 'NONE',  ( 0.7250000000000490497, 0.2000000000000000111, 0.1749999999999849454 ) ) ;
#384 = CIRCLE ( 'NONE', #5438, 0.1250000000000106859 ) ;
#385 = VECTOR ( 'NONE', #3386, 1000.000000000000000 ) ;
#386 = LINE ( 'NONE', #4519, #2439 ) ;
#387 = CARTESIAN_POINT ( 'NONE',  ( 1.000000000000015321, 0.2000000000000000111, 0.2999999999999771738 ) ) ;
#388 = CARTESIAN_POINT ( 'NONE',  ( 0.7250000000000508260, 1.844118304745738346, 0.6749999999999849454 ) ) ;
#389 = ORIENTED_EDGE ( 'NONE', *, *, #3923, .T. ) ;
#390 = VECTOR ( 'NONE', #106, 1000.000000000000000 ) ;
#391 = EDGE_CURVE ( 'NONE', #5401, #4140, #3666, .T. ) ;
#392 = DIRECTION ( 'NONE',  ( 0.000000000000000000, 0.000000000000000000, -1.000000000000000000 ) ) ;
#393 = AXIS2_PLACEMENT_3D ( 'NONE', #3892, #214, #649 ) ;
#394 = VECTOR ( 'NONE', #2803, 1000.000000000000000 ) ;
#395 = DIRECTION ( 'NONE',  ( 0.000000000000000000, 0.000000000000000000, 1.000000000000000000 ) ) ;
#396 = DIRECTION ( 'NONE',  ( 1.000000000000000000, 0.000000000000000000, -8.121659910255105326E-14 ) ) ;
#397 = FACE_OUTER_BOUND ( 'NONE', #697, .T. ) ;
#398 = ORIENTED_EDGE ( 'NONE', *, *, #2786, .T. ) ;
#399 = CARTESIAN_POINT ( 'NONE',  ( -0.9500000000000001776, 0.1000000000000000056, 1.450000000000000178 ) ) ;
#400 = CARTESIAN_POINT ( 'NONE',  ( 0.7250000000000490497, 0.000000000000000000, 0.1749999999999849454 ) ) ;
#401 = DIRECTION ( 'NONE',  ( 0.000000000000000000, 0.000000000000000000, -1.000000000000000000 ) ) ;
#402 = CARTESIAN_POINT ( 'NONE',  ( -0.7250000000000341727, 0.2000000000000000111, 0.8000000000000107025 ) ) ;
#403 = VERTEX_POINT ( 'NONE', #1379 ) ;
#404 = CIRCLE ( 'NONE', #4214, 0.1250000000000107414 ) ;
#405 = LINE ( 'NONE', #4954, #4370 ) ;
#406 = ORIENTED_EDGE ( 'NONE', *, *, #902, .T. ) ;
#407 =( GEOMETRIC_REPRESENTATION_CONTEXT ( 3 ) GLOBAL_UNCERTAINTY_ASSIGNED_CONTEXT ( ( #4040 ) ) GLOBAL_UNIT_ASSIGNED_CONTEXT ( ( #3285, #1117, #670 ) ) REPRESENTATION_CONTEXT ( 'NONE', 'WORKASPACE' ) );
#408 = CARTESIAN_POINT ( 'NONE',  ( -0.6000000000000262901, 0.2000000000000000111, -1.250000000000022427 ) ) ;
#409 = ORIENTED_EDGE ( 'NONE', *, *, #2399, .T. ) ;
#410 = ORIENTED_EDGE ( 'NONE', *, *, #1187, .F. ) ;
#411 = ORIENTED_EDGE ( 'NONE', *, *, #5400, .F. ) ;
#412 = VECTOR ( 'NONE', #5203, 1000.000000000000000 ) ;
#413 = LINE ( 'NONE', #2331, #341 ) ;
#414 = PLANE ( 'NONE',  #5746 ) ;
#415 = DIRECTION ( 'NONE',  ( 0.000000000000000000, -1.000000000000000000, 0.000000000000000000 ) ) ;
#416 = ORIENTED_EDGE ( 'NONE', *, *, #3426, .F. ) ;
#417 = DIRECTION ( 'NONE',  ( -1.000000000000000000, -0.000000000000000000, -1.182766006347908897E-15 ) ) ;
#418 = AXIS2_PLACEMENT_3D ( 'NONE', #3286, #2359, #4181 ) ;
#419 = DIRECTION ( 'NONE',  ( -1.000000000000000000, 0.000000000000000000, -8.673617379884035472E-16 ) ) ;
#420 = LINE ( 'NONE', #4616, #1081 ) ;
#421 = CYLINDRICAL_SURFACE ( 'NONE', #2499, 0.1250000000000174583 ) ;
#422 = ORIENTED_EDGE ( 'NONE', *, *, #2115, .T. ) ;
#423 = CARTESIAN_POINT ( 'NONE',  ( 0.000000000000000000, 0.1000000000000000056, 0.000000000000000000 ) ) ;
#424 = FACE_OUTER_BOUND ( 'NONE', #2055, .T. ) ;
#425 = ORIENTED_EDGE ( 'NONE', *, *, #4238, .F. ) ;
#426 = EDGE_CURVE ( 'NONE', #2327, #1108, #1436, .T. ) ;
#427 = EDGE_CURVE ( 'NONE', #5774, #2820, #2376, .T. ) ;
#428 = PLANE ( 'NONE',  #868 ) ;
#429 = CARTESIAN_POINT ( 'NONE',  ( 0.6250000000000233147, 1.844118304745738346, 1.224999999999999867 ) ) ;
#430 = PLANE ( 'NONE',  #893 ) ;
#431 = AXIS2_PLACEMENT_3D ( 'NONE', #506, #4161, #2745 ) ;
#432 = ADVANCED_FACE ( 'NONE', ( #5034 ), #488, .T. ) ;
#433 = ADVANCED_FACE ( 'NONE', ( #1462 ), #906, .F. ) ;
#434 = CARTESIAN_POINT ( 'NONE',  ( -0.9999999999999997780, 0.1000000000000000056, -0.6000000000000005329 ) ) ;
#435 = ORIENTED_EDGE ( 'NONE', *, *, #4350, .T. ) ;
#436 = LINE ( 'NONE', #5255, #5347 ) ;
#437 = VERTEX_POINT ( 'NONE', #5120 ) ;
#438 = ORIENTED_EDGE ( 'NONE', *, *, #4776, .F. ) ;
#439 = UNCERTAINTY_MEASURE_WITH_UNIT (LENGTH_MEASURE( 1.000000000000000082E-05 ), #1101, 'distance_accuracy_value', 'NONE');
#440 = PLANE ( 'NONE',  #5424 ) ;
#441 = ORIENTED_EDGE ( 'NONE', *, *, #4699, .T. ) ;
#442 = CARTESIAN_POINT ( 'NONE',  ( 0.1250000000000233702, 1.844118304745738346, 1.450000000000000178 ) ) ;
#443 = CARTESIAN_POINT ( 'NONE',  ( -0.7250000000000383915, 0.2000000000000000111, 0.1750000000000000167 ) ) ;
#444 = EDGE_CURVE ( 'NONE', #4838, #3310, #2865, .T. ) ;
#445 = ORIENTED_EDGE ( 'NONE', *, *, #1401, .F. ) ;
#446 = ORIENTED_EDGE ( 'NONE', *, *, #4218, .T. ) ;
#447 = LINE ( 'NONE', #952, #2487 ) ;
#448 = DIRECTION ( 'NONE',  ( -1.000000000000000000, 0.000000000000000000, 0.000000000000000000 ) ) ;
#449 = LINE ( 'NONE', #3650, #563 ) ;
#450 = ORIENTED_EDGE ( 'NONE', *, *, #5635, .F. ) ;
#451 = PLANE ( 'NONE',  #113 ) ;
#452 = VECTOR ( 'NONE', #5425, 1000.000000000000000 ) ;
#453 = ORIENTED_EDGE ( 'NONE', *, *, #1335, .F. ) ;
#454 = EDGE_CURVE ( 'NONE', #3365, #632, #934, .T. ) ;
#455 = VECTOR ( 'NONE', #3633, 1000.000000000000000 ) ;
#456 = VERTEX_POINT ( 'NONE', #2783 ) ;
#457 = CARTESIAN_POINT ( 'NONE',  ( 0.9500000000000002887, 0.1000000000000000056, -1.450000000000000178 ) ) ;
#458 = LINE ( 'NONE', #3218, #2388 ) ;
#459 = VECTOR ( 'NONE', #1638, 1000.000000000000000 ) ;
#460 = DIRECTION ( 'NONE',  ( 0.000000000000000000, -1.000000000000000000, 0.000000000000000000 ) ) ;
#461 = AXIS2_PLACEMENT_3D ( 'NONE', #383, #4490, #5908 ) ;
#462 = DIRECTION ( 'NONE',  ( 0.000000000000000000, 0.000000000000000000, -1.000000000000000000 ) ) ;
#463 = EDGE_CURVE ( 'NONE', #2074, #5154, #4674, .T. ) ;
#464 = EDGE_CURVE ( 'NONE', #4395, #1326, #5454, .T. ) ;
#465 = ORIENTED_EDGE ( 'NONE', *, *, #2482, .F. ) ;
#466 = ORIENTED_EDGE ( 'NONE', *, *, #1661, .T. ) ;
#467 = PLANE ( 'NONE',  #1216 ) ;
#468 = ORIENTED_EDGE ( 'NONE', *, *, #2399, .F. ) ;
#469 = EDGE_CURVE ( 'NONE', #5248, #3811, #3020, .T. ) ;
#470 = CARTESIAN_POINT ( 'NONE',  ( -0.9500000000000001776, 0.05000000000000000278, -0.3499999999999903744 ) ) ;
#471 = FACE_OUTER_BOUND ( 'NONE', #5077, .T. ) ;
#472 = EDGE_LOOP ( 'NONE', ( #2370, #3114, #3223, #2463 ) ) ;
#473 = VERTEX_POINT ( 'NONE', #3685 ) ;
#474 = LINE ( 'NONE', #2172, #5801 ) ;
#475 = AXIS2_PLACEMENT_3D ( 'NONE', #2570, #4447, #1648 ) ;
#476 = DIRECTION ( 'NONE',  ( -0.000000000000000000, 0.000000000000000000, 1.000000000000000000 ) ) ;
#477 = LINE ( 'NONE', #5893, #3027 ) ;
#478 = DIRECTION ( 'NONE',  ( 0.000000000000000000, 0.000000000000000000, -1.000000000000000000 ) ) ;
#479 = AXIS2_PLACEMENT_3D ( 'NONE', #583, #1577, #1128 ) ;
#480 = CARTESIAN_POINT ( 'NONE',  ( -0.9500000000000001776, 0.1000000000000000056, -1.450000000000000178 ) ) ;
#481 = MANIFOLD_SOLID_BREP ( 'Cut-Extrude3[3]', #1072 ) ;
#482 = AXIS2_PLACEMENT_3D ( 'NONE', #6, #5497, #4643 ) ;
#483 = ADVANCED_FACE ( 'NONE', ( #5236 ), #1832, .F. ) ;
#484 = VECTOR ( 'NONE', #4107, 1000.000000000000000 ) ;
#485 = ORIENTED_EDGE ( 'NONE', *, *, #5321, .T. ) ;
#486 = PLANE ( 'NONE',  #294 ) ;
#487 = DIRECTION ( 'NONE',  ( -1.000000000000000000, 0.000000000000000000, 5.583641188300717653E-14 ) ) ;
#488 = PLANE ( 'NONE',  #3963 ) ;
#489 = PLANE ( 'NONE',  #2275 ) ;
#490 = VERTEX_POINT ( 'NONE', #5616 ) ;
#491 = PLANE ( 'NONE',  #5827 ) ;
#492 = ORIENTED_EDGE ( 'NONE', *, *, #4112, .F. ) ;
#493 = ORIENTED_EDGE ( 'NONE', *, *, #5321, .F. ) ;
#494 = EDGE_CURVE ( 'NONE', #3878, #2742, #1582, .T. ) ;
#495 = EDGE_LOOP ( 'NONE', ( #637, #5329, #406, #5571 ) ) ;
#496 = VECTOR ( 'NONE', #5555, 1000.000000000000000 ) ;
#497 = MANIFOLD_SOLID_BREP ( 'Cut-Extrude3[8]', #4442 ) ;
#498 = DIRECTION ( 'NONE',  ( 1.000000000000000000, 0.000000000000000000, 0.000000000000000000 ) ) ;
#499 = CARTESIAN_POINT ( 'NONE',  ( -0.4999999999999872324, 0.2000000000000000111, 1.224999999999999867 ) ) ;
#500 = LINE ( 'NONE', #2334, #3122 ) ;
#501 = ORIENTED_EDGE ( 'NONE', *, *, #1335, .T. ) ;
#502 = DIRECTION ( 'NONE',  ( 0.000000000000000000, 0.000000000000000000, -1.000000000000000000 ) ) ;
#503 = EDGE_CURVE ( 'NONE', #3966, #4426, #5703, .T. ) ;
#504 = ADVANCED_FACE ( 'NONE', ( #2921 ), #3770, .F. ) ;
#505 = CARTESIAN_POINT ( 'NONE',  ( 0.9500000000000002887, 0.2000000000000000111, -1.000000000000019096 ) ) ;
#506 = CARTESIAN_POINT ( 'NONE',  ( 0.7250000000000165201, 0.2000000000000000111, -0.6000000000000372813 ) ) ;
#507 = DIRECTION ( 'NONE',  ( -1.971276677246371272E-16, 0.000000000000000000, -1.000000000000000000 ) ) ;
#508 = CARTESIAN_POINT ( 'NONE',  ( 0.7250000000000098588, 0.2000000000000000944, -1.250000000000037081 ) ) ;
#509 = DIRECTION ( 'NONE',  ( 0.000000000000000000, 0.000000000000000000, 1.000000000000000000 ) ) ;
#510 = VERTEX_POINT ( 'NONE', #3866 ) ;
#511 = LINE ( 'NONE', #36, #5832 ) ;
#512 = CARTESIAN_POINT ( 'NONE',  ( -0.9500000000000001776, 0.1000000000000000056, -0.3499999999999980904 ) ) ;
#513 = AXIS2_PLACEMENT_3D ( 'NONE', #5466, #919, #5021 ) ;
#514 = PRESENTATION_STYLE_ASSIGNMENT (( #988 ) ) ;
#515 = CARTESIAN_POINT ( 'NONE',  ( 0.000000000000000000, 0.1000000000000000056, 0.000000000000000000 ) ) ;
#516 = ORIENTED_EDGE ( 'NONE', *, *, #3681, .F. ) ;
#517 = VECTOR ( 'NONE', #3266, 1000.000000000000000 ) ;
#518 = ORIENTED_EDGE ( 'NONE', *, *, #3617, .F. ) ;
#519 = CARTESIAN_POINT ( 'NONE',  ( -0.1249999999999977240, 1.844118304745738346, 1.450000000000000178 ) ) ;
#520 = ORIENTED_EDGE ( 'NONE', *, *, #2173, .F. ) ;
#521 = AXIS2_PLACEMENT_3D ( 'NONE', #3951, #4815, #3005 ) ;
#522 = CYLINDRICAL_SURFACE ( 'NONE', #3547, 0.1250000000000107414 ) ;
#523 = CARTESIAN_POINT ( 'NONE',  ( -0.9500000000000001776, 0.1000000000000000056, -0.3499999999999980904 ) ) ;
#524 = DIRECTION ( 'NONE',  ( 0.000000000000000000, -0.000000000000000000, 1.000000000000000000 ) ) ;
#525 = ORIENTED_EDGE ( 'NONE', *, *, #1114, .T. ) ;
#526 = CARTESIAN_POINT ( 'NONE',  ( 0.3750000000000022760, 0.000000000000000000, 1.224999999999999867 ) ) ;
#527 = EDGE_CURVE ( 'NONE', #2738, #1980, #5590, .T. ) ;
#528 = DIRECTION ( 'NONE',  ( -1.000000000000000000, 0.000000000000000000, 0.000000000000000000 ) ) ;
#529 = CARTESIAN_POINT ( 'NONE',  ( 0.1249999999999928807, 0.000000000000000000, 0.1250000000000001388 ) ) ;
#530 = LINE ( 'NONE', #5056, #5730 ) ;
#531 = EDGE_CURVE ( 'NONE', #2184, #4686, #693, .T. ) ;
#532 = CARTESIAN_POINT ( 'NONE',  ( -0.3749999999999766853, 0.1000000000000000472, 1.224999999999999867 ) ) ;
#533 = SURFACE_STYLE_FILL_AREA ( #1879 ) ;
#534 = CARTESIAN_POINT ( 'NONE',  ( -0.7250000000000367262, 0.2000000000000000111, 0.6750000000000000444 ) ) ;
#535 = DIRECTION ( 'NONE',  ( 0.000000000000000000, 0.000000000000000000, 1.000000000000000000 ) ) ;
#536 = AXIS2_PLACEMENT_3D ( 'NONE', #2639, #4595, #3660 ) ;
#537 = ADVANCED_FACE ( 'NONE', ( #5650 ), #3018, .F. ) ;
#538 = DIRECTION ( 'NONE',  ( 0.000000000000000000, -1.000000000000000000, 0.000000000000000000 ) ) ;
#539 = CARTESIAN_POINT ( 'NONE',  ( -0.9999999999999997780, 0.1000000000000000056, 0.04999999999999948236 ) ) ;
#540 = AXIS2_PLACEMENT_3D ( 'NONE', #515, #5904, #5065 ) ;
#541 = VECTOR ( 'NONE', #2451, 1000.000000000000000 ) ;
#542 = ORIENTED_EDGE ( 'NONE', *, *, #3352, .F. ) ;
#543 = ORIENTED_EDGE ( 'NONE', *, *, #802, .F. ) ;
#544 = EDGE_CURVE ( 'NONE', #575, #2530, #5151, .T. ) ;
#545 = DIRECTION ( 'NONE',  ( -1.971276677246371272E-16, 0.000000000000000000, -1.000000000000000000 ) ) ;
#546 = ORIENTED_EDGE ( 'NONE', *, *, #4125, .T. ) ;
#547 = CARTESIAN_POINT ( 'NONE',  ( -0.9999999999999997780, 0.1000000000000000056, 1.500000000000000000 ) ) ;
#548 = ORIENTED_EDGE ( 'NONE', *, *, #454, .T. ) ;
#549 = CARTESIAN_POINT ( 'NONE',  ( 0.9999999999999715783, 1.844118304745738346, -1.250000000000018652 ) ) ;
#550 = ORIENTED_EDGE ( 'NONE', *, *, #4422, .F. ) ;
#551 = DIRECTION ( 'NONE',  ( -1.000000000000000000, 0.000000000000000000, 0.000000000000000000 ) ) ;
#552 = DIRECTION ( 'NONE',  ( 0.000000000000000000, 0.000000000000000000, 1.000000000000000000 ) ) ;
#553 = LINE ( 'NONE', #2393, #5488 ) ;
#554 = PLANE ( 'NONE',  #2701 ) ;
#555 = LINE ( 'NONE', #3349, #4042 ) ;
#556 = VECTOR ( 'NONE', #5199, 1000.000000000000000 ) ;
#557 = EDGE_CURVE ( 'NONE', #3850, #5620, #654, .T. ) ;
#558 = VECTOR ( 'NONE', #3739, 1000.000000000000000 ) ;
#559 = COLOUR_RGB ( '',0.7921568627450980005, 0.8196078431372548767, 0.9333333333333333481 ) ;
#560 = CARTESIAN_POINT ( 'NONE',  ( -0.1250000000000071332, 1.844118304745738346, 0.1250000000000001388 ) ) ;
#561 = DIRECTION ( 'NONE',  ( 0.000000000000000000, 1.000000000000000000, 0.000000000000000000 ) ) ;
#562 = DIRECTION ( 'NONE',  ( 0.000000000000000000, 0.000000000000000000, -1.000000000000000000 ) ) ;
#563 = VECTOR ( 'NONE', #1875, 1000.000000000000000 ) ;
#564 = FILL_AREA_STYLE ('',( #2321 ) ) ;
#565 = DIRECTION ( 'NONE',  ( 1.000000000000000000, 0.000000000000000000, 0.000000000000000000 ) ) ;
#566 = CIRCLE ( 'NONE', #2600, 0.1250000000000105194 ) ;
#567 = VECTOR ( 'NONE', #3992, 1000.000000000000000 ) ;
#568 = ADVANCED_FACE ( 'NONE', ( #247 ), #5678, .F. ) ;
#569 = EDGE_CURVE ( 'NONE', #5565, #5634, #2534, .T. ) ;
#570 = ORIENTED_EDGE ( 'NONE', *, *, #4386, .F. ) ;
#571 = ORIENTED_EDGE ( 'NONE', *, *, #3935, .T. ) ;
#572 = LINE ( 'NONE', #4742, #736 ) ;
#573 = ORIENTED_EDGE ( 'NONE', *, *, #5562, .T. ) ;
#574 = DIRECTION ( 'NONE',  ( 5.583641188300717653E-14, 0.000000000000000000, 1.000000000000000000 ) ) ;
#575 = VERTEX_POINT ( 'NONE', #4857 ) ;
#576 = CARTESIAN_POINT ( 'NONE',  ( 1.000000000000030864, 1.844118304745738346, 0.5499999999999745093 ) ) ;
#577 = ORIENTED_EDGE ( 'NONE', *, *, #3750, .T. ) ;
#578 = DIRECTION ( 'NONE',  ( 1.000000000000000000, -0.000000000000000000, 4.869053392799454722E-14 ) ) ;
#579 = CARTESIAN_POINT ( 'NONE',  ( 1.000000000000000000, 0.1000000000000000056, -0.3500000000000227929 ) ) ;
#580 = LINE ( 'NONE', #5552, #5780 ) ;
#581 = DIRECTION ( 'NONE',  ( 1.445602896647339163E-16, 0.000000000000000000, -1.000000000000000000 ) ) ;
#582 = CARTESIAN_POINT ( 'NONE',  ( -0.9999999999999997780, 0.1000000000000000056, 1.500000000000000000 ) ) ;
#583 = CARTESIAN_POINT ( 'NONE',  ( 0.000000000000000000, 0.1000000000000000056, 0.000000000000000000 ) ) ;
#584 = FACE_OUTER_BOUND ( 'NONE', #3262, .T. ) ;
#585 = LINE ( 'NONE', #5649, #3542 ) ;
#586 = ADVANCED_FACE ( 'NONE', ( #1768 ), #3599, .F. ) ;
#587 = DIRECTION ( 'NONE',  ( -1.000000000000000000, 0.000000000000000000, 0.000000000000000000 ) ) ;
#588 = PLANE ( 'NONE',  #2368 ) ;
#589 = CARTESIAN_POINT ( 'NONE',  ( -0.9500000000000001776, 0.04999999999999999584, -1.250000000000002887 ) ) ;
#590 = CARTESIAN_POINT ( 'NONE',  ( -0.7250000000000383915, 0.2000000000000000944, 0.1750000000000000167 ) ) ;
#591 = VERTEX_POINT ( 'NONE', #5331 ) ;
#592 = EDGE_CURVE ( 'NONE', #2515, #4925, #1226, .T. ) ;
#593 = EDGE_CURVE ( 'NONE', #2382, #3226, #2231, .T. ) ;
#594 = ORIENTED_EDGE ( 'NONE', *, *, #752, .F. ) ;
#595 = AXIS2_PLACEMENT_3D ( 'NONE', #4594, #460, #1858 ) ;
#596 = DIRECTION ( 'NONE',  ( 0.000000000000000000, 0.000000000000000000, 1.000000000000000000 ) ) ;
#597 = ORIENTED_EDGE ( 'NONE', *, *, #3896, .T. ) ;
#598 = MANIFOLD_SOLID_BREP ( 'Cut-Extrude4', #2537 ) ;
#599 = AXIS2_PLACEMENT_3D ( 'NONE', #3926, #1675, #816 ) ;
#600 = ORIENTED_EDGE ( 'NONE', *, *, #3245, .T. ) ;
#601 = CARTESIAN_POINT ( 'NONE',  ( -0.6000000000000262901, 0.2000000000000000111, -1.250000000000022427 ) ) ;
#602 = VERTEX_POINT ( 'NONE', #277 ) ;
#603 = CARTESIAN_POINT ( 'NONE',  ( -0.9500000000000001776, 0.000000000000000000, -1.250000000000002887 ) ) ;
#604 = VERTEX_POINT ( 'NONE', #5744 ) ;
#605 = DIRECTION ( 'NONE',  ( 2.081668171171989600E-14, 0.000000000000000000, -1.000000000000000000 ) ) ;
#606 = VECTOR ( 'NONE', #696, 1000.000000000000000 ) ;
#607 = AXIS2_PLACEMENT_3D ( 'NONE', #1904, #4724, #3732 ) ;
#608 = ORIENTED_EDGE ( 'NONE', *, *, #2673, .T. ) ;
#609 = CARTESIAN_POINT ( 'NONE',  ( -0.6000000000000262901, 0.1000000000000000472, -0.9999999999999913403 ) ) ;
#610 = LINE ( 'NONE', #5086, #5671 ) ;
#611 = PLANE ( 'NONE',  #951 ) ;
#612 = DIRECTION ( 'NONE',  ( 1.000000000000000000, 0.000000000000000000, 0.000000000000000000 ) ) ;
#613 = MANIFOLD_SOLID_BREP ( 'Cut-Extrude3[10]', #2243 ) ;
#614 = DIRECTION ( 'NONE',  ( -1.000000000000000000, 0.000000000000000000, 3.706000153223781540E-14 ) ) ;
#615 = CARTESIAN_POINT ( 'NONE',  ( 0.9500000000000002887, 0.1000000000000000056, -1.450000000000000178 ) ) ;
#616 = LINE ( 'NONE', #2461, #800 ) ;
#617 = ORIENTED_EDGE ( 'NONE', *, *, #4669, .T. ) ;
#618 = CARTESIAN_POINT ( 'NONE',  ( 1.000000000000000000, 0.1000000000000000056, -0.3500000000000227929 ) ) ;
#619 = DIRECTION ( 'NONE',  ( 0.000000000000000000, 1.000000000000000000, 0.000000000000000000 ) ) ;
#620 = DIRECTION ( 'NONE',  ( 0.000000000000000000, 1.000000000000000000, 0.000000000000000000 ) ) ;
#621 = LINE ( 'NONE', #2466, #5328 ) ;
#622 = VECTOR ( 'NONE', #417, 1000.000000000000000 ) ;
#623 = DIRECTION ( 'NONE',  ( -0.000000000000000000, 0.000000000000000000, 1.000000000000000000 ) ) ;
#624 = ORIENTED_EDGE ( 'NONE', *, *, #2673, .F. ) ;
#625 = ADVANCED_FACE ( 'NONE', ( #5299 ), #3052, .F. ) ;
#626 = AXIS2_PLACEMENT_3D ( 'NONE', #2536, #5747, #3931 ) ;
#627 = ORIENTED_EDGE ( 'NONE', *, *, #2267, .T. ) ;
#628 = LINE ( 'NONE', #1561, #3408 ) ;
#629 = ADVANCED_FACE ( 'NONE', ( #368 ), #2201, .T. ) ;
#630 = VERTEX_POINT ( 'NONE', #3142 ) ;
#631 = VECTOR ( 'NONE', #2968, 1000.000000000000000 ) ;
#632 = VERTEX_POINT ( 'NONE', #848 ) ;
#633 = PLANE ( 'NONE',  #5729 ) ;
#634 = ORIENTED_EDGE ( 'NONE', *, *, #4894, .T. ) ;
#635 = FILL_AREA_STYLE_COLOUR ( '', #2506 ) ;
#636 = CARTESIAN_POINT ( 'NONE',  ( 1.279358563532895232E-14, 0.000000000000000000, 1.224999999999999867 ) ) ;
#637 = ORIENTED_EDGE ( 'NONE', *, *, #359, .F. ) ;
#638 = CIRCLE ( 'NONE', #3521, 0.1250000000000174583 ) ;
#639 = FACE_OUTER_BOUND ( 'NONE', #3492, .T. ) ;
#640 = EDGE_CURVE ( 'NONE', #253, #3680, #4859, .T. ) ;
#641 = ORIENTED_EDGE ( 'NONE', *, *, #4275, .F. ) ;
#642 = LINE ( 'NONE', #4302, #2504 ) ;
#643 = DIRECTION ( 'NONE',  ( 0.000000000000000000, 0.000000000000000000, -1.000000000000000000 ) ) ;
#644 = FACE_OUTER_BOUND ( 'NONE', #231, .T. ) ;
#645 = DIRECTION ( 'NONE',  ( 0.000000000000000000, 0.000000000000000000, 1.000000000000000000 ) ) ;
#646 = DIRECTION ( 'NONE',  ( 0.000000000000000000, -1.000000000000000000, 0.000000000000000000 ) ) ;
#647 = FACE_OUTER_BOUND ( 'NONE', #4554, .T. ) ;
#648 = FACE_OUTER_BOUND ( 'NONE', #3303, .T. ) ;
#649 = DIRECTION ( 'NONE',  ( 0.000000000000000000, 0.000000000000000000, 1.000000000000000000 ) ) ;
#650 = ORIENTED_EDGE ( 'NONE', *, *, #2785, .F. ) ;
#651 = ADVANCED_FACE ( 'NONE', ( #424 ), #2723, .F. ) ;
#652 = AXIS2_PLACEMENT_3D ( 'NONE', #5442, #4998, #1393 ) ;
#653 = CARTESIAN_POINT ( 'NONE',  ( -0.6249999999999977796, 0.2000000000000000111, 1.500000000000000000 ) ) ;
#654 = LINE ( 'NONE', #3359, #3698 ) ;
#655 = CYLINDRICAL_SURFACE ( 'NONE', #2183, 0.1250000000000105194 ) ;
#656 = LINE ( 'NONE', #4194, #5222 ) ;
#657 = VECTOR ( 'NONE', #3442, 1000.000000000000000 ) ;
#658 = AXIS2_PLACEMENT_3D ( 'NONE', #5330, #756, #2632 ) ;
#659 = CARTESIAN_POINT ( 'NONE',  ( -0.6999999999999998446, 0.4464466094067260360, -1.325000000000000178 ) ) ;
#660 = ORIENTED_EDGE ( 'NONE', *, *, #3896, .F. ) ;
#661 = AXIS2_PLACEMENT_3D ( 'NONE', #863, #945, #2798 ) ;
#662 = ORIENTED_EDGE ( 'NONE', *, *, #4983, .F. ) ;
#663 = AXIS2_PLACEMENT_3D ( 'NONE', #3188, #5496, #58 ) ;
#664 = DIRECTION ( 'NONE',  ( -0.000000000000000000, -1.000000000000000000, -0.000000000000000000 ) ) ;
#665 = VECTOR ( 'NONE', #5382, 1000.000000000000000 ) ;
#666 = ORIENTED_EDGE ( 'NONE', *, *, #3787, .F. ) ;
#667 = ORIENTED_EDGE ( 'NONE', *, *, #2864, .T. ) ;
#668 = VERTEX_POINT ( 'NONE', #4399 ) ;
#669 = STYLED_ITEM ( 'NONE', ( #3848 ), #2560 ) ;
#670 =( NAMED_UNIT ( * ) SI_UNIT ( $, .STERADIAN. ) SOLID_ANGLE_UNIT ( ) );
#671 = LINE ( 'NONE', #2051, #1365 ) ;
#672 = EDGE_LOOP ( 'NONE', ( #1579, #2753, #4110, #3494, #3023 ) ) ;
#673 = ADVANCED_FACE ( 'NONE', ( #5766 ), #357, .T. ) ;
#674 = EDGE_CURVE ( 'NONE', #3875, #4809, #4336, .T. ) ;
#675 = LINE ( 'NONE', #4906, #4759 ) ;
#676 = VERTEX_POINT ( 'NONE', #4819 ) ;
#677 = ORIENTED_EDGE ( 'NONE', *, *, #4826, .F. ) ;
#678 = CARTESIAN_POINT ( 'NONE',  ( 0.9500000000000002887, 0.1000000000000000056, -1.450000000000000178 ) ) ;
#679 = DIRECTION ( 'NONE',  ( 4.060829955128111177E-14, 0.000000000000000000, -1.000000000000000000 ) ) ;
#680 = CARTESIAN_POINT ( 'NONE',  ( -0.7250000000000392797, 0.1000000000000000472, -0.6000000000000085265 ) ) ;
#681 = DIRECTION ( 'NONE',  ( -1.000000000000000000, 0.000000000000000000, -6.741766236183528432E-14 ) ) ;
#682 = EDGE_LOOP ( 'NONE', ( #4886, #4076, #5657, #3228 ) ) ;
#683 = VECTOR ( 'NONE', #2857, 1000.000000000000000 ) ;
#684 = EDGE_CURVE ( 'NONE', #2178, #282, #5260, .T. ) ;
#685 = EDGE_CURVE ( 'NONE', #2136, #5359, #1189, .T. ) ;
#686 =( LENGTH_UNIT ( ) NAMED_UNIT ( * ) SI_UNIT ( .MILLI., .METRE. ) );
#687 = AXIS2_PLACEMENT_3D ( 'NONE', #5630, #167, #1448 ) ;
#688 = LINE ( 'NONE', #91, #1342 ) ;
#689 = FILL_AREA_STYLE_COLOUR ( '', #3672 ) ;
#690 = DIRECTION ( 'NONE',  ( 0.000000000000000000, 0.000000000000000000, 1.000000000000000000 ) ) ;
#691 = ORIENTED_EDGE ( 'NONE', *, *, #3842, .F. ) ;
#692 = CARTESIAN_POINT ( 'NONE',  ( -0.9500000000000001776, 0.2000000000000000111, 0.5499999999999976019 ) ) ;
#693 = LINE ( 'NONE', #4735, #2679 ) ;
#694 = FACE_OUTER_BOUND ( 'NONE', #4006, .T. ) ;
#695 = PLANE ( 'NONE',  #626 ) ;
#696 = DIRECTION ( 'NONE',  ( 0.000000000000000000, 0.000000000000000000, 1.000000000000000000 ) ) ;
#697 = EDGE_LOOP ( 'NONE', ( #3727, #2816, #2667, #5594 ) ) ;
#698 = VERTEX_POINT ( 'NONE', #5288 ) ;
#699 = DIRECTION ( 'NONE',  ( 1.000000000000000000, 0.000000000000000000, 0.000000000000000000 ) ) ;
#700 = AXIS2_PLACEMENT_3D ( 'NONE', #5889, #5516, #1417 ) ;
#701 = ORIENTED_EDGE ( 'NONE', *, *, #4133, .F. ) ;
#702 = ORIENTED_EDGE ( 'NONE', *, *, #5396, .F. ) ;
#703 = EDGE_LOOP ( 'NONE', ( #1056, #1532, #3201, #790, #1637, #1639 ) ) ;
#704 = AXIS2_PLACEMENT_3D ( 'NONE', #3220, #962, #95 ) ;
#705 = CARTESIAN_POINT ( 'NONE',  ( -0.6999999999999998446, 0.4464466094067260360, -1.200000000000000178 ) ) ;
#706 = VERTEX_POINT ( 'NONE', #2555 ) ;
#707 = LINE ( 'NONE', #5221, #631 ) ;
#708 = ORIENTED_EDGE ( 'NONE', *, *, #5781, .F. ) ;
#709 = EDGE_CURVE ( 'NONE', #3375, #3783, #2623, .T. ) ;
#710 = LINE ( 'NONE', #4093, #1132 ) ;
#711 = CYLINDRICAL_SURFACE ( 'NONE', #3874, 0.1250000000000001110 ) ;
#712 = CARTESIAN_POINT ( 'NONE',  ( 0.1249999999999928807, 1.844118304745738346, -1.450000000000000178 ) ) ;
#713 = CARTESIAN_POINT ( 'NONE',  ( -0.6999999999999998446, 0.9000000000000000222, -1.200000000000000178 ) ) ;
#714 = CARTESIAN_POINT ( 'NONE',  ( 0.7250000000000165201, 0.2000000000000000944, -0.6000000000000372813 ) ) ;
#715 = VECTOR ( 'NONE', #3418, 1000.000000000000000 ) ;
#716 = VECTOR ( 'NONE', #1824, 1000.000000000000000 ) ;
#717 = EDGE_CURVE ( 'NONE', #5880, #2895, #3132, .T. ) ;
#718 = FILL_AREA_STYLE ('',( #1162 ) ) ;
#719 = ADVANCED_FACE ( 'NONE', ( #1667 ), #5736, .T. ) ;
#720 = DIRECTION ( 'NONE',  ( 1.000000000000000000, 0.000000000000000000, -3.706000153223781540E-14 ) ) ;
#721 = FACE_OUTER_BOUND ( 'NONE', #1519, .T. ) ;
#722 = DIRECTION ( 'NONE',  ( 0.000000000000000000, 0.000000000000000000, 1.000000000000000000 ) ) ;
#723 = ORIENTED_EDGE ( 'NONE', *, *, #2740, .T. ) ;
#724 = FACE_OUTER_BOUND ( 'NONE', #5511, .T. ) ;
#725 = DIRECTION ( 'NONE',  ( 0.000000000000000000, -0.000000000000000000, 1.000000000000000000 ) ) ;
#726 = CARTESIAN_POINT ( 'NONE',  ( -0.6999999999999998446, 0.7999999999999999334, -1.325000000000000178 ) ) ;
#727 = EDGE_CURVE ( 'NONE', #965, #4809, #4877, .T. ) ;
#728 = CARTESIAN_POINT ( 'NONE',  ( -0.9999999999999963363, 0.2000000000000000944, 0.04999999999999948236 ) ) ;
#729 = LINE ( 'NONE', #659, #5578 ) ;
#730 = ORIENTED_EDGE ( 'NONE', *, *, #4967, .T. ) ;
#731 = ORIENTED_EDGE ( 'NONE', *, *, #1171, .F. ) ;
#732 = DIRECTION ( 'NONE',  ( 0.000000000000000000, -0.000000000000000000, 1.000000000000000000 ) ) ;
#733 = EDGE_CURVE ( 'NONE', #2961, #260, #1160, .T. ) ;
#734 = ORIENTED_EDGE ( 'NONE', *, *, #1220, .T. ) ;
#735 = VERTEX_POINT ( 'NONE', #748 ) ;
#736 = VECTOR ( 'NONE', #3366, 1000.000000000000000 ) ;
#737 = EDGE_LOOP ( 'NONE', ( #739, #2117, #4146, #4621 ) ) ;
#738 = CARTESIAN_POINT ( 'NONE',  ( -0.6249999999999977796, 0.2000000000000000944, 1.224999999999999867 ) ) ;
#739 = ORIENTED_EDGE ( 'NONE', *, *, #2063, .F. ) ;
#740 = DIRECTION ( 'NONE',  ( 0.000000000000000000, 0.000000000000000000, -1.000000000000000000 ) ) ;
#741 = VECTOR ( 'NONE', #5023, 1000.000000000000000 ) ;
#742 = ORIENTED_EDGE ( 'NONE', *, *, #794, .F. ) ;
#743 = PLANE ( 'NONE',  #3826 ) ;
#744 = DIRECTION ( 'NONE',  ( -1.000000000000000000, 0.000000000000000000, -4.060829955128111177E-14 ) ) ;
#745 = VECTOR ( 'NONE', #3887, 1000.000000000000000 ) ;
#746 = DIRECTION ( 'NONE',  ( 0.000000000000000000, 1.000000000000000000, 0.000000000000000000 ) ) ;
#747 = VECTOR ( 'NONE', #4208, 1000.000000000000000 ) ;
#748 = CARTESIAN_POINT ( 'NONE',  ( 0.7250000000000490497, 0.2000000000000000944, 0.04999999999997232353 ) ) ;
#749 = ORIENTED_EDGE ( 'NONE', *, *, #5605, .F. ) ;
#750 = CARTESIAN_POINT ( 'NONE',  ( -0.7250000000000383915, 0.2000000000000000111, 0.1750000000000000167 ) ) ;
#751 = DIRECTION ( 'NONE',  ( -1.000000000000000000, -0.000000000000000000, -0.000000000000000000 ) ) ;
#752 = EDGE_CURVE ( 'NONE', #403, #993, #4433, .T. ) ;
#753 = CARTESIAN_POINT ( 'NONE',  ( -0.9500000000000001776, 0.000000000000000000, 0.1750000000000000167 ) ) ;
#754 = CARTESIAN_POINT ( 'NONE',  ( -0.6999999999999998446, 0.7999999999999999334, -1.200000000000000178 ) ) ;
#755 = ORIENTED_EDGE ( 'NONE', *, *, #3647, .F. ) ;
#756 = DIRECTION ( 'NONE',  ( -0.000000000000000000, -1.000000000000000000, -0.000000000000000000 ) ) ;
#757 = PLANE ( 'NONE',  #4950 ) ;
#758 = EDGE_CURVE ( 'NONE', #3181, #5880, #1731, .T. ) ;
#759 = CARTESIAN_POINT ( 'NONE',  ( -0.6999999999999998446, 0.7999999999999999334, -1.200000000000000178 ) ) ;
#760 = CARTESIAN_POINT ( 'NONE',  ( -0.1250000000000070499, 0.1000000000000000056, -1.500000000000000000 ) ) ;
#761 = EDGE_CURVE ( 'NONE', #2036, #5856, #638, .T. ) ;
#762 = ORIENTED_EDGE ( 'NONE', *, *, #239, .F. ) ;
#763 = EDGE_LOOP ( 'NONE', ( #435, #2513 ) ) ;
#764 = VECTOR ( 'NONE', #5696, 1000.000000000000000 ) ;
#765 = EDGE_CURVE ( 'NONE', #3695, #1251, #5379, .T. ) ;
#766 = EDGE_CURVE ( 'NONE', #630, #5634, #1606, .T. ) ;
#767 = LINE ( 'NONE', #3094, #3054 ) ;
#768 = VECTOR ( 'NONE', #2320, 1000.000000000000000 ) ;
#769 = ORIENTED_EDGE ( 'NONE', *, *, #3832, .T. ) ;
#770 = VERTEX_POINT ( 'NONE', #3532 ) ;
#771 = VECTOR ( 'NONE', #1771, 1000.000000000000000 ) ;
#772 = VERTEX_POINT ( 'NONE', #3440 ) ;
#773 = ORIENTED_EDGE ( 'NONE', *, *, #5134, .F. ) ;
#774 = VECTOR ( 'NONE', #275, 1000.000000000000000 ) ;
#775 = DIRECTION ( 'NONE',  ( 0.000000000000000000, 1.000000000000000000, 0.000000000000000000 ) ) ;
#776 = ORIENTED_EDGE ( 'NONE', *, *, #1330, .F. ) ;
#777 = DIRECTION ( 'NONE',  ( 0.000000000000000000, 1.000000000000000000, 0.000000000000000000 ) ) ;
#778 = VECTOR ( 'NONE', #3955, 1000.000000000000000 ) ;
#779 = ORIENTED_EDGE ( 'NONE', *, *, #1914, .T. ) ;
#780 = DIRECTION ( 'NONE',  ( 1.000000000000000000, 0.000000000000000000, 0.000000000000000000 ) ) ;
#781 = CARTESIAN_POINT ( 'NONE',  ( -0.6249999999999977796, 0.000000000000000000, 1.224999999999999867 ) ) ;
#782 = DIRECTION ( 'NONE',  ( -1.000000000000000000, 0.000000000000000000, -6.741766236183528432E-14 ) ) ;
#783 = ORIENTED_EDGE ( 'NONE', *, *, #5069, .F. ) ;
#784 = DIRECTION ( 'NONE',  ( 1.000000000000000000, 0.000000000000000000, -8.121659910255104064E-14 ) ) ;
#785 = CARTESIAN_POINT ( 'NONE',  ( -0.9500000000000001776, 1.844118304745738346, -0.6000000000000018652 ) ) ;
#786 = LINE ( 'NONE', #1676, #567 ) ;
#787 = ORIENTED_EDGE ( 'NONE', *, *, #4420, .F. ) ;
#788 = CARTESIAN_POINT ( 'NONE',  ( -0.6000000000000262901, 0.2000000000000000111, -0.9999999999999913403 ) ) ;
#789 = DIRECTION ( 'NONE',  ( 0.000000000000000000, -1.000000000000000000, 0.000000000000000000 ) ) ;
#790 = ORIENTED_EDGE ( 'NONE', *, *, #758, .F. ) ;
#791 = VECTOR ( 'NONE', #946, 1000.000000000000000 ) ;
#792 = DIRECTION ( 'NONE',  ( -0.000000000000000000, -1.000000000000000000, -0.000000000000000000 ) ) ;
#793 = LINE ( 'NONE', #4448, #1 ) ;
#794 = EDGE_CURVE ( 'NONE', #5840, #3083, #5799, .T. ) ;
#795 = ORIENTED_EDGE ( 'NONE', *, *, #2758, .F. ) ;
#796 = ORIENTED_EDGE ( 'NONE', *, *, #4603, .T. ) ;
#797 = EDGE_CURVE ( 'NONE', #3716, #1541, #3041, .T. ) ;
#798 = FACE_OUTER_BOUND ( 'NONE', #138, .T. ) ;
#799 = ORIENTED_EDGE ( 'NONE', *, *, #4929, .T. ) ;
#800 = VECTOR ( 'NONE', #1066, 1000.000000000000000 ) ;
#801 = EDGE_CURVE ( 'NONE', #4084, #2417, #4846, .T. ) ;
#802 = EDGE_CURVE ( 'NONE', #2654, #1774, #3072, .T. ) ;
#803 = ORIENTED_EDGE ( 'NONE', *, *, #765, .F. ) ;
#804 = ORIENTED_EDGE ( 'NONE', *, *, #503, .T. ) ;
#805 = ORIENTED_EDGE ( 'NONE', *, *, #4560, .F. ) ;
#806 = DIRECTION ( 'NONE',  ( -8.121659910255104064E-14, 0.000000000000000000, -1.000000000000000000 ) ) ;
#807 = VERTEX_POINT ( 'NONE', #3805 ) ;
#808 = LINE ( 'NONE', #3495, #4003 ) ;
#809 = AXIS2_PLACEMENT_3D ( 'NONE', #3339, #5190, #5601 ) ;
#810 = LINE ( 'NONE', #4363, #4163 ) ;
#811 = CARTESIAN_POINT ( 'NONE',  ( 0.9500000000000002887, 0.000000000000000000, 0.6749999999999849454 ) ) ;
#812 = DIRECTION ( 'NONE',  ( -1.000000000000000000, 0.000000000000000000, -0.000000000000000000 ) ) ;
#813 = ORIENTED_EDGE ( 'NONE', *, *, #4702, .T. ) ;
#814 = LINE ( 'NONE', #519, #922 ) ;
#815 = CARTESIAN_POINT ( 'NONE',  ( 0.5000000000000127676, 1.844118304745738346, 1.099999999999989431 ) ) ;
#816 = DIRECTION ( 'NONE',  ( 0.000000000000000000, 0.000000000000000000, 1.000000000000000000 ) ) ;
#817 = DIRECTION ( 'NONE',  ( 1.000000000000000000, -0.000000000000000000, 4.060829955128110545E-14 ) ) ;
#818 = VERTEX_POINT ( 'NONE', #4250 ) ;
#819 = VECTOR ( 'NONE', #5520, 1000.000000000000000 ) ;
#820 = LINE ( 'NONE', #4917, #774 ) ;
#821 = ADVANCED_FACE ( 'NONE', ( #5239 ), #4738, .T. ) ;
#822 = DIRECTION ( 'NONE',  ( 1.000000000000000000, 0.000000000000000000, 6.702340702638594572E-14 ) ) ;
#823 = CARTESIAN_POINT ( 'NONE',  ( -0.6000000000000262901, 0.2000000000000000111, -1.250000000000022427 ) ) ;
#824 = AXIS2_PLACEMENT_3D ( 'NONE', #5796, #5764, #4874 ) ;
#825 = CARTESIAN_POINT ( 'NONE',  ( -0.1250000000000071332, 0.2000000000000000944, 0.1250000000000001388 ) ) ;
#826 = CARTESIAN_POINT ( 'NONE',  ( 0.000000000000000000, 0.1000000000000000056, 0.000000000000000000 ) ) ;
#827 = VERTEX_POINT ( 'NONE', #4285 ) ;
#828 = ORIENTED_EDGE ( 'NONE', *, *, #1069, .T. ) ;
#829 = DIRECTION ( 'NONE',  ( -1.000000000000000000, 0.000000000000000000, 5.583641188300717653E-14 ) ) ;
#830 = EDGE_LOOP ( 'NONE', ( #1677, #5767, #378, #3032, #4007, #306 ) ) ;
#831 = EDGE_CURVE ( 'NONE', #4375, #3695, #1618, .T. ) ;
#832 = ORIENTED_EDGE ( 'NONE', *, *, #4280, .T. ) ;
#833 = ORIENTED_EDGE ( 'NONE', *, *, #3509, .T. ) ;
#834 = CIRCLE ( 'NONE', #5217, 0.1250000000000105194 ) ;
#835 = ORIENTED_EDGE ( 'NONE', *, *, #1246, .T. ) ;
#836 = CARTESIAN_POINT ( 'NONE',  ( 0.9500000000000002887, 0.000000000000000000, -1.125000000000000666 ) ) ;
#837 =( LENGTH_UNIT ( ) NAMED_UNIT ( * ) SI_UNIT ( .MILLI., .METRE. ) );
#838 = ORIENTED_EDGE ( 'NONE', *, *, #4159, .T. ) ;
#839 = ORIENTED_EDGE ( 'NONE', *, *, #766, .F. ) ;
#840 = VECTOR ( 'NONE', #4378, 1000.000000000000000 ) ;
#841 = ADVANCED_FACE ( 'NONE', ( #2107 ), #155, .F. ) ;
#842 = DIRECTION ( 'NONE',  ( -0.000000000000000000, -0.000000000000000000, -1.000000000000000000 ) ) ;
#843 = DIRECTION ( 'NONE',  ( -0.000000000000000000, -1.000000000000000000, -0.000000000000000000 ) ) ;
#844 = PLANE ( 'NONE',  #1622 ) ;
#845 = AXIS2_PLACEMENT_3D ( 'NONE', #1385, #4041, #913 ) ;
#846 = VERTEX_POINT ( 'NONE', #4833 ) ;
#847 = DIRECTION ( 'NONE',  ( 1.000000000000000000, 0.000000000000000000, -7.490851373537457304E-14 ) ) ;
#848 = CARTESIAN_POINT ( 'NONE',  ( -0.3749999999999766298, 0.04999999999999999584, 1.450000000000000178 ) ) ;
#849 = AXIS2_PLACEMENT_3D ( 'NONE', #5776, #3543, #2690 ) ;
#850 = EDGE_CURVE ( 'NONE', #5401, #3678, #1649, .T. ) ;
#851 = CARTESIAN_POINT ( 'NONE',  ( -0.9999999999999997780, 0.1000000000000000056, 0.7999999999999994893 ) ) ;
#852 = CARTESIAN_POINT ( 'NONE',  ( -0.1249999999999977240, 0.2000000000000000944, 1.224999999999999867 ) ) ;
#853 = EDGE_LOOP ( 'NONE', ( #5022, #3942, #2933, #1022, #1411, #2112 ) ) ;
#854 = DIRECTION ( 'NONE',  ( 0.000000000000000000, 0.000000000000000000, -1.000000000000000000 ) ) ;
#855 = ORIENTED_EDGE ( 'NONE', *, *, #5050, .T. ) ;
#856 = CARTESIAN_POINT ( 'NONE',  ( 0.7250000000000189626, 0.2000000000000000944, 0.7999999999999994893 ) ) ;
#857 = ORIENTED_EDGE ( 'NONE', *, *, #709, .T. ) ;
#858 = VECTOR ( 'NONE', #2693, 1000.000000000000000 ) ;
#859 = ORIENTED_EDGE ( 'NONE', *, *, #1038, .T. ) ;
#860 =( NAMED_UNIT ( * ) PLANE_ANGLE_UNIT ( ) SI_UNIT ( $, .RADIAN. ) );
#861 = EDGE_LOOP ( 'NONE', ( #4482, #1447, #254, #5898 ) ) ;
#862 = AXIS2_PLACEMENT_3D ( 'NONE', #3791, #5257, #3378 ) ;
#863 = CARTESIAN_POINT ( 'NONE',  ( 0.000000000000000000, 0.1000000000000000056, 0.000000000000000000 ) ) ;
#864 = EDGE_CURVE ( 'NONE', #770, #5410, #3453, .T. ) ;
#865 = LINE ( 'NONE', #1954, #2725 ) ;
#866 = CARTESIAN_POINT ( 'NONE',  ( 0.1250000000000233147, 0.000000000000000000, 1.224999999999999867 ) ) ;
#867 = ORIENTED_EDGE ( 'NONE', *, *, #4826, .T. ) ;
#868 = AXIS2_PLACEMENT_3D ( 'NONE', #2262, #1802, #3707 ) ;
#869 = FACE_OUTER_BOUND ( 'NONE', #959, .T. ) ;
#870 = AXIS2_PLACEMENT_3D ( 'NONE', #1736, #5384, #4021 ) ;
#871 = VECTOR ( 'NONE', #552, 1000.000000000000000 ) ;
#872 = CARTESIAN_POINT ( 'NONE',  ( -0.1250000000000071332, 0.2000000000000000944, 0.1250000000000001388 ) ) ;
#873 = DIRECTION ( 'NONE',  ( 1.000000000000000000, 0.000000000000000000, -8.121659910255104064E-14 ) ) ;
#874 = EDGE_CURVE ( 'NONE', #575, #4484, #2046, .T. ) ;
#875 = CARTESIAN_POINT ( 'NONE',  ( -0.9500000000000001776, 0.1000000000000000056, -1.450000000000000178 ) ) ;
#876 = ORIENTED_EDGE ( 'NONE', *, *, #3859, .T. ) ;
#877 = EDGE_CURVE ( 'NONE', #5405, #1364, #729, .T. ) ;
#878 = EDGE_CURVE ( 'NONE', #2965, #1625, #4728, .T. ) ;
#879 = CARTESIAN_POINT ( 'NONE',  ( -0.9500000000000001776, 0.1000000000000000056, 0.04999999999999753253 ) ) ;
#880 = CARTESIAN_POINT ( 'NONE',  ( -0.9500000000000001776, 0.000000000000000000, 0.04999999999999762967 ) ) ;
#881 = PLANE ( 'NONE',  #2542 ) ;
#882 = CIRCLE ( 'NONE', #5462, 0.1250000000000125733 ) ;
#883 = CARTESIAN_POINT ( 'NONE',  ( 0.3750000000000022760, 0.2000000000000000111, 1.450000000000000178 ) ) ;
#884 = ORIENTED_EDGE ( 'NONE', *, *, #1088, .T. ) ;
#885 = CARTESIAN_POINT ( 'NONE',  ( -0.3749999999999766853, 0.2000000000000000111, 1.224999999999999867 ) ) ;
#886 = ORIENTED_EDGE ( 'NONE', *, *, #932, .F. ) ;
#887 = ORIENTED_EDGE ( 'NONE', *, *, #391, .F. ) ;
#888 = CARTESIAN_POINT ( 'NONE',  ( 1.000000000000015321, 0.2000000000000000944, 0.2999999999999771738 ) ) ;
#889 = ORIENTED_EDGE ( 'NONE', *, *, #3903, .F. ) ;
#890 = CARTESIAN_POINT ( 'NONE',  ( 0.6250000000000232037, 0.1000000000000000056, 1.450000000000000178 ) ) ;
#891 = CARTESIAN_POINT ( 'NONE',  ( 0.5000000000000127676, 0.2000000000000000111, 1.224999999999999867 ) ) ;
#892 = ORIENTED_EDGE ( 'NONE', *, *, #3396, .F. ) ;
#893 = AXIS2_PLACEMENT_3D ( 'NONE', #3066, #5690, #1209 ) ;
#894 = EDGE_CURVE ( 'NONE', #1632, #1300, #4320, .T. ) ;
#895 = FACE_OUTER_BOUND ( 'NONE', #3813, .T. ) ;
#896 = DIRECTION ( 'NONE',  ( 0.000000000000000000, 0.000000000000000000, 1.000000000000000000 ) ) ;
#897 = LINE ( 'NONE', #3293, #5450 ) ;
#898 = EDGE_LOOP ( 'NONE', ( #3332, #2086 ) ) ;
#899 = FACE_OUTER_BOUND ( 'NONE', #1019, .T. ) ;
#900 = VERTEX_POINT ( 'NONE', #2571 ) ;
#901 = EDGE_CURVE ( 'NONE', #2146, #2820, #4381, .T. ) ;
#902 = EDGE_CURVE ( 'NONE', #191, #2834, #5748, .T. ) ;
#903 = ORIENTED_EDGE ( 'NONE', *, *, #3545, .F. ) ;
#904 = DIRECTION ( 'NONE',  ( 0.000000000000000000, 1.000000000000000000, 0.000000000000000000 ) ) ;
#905 = DIRECTION ( 'NONE',  ( -0.000000000000000000, 0.000000000000000000, -1.000000000000000000 ) ) ;
#906 = PLANE ( 'NONE',  #5769 ) ;
#907 = CARTESIAN_POINT ( 'NONE',  ( 1.279358563532895232E-14, 0.000000000000000000, 1.224999999999999867 ) ) ;
#908 = EDGE_CURVE ( 'NONE', #4449, #4902, #4707, .T. ) ;
#909 = DIRECTION ( 'NONE',  ( 0.000000000000000000, 0.000000000000000000, 1.000000000000000000 ) ) ;
#910 = ORIENTED_EDGE ( 'NONE', *, *, #5498, .F. ) ;
#911 = ORIENTED_EDGE ( 'NONE', *, *, #5842, .F. ) ;
#912 = UNCERTAINTY_MEASURE_WITH_UNIT (LENGTH_MEASURE( 1.000000000000000082E-05 ), #3167, 'distance_accuracy_value', 'NONE');
#913 = DIRECTION ( 'NONE',  ( 0.000000000000000000, -0.000000000000000000, 1.000000000000000000 ) ) ;
#914 = ORIENTED_EDGE ( 'NONE', *, *, #1445, .F. ) ;
#915 = EDGE_CURVE ( 'NONE', #3473, #1870, #2924, .T. ) ;
#916 = ADVANCED_FACE ( 'NONE', ( #5653 ), #3872, .F. ) ;
#917 = DIRECTION ( 'NONE',  ( 0.000000000000000000, 0.000000000000000000, -1.000000000000000000 ) ) ;
#918 = FACE_OUTER_BOUND ( 'NONE', #5592, .T. ) ;
#919 = DIRECTION ( 'NONE',  ( 0.000000000000000000, 1.000000000000000000, 0.000000000000000000 ) ) ;
#920 = ORIENTED_EDGE ( 'NONE', *, *, #2332, .F. ) ;
#921 = FACE_OUTER_BOUND ( 'NONE', #3432, .T. ) ;
#922 = VECTOR ( 'NONE', #1922, 1000.000000000000000 ) ;
#923 = CARTESIAN_POINT ( 'NONE',  ( -0.1250000000000071332, 0.05000000000000000278, 0.000000000000000000 ) ) ;
#924 = CARTESIAN_POINT ( 'NONE',  ( 0.7250000000000003109, 0.04999999999999999584, -0.9999999999999831246 ) ) ;
#925 = CARTESIAN_POINT ( 'NONE',  ( 1.000000000000015321, 0.2000000000000000111, 0.2999999999999771738 ) ) ;
#926 = LINE ( 'NONE', #532, #1242 ) ;
#927 = VECTOR ( 'NONE', #1252, 1000.000000000000000 ) ;
#928 = ORIENTED_EDGE ( 'NONE', *, *, #1845, .T. ) ;
#929 = AXIS2_PLACEMENT_3D ( 'NONE', #3836, #97, #1917 ) ;
#930 = DIRECTION ( 'NONE',  ( 0.000000000000000000, 0.000000000000000000, 1.000000000000000000 ) ) ;
#931 = DIRECTION ( 'NONE',  ( 1.000000000000000000, 0.000000000000000000, -8.121659910255105326E-14 ) ) ;
#932 = EDGE_CURVE ( 'NONE', #770, #1950, #5681, .T. ) ;
#933 = COLOUR_RGB ( '',0.7921568627450980005, 0.8196078431372548767, 0.9333333333333333481 ) ;
#934 = LINE ( 'NONE', #1014, #4820 ) ;
#935 = VECTOR ( 'NONE', #1539, 1000.000000000000000 ) ;
#936 = LINE ( 'NONE', #2784, #1878 ) ;
#937 = EDGE_CURVE ( 'NONE', #2122, #4177, #1587, .T. ) ;
#938 = VERTEX_POINT ( 'NONE', #2538 ) ;
#939 = LINE ( 'NONE', #1068, #385 ) ;
#940 = EDGE_CURVE ( 'NONE', #5162, #3716, #4351, .T. ) ;
#941 = EDGE_CURVE ( 'NONE', #5410, #1074, #2263, .T. ) ;
#942 = ORIENTED_EDGE ( 'NONE', *, *, #4670, .T. ) ;
#943 = FACE_OUTER_BOUND ( 'NONE', #3816, .T. ) ;
#944 = ORIENTED_EDGE ( 'NONE', *, *, #3034, .F. ) ;
#945 = DIRECTION ( 'NONE',  ( 0.000000000000000000, 1.000000000000000000, 0.000000000000000000 ) ) ;
#946 = DIRECTION ( 'NONE',  ( 1.000000000000000000, 0.000000000000000000, -8.121659910255104064E-14 ) ) ;
#947 = ORIENTED_EDGE ( 'NONE', *, *, #3945, .T. ) ;
#948 = ORIENTED_EDGE ( 'NONE', *, *, #3427, .T. ) ;
#949 = FACE_OUTER_BOUND ( 'NONE', #309, .T. ) ;
#950 = CIRCLE ( 'NONE', #4969, 0.1250000000000107414 ) ;
#951 = AXIS2_PLACEMENT_3D ( 'NONE', #1961, #1544, #2882 ) ;
#952 = CARTESIAN_POINT ( 'NONE',  ( 0.6250000000000233147, 0.2000000000000000111, 1.450000000000000178 ) ) ;
#953 = CARTESIAN_POINT ( 'NONE',  ( -0.9999999999999997780, 0.8999999999999998002, 1.500000000000000000 ) ) ;
#954 = CARTESIAN_POINT ( 'NONE',  ( -0.6000000000000262901, 1.844118304745738346, -1.250000000000022427 ) ) ;
#955 = VECTOR ( 'NONE', #4562, 1000.000000000000000 ) ;
#956 = CARTESIAN_POINT ( 'NONE',  ( 0.9500000000000002887, 0.1000000000000000056, 0.5499999999999742872 ) ) ;
#957 = CIRCLE ( 'NONE', #3548, 0.1250000000000105194 ) ;
#958 = AXIS2_PLACEMENT_3D ( 'NONE', #2420, #4691, #115 ) ;
#959 = EDGE_LOOP ( 'NONE', ( #4751, #3096 ) ) ;
#960 = DIRECTION ( 'NONE',  ( 0.000000000000000000, 0.000000000000000000, 1.000000000000000000 ) ) ;
#961 = LINE ( 'NONE', #4192, #4118 ) ;
#962 = DIRECTION ( 'NONE',  ( 0.000000000000000000, 1.000000000000000000, 0.000000000000000000 ) ) ;
#963 = CARTESIAN_POINT ( 'NONE',  ( 0.9500000000000002887, 0.05000000000000000278, 0.5499999999999733991 ) ) ;
#964 = EDGE_CURVE ( 'NONE', #2327, #4588, #4001, .T. ) ;
#965 = VERTEX_POINT ( 'NONE', #760 ) ;
#966 = PLANE ( 'NONE',  #4679 ) ;
#967 = VECTOR ( 'NONE', #681, 1000.000000000000000 ) ;
#968 = ADVANCED_FACE ( 'NONE', ( #1681 ), #5336, .F. ) ;
#969 = ORIENTED_EDGE ( 'NONE', *, *, #3215, .F. ) ;
#970 = ORIENTED_EDGE ( 'NONE', *, *, #4860, .T. ) ;
#971 = CARTESIAN_POINT ( 'NONE',  ( 0.1250000000000233147, 0.1000000000000000472, 1.224999999999999867 ) ) ;
#972 = ORIENTED_EDGE ( 'NONE', *, *, #4424, .T. ) ;
#973 = ADVANCED_FACE ( 'NONE', ( #2234 ), #4033, .F. ) ;
#974 = CARTESIAN_POINT ( 'NONE',  ( 2.038300084272940502E-14, 0.05000000000000000278, 0.5499999999999624078 ) ) ;
#975 = DIRECTION ( 'NONE',  ( 0.000000000000000000, 0.000000000000000000, -1.000000000000000000 ) ) ;
#976 = EDGE_LOOP ( 'NONE', ( #4558, #4230, #4571, #1021 ) ) ;
#977 = DIRECTION ( 'NONE',  ( -0.000000000000000000, 1.000000000000000000, -0.000000000000000000 ) ) ;
#978 = CARTESIAN_POINT ( 'NONE',  ( -0.6249999999999977796, 0.2000000000000000111, 1.224999999999999867 ) ) ;
#979 = DIRECTION ( 'NONE',  ( 1.000000000000000000, -0.000000000000000000, 0.000000000000000000 ) ) ;
#980 = DIRECTION ( 'NONE',  ( 5.464378949326884287E-14, 0.000000000000000000, -1.000000000000000000 ) ) ;
#981 = DIRECTION ( 'NONE',  ( 0.000000000000000000, 0.000000000000000000, 1.000000000000000000 ) ) ;
#982 = ORIENTED_EDGE ( 'NONE', *, *, #5468, .F. ) ;
#983 = ORIENTED_EDGE ( 'NONE', *, *, #4800, .F. ) ;
#984 = CARTESIAN_POINT ( 'NONE',  ( 0.7250000000000509370, 0.1000000000000000056, -0.3500000000000021982 ) ) ;
#985 = CARTESIAN_POINT ( 'NONE',  ( -0.7250000000000582645, 1.844118304745738346, -0.3499999999999870992 ) ) ;
#986 = AXIS2_PLACEMENT_3D ( 'NONE', #3372, #2937, #4232 ) ;
#987 = EDGE_CURVE ( 'NONE', #3357, #5125, #5872, .T. ) ;
#988 = SURFACE_STYLE_USAGE ( .BOTH. , #2812 ) ;
#989 = CARTESIAN_POINT ( 'NONE',  ( -0.7250000000000392797, 0.2000000000000000111, 0.5499999999999892752 ) ) ;
#990 = ORIENTED_EDGE ( 'NONE', *, *, #3279, .T. ) ;
#991 = AXIS2_PLACEMENT_3D ( 'NONE', #3485, #2042, #1173 ) ;
#992 = AXIS2_PLACEMENT_3D ( 'NONE', #5470, #843, #4499 ) ;
#993 = VERTEX_POINT ( 'NONE', #4481 ) ;
#994 = ORIENTED_EDGE ( 'NONE', *, *, #908, .T. ) ;
#995 = CARTESIAN_POINT ( 'NONE',  ( -0.9500000000000001776, 0.000000000000000000, 0.3000000000000105360 ) ) ;
#996 = ORIENTED_EDGE ( 'NONE', *, *, #5035, .F. ) ;
#997 = AXIS2_PLACEMENT_3D ( 'NONE', #5225, #679, #744 ) ;
#998 = ADVANCED_FACE ( 'NONE', ( #4982 ), #881, .T. ) ;
#999 = LINE ( 'NONE', #3779, #2395 ) ;
#1000 = ORIENTED_EDGE ( 'NONE', *, *, #3787, .T. ) ;
#1001 = DIRECTION ( 'NONE',  ( 0.000000000000000000, 1.000000000000000000, -0.000000000000000000 ) ) ;
#1002 = EDGE_LOOP ( 'NONE', ( #5193, #3152, #3400, #5160, #3491, #4324 ) ) ;
#1003 = CARTESIAN_POINT ( 'NONE',  ( -3.248663964102652393E-14, 0.05000000000000000278, 0.8000000000000401235 ) ) ;
#1004 = CARTESIAN_POINT ( 'NONE',  ( 0.000000000000000000, 0.000000000000000000, 0.000000000000000000 ) ) ;
#1005 = CARTESIAN_POINT ( 'NONE',  ( 0.1249999999999928807, 1.844118304745738346, 0.1250000000000001388 ) ) ;
#1006 = LINE ( 'NONE', #4529, #2113 ) ;
#1007 = CARTESIAN_POINT ( 'NONE',  ( 0.1250000000000233147, 1.844118304745738346, 1.224999999999999867 ) ) ;
#1008 = ADVANCED_FACE ( 'NONE', ( #5304 ), #2176, .F. ) ;
#1009 = EDGE_CURVE ( 'NONE', #1568, #5445, #3965, .T. ) ;
#1010 = SURFACE_STYLE_FILL_AREA ( #4620 ) ;
#1011 = LINE ( 'NONE', #4242, #3084 ) ;
#1012 = LINE ( 'NONE', #4673, #5441 ) ;
#1013 = AXIS2_PLACEMENT_3D ( 'NONE', #907, #3198, #5482 ) ;
#1014 = CARTESIAN_POINT ( 'NONE',  ( -0.3749999999999766298, 0.2000000000000000111, 1.450000000000000178 ) ) ;
#1015 = DIRECTION ( 'NONE',  ( 4.060829955128110545E-14, 0.000000000000000000, -1.000000000000000000 ) ) ;
#1016 = VECTOR ( 'NONE', #187, 1000.000000000000000 ) ;
#1017 = AXIS2_PLACEMENT_3D ( 'NONE', #4429, #261, #740 ) ;
#1018 = VERTEX_POINT ( 'NONE', #402 ) ;
#1019 = EDGE_LOOP ( 'NONE', ( #1307, #4450, #3602, #3799 ) ) ;
#1020 = CARTESIAN_POINT ( 'NONE',  ( -0.6249999999999977796, 0.000000000000000000, 1.450000000000000178 ) ) ;
#1021 = ORIENTED_EDGE ( 'NONE', *, *, #1303, .F. ) ;
#1022 = ORIENTED_EDGE ( 'NONE', *, *, #2116, .T. ) ;
#1023 = ORIENTED_EDGE ( 'NONE', *, *, #1231, .F. ) ;
#1024 = CARTESIAN_POINT ( 'NONE',  ( 0.7250000000000508260, 0.2000000000000000111, 0.5499999999999723999 ) ) ;
#1025 = ORIENTED_EDGE ( 'NONE', *, *, #5241, .F. ) ;
#1026 = CARTESIAN_POINT ( 'NONE',  ( 0.1250000000000233702, 0.2000000000000000111, 1.500000000000000000 ) ) ;
#1027 = LINE ( 'NONE', #2904, #4813 ) ;
#1028 = ORIENTED_EDGE ( 'NONE', *, *, #3661, .T. ) ;
#1029 = LINE ( 'NONE', #4183, #1109 ) ;
#1030 = EDGE_CURVE ( 'NONE', #2124, #993, #1292, .T. ) ;
#1031 = LINE ( 'NONE', #609, #4882 ) ;
#1032 = DIRECTION ( 'NONE',  ( -0.000000000000000000, -1.000000000000000000, -0.000000000000000000 ) ) ;
#1033 = CARTESIAN_POINT ( 'NONE',  ( 0.9999999999999715783, 0.2000000000000000111, -1.250000000000018652 ) ) ;
#1034 = CARTESIAN_POINT ( 'NONE',  ( -0.7250000000000410560, 0.2000000000000000111, 0.04999999999998928912 ) ) ;
#1035 = COLOUR_RGB ( '',0.7921568627450980005, 0.8196078431372548767, 0.9333333333333333481 ) ;
#1036 = CARTESIAN_POINT ( 'NONE',  ( -0.4999999999999872324, 0.2000000000000000111, 1.224999999999999867 ) ) ;
#1037 = VECTOR ( 'NONE', #5613, 1000.000000000000000 ) ;
#1038 = EDGE_CURVE ( 'NONE', #4055, #4588, #1233, .T. ) ;
#1039 = EDGE_CURVE ( 'NONE', #4838, #2735, #1669, .T. ) ;
#1040 = DIRECTION ( 'NONE',  ( 0.000000000000000000, 0.000000000000000000, 1.000000000000000000 ) ) ;
#1041 = FACE_OUTER_BOUND ( 'NONE', #4466, .T. ) ;
#1042 = VECTOR ( 'NONE', #1510, 1000.000000000000000 ) ;
#1043 = DIRECTION ( 'NONE',  ( 0.000000000000000000, 1.000000000000000000, 0.000000000000000000 ) ) ;
#1044 = DIRECTION ( 'NONE',  ( 0.000000000000000000, 1.000000000000000000, 0.000000000000000000 ) ) ;
#1045 = VECTOR ( 'NONE', #3381, 1000.000000000000000 ) ;
#1046 = DIRECTION ( 'NONE',  ( 1.000000000000000000, 0.000000000000000000, 0.000000000000000000 ) ) ;
#1047 = ORIENTED_EDGE ( 'NONE', *, *, #469, .F. ) ;
#1048 = ORIENTED_EDGE ( 'NONE', *, *, #1951, .F. ) ;
#1049 = CARTESIAN_POINT ( 'NONE',  ( -0.9500000000000001776, 0.1000000000000000056, -1.450000000000000178 ) ) ;
#1050 = ORIENTED_EDGE ( 'NONE', *, *, #5141, .T. ) ;
#1051 = EDGE_CURVE ( 'NONE', #1018, #3282, #1380, .T. ) ;
#1052 = DIRECTION ( 'NONE',  ( -0.000000000000000000, -0.000000000000000000, -1.000000000000000000 ) ) ;
#1053 = ORIENTED_EDGE ( 'NONE', *, *, #3421, .T. ) ;
#1054 = SURFACE_STYLE_USAGE ( .BOTH. , #5163 ) ;
#1055 = DIRECTION ( 'NONE',  ( -1.000000000000000000, -0.000000000000000000, -1.182766006347908897E-15 ) ) ;
#1056 = ORIENTED_EDGE ( 'NONE', *, *, #2341, .T. ) ;
#1057 = CARTESIAN_POINT ( 'NONE',  ( -0.9500000000000001776, 0.1000000000000000056, 1.450000000000000178 ) ) ;
#1058 = CIRCLE ( 'NONE', #2130, 0.1250000000000105194 ) ;
#1059 = DIRECTION ( 'NONE',  ( 0.000000000000000000, -1.000000000000000000, 0.000000000000000000 ) ) ;
#1060 = CARTESIAN_POINT ( 'NONE',  ( -0.7250000000000383915, 0.04999999999999999584, 0.1750000000000000167 ) ) ;
#1061 = LINE ( 'NONE', #5638, #1042 ) ;
#1062 = DIRECTION ( 'NONE',  ( -0.000000000000000000, -1.000000000000000000, -0.000000000000000000 ) ) ;
#1063 = CARTESIAN_POINT ( 'NONE',  ( -0.9999999999999963363, 0.2000000000000000111, 0.2999999999999994893 ) ) ;
#1064 = DIRECTION ( 'NONE',  ( 0.000000000000000000, 1.000000000000000000, 0.000000000000000000 ) ) ;
#1065 = ADVANCED_FACE ( 'NONE', ( #1803 ), #3057, .F. ) ;
#1066 = DIRECTION ( 'NONE',  ( 1.000000000000000000, 0.000000000000000000, 0.000000000000000000 ) ) ;
#1067 = VERTEX_POINT ( 'NONE', #1264 ) ;
#1068 = CARTESIAN_POINT ( 'NONE',  ( -0.7250000000000392797, 0.000000000000000000, 0.5499999999999892752 ) ) ;
#1069 = EDGE_CURVE ( 'NONE', #5824, #1541, #793, .T. ) ;
#1070 = DIRECTION ( 'NONE',  ( 0.000000000000000000, -1.000000000000000000, 0.000000000000000000 ) ) ;
#1071 = DIRECTION ( 'NONE',  ( -1.000000000000000000, 0.000000000000000000, 1.971276677246371272E-16 ) ) ;
#1072 = CLOSED_SHELL ( 'NONE', ( #5531, #1850, #625, #2734, #5910, #821, #2028, #3682 ) ) ;
#1073 = CARTESIAN_POINT ( 'NONE',  ( -0.6000000000000262901, 0.2000000000000000944, -1.250000000000022427 ) ) ;
#1074 = VERTEX_POINT ( 'NONE', #5423 ) ;
#1075 = ORIENTED_EDGE ( 'NONE', *, *, #531, .F. ) ;
#1076 = VECTOR ( 'NONE', #2152, 1000.000000000000000 ) ;
#1077 = EDGE_CURVE ( 'NONE', #4905, #1228, #3145, .T. ) ;
#1078 = FACE_OUTER_BOUND ( 'NONE', #4521, .T. ) ;
#1079 = DIRECTION ( 'NONE',  ( 1.000000000000000000, 0.000000000000000000, 0.000000000000000000 ) ) ;
#1080 = ORIENTED_EDGE ( 'NONE', *, *, #2678, .T. ) ;
#1081 = VECTOR ( 'NONE', #1874, 1000.000000000000000 ) ;
#1082 = CARTESIAN_POINT ( 'NONE',  ( 1.000000000000029088, 1.844118304745738346, 0.04999999999997454397 ) ) ;
#1083 = VERTEX_POINT ( 'NONE', #4059 ) ;
#1084 = CARTESIAN_POINT ( 'NONE',  ( 0.9999999999999997780, 0.1000000000000000056, 1.500000000000000000 ) ) ;
#1085 = LINE ( 'NONE', #5631, #2641 ) ;
#1086 = ORIENTED_EDGE ( 'NONE', *, *, #3322, .F. ) ;
#1087 = CARTESIAN_POINT ( 'NONE',  ( -0.9500000000000001776, 0.000000000000000000, -0.4749999999999977573 ) ) ;
#1088 = EDGE_CURVE ( 'NONE', #258, #1753, #1772, .T. ) ;
#1089 = AXIS2_PLACEMENT_3D ( 'NONE', #2739, #1839, #4102 ) ;
#1090 = EDGE_LOOP ( 'NONE', ( #1760, #920, #5816, #1047, #5867 ) ) ;
#1091 = CARTESIAN_POINT ( 'NONE',  ( 0.7250000000000508260, 0.2000000000000000111, 0.5499999999999723999 ) ) ;
#1092 = LINE ( 'NONE', #5607, #1570 ) ;
#1093 = CARTESIAN_POINT ( 'NONE',  ( -0.9999999999999945599, 1.844118304745738346, 0.7999999999999994893 ) ) ;
#1094 = DIRECTION ( 'NONE',  ( 0.000000000000000000, 0.000000000000000000, 1.000000000000000000 ) ) ;
#1095 = PLANE ( 'NONE',  #3912 ) ;
#1096 = DIRECTION ( 'NONE',  ( -1.000000000000000000, 0.000000000000000000, 0.000000000000000000 ) ) ;
#1097 = DIRECTION ( 'NONE',  ( -1.000000000000000000, 0.000000000000000000, -1.182766006347908897E-15 ) ) ;
#1098 = CARTESIAN_POINT ( 'NONE',  ( 1.853000076610498115E-15, 0.05000000000000000278, 0.04999999999996242173 ) ) ;
#1099 = ORIENTED_EDGE ( 'NONE', *, *, #5363, .T. ) ;
#1100 = LINE ( 'NONE', #2430, #2391 ) ;
#1101 =( LENGTH_UNIT ( ) NAMED_UNIT ( * ) SI_UNIT ( .MILLI., .METRE. ) );
#1102 = DIRECTION ( 'NONE',  ( 0.000000000000000000, -1.000000000000000000, 0.000000000000000000 ) ) ;
#1103 = LINE ( 'NONE', #220, #2670 ) ;
#1104 = VECTOR ( 'NONE', #854, 1000.000000000000000 ) ;
#1105 = DIRECTION ( 'NONE',  ( -1.000000000000000000, 0.000000000000000000, 7.490851373537456042E-14 ) ) ;
#1106 = ADVANCED_FACE ( 'NONE', ( #3273 ), #2403, .T. ) ;
#1107 = EDGE_CURVE ( 'NONE', #2080, #3756, #3684, .T. ) ;
#1108 = VERTEX_POINT ( 'NONE', #3631 ) ;
#1109 = VECTOR ( 'NONE', #2389, 1000.000000000000000 ) ;
#1110 = ORIENTED_EDGE ( 'NONE', *, *, #2351, .F. ) ;
#1111 = LINE ( 'NONE', #2964, #2181 ) ;
#1112 = EDGE_CURVE ( 'NONE', #25, #2080, #458, .T. ) ;
#1113 = ADVANCED_FACE ( 'NONE', ( #5503 ), #2291, .T. ) ;
#1114 = EDGE_CURVE ( 'NONE', #3091, #3578, #2378, .T. ) ;
#1115 = ORIENTED_EDGE ( 'NONE', *, *, #2786, .F. ) ;
#1116 = VERTEX_POINT ( 'NONE', #4117 ) ;
#1117 =( NAMED_UNIT ( * ) PLANE_ANGLE_UNIT ( ) SI_UNIT ( $, .RADIAN. ) );
#1118 = DIRECTION ( 'NONE',  ( 0.000000000000000000, 1.000000000000000000, 0.000000000000000000 ) ) ;
#1119 = ORIENTED_EDGE ( 'NONE', *, *, #1401, .T. ) ;
#1120 = VECTOR ( 'NONE', #4764, 1000.000000000000000 ) ;
#1121 = LINE ( 'NONE', #3101, #71 ) ;
#1122 = ORIENTED_EDGE ( 'NONE', *, *, #1588, .F. ) ;
#1123 = DIRECTION ( 'NONE',  ( 0.000000000000000000, 0.000000000000000000, 1.000000000000000000 ) ) ;
#1124 = CARTESIAN_POINT ( 'NONE',  ( -0.9999999999999997780, 0.8999999999999998002, 1.500000000000000000 ) ) ;
#1125 = DIRECTION ( 'NONE',  ( -0.000000000000000000, -1.000000000000000000, -0.000000000000000000 ) ) ;
#1126 = DIRECTION ( 'NONE',  ( 0.000000000000000000, 1.000000000000000000, 0.000000000000000000 ) ) ;
#1127 =( NAMED_UNIT ( * ) PLANE_ANGLE_UNIT ( ) SI_UNIT ( $, .RADIAN. ) );
#1128 = DIRECTION ( 'NONE',  ( 0.000000000000000000, -0.000000000000000000, 1.000000000000000000 ) ) ;
#1129 = CARTESIAN_POINT ( 'NONE',  ( -0.7250000000000410560, 0.04999999999999999584, 0.04999999999998928912 ) ) ;
#1130 = DIRECTION ( 'NONE',  ( 0.000000000000000000, -1.000000000000000000, 0.000000000000000000 ) ) ;
#1131 = VERTEX_POINT ( 'NONE', #5528 ) ;
#1132 = VECTOR ( 'NONE', #2703, 1000.000000000000000 ) ;
#1133 = DIRECTION ( 'NONE',  ( -1.000000000000000000, 0.000000000000000000, -1.182766006347908700E-15 ) ) ;
#1134 = DIRECTION ( 'NONE',  ( -0.000000000000000000, -1.000000000000000000, -0.000000000000000000 ) ) ;
#1135 = LINE ( 'NONE', #278, #1688 ) ;
#1136 = VECTOR ( 'NONE', #1403, 1000.000000000000000 ) ;
#1137 = DIRECTION ( 'NONE',  ( 1.000000000000000000, 0.000000000000000000, 1.182766006347908897E-15 ) ) ;
#1138 = AXIS2_PLACEMENT_3D ( 'NONE', #759, #1680, #5364 ) ;
#1139 = VECTOR ( 'NONE', #3701, 1000.000000000000000 ) ;
#1140 = DIRECTION ( 'NONE',  ( 0.000000000000000000, -1.000000000000000000, 0.000000000000000000 ) ) ;
#1141 = ORIENTED_EDGE ( 'NONE', *, *, #684, .F. ) ;
#1142 = VECTOR ( 'NONE', #2496, 1000.000000000000000 ) ;
#1143 = ORIENTED_EDGE ( 'NONE', *, *, #4710, .F. ) ;
#1144 = VECTOR ( 'NONE', #149, 1000.000000000000000 ) ;
#1145 = CARTESIAN_POINT ( 'NONE',  ( -0.9999999999999945599, 0.2000000000000000111, 0.7999999999999994893 ) ) ;
#1146 = AXIS2_PLACEMENT_3D ( 'NONE', #5142, #5167, #2907 ) ;
#1147 = ORIENTED_EDGE ( 'NONE', *, *, #5464, .T. ) ;
#1148 = EDGE_CURVE ( 'NONE', #2144, #1450, #5119, .T. ) ;
#1149 = ORIENTED_EDGE ( 'NONE', *, *, #4534, .F. ) ;
#1150 = CARTESIAN_POINT ( 'NONE',  ( 0.9500000000000002887, 0.2000000000000000111, 0.2999999999999812261 ) ) ;
#1151 = VERTEX_POINT ( 'NONE', #1913 ) ;
#1152 = CARTESIAN_POINT ( 'NONE',  ( 0.7250000000000490497, 0.2000000000000000944, 0.1749999999999849454 ) ) ;
#1153 = EDGE_CURVE ( 'NONE', #4545, #5375, #2838, .T. ) ;
#1154 = ORIENTED_EDGE ( 'NONE', *, *, #205, .T. ) ;
#1155 = DIRECTION ( 'NONE',  ( 0.000000000000000000, -1.000000000000000000, 0.000000000000000000 ) ) ;
#1156 = DIRECTION ( 'NONE',  ( 1.000000000000000000, 0.000000000000000000, -0.000000000000000000 ) ) ;
#1157 = LINE ( 'NONE', #712, #3175 ) ;
#1158 = LINE ( 'NONE', #5287, #2012 ) ;
#1159 = ORIENTED_EDGE ( 'NONE', *, *, #3382, .T. ) ;
#1160 = LINE ( 'NONE', #714, #3062 ) ;
#1161 = VECTOR ( 'NONE', #3103, 1000.000000000000000 ) ;
#1162 = FILL_AREA_STYLE_COLOUR ( '', #4677 ) ;
#1163 = EDGE_CURVE ( 'NONE', #4740, #1977, #961, .T. ) ;
#1164 =( GEOMETRIC_REPRESENTATION_CONTEXT ( 3 ) GLOBAL_UNCERTAINTY_ASSIGNED_CONTEXT ( ( #5884 ) ) GLOBAL_UNIT_ASSIGNED_CONTEXT ( ( #837, #3233, #2680 ) ) REPRESENTATION_CONTEXT ( 'NONE', 'WORKASPACE' ) );
#1165 = DIRECTION ( 'NONE',  ( 0.000000000000000000, 0.000000000000000000, -1.000000000000000000 ) ) ;
#1166 = CARTESIAN_POINT ( 'NONE',  ( 0.3750000000000022760, 0.1000000000000000472, 1.224999999999999867 ) ) ;
#1167 = PLANE ( 'NONE',  #5068 ) ;
#1168 = ORIENTED_EDGE ( 'NONE', *, *, #3871, .F. ) ;
#1169 = CARTESIAN_POINT ( 'NONE',  ( -0.7250000000000341727, 0.2000000000000000111, 0.8000000000000107025 ) ) ;
#1170 = CARTESIAN_POINT ( 'NONE',  ( 0.000000000000000000, 0.1000000000000000056, 0.000000000000000000 ) ) ;
#1171 = EDGE_CURVE ( 'NONE', #632, #807, #1378, .T. ) ;
#1172 = DIRECTION ( 'NONE',  ( 0.000000000000000000, 0.000000000000000000, -1.000000000000000000 ) ) ;
#1173 = DIRECTION ( 'NONE',  ( 0.000000000000000000, -0.000000000000000000, 1.000000000000000000 ) ) ;
#1174 = ORIENTED_EDGE ( 'NONE', *, *, #4522, .F. ) ;
#1175 = ORIENTED_EDGE ( 'NONE', *, *, #2627, .T. ) ;
#1176 = CARTESIAN_POINT ( 'NONE',  ( -0.1249999999999977240, 0.2000000000000000944, 1.224999999999999867 ) ) ;
#1177 = CIRCLE ( 'NONE', #986, 0.1250000000000107414 ) ;
#1178 = VERTEX_POINT ( 'NONE', #512 ) ;
#1179 = EDGE_LOOP ( 'NONE', ( #4805, #2900, #1716, #4769 ) ) ;
#1180 = CARTESIAN_POINT ( 'NONE',  ( 0.9500000000000002887, 0.05000000000000000278, 0.7999999999999811706 ) ) ;
#1181 = EDGE_LOOP ( 'NONE', ( #5758, #382, #4419, #1612 ) ) ;
#1182 = DIRECTION ( 'NONE',  ( -1.000000000000000000, 0.000000000000000000, 0.000000000000000000 ) ) ;
#1183 = EDGE_CURVE ( 'NONE', #591, #3555, #1831, .T. ) ;
#1184 = ORIENTED_EDGE ( 'NONE', *, *, #2568, .T. ) ;
#1185 = DIRECTION ( 'NONE',  ( -1.000000000000000000, 0.000000000000000000, 3.706000153223781540E-14 ) ) ;
#1186 = PLANE ( 'NONE',  #997 ) ;
#1187 = EDGE_CURVE ( 'NONE', #630, #772, #4647, .T. ) ;
#1188 = LINE ( 'NONE', #2554, #3271 ) ;
#1189 = LINE ( 'NONE', #2092, #2576 ) ;
#1190 = ORIENTED_EDGE ( 'NONE', *, *, #5290, .T. ) ;
#1191 = VECTOR ( 'NONE', #3104, 1000.000000000000000 ) ;
#1192 = MECHANICAL_DESIGN_GEOMETRIC_PRESENTATION_REPRESENTATION (  '', ( #5579 ), #3391 ) ;
#1193 = CARTESIAN_POINT ( 'NONE',  ( -2.621797980737719854E-14, 0.05000000000000000278, -0.3499999999999479083 ) ) ;
#1194 = DIRECTION ( 'NONE',  ( 0.000000000000000000, 0.000000000000000000, 1.000000000000000000 ) ) ;
#1195 = CARTESIAN_POINT ( 'NONE',  ( 0.1250000000000233147, 0.000000000000000000, 1.224999999999999867 ) ) ;
#1196 = ORIENTED_EDGE ( 'NONE', *, *, #463, .T. ) ;
#1197 = EDGE_CURVE ( 'NONE', #2905, #5272, #66, .T. ) ;
#1198 = ADVANCED_FACE ( 'NONE', ( #1885 ), #3709, .F. ) ;
#1199 = FACE_OUTER_BOUND ( 'NONE', #366, .T. ) ;
#1200 = LINE ( 'NONE', #4613, #741 ) ;
#1201 = FACE_OUTER_BOUND ( 'NONE', #1359, .T. ) ;
#1202 = CARTESIAN_POINT ( 'NONE',  ( -0.7250000000000367262, 0.2000000000000000111, 0.6750000000000000444 ) ) ;
#1203 = ORIENTED_EDGE ( 'NONE', *, *, #1889, .T. ) ;
#1204 = ORIENTED_EDGE ( 'NONE', *, *, #3908, .T. ) ;
#1205 = CYLINDRICAL_SURFACE ( 'NONE', #4947, 0.1250000000000125733 ) ;
#1206 = ORIENTED_EDGE ( 'NONE', *, *, #2419, .F. ) ;
#1207 = VECTOR ( 'NONE', #5096, 1000.000000000000000 ) ;
#1208 = ORIENTED_EDGE ( 'NONE', *, *, #5635, .T. ) ;
#1209 = DIRECTION ( 'NONE',  ( -1.000000000000000000, 0.000000000000000000, 8.121659910255105326E-14 ) ) ;
#1210 = ORIENTED_EDGE ( 'NONE', *, *, #5761, .T. ) ;
#1211 = FACE_OUTER_BOUND ( 'NONE', #2409, .T. ) ;
#1212 = VECTOR ( 'NONE', #2878, 1000.000000000000000 ) ;
#1213 = ORIENTED_EDGE ( 'NONE', *, *, #4422, .T. ) ;
#1214 = CARTESIAN_POINT ( 'NONE',  ( 1.000000000000030864, 0.2000000000000000111, 0.5499999999999745093 ) ) ;
#1215 = LINE ( 'NONE', #5350, #2896 ) ;
#1216 = AXIS2_PLACEMENT_3D ( 'NONE', #5017, #2273, #5825 ) ;
#1217 = DIRECTION ( 'NONE',  ( -0.000000000000000000, -0.000000000000000000, -1.000000000000000000 ) ) ;
#1218 = EDGE_LOOP ( 'NONE', ( #215, #5234, #2478, #1115, #1559, #26 ) ) ;
#1219 = DIRECTION ( 'NONE',  ( 1.000000000000000000, 0.000000000000000000, 0.000000000000000000 ) ) ;
#1220 = EDGE_CURVE ( 'NONE', #5707, #2800, #93, .T. ) ;
#1221 = CARTESIAN_POINT ( 'NONE',  ( -0.7250000000000359490, 0.1000000000000000056, 0.3000000000000106470 ) ) ;
#1222 = DIRECTION ( 'NONE',  ( 0.000000000000000000, 0.000000000000000000, -1.000000000000000000 ) ) ;
#1223 = CARTESIAN_POINT ( 'NONE',  ( 0.000000000000000000, 0.1000000000000000056, 0.000000000000000000 ) ) ;
#1224 = ORIENTED_EDGE ( 'NONE', *, *, #3545, .T. ) ;
#1225 = LINE ( 'NONE', #1169, #5529 ) ;
#1226 = LINE ( 'NONE', #3512, #2084 ) ;
#1227 = CARTESIAN_POINT ( 'NONE',  ( -0.7250000000000367262, 1.844118304745738346, 0.6750000000000000444 ) ) ;
#1228 = VERTEX_POINT ( 'NONE', #3299 ) ;
#1229 = EDGE_CURVE ( 'NONE', #1950, #2448, #1012, .T. ) ;
#1230 = ADVANCED_FACE ( 'NONE', ( #123 ), #5452, .F. ) ;
#1231 = EDGE_CURVE ( 'NONE', #2800, #2665, #5478, .T. ) ;
#1232 = CARTESIAN_POINT ( 'NONE',  ( -0.9500000000000001776, 0.1000000000000000056, 0.3000000000000014322 ) ) ;
#1233 = LINE ( 'NONE', #429, #3296 ) ;
#1234 = ORIENTED_EDGE ( 'NONE', *, *, #4164, .F. ) ;
#1235 = ORIENTED_EDGE ( 'NONE', *, *, #5150, .T. ) ;
#1236 = PLANE ( 'NONE',  #536 ) ;
#1237 = ORIENTED_EDGE ( 'NONE', *, *, #4782, .T. ) ;
#1238 = VERTEX_POINT ( 'NONE', #1578 ) ;
#1239 = ORIENTED_EDGE ( 'NONE', *, *, #2601, .F. ) ;
#1240 = AXIS2_PLACEMENT_3D ( 'NONE', #5887, #3618, #5432 ) ;
#1241 = ORIENTED_EDGE ( 'NONE', *, *, #2270, .F. ) ;
#1242 = VECTOR ( 'NONE', #2315, 1000.000000000000000 ) ;
#1243 = CARTESIAN_POINT ( 'NONE',  ( -0.9500000000000001776, 0.1000000000000000056, -1.450000000000000178 ) ) ;
#1244 = ORIENTED_EDGE ( 'NONE', *, *, #323, .F. ) ;
#1245 = FACE_OUTER_BOUND ( 'NONE', #4900, .T. ) ;
#1246 = EDGE_CURVE ( 'NONE', #4612, #3821, #244, .T. ) ;
#1247 = VECTOR ( 'NONE', #5837, 1000.000000000000000 ) ;
#1248 = DIRECTION ( 'NONE',  ( -7.490851373537457304E-14, 0.000000000000000000, -1.000000000000000000 ) ) ;
#1249 = LINE ( 'NONE', #811, #4319 ) ;
#1250 = CARTESIAN_POINT ( 'NONE',  ( 1.000000000000017097, 0.2000000000000000111, 0.7999999999999771738 ) ) ;
#1251 = VERTEX_POINT ( 'NONE', #1939 ) ;
#1252 = DIRECTION ( 'NONE',  ( 0.000000000000000000, -1.000000000000000000, 0.000000000000000000 ) ) ;
#1253 = DIRECTION ( 'NONE',  ( 1.000000000000000000, -0.000000000000000000, 4.060829955128111177E-14 ) ) ;
#1254 = DIRECTION ( 'NONE',  ( 0.000000000000000000, 1.000000000000000000, 0.000000000000000000 ) ) ;
#1255 = LINE ( 'NONE', #4500, #4509 ) ;
#1256 = ORIENTED_EDGE ( 'NONE', *, *, #2797, .F. ) ;
#1257 = VECTOR ( 'NONE', #2059, 1000.000000000000000 ) ;
#1258 = CARTESIAN_POINT ( 'NONE',  ( -0.9500000000000001776, 0.2000000000000000111, -0.9999999999999988898 ) ) ;
#1259 = PLANE ( 'NONE',  #4854 ) ;
#1260 = EDGE_LOOP ( 'NONE', ( #2072, #4940, #80, #1190, #450, #3393 ) ) ;
#1261 = VECTOR ( 'NONE', #1062, 1000.000000000000000 ) ;
#1262 = EDGE_CURVE ( 'NONE', #2572, #4495, #5647, .T. ) ;
#1263 = CARTESIAN_POINT ( 'NONE',  ( -0.1250000000000071609, 0.000000000000000000, -1.450000000000000178 ) ) ;
#1264 = CARTESIAN_POINT ( 'NONE',  ( -0.7250000000000359490, 0.05000000000000000278, 0.3000000000000106470 ) ) ;
#1265 = EDGE_CURVE ( 'NONE', #101, #5242, #5149, .T. ) ;
#1266 = ORIENTED_EDGE ( 'NONE', *, *, #758, .T. ) ;
#1267 = ORIENTED_EDGE ( 'NONE', *, *, #915, .T. ) ;
#1268 = DIRECTION ( 'NONE',  ( -0.000000000000000000, 0.000000000000000000, -1.000000000000000000 ) ) ;
#1269 = ORIENTED_EDGE ( 'NONE', *, *, #1265, .F. ) ;
#1270 = EDGE_LOOP ( 'NONE', ( #18, #4777, #1174, #2659 ) ) ;
#1271 = ORIENTED_EDGE ( 'NONE', *, *, #2767, .F. ) ;
#1272 = EDGE_CURVE ( 'NONE', #2149, #1067, #1549, .T. ) ;
#1273 = ORIENTED_EDGE ( 'NONE', *, *, #126, .F. ) ;
#1274 = DIRECTION ( 'NONE',  ( 0.000000000000000000, 1.000000000000000000, 0.000000000000000000 ) ) ;
#1275 = VECTOR ( 'NONE', #2824, 1000.000000000000000 ) ;
#1276 = DIRECTION ( 'NONE',  ( -1.971276677246371272E-16, -0.000000000000000000, -1.000000000000000000 ) ) ;
#1277 = LINE ( 'NONE', #4398, #3106 ) ;
#1278 = DIRECTION ( 'NONE',  ( -1.000000000000000000, 0.000000000000000000, 8.121659910255105326E-14 ) ) ;
#1279 = ORIENTED_EDGE ( 'NONE', *, *, #4962, .T. ) ;
#1280 = CARTESIAN_POINT ( 'NONE',  ( 0.9500000000000002887, 0.1000000000000000056, -1.450000000000000178 ) ) ;
#1281 = CARTESIAN_POINT ( 'NONE',  ( 0.7250000000000171863, 0.2000000000000000111, 0.2999999999999994893 ) ) ;
#1282 = CARTESIAN_POINT ( 'NONE',  ( 0.6250000000000233147, 0.2000000000000000111, 1.500000000000000000 ) ) ;
#1283 = DIRECTION ( 'NONE',  ( 0.000000000000000000, -1.000000000000000000, 0.000000000000000000 ) ) ;
#1284 = AXIS2_PLACEMENT_3D ( 'NONE', #826, #3550, #373 ) ;
#1285 = ORIENTED_EDGE ( 'NONE', *, *, #3387, .T. ) ;
#1286 = VECTOR ( 'NONE', #2718, 1000.000000000000000 ) ;
#1287 = DIRECTION ( 'NONE',  ( 0.000000000000000000, -0.000000000000000000, 1.000000000000000000 ) ) ;
#1288 = DIRECTION ( 'NONE',  ( -0.000000000000000000, 0.000000000000000000, -1.000000000000000000 ) ) ;
#1289 = LINE ( 'NONE', #4858, #2771 ) ;
#1290 = AXIS2_PLACEMENT_3D ( 'NONE', #3292, #1453, #3346 ) ;
#1291 = DIRECTION ( 'NONE',  ( 0.000000000000000000, -0.000000000000000000, 1.000000000000000000 ) ) ;
#1292 = LINE ( 'NONE', #3577, #4240 ) ;
#1293 = ORIENTED_EDGE ( 'NONE', *, *, #2598, .T. ) ;
#1294 = CARTESIAN_POINT ( 'NONE',  ( 0.9999999999999997780, 0.1000000000000000056, 1.500000000000000000 ) ) ;
#1295 = ORIENTED_EDGE ( 'NONE', *, *, #2372, .F. ) ;
#1296 = ADVANCED_FACE ( 'NONE', ( #1041 ), #2065, .F. ) ;
#1297 = CARTESIAN_POINT ( 'NONE',  ( -0.9999999999999945599, 0.2000000000000000111, 0.5499999999999994893 ) ) ;
#1298 = ORIENTED_EDGE ( 'NONE', *, *, #1153, .F. ) ;
#1299 = EDGE_CURVE ( 'NONE', #772, #1439, #5706, .T. ) ;
#1300 = VERTEX_POINT ( 'NONE', #4732 ) ;
#1301 = ORIENTED_EDGE ( 'NONE', *, *, #352, .F. ) ;
#1302 = EDGE_CURVE ( 'NONE', #1818, #5374, #616, .T. ) ;
#1303 = EDGE_CURVE ( 'NONE', #1364, #42, #3847, .T. ) ;
#1304 = AXIS2_PLACEMENT_3D ( 'NONE', #3876, #2510, #5656 ) ;
#1305 = CARTESIAN_POINT ( 'NONE',  ( -0.4999999999999872324, 0.000000000000000000, 1.099999999999989431 ) ) ;
#1306 = LINE ( 'NONE', #3158, #4618 ) ;
#1307 = ORIENTED_EDGE ( 'NONE', *, *, #3461, .T. ) ;
#1308 = ORIENTED_EDGE ( 'NONE', *, *, #1840, .F. ) ;
#1309 = CARTESIAN_POINT ( 'NONE',  ( 0.6250000000000233147, 0.04999999999999999584, 1.450000000000000178 ) ) ;
#1310 = VECTOR ( 'NONE', #248, 1000.000000000000000 ) ;
#1311 = AXIS2_PLACEMENT_3D ( 'NONE', #400, #4083, #5897 ) ;
#1312 = DIRECTION ( 'NONE',  ( 0.000000000000000000, -1.000000000000000000, 0.000000000000000000 ) ) ;
#1313 = LINE ( 'NONE', #4999, #5019 ) ;
#1314 = DIRECTION ( 'NONE',  ( 1.971276677246371519E-16, 0.000000000000000000, 1.000000000000000000 ) ) ;
#1315 = COLOUR_RGB ( '',0.7921568627450980005, 0.8196078431372548767, 0.9333333333333333481 ) ;
#1316 = ORIENTED_EDGE ( 'NONE', *, *, #1501, .F. ) ;
#1317 = FACE_OUTER_BOUND ( 'NONE', #3665, .T. ) ;
#1318 =( NAMED_UNIT ( * ) SI_UNIT ( $, .STERADIAN. ) SOLID_ANGLE_UNIT ( ) );
#1319 = ORIENTED_EDGE ( 'NONE', *, *, #160, .T. ) ;
#1320 = AXIS2_PLACEMENT_3D ( 'NONE', #3897, #218, #2004 ) ;
#1321 = CARTESIAN_POINT ( 'NONE',  ( -0.6249999999999977796, 1.844118304745738346, 1.500000000000000000 ) ) ;
#1322 = DIRECTION ( 'NONE',  ( -1.000000000000000000, -0.000000000000000000, -8.673617379884035472E-16 ) ) ;
#1323 = CARTESIAN_POINT ( 'NONE',  ( -1.000000000000006439, 1.844118304745738346, -0.6000000000000005329 ) ) ;
#1324 = VERTEX_POINT ( 'NONE', #2035 ) ;
#1325 = DIRECTION ( 'NONE',  ( 0.000000000000000000, -1.000000000000000000, 0.000000000000000000 ) ) ;
#1326 = VERTEX_POINT ( 'NONE', #1611 ) ;
#1327 = VECTOR ( 'NONE', #1485, 1000.000000000000000 ) ;
#1328 = ORIENTED_EDGE ( 'NONE', *, *, #3647, .T. ) ;
#1329 = UNCERTAINTY_MEASURE_WITH_UNIT (LENGTH_MEASURE( 1.000000000000000082E-05 ), #2946, 'distance_accuracy_value', 'NONE');
#1330 = EDGE_CURVE ( 'NONE', #4198, #61, #2951, .T. ) ;
#1331 = PLANE ( 'NONE',  #461 ) ;
#1332 = EDGE_LOOP ( 'NONE', ( #4712, #3679, #2083, #5458 ) ) ;
#1333 = AXIS2_PLACEMENT_3D ( 'NONE', #2811, #1857, #4563 ) ;
#1334 = STYLED_ITEM ( 'NONE', ( #3989 ), #4600 ) ;
#1335 = EDGE_CURVE ( 'NONE', #2735, #3651, #4761, .T. ) ;
#1336 = VECTOR ( 'NONE', #1133, 1000.000000000000000 ) ;
#1337 = LINE ( 'NONE', #3182, #4121 ) ;
#1338 = SURFACE_SIDE_STYLE ('',( #1841 ) ) ;
#1339 = DIRECTION ( 'NONE',  ( 0.000000000000000000, 0.000000000000000000, -1.000000000000000000 ) ) ;
#1340 = ORIENTED_EDGE ( 'NONE', *, *, #1479, .F. ) ;
#1341 = ADVANCED_FACE ( 'NONE', ( #584 ), #3410, .F. ) ;
#1342 = VECTOR ( 'NONE', #1998, 1000.000000000000000 ) ;
#1343 = VECTOR ( 'NONE', #1283, 1000.000000000000000 ) ;
#1344 = LINE ( 'NONE', #5892, #484 ) ;
#1345 = DIRECTION ( 'NONE',  ( 0.000000000000000000, 0.000000000000000000, -1.000000000000000000 ) ) ;
#1346 = DIRECTION ( 'NONE',  ( 1.000000000000000000, 0.000000000000000000, -5.583641188300717653E-14 ) ) ;
#1347 = ORIENTED_EDGE ( 'NONE', *, *, #3503, .F. ) ;
#1348 = PLANE ( 'NONE',  #2001 ) ;
#1349 = EDGE_CURVE ( 'NONE', #317, #3609, #3447, .T. ) ;
#1350 = CARTESIAN_POINT ( 'NONE',  ( 1.279358563532895232E-14, 0.2000000000000000111, 1.224999999999999867 ) ) ;
#1351 = DIRECTION ( 'NONE',  ( 3.706000153223781540E-14, 0.000000000000000000, 1.000000000000000000 ) ) ;
#1352 = ORIENTED_EDGE ( 'NONE', *, *, #1183, .F. ) ;
#1353 = CARTESIAN_POINT ( 'NONE',  ( 0.5000000000000127676, 0.2000000000000000111, 1.224999999999999867 ) ) ;
#1354 = EDGE_CURVE ( 'NONE', #4626, #3966, #2915, .T. ) ;
#1355 = VECTOR ( 'NONE', #5798, 1000.000000000000000 ) ;
#1356 = CARTESIAN_POINT ( 'NONE',  ( 1.279358563532895232E-14, 1.844118304745738346, 1.099999999999989431 ) ) ;
#1357 = EDGE_CURVE ( 'NONE', #1828, #5654, #4684, .T. ) ;
#1358 = CARTESIAN_POINT ( 'NONE',  ( 0.7250000000000509370, 0.000000000000000000, -0.3500000000000021982 ) ) ;
#1359 = EDGE_LOOP ( 'NONE', ( #5683, #1853, #1149, #1086 ) ) ;
#1360 = VERTEX_POINT ( 'NONE', #2982 ) ;
#1361 = ORIENTED_EDGE ( 'NONE', *, *, #831, .T. ) ;
#1362 = CARTESIAN_POINT ( 'NONE',  ( -0.6000000000000262901, 0.000000000000000000, -1.250000000000022427 ) ) ;
#1363 = DIRECTION ( 'NONE',  ( 0.000000000000000000, -1.000000000000000000, 0.000000000000000000 ) ) ;
#1364 = VERTEX_POINT ( 'NONE', #4794 ) ;
#1365 = VECTOR ( 'NONE', #2997, 1000.000000000000000 ) ;
#1366 = EDGE_CURVE ( 'NONE', #3310, #3651, #3258, .T. ) ;
#1367 = LINE ( 'NONE', #872, #5243 ) ;
#1368 = LINE ( 'NONE', #953, #3766 ) ;
#1369 = CARTESIAN_POINT ( 'NONE',  ( 0.7250000000000509370, 0.000000000000000000, -0.3500000000000021982 ) ) ;
#1370 = CARTESIAN_POINT ( 'NONE',  ( 1.704168687479574735E-14, 0.05000000000000000278, -0.3499999999999517941 ) ) ;
#1371 = ADVANCED_FACE ( 'NONE', ( #5264 ), #1167, .T. ) ;
#1372 = ORIENTED_EDGE ( 'NONE', *, *, #454, .F. ) ;
#1373 = ORIENTED_EDGE ( 'NONE', *, *, #4415, .F. ) ;
#1374 = VECTOR ( 'NONE', #2427, 1000.000000000000000 ) ;
#1375 = ADVANCED_FACE ( 'NONE', ( #1487 ), #844, .F. ) ;
#1376 = EDGE_CURVE ( 'NONE', #4225, #4357, #5839, .T. ) ;
#1377 = CARTESIAN_POINT ( 'NONE',  ( -0.9999999999999997780, 0.1000000000000000056, -1.000000000000000000 ) ) ;
#1378 = LINE ( 'NONE', #4168, #1136 ) ;
#1379 = CARTESIAN_POINT ( 'NONE',  ( 1.000000000000017097, 0.2000000000000000111, 0.7999999999999771738 ) ) ;
#1380 = CIRCLE ( 'NONE', #1419, 0.1250000000000107414 ) ;
#1381 = VECTOR ( 'NONE', #4151, 1000.000000000000000 ) ;
#1382 = CARTESIAN_POINT ( 'NONE',  ( 0.6250000000000233147, 1.844118304745738346, 1.224999999999999867 ) ) ;
#1383 = ORIENTED_EDGE ( 'NONE', *, *, #216, .F. ) ;
#1384 = ORIENTED_EDGE ( 'NONE', *, *, #2819, .F. ) ;
#1385 = CARTESIAN_POINT ( 'NONE',  ( 0.000000000000000000, 0.1000000000000000056, 0.000000000000000000 ) ) ;
#1386 = ORIENTED_EDGE ( 'NONE', *, *, #4218, .F. ) ;
#1387 = DIRECTION ( 'NONE',  ( -0.000000000000000000, -1.000000000000000000, -0.000000000000000000 ) ) ;
#1388 = FILL_AREA_STYLE ('',( #5913 ) ) ;
#1389 = CARTESIAN_POINT ( 'NONE',  ( -0.6999999999999998446, 0.9000000000000000222, -1.074999999999999956 ) ) ;
#1390 = ORIENTED_EDGE ( 'NONE', *, *, #1608, .T. ) ;
#1391 = FACE_OUTER_BOUND ( 'NONE', #3722, .T. ) ;
#1392 = CIRCLE ( 'NONE', #4259, 0.1250000000000174583 ) ;
#1393 = DIRECTION ( 'NONE',  ( 0.000000000000000000, -0.000000000000000000, 1.000000000000000000 ) ) ;
#1394 = FACE_OUTER_BOUND ( 'NONE', #5397, .T. ) ;
#1395 = LINE ( 'NONE', #2284, #1139 ) ;
#1396 = DIRECTION ( 'NONE',  ( -0.000000000000000000, 0.000000000000000000, -1.000000000000000000 ) ) ;
#1397 = VECTOR ( 'NONE', #3997, 1000.000000000000000 ) ;
#1398 = EDGE_CURVE ( 'NONE', #2146, #5565, #4439, .T. ) ;
#1399 = VERTEX_POINT ( 'NONE', #2687 ) ;
#1400 = VECTOR ( 'NONE', #2516, 1000.000000000000000 ) ;
#1401 = EDGE_CURVE ( 'NONE', #1571, #4460, #1255, .T. ) ;
#1402 = CARTESIAN_POINT ( 'NONE',  ( 0.9500000000000002887, 0.1000000000000000056, -1.450000000000000178 ) ) ;
#1403 = DIRECTION ( 'NONE',  ( 1.000000000000000000, 0.000000000000000000, 0.000000000000000000 ) ) ;
#1404 = STYLED_ITEM ( 'NONE', ( #4443 ), #613 ) ;
#1405 = DIRECTION ( 'NONE',  ( 0.000000000000000000, -1.000000000000000000, 0.000000000000000000 ) ) ;
#1406 = ADVANCED_FACE ( 'NONE', ( #397 ), #3110, .T. ) ;
#1407 = ADVANCED_FACE ( 'NONE', ( #4051 ), #3478, .F. ) ;
#1408 = DIRECTION ( 'NONE',  ( -0.000000000000000000, -1.000000000000000000, -0.000000000000000000 ) ) ;
#1409 = ORIENTED_EDGE ( 'NONE', *, *, #1748, .F. ) ;
#1410 = DIRECTION ( 'NONE',  ( -0.000000000000000000, -0.000000000000000000, 1.000000000000000000 ) ) ;
#1411 = ORIENTED_EDGE ( 'NONE', *, *, #3605, .T. ) ;
#1412 = CARTESIAN_POINT ( 'NONE',  ( 0.7250000000000509370, 1.844118304745738346, -0.3500000000000021982 ) ) ;
#1413 = EDGE_LOOP ( 'NONE', ( #708, #3042, #3638, #2814 ) ) ;
#1414 = VECTOR ( 'NONE', #1253, 1000.000000000000000 ) ;
#1415 = LINE ( 'NONE', #5104, #5534 ) ;
#1416 = LINE ( 'NONE', #5465, #791 ) ;
#1417 = DIRECTION ( 'NONE',  ( 0.000000000000000000, 0.000000000000000000, -1.000000000000000000 ) ) ;
#1418 = ORIENTED_EDGE ( 'NONE', *, *, #3011, .F. ) ;
#1419 = AXIS2_PLACEMENT_3D ( 'NONE', #1202, #3116, #5365 ) ;
#1420 = CARTESIAN_POINT ( 'NONE',  ( -0.9999999999999997780, 0.1000000000000000056, 1.500000000000000000 ) ) ;
#1421 = EDGE_CURVE ( 'NONE', #5541, #5831, #5804, .T. ) ;
#1422 = VECTOR ( 'NONE', #2662, 1000.000000000000000 ) ;
#1423 = VECTOR ( 'NONE', #581, 1000.000000000000000 ) ;
#1424 = ADVANCED_FACE ( 'NONE', ( #3077 ), #5296, .T. ) ;
#1425 = FACE_OUTER_BOUND ( 'NONE', #5102, .T. ) ;
#1426 = LINE ( 'NONE', #2225, #5302 ) ;
#1427 = FACE_OUTER_BOUND ( 'NONE', #2450, .T. ) ;
#1428 = AXIS2_PLACEMENT_3D ( 'NONE', #601, #574, #1952 ) ;
#1429 = DIRECTION ( 'NONE',  ( 0.000000000000000000, 1.000000000000000000, 0.000000000000000000 ) ) ;
#1430 = AXIS2_PLACEMENT_3D ( 'NONE', #4944, #2226, #1314 ) ;
#1431 = LINE ( 'NONE', #3794, #556 ) ;
#1432 = VECTOR ( 'NONE', #5802, 1000.000000000000000 ) ;
#1433 = EDGE_LOOP ( 'NONE', ( #2360, #5687, #947, #4754 ) ) ;
#1434 = DIRECTION ( 'NONE',  ( -1.000000000000000000, 0.000000000000000000, 3.706000153223781540E-14 ) ) ;
#1435 = CARTESIAN_POINT ( 'NONE',  ( -0.9500000000000001776, 0.1000000000000000056, 1.450000000000000178 ) ) ;
#1436 = LINE ( 'NONE', #2292, #4541 ) ;
#1437 = DIRECTION ( 'NONE',  ( 0.000000000000000000, 0.000000000000000000, 1.000000000000000000 ) ) ;
#1438 = EDGE_CURVE ( 'NONE', #3850, #72, #3164, .T. ) ;
#1439 = VERTEX_POINT ( 'NONE', #2097 ) ;
#1440 = ORIENTED_EDGE ( 'NONE', *, *, #1107, .F. ) ;
#1441 = FACE_OUTER_BOUND ( 'NONE', #3523, .T. ) ;
#1442 = EDGE_LOOP ( 'NONE', ( #2379, #4713, #1899, #2079 ) ) ;
#1443 = EDGE_LOOP ( 'NONE', ( #3556, #1504, #1196, #2998 ) ) ;
#1444 =( GEOMETRIC_REPRESENTATION_CONTEXT ( 3 ) GLOBAL_UNCERTAINTY_ASSIGNED_CONTEXT ( ( #5403 ) ) GLOBAL_UNIT_ASSIGNED_CONTEXT ( ( #5574, #2848, #4657 ) ) REPRESENTATION_CONTEXT ( 'NONE', 'WORKASPACE' ) );
#1445 = EDGE_CURVE ( 'NONE', #2743, #3580, #4471, .T. ) ;
#1446 = FACE_OUTER_BOUND ( 'NONE', #2469, .T. ) ;
#1447 = ORIENTED_EDGE ( 'NONE', *, *, #4564, .T. ) ;
#1448 = DIRECTION ( 'NONE',  ( 0.000000000000000000, -0.000000000000000000, 1.000000000000000000 ) ) ;
#1449 = CARTESIAN_POINT ( 'NONE',  ( 0.000000000000000000, 0.05000000000000000278, -1.450000000000000178 ) ) ;
#1450 = VERTEX_POINT ( 'NONE', #3049 ) ;
#1451 = LINE ( 'NONE', #1087, #5047 ) ;
#1452 = CARTESIAN_POINT ( 'NONE',  ( 0.1249999999999928807, 0.1000000000000000056, 0.1250000000000001388 ) ) ;
#1453 = DIRECTION ( 'NONE',  ( 1.000000000000000000, 0.000000000000000000, -0.000000000000000000 ) ) ;
#1454 = DIRECTION ( 'NONE',  ( -1.971276677246371519E-16, 0.000000000000000000, -1.000000000000000000 ) ) ;
#1455 = DIRECTION ( 'NONE',  ( -0.000000000000000000, -1.000000000000000000, -0.000000000000000000 ) ) ;
#1456 = CARTESIAN_POINT ( 'NONE',  ( -0.9500000000000001776, 0.05000000000000000278, 0.04999999999999762967 ) ) ;
#1457 = ORIENTED_EDGE ( 'NONE', *, *, #4479, .T. ) ;
#1458 = AXIS2_PLACEMENT_3D ( 'NONE', #5547, #5661, #1898 ) ;
#1459 = LINE ( 'NONE', #1515, #1142 ) ;
#1460 = DIRECTION ( 'NONE',  ( 0.000000000000000000, -1.000000000000000000, 0.000000000000000000 ) ) ;
#1461 = VECTOR ( 'NONE', #2756, 1000.000000000000000 ) ;
#1462 = FACE_OUTER_BOUND ( 'NONE', #2582, .T. ) ;
#1463 = FACE_OUTER_BOUND ( 'NONE', #3557, .T. ) ;
#1464 = ORIENTED_EDGE ( 'NONE', *, *, #1183, .T. ) ;
#1465 = AXIS2_PLACEMENT_3D ( 'NONE', #343, #4923, #4087 ) ;
#1466 = AXIS2_PLACEMENT_3D ( 'NONE', #3238, #4050, #3209 ) ;
#1467 = ORIENTED_EDGE ( 'NONE', *, *, #2246, .F. ) ;
#1468 = CARTESIAN_POINT ( 'NONE',  ( -0.1250000000000071609, 0.1000000000000000056, -1.450000000000000178 ) ) ;
#1469 = EDGE_CURVE ( 'NONE', #490, #4460, #2658, .T. ) ;
#1470 = ORIENTED_EDGE ( 'NONE', *, *, #2864, .F. ) ;
#1471 = ADVANCED_FACE ( 'NONE', ( #1704 ), #3138, .T. ) ;
#1472 = ORIENTED_EDGE ( 'NONE', *, *, #5500, .T. ) ;
#1473 = CARTESIAN_POINT ( 'NONE',  ( -0.9500000000000001776, 0.1000000000000000056, 0.8000000000000014877 ) ) ;
#1474 = ORIENTED_EDGE ( 'NONE', *, *, #4479, .F. ) ;
#1475 = CARTESIAN_POINT ( 'NONE',  ( 0.1250000000000230649, 0.05000000000000000278, -2.464095846558419226E-17 ) ) ;
#1476 = DIRECTION ( 'NONE',  ( -0.000000000000000000, -1.000000000000000000, -0.000000000000000000 ) ) ;
#1477 = ORIENTED_EDGE ( 'NONE', *, *, #1490, .T. ) ;
#1478 = CARTESIAN_POINT ( 'NONE',  ( 1.000000000000005329, 1.844118304745738346, -0.3500000000000227929 ) ) ;
#1479 = EDGE_CURVE ( 'NONE', #4809, #4356, #4972, .T. ) ;
#1480 = EDGE_CURVE ( 'NONE', #5313, #5625, #957, .T. ) ;
#1481 = CARTESIAN_POINT ( 'NONE',  ( 0.9500000000000002887, 0.1000000000000000056, 0.5499999999999742872 ) ) ;
#1482 = LINE ( 'NONE', #3317, #3134 ) ;
#1483 = DIRECTION ( 'NONE',  ( -0.000000000000000000, -1.000000000000000000, -0.000000000000000000 ) ) ;
#1484 = LINE ( 'NONE', #3319, #1257 ) ;
#1485 = DIRECTION ( 'NONE',  ( 0.000000000000000000, 0.000000000000000000, 1.000000000000000000 ) ) ;
#1486 = PLANE ( 'NONE',  #2495 ) ;
#1487 = FACE_OUTER_BOUND ( 'NONE', #2222, .T. ) ;
#1488 = AXIS2_PLACEMENT_3D ( 'NONE', #3808, #4323, #4711 ) ;
#1489 =( NAMED_UNIT ( * ) PLANE_ANGLE_UNIT ( ) SI_UNIT ( $, .RADIAN. ) );
#1490 = EDGE_CURVE ( 'NONE', #2227, #1399, #305, .T. ) ;
#1491 = DIRECTION ( 'NONE',  ( 0.000000000000000000, 0.000000000000000000, 1.000000000000000000 ) ) ;
#1492 = AXIS2_PLACEMENT_3D ( 'NONE', #4476, #5811, #1844 ) ;
#1493 = AXIS2_PLACEMENT_3D ( 'NONE', #5830, #2060, #299 ) ;
#1494 = PRODUCT_DEFINITION_FORMATION_WITH_SPECIFIED_SOURCE ( 'ANY', '', #4000, .NOT_KNOWN. ) ;
#1495 = ORIENTED_EDGE ( 'NONE', *, *, #2999, .T. ) ;
#1496 = EDGE_LOOP ( 'NONE', ( #2995, #204, #5052, #5598, #5476, #4715 ) ) ;
#1497 = CARTESIAN_POINT ( 'NONE',  ( 0.3750000000000022760, 1.844118304745738346, 1.450000000000000178 ) ) ;
#1498 = ORIENTED_EDGE ( 'NONE', *, *, #4223, .F. ) ;
#1499 = CARTESIAN_POINT ( 'NONE',  ( -0.7250000000000367262, 0.2000000000000000111, 0.6750000000000000444 ) ) ;
#1500 = ORIENTED_EDGE ( 'NONE', *, *, #96, .F. ) ;
#1501 = EDGE_CURVE ( 'NONE', #1360, #3539, #2135, .T. ) ;
#1502 = PRESENTATION_STYLE_ASSIGNMENT (( #1054 ) ) ;
#1503 = FACE_OUTER_BOUND ( 'NONE', #5310, .T. ) ;
#1504 = ORIENTED_EDGE ( 'NONE', *, *, #5713, .T. ) ;
#1505 = CARTESIAN_POINT ( 'NONE',  ( 1.000000000000000222, 0.1000000000000000056, -1.500000000000000000 ) ) ;
#1506 = EDGE_CURVE ( 'NONE', #3875, #3533, #786, .T. ) ;
#1507 = EDGE_CURVE ( 'NONE', #632, #3310, #3506, .T. ) ;
#1508 = CARTESIAN_POINT ( 'NONE',  ( -0.9999999999999945599, 0.2000000000000000944, 0.5499999999999994893 ) ) ;
#1509 = CARTESIAN_POINT ( 'NONE',  ( -0.3749999999999766298, 0.2000000000000000111, 1.500000000000000000 ) ) ;
#1510 = DIRECTION ( 'NONE',  ( 1.000000000000000000, -0.000000000000000000, 0.000000000000000000 ) ) ;
#1511 = CARTESIAN_POINT ( 'NONE',  ( -0.4999999999999872324, 0.2000000000000000111, 1.224999999999999867 ) ) ;
#1512 = VECTOR ( 'NONE', #3484, 1000.000000000000000 ) ;
#1513 = LINE ( 'NONE', #1063, #2977 ) ;
#1514 = CIRCLE ( 'NONE', #4299, 0.1250000000000105194 ) ;
#1515 = CARTESIAN_POINT ( 'NONE',  ( -0.3749999999999766853, 0.000000000000000000, 1.224999999999999867 ) ) ;
#1516 = LINE ( 'NONE', #3383, #1374 ) ;
#1517 = DIRECTION ( 'NONE',  ( -1.000000000000000000, 0.000000000000000000, -6.702340702638594572E-14 ) ) ;
#1518 = VECTOR ( 'NONE', #3628, 1000.000000000000000 ) ;
#1519 = EDGE_LOOP ( 'NONE', ( #5694, #1780, #4678, #2309 ) ) ;
#1520 = ADVANCED_FACE ( 'NONE', ( #1427 ), #4136, .F. ) ;
#1521 = CARTESIAN_POINT ( 'NONE',  ( -0.6249999999999977796, 0.1000000000000000056, 1.450000000000000178 ) ) ;
#1522 = CARTESIAN_POINT ( 'NONE',  ( 0.6250000000000233147, 0.2000000000000000111, 1.500000000000000000 ) ) ;
#1523 = LINE ( 'NONE', #5178, #4178 ) ;
#1524 = PLANE ( 'NONE',  #5693 ) ;
#1525 = VECTOR ( 'NONE', #1903, 1000.000000000000000 ) ;
#1526 = DIRECTION ( 'NONE',  ( 0.000000000000000000, 1.000000000000000000, 0.000000000000000000 ) ) ;
#1527 = ORIENTED_EDGE ( 'NONE', *, *, #360, .T. ) ;
#1528 = EDGE_CURVE ( 'NONE', #20, #2184, #530, .T. ) ;
#1529 = ORIENTED_EDGE ( 'NONE', *, *, #4745, .F. ) ;
#1530 = EDGE_CURVE ( 'NONE', #3064, #1924, #2256, .T. ) ;
#1531 = CARTESIAN_POINT ( 'NONE',  ( 0.9999999999999715783, 0.2000000000000000944, -1.250000000000018652 ) ) ;
#1532 = ORIENTED_EDGE ( 'NONE', *, *, #2821, .T. ) ;
#1533 = ORIENTED_EDGE ( 'NONE', *, *, #1009, .T. ) ;
#1534 = DIRECTION ( 'NONE',  ( 0.000000000000000000, 0.000000000000000000, 1.000000000000000000 ) ) ;
#1535 = VERTEX_POINT ( 'NONE', #5444 ) ;
#1536 = DIRECTION ( 'NONE',  ( -0.000000000000000000, -1.000000000000000000, -0.000000000000000000 ) ) ;
#1537 = DIRECTION ( 'NONE',  ( 0.000000000000000000, 1.000000000000000000, 0.000000000000000000 ) ) ;
#1538 = VERTEX_POINT ( 'NONE', #4080 ) ;
#1539 = DIRECTION ( 'NONE',  ( 0.000000000000000000, 0.000000000000000000, 1.000000000000000000 ) ) ;
#1540 = STYLED_ITEM ( 'NONE', ( #1817 ), #2470 ) ;
#1541 = VERTEX_POINT ( 'NONE', #3267 ) ;
#1542 = LINE ( 'NONE', #3823, #5355 ) ;
#1543 = DIRECTION ( 'NONE',  ( -0.000000000000000000, 1.000000000000000000, -0.000000000000000000 ) ) ;
#1544 = DIRECTION ( 'NONE',  ( 0.000000000000000000, 1.000000000000000000, 0.000000000000000000 ) ) ;
#1545 = DIRECTION ( 'NONE',  ( 0.000000000000000000, 0.000000000000000000, -1.000000000000000000 ) ) ;
#1546 =( LENGTH_UNIT ( ) NAMED_UNIT ( * ) SI_UNIT ( .MILLI., .METRE. ) );
#1547 = EDGE_CURVE ( 'NONE', #2654, #2877, #1006, .T. ) ;
#1548 = DIRECTION ( 'NONE',  ( -0.000000000000000000, 1.000000000000000000, 0.000000000000000000 ) ) ;
#1549 = LINE ( 'NONE', #181, #3171 ) ;
#1550 = EDGE_LOOP ( 'NONE', ( #3597, #2612, #75, #2217, #226, #832 ) ) ;
#1551 = LINE ( 'NONE', #2918, #1336 ) ;
#1552 = DIRECTION ( 'NONE',  ( 0.000000000000000000, -0.000000000000000000, 1.000000000000000000 ) ) ;
#1553 = PLANE ( 'NONE',  #69 ) ;
#1554 = CARTESIAN_POINT ( 'NONE',  ( 0.7250000000000508260, 0.2000000000000000111, 0.5499999999999741762 ) ) ;
#1555 = ADVANCED_FACE ( 'NONE', ( #4585 ), #421, .F. ) ;
#1556 = EDGE_CURVE ( 'NONE', #4228, #2868, #897, .T. ) ;
#1557 = VECTOR ( 'NONE', #1537, 1000.000000000000000 ) ;
#1558 = DIRECTION ( 'NONE',  ( -0.000000000000000000, -1.000000000000000000, -0.000000000000000000 ) ) ;
#1559 = ORIENTED_EDGE ( 'NONE', *, *, #2271, .T. ) ;
#1560 = VERTEX_POINT ( 'NONE', #1848 ) ;
#1561 = CARTESIAN_POINT ( 'NONE',  ( 0.9500000000000002887, 0.05000000000000000278, 0.000000000000000000 ) ) ;
#1562 = VECTOR ( 'NONE', #1345, 1000.000000000000000 ) ;
#1563 = VERTEX_POINT ( 'NONE', #1794 ) ;
#1564 = CARTESIAN_POINT ( 'NONE',  ( 1.000000000000005329, 0.2000000000000000111, -0.3500000000000227929 ) ) ;
#1565 = ORIENTED_EDGE ( 'NONE', *, *, #3421, .F. ) ;
#1566 = FILL_AREA_STYLE ('',( #199 ) ) ;
#1567 = CARTESIAN_POINT ( 'NONE',  ( -0.7250000000000367262, 0.2000000000000000111, -0.4749999999999977573 ) ) ;
#1568 = VERTEX_POINT ( 'NONE', #4642 ) ;
#1569 = DIRECTION ( 'NONE',  ( 0.000000000000000000, 0.000000000000000000, -1.000000000000000000 ) ) ;
#1570 = VECTOR ( 'NONE', #4303, 1000.000000000000000 ) ;
#1571 = VERTEX_POINT ( 'NONE', #2366 ) ;
#1572 = LINE ( 'NONE', #82, #1525 ) ;
#1573 = DIRECTION ( 'NONE',  ( -0.000000000000000000, -1.000000000000000000, -0.000000000000000000 ) ) ;
#1574 = CYLINDRICAL_SURFACE ( 'NONE', #3085, 0.1250000000000105194 ) ;
#1575 = CARTESIAN_POINT ( 'NONE',  ( -0.3749999999999766853, 0.2000000000000000944, 1.224999999999999867 ) ) ;
#1576 = SURFACE_STYLE_USAGE ( .BOTH. , #4435 ) ;
#1577 = DIRECTION ( 'NONE',  ( 0.000000000000000000, 1.000000000000000000, 0.000000000000000000 ) ) ;
#1578 = CARTESIAN_POINT ( 'NONE',  ( 0.3750000000000022760, 0.2000000000000000944, 1.500000000000000000 ) ) ;
#1579 = ORIENTED_EDGE ( 'NONE', *, *, #3642, .F. ) ;
#1580 = CARTESIAN_POINT ( 'NONE',  ( -0.7250000000000341727, 0.05000000000000000278, 0.8000000000000107025 ) ) ;
#1581 = ADVANCED_FACE ( 'NONE', ( #3626 ), #5087, .F. ) ;
#1582 = LINE ( 'NONE', #4247, #4103 ) ;
#1583 = CARTESIAN_POINT ( 'NONE',  ( -0.3749999999999766298, 0.2000000000000000111, 1.500000000000000000 ) ) ;
#1584 = PLANE ( 'NONE',  #929 ) ;
#1585 = ADVANCED_FACE ( 'NONE', ( #2339 ), #4162, .F. ) ;
#1586 = AXIS2_PLACEMENT_3D ( 'NONE', #2870, #4680, #2411 ) ;
#1587 = LINE ( 'NONE', #2989, #606 ) ;
#1588 = EDGE_CURVE ( 'NONE', #5880, #1694, #5000, .T. ) ;
#1589 = ORIENTED_EDGE ( 'NONE', *, *, #5712, .F. ) ;
#1590 = VECTOR ( 'NONE', #2465, 1000.000000000000000 ) ;
#1591 = ORIENTED_EDGE ( 'NONE', *, *, #4385, .F. ) ;
#1592 = DIRECTION ( 'NONE',  ( 0.000000000000000000, 0.000000000000000000, 1.000000000000000000 ) ) ;
#1593 = VECTOR ( 'NONE', #777, 1000.000000000000000 ) ;
#1594 = ORIENTED_EDGE ( 'NONE', *, *, #2919, .T. ) ;
#1595 = ORIENTED_EDGE ( 'NONE', *, *, #1724, .T. ) ;
#1596 = ADVANCED_FACE ( 'NONE', ( #4557 ), #5471, .F. ) ;
#1597 = FACE_OUTER_BOUND ( 'NONE', #4096, .T. ) ;
#1598 = EDGE_LOOP ( 'NONE', ( #2780, #597, #5388, #1591 ) ) ;
#1599 = STYLED_ITEM ( 'NONE', ( #3414 ), #497 ) ;
#1600 = DIRECTION ( 'NONE',  ( 0.000000000000000000, 1.000000000000000000, 0.000000000000000000 ) ) ;
#1601 = ORIENTED_EDGE ( 'NONE', *, *, #3819, .T. ) ;
#1602 = CARTESIAN_POINT ( 'NONE',  ( -0.9500000000000001776, 0.1000000000000000056, -0.6000000000000018652 ) ) ;
#1603 = DIRECTION ( 'NONE',  ( 0.000000000000000000, -1.000000000000000000, 0.000000000000000000 ) ) ;
#1604 = CARTESIAN_POINT ( 'NONE',  ( -0.9500000000000001776, 1.844118304745738346, -0.3499999999999980349 ) ) ;
#1605 = LINE ( 'NONE', #3439, #1161 ) ;
#1606 = LINE ( 'NONE', #4939, #4273 ) ;
#1607 = CARTESIAN_POINT ( 'NONE',  ( -0.9500000000000001776, 0.1000000000000000056, 1.450000000000000178 ) ) ;
#1608 = EDGE_CURVE ( 'NONE', #1709, #473, #449, .T. ) ;
#1609 = CARTESIAN_POINT ( 'NONE',  ( 0.9999999999999715783, 0.2000000000000000944, -1.250000000000018652 ) ) ;
#1610 = DIRECTION ( 'NONE',  ( 1.000000000000000000, 0.000000000000000000, -0.000000000000000000 ) ) ;
#1611 = CARTESIAN_POINT ( 'NONE',  ( -0.1250000000000071332, 0.000000000000000000, 0.1250000000000001388 ) ) ;
#1612 = ORIENTED_EDGE ( 'NONE', *, *, #376, .F. ) ;
#1613 = AXIS2_PLACEMENT_3D ( 'NONE', #2141, #3452, #1291 ) ;
#1614 = CARTESIAN_POINT ( 'NONE',  ( 0.1249999999999928807, 0.05000000000000000278, 0.1250000000000001388 ) ) ;
#1615 = DIRECTION ( 'NONE',  ( 0.000000000000000000, -1.000000000000000000, 0.000000000000000000 ) ) ;
#1616 = CARTESIAN_POINT ( 'NONE',  ( -0.9999999999999997780, 0.1000000000000000056, 0.5499999999999997113 ) ) ;
#1617 = STYLED_ITEM ( 'NONE', ( #3502 ), #4582 ) ;
#1618 = LINE ( 'NONE', #3022, #715 ) ;
#1619 = ORIENTED_EDGE ( 'NONE', *, *, #2294, .F. ) ;
#1620 = AXIS2_PLACEMENT_3D ( 'NONE', #3298, #1911, #3409 ) ;
#1621 = ORIENTED_EDGE ( 'NONE', *, *, #1030, .F. ) ;
#1622 = AXIS2_PLACEMENT_3D ( 'NONE', #1223, #4853, #5741 ) ;
#1623 = LINE ( 'NONE', #1685, #5323 ) ;
#1624 = EDGE_CURVE ( 'NONE', #1709, #5154, #1395, .T. ) ;
#1625 = VERTEX_POINT ( 'NONE', #1369 ) ;
#1626 = EDGE_LOOP ( 'NONE', ( #5819, #2897, #779, #1301 ) ) ;
#1627 = ORIENTED_EDGE ( 'NONE', *, *, #4132, .T. ) ;
#1628 = DIRECTION ( 'NONE',  ( 0.000000000000000000, 1.000000000000000000, 0.000000000000000000 ) ) ;
#1629 = VERTEX_POINT ( 'NONE', #3239 ) ;
#1630 = CARTESIAN_POINT ( 'NONE',  ( 0.7250000000000508260, 0.2000000000000000111, 0.6749999999999849454 ) ) ;
#1631 = ADVANCED_FACE ( 'NONE', ( #5521 ), #2832, .T. ) ;
#1633 = ADVANCED_FACE ( 'NONE', ( #2775 ), #3761, .T. ) ;
#1632 = VERTEX_POINT ( 'NONE', #925 ) ;
#1634 = CARTESIAN_POINT ( 'NONE',  ( -0.9999999999999997780, 0.1000000000000000056, 0.2999999999999994893 ) ) ;
#1635 = CARTESIAN_POINT ( 'NONE',  ( 0.7250000000000171863, 0.2000000000000000944, 0.2999999999999994893 ) ) ;
#1636 = CARTESIAN_POINT ( 'NONE',  ( -0.9999999999999997780, 0.1000000000000000056, -1.500000000000000000 ) ) ;
#1637 = ORIENTED_EDGE ( 'NONE', *, *, #3775, .T. ) ;
#1638 = DIRECTION ( 'NONE',  ( 0.000000000000000000, -1.000000000000000000, 0.000000000000000000 ) ) ;
#1639 = ORIENTED_EDGE ( 'NONE', *, *, #2437, .T. ) ;
#1640 = VECTOR ( 'NONE', #4335, 1000.000000000000000 ) ;
#1641 = LINE ( 'NONE', #971, #5795 ) ;
#1642 = LINE ( 'NONE', #1281, #2970 ) ;
#1643 = LINE ( 'NONE', #785, #5669 ) ;
#1644 = CARTESIAN_POINT ( 'NONE',  ( -0.7250000000000359490, 0.1000000000000000472, 0.3000000000000106470 ) ) ;
#1645 = ORIENTED_EDGE ( 'NONE', *, *, #3352, .T. ) ;
#1646 = LINE ( 'NONE', #1258, #5623 ) ;
#1647 = LINE ( 'NONE', #3482, #4271 ) ;
#1648 = DIRECTION ( 'NONE',  ( 0.000000000000000000, 0.000000000000000000, -1.000000000000000000 ) ) ;
#1649 = LINE ( 'NONE', #5711, #5779 ) ;
#1650 = ORIENTED_EDGE ( 'NONE', *, *, #3192, .T. ) ;
#1651 = ORIENTED_EDGE ( 'NONE', *, *, #4705, .T. ) ;
#1652 = DIRECTION ( 'NONE',  ( 0.000000000000000000, 0.000000000000000000, -1.000000000000000000 ) ) ;
#1653 = CIRCLE ( 'NONE', #5763, 0.1250000000000125733 ) ;
#1654 = VERTEX_POINT ( 'NONE', #3406 ) ;
#1655 = ORIENTED_EDGE ( 'NONE', *, *, #1349, .T. ) ;
#1656 = EDGE_LOOP ( 'NONE', ( #5467, #1028, #2595, #1619, #389, #5431 ) ) ;
#1657 = PRESENTATION_LAYER_ASSIGNMENT (  '', '', ( #5293 ) ) ;
#1658 = DIRECTION ( 'NONE',  ( -0.000000000000000000, -1.000000000000000000, -0.000000000000000000 ) ) ;
#1659 = ORIENTED_EDGE ( 'NONE', *, *, #4705, .F. ) ;
#1660 = EDGE_CURVE ( 'NONE', #245, #3974, #4211, .T. ) ;
#1661 = EDGE_CURVE ( 'NONE', #1535, #5074, #1061, .T. ) ;
#1662 = CARTESIAN_POINT ( 'NONE',  ( -0.1250000000000071332, 0.04999999999999999584, -1.450000000000000178 ) ) ;
#1663 = CIRCLE ( 'NONE', #5394, 0.1250000000000106859 ) ;
#1664 = ORIENTED_EDGE ( 'NONE', *, *, #4928, .F. ) ;
#1665 = CYLINDRICAL_SURFACE ( 'NONE', #3592, 0.1250000000000107414 ) ;
#1666 = CARTESIAN_POINT ( 'NONE',  ( -0.6999999999999998446, 0.9000000000000000222, -1.200000000000000178 ) ) ;
#1667 = FACE_OUTER_BOUND ( 'NONE', #4197, .T. ) ;
#1668 = ORIENTED_EDGE ( 'NONE', *, *, #5067, .T. ) ;
#1669 = CIRCLE ( 'NONE', #3971, 0.1250000000000105194 ) ;
#1670 = AXIS2_PLACEMENT_3D ( 'NONE', #2528, #4470, #4438 ) ;
#1671 = EDGE_CURVE ( 'NONE', #2743, #2326, #2422, .T. ) ;
#1672 = ADVANCED_FACE ( 'NONE', ( #4269 ), #611, .F. ) ;
#1673 = DIRECTION ( 'NONE',  ( 0.000000000000000000, 1.000000000000000000, -0.000000000000000000 ) ) ;
#1674 = CARTESIAN_POINT ( 'NONE',  ( 0.9999999999999783507, 0.2000000000000000111, -0.6000000000000187406 ) ) ;
#1675 = DIRECTION ( 'NONE',  ( 0.000000000000000000, 1.000000000000000000, 0.000000000000000000 ) ) ;
#1676 = CARTESIAN_POINT ( 'NONE',  ( 0.1249999999999928807, 0.1000000000000000472, 0.1250000000000001388 ) ) ;
#1677 = ORIENTED_EDGE ( 'NONE', *, *, #2174, .T. ) ;
#1678 = DIRECTION ( 'NONE',  ( 0.000000000000000000, 1.000000000000000000, 0.000000000000000000 ) ) ;
#1679 = LINE ( 'NONE', #339, #4094 ) ;
#1680 = DIRECTION ( 'NONE',  ( 0.000000000000000000, 1.000000000000000000, 0.000000000000000000 ) ) ;
#1681 = FACE_OUTER_BOUND ( 'NONE', #737, .T. ) ;
#1682 = ADVANCED_FACE ( 'NONE', ( #2943 ), #4237, .T. ) ;
#1683 = EDGE_LOOP ( 'NONE', ( #10, #3261, #3907, #1684 ) ) ;
#1684 = ORIENTED_EDGE ( 'NONE', *, *, #3322, .T. ) ;
#1685 = CARTESIAN_POINT ( 'NONE',  ( -0.7250000000000410560, 0.1000000000000000472, 0.04999999999998928912 ) ) ;
#1686 = VECTOR ( 'NONE', #3843, 1000.000000000000000 ) ;
#1687 = ORIENTED_EDGE ( 'NONE', *, *, #5439, .F. ) ;
#1688 = VECTOR ( 'NONE', #5209, 1000.000000000000000 ) ;
#1689 = ORIENTED_EDGE ( 'NONE', *, *, #3088, .T. ) ;
#1690 = CARTESIAN_POINT ( 'NONE',  ( -0.7250000000000392797, 0.2000000000000000944, -0.6000000000000085265 ) ) ;
#1691 = ORIENTED_EDGE ( 'NONE', *, *, #5778, .F. ) ;
#1692 = LINE ( 'NONE', #3528, #5813 ) ;
#1693 = VECTOR ( 'NONE', #4889, 1000.000000000000000 ) ;
#1694 = VERTEX_POINT ( 'NONE', #144 ) ;
#1695 = DIRECTION ( 'NONE',  ( 1.000000000000000000, 0.000000000000000000, 0.000000000000000000 ) ) ;
#1696 = CARTESIAN_POINT ( 'NONE',  ( -0.9999999999999997780, 0.1000000000000000056, 0.7999999999999994893 ) ) ;
#1697 = VECTOR ( 'NONE', #3757, 1000.000000000000000 ) ;
#1698 = CARTESIAN_POINT ( 'NONE',  ( -0.9500000000000001776, 0.1000000000000000056, -1.450000000000000178 ) ) ;
#1699 = ORIENTED_EDGE ( 'NONE', *, *, #2443, .T. ) ;
#1700 = ADVANCED_FACE ( 'NONE', ( #644 ), #5583, .F. ) ;
#1701 = ADVANCED_FACE ( 'NONE', ( #1992 ), #5698, .F. ) ;
#1702 = DIRECTION ( 'NONE',  ( 1.000000000000000000, 0.000000000000000000, -8.121659910255104064E-14 ) ) ;
#1703 = DIRECTION ( 'NONE',  ( 0.000000000000000000, 0.000000000000000000, 1.000000000000000000 ) ) ;
#1704 = FACE_OUTER_BOUND ( 'NONE', #4354, .T. ) ;
#1705 = VERTEX_POINT ( 'NONE', #4725 ) ;
#1706 = CARTESIAN_POINT ( 'NONE',  ( -0.9999999999999997780, 0.2000000000000000111, -1.000000000000000000 ) ) ;
#1707 = SURFACE_STYLE_USAGE ( .BOTH. , #3930 ) ;
#1708 = CARTESIAN_POINT ( 'NONE',  ( -0.1250000000000071332, 1.844118304745738346, 0.1250000000000001388 ) ) ;
#1709 = VERTEX_POINT ( 'NONE', #5196 ) ;
#1710 = ADVANCED_FACE ( 'NONE', ( #4304 ), #208, .T. ) ;
#1711 = AXIS2_PLACEMENT_3D ( 'NONE', #2312, #2773, #2282 ) ;
#1712 = CYLINDRICAL_SURFACE ( 'NONE', #3810, 0.1250000000000105194 ) ;
#1713 = DIRECTION ( 'NONE',  ( 0.000000000000000000, 1.000000000000000000, 0.000000000000000000 ) ) ;
#1714 = EDGE_LOOP ( 'NONE', ( #769, #2787, #2935, #1244 ) ) ;
#1715 = AXIS2_PLACEMENT_3D ( 'NONE', #4413, #5848, #4893 ) ;
#1716 = ORIENTED_EDGE ( 'NONE', *, *, #3988, .F. ) ;
#1717 = VECTOR ( 'NONE', #4480, 1000.000000000000000 ) ;
#1718 = FACE_OUTER_BOUND ( 'NONE', #2440, .T. ) ;
#1719 = ADVANCED_FACE ( 'NONE', ( #3855 ), #1574, .T. ) ;
#1720 = ORIENTED_EDGE ( 'NONE', *, *, #3712, .T. ) ;
#1721 = VECTOR ( 'NONE', #3217, 1000.000000000000000 ) ;
#1722 = ORIENTED_EDGE ( 'NONE', *, *, #766, .T. ) ;
#1723 = VECTOR ( 'NONE', #3538, 1000.000000000000000 ) ;
#1724 = EDGE_CURVE ( 'NONE', #4656, #5133, #2974, .T. ) ;
#1725 = ORIENTED_EDGE ( 'NONE', *, *, #2404, .F. ) ;
#1726 = FILL_AREA_STYLE ('',( #4605 ) ) ;
#1727 = VECTOR ( 'NONE', #2551, 1000.000000000000000 ) ;
#1728 = VECTOR ( 'NONE', #1536, 1000.000000000000000 ) ;
#1729 = CARTESIAN_POINT ( 'NONE',  ( 1.000000000000029088, 0.2000000000000000111, 0.04999999999997454397 ) ) ;
#1730 = PLANE ( 'NONE',  #2809 ) ;
#1731 = LINE ( 'NONE', #5351, #1974 ) ;
#1732 = ORIENTED_EDGE ( 'NONE', *, *, #5129, .F. ) ;
#1733 = DIRECTION ( 'NONE',  ( -0.000000000000000000, 1.000000000000000000, -0.000000000000000000 ) ) ;
#1734 = LINE ( 'NONE', #3568, #665 ) ;
#1735 = CARTESIAN_POINT ( 'NONE',  ( -0.4999999999999872324, 0.2000000000000000111, 1.099999999999989431 ) ) ;
#1736 = CARTESIAN_POINT ( 'NONE',  ( 1.279358563532895232E-14, 1.844118304745738346, 1.224999999999999867 ) ) ;
#1737 = ORIENTED_EDGE ( 'NONE', *, *, #1366, .F. ) ;
#1738 = AXIS2_PLACEMENT_3D ( 'NONE', #443, #4104, #2307 ) ;
#1739 = DIRECTION ( 'NONE',  ( 0.000000000000000000, 0.000000000000000000, 1.000000000000000000 ) ) ;
#1740 = DIRECTION ( 'NONE',  ( 0.000000000000000000, -1.000000000000000000, 0.000000000000000000 ) ) ;
#1741 = ORIENTED_EDGE ( 'NONE', *, *, #932, .T. ) ;
#1742 = ADVANCED_FACE ( 'NONE', ( #234 ), #2455, .T. ) ;
#1743 = PRESENTATION_LAYER_ASSIGNMENT (  '', '', ( #5075 ) ) ;
#1744 = FACE_OUTER_BOUND ( 'NONE', #1894, .T. ) ;
#1745 = DIRECTION ( 'NONE',  ( 0.000000000000000000, -1.000000000000000000, 0.000000000000000000 ) ) ;
#1746 = ORIENTED_EDGE ( 'NONE', *, *, #2505, .F. ) ;
#1747 = EDGE_LOOP ( 'NONE', ( #5544, #650, #3880, #5632 ) ) ;
#1748 = EDGE_CURVE ( 'NONE', #2544, #827, #3885, .T. ) ;
#1749 = ADVANCED_FACE ( 'NONE', ( #3438 ), #554, .F. ) ;
#1750 = LINE ( 'NONE', #2699, #5417 ) ;
#1751 = ORIENTED_EDGE ( 'NONE', *, *, #531, .T. ) ;
#1752 = LINE ( 'NONE', #2732, #86 ) ;
#1753 = VERTEX_POINT ( 'NONE', #1033 ) ;
#1754 = ORIENTED_EDGE ( 'NONE', *, *, #4532, .F. ) ;
#1755 = DIRECTION ( 'NONE',  ( 0.000000000000000000, -0.000000000000000000, 1.000000000000000000 ) ) ;
#1756 = CLOSED_SHELL ( 'NONE', ( #1701, #1749, #1919, #916, #1796, #5324, #4722, #1296 ) ) ;
#1757 = PLANE ( 'NONE',  #192 ) ;
#1758 = DIRECTION ( 'NONE',  ( 0.000000000000000000, 0.000000000000000000, 1.000000000000000000 ) ) ;
#1759 = LINE ( 'NONE', #1150, #3960 ) ;
#1760 = ORIENTED_EDGE ( 'NONE', *, *, #3743, .F. ) ;
#1761 = DIRECTION ( 'NONE',  ( 0.000000000000000000, -0.000000000000000000, 1.000000000000000000 ) ) ;
#1762 = LINE ( 'NONE', #3624, #394 ) ;
#1763 = CARTESIAN_POINT ( 'NONE',  ( 0.1249999999999928807, 0.2000000000000000944, 0.1250000000000001388 ) ) ;
#1764 = CARTESIAN_POINT ( 'NONE',  ( 0.7250000000000490497, 0.2000000000000000111, 0.04999999999997232353 ) ) ;
#1765 = AXIS2_PLACEMENT_3D ( 'NONE', #3362, #2507, #2436 ) ;
#1766 = ORIENTED_EDGE ( 'NONE', *, *, #8, .T. ) ;
#1767 = CARTESIAN_POINT ( 'NONE',  ( -0.1249999999999977240, 0.2000000000000000111, 1.224999999999999867 ) ) ;
#1768 = FACE_OUTER_BOUND ( 'NONE', #3565, .T. ) ;
#1769 = ORIENTED_EDGE ( 'NONE', *, *, #55, .F. ) ;
#1770 = EDGE_CURVE ( 'NONE', #3524, #3875, #1157, .T. ) ;
#1771 = DIRECTION ( 'NONE',  ( -0.000000000000000000, -1.000000000000000000, -0.000000000000000000 ) ) ;
#1772 = LINE ( 'NONE', #3601, #4773 ) ;
#1773 = EDGE_CURVE ( 'NONE', #4140, #2180, #4816, .T. ) ;
#1774 = VERTEX_POINT ( 'NONE', #3800 ) ;
#1775 = LINE ( 'NONE', #1356, #5421 ) ;
#1776 = EDGE_CURVE ( 'NONE', #668, #5162, #585, .T. ) ;
#1777 = EDGE_LOOP ( 'NONE', ( #5906, #5343, #3841, #2081, #3655, #1372 ) ) ;
#1778 = LINE ( 'NONE', #408, #2789 ) ;
#1779 = EDGE_CURVE ( 'NONE', #3772, #3306, #939, .T. ) ;
#1780 = ORIENTED_EDGE ( 'NONE', *, *, #2616, .T. ) ;
#1781 = ORIENTED_EDGE ( 'NONE', *, *, #3245, .F. ) ;
#1782 = ORIENTED_EDGE ( 'NONE', *, *, #1187, .T. ) ;
#1783 = PRESENTATION_LAYER_ASSIGNMENT (  '', '', ( #1334 ) ) ;
#1784 = EDGE_CURVE ( 'NONE', #5316, #591, #1551, .T. ) ;
#1785 = LINE ( 'NONE', #1729, #5252 ) ;
#1786 = DIRECTION ( 'NONE',  ( 0.000000000000000000, 0.000000000000000000, -1.000000000000000000 ) ) ;
#1787 = DIRECTION ( 'NONE',  ( 0.000000000000000000, -1.000000000000000000, 0.000000000000000000 ) ) ;
#1788 = EDGE_LOOP ( 'NONE', ( #2540, #1235, #2354, #5278 ) ) ;
#1789 = LINE ( 'NONE', #3567, #3314 ) ;
#1790 = AXIS2_PLACEMENT_3D ( 'NONE', #5121, #1015, #5152 ) ;
#1791 = AXIS2_PLACEMENT_3D ( 'NONE', #5844, #3573, #1288 ) ;
#1792 = LINE ( 'NONE', #1823, #4035 ) ;
#1793 = FACE_OUTER_BOUND ( 'NONE', #3331, .T. ) ;
#1794 = CARTESIAN_POINT ( 'NONE',  ( 0.1249999999999928529, 0.1000000000000000056, -1.450000000000000178 ) ) ;
#1795 = AXIS2_PLACEMENT_3D ( 'NONE', #2931, #4227, #1079 ) ;
#1796 = ADVANCED_FACE ( 'NONE', ( #5615 ), #966, .F. ) ;
#1797 = EDGE_LOOP ( 'NONE', ( #3174, #1316, #2344, #1829 ) ) ;
#1798 = CARTESIAN_POINT ( 'NONE',  ( -0.9500000000000001776, 0.1000000000000000056, 1.450000000000000178 ) ) ;
#1799 = EDGE_CURVE ( 'NONE', #4517, #3645, #1100, .T. ) ;
#1800 = ORIENTED_EDGE ( 'NONE', *, *, #5513, .T. ) ;
#1801 = AXIS2_PLACEMENT_3D ( 'NONE', #4828, #619, #725 ) ;
#1802 = DIRECTION ( 'NONE',  ( 1.000000000000000000, 0.000000000000000000, 0.000000000000000000 ) ) ;
#1803 = FACE_OUTER_BOUND ( 'NONE', #5873, .T. ) ;
#1804 =( NAMED_UNIT ( * ) PLANE_ANGLE_UNIT ( ) SI_UNIT ( $, .RADIAN. ) );
#1805 = CARTESIAN_POINT ( 'NONE',  ( 0.7250000000000508260, 0.000000000000000000, 0.6749999999999849454 ) ) ;
#1806 = CARTESIAN_POINT ( 'NONE',  ( 0.7250000000000508260, 0.1000000000000000472, 0.5499999999999741762 ) ) ;
#1807 = ADVANCED_FACE ( 'NONE', ( #5041 ), #3358, .T. ) ;
#1808 = ORIENTED_EDGE ( 'NONE', *, *, #2132, .T. ) ;
#1809 = VECTOR ( 'NONE', #5456, 1000.000000000000000 ) ;
#1810 = VERTEX_POINT ( 'NONE', #1580 ) ;
#1811 = UNCERTAINTY_MEASURE_WITH_UNIT (LENGTH_MEASURE( 1.000000000000000082E-05 ), #4700, 'distance_accuracy_value', 'NONE');
#1812 = EDGE_CURVE ( 'NONE', #5410, #3656, #3865, .T. ) ;
#1813 = VERTEX_POINT ( 'NONE', #618 ) ;
#1814 = VECTOR ( 'NONE', #3683, 1000.000000000000000 ) ;
#1815 = VECTOR ( 'NONE', #4505, 1000.000000000000000 ) ;
#1816 = CARTESIAN_POINT ( 'NONE',  ( -0.1250000000000071332, 0.2000000000000000111, 0.1250000000000001388 ) ) ;
#1817 = PRESENTATION_STYLE_ASSIGNMENT (( #3620 ) ) ;
#1818 = VERTEX_POINT ( 'NONE', #653 ) ;
#1819 = ORIENTED_EDGE ( 'NONE', *, *, #4670, .F. ) ;
#1820 = VECTOR ( 'NONE', #3751, 1000.000000000000000 ) ;
#1821 = EDGE_CURVE ( 'NONE', #4709, #4375, #2464, .T. ) ;
#1822 = ADVANCED_FACE ( 'NONE', ( #4602 ), #491, .T. ) ;
#1823 = CARTESIAN_POINT ( 'NONE',  ( 0.7250000000000171863, 0.2000000000000000111, 0.2999999999999994893 ) ) ;
#1824 = DIRECTION ( 'NONE',  ( 0.000000000000000000, 1.000000000000000000, 0.000000000000000000 ) ) ;
#1825 = DIRECTION ( 'NONE',  ( 0.000000000000000000, 0.000000000000000000, -1.000000000000000000 ) ) ;
#1826 = ORIENTED_EDGE ( 'NONE', *, *, #3191, .F. ) ;
#1827 = CARTESIAN_POINT ( 'NONE',  ( 0.7250000000000098588, 0.1000000000000000056, -1.250000000000037081 ) ) ;
#1828 = VERTEX_POINT ( 'NONE', #4147 ) ;
#1829 = ORIENTED_EDGE ( 'NONE', *, *, #2401, .F. ) ;
#1830 = DIRECTION ( 'NONE',  ( 0.000000000000000000, 0.000000000000000000, -1.000000000000000000 ) ) ;
#1831 = LINE ( 'NONE', #2755, #1900 ) ;
#1832 = PLANE ( 'NONE',  #77 ) ;
#1833 = AXIS2_PLACEMENT_3D ( 'NONE', #713, #4818, #3071 ) ;
#1834 = FACE_OUTER_BOUND ( 'NONE', #2237, .T. ) ;
#1835 = ORIENTED_EDGE ( 'NONE', *, *, #4223, .T. ) ;
#1836 = ORIENTED_EDGE ( 'NONE', *, *, #3088, .F. ) ;
#1837 = FACE_OUTER_BOUND ( 'NONE', #3689, .T. ) ;
#1838 = ORIENTED_EDGE ( 'NONE', *, *, #5610, .F. ) ;
#1839 = DIRECTION ( 'NONE',  ( 0.000000000000000000, 1.000000000000000000, 0.000000000000000000 ) ) ;
#1840 = EDGE_CURVE ( 'NONE', #5204, #2965, #3413, .T. ) ;
#1841 = SURFACE_STYLE_FILL_AREA ( #1388 ) ;
#1842 = CYLINDRICAL_SURFACE ( 'NONE', #3380, 0.1250000000000125733 ) ;
#1843 = ORIENTED_EDGE ( 'NONE', *, *, #2173, .T. ) ;
#1844 = DIRECTION ( 'NONE',  ( 0.000000000000000000, -0.000000000000000000, 1.000000000000000000 ) ) ;
#1845 = EDGE_CURVE ( 'NONE', #2295, #3690, #1969, .T. ) ;
#1846 = CARTESIAN_POINT ( 'NONE',  ( -0.6000000000000262901, 1.844118304745738346, -1.250000000000022427 ) ) ;
#1847 = CARTESIAN_POINT ( 'NONE',  ( -0.9500000000000001776, 0.000000000000000000, -0.9999999999999913403 ) ) ;
#1848 = CARTESIAN_POINT ( 'NONE',  ( -0.1250000000000071332, 0.2000000000000000111, 0.1250000000000001388 ) ) ;
#1849 = EDGE_CURVE ( 'NONE', #5840, #2868, #151, .T. ) ;
#1850 = ADVANCED_FACE ( 'NONE', ( #217 ), #183, .F. ) ;
#1851 = CARTESIAN_POINT ( 'NONE',  ( -0.9500000000000001776, 0.000000000000000000, -0.6000000000000018652 ) ) ;
#1852 = ORIENTED_EDGE ( 'NONE', *, *, #2847, .T. ) ;
#1853 = ORIENTED_EDGE ( 'NONE', *, *, #4238, .T. ) ;
#1854 = ORIENTED_EDGE ( 'NONE', *, *, #4265, .F. ) ;
#1855 = STYLED_ITEM ( 'NONE', ( #3797 ), #2592 ) ;
#1856 = DIRECTION ( 'NONE',  ( 0.000000000000000000, 0.000000000000000000, -1.000000000000000000 ) ) ;
#1857 = DIRECTION ( 'NONE',  ( 4.060829955128111177E-14, 0.000000000000000000, -1.000000000000000000 ) ) ;
#1858 = DIRECTION ( 'NONE',  ( 0.000000000000000000, -0.000000000000000000, -1.000000000000000000 ) ) ;
#1859 = AXIS2_PLACEMENT_3D ( 'NONE', #5211, #3392, #1105 ) ;
#1860 = VECTOR ( 'NONE', #5912, 1000.000000000000000 ) ;
#1861 = DIRECTION ( 'NONE',  ( 0.000000000000000000, 1.000000000000000000, 0.000000000000000000 ) ) ;
#1862 = ORIENTED_EDGE ( 'NONE', *, *, #4644, .F. ) ;
#1863 = DIRECTION ( 'NONE',  ( 0.000000000000000000, -1.000000000000000000, 0.000000000000000000 ) ) ;
#1864 = ORIENTED_EDGE ( 'NONE', *, *, #1077, .T. ) ;
#1865 = ORIENTED_EDGE ( 'NONE', *, *, #3558, .F. ) ;
#1866 = ORIENTED_EDGE ( 'NONE', *, *, #1849, .T. ) ;
#1867 = LINE ( 'NONE', #4258, #4029 ) ;
#1868 = CARTESIAN_POINT ( 'NONE',  ( -0.7250000000000367262, 0.000000000000000000, 0.6750000000000000444 ) ) ;
#1869 = VERTEX_POINT ( 'NONE', #5510 ) ;
#1870 = VERTEX_POINT ( 'NONE', #1521 ) ;
#1871 = CARTESIAN_POINT ( 'NONE',  ( -0.3749999999999765743, 0.1000000000000000056, 1.450000000000000178 ) ) ;
#1872 = VECTOR ( 'NONE', #74, 1000.000000000000000 ) ;
#1873 = DIRECTION ( 'NONE',  ( 0.000000000000000000, 0.000000000000000000, -1.000000000000000000 ) ) ;
#1874 = DIRECTION ( 'NONE',  ( 1.000000000000000000, 0.000000000000000000, 0.000000000000000000 ) ) ;
#1875 = DIRECTION ( 'NONE',  ( 0.000000000000000000, 0.000000000000000000, 1.000000000000000000 ) ) ;
#1877 = EDGE_CURVE ( 'NONE', #1074, #1560, #5708, .T. ) ;
#1876 = FACE_OUTER_BOUND ( 'NONE', #2664, .T. ) ;
#1878 = VECTOR ( 'NONE', #4539, 1000.000000000000000 ) ;
#1879 = FILL_AREA_STYLE ('',( #3828 ) ) ;
#1880 = ORIENTED_EDGE ( 'NONE', *, *, #174, .T. ) ;
#1881 = EDGE_LOOP ( 'NONE', ( #3831, #5785, #2644, #2151, #1979, #225 ) ) ;
#1882 = VECTOR ( 'NONE', #2483, 1000.000000000000000 ) ;
#1883 = APPLICATION_CONTEXT ( 'automotive_design' ) ;
#1884 = CARTESIAN_POINT ( 'NONE',  ( 0.9500000000000002887, 0.1000000000000000056, -1.450000000000000178 ) ) ;
#1885 = FACE_OUTER_BOUND ( 'NONE', #4795, .T. ) ;
#1886 = VECTOR ( 'NONE', #338, 1000.000000000000000 ) ;
#1887 = CARTESIAN_POINT ( 'NONE',  ( 0.000000000000000000, 0.1000000000000000056, 0.000000000000000000 ) ) ;
#1888 = CARTESIAN_POINT ( 'NONE',  ( 0.7250000000000098588, 0.2000000000000000111, -1.250000000000037081 ) ) ;
#1889 = EDGE_CURVE ( 'NONE', #3058, #2688, #2501, .T. ) ;
#1890 = ORIENTED_EDGE ( 'NONE', *, *, #2484, .T. ) ;
#1891 = ORIENTED_EDGE ( 'NONE', *, *, #5570, .F. ) ;
#1892 = DIRECTION ( 'NONE',  ( 0.000000000000000000, 1.000000000000000000, 0.000000000000000000 ) ) ;
#1893 = ORIENTED_EDGE ( 'NONE', *, *, #3290, .T. ) ;
#1894 = EDGE_LOOP ( 'NONE', ( #2157, #5127, #4580, #2624 ) ) ;
#1895 = CIRCLE ( 'NONE', #1711, 0.1250000000000105194 ) ;
#1896 = LINE ( 'NONE', #3725, #390 ) ;
#1897 = SURFACE_STYLE_FILL_AREA ( #2479 ) ;
#1898 = DIRECTION ( 'NONE',  ( 0.000000000000000000, -0.000000000000000000, 1.000000000000000000 ) ) ;
#1899 = ORIENTED_EDGE ( 'NONE', *, *, #1480, .T. ) ;
#1900 = VECTOR ( 'NONE', #5062, 1000.000000000000000 ) ;
#1901 = LINE ( 'NONE', #1003, #541 ) ;
#1902 = VECTOR ( 'NONE', #1219, 1000.000000000000000 ) ;
#1903 = DIRECTION ( 'NONE',  ( 0.000000000000000000, 0.000000000000000000, 1.000000000000000000 ) ) ;
#1904 = CARTESIAN_POINT ( 'NONE',  ( 0.7250000000000508260, 1.844118304745738346, 0.5499999999999741762 ) ) ;
#1905 = DIRECTION ( 'NONE',  ( 0.000000000000000000, -1.000000000000000000, 0.000000000000000000 ) ) ;
#1906 = AXIS2_PLACEMENT_3D ( 'NONE', #4191, #5477, #1856 ) ;
#1907 = PLANE ( 'NONE',  #2721 ) ;
#1908 = AXIS2_PLACEMENT_3D ( 'NONE', #754, #5327, #5773 ) ;
#1909 = VERTEX_POINT ( 'NONE', #5072 ) ;
#1910 = AXIS2_PLACEMENT_3D ( 'NONE', #2559, #2166, #3990 ) ;
#1911 = DIRECTION ( 'NONE',  ( 0.000000000000000000, -1.000000000000000000, 0.000000000000000000 ) ) ;
#1912 =( NAMED_UNIT ( * ) PLANE_ANGLE_UNIT ( ) SI_UNIT ( $, .RADIAN. ) );
#1913 = CARTESIAN_POINT ( 'NONE',  ( -0.1249999999999977240, 0.1000000000000000056, 1.450000000000000178 ) ) ;
#1914 = EDGE_CURVE ( 'NONE', #604, #2136, #4796, .T. ) ;
#1915 = EDGE_CURVE ( 'NONE', #3083, #4198, #1646, .T. ) ;
#1916 = DIRECTION ( 'NONE',  ( -1.000000000000000000, 0.000000000000000000, 0.000000000000000000 ) ) ;
#1917 = DIRECTION ( 'NONE',  ( 0.000000000000000000, -0.000000000000000000, -1.000000000000000000 ) ) ;
#1918 = ORIENTED_EDGE ( 'NONE', *, *, #185, .T. ) ;
#1919 = ADVANCED_FACE ( 'NONE', ( #1199 ), #3080, .T. ) ;
#1920 = ADVANCED_FACE ( 'NONE', ( #5841 ), #2100, .F. ) ;
#1921 = ORIENTED_EDGE ( 'NONE', *, *, #3705, .F. ) ;
#1922 = DIRECTION ( 'NONE',  ( -0.000000000000000000, 1.000000000000000000, 0.000000000000000000 ) ) ;
#1923 = ORIENTED_EDGE ( 'NONE', *, *, #3908, .F. ) ;
#1924 = VERTEX_POINT ( 'NONE', #2137 ) ;
#1925 = COLOUR_RGB ( '',1.000000000000000000, 1.000000000000000000, 1.000000000000000000 ) ;
#1926 = CARTESIAN_POINT ( 'NONE',  ( -0.6249999999999977796, 0.04999999999999999584, 1.450000000000000178 ) ) ;
#1927 = ORIENTED_EDGE ( 'NONE', *, *, #901, .F. ) ;
#1928 = DIRECTION ( 'NONE',  ( -0.000000000000000000, 1.000000000000000000, -0.000000000000000000 ) ) ;
#1929 = VERTEX_POINT ( 'NONE', #3994 ) ;
#1930 = CARTESIAN_POINT ( 'NONE',  ( -0.9999999999999997780, 0.2000000000000000944, -1.000000000000000000 ) ) ;
#1931 = CARTESIAN_POINT ( 'NONE',  ( -0.4999999999999872324, 0.2000000000000000944, 1.224999999999999867 ) ) ;
#1932 = LINE ( 'NONE', #5666, #2839 ) ;
#1933 = CARTESIAN_POINT ( 'NONE',  ( 0.7250000000000165201, 1.844118304745738346, -0.6000000000000372813 ) ) ;
#1934 = LINE ( 'NONE', #4790, #3364 ) ;
#1935 =( LENGTH_UNIT ( ) NAMED_UNIT ( * ) SI_UNIT ( .MILLI., .METRE. ) );
#1936 = CLOSED_SHELL ( 'NONE', ( #3351, #2927, #32, #350, #1700, #1807, #973, #4504 ) ) ;
#1937 = DIRECTION ( 'NONE',  ( -1.000000000000000000, 0.000000000000000000, -0.000000000000000000 ) ) ;
#1938 = DIRECTION ( 'NONE',  ( -0.000000000000000000, -1.000000000000000000, -0.000000000000000000 ) ) ;
#1939 = CARTESIAN_POINT ( 'NONE',  ( -0.9500000000000001776, 0.1000000000000000056, 1.450000000000000178 ) ) ;
#1940 = VECTOR ( 'NONE', #4169, 1000.000000000000000 ) ;
#1941 = DIRECTION ( 'NONE',  ( -0.000000000000000000, 1.000000000000000000, -0.000000000000000000 ) ) ;
#1942 = DIRECTION ( 'NONE',  ( 1.971276677246371272E-16, 0.000000000000000000, 1.000000000000000000 ) ) ;
#1943 = EDGE_CURVE ( 'NONE', #4709, #1018, #1225, .T. ) ;
#1944 = ORIENTED_EDGE ( 'NONE', *, *, #3222, .T. ) ;
#1945 = VECTOR ( 'NONE', #2096, 1000.000000000000000 ) ;
#1946 = ADVANCED_FACE ( 'NONE', ( #4408 ), #2229, .F. ) ;
#1947 = ORIENTED_EDGE ( 'NONE', *, *, #4928, .T. ) ;
#1948 = DIRECTION ( 'NONE',  ( 1.000000000000000000, -0.000000000000000000, 4.869053392799455353E-14 ) ) ;
#1949 = EDGE_CURVE ( 'NONE', #2013, #1083, #4856, .T. ) ;
#1950 = VERTEX_POINT ( 'NONE', #1614 ) ;
#1951 = EDGE_CURVE ( 'NONE', #5484, #2905, #3572, .T. ) ;
#1952 = DIRECTION ( 'NONE',  ( 1.000000000000000000, 0.000000000000000000, -5.583641188300717653E-14 ) ) ;
#1953 = ORIENTED_EDGE ( 'NONE', *, *, #3419, .F. ) ;
#1954 = CARTESIAN_POINT ( 'NONE',  ( 0.7250000000000490497, 1.844118304745738346, 0.04999999999997232353 ) ) ;
#1955 = FACE_OUTER_BOUND ( 'NONE', #2119, .T. ) ;
#1956 = ORIENTED_EDGE ( 'NONE', *, *, #2404, .T. ) ;
#1957 = DIRECTION ( 'NONE',  ( 0.000000000000000000, 0.000000000000000000, 1.000000000000000000 ) ) ;
#1958 = ADVANCED_FACE ( 'NONE', ( #307 ), #3017, .T. ) ;
#1959 = FACE_OUTER_BOUND ( 'NONE', #4067, .T. ) ;
#1960 = LINE ( 'NONE', #3377, #4455 ) ;
#1961 = CARTESIAN_POINT ( 'NONE',  ( 1.279358563532895232E-14, 0.2000000000000000111, 1.224999999999999867 ) ) ;
#1962 = LINE ( 'NONE', #2027, #3939 ) ;
#1963 = DIRECTION ( 'NONE',  ( 0.000000000000000000, 0.000000000000000000, 1.000000000000000000 ) ) ;
#1964 = LINE ( 'NONE', #2526, #2304 ) ;
#1965 = SURFACE_SIDE_STYLE ('',( #4731 ) ) ;
#1966 = CARTESIAN_POINT ( 'NONE',  ( -0.6999999999999998446, 0.9000000000000000222, -1.200000000000000178 ) ) ;
#1967 = ORIENTED_EDGE ( 'NONE', *, *, #4133, .T. ) ;
#1968 = ADVANCED_FACE ( 'NONE', ( #3140 ), #4024, .T. ) ;
#1969 = LINE ( 'NONE', #43, #2602 ) ;
#1970 = CARTESIAN_POINT ( 'NONE',  ( 0.5000000000000127676, 0.2000000000000000111, 1.224999999999999867 ) ) ;
#1971 = LINE ( 'NONE', #3361, #4374 ) ;
#1972 = AXIS2_PLACEMENT_3D ( 'NONE', #1323, #3603, #462 ) ;
#1973 = DIRECTION ( 'NONE',  ( 0.000000000000000000, -1.000000000000000000, 0.000000000000000000 ) ) ;
#1974 = VECTOR ( 'NONE', #5701, 1000.000000000000000 ) ;
#1975 = VECTOR ( 'NONE', #3881, 1000.000000000000000 ) ;
#1976 = ORIENTED_EDGE ( 'NONE', *, *, #464, .T. ) ;
#1977 = VERTEX_POINT ( 'NONE', #3480 ) ;
#1978 = CARTESIAN_POINT ( 'NONE',  ( -0.9999999999999997780, 0.1000000000000000056, -1.500000000000000000 ) ) ;
#1979 = ORIENTED_EDGE ( 'NONE', *, *, #1354, .F. ) ;
#1980 = VERTEX_POINT ( 'NONE', #2200 ) ;
#1981 = DIRECTION ( 'NONE',  ( -0.000000000000000000, -1.000000000000000000, -0.000000000000000000 ) ) ;
#1982 = ORIENTED_EDGE ( 'NONE', *, *, #3043, .T. ) ;
#1983 = LINE ( 'NONE', #3814, #1728 ) ;
#1984 = LINE ( 'NONE', #576, #1275 ) ;
#1985 = ORIENTED_EDGE ( 'NONE', *, *, #4664, .F. ) ;
#1986 = EDGE_CURVE ( 'NONE', #3578, #3479, #4827, .T. ) ;
#1987 = CARTESIAN_POINT ( 'NONE',  ( -0.1250000000000071332, 0.2000000000000000944, 0.1250000000000001388 ) ) ;
#1988 = ORIENTED_EDGE ( 'NONE', *, *, #5753, .F. ) ;
#1989 = ADVANCED_FACE ( 'NONE', ( #724 ), #2689, .T. ) ;
#1990 = PLANE ( 'NONE',  #958 ) ;
#1991 = DIRECTION ( 'NONE',  ( -1.000000000000000000, 0.000000000000000000, 0.000000000000000000 ) ) ;
#1992 = FACE_OUTER_BOUND ( 'NONE', #5040, .T. ) ;
#1993 = CARTESIAN_POINT ( 'NONE',  ( -0.7250000000000410560, 0.2000000000000000111, 0.04999999999998928912 ) ) ;
#1994 = STYLED_ITEM ( 'NONE', ( #3295 ), #4508 ) ;
#1995 = EDGE_CURVE ( 'NONE', #1694, #735, #820, .T. ) ;
#1996 = ADVANCED_FACE ( 'NONE', ( #3929 ), #2170, .F. ) ;
#1997 = AXIS2_PLACEMENT_3D ( 'NONE', #2765, #4578, #4491 ) ;
#1998 = DIRECTION ( 'NONE',  ( -0.000000000000000000, -1.000000000000000000, -0.000000000000000000 ) ) ;
#1999 = LINE ( 'NONE', #4216, #2021 ) ;
#2000 = DIRECTION ( 'NONE',  ( -0.000000000000000000, -1.000000000000000000, -0.000000000000000000 ) ) ;
#2001 = AXIS2_PLACEMENT_3D ( 'NONE', #423, #3240, #5896 ) ;
#2002 = ORIENTED_EDGE ( 'NONE', *, *, #251, .F. ) ;
#2003 = DIRECTION ( 'NONE',  ( 1.075528555105637943E-13, 0.000000000000000000, 1.000000000000000000 ) ) ;
#2004 = DIRECTION ( 'NONE',  ( 0.000000000000000000, 0.000000000000000000, -1.000000000000000000 ) ) ;
#2005 = CARTESIAN_POINT ( 'NONE',  ( -0.9999999999999997780, 0.1000000000000000056, -0.3500000000000004774 ) ) ;
#2006 = FACE_OUTER_BOUND ( 'NONE', #1179, .T. ) ;
#2007 = AXIS2_PLACEMENT_3D ( 'NONE', #4371, #1165, #271 ) ;
#2008 = DIRECTION ( 'NONE',  ( 5.464378949326884918E-14, -0.000000000000000000, -1.000000000000000000 ) ) ;
#2009 = ORIENTED_EDGE ( 'NONE', *, *, #1986, .F. ) ;
#2010 = EDGE_LOOP ( 'NONE', ( #634, #5714, #5240, #994 ) ) ;
#2011 = LINE ( 'NONE', #5215, #1686 ) ;
#2012 = VECTOR ( 'NONE', #5699, 1000.000000000000000 ) ;
#2013 = VERTEX_POINT ( 'NONE', #5743 ) ;
#2014 = FACE_OUTER_BOUND ( 'NONE', #830, .T. ) ;
#2015 = ORIENTED_EDGE ( 'NONE', *, *, #1088, .F. ) ;
#2016 = SURFACE_STYLE_USAGE ( .BOTH. , #4295 ) ;
#2017 = CARTESIAN_POINT ( 'NONE',  ( 1.000000000000000222, 0.1000000000000000056, -1.250000000000018874 ) ) ;
#2018 = ORIENTED_EDGE ( 'NONE', *, *, #4057, .T. ) ;
#2019 = CARTESIAN_POINT ( 'NONE',  ( -0.9999999999999997780, 0.1000000000000000056, -1.500000000000000000 ) ) ;
#2020 = EDGE_CURVE ( 'NONE', #772, #5840, #5809, .T. ) ;
#2021 = VECTOR ( 'NONE', #3862, 1000.000000000000000 ) ;
#2022 = ORIENTED_EDGE ( 'NONE', *, *, #4850, .F. ) ;
#2023 = EDGE_CURVE ( 'NONE', #4357, #4637, #5360, .T. ) ;
#2024 = CARTESIAN_POINT ( 'NONE',  ( -0.3749999999999766853, 0.1000000000000000056, 1.500000000000000000 ) ) ;
#2025 = DIRECTION ( 'NONE',  ( -0.000000000000000000, 1.000000000000000000, -0.000000000000000000 ) ) ;
#2026 = DIRECTION ( 'NONE',  ( -1.000000000000000000, 0.000000000000000000, 7.490851373537457304E-14 ) ) ;
#2027 = CARTESIAN_POINT ( 'NONE',  ( 0.9500000000000002887, 0.1000000000000000056, 1.450000000000000178 ) ) ;
#2028 = ADVANCED_FACE ( 'NONE', ( #899 ), #1348, .F. ) ;
#2029 = CARTESIAN_POINT ( 'NONE',  ( 0.9500000000000002887, 1.844118304745738346, -0.3500000000000190736 ) ) ;
#2030 = AXIS2_PLACEMENT_3D ( 'NONE', #1966, #3863, #2888 ) ;
#2031 = ADVANCED_FACE ( 'NONE', ( #3213 ), #2833, .F. ) ;
#2032 = EDGE_CURVE ( 'NONE', #5220, #2144, #5057, .T. ) ;
#2033 = PLANE ( 'NONE',  #5449 ) ;
#2034 =( LENGTH_UNIT ( ) NAMED_UNIT ( * ) SI_UNIT ( .MILLI., .METRE. ) );
#2035 = CARTESIAN_POINT ( 'NONE',  ( 0.9999999999999997780, 0.1000000000000000056, 1.500000000000000000 ) ) ;
#2036 = VERTEX_POINT ( 'NONE', #508 ) ;
#2037 = DIRECTION ( 'NONE',  ( 1.000000000000000000, -0.000000000000000000, 0.000000000000000000 ) ) ;
#2038 = FILL_AREA_STYLE_COLOUR ( '', #3157 ) ;
#2039 = DIRECTION ( 'NONE',  ( -1.000000000000000000, 0.000000000000000000, -6.702340702638594572E-14 ) ) ;
#2040 = LINE ( 'NONE', #2406, #5039 ) ;
#2041 = CLOSED_SHELL ( 'NONE', ( #1710, #5315, #1406, #4871, #1520, #170, #2410, #4986, #651 ) ) ;
#2042 = DIRECTION ( 'NONE',  ( 0.000000000000000000, 1.000000000000000000, 0.000000000000000000 ) ) ;
#2043 = EDGE_LOOP ( 'NONE', ( #4459, #321, #3097, #4366 ) ) ;
#2044 = ORIENTED_EDGE ( 'NONE', *, *, #4903, .T. ) ;
#2045 = FACE_OUTER_BOUND ( 'NONE', #3340, .T. ) ;
#2046 = CIRCLE ( 'NONE', #3765, 0.1250000000000106859 ) ;
#2047 = AXIS2_PLACEMENT_3D ( 'NONE', #3109, #1222, #272 ) ;
#2048 = ORIENTED_EDGE ( 'NONE', *, *, #1671, .F. ) ;
#2049 = EDGE_LOOP ( 'NONE', ( #5428, #1819, #5890, #1854 ) ) ;
#2050 = EDGE_CURVE ( 'NONE', #2835, #5475, #926, .T. ) ;
#2051 = CARTESIAN_POINT ( 'NONE',  ( 0.7250000000000165201, 0.1000000000000000472, -0.6000000000000372813 ) ) ;
#2052 = EDGE_LOOP ( 'NONE', ( #5596, #4008, #3844, #1923 ) ) ;
#2053 = CARTESIAN_POINT ( 'NONE',  ( -0.9999999999999997780, 0.1000000000000000056, -1.000000000000000000 ) ) ;
#2054 = VECTOR ( 'NONE', #4011, 1000.000000000000000 ) ;
#2055 = EDGE_LOOP ( 'NONE', ( #193, #4869, #2385, #4359 ) ) ;
#2056 = CARTESIAN_POINT ( 'NONE',  ( -0.4999999999999872324, 0.2000000000000000111, 1.224999999999999867 ) ) ;
#2057 = LINE ( 'NONE', #3884, #4353 ) ;
#2058 = CARTESIAN_POINT ( 'NONE',  ( 0.1249999999999928807, 0.2000000000000000111, 0.1250000000000001388 ) ) ;
#2059 = DIRECTION ( 'NONE',  ( 0.000000000000000000, 0.000000000000000000, 1.000000000000000000 ) ) ;
#2060 = DIRECTION ( 'NONE',  ( -1.000000000000000000, 0.000000000000000000, 0.000000000000000000 ) ) ;
#2061 = DIRECTION ( 'NONE',  ( 1.445602896647339163E-16, 0.000000000000000000, -1.000000000000000000 ) ) ;
#2062 = CARTESIAN_POINT ( 'NONE',  ( -0.7250000000000392797, 0.2000000000000000111, 0.5499999999999892752 ) ) ;
#2063 = EDGE_CURVE ( 'NONE', #1629, #5492, #4531, .T. ) ;
#2064 = DIRECTION ( 'NONE',  ( 0.000000000000000000, -1.000000000000000000, 0.000000000000000000 ) ) ;
#2065 = PLANE ( 'NONE',  #4143 ) ;
#2066 = EDGE_LOOP ( 'NONE', ( #2671, #398, #5184, #5214 ) ) ;
#2067 = DIRECTION ( 'NONE',  ( 0.000000000000000000, 0.000000000000000000, 1.000000000000000000 ) ) ;
#2068 = DIRECTION ( 'NONE',  ( 0.000000000000000000, 1.000000000000000000, 0.000000000000000000 ) ) ;
#2069 = DIRECTION ( 'NONE',  ( 0.000000000000000000, -1.000000000000000000, 0.000000000000000000 ) ) ;
#2070 = AXIS2_PLACEMENT_3D ( 'NONE', #3488, #3520, #3147 ) ;
#2071 = CARTESIAN_POINT ( 'NONE',  ( 0.1249999999999928807, 0.2000000000000000111, 0.1250000000000001388 ) ) ;
#2072 = ORIENTED_EDGE ( 'NONE', *, *, #831, .F. ) ;
#2073 = AXIS2_PLACEMENT_3D ( 'NONE', #1170, #5710, #2535 ) ;
#2074 = VERTEX_POINT ( 'NONE', #879 ) ;
#2075 = EDGE_CURVE ( 'NONE', #5220, #510, #2340, .T. ) ;
#2076 = CARTESIAN_POINT ( 'NONE',  ( -0.6999999999999998446, 0.7999999999999999334, -1.074999999999999956 ) ) ;
#2077 = AXIS2_PLACEMENT_3D ( 'NONE', #2589, #2160, #1278 ) ;
#2078 = MECHANICAL_DESIGN_GEOMETRIC_PRESENTATION_REPRESENTATION (  '', ( #4577 ), #4100 ) ;
#2079 = ORIENTED_EDGE ( 'NONE', *, *, #4622, .F. ) ;
#2080 = VERTEX_POINT ( 'NONE', #956 ) ;
#2081 = ORIENTED_EDGE ( 'NONE', *, *, #444, .T. ) ;
#2082 = FACE_OUTER_BOUND ( 'NONE', #2052, .T. ) ;
#2083 = ORIENTED_EDGE ( 'NONE', *, *, #5391, .F. ) ;
#2084 = VECTOR ( 'NONE', #3996, 1000.000000000000000 ) ;
#2085 = DIRECTION ( 'NONE',  ( 0.000000000000000000, 0.000000000000000000, 1.000000000000000000 ) ) ;
#2086 = ORIENTED_EDGE ( 'NONE', *, *, #3786, .T. ) ;
#2087 = VERTEX_POINT ( 'NONE', #2259 ) ;
#2088 = LINE ( 'NONE', #5224, #764 ) ;
#2089 = FACE_OUTER_BOUND ( 'NONE', #5311, .T. ) ;
#2090 = CARTESIAN_POINT ( 'NONE',  ( -0.6999999999999998446, 0.7999999999999999334, -1.074999999999999956 ) ) ;
#2091 = EDGE_LOOP ( 'NONE', ( #4953, #4587, #4256, #2140 ) ) ;
#2092 = CARTESIAN_POINT ( 'NONE',  ( -0.7250000000000392797, 0.1000000000000000056, 0.5499999999999892752 ) ) ;
#2093 = VERTEX_POINT ( 'NONE', #1851 ) ;
#2094 = SURFACE_STYLE_USAGE ( .BOTH. , #3888 ) ;
#2095 = FACE_OUTER_BOUND ( 'NONE', #976, .T. ) ;
#2096 = DIRECTION ( 'NONE',  ( 0.000000000000000000, -1.000000000000000000, 0.000000000000000000 ) ) ;
#2097 = CARTESIAN_POINT ( 'NONE',  ( -0.6000000000000262901, 0.2000000000000000111, -0.9999999999999913403 ) ) ;
#2098 = ORIENTED_EDGE ( 'NONE', *, *, #283, .F. ) ;
#2099 = AXIS2_PLACEMENT_3D ( 'NONE', #2886, #146, #1963 ) ;
#2100 = PLANE ( 'NONE',  #4402 ) ;
#2101 = SURFACE_SIDE_STYLE ('',( #4948 ) ) ;
#2102 = CARTESIAN_POINT ( 'NONE',  ( -0.9500000000000001776, 0.1000000000000000056, 0.04999999999999753253 ) ) ;
#2103 = VECTOR ( 'NONE', #535, 1000.000000000000000 ) ;
#2104 = MECHANICAL_DESIGN_GEOMETRIC_PRESENTATION_REPRESENTATION (  '', ( #1617 ), #3172 ) ;
#2105 = VECTOR ( 'NONE', #4667, 1000.000000000000000 ) ;
#2106 = DIRECTION ( 'NONE',  ( 0.000000000000000000, 0.000000000000000000, 1.000000000000000000 ) ) ;
#2107 = FACE_OUTER_BOUND ( 'NONE', #5123, .T. ) ;
#2108 = ADVANCED_FACE ( 'NONE', ( #1317 ), #5416, .F. ) ;
#2109 = EDGE_CURVE ( 'NONE', #5073, #2184, #189, .T. ) ;
#2110 = ORIENTED_EDGE ( 'NONE', *, *, #4062, .F. ) ;
#2111 = VECTOR ( 'NONE', #1434, 1000.000000000000000 ) ;
#2112 = ORIENTED_EDGE ( 'NONE', *, *, #3784, .T. ) ;
#2113 = VECTOR ( 'NONE', #507, 1000.000000000000000 ) ;
#2114 = DIRECTION ( 'NONE',  ( -1.000000000000000000, 0.000000000000000000, 0.000000000000000000 ) ) ;
#2115 = EDGE_CURVE ( 'NONE', #3270, #5073, #2286, .T. ) ;
#2116 = EDGE_CURVE ( 'NONE', #107, #4124, #4619, .T. ) ;
#2117 = ORIENTED_EDGE ( 'NONE', *, *, #4861, .F. ) ;
#2118 = ADVANCED_FACE ( 'NONE', ( #1876 ), #3677, .T. ) ;
#2119 = EDGE_LOOP ( 'NONE', ( #466, #3663, #3809, #1627, #2545 ) ) ;
#2120 = ORIENTED_EDGE ( 'NONE', *, *, #5643, .F. ) ;
#2121 = CARTESIAN_POINT ( 'NONE',  ( -0.9500000000000001776, 0.1000000000000000056, -1.450000000000000178 ) ) ;
#2122 = VERTEX_POINT ( 'NONE', #3193 ) ;
#2123 = PLANE ( 'NONE',  #5805 ) ;
#2124 = VERTEX_POINT ( 'NONE', #2806 ) ;
#2125 = DIRECTION ( 'NONE',  ( -1.000000000000000000, 0.000000000000000000, 5.583641188300717653E-14 ) ) ;
#2126 = CARTESIAN_POINT ( 'NONE',  ( -0.9999999999999997780, 0.1000000000000000056, 1.500000000000000000 ) ) ;
#2127 = DIRECTION ( 'NONE',  ( 0.000000000000000000, -1.000000000000000000, 0.000000000000000000 ) ) ;
#2128 = CARTESIAN_POINT ( 'NONE',  ( 0.7250000000000003109, 0.2000000000000000944, -1.125000000000000666 ) ) ;
#2129 = ORIENTED_EDGE ( 'NONE', *, *, #5440, .F. ) ;
#2130 = AXIS2_PLACEMENT_3D ( 'NONE', #3294, #2910, #645 ) ;
#2131 = DIRECTION ( 'NONE',  ( 0.000000000000000000, 1.000000000000000000, 0.000000000000000000 ) ) ;
#2132 = EDGE_CURVE ( 'NONE', #2326, #3357, #4974, .T. ) ;
#2133 = DIRECTION ( 'NONE',  ( 0.000000000000000000, 1.000000000000000000, 0.000000000000000000 ) ) ;
#2134 = PLANE ( 'NONE',  #2156 ) ;
#2135 = LINE ( 'NONE', #4885, #99 ) ;
#2136 = VERTEX_POINT ( 'NONE', #3598 ) ;
#2137 = CARTESIAN_POINT ( 'NONE',  ( -0.9999999999999997780, 0.1000000000000000056, 0.5499999999999997113 ) ) ;
#2138 = DIRECTION ( 'NONE',  ( -6.702340702638594572E-14, 0.000000000000000000, 1.000000000000000000 ) ) ;
#2139 = DIRECTION ( 'NONE',  ( -7.490851373537456042E-14, 0.000000000000000000, -1.000000000000000000 ) ) ;
#2140 = ORIENTED_EDGE ( 'NONE', *, *, #5721, .F. ) ;
#2141 = CARTESIAN_POINT ( 'NONE',  ( 0.000000000000000000, 0.1000000000000000056, 0.000000000000000000 ) ) ;
#2142 = DIRECTION ( 'NONE',  ( 0.000000000000000000, 0.000000000000000000, 1.000000000000000000 ) ) ;
#2143 = EDGE_LOOP ( 'NONE', ( #2631, #1279, #5218, #4166 ) ) ;
#2144 = VERTEX_POINT ( 'NONE', #3702 ) ;
#2145 = FACE_OUTER_BOUND ( 'NONE', #2841, .T. ) ;
#2146 = VERTEX_POINT ( 'NONE', #480 ) ;
#2147 = AXIS2_PLACEMENT_3D ( 'NONE', #5249, #775, #2514 ) ;
#2148 = ORIENTED_EDGE ( 'NONE', *, *, #1530, .T. ) ;
#2149 = VERTEX_POINT ( 'NONE', #2750 ) ;
#2150 = ADVANCED_FACE ( 'NONE', ( #4559 ), #451, .F. ) ;
#2151 = ORIENTED_EDGE ( 'NONE', *, *, #3659, .T. ) ;
#2152 = DIRECTION ( 'NONE',  ( 0.000000000000000000, 0.000000000000000000, 1.000000000000000000 ) ) ;
#2153 = ORIENTED_EDGE ( 'NONE', *, *, #4255, .T. ) ;
#2154 = EDGE_CURVE ( 'NONE', #3670, #5405, #3190, .T. ) ;
#2155 = CARTESIAN_POINT ( 'NONE',  ( 0.7250000000000003109, 0.2000000000000000111, -1.125000000000000666 ) ) ;
#2156 = AXIS2_PLACEMENT_3D ( 'NONE', #5705, #5383, #3956 ) ;
#2157 = ORIENTED_EDGE ( 'NONE', *, *, #794, .T. ) ;
#2158 = PLANE ( 'NONE',  #521 ) ;
#2159 = DIRECTION ( 'NONE',  ( 0.000000000000000000, 0.000000000000000000, 1.000000000000000000 ) ) ;
#2160 = DIRECTION ( 'NONE',  ( -8.121659910255105326E-14, 0.000000000000000000, -1.000000000000000000 ) ) ;
#2161 = ORIENTED_EDGE ( 'NONE', *, *, #3092, .F. ) ;
#2162 = VECTOR ( 'NONE', #3838, 1000.000000000000000 ) ;
#2163 = AXIS2_PLACEMENT_3D ( 'NONE', #3070, #1248, #4333 ) ;
#2164 = CARTESIAN_POINT ( 'NONE',  ( -0.9999999999999963363, 1.844118304745738346, 0.2999999999999994893 ) ) ;
#2165 = EDGE_CURVE ( 'NONE', #706, #3967, #1962, .T. ) ;
#2166 = DIRECTION ( 'NONE',  ( 0.000000000000000000, 1.000000000000000000, -0.000000000000000000 ) ) ;
#2167 = FACE_OUTER_BOUND ( 'NONE', #2066, .T. ) ;
#2168 = CARTESIAN_POINT ( 'NONE',  ( 0.7250000000000441647, 0.1000000000000000056, -1.000000000000002220 ) ) ;
#2169 = ORIENTED_EDGE ( 'NONE', *, *, #864, .T. ) ;
#2170 = PLANE ( 'NONE',  #4122 ) ;
#2171 =( NAMED_UNIT ( * ) PLANE_ANGLE_UNIT ( ) SI_UNIT ( $, .RADIAN. ) );
#2172 = CARTESIAN_POINT ( 'NONE',  ( 0.7250000000000509370, 0.2000000000000000111, -0.3500000000000021982 ) ) ;
#2173 = EDGE_CURVE ( 'NONE', #2257, #5242, #5609, .T. ) ;
#2174 = EDGE_CURVE ( 'NONE', #5648, #3527, #2884, .T. ) ;
#2175 = CYLINDRICAL_SURFACE ( 'NONE', #3540, 0.1250000000000105194 ) ;
#2176 = PLANE ( 'NONE',  #3026 ) ;
#2177 = EDGE_LOOP ( 'NONE', ( #4708, #4921, #4806, #2407, #3928, #828 ) ) ;
#2178 = VERTEX_POINT ( 'NONE', #4212 ) ;
#2179 = CARTESIAN_POINT ( 'NONE',  ( 0.3750000000000022760, 0.1000000000000000056, 1.500000000000000000 ) ) ;
#2180 = VERTEX_POINT ( 'NONE', #5116 ) ;
#2181 = VECTOR ( 'NONE', #664, 1000.000000000000000 ) ;
#2182 = ORIENTED_EDGE ( 'NONE', *, *, #2557, .F. ) ;
#2183 = AXIS2_PLACEMENT_3D ( 'NONE', #1970, #1102, #2956 ) ;
#2184 = VERTEX_POINT ( 'NONE', #2456 ) ;
#2185 = ORIENTED_EDGE ( 'NONE', *, *, #3784, .F. ) ;
#2186 = CIRCLE ( 'NONE', #3155, 0.1250000000000105194 ) ;
#2187 = LINE ( 'NONE', #3530, #241 ) ;
#2188 = EDGE_CURVE ( 'NONE', #101, #4896, #4270, .T. ) ;
#2189 = DIRECTION ( 'NONE',  ( 0.000000000000000000, 1.000000000000000000, 0.000000000000000000 ) ) ;
#2190 = DIRECTION ( 'NONE',  ( -1.000000000000000000, -0.000000000000000000, -0.000000000000000000 ) ) ;
#2191 = ORIENTED_EDGE ( 'NONE', *, *, #1776, .T. ) ;
#2192 = DIRECTION ( 'NONE',  ( 0.000000000000000000, 0.000000000000000000, 1.000000000000000000 ) ) ;
#2193 = CARTESIAN_POINT ( 'NONE',  ( 0.7250000000000189626, 0.1000000000000000472, 0.7999999999999994893 ) ) ;
#2194 = DIRECTION ( 'NONE',  ( -0.000000000000000000, -1.000000000000000000, -0.000000000000000000 ) ) ;
#2195 = ADVANCED_FACE ( 'NONE', ( #3734 ), #4306, .T. ) ;
#2196 = DIRECTION ( 'NONE',  ( 1.000000000000000000, 0.000000000000000000, 0.000000000000000000 ) ) ;
#2197 = ORIENTED_EDGE ( 'NONE', *, *, #2188, .F. ) ;
#2198 = EDGE_CURVE ( 'NONE', #602, #4905, #1058, .T. ) ;
#2199 = EDGE_CURVE ( 'NONE', #5074, #3878, #5584, .T. ) ;
#2200 = CARTESIAN_POINT ( 'NONE',  ( 0.6250000000000233147, 0.1000000000000000056, 1.500000000000000000 ) ) ;
#2201 = PLANE ( 'NONE',  #1791 ) ;
#2202 = DIRECTION ( 'NONE',  ( 1.445602896647339163E-16, 0.000000000000000000, -1.000000000000000000 ) ) ;
#2203 = ORIENTED_EDGE ( 'NONE', *, *, #5713, .F. ) ;
#2204 = CIRCLE ( 'NONE', #381, 0.1250000000000105194 ) ;
#2205 = CARTESIAN_POINT ( 'NONE',  ( 1.000000000000030864, 0.2000000000000000111, 0.5499999999999745093 ) ) ;
#2206 = CARTESIAN_POINT ( 'NONE',  ( -0.7250000000000392797, 1.844118304745738346, -0.6000000000000085265 ) ) ;
#2207 = ORIENTED_EDGE ( 'NONE', *, *, #1748, .T. ) ;
#2208 = AXIS2_PLACEMENT_3D ( 'NONE', #4592, #1351, #5094 ) ;
#2209 = ORIENTED_EDGE ( 'NONE', *, *, #5589, .T. ) ;
#2210 = AXIS2_PLACEMENT_3D ( 'NONE', #372, #4922, #1172 ) ;
#2211 = DIRECTION ( 'NONE',  ( 1.000000000000000000, 0.000000000000000000, -0.000000000000000000 ) ) ;
#2212 = ORIENTED_EDGE ( 'NONE', *, *, #4912, .T. ) ;
#2213 = VECTOR ( 'NONE', #2067, 1000.000000000000000 ) ;
#2214 = VECTOR ( 'NONE', #2384, 1000.000000000000000 ) ;
#2215 = EDGE_LOOP ( 'NONE', ( #4368, #2329, #795, #2709, #4172, #1237 ) ) ;
#2216 = AXIS2_PLACEMENT_3D ( 'NONE', #875, #3596, #2196 ) ;
#2217 = ORIENTED_EDGE ( 'NONE', *, *, #5050, .F. ) ;
#2218 = AXIS2_PLACEMENT_3D ( 'NONE', #4078, #4970, #28 ) ;
#2219 = CYLINDRICAL_SURFACE ( 'NONE', #1997, 0.1250000000000105194 ) ;
#2220 = DIRECTION ( 'NONE',  ( 0.000000000000000000, -1.000000000000000000, 0.000000000000000000 ) ) ;
#2221 = DIRECTION ( 'NONE',  ( -0.000000000000000000, -1.000000000000000000, -0.000000000000000000 ) ) ;
#2222 = EDGE_LOOP ( 'NONE', ( #5275, #5352, #4266, #5051 ) ) ;
#2223 = EDGE_CURVE ( 'NONE', #818, #4344, #2975, .T. ) ;
#2224 = CARTESIAN_POINT ( 'NONE',  ( 0.1249999999999928529, 0.1000000000000000056, -1.450000000000000178 ) ) ;
#2225 = CARTESIAN_POINT ( 'NONE',  ( -0.4999999999999872324, 0.000000000000000000, 1.450000000000000178 ) ) ;
#2226 = DIRECTION ( 'NONE',  ( -1.000000000000000000, 0.000000000000000000, 1.971276677246371519E-16 ) ) ;
#2227 = VERTEX_POINT ( 'NONE', #145 ) ;
#2228 = AXIS2_PLACEMENT_3D ( 'NONE', #31, #5474, #4586 ) ;
#2230 = EDGE_CURVE ( 'NONE', #2235, #2572, #4668, .T. ) ;
#2229 = PLANE ( 'NONE',  #3719 ) ;
#2231 = LINE ( 'NONE', #3961, #1886 ) ;
#2232 = ADVANCED_FACE ( 'NONE', ( #5146 ), #1907, .F. ) ;
#2233 = LINE ( 'NONE', #4058, #4195 ) ;
#2234 = FACE_OUTER_BOUND ( 'NONE', #3691, .T. ) ;
#2235 = VERTEX_POINT ( 'NONE', #1993 ) ;
#2236 = LINE ( 'NONE', #5533, #5130 ) ;
#2237 = EDGE_LOOP ( 'NONE', ( #1826, #4327, #4477, #3016 ) ) ;
#2238 = EDGE_CURVE ( 'NONE', #5375, #5154, #1934, .T. ) ;
#2239 = DIRECTION ( 'NONE',  ( -1.000000000000000000, 0.000000000000000000, 1.971276677246371519E-16 ) ) ;
#2240 = ORIENTED_EDGE ( 'NONE', *, *, #4598, .T. ) ;
#2241 = VERTEX_POINT ( 'NONE', #5639 ) ;
#2242 = UNCERTAINTY_MEASURE_WITH_UNIT (LENGTH_MEASURE( 1.000000000000000082E-05 ), #4888, 'distance_accuracy_value', 'NONE');
#2243 = CLOSED_SHELL ( 'NONE', ( #4153, #5158, #1719, #3498, #2702, #2752, #173, #5103, #3046 ) ) ;
#2244 =( LENGTH_UNIT ( ) NAMED_UNIT ( * ) SI_UNIT ( .MILLI., .METRE. ) );
#2245 = ORIENTED_EDGE ( 'NONE', *, *, #1547, .T. ) ;
#2246 = EDGE_CURVE ( 'NONE', #3645, #3527, #555, .T. ) ;
#2247 = COLOUR_RGB ( '',0.7921568627450980005, 0.8196078431372548767, 0.9333333333333333481 ) ;
#2248 = EDGE_CURVE ( 'NONE', #1450, #4095, #404, .T. ) ;
#2249 = LINE ( 'NONE', #836, #5201 ) ;
#2250 = DIRECTION ( 'NONE',  ( 0.000000000000000000, 1.000000000000000000, 0.000000000000000000 ) ) ;
#2251 = CARTESIAN_POINT ( 'NONE',  ( 0.000000000000000000, 0.1000000000000000056, 0.000000000000000000 ) ) ;
#2252 = VERTEX_POINT ( 'NONE', #582 ) ;
#2253 = PLANE ( 'NONE',  #5593 ) ;
#2254 = DIRECTION ( 'NONE',  ( -0.000000000000000000, -1.000000000000000000, -0.000000000000000000 ) ) ;
#2255 = CARTESIAN_POINT ( 'NONE',  ( -0.9999999999999997780, 1.844118304745738346, -1.250000000000000000 ) ) ;
#2256 = LINE ( 'NONE', #2314, #2983 ) ;
#2257 = VERTEX_POINT ( 'NONE', #3407 ) ;
#2258 = VECTOR ( 'NONE', #896, 1000.000000000000000 ) ;
#2259 = CARTESIAN_POINT ( 'NONE',  ( 0.9500000000000002887, 0.000000000000000000, 0.7999999999999811706 ) ) ;
#2260 = CARTESIAN_POINT ( 'NONE',  ( -0.9500000000000001776, 0.1000000000000000056, 1.450000000000000178 ) ) ;
#2261 = ADVANCED_FACE ( 'NONE', ( #5228 ), #4239, .F. ) ;
#2262 = CARTESIAN_POINT ( 'NONE',  ( 0.3750000000000022760, 1.844118304745738346, 1.224999999999999867 ) ) ;
#2263 = LINE ( 'NONE', #5783, #3211 ) ;
#2264 = EDGE_CURVE ( 'NONE', #2877, #72, #85, .T. ) ;
#2265 = DIRECTION ( 'NONE',  ( 0.000000000000000000, 1.000000000000000000, 0.000000000000000000 ) ) ;
#2266 = CARTESIAN_POINT ( 'NONE',  ( 0.000000000000000000, 0.1000000000000000056, 0.000000000000000000 ) ) ;
#2267 = EDGE_CURVE ( 'NONE', #3219, #706, #2396, .T. ) ;
#2268 = LINE ( 'NONE', #1297, #4305 ) ;
#2269 = ORIENTED_EDGE ( 'NONE', *, *, #5570, .T. ) ;
#2270 = EDGE_CURVE ( 'NONE', #3129, #604, #1484, .T. ) ;
#2271 = EDGE_CURVE ( 'NONE', #4462, #2917, #328, .T. ) ;
#2272 = VERTEX_POINT ( 'NONE', #2523 ) ;
#2273 = DIRECTION ( 'NONE',  ( 1.000000000000000000, 0.000000000000000000, -0.000000000000000000 ) ) ;
#2274 = ORIENTED_EDGE ( 'NONE', *, *, #3945, .F. ) ;
#2275 = AXIS2_PLACEMENT_3D ( 'NONE', #2266, #1861, #4625 ) ;
#2276 = FACE_OUTER_BOUND ( 'NONE', #2650, .T. ) ;
#2277 = DIRECTION ( 'NONE',  ( 0.000000000000000000, -1.000000000000000000, 0.000000000000000000 ) ) ;
#2278 = ORIENTED_EDGE ( 'NONE', *, *, #3978, .F. ) ;
#2279 = ORIENTED_EDGE ( 'NONE', *, *, #3290, .F. ) ;
#2280 = VECTOR ( 'NONE', #4765, 1000.000000000000000 ) ;
#2281 =( GEOMETRIC_REPRESENTATION_CONTEXT ( 3 ) GLOBAL_UNCERTAINTY_ASSIGNED_CONTEXT ( ( #2242 ) ) GLOBAL_UNIT_ASSIGNED_CONTEXT ( ( #4888, #5419, #1318 ) ) REPRESENTATION_CONTEXT ( 'NONE', 'WORKASPACE' ) );
#2282 = DIRECTION ( 'NONE',  ( 0.000000000000000000, 0.000000000000000000, -1.000000000000000000 ) ) ;
#2283 = DIRECTION ( 'NONE',  ( 1.000000000000000000, 0.000000000000000000, 0.000000000000000000 ) ) ;
#2284 = CARTESIAN_POINT ( 'NONE',  ( -0.9999999999999963363, 0.2000000000000000111, 0.04999999999999948236 ) ) ;
#2285 = ORIENTED_EDGE ( 'NONE', *, *, #3712, .F. ) ;
#2286 = LINE ( 'NONE', #1370, #5550 ) ;
#2287 = ORIENTED_EDGE ( 'NONE', *, *, #3870, .T. ) ;
#2288 = ORIENTED_EDGE ( 'NONE', *, *, #323, .T. ) ;
#2289 = ORIENTED_EDGE ( 'NONE', *, *, #1660, .F. ) ;
#2290 = PLANE ( 'NONE',  #4879 ) ;
#2291 = PLANE ( 'NONE',  #2208 ) ;
#2292 = CARTESIAN_POINT ( 'NONE',  ( 0.5000000000000127676, 0.000000000000000000, 1.450000000000000178 ) ) ;
#2293 = CARTESIAN_POINT ( 'NONE',  ( -0.9500000000000001776, 0.000000000000000000, 0.8000000000000105915 ) ) ;
#2294 = EDGE_CURVE ( 'NONE', #4253, #3064, #5734, .T. ) ;
#2295 = VERTEX_POINT ( 'NONE', #3952 ) ;
#2296 = AXIS2_PLACEMENT_3D ( 'NONE', #885, #2239, #4515 ) ;
#2297 = EDGE_LOOP ( 'NONE', ( #48, #1565, #2191, #5306 ) ) ;
#2298 = PRODUCT_DEFINITION_CONTEXT ( 'detailed design', #1883, 'design' ) ;
#2299 = SURFACE_STYLE_FILL_AREA ( #1726 ) ;
#2300 = ADVANCED_FACE ( 'NONE', ( #298 ), #4938, .F. ) ;
#2301 = ORIENTED_EDGE ( 'NONE', *, *, #4468, .F. ) ;
#2302 = EDGE_CURVE ( 'NONE', #1909, #5600, #1188, .T. ) ;
#2303 = EDGE_CURVE ( 'NONE', #3977, #4842, #4908, .T. ) ;
#2304 = VECTOR ( 'NONE', #3354, 1000.000000000000000 ) ;
#2305 = AXIS2_PLACEMENT_3D ( 'NONE', #5677, #3250, #2788 ) ;
#2306 = DIRECTION ( 'NONE',  ( 1.000000000000000000, 0.000000000000000000, 0.000000000000000000 ) ) ;
#2307 = DIRECTION ( 'NONE',  ( 0.000000000000000000, 0.000000000000000000, -1.000000000000000000 ) ) ;
#2308 = FACE_OUTER_BOUND ( 'NONE', #2971, .T. ) ;
#2309 = ORIENTED_EDGE ( 'NONE', *, *, #4101, .F. ) ;
#2310 = AXIS2_PLACEMENT_3D ( 'NONE', #4555, #2337, #1873 ) ;
#2311 = LINE ( 'NONE', #308, #1397 ) ;
#2312 = CARTESIAN_POINT ( 'NONE',  ( 1.279358563532895232E-14, 0.04999999999999999584, 1.224999999999999867 ) ) ;
#2313 = PLANE ( 'NONE',  #431 ) ;
#2314 = CARTESIAN_POINT ( 'NONE',  ( -0.9999999999999945599, 1.844118304745738346, 0.5499999999999994893 ) ) ;
#2315 = DIRECTION ( 'NONE',  ( -1.971276677246371272E-16, 0.000000000000000000, -1.000000000000000000 ) ) ;
#2316 = ORIENTED_EDGE ( 'NONE', *, *, #1272, .F. ) ;
#2317 = EDGE_CURVE ( 'NONE', #5133, #510, #3886, .T. ) ;
#2318 = ORIENTED_EDGE ( 'NONE', *, *, #239, .T. ) ;
#2319 = CARTESIAN_POINT ( 'NONE',  ( 0.1249999999999928807, 0.000000000000000000, -1.449999999999999734 ) ) ;
#2320 = DIRECTION ( 'NONE',  ( 0.000000000000000000, -1.000000000000000000, 0.000000000000000000 ) ) ;
#2321 = FILL_AREA_STYLE_COLOUR ( '', #2247 ) ;
#2322 = CIRCLE ( 'NONE', #3652, 0.1250000000000001110 ) ;
#2323 = LINE ( 'NONE', #5877, #4568 ) ;
#2324 = ORIENTED_EDGE ( 'NONE', *, *, #3483, .F. ) ;
#2325 = DIRECTION ( 'NONE',  ( 1.000000000000000000, 0.000000000000000000, -2.917489482324978130E-14 ) ) ;
#2326 = VERTEX_POINT ( 'NONE', #1696 ) ;
#2327 = VERTEX_POINT ( 'NONE', #5765 ) ;
#2328 = SHAPE_DEFINITION_REPRESENTATION ( #3516, #5122 ) ;
#2329 = ORIENTED_EDGE ( 'NONE', *, *, #1799, .T. ) ;
#2330 = EDGE_CURVE ( 'NONE', #20, #5283, #1605, .T. ) ;
#2331 = CARTESIAN_POINT ( 'NONE',  ( -0.1249999999999977240, 0.1000000000000000056, 1.224999999999999867 ) ) ;
#2332 = EDGE_CURVE ( 'NONE', #5824, #2738, #1158, .T. ) ;
#2333 = DIRECTION ( 'NONE',  ( 0.000000000000000000, 1.000000000000000000, 0.000000000000000000 ) ) ;
#2334 = CARTESIAN_POINT ( 'NONE',  ( 0.7250000000000490497, 0.1000000000000000472, 0.04999999999997421785 ) ) ;
#2335 = ORIENTED_EDGE ( 'NONE', *, *, #5290, .F. ) ;
#2336 = CARTESIAN_POINT ( 'NONE',  ( 0.7250000000000189626, 0.000000000000000000, 0.7999999999999994893 ) ) ;
#2337 = DIRECTION ( 'NONE',  ( 0.000000000000000000, -1.000000000000000000, 0.000000000000000000 ) ) ;
#2338 = CARTESIAN_POINT ( 'NONE',  ( -0.9999999999999997780, 0.1000000000000000056, -0.6000000000000005329 ) ) ;
#2339 = FACE_OUTER_BOUND ( 'NONE', #5380, .T. ) ;
#2340 = LINE ( 'NONE', #4138, #2796 ) ;
#2341 = EDGE_CURVE ( 'NONE', #3073, #316, #1277, .T. ) ;
#2342 = FILL_AREA_STYLE_COLOUR ( '', #1035 ) ;
#2343 = VERTEX_POINT ( 'NONE', #4876 ) ;
#2344 = ORIENTED_EDGE ( 'NONE', *, *, #3750, .F. ) ;
#2345 = VECTOR ( 'NONE', #873, 1000.000000000000000 ) ;
#2346 = CARTESIAN_POINT ( 'NONE',  ( -0.7250000000000392797, 0.2000000000000000111, 0.5499999999999892752 ) ) ;
#2347 = CARTESIAN_POINT ( 'NONE',  ( -0.9999999999999997780, 0.2000000000000000111, -1.250000000000000000 ) ) ;
#2348 = DIRECTION ( 'NONE',  ( 0.000000000000000000, -0.000000000000000000, 1.000000000000000000 ) ) ;
#2349 = AXIS2_PLACEMENT_3D ( 'NONE', #3790, #2854, #2881 ) ;
#2350 = LINE ( 'NONE', #68, #163 ) ;
#2351 = EDGE_CURVE ( 'NONE', #42, #1364, #4421, .T. ) ;
#2352 = ORIENTED_EDGE ( 'NONE', *, *, #4669, .F. ) ;
#2353 = ORIENTED_EDGE ( 'NONE', *, *, #5580, .T. ) ;
#2354 = ORIENTED_EDGE ( 'NONE', *, *, #5241, .T. ) ;
#2355 = CARTESIAN_POINT ( 'NONE',  ( -0.9500000000000001776, 0.1000000000000000056, -0.6000000000000018652 ) ) ;
#2356 = VERTEX_POINT ( 'NONE', #2090 ) ;
#2357 = DIRECTION ( 'NONE',  ( 0.000000000000000000, 0.000000000000000000, -1.000000000000000000 ) ) ;
#2358 = LINE ( 'NONE', #1084, #4047 ) ;
#2359 = DIRECTION ( 'NONE',  ( 0.000000000000000000, 1.000000000000000000, 0.000000000000000000 ) ) ;
#2360 = ORIENTED_EDGE ( 'NONE', *, *, #3150, .T. ) ;
#2361 = CYLINDRICAL_SURFACE ( 'NONE', #4184, 0.1250000000000106859 ) ;
#2362 = VECTOR ( 'NONE', #5339, 1000.000000000000000 ) ;
#2363 = EDGE_CURVE ( 'NONE', #3422, #5186, #882, .T. ) ;
#2364 = DIRECTION ( 'NONE',  ( 0.000000000000000000, -0.000000000000000000, -1.000000000000000000 ) ) ;
#2365 = CARTESIAN_POINT ( 'NONE',  ( -0.6999999999999998446, 0.7999999999999999334, -1.325000000000000178 ) ) ;
#2366 = CARTESIAN_POINT ( 'NONE',  ( 0.9500000000000002887, 0.04999999999999999584, 0.04999999999997448152 ) ) ;
#2367 = DIRECTION ( 'NONE',  ( 1.000000000000000000, 0.000000000000000000, 0.000000000000000000 ) ) ;
#2368 = AXIS2_PLACEMENT_3D ( 'NONE', #5617, #2432, #4248 ) ;
#2369 = DIRECTION ( 'NONE',  ( 0.000000000000000000, 1.000000000000000000, 0.000000000000000000 ) ) ;
#2370 = ORIENTED_EDGE ( 'NONE', *, *, #3503, .T. ) ;
#2371 = MECHANICAL_DESIGN_GEOMETRIC_PRESENTATION_REPRESENTATION (  '', ( #1404 ), #4660 ) ;
#2372 = EDGE_CURVE ( 'NONE', #258, #1399, #3531, .T. ) ;
#2373 = EDGE_CURVE ( 'NONE', #1116, #4878, #3007, .T. ) ;
#2374 = FACE_OUTER_BOUND ( 'NONE', #3124, .T. ) ;
#2375 = DIRECTION ( 'NONE',  ( 0.000000000000000000, 0.000000000000000000, -1.000000000000000000 ) ) ;
#2376 = LINE ( 'NONE', #3740, #1940 ) ;
#2377 = DIRECTION ( 'NONE',  ( 0.000000000000000000, -0.000000000000000000, -1.000000000000000000 ) ) ;
#2378 = CIRCLE ( 'NONE', #3715, 0.1250000000000175138 ) ;
#2379 = ORIENTED_EDGE ( 'NONE', *, *, #2198, .F. ) ;
#2380 = VERTEX_POINT ( 'NONE', #3499 ) ;
#2381 = LINE ( 'NONE', #3720, #2569 ) ;
#2382 = VERTEX_POINT ( 'NONE', #5318 ) ;
#2383 = VECTOR ( 'NONE', #5879, 1000.000000000000000 ) ;
#2384 = DIRECTION ( 'NONE',  ( 1.000000000000000000, 0.000000000000000000, 0.000000000000000000 ) ) ;
#2385 = ORIENTED_EDGE ( 'NONE', *, *, #557, .F. ) ;
#2386 = LINE ( 'NONE', #79, #2912 ) ;
#2387 = ORIENTED_EDGE ( 'NONE', *, *, #2248, .T. ) ;
#2388 = VECTOR ( 'NONE', #5008, 1000.000000000000000 ) ;
#2389 = DIRECTION ( 'NONE',  ( 1.000000000000000000, 0.000000000000000000, -7.490851373537457304E-14 ) ) ;
#2390 = VECTOR ( 'NONE', #331, 1000.000000000000000 ) ;
#2391 = VECTOR ( 'NONE', #4281, 1000.000000000000000 ) ;
#2392 = CARTESIAN_POINT ( 'NONE',  ( 0.7250000000000508260, 0.04999999999999999584, 0.5499999999999723999 ) ) ;
#2393 = CARTESIAN_POINT ( 'NONE',  ( 0.9999999999999997780, 0.1000000000000000056, 1.500000000000000000 ) ) ;
#2394 = DIRECTION ( 'NONE',  ( 0.000000000000000000, 0.000000000000000000, -1.000000000000000000 ) ) ;
#2395 = VECTOR ( 'NONE', #1981, 1000.000000000000000 ) ;
#2396 = LINE ( 'NONE', #4726, #310 ) ;
#2397 = VECTOR ( 'NONE', #3927, 1000.000000000000000 ) ;
#2398 = LINE ( 'NONE', #60, #1327 ) ;
#2399 = EDGE_CURVE ( 'NONE', #4961, #2724, #2408, .T. ) ;
#2400 = LINE ( 'NONE', #2980, #4202 ) ;
#2401 = EDGE_CURVE ( 'NONE', #4637, #2530, #1215, .T. ) ;
#2402 = PLANE ( 'NONE',  #4451 ) ;
#2403 = PLANE ( 'NONE',  #1333 ) ;
#2404 = EDGE_CURVE ( 'NONE', #3756, #2087, #1249, .T. ) ;
#2405 = ADVANCED_FACE ( 'NONE', ( #4012 ), #1730, .T. ) ;
#2406 = CARTESIAN_POINT ( 'NONE',  ( -0.1249999999999977240, 0.2000000000000000111, 1.224999999999999867 ) ) ;
#2407 = ORIENTED_EDGE ( 'NONE', *, *, #4744, .F. ) ;
#2408 = CIRCLE ( 'NONE', #1833, 0.1250000000000001110 ) ;
#2409 = EDGE_LOOP ( 'NONE', ( #4388, #2769, #5568, #5342 ) ) ;
#2410 = ADVANCED_FACE ( 'NONE', ( #918 ), #414, .T. ) ;
#2411 = DIRECTION ( 'NONE',  ( 0.000000000000000000, 0.000000000000000000, 1.000000000000000000 ) ) ;
#2412 = ORIENTED_EDGE ( 'NONE', *, *, #3832, .F. ) ;
#2413 = DIRECTION ( 'NONE',  ( -5.464378949326884287E-14, 0.000000000000000000, 1.000000000000000000 ) ) ;
#2414 = ORIENTED_EDGE ( 'NONE', *, *, #2785, .T. ) ;
#2415 =( LENGTH_UNIT ( ) NAMED_UNIT ( * ) SI_UNIT ( .MILLI., .METRE. ) );
#2416 = CARTESIAN_POINT ( 'NONE',  ( 0.7250000000000490497, 0.000000000000000000, 0.1749999999999849454 ) ) ;
#2417 = VERTEX_POINT ( 'NONE', #5490 ) ;
#2418 = FACE_OUTER_BOUND ( 'NONE', #4070, .T. ) ;
#2419 = EDGE_CURVE ( 'NONE', #2724, #4961, #2322, .T. ) ;
#2420 = CARTESIAN_POINT ( 'NONE',  ( -0.9999999999999997780, 5.405551275463989391, 1.500000000000000000 ) ) ;
#2421 = CARTESIAN_POINT ( 'NONE',  ( 0.5000000000000127676, 0.04999999999999999584, 1.224999999999999867 ) ) ;
#2422 = LINE ( 'NONE', #1093, #4294 ) ;
#2423 = CARTESIAN_POINT ( 'NONE',  ( 0.7250000000000165201, 0.1000000000000000056, -0.6000000000000372813 ) ) ;
#2424 =( NAMED_UNIT ( * ) PLANE_ANGLE_UNIT ( ) SI_UNIT ( $, .RADIAN. ) );
#2425 = VECTOR ( 'NONE', #2876, 1000.000000000000000 ) ;
#2426 = DIRECTION ( 'NONE',  ( -1.000000000000000000, -0.000000000000000000, -1.182766006347908897E-15 ) ) ;
#2427 = DIRECTION ( 'NONE',  ( -1.000000000000000000, -0.000000000000000000, -1.182766006347908897E-15 ) ) ;
#2428 = DIRECTION ( 'NONE',  ( 1.000000000000000000, 0.000000000000000000, -7.490851373537457304E-14 ) ) ;
#2429 = VECTOR ( 'NONE', #538, 1000.000000000000000 ) ;
#2430 = CARTESIAN_POINT ( 'NONE',  ( -0.6000000000000262901, 0.1000000000000000472, -1.250000000000022427 ) ) ;
#2431 =( NAMED_UNIT ( * ) SI_UNIT ( $, .STERADIAN. ) SOLID_ANGLE_UNIT ( ) );
#2432 = DIRECTION ( 'NONE',  ( 0.000000000000000000, 1.000000000000000000, 0.000000000000000000 ) ) ;
#2433 = DIRECTION ( 'NONE',  ( 0.000000000000000000, 0.000000000000000000, 1.000000000000000000 ) ) ;
#2434 = ADVANCED_FACE ( 'NONE', ( #51 ), #24, .F. ) ;
#2435 = PRESENTATION_LAYER_ASSIGNMENT (  '', '', ( #5579 ) ) ;
#2436 = DIRECTION ( 'NONE',  ( 0.000000000000000000, 0.000000000000000000, 1.000000000000000000 ) ) ;
#2437 = EDGE_CURVE ( 'NONE', #3680, #3073, #1416, .T. ) ;
#2438 = ORIENTED_EDGE ( 'NONE', *, *, #915, .F. ) ;
#2439 = VECTOR ( 'NONE', #1276, 1000.000000000000000 ) ;
#2440 = EDGE_LOOP ( 'NONE', ( #5855, #2748, #889, #349, #5627, #1967 ) ) ;
#2441 = PLANE ( 'NONE',  #1304 ) ;
#2442 = ORIENTED_EDGE ( 'NONE', *, *, #2919, .F. ) ;
#2443 = EDGE_CURVE ( 'NONE', #5622, #344, #5434, .T. ) ;
#2444 = EDGE_CURVE ( 'NONE', #164, #3772, #210, .T. ) ;
#2445 = ADVANCED_FACE ( 'NONE', ( #471 ), #5515, .F. ) ;
#2446 = ORIENTED_EDGE ( 'NONE', *, *, #5433, .T. ) ;
#2447 = CARTESIAN_POINT ( 'NONE',  ( -1.000000000000006439, 1.844118304745738346, -0.6000000000000005329 ) ) ;
#2448 = VERTEX_POINT ( 'NONE', #3260 ) ;
#2449 = FACE_OUTER_BOUND ( 'NONE', #4824, .T. ) ;
#2450 = EDGE_LOOP ( 'NONE', ( #2539, #813, #543, #3622 ) ) ;
#2451 = DIRECTION ( 'NONE',  ( 1.000000000000000000, 0.000000000000000000, 4.060829955128111177E-14 ) ) ;
#2452 = ORIENTED_EDGE ( 'NONE', *, *, #5718, .F. ) ;
#2453 = LINE ( 'NONE', #5606, #3090 ) ;
#2454 = CARTESIAN_POINT ( 'NONE',  ( 0.7250000000000165201, 0.000000000000000000, -0.6000000000000180744 ) ) ;
#2455 = PLANE ( 'NONE',  #4199 ) ;
#2456 = CARTESIAN_POINT ( 'NONE',  ( -0.7250000000000392797, 0.04999999999999999584, -0.6000000000000085265 ) ) ;
#2457 = LINE ( 'NONE', #2164, #657 ) ;
#2458 = VECTOR ( 'NONE', #4037, 1000.000000000000000 ) ;
#2459 = DIRECTION ( 'NONE',  ( 0.000000000000000000, -1.000000000000000000, 0.000000000000000000 ) ) ;
#2460 = FILL_AREA_STYLE ('',( #2950 ) ) ;
#2461 = CARTESIAN_POINT ( 'NONE',  ( -0.6249999999999977796, 0.2000000000000000111, 1.500000000000000000 ) ) ;
#2462 = VECTOR ( 'NONE', #3143, 1000.000000000000000 ) ;
#2463 = ORIENTED_EDGE ( 'NONE', *, *, #3419, .T. ) ;
#2464 = LINE ( 'NONE', #3688, #94 ) ;
#2465 = DIRECTION ( 'NONE',  ( 0.000000000000000000, -1.000000000000000000, 0.000000000000000000 ) ) ;
#2466 = CARTESIAN_POINT ( 'NONE',  ( -0.1249999999999977240, 0.2000000000000000111, 1.500000000000000000 ) ) ;
#2467 = CARTESIAN_POINT ( 'NONE',  ( -0.6249999999999977796, 0.2000000000000000111, 1.450000000000000178 ) ) ;
#2468 = CIRCLE ( 'NONE', #2577, 0.1250000000000126288 ) ;
#2469 = EDGE_LOOP ( 'NONE', ( #4544, #2929, #264, #1048, #2153, #1722 ) ) ;
#2470 = MANIFOLD_SOLID_BREP ( 'Cut-Extrude3[11]', #2041 ) ;
#2471 = ORIENTED_EDGE ( 'NONE', *, *, #134, .T. ) ;
#2472 = CARTESIAN_POINT ( 'NONE',  ( 0.9999999999999985567, 0.2000000000000000944, -1.000000000000022871 ) ) ;
#2473 = EDGE_CURVE ( 'NONE', #3091, #4681, #2741, .T. ) ;
#2474 = EDGE_LOOP ( 'NONE', ( #1384, #4978, #5097, #1168, #4004, #5216 ) ) ;
#2475 = EDGE_CURVE ( 'NONE', #1632, #3974, #4610, .T. ) ;
#2476 = ORIENTED_EDGE ( 'NONE', *, *, #2165, .T. ) ;
#2477 = CARTESIAN_POINT ( 'NONE',  ( 0.9999999999999783507, 0.2000000000000000111, -0.6000000000000187406 ) ) ;
#2478 = ORIENTED_EDGE ( 'NONE', *, *, #3300, .F. ) ;
#2479 = FILL_AREA_STYLE ('',( #635 ) ) ;
#2480 = LINE ( 'NONE', #4636, #2425 ) ;
#2481 = ORIENTED_EDGE ( 'NONE', *, *, #3659, .F. ) ;
#2482 = EDGE_CURVE ( 'NONE', #2610, #4114, #3741, .T. ) ;
#2483 = DIRECTION ( 'NONE',  ( 0.000000000000000000, 0.000000000000000000, 1.000000000000000000 ) ) ;
#2484 = EDGE_CURVE ( 'NONE', #1560, #5794, #3589, .T. ) ;
#2485 = EDGE_CURVE ( 'NONE', #3306, #5125, #1306, .T. ) ;
#2486 = MANIFOLD_SOLID_BREP ( 'Boss-Extrude3', #5863 ) ;
#2487 = VECTOR ( 'NONE', #1312, 1000.000000000000000 ) ;
#2488 = ORIENTED_EDGE ( 'NONE', *, *, #5291, .F. ) ;
#2489 = DIRECTION ( 'NONE',  ( -1.000000000000000000, 0.000000000000000000, -6.741766236183528432E-14 ) ) ;
#2490 = CARTESIAN_POINT ( 'NONE',  ( 1.000000000000000000, 0.1000000000000000056, 0.2999999999999771738 ) ) ;
#2491 = DIRECTION ( 'NONE',  ( -7.490851373537457304E-14, 0.000000000000000000, -1.000000000000000000 ) ) ;
#2492 = CARTESIAN_POINT ( 'NONE',  ( -0.7250000000000367262, 0.000000000000000000, -0.4749999999999977573 ) ) ;
#2493 = CARTESIAN_POINT ( 'NONE',  ( -1.000000000000006439, 0.2000000000000000111, -0.3500000000000004774 ) ) ;
#2494 = VECTOR ( 'NONE', #4734, 1000.000000000000000 ) ;
#2495 = AXIS2_PLACEMENT_3D ( 'NONE', #5612, #1064, #4671 ) ;
#2496 = DIRECTION ( 'NONE',  ( -1.971276677246371272E-16, -0.000000000000000000, -1.000000000000000000 ) ) ;
#2497 = SURFACE_SIDE_STYLE ('',( #213 ) ) ;
#2498 = CARTESIAN_POINT ( 'NONE',  ( 0.6250000000000233147, 0.05000000000000000278, 0.000000000000000000 ) ) ;
#2499 = AXIS2_PLACEMENT_3D ( 'NONE', #4187, #5553, #1825 ) ;
#2500 = ORIENTED_EDGE ( 'NONE', *, *, #964, .F. ) ;
#2501 = LINE ( 'NONE', #2985, #289 ) ;
#2502 = LINE ( 'NONE', #4283, #3411 ) ;
#2503 = DIRECTION ( 'NONE',  ( 0.000000000000000000, 1.000000000000000000, 0.000000000000000000 ) ) ;
#2504 = VECTOR ( 'NONE', #4209, 1000.000000000000000 ) ;
#2505 = EDGE_CURVE ( 'NONE', #735, #253, #865, .T. ) ;
#2506 = COLOUR_RGB ( '',0.7921568627450980005, 0.8196078431372548767, 0.9333333333333333481 ) ;
#2507 = DIRECTION ( 'NONE',  ( 0.000000000000000000, 1.000000000000000000, 0.000000000000000000 ) ) ;
#2508 = ORIENTED_EDGE ( 'NONE', *, *, #3819, .F. ) ;
#2509 = ORIENTED_EDGE ( 'NONE', *, *, #4337, .F. ) ;
#2510 = DIRECTION ( 'NONE',  ( 0.000000000000000000, 1.000000000000000000, 0.000000000000000000 ) ) ;
#2511 = COLOUR_RGB ( '',0.7921568627450980005, 0.8196078431372548767, 0.9333333333333333481 ) ;
#2512 = ORIENTED_EDGE ( 'NONE', *, *, #3300, .T. ) ;
#2513 = ORIENTED_EDGE ( 'NONE', *, *, #5279, .T. ) ;
#2514 = DIRECTION ( 'NONE',  ( 0.000000000000000000, 0.000000000000000000, 1.000000000000000000 ) ) ;
#2515 = VERTEX_POINT ( 'NONE', #1026 ) ;
#2516 = DIRECTION ( 'NONE',  ( -0.000000000000000000, -1.000000000000000000, -0.000000000000000000 ) ) ;
#2517 = VECTOR ( 'NONE', #2220, 1000.000000000000000 ) ;
#2518 = EDGE_CURVE ( 'NONE', #3375, #4126, #5080, .T. ) ;
#2519 = EDGE_LOOP ( 'NONE', ( #1347, #5915, #2508, #3882, #4847, #4945 ) ) ;
#2520 = CARTESIAN_POINT ( 'NONE',  ( -0.4999999999999872324, 1.844118304745738346, 1.224999999999999867 ) ) ;
#2521 = FACE_OUTER_BOUND ( 'NONE', #5273, .T. ) ;
#2522 = CARTESIAN_POINT ( 'NONE',  ( 0.000000000000000000, 0.000000000000000000, 0.000000000000000000 ) ) ;
#2523 = CARTESIAN_POINT ( 'NONE',  ( 1.000000000000000222, 0.8999999999999998002, -1.500000000000000000 ) ) ;
#2524 = CARTESIAN_POINT ( 'NONE',  ( 6.497327928204558839E-14, 0.05000000000000000278, 0.8000000000000583311 ) ) ;
#2525 = CARTESIAN_POINT ( 'NONE',  ( -0.1250000000000071332, 0.2000000000000000111, -1.500000000000000000 ) ) ;
#2526 = CARTESIAN_POINT ( 'NONE',  ( -1.218248986538596174E-14, 0.05000000000000000278, 0.3000000000000400679 ) ) ;
#2527 = MANIFOLD_SOLID_BREP ( 'Cut-Extrude3[6]', #1936 ) ;
#2528 = CARTESIAN_POINT ( 'NONE',  ( 0.7250000000000490497, 0.2000000000000000111, 0.04999999999997421785 ) ) ;
#2529 = CARTESIAN_POINT ( 'NONE',  ( -0.4999999999999872324, 0.04999999999999999584, 1.224999999999999867 ) ) ;
#2530 = VERTEX_POINT ( 'NONE', #5135 ) ;
#2531 = ADVANCED_FACE ( 'NONE', ( #4635 ), #3338, .F. ) ;
#2532 = CARTESIAN_POINT ( 'NONE',  ( 0.9999999999999715783, 1.844118304745738346, -1.250000000000018652 ) ) ;
#2533 = VECTOR ( 'NONE', #1363, 1000.000000000000000 ) ;
#2534 = LINE ( 'NONE', #124, #1120 ) ;
#2535 = DIRECTION ( 'NONE',  ( 0.000000000000000000, -0.000000000000000000, 1.000000000000000000 ) ) ;
#2536 = CARTESIAN_POINT ( 'NONE',  ( 0.9500000000000002887, 0.1000000000000000056, -1.450000000000000178 ) ) ;
#2537 = CLOSED_SHELL ( 'NONE', ( #3055, #3253, #4436, #88, #2727, #2969, #4085, #1065, #379, #5530, #1968, #719, #3368, #5874, #1742, #3277, #3802, #3654, #1371, #5334, #4936, #3575, #1471, #3987, #2118, #1672, #5230, #4935, #673, #5759, #586, #1822, #5507, #5206, #2856, #1555, #1633, #2434, #3065, #998, #64, #5750, #4252, #1596, #629, #2108, #2445, #1113, #3183, #1631, #2683, #4542, #240, #5911, #3457, #3749, #1106, #3610, #3045, #2531, #1946, #1230, #5341, #4633, #22, #5305, #4976, #4739, #537, #162, #41, #4152, #483, #4825, #4219, #3315, #2031, #4458, #1341, #3710, #568, #1198, #5418, #5028, #5882, #1407, #203, #1424 ) ) ;
#2538 = CARTESIAN_POINT ( 'NONE',  ( 0.7250000000000509370, 0.04999999999999999584, -0.3500000000000021982 ) ) ;
#2539 = ORIENTED_EDGE ( 'NONE', *, *, #3903, .T. ) ;
#2540 = ORIENTED_EDGE ( 'NONE', *, *, #1915, .T. ) ;
#2541 = LINE ( 'NONE', #2076, #5504 ) ;
#2542 = AXIS2_PLACEMENT_3D ( 'NONE', #2729, #2663, #5901 ) ;
#2543 = VECTOR ( 'NONE', #1703, 1000.000000000000000 ) ;
#2544 = VERTEX_POINT ( 'NONE', #523 ) ;
#2545 = ORIENTED_EDGE ( 'NONE', *, *, #4329, .T. ) ;
#2546 = ORIENTED_EDGE ( 'NONE', *, *, #2075, .F. ) ;
#2547 = LINE ( 'NONE', #4538, #4716 ) ;
#2548 = ORIENTED_EDGE ( 'NONE', *, *, #3508, .F. ) ;
#2549 = DIRECTION ( 'NONE',  ( 0.000000000000000000, -1.000000000000000000, 0.000000000000000000 ) ) ;
#2550 = ORIENTED_EDGE ( 'NONE', *, *, #1784, .T. ) ;
#2551 = DIRECTION ( 'NONE',  ( 1.000000000000000000, 0.000000000000000000, -8.121659910255104064E-14 ) ) ;
#2552 = FACE_OUTER_BOUND ( 'NONE', #4840, .T. ) ;
#2553 = CARTESIAN_POINT ( 'NONE',  ( -0.1249999999999977240, 0.2000000000000000111, 1.224999999999999867 ) ) ;
#2554 = CARTESIAN_POINT ( 'NONE',  ( 0.7250000000000490497, 0.1000000000000000056, 0.04999999999997421785 ) ) ;
#2555 = CARTESIAN_POINT ( 'NONE',  ( 0.9500000000000002887, 0.1000000000000000056, 1.450000000000000178 ) ) ;
#2556 = LINE ( 'NONE', #2525, #3921 ) ;
#2557 = EDGE_CURVE ( 'NONE', #4807, #3690, #1983, .T. ) ;
#2558 = EDGE_CURVE ( 'NONE', #1324, #993, #2358, .T. ) ;
#2559 = CARTESIAN_POINT ( 'NONE',  ( -0.7250000000000383915, 0.000000000000000000, 0.1750000000000000167 ) ) ;
#2560 = MANIFOLD_SOLID_BREP ( 'Cut-Extrude3[13]', #5660 ) ;
#2561 = DIRECTION ( 'NONE',  ( 1.000000000000000000, 0.000000000000000000, 0.000000000000000000 ) ) ;
#2562 = DIRECTION ( 'NONE',  ( 0.000000000000000000, 0.000000000000000000, -1.000000000000000000 ) ) ;
#2563 = ORIENTED_EDGE ( 'NONE', *, *, #1262, .T. ) ;
#2564 = DIRECTION ( 'NONE',  ( 0.000000000000000000, -0.000000000000000000, -1.000000000000000000 ) ) ;
#2565 = DIRECTION ( 'NONE',  ( -1.000000000000000000, 0.000000000000000000, -0.000000000000000000 ) ) ;
#2566 = CARTESIAN_POINT ( 'NONE',  ( 1.279358563532895232E-14, 0.000000000000000000, 1.099999999999989431 ) ) ;
#2567 = EDGE_CURVE ( 'NONE', #1560, #770, #1999, .T. ) ;
#2568 = EDGE_CURVE ( 'NONE', #245, #4084, #148, .T. ) ;
#2569 = VECTOR ( 'NONE', #4496, 1000.000000000000000 ) ;
#2570 = CARTESIAN_POINT ( 'NONE',  ( -0.9999999999999963363, 1.844118304745738346, 0.04999999999999948236 ) ) ;
#2571 = CARTESIAN_POINT ( 'NONE',  ( -0.7250000000000582645, 0.2000000000000000111, -0.3499999999999870992 ) ) ;
#2572 = VERTEX_POINT ( 'NONE', #1129 ) ;
#2573 = VECTOR ( 'NONE', #2069, 1000.000000000000000 ) ;
#2574 = ORIENTED_EDGE ( 'NONE', *, *, #63, .T. ) ;
#2575 = LINE ( 'NONE', #5752, #5124 ) ;
#2576 = VECTOR ( 'NONE', #3472, 1000.000000000000000 ) ;
#2577 = AXIS2_PLACEMENT_3D ( 'NONE', #1152, #3000, #2085 ) ;
#2578 = ORIENTED_EDGE ( 'NONE', *, *, #216, .T. ) ;
#2579 = EDGE_LOOP ( 'NONE', ( #3519, #2488, #5883, #723 ) ) ;
#2580 = EDGE_LOOP ( 'NONE', ( #1266, #2669, #5337, #3160 ) ) ;
#2581 = CARTESIAN_POINT ( 'NONE',  ( 1.000000000000000000, 0.1000000000000000056, 0.5499999999999745093 ) ) ;
#2582 = EDGE_LOOP ( 'NONE', ( #4601, #5099, #1589, #4812 ) ) ;
#2583 = VECTOR ( 'NONE', #4703, 1000.000000000000000 ) ;
#2584 = LINE ( 'NONE', #2619, #1593 ) ;
#2585 = ORIENTED_EDGE ( 'NONE', *, *, #2023, .T. ) ;
#2586 = FACE_OUTER_BOUND ( 'NONE', #1433, .T. ) ;
#2587 = DIRECTION ( 'NONE',  ( 0.000000000000000000, 0.000000000000000000, -1.000000000000000000 ) ) ;
#2588 = CARTESIAN_POINT ( 'NONE',  ( -0.1249999999999977240, 0.2000000000000000111, 1.500000000000000000 ) ) ;
#2589 = CARTESIAN_POINT ( 'NONE',  ( 0.7250000000000189626, 0.2000000000000000111, 0.7999999999999994893 ) ) ;
#2590 = EDGE_LOOP ( 'NONE', ( #972, #3067, #594, #3435, #5722, #3395, #2618, #3363, #1893, #4689, #2301, #3036, #1159, #3627, #1295, #884, #3525, #730, #518, #411 ) ) ;
#2591 = LINE ( 'NONE', #5325, #3451 ) ;
#2592 = MANIFOLD_SOLID_BREP ( 'Cut-Extrude3[9]', #2736 ) ;
#2593 = FACE_OUTER_BOUND ( 'NONE', #2590, .T. ) ;
#2594 = DIRECTION ( 'NONE',  ( -1.000000000000000000, 0.000000000000000000, -1.182766006347908897E-15 ) ) ;
#2595 = ORIENTED_EDGE ( 'NONE', *, *, #1530, .F. ) ;
#2596 = VECTOR ( 'NONE', #3012, 1000.000000000000000 ) ;
#2597 = CARTESIAN_POINT ( 'NONE',  ( -0.6999999999999998446, 0.7999999999999999334, -1.200000000000000178 ) ) ;
#2598 = EDGE_CURVE ( 'NONE', #3459, #62, #3327, .T. ) ;
#2599 = CARTESIAN_POINT ( 'NONE',  ( 0.6250000000000232037, 0.1000000000000000056, 1.450000000000000178 ) ) ;
#2600 = AXIS2_PLACEMENT_3D ( 'NONE', #2873, #5079, #1534 ) ;
#2601 = EDGE_CURVE ( 'NONE', #4681, #938, #5876, .T. ) ;
#2602 = VECTOR ( 'NONE', #4246, 1000.000000000000000 ) ;
#2603 = CARTESIAN_POINT ( 'NONE',  ( -0.9500000000000001776, 0.1000000000000000056, 1.450000000000000178 ) ) ;
#2604 = CARTESIAN_POINT ( 'NONE',  ( -0.4999999999999872324, 0.2000000000000000111, 1.224999999999999867 ) ) ;
#2605 = ADVANCED_FACE ( 'NONE', ( #648 ), #2402, .F. ) ;
#2606 = EDGE_LOOP ( 'NONE', ( #102, #4314, #803, #2446 ) ) ;
#2607 = EDGE_CURVE ( 'NONE', #1300, #490, #1516, .T. ) ;
#2608 = VECTOR ( 'NONE', #2880, 1000.000000000000000 ) ;
#2609 = MANIFOLD_SOLID_BREP ( 'Cut-Extrude3[2]', #127 ) ;
#2610 = VERTEX_POINT ( 'NONE', #2862 ) ;
#2611 = CARTESIAN_POINT ( 'NONE',  ( -0.6249999999999977796, 0.1000000000000000056, 1.500000000000000000 ) ) ;
#2612 = ORIENTED_EDGE ( 'NONE', *, *, #1914, .F. ) ;
#2613 = EDGE_LOOP ( 'NONE', ( #465, #1000, #3334, #493 ) ) ;
#2614 = ORIENTED_EDGE ( 'NONE', *, *, #1366, .T. ) ;
#2615 = ORIENTED_EDGE ( 'NONE', *, *, #850, .T. ) ;
#2616 = EDGE_CURVE ( 'NONE', #2036, #1705, #4672, .T. ) ;
#2617 = LINE ( 'NONE', #4427, #3664 ) ;
#2618 = ORIENTED_EDGE ( 'NONE', *, *, #2475, .F. ) ;
#2619 = CARTESIAN_POINT ( 'NONE',  ( -0.9500000000000001776, 1.844118304745738346, -1.250000000000002887 ) ) ;
#2620 = ORIENTED_EDGE ( 'NONE', *, *, #444, .F. ) ;
#2621 = CARTESIAN_POINT ( 'NONE',  ( -0.9500000000000001776, 0.05000000000000000278, 0.3000000000000078715 ) ) ;
#2622 = DIRECTION ( 'NONE',  ( 1.000000000000000000, 0.000000000000000000, 8.673617379884035472E-16 ) ) ;
#2623 = LINE ( 'NONE', #2653, #3324 ) ;
#2624 = ORIENTED_EDGE ( 'NONE', *, *, #1849, .F. ) ;
#2625 = AXIS2_PLACEMENT_3D ( 'NONE', #235, #356, #2622 ) ;
#2626 = FILL_AREA_STYLE ('',( #3474 ) ) ;
#2627 = EDGE_CURVE ( 'NONE', #4061, #4878, #5803, .T. ) ;
#2628 = CARTESIAN_POINT ( 'NONE',  ( -0.7250000000000392797, 0.000000000000000000, 0.5499999999999892752 ) ) ;
#2629 = LINE ( 'NONE', #3505, #4549 ) ;
#2630 = CARTESIAN_POINT ( 'NONE',  ( 1.279358563532895232E-14, 0.000000000000000000, 1.224999999999999867 ) ) ;
#2631 = ORIENTED_EDGE ( 'NONE', *, *, #133, .F. ) ;
#2632 = DIRECTION ( 'NONE',  ( 0.000000000000000000, 0.000000000000000000, -1.000000000000000000 ) ) ;
#2633 = CARTESIAN_POINT ( 'NONE',  ( 0.7250000000000165201, 1.844118304745738346, -0.6000000000000180744 ) ) ;
#2634 = ORIENTED_EDGE ( 'NONE', *, *, #5718, .T. ) ;
#2635 = CARTESIAN_POINT ( 'NONE',  ( 0.9500000000000002887, 1.844118304745738346, 0.7999999999999811706 ) ) ;
#2636 = DIRECTION ( 'NONE',  ( -0.000000000000000000, -0.000000000000000000, -1.000000000000000000 ) ) ;
#2637 = EDGE_LOOP ( 'NONE', ( #1838, #2161, #3146, #749 ) ) ;
#2638 = ORIENTED_EDGE ( 'NONE', *, *, #2778, .T. ) ;
#2639 = CARTESIAN_POINT ( 'NONE',  ( 0.000000000000000000, 0.1000000000000000056, 0.000000000000000000 ) ) ;
#2640 = ORIENTED_EDGE ( 'NONE', *, *, #4088, .F. ) ;
#2641 = VECTOR ( 'NONE', #5081, 1000.000000000000000 ) ;
#2642 = EDGE_CURVE ( 'NONE', #1629, #4916, #304, .T. ) ;
#2643 = ORIENTED_EDGE ( 'NONE', *, *, #3279, .F. ) ;
#2644 = ORIENTED_EDGE ( 'NONE', *, *, #3743, .T. ) ;
#2645 = CARTESIAN_POINT ( 'NONE',  ( 1.000000000000005329, 0.2000000000000000944, -0.3500000000000227929 ) ) ;
#2646 = ORIENTED_EDGE ( 'NONE', *, *, #1624, .F. ) ;
#2647 = CARTESIAN_POINT ( 'NONE',  ( -0.1250000000000071332, 0.04999999999999999584, 0.1250000000000001388 ) ) ;
#2648 = EDGE_CURVE ( 'NONE', #2257, #5707, #4241, .T. ) ;
#2649 = ADVANCED_FACE ( 'NONE', ( #2167 ), #2134, .T. ) ;
#2650 = EDGE_LOOP ( 'NONE', ( #5018, #3873, #5695, #1890, #4949, #3337 ) ) ;
#2651 = CARTESIAN_POINT ( 'NONE',  ( 0.9500000000000002887, 0.000000000000000000, 0.2999999999999812261 ) ) ;
#2652 = DIRECTION ( 'NONE',  ( 0.000000000000000000, -0.000000000000000000, 1.000000000000000000 ) ) ;
#2653 = CARTESIAN_POINT ( 'NONE',  ( 0.000000000000000000, 0.05000000000000000278, 1.450000000000000178 ) ) ;
#2654 = VERTEX_POINT ( 'NONE', #5772 ) ;
#2655 = CARTESIAN_POINT ( 'NONE',  ( 0.9500000000000002887, 0.2000000000000000111, 0.04999999999997448152 ) ) ;
#2656 = DIRECTION ( 'NONE',  ( -1.000000000000000000, 0.000000000000000000, -1.182766006347908897E-15 ) ) ;
#2657 = LINE ( 'NONE', #243, #1945 ) ;
#2658 = LINE ( 'NONE', #1764, #1343 ) ;
#2659 = ORIENTED_EDGE ( 'NONE', *, *, #3860, .F. ) ;
#2660 = CARTESIAN_POINT ( 'NONE',  ( -0.9500000000000001776, 1.844118304745738346, 0.3000000000000014877 ) ) ;
#2661 = DIRECTION ( 'NONE',  ( -5.464378949326884287E-14, 0.000000000000000000, 1.000000000000000000 ) ) ;
#2662 = DIRECTION ( 'NONE',  ( 0.000000000000000000, -1.000000000000000000, 0.000000000000000000 ) ) ;
#2663 = DIRECTION ( 'NONE',  ( -6.702340702638594572E-14, 0.000000000000000000, 1.000000000000000000 ) ) ;
#2664 = EDGE_LOOP ( 'NONE', ( #1781, #702, #4113, #156, #5276, #345 ) ) ;
#2665 = VERTEX_POINT ( 'NONE', #333 ) ;
#2666 = DIRECTION ( 'NONE',  ( -1.000000000000000000, 0.000000000000000000, 3.706000153223781540E-14 ) ) ;
#2667 = ORIENTED_EDGE ( 'NONE', *, *, #2264, .T. ) ;
#2668 = VECTOR ( 'NONE', #1948, 1000.000000000000000 ) ;
#2669 = ORIENTED_EDGE ( 'NONE', *, *, #1588, .T. ) ;
#2670 = VECTOR ( 'NONE', #2923, 1000.000000000000000 ) ;
#2671 = ORIENTED_EDGE ( 'NONE', *, *, #5684, .T. ) ;
#2672 = ORIENTED_EDGE ( 'NONE', *, *, #3344, .F. ) ;
#2673 = EDGE_CURVE ( 'NONE', #2093, #4656, #1643, .T. ) ;
#2674 = FACE_OUTER_BOUND ( 'NONE', #1413, .T. ) ;
#2675 = AXIS2_PLACEMENT_3D ( 'NONE', #2260, #4533, #812 ) ;
#2676 = EDGE_CURVE ( 'NONE', #4545, #900, #2629, .T. ) ;
#2677 = PLANE ( 'NONE',  #2926 ) ;
#2678 = EDGE_CURVE ( 'NONE', #1178, #3270, #2657, .T. ) ;
#2679 = VECTOR ( 'NONE', #4282, 1000.000000000000000 ) ;
#2680 =( NAMED_UNIT ( * ) SI_UNIT ( $, .STERADIAN. ) SOLID_ANGLE_UNIT ( ) );
#2681 = FACE_OUTER_BOUND ( 'NONE', #3003, .T. ) ;
#2682 = ORIENTED_EDGE ( 'NONE', *, *, #5564, .F. ) ;
#2683 = ADVANCED_FACE ( 'NONE', ( #5263 ), #5295, .T. ) ;
#2684 = DIRECTION ( 'NONE',  ( 0.000000000000000000, 0.000000000000000000, 1.000000000000000000 ) ) ;
#2685 = DIRECTION ( 'NONE',  ( -0.000000000000000000, 0.000000000000000000, 1.000000000000000000 ) ) ;
#2686 = LINE ( 'NONE', #4556, #1286 ) ;
#2687 = CARTESIAN_POINT ( 'NONE',  ( 1.000000000000000222, 0.1000000000000000056, -1.000000000000023093 ) ) ;
#2688 = VERTEX_POINT ( 'NONE', #5326 ) ;
#2689 = PLANE ( 'NONE',  #5063 ) ;
#2690 = DIRECTION ( 'NONE',  ( 0.000000000000000000, 0.000000000000000000, -1.000000000000000000 ) ) ;
#2691 = ORIENTED_EDGE ( 'NONE', *, *, #2892, .T. ) ;
#2692 = VECTOR ( 'NONE', #528, 1000.000000000000000 ) ;
#2693 = DIRECTION ( 'NONE',  ( -0.000000000000000000, -1.000000000000000000, -0.000000000000000000 ) ) ;
#2694 = DIRECTION ( 'NONE',  ( 2.917489482324978130E-14, -0.000000000000000000, 1.000000000000000000 ) ) ;
#2695 = ORIENTED_EDGE ( 'NONE', *, *, #4983, .T. ) ;
#2696 = VECTOR ( 'NONE', #1517, 1000.000000000000000 ) ;
#2697 = ADVANCED_FACE ( 'NONE', ( #3569 ), #4372, .F. ) ;
#2698 = VECTOR ( 'NONE', #792, 1000.000000000000000 ) ;
#2699 = CARTESIAN_POINT ( 'NONE',  ( 0.9500000000000002887, 1.844118304745738346, -0.6000000000000220712 ) ) ;
#2700 = VERTEX_POINT ( 'NONE', #4020 ) ;
#2701 = AXIS2_PLACEMENT_3D ( 'NONE', #1933, #3318, #5144 ) ;
#2702 = ADVANCED_FACE ( 'NONE', ( #364 ), #3477, .F. ) ;
#2703 = DIRECTION ( 'NONE',  ( 1.000000000000000000, 0.000000000000000000, 0.000000000000000000 ) ) ;
#2704 = VECTOR ( 'NONE', #5545, 1000.000000000000000 ) ;
#2705 = ORIENTED_EDGE ( 'NONE', *, *, #2473, .T. ) ;
#2706 = VECTOR ( 'NONE', #5866, 1000.000000000000000 ) ;
#2707 = ORIENTED_EDGE ( 'NONE', *, *, #2032, .T. ) ;
#2708 = LINE ( 'NONE', #5885, #5508 ) ;
#2709 = ORIENTED_EDGE ( 'NONE', *, *, #4894, .F. ) ;
#2710 = AXIS2_PLACEMENT_3D ( 'NONE', #2056, #4987, #5427 ) ;
#2711 = DIRECTION ( 'NONE',  ( 0.000000000000000000, -0.000000000000000000, 1.000000000000000000 ) ) ;
#2712 = FILL_AREA_STYLE_COLOUR ( '', #1925 ) ;
#2713 = CYLINDRICAL_SURFACE ( 'NONE', #4339, 0.1250000000000105194 ) ;
#2714 = ORIENTED_EDGE ( 'NONE', *, *, #727, .T. ) ;
#2715 = LINE ( 'NONE', #5833, #622 ) ;
#2716 = EDGE_CURVE ( 'NONE', #3539, #4637, #3014, .T. ) ;
#2717 = CARTESIAN_POINT ( 'NONE',  ( 0.9500000000000002887, 0.05000000000000000278, 1.450000000000000178 ) ) ;
#2718 = DIRECTION ( 'NONE',  ( 0.000000000000000000, 0.000000000000000000, 1.000000000000000000 ) ) ;
#2719 = CARTESIAN_POINT ( 'NONE',  ( -0.1250000000000071332, 1.844118304745738346, -1.450000000000000178 ) ) ;
#2720 = ORIENTED_EDGE ( 'NONE', *, *, #360, .F. ) ;
#2721 = AXIS2_PLACEMENT_3D ( 'NONE', #3856, #179, #3792 ) ;
#2722 = DIRECTION ( 'NONE',  ( 1.000000000000000000, -0.000000000000000000, 4.869053392799454722E-14 ) ) ;
#2723 = PLANE ( 'NONE',  #2675 ) ;
#2724 = VERTEX_POINT ( 'NONE', #5740 ) ;
#2725 = VECTOR ( 'NONE', #108, 1000.000000000000000 ) ;
#2726 = EDGE_CURVE ( 'NONE', #1131, #965, #3048, .T. ) ;
#2727 = ADVANCED_FACE ( 'NONE', ( #2593 ), #4884, .F. ) ;
#2728 = DIRECTION ( 'NONE',  ( 0.000000000000000000, 1.000000000000000000, 0.000000000000000000 ) ) ;
#2729 = CARTESIAN_POINT ( 'NONE',  ( 0.7250000000000098588, 0.2000000000000000111, -1.250000000000037081 ) ) ;
#2730 = DIRECTION ( 'NONE',  ( 0.000000000000000000, 1.000000000000000000, 0.000000000000000000 ) ) ;
#2731 = ORIENTED_EDGE ( 'NONE', *, *, #3644, .F. ) ;
#2732 = CARTESIAN_POINT ( 'NONE',  ( -0.7250000000000410560, 0.2000000000000000111, 0.04999999999998928912 ) ) ;
#2733 = ORIENTED_EDGE ( 'NONE', *, *, #126, .T. ) ;
#2734 = ADVANCED_FACE ( 'NONE', ( #721 ), #4405, .T. ) ;
#2735 = VERTEX_POINT ( 'NONE', #1735 ) ;
#2736 = CLOSED_SHELL ( 'NONE', ( #5673, #2261, #4340, #4063, #5213, #2195, #2150, #2697 ) ) ;
#2737 = DIRECTION ( 'NONE',  ( 0.000000000000000000, -1.000000000000000000, 0.000000000000000000 ) ) ;
#2738 = VERTEX_POINT ( 'NONE', #1282 ) ;
#2739 = CARTESIAN_POINT ( 'NONE',  ( -0.4999999999999872324, 0.000000000000000000, 1.224999999999999867 ) ) ;
#2740 = EDGE_CURVE ( 'NONE', #4124, #101, #4943, .T. ) ;
#2741 = LINE ( 'NONE', #4552, #5088 ) ;
#2742 = VERTEX_POINT ( 'NONE', #4971 ) ;
#2743 = VERTEX_POINT ( 'NONE', #2804 ) ;
#2744 = CYLINDRICAL_SURFACE ( 'NONE', #2310, 0.1250000000000105194 ) ;
#2745 = DIRECTION ( 'NONE',  ( 1.000000000000000000, 0.000000000000000000, 6.741766236183528432E-14 ) ) ;
#2746 = CARTESIAN_POINT ( 'NONE',  ( 1.000000000000029088, 0.2000000000000000944, 0.04999999999997454397 ) ) ;
#2747 = VECTOR ( 'NONE', #1745, 1000.000000000000000 ) ;
#2748 = ORIENTED_EDGE ( 'NONE', *, *, #1421, .T. ) ;
#2749 = VECTOR ( 'NONE', #2194, 1000.000000000000000 ) ;
#2750 = CARTESIAN_POINT ( 'NONE',  ( -0.7250000000000359490, 0.2000000000000000111, 0.3000000000000106470 ) ) ;
#2751 = ORIENTED_EDGE ( 'NONE', *, *, #674, .T. ) ;
#2752 = ADVANCED_FACE ( 'NONE', ( #4528 ), #5443, .F. ) ;
#2753 = ORIENTED_EDGE ( 'NONE', *, *, #2869, .T. ) ;
#2754 = LINE ( 'NONE', #5061, #3444 ) ;
#2755 = CARTESIAN_POINT ( 'NONE',  ( 0.7250000000000508260, 1.844118304745738346, 0.5499999999999723999 ) ) ;
#2756 = DIRECTION ( 'NONE',  ( 1.000000000000000000, -0.000000000000000000, 2.168404344971152441E-14 ) ) ;
#2757 = EDGE_CURVE ( 'NONE', #1326, #2917, #420, .T. ) ;
#2758 = EDGE_CURVE ( 'NONE', #4855, #3645, #3187, .T. ) ;
#2759 = PLANE ( 'NONE',  #3788 ) ;
#2760 = ORIENTED_EDGE ( 'NONE', *, *, #2482, .T. ) ;
#2761 = ORIENTED_EDGE ( 'NONE', *, *, #4329, .F. ) ;
#2762 = CARTESIAN_POINT ( 'NONE',  ( 0.000000000000000000, 0.2000000000000000111, 0.000000000000000000 ) ) ;
#2763 = ORIENTED_EDGE ( 'NONE', *, *, #2116, .F. ) ;
#2764 =( GEOMETRIC_REPRESENTATION_CONTEXT ( 3 ) GLOBAL_UNCERTAINTY_ASSIGNED_CONTEXT ( ( #1329 ) ) GLOBAL_UNIT_ASSIGNED_CONTEXT ( ( #2946, #1127, #5076 ) ) REPRESENTATION_CONTEXT ( 'NONE', 'WORKASPACE' ) );
#2765 = CARTESIAN_POINT ( 'NONE',  ( -0.4999999999999872324, 0.2000000000000000111, 1.224999999999999867 ) ) ;
#2766 = DIRECTION ( 'NONE',  ( 0.000000000000000000, -0.000000000000000000, 1.000000000000000000 ) ) ;
#2767 = EDGE_CURVE ( 'NONE', #2252, #4985, #3, .T. ) ;
#2768 = CARTESIAN_POINT ( 'NONE',  ( -0.6000000000000262901, 0.04999999999999999584, -0.9999999999999913403 ) ) ;
#2769 = ORIENTED_EDGE ( 'NONE', *, *, #133, .T. ) ;
#2770 = LINE ( 'NONE', #2633, #1693 ) ;
#2771 = VECTOR ( 'NONE', #502, 1000.000000000000000 ) ;
#2772 = VECTOR ( 'NONE', #269, 1000.000000000000000 ) ;
#2773 = DIRECTION ( 'NONE',  ( -0.000000000000000000, 1.000000000000000000, -0.000000000000000000 ) ) ;
#2774 = CARTESIAN_POINT ( 'NONE',  ( -0.3749999999999766853, 0.1000000000000000056, 1.500000000000000000 ) ) ;
#2775 = FACE_OUTER_BOUND ( 'NONE', #2519, .T. ) ;
#2776 = DIRECTION ( 'NONE',  ( 1.000000000000000000, -0.000000000000000000, 4.060829955128110545E-14 ) ) ;
#2777 = ORIENTED_EDGE ( 'NONE', *, *, #3034, .T. ) ;
#2778 = EDGE_CURVE ( 'NONE', #2343, #2295, #3674, .T. ) ;
#2779 = ORIENTED_EDGE ( 'NONE', *, *, #3011, .T. ) ;
#2780 = ORIENTED_EDGE ( 'NONE', *, *, #1469, .F. ) ;
#2781 = CARTESIAN_POINT ( 'NONE',  ( 0.3750000000000022760, 0.05000000000000000278, 0.000000000000000000 ) ) ;
#2782 = DIRECTION ( 'NONE',  ( -0.000000000000000000, -1.000000000000000000, -0.000000000000000000 ) ) ;
#2783 = CARTESIAN_POINT ( 'NONE',  ( 0.9500000000000002887, 0.000000000000000000, -1.250000000000037081 ) ) ;
#2784 = CARTESIAN_POINT ( 'NONE',  ( 0.7250000000000165201, 0.2000000000000000111, -0.6000000000000372813 ) ) ;
#2785 = EDGE_CURVE ( 'NONE', #4540, #456, #4079, .T. ) ;
#2786 = EDGE_CURVE ( 'NONE', #4462, #5128, #5865, .T. ) ;
#2787 = ORIENTED_EDGE ( 'NONE', *, *, #352, .T. ) ;
#2788 = DIRECTION ( 'NONE',  ( 0.000000000000000000, -0.000000000000000000, 1.000000000000000000 ) ) ;
#2789 = VECTOR ( 'NONE', #2125, 1000.000000000000000 ) ;
#2790 = ORIENTED_EDGE ( 'NONE', *, *, #5778, .T. ) ;
#2791 = EDGE_LOOP ( 'NONE', ( #911, #5367, #3373, #5188 ) ) ;
#2792 = UNCERTAINTY_MEASURE_WITH_UNIT (LENGTH_MEASURE( 1.000000000000000082E-05 ), #1546, 'distance_accuracy_value', 'NONE');
#2793 = VECTOR ( 'NONE', #847, 1000.000000000000000 ) ;
#2794 = ORIENTED_EDGE ( 'NONE', *, *, #1943, .F. ) ;
#2795 = VECTOR ( 'NONE', #3194, 1000.000000000000000 ) ;
#2796 = VECTOR ( 'NONE', #5868, 1000.000000000000000 ) ;
#2797 = EDGE_CURVE ( 'NONE', #4484, #4389, #3595, .T. ) ;
#2798 = DIRECTION ( 'NONE',  ( 0.000000000000000000, -0.000000000000000000, 1.000000000000000000 ) ) ;
#2799 = ORIENTED_EDGE ( 'NONE', *, *, #1469, .T. ) ;
#2800 = VERTEX_POINT ( 'NONE', #924 ) ;
#2801 = VECTOR ( 'NONE', #476, 1000.000000000000000 ) ;
#2802 = DIRECTION ( 'NONE',  ( -1.000000000000000000, 0.000000000000000000, -4.869053392799455353E-14 ) ) ;
#2803 = DIRECTION ( 'NONE',  ( -0.000000000000000000, -1.000000000000000000, -0.000000000000000000 ) ) ;
#2804 = CARTESIAN_POINT ( 'NONE',  ( -0.9999999999999945599, 0.2000000000000000944, 0.7999999999999994893 ) ) ;
#2805 = DIRECTION ( 'NONE',  ( 5.583641188300717653E-14, -0.000000000000000000, 1.000000000000000000 ) ) ;
#2806 = CARTESIAN_POINT ( 'NONE',  ( 0.9500000000000002887, 0.1000000000000000056, 0.7999999999999810596 ) ) ;
#2807 = EDGE_CURVE ( 'NONE', #4114, #1238, #5025, .T. ) ;
#2808 = ORIENTED_EDGE ( 'NONE', *, *, #92, .T. ) ;
#2809 = AXIS2_PLACEMENT_3D ( 'NONE', #3563, #5378, #3131 ) ;
#2810 = LINE ( 'NONE', #2346, #2111 ) ;
#2811 = CARTESIAN_POINT ( 'NONE',  ( -0.7250000000000341727, 0.2000000000000000111, 0.8000000000000107025 ) ) ;
#2812 = SURFACE_SIDE_STYLE ('',( #5095 ) ) ;
#2813 = FACE_OUTER_BOUND ( 'NONE', #4865, .T. ) ;
#2814 = ORIENTED_EDGE ( 'NONE', *, *, #3899, .F. ) ;
#2815 = DIRECTION ( 'NONE',  ( 2.917489482324978130E-14, 0.000000000000000000, 1.000000000000000000 ) ) ;
#2816 = ORIENTED_EDGE ( 'NONE', *, *, #302, .F. ) ;
#2817 = ORIENTED_EDGE ( 'NONE', *, *, #1773, .T. ) ;
#2818 = CARTESIAN_POINT ( 'NONE',  ( -0.9500000000000001776, 0.1000000000000000056, 0.5499999999999977129 ) ) ;
#2819 = EDGE_CURVE ( 'NONE', #2417, #3974, #1313, .T. ) ;
#2820 = VERTEX_POINT ( 'NONE', #3163 ) ;
#2821 = EDGE_CURVE ( 'NONE', #316, #2895, #3649, .T. ) ;
#2822 = DIRECTION ( 'NONE',  ( -1.000000000000000000, 0.000000000000000000, 3.706000153223781540E-14 ) ) ;
#2823 = SURFACE_SIDE_STYLE ('',( #3371 ) ) ;
#2824 = DIRECTION ( 'NONE',  ( -0.000000000000000000, -1.000000000000000000, -0.000000000000000000 ) ) ;
#2825 = ORIENTED_EDGE ( 'NONE', *, *, #1051, .F. ) ;
#2826 = CARTESIAN_POINT ( 'NONE',  ( -0.1249999999999977240, 0.000000000000000000, 1.450000000000000178 ) ) ;
#2827 = EDGE_CURVE ( 'NONE', #1228, #2654, #477, .T. ) ;
#2828 = ADVANCED_FACE ( 'NONE', ( #1394 ), #29, .T. ) ;
#2829 = CLOSED_SHELL ( 'NONE', ( #4331, #5036, #2828, #3606, #5640, #3321, #1989, #276, #968 ) ) ;
#2830 = DIRECTION ( 'NONE',  ( 1.000000000000000000, 0.000000000000000000, -7.490851373537456042E-14 ) ) ;
#2831 = LINE ( 'NONE', #2365, #3394 ) ;
#2832 = PLANE ( 'NONE',  #5447 ) ;
#2833 = PLANE ( 'NONE',  #482 ) ;
#2834 = VERTEX_POINT ( 'NONE', #1847 ) ;
#2835 = VERTEX_POINT ( 'NONE', #2774 ) ;
#2836 = CIRCLE ( 'NONE', #237, 0.1250000000000105194 ) ;
#2837 = LINE ( 'NONE', #12, #5621 ) ;
#2838 = LINE ( 'NONE', #13, #558 ) ;
#2839 = VECTOR ( 'NONE', #5195, 1000.000000000000000 ) ;
#2840 = FACE_OUTER_BOUND ( 'NONE', #3028, .T. ) ;
#2841 = EDGE_LOOP ( 'NONE', ( #17, #166, #5664, #3178 ) ) ;
#2842 = ORIENTED_EDGE ( 'NONE', *, *, #901, .T. ) ;
#2843 = DIRECTION ( 'NONE',  ( -8.121659910255104064E-14, 0.000000000000000000, -1.000000000000000000 ) ) ;
#2844 = ORIENTED_EDGE ( 'NONE', *, *, #92, .F. ) ;
#2845 = DIRECTION ( 'NONE',  ( -0.000000000000000000, -1.000000000000000000, -0.000000000000000000 ) ) ;
#2846 = ORIENTED_EDGE ( 'NONE', *, *, #1272, .T. ) ;
#2847 = EDGE_CURVE ( 'NONE', #5654, #1108, #2686, .T. ) ;
#2848 =( NAMED_UNIT ( * ) PLANE_ANGLE_UNIT ( ) SI_UNIT ( $, .RADIAN. ) );
#2849 = DIRECTION ( 'NONE',  ( -1.000000000000000000, 0.000000000000000000, 0.000000000000000000 ) ) ;
#2850 = ORIENTED_EDGE ( 'NONE', *, *, #3614, .T. ) ;
#2851 = DIRECTION ( 'NONE',  ( 0.000000000000000000, 0.000000000000000000, -1.000000000000000000 ) ) ;
#2852 = CIRCLE ( 'NONE', #1013, 0.1250000000000105194 ) ;
#2853 = DIRECTION ( 'NONE',  ( 0.000000000000000000, 1.000000000000000000, 0.000000000000000000 ) ) ;
#2854 = DIRECTION ( 'NONE',  ( 0.000000000000000000, 0.000000000000000000, 1.000000000000000000 ) ) ;
#2855 = DIRECTION ( 'NONE',  ( 0.000000000000000000, 0.000000000000000000, -1.000000000000000000 ) ) ;
#2856 = ADVANCED_FACE ( 'NONE', ( #1793 ), #2313, .T. ) ;
#2857 = DIRECTION ( 'NONE',  ( -1.971276677246371272E-16, 0.000000000000000000, -1.000000000000000000 ) ) ;
#2858 = AXIS2_PLACEMENT_3D ( 'NONE', #1554, #5560, #1137 ) ;
#2859 =( NAMED_UNIT ( * ) SI_UNIT ( $, .STERADIAN. ) SOLID_ANGLE_UNIT ( ) );
#2860 = AXIS2_PLACEMENT_3D ( 'NONE', #3785, #5549, #5604 ) ;
#2861 = DIRECTION ( 'NONE',  ( -0.000000000000000000, -0.000000000000000000, -1.000000000000000000 ) ) ;
#2862 = CARTESIAN_POINT ( 'NONE',  ( 0.5000000000000127676, 0.2000000000000000944, 1.099999999999989431 ) ) ;
#2863 = CARTESIAN_POINT ( 'NONE',  ( 0.7250000000000069722, 0.2000000000000000111, -0.4750000000000005884 ) ) ;
#2864 = EDGE_CURVE ( 'NONE', #4612, #3058, #1368, .T. ) ;
#2865 = LINE ( 'NONE', #4220, #3289 ) ;
#2866 = CARTESIAN_POINT ( 'NONE',  ( -1.000000000000006439, 0.2000000000000000944, -0.3500000000000004774 ) ) ;
#2867 = ORIENTED_EDGE ( 'NONE', *, *, #1501, .T. ) ;
#2868 = VERTEX_POINT ( 'NONE', #2338 ) ;
#2869 = EDGE_CURVE ( 'NONE', #3412, #4842, #1426, .T. ) ;
#2870 = CARTESIAN_POINT ( 'NONE',  ( 0.5000000000000127676, 0.000000000000000000, 1.224999999999999867 ) ) ;
#2871 = ORIENTED_EDGE ( 'NONE', *, *, #3192, .F. ) ;
#2872 = MECHANICAL_DESIGN_GEOMETRIC_PRESENTATION_REPRESENTATION (  '', ( #1994 ), #5826 ) ;
#2873 = CARTESIAN_POINT ( 'NONE',  ( -0.4999999999999872324, 0.2000000000000000944, 1.224999999999999867 ) ) ;
#2874 = ORIENTED_EDGE ( 'NONE', *, *, #2419, .T. ) ;
#2875 = FILL_AREA_STYLE ('',( #2712 ) ) ;
#2876 = DIRECTION ( 'NONE',  ( 0.000000000000000000, -0.000000000000000000, 1.000000000000000000 ) ) ;
#2877 = VERTEX_POINT ( 'NONE', #4756 ) ;
#2878 = DIRECTION ( 'NONE',  ( 1.000000000000000000, 0.000000000000000000, -7.490851373537456042E-14 ) ) ;
#2879 = AXIS2_PLACEMENT_3D ( 'NONE', #2532, #4627, #2003 ) ;
#2880 = DIRECTION ( 'NONE',  ( 0.000000000000000000, 0.000000000000000000, 1.000000000000000000 ) ) ;
#2881 = DIRECTION ( 'NONE',  ( 1.000000000000000000, 0.000000000000000000, -0.000000000000000000 ) ) ;
#2882 = DIRECTION ( 'NONE',  ( 0.000000000000000000, -0.000000000000000000, 1.000000000000000000 ) ) ;
#2883 = VECTOR ( 'NONE', #2426, 1000.000000000000000 ) ;
#2885 = EDGE_CURVE ( 'NONE', #5374, #4061, #4236, .T. ) ;
#2884 = LINE ( 'NONE', #3379, #4697 ) ;
#2886 = CARTESIAN_POINT ( 'NONE',  ( -0.4999999999999872324, 0.000000000000000000, 1.224999999999999867 ) ) ;
#2887 = CARTESIAN_POINT ( 'NONE',  ( 0.7250000000000508260, 0.000000000000000000, 0.5499999999999741762 ) ) ;
#2888 = DIRECTION ( 'NONE',  ( 0.000000000000000000, 0.000000000000000000, 1.000000000000000000 ) ) ;
#2889 = CARTESIAN_POINT ( 'NONE',  ( 0.000000000000000000, 0.1000000000000000056, 0.000000000000000000 ) ) ;
#2890 = CARTESIAN_POINT ( 'NONE',  ( 0.1249999999999928807, 0.2000000000000000111, -1.499999999999999778 ) ) ;
#2891 = CARTESIAN_POINT ( 'NONE',  ( -1.000000000000006439, 0.2000000000000000111, -0.6000000000000005329 ) ) ;
#2892 = EDGE_CURVE ( 'NONE', #1067, #2572, #1663, .T. ) ;
#2893 = EDGE_CURVE ( 'NONE', #4426, #4632, #2836, .T. ) ;
#2894 = DIRECTION ( 'NONE',  ( 0.000000000000000000, 0.000000000000000000, 1.000000000000000000 ) ) ;
#2895 = VERTEX_POINT ( 'NONE', #2490 ) ;
#2896 = VECTOR ( 'NONE', #3918, 1000.000000000000000 ) ;
#2897 = ORIENTED_EDGE ( 'NONE', *, *, #2270, .T. ) ;
#2898 = CARTESIAN_POINT ( 'NONE',  ( -0.7250000000000582645, 0.1000000000000000472, -0.3499999999999870992 ) ) ;
#2899 = PRODUCT_CONTEXT ( 'NONE', #5822, 'mechanical' ) ;
#2900 = ORIENTED_EDGE ( 'NONE', *, *, #2676, .F. ) ;
#2901 = LINE ( 'NONE', #5514, #3342 ) ;
#2902 = ORIENTED_EDGE ( 'NONE', *, *, #2607, .T. ) ;
#2903 =( NAMED_UNIT ( * ) PLANE_ANGLE_UNIT ( ) SI_UNIT ( $, .RADIAN. ) );
#2904 = CARTESIAN_POINT ( 'NONE',  ( 0.1250000000000233147, 0.2000000000000000111, 1.224999999999999867 ) ) ;
#2905 = VERTEX_POINT ( 'NONE', #3824 ) ;
#2906 = CARTESIAN_POINT ( 'NONE',  ( -0.7250000000000367262, 0.04999999999999999584, 0.6750000000000000444 ) ) ;
#2907 = DIRECTION ( 'NONE',  ( -1.000000000000000000, 0.000000000000000000, -4.060829955128110545E-14 ) ) ;
#2908 = PLANE ( 'NONE',  #607 ) ;
#2909 = DIRECTION ( 'NONE',  ( -1.000000000000000000, 0.000000000000000000, -0.000000000000000000 ) ) ;
#2910 = DIRECTION ( 'NONE',  ( 0.000000000000000000, 1.000000000000000000, 0.000000000000000000 ) ) ;
#2911 = DIRECTION ( 'NONE',  ( 0.000000000000000000, -1.000000000000000000, 0.000000000000000000 ) ) ;
#2912 = VECTOR ( 'NONE', #1055, 1000.000000000000000 ) ;
#2913 = LINE ( 'NONE', #4730, #4979 ) ;
#2914 = FILL_AREA_STYLE ('',( #689 ) ) ;
#2915 = LINE ( 'NONE', #2498, #1144 ) ;
#2916 = AXIS2_PLACEMENT_3D ( 'NONE', #1353, #3197, #15 ) ;
#2917 = VERTEX_POINT ( 'NONE', #529 ) ;
#2918 = CARTESIAN_POINT ( 'NONE',  ( 0.7250000000000508260, 0.2000000000000000944, 0.5499999999999741762 ) ) ;
#2919 = EDGE_CURVE ( 'NONE', #3058, #2252, #5143, .T. ) ;
#2920 = EDGE_CURVE ( 'NONE', #2917, #3524, #1092, .T. ) ;
#2921 = FACE_OUTER_BOUND ( 'NONE', #5629, .T. ) ;
#2922 = LINE ( 'NONE', #4736, #2462 ) ;
#2923 = DIRECTION ( 'NONE',  ( 0.000000000000000000, 0.000000000000000000, 1.000000000000000000 ) ) ;
#2924 = LINE ( 'NONE', #2467, #2162 ) ;
#2925 = ORIENTED_EDGE ( 'NONE', *, *, #878, .F. ) ;
#2926 = AXIS2_PLACEMENT_3D ( 'NONE', #4937, #498, #917 ) ;
#2927 = ADVANCED_FACE ( 'NONE', ( #4641 ), #2908, .F. ) ;
#2928 = ADVANCED_FACE ( 'NONE', ( #4268 ), #143, .F. ) ;
#2929 = ORIENTED_EDGE ( 'NONE', *, *, #4929, .F. ) ;
#2930 = DIRECTION ( 'NONE',  ( -0.000000000000000000, 1.000000000000000000, -0.000000000000000000 ) ) ;
#2931 = CARTESIAN_POINT ( 'NONE',  ( 0.000000000000000000, 0.000000000000000000, 0.000000000000000000 ) ) ;
#2932 = EDGE_LOOP ( 'NONE', ( #1154, #1689, #335, #2481 ) ) ;
#2933 = ORIENTED_EDGE ( 'NONE', *, *, #4967, .F. ) ;
#2934 = CARTESIAN_POINT ( 'NONE',  ( 0.1250000000000233702, 0.04999999999999999584, 1.450000000000000178 ) ) ;
#2935 = ORIENTED_EDGE ( 'NONE', *, *, #685, .T. ) ;
#2936 = PRESENTATION_STYLE_ASSIGNMENT (( #3781 ) ) ;
#2937 = DIRECTION ( 'NONE',  ( 0.000000000000000000, 1.000000000000000000, 0.000000000000000000 ) ) ;
#2938 = ORIENTED_EDGE ( 'NONE', *, *, #4573, .T. ) ;
#2939 = LINE ( 'NONE', #5083, #5700 ) ;
#2940 = ORIENTED_EDGE ( 'NONE', *, *, #2518, .T. ) ;
#2941 = DIRECTION ( 'NONE',  ( 0.000000000000000000, 0.000000000000000000, -1.000000000000000000 ) ) ;
#2942 = FACE_OUTER_BOUND ( 'NONE', #1218, .T. ) ;
#2943 = FACE_OUTER_BOUND ( 'NONE', #1181, .T. ) ;
#2944 = DIRECTION ( 'NONE',  ( 0.000000000000000000, -1.000000000000000000, 0.000000000000000000 ) ) ;
#2945 = ADVANCED_FACE ( 'NONE', ( #2942 ), #5114, .F. ) ;
#2946 =( LENGTH_UNIT ( ) NAMED_UNIT ( * ) SI_UNIT ( .MILLI., .METRE. ) );
#2947 = AXIS2_PLACEMENT_3D ( 'NONE', #2992, #4804, #699 ) ;
#2948 = EDGE_CURVE ( 'NONE', #5204, #3518, #1932, .T. ) ;
#2949 = CARTESIAN_POINT ( 'NONE',  ( 0.9500000000000002887, 0.1000000000000000056, -1.450000000000000178 ) ) ;
#2950 = FILL_AREA_STYLE_COLOUR ( '', #4349 ) ;
#2951 = LINE ( 'NONE', #3328, #3511 ) ;
#2952 = AXIS2_PLACEMENT_3D ( 'NONE', #1805, #2503, #2433 ) ;
#2953 = ORIENTED_EDGE ( 'NONE', *, *, #3353, .F. ) ;
#2954 = CARTESIAN_POINT ( 'NONE',  ( -0.7250000000000392797, 0.2000000000000000111, -0.6000000000000085265 ) ) ;
#2955 = DIRECTION ( 'NONE',  ( 0.000000000000000000, 0.000000000000000000, -1.000000000000000000 ) ) ;
#2956 = DIRECTION ( 'NONE',  ( 0.000000000000000000, 0.000000000000000000, -1.000000000000000000 ) ) ;
#2957 = MECHANICAL_DESIGN_GEOMETRIC_PRESENTATION_REPRESENTATION (  '', ( #3619 ), #2281 ) ;
#2958 = CARTESIAN_POINT ( 'NONE',  ( -0.6999999999999998446, 0.7999999999999999334, -1.200000000000000178 ) ) ;
#2959 = CARTESIAN_POINT ( 'NONE',  ( -0.9500000000000001776, 0.1000000000000000056, -1.450000000000000178 ) ) ;
#2960 =( GEOMETRIC_REPRESENTATION_CONTEXT ( 3 ) GLOBAL_UNCERTAINTY_ASSIGNED_CONTEXT ( ( #439 ) ) GLOBAL_UNIT_ASSIGNED_CONTEXT ( ( #1101, #1489, #3388 ) ) REPRESENTATION_CONTEXT ( 'NONE', 'WORKASPACE' ) );
#2961 = VERTEX_POINT ( 'NONE', #5168 ) ;
#2962 = EDGE_CURVE ( 'NONE', #403, #3063, #580, .T. ) ;
#2963 = ORIENTED_EDGE ( 'NONE', *, *, #5207, .T. ) ;
#2964 = CARTESIAN_POINT ( 'NONE',  ( -0.9999999999999963363, 1.844118304745738346, 0.04999999999999948236 ) ) ;
#2965 = VERTEX_POINT ( 'NONE', #2454 ) ;
#2966 = CARTESIAN_POINT ( 'NONE',  ( 0.000000000000000000, 0.1000000000000000056, 0.000000000000000000 ) ) ;
#2967 = ORIENTED_EDGE ( 'NONE', *, *, #4015, .F. ) ;
#2968 = DIRECTION ( 'NONE',  ( 0.000000000000000000, 1.000000000000000000, 0.000000000000000000 ) ) ;
#2969 = ADVANCED_FACE ( 'NONE', ( #3760 ), #83, .F. ) ;
#2970 = VECTOR ( 'NONE', #1702, 1000.000000000000000 ) ;
#2971 = EDGE_LOOP ( 'NONE', ( #1184, #5429, #35, #2289 ) ) ;
#2972 = CARTESIAN_POINT ( 'NONE',  ( -0.9999999999999997780, 0.1000000000000000056, -1.500000000000000000 ) ) ;
#2973 = PLANE ( 'NONE',  #2163 ) ;
#2974 = LINE ( 'NONE', #680, #5725 ) ;
#2975 = LINE ( 'NONE', #2423, #967 ) ;
#2976 = EDGE_LOOP ( 'NONE', ( #2825, #2794, #3403, #3846 ) ) ;
#2977 = VECTOR ( 'NONE', #2911, 1000.000000000000000 ) ;
#2978 = AXIS2_PLACEMENT_3D ( 'NONE', #4788, #1483, #2855 ) ;
#2979 = VECTOR ( 'NONE', #2822, 1000.000000000000000 ) ;
#2980 = CARTESIAN_POINT ( 'NONE',  ( -0.6249999999999977796, 1.844118304745738346, 1.450000000000000178 ) ) ;
#2981 = DIRECTION ( 'NONE',  ( -1.000000000000000000, 0.000000000000000000, 0.000000000000000000 ) ) ;
#2982 = CARTESIAN_POINT ( 'NONE',  ( -0.7250000000000410560, 0.000000000000000000, 0.04999999999998928912 ) ) ;
#2983 = VECTOR ( 'NONE', #4617, 1000.000000000000000 ) ;
#2984 = ORIENTED_EDGE ( 'NONE', *, *, #2373, .F. ) ;
#2985 = CARTESIAN_POINT ( 'NONE',  ( -0.9999999999999997780, 0.8999999999999998002, 1.500000000000000000 ) ) ;
#2986 = CARTESIAN_POINT ( 'NONE',  ( -0.4999999999999872324, 0.2000000000000000111, 1.224999999999999867 ) ) ;
#2987 = CARTESIAN_POINT ( 'NONE',  ( -0.9500000000000001776, 0.2000000000000000111, -0.6000000000000018652 ) ) ;
#2988 = VECTOR ( 'NONE', #4404, 1000.000000000000000 ) ;
#2989 = CARTESIAN_POINT ( 'NONE',  ( -0.1250000000000071332, 0.1000000000000000056, 0.1250000000000001388 ) ) ;
#2990 = ORIENTED_EDGE ( 'NONE', *, *, #302, .T. ) ;
#2991 = ORIENTED_EDGE ( 'NONE', *, *, #1069, .F. ) ;
#2992 = CARTESIAN_POINT ( 'NONE',  ( -0.9500000000000001776, 0.1000000000000000056, -1.450000000000000178 ) ) ;
#2993 = VECTOR ( 'NONE', #2776, 1000.000000000000000 ) ;
#2994 = ORIENTED_EDGE ( 'NONE', *, *, #3010, .T. ) ;
#2995 = ORIENTED_EDGE ( 'NONE', *, *, #463, .F. ) ;
#2996 = ORIENTED_EDGE ( 'NONE', *, *, #2893, .T. ) ;
#2997 = DIRECTION ( 'NONE',  ( -1.000000000000000000, 0.000000000000000000, -6.741766236183528432E-14 ) ) ;
#2998 = ORIENTED_EDGE ( 'NONE', *, *, #2238, .F. ) ;
#2999 = EDGE_CURVE ( 'NONE', #2180, #807, #1960, .T. ) ;
#3000 = DIRECTION ( 'NONE',  ( 0.000000000000000000, 1.000000000000000000, 0.000000000000000000 ) ) ;
#3001 =( GEOMETRIC_REPRESENTATION_CONTEXT ( 3 ) GLOBAL_UNCERTAINTY_ASSIGNED_CONTEXT ( ( #5043 ) ) GLOBAL_UNIT_ASSIGNED_CONTEXT ( ( #2415, #2903, #4231 ) ) REPRESENTATION_CONTEXT ( 'NONE', 'WORKASPACE' ) );
#3002 = ORIENTED_EDGE ( 'NONE', *, *, #5721, .T. ) ;
#3003 = EDGE_LOOP ( 'NONE', ( #2002, #1464, #5372, #263 ) ) ;
#3004 = CARTESIAN_POINT ( 'NONE',  ( -0.9999999999999945599, 0.2000000000000000111, 0.5499999999999994893 ) ) ;
#3005 = DIRECTION ( 'NONE',  ( -1.000000000000000000, 0.000000000000000000, -0.000000000000000000 ) ) ;
#3006 = DIRECTION ( 'NONE',  ( 0.000000000000000000, 1.000000000000000000, 0.000000000000000000 ) ) ;
#3007 = LINE ( 'NONE', #2588, #5368 ) ;
#3008 = ORIENTED_EDGE ( 'NONE', *, *, #1231, .T. ) ;
#3009 = CARTESIAN_POINT ( 'NONE',  ( -0.9500000000000001776, 0.1000000000000000056, -1.450000000000000178 ) ) ;
#3010 = EDGE_CURVE ( 'NONE', #4449, #2382, #207, .T. ) ;
#3011 = EDGE_CURVE ( 'NONE', #1238, #1654, #610, .T. ) ;
#3012 = DIRECTION ( 'NONE',  ( 1.000000000000000000, 0.000000000000000000, -7.490851373537456042E-14 ) ) ;
#3013 = LINE ( 'NONE', #3536, #4403 ) ;
#3014 = LINE ( 'NONE', #753, #2543 ) ;
#3015 = CARTESIAN_POINT ( 'NONE',  ( 0.6250000000000233147, 0.2000000000000000111, 1.224999999999999867 ) ) ;
#3016 = ORIENTED_EDGE ( 'NONE', *, *, #2050, .F. ) ;
#3017 = PLANE ( 'NONE',  #5157 ) ;
#3018 = PLANE ( 'NONE',  #1801 ) ;
#3019 = LINE ( 'NONE', #4829, #1310 ) ;
#3020 = CIRCLE ( 'NONE', #2916, 0.1250000000000105194 ) ;
#3021 = DIRECTION ( 'NONE',  ( 0.000000000000000000, -1.000000000000000000, 0.000000000000000000 ) ) ;
#3022 = CARTESIAN_POINT ( 'NONE',  ( -0.7250000000000341727, 0.1000000000000000056, 0.8000000000000107025 ) ) ;
#3023 = ORIENTED_EDGE ( 'NONE', *, *, #3222, .F. ) ;
#3024 = ORIENTED_EDGE ( 'NONE', *, *, #2032, .F. ) ;
#3025 = CARTESIAN_POINT ( 'NONE',  ( -0.7250000000000341727, 1.844118304745738346, 0.8000000000000107025 ) ) ;
#3026 = AXIS2_PLACEMENT_3D ( 'NONE', #2206, #2694, #3517 ) ;
#3027 = VECTOR ( 'NONE', #4135, 1000.000000000000000 ) ;
#3028 = EDGE_LOOP ( 'NONE', ( #1285, #5784, #2546, #2643 ) ) ;
#3029 = EDGE_LOOP ( 'NONE', ( #3118, #5659, #1741, #4785 ) ) ;
#3030 = ORIENTED_EDGE ( 'NONE', *, *, #5035, .T. ) ;
#3031 = LINE ( 'NONE', #3099, #4537 ) ;
#3032 = ORIENTED_EDGE ( 'NONE', *, *, #376, .T. ) ;
#3033 = CARTESIAN_POINT ( 'NONE',  ( 0.000000000000000000, 0.1000000000000000056, 0.000000000000000000 ) ) ;
#3034 = EDGE_CURVE ( 'NONE', #2380, #4961, #2831, .T. ) ;
#3035 = ORIENTED_EDGE ( 'NONE', *, *, #2740, .F. ) ;
#3036 = ORIENTED_EDGE ( 'NONE', *, *, #3822, .T. ) ;
#3037 = EDGE_CURVE ( 'NONE', #3690, #437, #553, .T. ) ;
#3038 = CARTESIAN_POINT ( 'NONE',  ( 0.9500000000000002887, 0.1000000000000000056, -1.450000000000000178 ) ) ;
#3039 = FACE_OUTER_BOUND ( 'NONE', #2606, .T. ) ;
#3040 = DIRECTION ( 'NONE',  ( 0.000000000000000000, -1.000000000000000000, 0.000000000000000000 ) ) ;
#3041 = LINE ( 'NONE', #4909, #1191 ) ;
#3042 = ORIENTED_EDGE ( 'NONE', *, *, #3252, .T. ) ;
#3043 = EDGE_CURVE ( 'NONE', #4916, #5098, #1482, .T. ) ;
#3044 = CARTESIAN_POINT ( 'NONE',  ( 0.9500000000000002887, 0.1000000000000000056, -1.250000000000021982 ) ) ;
#3045 = ADVANCED_FACE ( 'NONE', ( #3039 ), #5697, .F. ) ;
#3046 = ADVANCED_FACE ( 'NONE', ( #3437 ), #2158, .F. ) ;
#3047 = FACE_OUTER_BOUND ( 'NONE', #1550, .T. ) ;
#3048 = LINE ( 'NONE', #3137, #2749 ) ;
#3049 = CARTESIAN_POINT ( 'NONE',  ( -0.7250000000000582645, 0.000000000000000000, -0.3499999999999870992 ) ) ;
#3050 = ORIENTED_EDGE ( 'NONE', *, *, #5761, .F. ) ;
#3051 = DIRECTION ( 'NONE',  ( 0.000000000000000000, 1.000000000000000000, 0.000000000000000000 ) ) ;
#3052 = PLANE ( 'NONE',  #5227 ) ;
#3053 = PLANE ( 'NONE',  #1492 ) ;
#3054 = VECTOR ( 'NONE', #829, 1000.000000000000000 ) ;
#3055 = ADVANCED_FACE ( 'NONE', ( #2521 ), #711, .F. ) ;
#3056 = LINE ( 'NONE', #2635, #1512 ) ;
#3057 = PLANE ( 'NONE',  #1715 ) ;
#3058 = VERTEX_POINT ( 'NONE', #1124 ) ;
#3059 = VECTOR ( 'NONE', #3697, 1000.000000000000000 ) ;
#3060 = ORIENTED_EDGE ( 'NONE', *, *, #2271, .F. ) ;
#3061 = CARTESIAN_POINT ( 'NONE',  ( -0.6999999999999998446, 0.9000000000000000222, -1.325000000000000178 ) ) ;
#3062 = VECTOR ( 'NONE', #782, 1000.000000000000000 ) ;
#3063 = VERTEX_POINT ( 'NONE', #1214 ) ;
#3064 = VERTEX_POINT ( 'NONE', #5317 ) ;
#3065 = ADVANCED_FACE ( 'NONE', ( #2089 ), #2973, .T. ) ;
#3066 = CARTESIAN_POINT ( 'NONE',  ( 0.7250000000000171863, 0.2000000000000000111, 0.2999999999999994893 ) ) ;
#3067 = ORIENTED_EDGE ( 'NONE', *, *, #2558, .T. ) ;
#3068 = LINE ( 'NONE', #322, #1400 ) ;
#3069 = EDGE_LOOP ( 'NONE', ( #3486, #796, #4955, #175, #3448, #3704 ) ) ;
#3070 = CARTESIAN_POINT ( 'NONE',  ( 0.7250000000000441647, 0.2000000000000000111, -1.000000000000002220 ) ) ;
#3071 = DIRECTION ( 'NONE',  ( 0.000000000000000000, 0.000000000000000000, 1.000000000000000000 ) ) ;
#3072 = LINE ( 'NONE', #4767, #5393 ) ;
#3073 = VERTEX_POINT ( 'NONE', #2651 ) ;
#3074 =( NAMED_UNIT ( * ) PLANE_ANGLE_UNIT ( ) SI_UNIT ( $, .RADIAN. ) );
#3075 = CARTESIAN_POINT ( 'NONE',  ( -6.505213034913183390E-16, 0.05000000000000000278, 0.5499999999999733991 ) ) ;
#3076 = DIRECTION ( 'NONE',  ( 1.000000000000000000, -0.000000000000000000, 4.869053392799454722E-14 ) ) ;
#3077 = FACE_OUTER_BOUND ( 'NONE', #763, .T. ) ;
#3078 = ORIENTED_EDGE ( 'NONE', *, *, #4091, .T. ) ;
#3079 = VECTOR ( 'NONE', #909, 1000.000000000000000 ) ;
#3080 = CYLINDRICAL_SURFACE ( 'NONE', #658, 0.1250000000000174583 ) ;
#3081 = FILL_AREA_STYLE ('',( #4377 ) ) ;
#3082 = DIRECTION ( 'NONE',  ( -0.000000000000000000, -1.000000000000000000, -0.000000000000000000 ) ) ;
#3083 = VERTEX_POINT ( 'NONE', #233 ) ;
#3084 = VECTOR ( 'NONE', #2861, 1000.000000000000000 ) ;
#3085 = AXIS2_PLACEMENT_3D ( 'NONE', #4693, #1125, #2394 ) ;
#3086 = LINE ( 'NONE', #2205, #1422 ) ;
#3087 = DIRECTION ( 'NONE',  ( -0.000000000000000000, -1.000000000000000000, -0.000000000000000000 ) ) ;
#3088 = EDGE_CURVE ( 'NONE', #5248, #4426, #3405, .T. ) ;
#3089 = ORIENTED_EDGE ( 'NONE', *, *, #5611, .F. ) ;
#3090 = VECTOR ( 'NONE', #2830, 1000.000000000000000 ) ;
#3091 = VERTEX_POINT ( 'NONE', #5256 ) ;
#3092 = EDGE_CURVE ( 'NONE', #4095, #2093, #327, .T. ) ;
#3093 = ADVANCED_FACE ( 'NONE', ( #4907 ), #1665, .T. ) ;
#3094 = CARTESIAN_POINT ( 'NONE',  ( -0.6000000000000262901, 0.2000000000000000944, -1.250000000000022427 ) ) ;
#3095 = EDGE_LOOP ( 'NONE', ( #1621, #2844, #1141, #2672, #3249, #5345 ) ) ;
#3096 = ORIENTED_EDGE ( 'NONE', *, *, #1303, .T. ) ;
#3097 = ORIENTED_EDGE ( 'NONE', *, *, #2437, .F. ) ;
#3098 = ORIENTED_EDGE ( 'NONE', *, *, #3859, .F. ) ;
#3099 = CARTESIAN_POINT ( 'NONE',  ( 0.9999999999999783507, 1.844118304745738346, -0.6000000000000187406 ) ) ;
#3100 = ORIENTED_EDGE ( 'NONE', *, *, #2473, .F. ) ;
#3101 = CARTESIAN_POINT ( 'NONE',  ( -0.6249999999999977796, 0.2000000000000000111, 1.224999999999999867 ) ) ;
#3102 = FACE_OUTER_BOUND ( 'NONE', #129, .T. ) ;
#3103 = DIRECTION ( 'NONE',  ( -1.000000000000000000, 0.000000000000000000, 2.917489482324978130E-14 ) ) ;
#3104 = DIRECTION ( 'NONE',  ( 0.000000000000000000, -0.000000000000000000, 1.000000000000000000 ) ) ;
#3105 = ORIENTED_EDGE ( 'NONE', *, *, #5562, .F. ) ;
#3106 = VECTOR ( 'NONE', #746, 1000.000000000000000 ) ;
#3107 = LINE ( 'NONE', #3593, #3225 ) ;
#3108 = LINE ( 'NONE', #3075, #3248 ) ;
#3109 = CARTESIAN_POINT ( 'NONE',  ( -0.6249999999999977796, 1.844118304745738346, 1.500000000000000000 ) ) ;
#3110 = CYLINDRICAL_SURFACE ( 'NONE', #870, 0.1250000000000105194 ) ;
#3111 = ORIENTED_EDGE ( 'NONE', *, *, #114, .T. ) ;
#3112 = CARTESIAN_POINT ( 'NONE',  ( -0.7250000000000367262, 0.000000000000000000, 0.6750000000000000444 ) ) ;
#3113 = LINE ( 'NONE', #5845, #3059 ) ;
#3114 = ORIENTED_EDGE ( 'NONE', *, *, #4572, .F. ) ;
#3115 = DIRECTION ( 'NONE',  ( 0.000000000000000000, 0.000000000000000000, -1.000000000000000000 ) ) ;
#3116 = DIRECTION ( 'NONE',  ( 0.000000000000000000, 1.000000000000000000, -0.000000000000000000 ) ) ;
#3117 = ADVANCED_FACE ( 'NONE', ( #2552 ), #3497, .F. ) ;
#3118 = ORIENTED_EDGE ( 'NONE', *, *, #2484, .F. ) ;
#3119 = ORIENTED_EDGE ( 'NONE', *, *, #1556, .F. ) ;
#3120 = CARTESIAN_POINT ( 'NONE',  ( -0.9500000000000001776, 0.1000000000000000056, -1.450000000000000178 ) ) ;
#3121 = EDGE_LOOP ( 'NONE', ( #1988, #4417, #4400, #4038 ) ) ;
#3122 = VECTOR ( 'NONE', #52, 1000.000000000000000 ) ;
#3123 = EDGE_CURVE ( 'NONE', #5162, #3375, #2187, .T. ) ;
#3124 = EDGE_LOOP ( 'NONE', ( #5676, #4075, #2548, #2761, #1050, #3200 ) ) ;
#3125 = ORIENTED_EDGE ( 'NONE', *, *, #1784, .F. ) ;
#3126 = ORIENTED_EDGE ( 'NONE', *, *, #3425, .T. ) ;
#3127 =( LENGTH_UNIT ( ) NAMED_UNIT ( * ) SI_UNIT ( .MILLI., .METRE. ) );
#3128 = VECTOR ( 'NONE', #1938, 1000.000000000000000 ) ;
#3129 = VERTEX_POINT ( 'NONE', #2621 ) ;
#3130 = DIRECTION ( 'NONE',  ( 0.000000000000000000, 0.000000000000000000, -1.000000000000000000 ) ) ;
#3131 = DIRECTION ( 'NONE',  ( 0.000000000000000000, -0.000000000000000000, 1.000000000000000000 ) ) ;
#3132 = LINE ( 'NONE', #4465, #745 ) ;
#3133 = EDGE_LOOP ( 'NONE', ( #2578, #4039, #2414, #5436, #5131, #783 ) ) ;
#3134 = VECTOR ( 'NONE', #780, 1000.000000000000000 ) ;
#3135 = LINE ( 'NONE', #1978, #4747 ) ;
#3136 = CARTESIAN_POINT ( 'NONE',  ( 0.3750000000000022760, 0.05000000000000000278, 1.450000000000000178 ) ) ;
#3137 = CARTESIAN_POINT ( 'NONE',  ( -0.1250000000000071332, 1.844118304745738346, -1.500000000000000000 ) ) ;
#3138 = PLANE ( 'NONE',  #1430 ) ;
#3139 = EDGE_LOOP ( 'NONE', ( #5362, #573, #2120, #3877, #4068, #4440 ) ) ;
#3140 = FACE_OUTER_BOUND ( 'NONE', #348, .T. ) ;
#3141 = EDGE_CURVE ( 'NONE', #5794, #1950, #810, .T. ) ;
#3142 = CARTESIAN_POINT ( 'NONE',  ( -0.9999999999999997780, 0.2000000000000000111, -1.250000000000000000 ) ) ;
#3143 = DIRECTION ( 'NONE',  ( 0.000000000000000000, 0.000000000000000000, 1.000000000000000000 ) ) ;
#3144 = FACE_OUTER_BOUND ( 'NONE', #3641, .T. ) ;
#3145 = LINE ( 'NONE', #852, #5153 ) ;
#3146 = ORIENTED_EDGE ( 'NONE', *, *, #2248, .F. ) ;
#3147 = DIRECTION ( 'NONE',  ( 0.000000000000000000, 0.000000000000000000, -1.000000000000000000 ) ) ;
#3148 = AXIS2_PLACEMENT_3D ( 'NONE', #3969, #4836, #732 ) ;
#3149 = LINE ( 'NONE', #1806, #5258 ) ;
#3150 = EDGE_CURVE ( 'NONE', #4344, #1538, #266, .T. ) ;
#3151 = VECTOR ( 'NONE', #2068, 1000.000000000000000 ) ;
#3152 = ORIENTED_EDGE ( 'NONE', *, *, #2050, .T. ) ;
#3153 = ORIENTED_EDGE ( 'NONE', *, *, #2230, .T. ) ;
#3154 = ORIENTED_EDGE ( 'NONE', *, *, #1770, .F. ) ;
#3155 = AXIS2_PLACEMENT_3D ( 'NONE', #5793, #5728, #3401 ) ;
#3156 = CARTESIAN_POINT ( 'NONE',  ( 0.1249999999999928807, 1.844118304745738346, -1.499999999999999778 ) ) ;
#3157 = COLOUR_RGB ( '',0.7921568627450980005, 0.8196078431372548767, 0.9333333333333333481 ) ;
#3158 = CARTESIAN_POINT ( 'NONE',  ( -0.9500000000000001776, 0.000000000000000000, 0.6750000000000000444 ) ) ;
#3159 = DIRECTION ( 'NONE',  ( 0.000000000000000000, 0.000000000000000000, -1.000000000000000000 ) ) ;
#3160 = ORIENTED_EDGE ( 'NONE', *, *, #5842, .T. ) ;
#3161 = CARTESIAN_POINT ( 'NONE',  ( -0.1249999999999977240, 1.844118304745738346, 1.224999999999999867 ) ) ;
#3162 = DIRECTION ( 'NONE',  ( 0.000000000000000000, -1.000000000000000000, 0.000000000000000000 ) ) ;
#3163 = CARTESIAN_POINT ( 'NONE',  ( -0.9500000000000001776, 0.05000000000000000278, -1.450000000000000178 ) ) ;
#3164 = LINE ( 'NONE', #1195, #5535 ) ;
#3165 = ORIENTED_EDGE ( 'NONE', *, *, #290, .T. ) ;
#3166 = CARTESIAN_POINT ( 'NONE',  ( -0.4999999999999872324, 0.2000000000000000111, 1.224999999999999867 ) ) ;
#3167 =( LENGTH_UNIT ( ) NAMED_UNIT ( * ) SI_UNIT ( .MILLI., .METRE. ) );
#3168 = AXIS2_PLACEMENT_3D ( 'NONE', #1036, #2369, #4189 ) ;
#3169 = LINE ( 'NONE', #2781, #3924 ) ;
#3170 = CARTESIAN_POINT ( 'NONE',  ( -0.9500000000000001776, 1.844118304745738346, 0.8000000000000015987 ) ) ;
#3171 = VECTOR ( 'NONE', #3356, 1000.000000000000000 ) ;
#3172 =( GEOMETRIC_REPRESENTATION_CONTEXT ( 3 ) GLOBAL_UNCERTAINTY_ASSIGNED_CONTEXT ( ( #5459 ) ) GLOBAL_UNIT_ASSIGNED_CONTEXT ( ( #686, #3074, #4791 ) ) REPRESENTATION_CONTEXT ( 'NONE', 'WORKASPACE' ) );
#3173 = LINE ( 'NONE', #4648, #452 ) ;
#3174 = ORIENTED_EDGE ( 'NONE', *, *, #2716, .F. ) ;
#3175 = VECTOR ( 'NONE', #3006, 1000.000000000000000 ) ;
#3176 = LINE ( 'NONE', #1358, #1809 ) ;
#3177 = VECTOR ( 'NONE', #5599, 1000.000000000000000 ) ;
#3178 = ORIENTED_EDGE ( 'NONE', *, *, #4603, .F. ) ;
#3179 = VECTOR ( 'NONE', #817, 1000.000000000000000 ) ;
#3180 = EDGE_LOOP ( 'NONE', ( #3958, #501, #1737, #2620 ) ) ;
#3181 = VERTEX_POINT ( 'NONE', #1635 ) ;
#3182 = CARTESIAN_POINT ( 'NONE',  ( -0.9999999999999963363, 0.2000000000000000944, 0.04999999999999948236 ) ) ;
#3183 = ADVANCED_FACE ( 'NONE', ( #3102 ), #1186, .T. ) ;
#3184 = LINE ( 'NONE', #4717, #1557 ) ;
#3185 = EDGE_LOOP ( 'NONE', ( #520, #4488, #734, #3189 ) ) ;
#3186 = DIRECTION ( 'NONE',  ( 0.000000000000000000, 0.000000000000000000, 1.000000000000000000 ) ) ;
#3187 = LINE ( 'NONE', #2255, #517 ) ;
#3188 = CARTESIAN_POINT ( 'NONE',  ( -0.9500000000000001776, 0.1000000000000000056, -1.450000000000000178 ) ) ;
#3189 = ORIENTED_EDGE ( 'NONE', *, *, #4699, .F. ) ;
#3190 = CIRCLE ( 'NONE', #5269, 0.1250000000000001110 ) ;
#3191 = EDGE_CURVE ( 'NONE', #1083, #2835, #297, .T. ) ;
#3192 = EDGE_CURVE ( 'NONE', #1654, #4055, #2057, .T. ) ;
#3193 = CARTESIAN_POINT ( 'NONE',  ( -0.1250000000000070499, 0.1000000000000000056, -1.500000000000000000 ) ) ;
#3194 = DIRECTION ( 'NONE',  ( 0.000000000000000000, 0.000000000000000000, 1.000000000000000000 ) ) ;
#3195 = DIRECTION ( 'NONE',  ( 1.000000000000000000, 0.000000000000000000, -0.000000000000000000 ) ) ;
#3196 = VERTEX_POINT ( 'NONE', #4609 ) ;
#3197 = DIRECTION ( 'NONE',  ( 0.000000000000000000, 1.000000000000000000, 0.000000000000000000 ) ) ;
#3198 = DIRECTION ( 'NONE',  ( 0.000000000000000000, 1.000000000000000000, 0.000000000000000000 ) ) ;
#3199 = LINE ( 'NONE', #5013, #3079 ) ;
#3200 = ORIENTED_EDGE ( 'NONE', *, *, #2303, .T. ) ;
#3201 = ORIENTED_EDGE ( 'NONE', *, *, #717, .F. ) ;
#3202 = UNCERTAINTY_MEASURE_WITH_UNIT (LENGTH_MEASURE( 1.000000000000000082E-05 ), #3127, 'distance_accuracy_value', 'NONE');
#3203 = AXIS2_PLACEMENT_3D ( 'NONE', #2966, #4808, #3879 ) ;
#3204 = ORIENTED_EDGE ( 'NONE', *, *, #5684, .F. ) ;
#3205 = CARTESIAN_POINT ( 'NONE',  ( -0.6000000000000262901, 0.2000000000000000944, -0.9999999999999913403 ) ) ;
#3206 = PLANE ( 'NONE',  #513 ) ;
#3207 = VERTEX_POINT ( 'NONE', #1305 ) ;
#3208 = LINE ( 'NONE', #505, #4789 ) ;
#3209 = DIRECTION ( 'NONE',  ( 0.000000000000000000, -0.000000000000000000, 1.000000000000000000 ) ) ;
#3210 = DIRECTION ( 'NONE',  ( 0.000000000000000000, -1.000000000000000000, 0.000000000000000000 ) ) ;
#3211 = VECTOR ( 'NONE', #1322, 1000.000000000000000 ) ;
#3212 = CIRCLE ( 'NONE', #1089, 0.1250000000000105194 ) ;
#3214 = EDGE_CURVE ( 'NONE', #4718, #3850, #5463, .T. ) ;
#3213 = FACE_OUTER_BOUND ( 'NONE', #1788, .T. ) ;
#3215 = EDGE_CURVE ( 'NONE', #5374, #4838, #386, .T. ) ;
#3216 = ORIENTED_EDGE ( 'NONE', *, *, #2767, .T. ) ;
#3217 = DIRECTION ( 'NONE',  ( -0.000000000000000000, -0.000000000000000000, -1.000000000000000000 ) ) ;
#3218 = CARTESIAN_POINT ( 'NONE',  ( 0.9500000000000002887, 0.1000000000000000056, -1.450000000000000178 ) ) ;
#3219 = VERTEX_POINT ( 'NONE', #890 ) ;
#3220 = CARTESIAN_POINT ( 'NONE',  ( 1.279358563532895232E-14, 0.2000000000000000111, 1.224999999999999867 ) ) ;
#3221 = LINE ( 'NONE', #40, #4092 ) ;
#3222 = EDGE_CURVE ( 'NONE', #2742, #3207, #3212, .T. ) ;
#3223 = ORIENTED_EDGE ( 'NONE', *, *, #2302, .T. ) ;
#3224 = DIRECTION ( 'NONE',  ( -1.971276677246371519E-16, 0.000000000000000000, -1.000000000000000000 ) ) ;
#3225 = VECTOR ( 'NONE', #4048, 1000.000000000000000 ) ;
#3226 = VERTEX_POINT ( 'NONE', #1362 ) ;
#3227 =( NAMED_UNIT ( * ) PLANE_ANGLE_UNIT ( ) SI_UNIT ( $, .RADIAN. ) );
#3228 = ORIENTED_EDGE ( 'NONE', *, *, #801, .F. ) ;
#3229 = ADVANCED_FACE ( 'NONE', ( #5020 ), #2677, .F. ) ;
#3230 = AXIS2_PLACEMENT_3D ( 'NONE', #3236, #3544, #2802 ) ;
#3231 = EDGE_CURVE ( 'NONE', #5648, #4449, #4127, .T. ) ;
#3232 = FACE_OUTER_BOUND ( 'NONE', #4589, .T. ) ;
#3233 =( NAMED_UNIT ( * ) PLANE_ANGLE_UNIT ( ) SI_UNIT ( $, .RADIAN. ) );
#3234 = CARTESIAN_POINT ( 'NONE',  ( 0.9500000000000002887, 0.1000000000000000056, -0.3500000000000191291 ) ) ;
#3235 = ORIENTED_EDGE ( 'NONE', *, *, #494, .T. ) ;
#3236 = CARTESIAN_POINT ( 'NONE',  ( -0.7250000000000582645, 0.2000000000000000111, -0.3499999999999870992 ) ) ;
#3237 = CARTESIAN_POINT ( 'NONE',  ( -0.1249999999999977240, 1.844118304745738346, 1.500000000000000000 ) ) ;
#3238 = CARTESIAN_POINT ( 'NONE',  ( -0.4999999999999872324, 0.000000000000000000, 1.224999999999999867 ) ) ;
#3239 = CARTESIAN_POINT ( 'NONE',  ( 0.3750000000000021649, 0.1000000000000000056, 1.450000000000000178 ) ) ;
#3240 = DIRECTION ( 'NONE',  ( 0.000000000000000000, 1.000000000000000000, 0.000000000000000000 ) ) ;
#3241 = ORIENTED_EDGE ( 'NONE', *, *, #4550, .T. ) ;
#3242 = ORIENTED_EDGE ( 'NONE', *, *, #5580, .F. ) ;
#3243 = CARTESIAN_POINT ( 'NONE',  ( 0.7250000000000508260, 0.000000000000000000, 0.5499999999999723999 ) ) ;
#3244 = DIRECTION ( 'NONE',  ( -1.075528555105638069E-13, -0.000000000000000000, -1.000000000000000000 ) ) ;
#3245 = EDGE_CURVE ( 'NONE', #1151, #4878, #413, .T. ) ;
#3246 = CARTESIAN_POINT ( 'NONE',  ( -0.7250000000000410560, 0.1000000000000000056, 0.04999999999998928912 ) ) ;
#3247 = CARTESIAN_POINT ( 'NONE',  ( 0.6250000000000233147, 0.1000000000000000056, 1.500000000000000000 ) ) ;
#3248 = VECTOR ( 'NONE', #2656, 1000.000000000000000 ) ;
#3249 = ORIENTED_EDGE ( 'NONE', *, *, #5109, .T. ) ;
#3250 = DIRECTION ( 'NONE',  ( 0.000000000000000000, 1.000000000000000000, 0.000000000000000000 ) ) ;
#3251 = VECTOR ( 'NONE', #509, 1000.000000000000000 ) ;
#3252 = EDGE_CURVE ( 'NONE', #456, #2343, #2249, .T. ) ;
#3253 = ADVANCED_FACE ( 'NONE', ( #5377 ), #2219, .F. ) ;
#3254 = ORIENTED_EDGE ( 'NONE', *, *, #5835, .T. ) ;
#3255 = VECTOR ( 'NONE', #1410, 1000.000000000000000 ) ;
#3256 = ORIENTED_EDGE ( 'NONE', *, *, #684, .T. ) ;
#3257 = VECTOR ( 'NONE', #23, 1000.000000000000000 ) ;
#3258 = CIRCLE ( 'NONE', #3724, 0.1250000000000105194 ) ;
#3259 = LINE ( 'NONE', #1082, #5353 ) ;
#3260 = CARTESIAN_POINT ( 'NONE',  ( 0.1249999999999928807, 0.04999999999999999584, -1.450000000000000178 ) ) ;
#3261 = ORIENTED_EDGE ( 'NONE', *, *, #874, .T. ) ;
#3262 = EDGE_LOOP ( 'NONE', ( #2212, #2808, #3852, #2476 ) ) ;
#3263 = CIRCLE ( 'NONE', #2710, 0.1250000000000105194 ) ;
#3264 = DIRECTION ( 'NONE',  ( 1.000000000000000000, 0.000000000000000000, 0.000000000000000000 ) ) ;
#3265 = CARTESIAN_POINT ( 'NONE',  ( 0.7250000000000003109, 0.000000000000000000, -0.9999999999999831246 ) ) ;
#3266 = DIRECTION ( 'NONE',  ( -0.000000000000000000, -1.000000000000000000, -0.000000000000000000 ) ) ;
#3267 = CARTESIAN_POINT ( 'NONE',  ( 0.3750000000000022760, 0.1000000000000000056, 1.500000000000000000 ) ) ;
#3268 = CARTESIAN_POINT ( 'NONE',  ( -0.6999999999999998446, 0.7999999999999999334, -1.200000000000000178 ) ) ;
#3269 = CARTESIAN_POINT ( 'NONE',  ( 0.9500000000000002887, 0.1000000000000000056, -1.450000000000000178 ) ) ;
#3270 = VERTEX_POINT ( 'NONE', #470 ) ;
#3271 = VECTOR ( 'NONE', #4365, 1000.000000000000000 ) ;
#3272 = DIRECTION ( 'NONE',  ( 0.000000000000000000, -0.000000000000000000, -1.000000000000000000 ) ) ;
#3273 = FACE_OUTER_BOUND ( 'NONE', #1260, .T. ) ;
#3274 = DIRECTION ( 'NONE',  ( -1.000000000000000000, 0.000000000000000000, 3.706000153223781540E-14 ) ) ;
#3275 = MECHANICAL_DESIGN_GEOMETRIC_PRESENTATION_REPRESENTATION (  '', ( #5853 ), #1444 ) ;
#3276 = CARTESIAN_POINT ( 'NONE',  ( 0.6250000000000233147, 0.2000000000000000111, 1.224999999999999867 ) ) ;
#3277 = ADVANCED_FACE ( 'NONE', ( #2276 ), #1757, .T. ) ;
#3278 = ORIENTED_EDGE ( 'NONE', *, *, #4015, .T. ) ;
#3279 = EDGE_CURVE ( 'NONE', #4959, #5220, #5048, .T. ) ;
#3280 = ORIENTED_EDGE ( 'NONE', *, *, #2246, .T. ) ;
#3281 = DIRECTION ( 'NONE',  ( -1.000000000000000000, 0.000000000000000000, 8.121659910255104064E-14 ) ) ;
#3282 = VERTEX_POINT ( 'NONE', #4551 ) ;
#3283 = LINE ( 'NONE', #547, #2214 ) ;
#3284 = ORIENTED_EDGE ( 'NONE', *, *, #2223, .T. ) ;
#3285 =( LENGTH_UNIT ( ) NAMED_UNIT ( * ) SI_UNIT ( .MILLI., .METRE. ) );
#3286 = CARTESIAN_POINT ( 'NONE',  ( 0.5000000000000127676, 0.2000000000000000111, 1.224999999999999867 ) ) ;
#3287 = ORIENTED_EDGE ( 'NONE', *, *, #5291, .T. ) ;
#3288 = CARTESIAN_POINT ( 'NONE',  ( 0.9999999999999997780, 0.1000000000000000056, 1.500000000000000000 ) ) ;
#3289 = VECTOR ( 'NONE', #1405, 1000.000000000000000 ) ;
#3290 = EDGE_CURVE ( 'NONE', #1300, #1909, #1785, .T. ) ;
#3291 = CARTESIAN_POINT ( 'NONE',  ( 0.1250000000000233147, 0.04999999999999999584, 1.224999999999999867 ) ) ;
#3292 = CARTESIAN_POINT ( 'NONE',  ( -0.9500000000000001776, 0.1000000000000000056, -1.450000000000000178 ) ) ;
#3293 = CARTESIAN_POINT ( 'NONE',  ( -0.7250000000000392797, 0.1000000000000000056, -0.6000000000000085265 ) ) ;
#3294 = CARTESIAN_POINT ( 'NONE',  ( 1.279358563532895232E-14, 0.2000000000000000944, 1.224999999999999867 ) ) ;
#3295 = PRESENTATION_STYLE_ASSIGNMENT (( #5090 ) ) ;
#3296 = VECTOR ( 'NONE', #3087, 1000.000000000000000 ) ;
#3297 = AXIS2_PLACEMENT_3D ( 'NONE', #4852, #3537, #4822 ) ;
#3298 = CARTESIAN_POINT ( 'NONE',  ( 0.000000000000000000, 0.2000000000000000111, 0.000000000000000000 ) ) ;
#3299 = CARTESIAN_POINT ( 'NONE',  ( -0.1249999999999977240, 0.2000000000000000944, 1.500000000000000000 ) ) ;
#3300 = EDGE_CURVE ( 'NONE', #5128, #3533, #4043, .T. ) ;
#3301 = DIRECTION ( 'NONE',  ( 0.000000000000000000, 1.000000000000000000, 0.000000000000000000 ) ) ;
#3302 = FACE_OUTER_BOUND ( 'NONE', #1797, .T. ) ;
#3303 = EDGE_LOOP ( 'NONE', ( #4445, #128, #3913, #4682 ) ) ;
#3304 = ORIENTED_EDGE ( 'NONE', *, *, #987, .T. ) ;
#3305 = CARTESIAN_POINT ( 'NONE',  ( -0.3749999999999766853, 0.2000000000000000111, 1.224999999999999867 ) ) ;
#3306 = VERTEX_POINT ( 'NONE', #5859 ) ;
#3307 = ORIENTED_EDGE ( 'NONE', *, *, #765, .T. ) ;
#3308 = VECTOR ( 'NONE', #1130, 1000.000000000000000 ) ;
#3309 = DIRECTION ( 'NONE',  ( 0.000000000000000000, -1.000000000000000000, 0.000000000000000000 ) ) ;
#3310 = VERTEX_POINT ( 'NONE', #3588 ) ;
#3311 = DIRECTION ( 'NONE',  ( 0.000000000000000000, 1.000000000000000000, 0.000000000000000000 ) ) ;
#3312 = ORIENTED_EDGE ( 'NONE', *, *, #1220, .F. ) ;
#3313 = CARTESIAN_POINT ( 'NONE',  ( -0.9500000000000001776, 0.1000000000000000056, -1.250000000000002887 ) ) ;
#3314 = VECTOR ( 'NONE', #5381, 1000.000000000000000 ) ;
#3315 = ADVANCED_FACE ( 'NONE', ( #3232 ), #4963, .F. ) ;
#3316 = FACE_OUTER_BOUND ( 'NONE', #5176, .T. ) ;
#3317 = CARTESIAN_POINT ( 'NONE',  ( -0.9999999999999997780, 0.1000000000000000056, 1.500000000000000000 ) ) ;
#3318 = DIRECTION ( 'NONE',  ( -6.741766236183528432E-14, 0.000000000000000000, 1.000000000000000000 ) ) ;
#3319 = CARTESIAN_POINT ( 'NONE',  ( -0.9500000000000001776, 0.05000000000000000278, 0.000000000000000000 ) ) ;
#3320 = VECTOR ( 'NONE', #2730, 1000.000000000000000 ) ;
#3321 = ADVANCED_FACE ( 'NONE', ( #3562 ), #5407, .F. ) ;
#3322 = EDGE_CURVE ( 'NONE', #4389, #2241, #1337, .T. ) ;
#3323 = SURFACE_SIDE_STYLE ('',( #1010 ) ) ;
#3324 = VECTOR ( 'NONE', #3919, 1000.000000000000000 ) ;
#3325 = AXIS2_PLACEMENT_3D ( 'NONE', #4098, #5404, #1755 ) ;
#3326 = LINE ( 'NONE', #2887, #2883 ) ;
#3327 = LINE ( 'NONE', #5148, #3869 ) ;
#3328 = CARTESIAN_POINT ( 'NONE',  ( 2.168404344971105425E-14, 0.05000000000000000278, -0.9999999999999783507 ) ) ;
#3329 = AXIS2_PLACEMENT_3D ( 'NONE', #5208, #2955, #2565 ) ;
#3330 = CARTESIAN_POINT ( 'NONE',  ( 0.5000000000000127676, 0.2000000000000000111, 1.099999999999989431 ) ) ;
#3331 = EDGE_LOOP ( 'NONE', ( #4205, #5749, #3553, #2705, #492, #4293 ) ) ;
#3332 = ORIENTED_EDGE ( 'NONE', *, *, #2154, .T. ) ;
#3333 = DIRECTION ( 'NONE',  ( -0.000000000000000000, 1.000000000000000000, 0.000000000000000000 ) ) ;
#3334 = ORIENTED_EDGE ( 'NONE', *, *, #1357, .T. ) ;
#3335 = CIRCLE ( 'NONE', #285, 0.1250000000000126288 ) ;
#3336 = LINE ( 'NONE', #4204, #5066 ) ;
#3337 = ORIENTED_EDGE ( 'NONE', *, *, #8, .F. ) ;
#3338 = PLANE ( 'NONE',  #687 ) ;
#3339 = CARTESIAN_POINT ( 'NONE',  ( 0.7250000000000069722, 0.2000000000000000944, -0.4750000000000005884 ) ) ;
#3340 = EDGE_LOOP ( 'NONE', ( #1918, #3706, #2185, #3287 ) ) ;
#3341 = LINE ( 'NONE', #3288, #4274 ) ;
#3342 = VECTOR ( 'NONE', #50, 1000.000000000000000 ) ;
#3343 = AXIS2_PLACEMENT_3D ( 'NONE', #788, #3959, #4946 ) ;
#3344 = EDGE_CURVE ( 'NONE', #5186, #2178, #5161, .T. ) ;
#3345 = PLANE ( 'NONE',  #5523 ) ;
#3346 = DIRECTION ( 'NONE',  ( -0.000000000000000000, 0.000000000000000000, -1.000000000000000000 ) ) ;
#3347 = DIRECTION ( 'NONE',  ( -0.000000000000000000, -1.000000000000000000, -0.000000000000000000 ) ) ;
#3348 = CIRCLE ( 'NONE', #2218, 0.1250000000000126288 ) ;
#3349 = CARTESIAN_POINT ( 'NONE',  ( -0.9999999999999997780, 0.1000000000000000056, -1.500000000000000000 ) ) ;
#3350 = SURFACE_STYLE_USAGE ( .BOTH. , #4213 ) ;
#3351 = ADVANCED_FACE ( 'NONE', ( #5187 ), #633, .F. ) ;
#3352 = EDGE_CURVE ( 'NONE', #1694, #3954, #3259, .T. ) ;
#3353 = EDGE_CURVE ( 'NONE', #4130, #4095, #2901, .T. ) ;
#3354 = DIRECTION ( 'NONE',  ( 1.000000000000000000, 0.000000000000000000, 4.060829955128111177E-14 ) ) ;
#3355 = DIRECTION ( 'NONE',  ( 0.000000000000000000, 0.000000000000000000, 1.000000000000000000 ) ) ;
#3356 = DIRECTION ( 'NONE',  ( 0.000000000000000000, -1.000000000000000000, 0.000000000000000000 ) ) ;
#3357 = VERTEX_POINT ( 'NONE', #1473 ) ;
#3358 = PLANE ( 'NONE',  #2305 ) ;
#3359 = CARTESIAN_POINT ( 'NONE',  ( 1.279358563532895232E-14, 0.000000000000000000, 1.450000000000000178 ) ) ;
#3360 = LINE ( 'NONE', #186, #3151 ) ;
#3361 = CARTESIAN_POINT ( 'NONE',  ( -0.7250000000000341727, 0.2000000000000000111, 0.8000000000000107025 ) ) ;
#3362 = CARTESIAN_POINT ( 'NONE',  ( 0.7250000000000069722, 0.000000000000000000, -0.4750000000000005884 ) ) ;
#3363 = ORIENTED_EDGE ( 'NONE', *, *, #894, .T. ) ;
#3364 = VECTOR ( 'NONE', #1094, 1000.000000000000000 ) ;
#3365 = VERTEX_POINT ( 'NONE', #4714 ) ;
#3366 = DIRECTION ( 'NONE',  ( -1.000000000000000000, 0.000000000000000000, 5.583641188300717653E-14 ) ) ;
#3367 = ORIENTED_EDGE ( 'NONE', *, *, #5406, .T. ) ;
#3368 = ADVANCED_FACE ( 'NONE', ( #1446 ), #4229, .T. ) ;
#3369 = CARTESIAN_POINT ( 'NONE',  ( 0.7250000000000189626, 0.2000000000000000111, 0.7999999999999994893 ) ) ;
#3370 = ORIENTED_EDGE ( 'NONE', *, *, #2109, .T. ) ;
#3371 = SURFACE_STYLE_FILL_AREA ( #1566 ) ;
#3372 = CARTESIAN_POINT ( 'NONE',  ( -0.7250000000000367262, 0.2000000000000000944, 0.6750000000000000444 ) ) ;
#3373 = ORIENTED_EDGE ( 'NONE', *, *, #640, .T. ) ;
#3374 = LINE ( 'NONE', #5192, #1882 ) ;
#3375 = VERTEX_POINT ( 'NONE', #2934 ) ;
#3376 = CARTESIAN_POINT ( 'NONE',  ( 0.9500000000000002887, 0.1000000000000000056, -1.250000000000021982 ) ) ;
#3377 = CARTESIAN_POINT ( 'NONE',  ( -0.1249999999999977240, 0.05000000000000000278, 0.000000000000000000 ) ) ;
#3378 = DIRECTION ( 'NONE',  ( 1.075528555105637943E-13, 0.000000000000000000, 1.000000000000000000 ) ) ;
#3379 = CARTESIAN_POINT ( 'NONE',  ( -0.9999999999999997780, 1.844118304745738346, -1.000000000000000000 ) ) ;
#3380 = AXIS2_PLACEMENT_3D ( 'NONE', #388, #2221, #3159 ) ;
#3381 = DIRECTION ( 'NONE',  ( 0.000000000000000000, -0.000000000000000000, 1.000000000000000000 ) ) ;
#3382 = EDGE_CURVE ( 'NONE', #4046, #818, #4746, .T. ) ;
#3383 = CARTESIAN_POINT ( 'NONE',  ( 0.7250000000000490497, 0.2000000000000000111, 0.04999999999997421785 ) ) ;
#3384 = CARTESIAN_POINT ( 'NONE',  ( 0.9500000000000002887, 0.1000000000000000056, -1.450000000000000178 ) ) ;
#3385 = ORIENTED_EDGE ( 'NONE', *, *, #2892, .F. ) ;
#3386 = DIRECTION ( 'NONE',  ( -1.000000000000000000, 0.000000000000000000, 3.706000153223781540E-14 ) ) ;
#3387 = EDGE_CURVE ( 'NONE', #4959, #5133, #5132, .T. ) ;
#3388 =( NAMED_UNIT ( * ) SI_UNIT ( $, .STERADIAN. ) SOLID_ANGLE_UNIT ( ) );
#3389 = CARTESIAN_POINT ( 'NONE',  ( 0.1250000000000233147, 1.844118304745738346, 1.224999999999999867 ) ) ;
#3390 = DIRECTION ( 'NONE',  ( -0.000000000000000000, 1.000000000000000000, 0.000000000000000000 ) ) ;
#3391 =( GEOMETRIC_REPRESENTATION_CONTEXT ( 3 ) GLOBAL_UNCERTAINTY_ASSIGNED_CONTEXT ( ( #4097 ) ) GLOBAL_UNIT_ASSIGNED_CONTEXT ( ( #2034, #1912, #5674 ) ) REPRESENTATION_CONTEXT ( 'NONE', 'WORKASPACE' ) );
#3392 = DIRECTION ( 'NONE',  ( -7.490851373537456042E-14, 0.000000000000000000, -1.000000000000000000 ) ) ;
#3393 = ORIENTED_EDGE ( 'NONE', *, *, #5433, .F. ) ;
#3394 = VECTOR ( 'NONE', #4186, 1000.000000000000000 ) ;
#3395 = ORIENTED_EDGE ( 'NONE', *, *, #1660, .T. ) ;
#3396 = EDGE_CURVE ( 'NONE', #1238, #4916, #999, .T. ) ;
#3397 = FACE_OUTER_BOUND ( 'NONE', #4530, .T. ) ;
#3398 = ORIENTED_EDGE ( 'NONE', *, *, #290, .F. ) ;
#3399 = DIRECTION ( 'NONE',  ( 0.000000000000000000, 0.000000000000000000, 1.000000000000000000 ) ) ;
#3400 = ORIENTED_EDGE ( 'NONE', *, *, #5468, .T. ) ;
#3401 = DIRECTION ( 'NONE',  ( 0.000000000000000000, 0.000000000000000000, -1.000000000000000000 ) ) ;
#3402 = EDGE_CURVE ( 'NONE', #1753, #107, #1867, .T. ) ;
#3403 = ORIENTED_EDGE ( 'NONE', *, *, #4159, .F. ) ;
#3404 = PLANE ( 'NONE',  #1146 ) ;
#3405 = LINE ( 'NONE', #4463, #2054 ) ;
#3406 = CARTESIAN_POINT ( 'NONE',  ( 0.6250000000000233147, 0.2000000000000000944, 1.500000000000000000 ) ) ;
#3407 = CARTESIAN_POINT ( 'NONE',  ( 0.7250000000000098588, 0.2000000000000000111, -1.250000000000037081 ) ) ;
#3408 = VECTOR ( 'NONE', #4771, 1000.000000000000000 ) ;
#3409 = DIRECTION ( 'NONE',  ( 0.000000000000000000, -0.000000000000000000, -1.000000000000000000 ) ) ;
#3410 = PLANE ( 'NONE',  #393 ) ;
#3411 = VECTOR ( 'NONE', #2039, 1000.000000000000000 ) ;
#3412 = VERTEX_POINT ( 'NONE', #4655 ) ;
#3413 = LINE ( 'NONE', #4763, #2494 ) ;
#3414 = PRESENTATION_STYLE_ASSIGNMENT (( #5267 ) ) ;
#3415 = CARTESIAN_POINT ( 'NONE',  ( 1.279358563532895232E-14, 0.2000000000000000111, 1.099999999999989431 ) ) ;
#3416 = DIRECTION ( 'NONE',  ( 0.000000000000000000, 0.000000000000000000, 1.000000000000000000 ) ) ;
#3417 = VECTOR ( 'NONE', #5577, 1000.000000000000000 ) ;
#3418 = DIRECTION ( 'NONE',  ( 1.000000000000000000, -0.000000000000000000, 4.060829955128111177E-14 ) ) ;
#3419 = EDGE_CURVE ( 'NONE', #5600, #62, #165, .T. ) ;
#3420 = COLOUR_RGB ( '',0.2509803921568627416, 0.2509803921568627416, 0.2509803921568627416 ) ;
#3421 = EDGE_CURVE ( 'NONE', #668, #1541, #3283, .T. ) ;
#3422 = VERTEX_POINT ( 'NONE', #1024 ) ;
#3423 = ORIENTED_EDGE ( 'NONE', *, *, #592, .F. ) ;
#3424 = DIRECTION ( 'NONE',  ( 0.000000000000000000, 0.000000000000000000, -1.000000000000000000 ) ) ;
#3425 = EDGE_CURVE ( 'NONE', #5492, #2327, #1415, .T. ) ;
#3426 = EDGE_CURVE ( 'NONE', #3878, #4190, #566, .T. ) ;
#3427 = EDGE_CURVE ( 'NONE', #5546, #604, #4685, .T. ) ;
#3428 = EDGE_LOOP ( 'NONE', ( #1308, #4251, #5878, #2925 ) ) ;
#3429 = ORIENTED_EDGE ( 'NONE', *, *, #4414, .F. ) ;
#3430 = ORIENTED_EDGE ( 'NONE', *, *, #709, .F. ) ;
#3431 = DIRECTION ( 'NONE',  ( 1.000000000000000000, 0.000000000000000000, 0.000000000000000000 ) ) ;
#3432 = EDGE_LOOP ( 'NONE', ( #4171, #4262, #542, #1122 ) ) ;
#3433 = PLANE ( 'NONE',  #268 ) ;
#3434 = VECTOR ( 'NONE', #1325, 1000.000000000000000 ) ;
#3435 = ORIENTED_EDGE ( 'NONE', *, *, #2962, .T. ) ;
#3436 = PLANE ( 'NONE',  #2296 ) ;
#3437 = FACE_OUTER_BOUND ( 'NONE', #5045, .T. ) ;
#3438 = FACE_OUTER_BOUND ( 'NONE', #5655, .T. ) ;
#3439 = CARTESIAN_POINT ( 'NONE',  ( -0.7250000000000392797, 0.2000000000000000111, -0.6000000000000085265 ) ) ;
#3440 = CARTESIAN_POINT ( 'NONE',  ( -0.9999999999999997780, 0.2000000000000000111, -1.000000000000000000 ) ) ;
#3441 = COLOUR_RGB ( '',0.7921568627450980005, 0.8196078431372548767, 0.9333333333333333481 ) ;
#3442 = DIRECTION ( 'NONE',  ( -0.000000000000000000, -1.000000000000000000, -0.000000000000000000 ) ) ;
#3443 = AXIS2_PLACEMENT_3D ( 'NONE', #3825, #2491, #2026 ) ;
#3444 = VECTOR ( 'NONE', #930, 1000.000000000000000 ) ;
#3445 = CARTESIAN_POINT ( 'NONE',  ( 0.9999999999999783507, 0.2000000000000000944, -0.6000000000000187406 ) ) ;
#3446 = DIRECTION ( 'NONE',  ( -0.000000000000000000, 0.000000000000000000, -1.000000000000000000 ) ) ;
#3447 = LINE ( 'NONE', #3798, #4203 ) ;
#3448 = ORIENTED_EDGE ( 'NONE', *, *, #2264, .F. ) ;
#3449 = DIRECTION ( 'NONE',  ( 0.000000000000000000, 0.000000000000000000, -1.000000000000000000 ) ) ;
#3450 = CARTESIAN_POINT ( 'NONE',  ( -1.000000000000006439, 0.2000000000000000111, -0.6000000000000005329 ) ) ;
#3451 = VECTOR ( 'NONE', #751, 1000.000000000000000 ) ;
#3452 = DIRECTION ( 'NONE',  ( 0.000000000000000000, 1.000000000000000000, 0.000000000000000000 ) ) ;
#3453 = LINE ( 'NONE', #2071, #4548 ) ;
#3454 = EDGE_LOOP ( 'NONE', ( #4287, #2009, #5348, #1732 ) ) ;
#3455 = ORIENTED_EDGE ( 'NONE', *, *, #2238, .T. ) ;
#3456 = PLANE ( 'NONE',  #4264 ) ;
#3457 = ADVANCED_FACE ( 'NONE', ( #4634 ), #522, .F. ) ;
#3458 = VECTOR ( 'NONE', #4845, 1000.000000000000000 ) ;
#3459 = VERTEX_POINT ( 'NONE', #78 ) ;
#3460 = ORIENTED_EDGE ( 'NONE', *, *, #2317, .F. ) ;
#3461 = EDGE_CURVE ( 'NONE', #2295, #4540, #3336, .T. ) ;
#3462 = ORIENTED_EDGE ( 'NONE', *, *, #2332, .T. ) ;
#3463 = CARTESIAN_POINT ( 'NONE',  ( -0.9500000000000001776, 0.04999999999999999584, 0.8000000000000015987 ) ) ;
#3464 = ORIENTED_EDGE ( 'NONE', *, *, #2372, .T. ) ;
#3465 = FACE_OUTER_BOUND ( 'NONE', #5573, .T. ) ;
#3466 = PRESENTATION_LAYER_ASSIGNMENT (  '', '', ( #5853 ) ) ;
#3467 = EDGE_CURVE ( 'NONE', #2448, #1563, #1896, .T. ) ;
#3468 = ORIENTED_EDGE ( 'NONE', *, *, #3988, .T. ) ;
#3469 = FACE_OUTER_BOUND ( 'NONE', #1777, .T. ) ;
#3470 = DIRECTION ( 'NONE',  ( -0.000000000000000000, -1.000000000000000000, -0.000000000000000000 ) ) ;
#3471 = CARTESIAN_POINT ( 'NONE',  ( -0.7250000000000392797, 0.2000000000000000944, 0.5499999999999892752 ) ) ;
#3472 = DIRECTION ( 'NONE',  ( -1.000000000000000000, 0.000000000000000000, 3.706000153223781540E-14 ) ) ;
#3473 = VERTEX_POINT ( 'NONE', #1926 ) ;
#3474 = FILL_AREA_STYLE_COLOUR ( '', #559 ) ;
#3475 = ADVANCED_FACE ( 'NONE', ( #2014 ), #3845, .F. ) ;
#3476 = DIRECTION ( 'NONE',  ( 0.000000000000000000, 0.000000000000000000, 1.000000000000000000 ) ) ;
#3477 = PLANE ( 'NONE',  #2047 ) ;
#3478 = PLANE ( 'NONE',  #2216 ) ;
#3479 = VERTEX_POINT ( 'NONE', #1564 ) ;
#3480 = CARTESIAN_POINT ( 'NONE',  ( 0.9500000000000002887, 0.05000000000000000278, 0.2999999999999812261 ) ) ;
#3481 = AXIS2_PLACEMENT_3D ( 'NONE', #168, #4296, #3755 ) ;
#3482 = CARTESIAN_POINT ( 'NONE',  ( -0.1250000000000071332, 0.000000000000000000, 0.1250000000000001388 ) ) ;
#3483 = EDGE_CURVE ( 'NONE', #2700, #3473, #4180, .T. ) ;
#3484 = DIRECTION ( 'NONE',  ( 0.000000000000000000, 1.000000000000000000, 0.000000000000000000 ) ) ;
#3485 = CARTESIAN_POINT ( 'NONE',  ( -0.4999999999999872324, 0.2000000000000000111, 1.224999999999999867 ) ) ;
#3486 = ORIENTED_EDGE ( 'NONE', *, *, #802, .T. ) ;
#3487 = ORIENTED_EDGE ( 'NONE', *, *, #4132, .F. ) ;
#3488 = CARTESIAN_POINT ( 'NONE',  ( -0.1249999999999977240, 1.844118304745738346, 1.224999999999999867 ) ) ;
#3489 = VECTOR ( 'NONE', #2894, 1000.000000000000000 ) ;
#3490 = PRESENTATION_LAYER_ASSIGNMENT (  '', '', ( #1855 ) ) ;
#3491 = ORIENTED_EDGE ( 'NONE', *, *, #494, .F. ) ;
#3492 = EDGE_LOOP ( 'NONE', ( #5689, #4099, #577, #787 ) ) ;
#3493 = PLANE ( 'NONE',  #3203 ) ;
#3494 = ORIENTED_EDGE ( 'NONE', *, *, #4526, .F. ) ;
#3495 = CARTESIAN_POINT ( 'NONE',  ( 0.7250000000000098588, 0.000000000000000000, -1.250000000000037081 ) ) ;
#3496 = EDGE_LOOP ( 'NONE', ( #4150, #2509, #1725, #1440 ) ) ;
#3497 = PLANE ( 'NONE',  #824 ) ;
#3498 = ADVANCED_FACE ( 'NONE', ( #2374 ), #5502, .F. ) ;
#3499 = CARTESIAN_POINT ( 'NONE',  ( -0.6999999999999998446, 0.7999999999999999334, -1.325000000000000178 ) ) ;
#3500 = CARTESIAN_POINT ( 'NONE',  ( -0.1250000000000071332, 0.1000000000000000472, 0.1250000000000001388 ) ) ;
#3501 = ORIENTED_EDGE ( 'NONE', *, *, #3744, .F. ) ;
#3502 = PRESENTATION_STYLE_ASSIGNMENT (( #2094 ) ) ;
#3503 = EDGE_CURVE ( 'NONE', #62, #4036, #4981, .T. ) ;
#3504 = LINE ( 'NONE', #1221, #1414 ) ;
#3505 = CARTESIAN_POINT ( 'NONE',  ( -0.7250000000000582645, 0.2000000000000000111, -0.3499999999999870992 ) ) ;
#3506 = LINE ( 'NONE', #5115, #4784 ) ;
#3507 = EDGE_LOOP ( 'NONE', ( #5, #3936, #425, #5105 ) ) ;
#3508 = EDGE_CURVE ( 'NONE', #1535, #1083, #4623, .T. ) ;
#3509 = EDGE_CURVE ( 'NONE', #317, #5316, #511, .T. ) ;
#3510 = DIRECTION ( 'NONE',  ( 3.706000153223781540E-14, -0.000000000000000000, 1.000000000000000000 ) ) ;
#3511 = VECTOR ( 'NONE', #4823, 1000.000000000000000 ) ;
#3512 = CARTESIAN_POINT ( 'NONE',  ( 0.1250000000000233147, 0.2000000000000000111, 1.224999999999999867 ) ) ;
#3513 = DIRECTION ( 'NONE',  ( 0.000000000000000000, 0.000000000000000000, -1.000000000000000000 ) ) ;
#3514 = VECTOR ( 'NONE', #5624, 1000.000000000000000 ) ;
#3515 = CARTESIAN_POINT ( 'NONE',  ( 0.5000000000000127676, 1.844118304745738346, 1.224999999999999867 ) ) ;
#3516 = PRODUCT_DEFINITION_SHAPE ( 'NONE', 'NONE',  #4720 ) ;
#3517 = DIRECTION ( 'NONE',  ( 1.000000000000000000, 0.000000000000000000, -2.917489482324978130E-14 ) ) ;
#3518 = VERTEX_POINT ( 'NONE', #3657 ) ;
#3519 = ORIENTED_EDGE ( 'NONE', *, *, #2188, .T. ) ;
#3520 = DIRECTION ( 'NONE',  ( 1.000000000000000000, 0.000000000000000000, 0.000000000000000000 ) ) ;
#3521 = AXIS2_PLACEMENT_3D ( 'NONE', #2128, #329, #3985 ) ;
#3522 = AXIS2_PLACEMENT_3D ( 'NONE', #2906, #977, #605 ) ;
#3523 = EDGE_LOOP ( 'NONE', ( #5543, #2994, #5029, #300 ) ) ;
#3524 = VERTEX_POINT ( 'NONE', #2319 ) ;
#3525 = ORIENTED_EDGE ( 'NONE', *, *, #3402, .T. ) ;
#3526 = FACE_OUTER_BOUND ( 'NONE', #2474, .T. ) ;
#3527 = VERTEX_POINT ( 'NONE', #1377 ) ;
#3528 = CARTESIAN_POINT ( 'NONE',  ( -0.9999999999999997780, 0.1000000000000000056, -1.500000000000000000 ) ) ;
#3529 = ORIENTED_EDGE ( 'NONE', *, *, #3141, .T. ) ;
#3530 = CARTESIAN_POINT ( 'NONE',  ( 0.1250000000000233702, 0.2000000000000000111, 1.450000000000000178 ) ) ;
#3531 = LINE ( 'NONE', #4464, #3736 ) ;
#3532 = CARTESIAN_POINT ( 'NONE',  ( 0.1249999999999928807, 0.2000000000000000111, 0.1250000000000001388 ) ) ;
#3533 = VERTEX_POINT ( 'NONE', #4086 ) ;
#3534 = LINE ( 'NONE', #4880, #5246 ) ;
#3535 = EDGE_CURVE ( 'NONE', #4632, #3783, #3169, .T. ) ;
#3536 = CARTESIAN_POINT ( 'NONE',  ( 0.6250000000000233147, 0.2000000000000000111, 1.224999999999999867 ) ) ;
#3537 = DIRECTION ( 'NONE',  ( -1.000000000000000000, 0.000000000000000000, 0.000000000000000000 ) ) ;
#3538 = DIRECTION ( 'NONE',  ( 1.000000000000000000, -0.000000000000000000, 4.060829955128110545E-14 ) ) ;
#3539 = VERTEX_POINT ( 'NONE', #880 ) ;
#3540 = AXIS2_PLACEMENT_3D ( 'NONE', #3576, #5814, #401 ) ;
#3541 = DIRECTION ( 'NONE',  ( 0.000000000000000000, -1.000000000000000000, 0.000000000000000000 ) ) ;
#3542 = VECTOR ( 'NONE', #3224, 1000.000000000000000 ) ;
#3543 = DIRECTION ( 'NONE',  ( 0.000000000000000000, -1.000000000000000000, 0.000000000000000000 ) ) ;
#3544 = DIRECTION ( 'NONE',  ( 4.869053392799455353E-14, 0.000000000000000000, -1.000000000000000000 ) ) ;
#3545 = EDGE_CURVE ( 'NONE', #4925, #5401, #1514, .T. ) ;
#3546 = EDGE_CURVE ( 'NONE', #316, #5622, #4591, .T. ) ;
#3547 = AXIS2_PLACEMENT_3D ( 'NONE', #1499, #4179, #2357 ) ;
#3548 = AXIS2_PLACEMENT_3D ( 'NONE', #2630, #4406, #273 ) ;
#3549 = DIRECTION ( 'NONE',  ( -0.000000000000000000, -1.000000000000000000, -0.000000000000000000 ) ) ;
#3550 = DIRECTION ( 'NONE',  ( 0.000000000000000000, 1.000000000000000000, 0.000000000000000000 ) ) ;
#3551 = ORIENTED_EDGE ( 'NONE', *, *, #4386, .T. ) ;
#3552 = VECTOR ( 'NONE', #3673, 1000.000000000000000 ) ;
#3553 = ORIENTED_EDGE ( 'NONE', *, *, #5129, .T. ) ;
#3554 = CARTESIAN_POINT ( 'NONE',  ( -0.9500000000000001776, 0.2000000000000000111, -1.250000000000002887 ) ) ;
#3555 = VERTEX_POINT ( 'NONE', #3243 ) ;
#3556 = ORIENTED_EDGE ( 'NONE', *, *, #4800, .T. ) ;
#3557 = EDGE_LOOP ( 'NONE', ( #3839, #1808, #3304, #1457, #4434, #914 ) ) ;
#3558 = EDGE_CURVE ( 'NONE', #3270, #4495, #2754, .T. ) ;
#3559 = AXIS2_PLACEMENT_3D ( 'NONE', #1767, #59, #1396 ) ;
#3560 = EDGE_CURVE ( 'NONE', #3282, #4653, #2810, .T. ) ;
#3561 = ORIENTED_EDGE ( 'NONE', *, *, #850, .F. ) ;
#3562 = FACE_OUTER_BOUND ( 'NONE', #3615, .T. ) ;
#3563 = CARTESIAN_POINT ( 'NONE',  ( -0.4999999999999872324, 0.2000000000000000111, 1.224999999999999867 ) ) ;
#3564 = DIRECTION ( 'NONE',  ( 0.000000000000000000, 0.000000000000000000, 1.000000000000000000 ) ) ;
#3565 = EDGE_LOOP ( 'NONE', ( #5563, #1880, #4322, #4898 ) ) ;
#3566 = VECTOR ( 'NONE', #3754, 1000.000000000000000 ) ;
#3567 = CARTESIAN_POINT ( 'NONE',  ( -0.9999999999999997780, 0.1000000000000000056, 1.500000000000000000 ) ) ;
#3568 = CARTESIAN_POINT ( 'NONE',  ( -0.9500000000000001776, 1.844118304745738346, 0.5499999999999976019 ) ) ;
#3569 = FACE_OUTER_BOUND ( 'NONE', #2091, .T. ) ;
#3570 = DIRECTION ( 'NONE',  ( -1.971276677246371272E-16, -0.000000000000000000, -1.000000000000000000 ) ) ;
#3571 = EDGE_LOOP ( 'NONE', ( #2790, #1204, #3126, #4416, #5059, #2871 ) ) ;
#3572 = LINE ( 'NONE', #5266, #1815 ) ;
#3573 = DIRECTION ( 'NONE',  ( 1.000000000000000000, 0.000000000000000000, -0.000000000000000000 ) ) ;
#3574 = FACE_OUTER_BOUND ( 'NONE', #5402, .T. ) ;
#3575 = ADVANCED_FACE ( 'NONE', ( #3600 ), #486, .F. ) ;
#3576 = CARTESIAN_POINT ( 'NONE',  ( 1.279358563532895232E-14, 0.2000000000000000111, 1.224999999999999867 ) ) ;
#3577 = CARTESIAN_POINT ( 'NONE',  ( 0.7250000000000189626, 0.1000000000000000056, 0.7999999999999994893 ) ) ;
#3578 = VERTEX_POINT ( 'NONE', #4167 ) ;
#3579 = CARTESIAN_POINT ( 'NONE',  ( 0.3750000000000022760, 0.2000000000000000111, 1.224999999999999867 ) ) ;
#3580 = VERTEX_POINT ( 'NONE', #5451 ) ;
#3581 = AXIS2_PLACEMENT_3D ( 'NONE', #2416, #3311, #137 ) ;
#3582 = DIRECTION ( 'NONE',  ( 0.000000000000000000, 0.000000000000000000, -1.000000000000000000 ) ) ;
#3583 = ORIENTED_EDGE ( 'NONE', *, *, #2726, .F. ) ;
#3584 = EDGE_CURVE ( 'NONE', #5289, #3196, #5093, .T. ) ;
#3585 = ORIENTED_EDGE ( 'NONE', *, *, #427, .F. ) ;
#3586 = FACE_OUTER_BOUND ( 'NONE', #5003, .T. ) ;
#3587 = VECTOR ( 'NONE', #1032, 1000.000000000000000 ) ;
#3588 = CARTESIAN_POINT ( 'NONE',  ( -0.3749999999999766853, 0.04999999999999999584, 1.224999999999999867 ) ) ;
#3589 = LINE ( 'NONE', #4520, #4524 ) ;
#3590 = CARTESIAN_POINT ( 'NONE',  ( -0.1250000000000071332, 0.2000000000000000111, -1.450000000000000178 ) ) ;
#3591 = EDGE_LOOP ( 'NONE', ( #274, #4574, #4301, #5662 ) ) ;
#3592 = AXIS2_PLACEMENT_3D ( 'NONE', #3983, #3470, #2587 ) ;
#3593 = CARTESIAN_POINT ( 'NONE',  ( -0.7250000000000359490, 0.2000000000000000111, 0.3000000000000106470 ) ) ;
#3594 = LINE ( 'NONE', #5412, #100 ) ;
#3595 = LINE ( 'NONE', #57, #4926 ) ;
#3596 = DIRECTION ( 'NONE',  ( -0.000000000000000000, 0.000000000000000000, 1.000000000000000000 ) ) ;
#3597 = ORIENTED_EDGE ( 'NONE', *, *, #685, .F. ) ;
#3598 = CARTESIAN_POINT ( 'NONE',  ( -0.9500000000000001776, 0.1000000000000000056, 0.5499999999999977129 ) ) ;
#3599 = CYLINDRICAL_SURFACE ( 'NONE', #849, 0.1250000000000107414 ) ;
#3600 = FACE_OUTER_BOUND ( 'NONE', #1090, .T. ) ;
#3601 = CARTESIAN_POINT ( 'NONE',  ( 0.9999999999999715783, 0.2000000000000000111, -1.250000000000018652 ) ) ;
#3602 = ORIENTED_EDGE ( 'NONE', *, *, #3037, .F. ) ;
#3603 = DIRECTION ( 'NONE',  ( 1.000000000000000000, 0.000000000000000000, 0.000000000000000000 ) ) ;
#3604 = MECHANICAL_DESIGN_GEOMETRIC_PRESENTATION_REPRESENTATION (  '', ( #1334 ), #2764 ) ;
#3605 = EDGE_CURVE ( 'NONE', #4124, #1869, #4535, .T. ) ;
#3606 = ADVANCED_FACE ( 'NONE', ( #5030 ), #428, .F. ) ;
#3607 = FACE_OUTER_BOUND ( 'NONE', #14, .T. ) ;
#3608 = AXIS2_PLACEMENT_3D ( 'NONE', #3771, #5680, #2377 ) ;
#3609 = VERTEX_POINT ( 'NONE', #3630 ) ;
#3610 = ADVANCED_FACE ( 'NONE', ( #4646 ), #2290, .T. ) ;
#3611 = ORIENTED_EDGE ( 'NONE', *, *, #3644, .T. ) ;
#3612 = UNCERTAINTY_MEASURE_WITH_UNIT (LENGTH_MEASURE( 1.000000000000000082E-05 ), #1935, 'distance_accuracy_value', 'NONE');
#3613 = APPLICATION_PROTOCOL_DEFINITION ( 'draft international standard', 'automotive_design', 1998, #5822 ) ;
#3614 = EDGE_CURVE ( 'NONE', #1980, #3219, #2837, .T. ) ;
#3615 = EDGE_LOOP ( 'NONE', ( #2500, #380, #5751, #4123, #2022 ) ) ;
#3616 = ADVANCED_FACE ( 'NONE', ( #3796 ), #1486, .T. ) ;
#3617 = EDGE_CURVE ( 'NONE', #2272, #1929, #688, .T. ) ;
#3618 = DIRECTION ( 'NONE',  ( 0.000000000000000000, 1.000000000000000000, 0.000000000000000000 ) ) ;
#3619 = STYLED_ITEM ( 'NONE', ( #4026 ), #598 ) ;
#3620 = SURFACE_STYLE_USAGE ( .BOTH. , #1338 ) ;
#3621 = LINE ( 'NONE', #3669, #2533 ) ;
#3622 = ORIENTED_EDGE ( 'NONE', *, *, #2827, .F. ) ;
#3623 = CARTESIAN_POINT ( 'NONE',  ( 0.3750000000000022760, 0.04999999999999999584, 1.224999999999999867 ) ) ;
#3624 = CARTESIAN_POINT ( 'NONE',  ( -0.7250000000000392797, 1.844118304745738346, 0.5499999999999892752 ) ) ;
#3625 = DIRECTION ( 'NONE',  ( -1.000000000000000000, 0.000000000000000000, 3.706000153223781540E-14 ) ) ;
#3626 = FACE_OUTER_BOUND ( 'NONE', #2215, .T. ) ;
#3627 = ORIENTED_EDGE ( 'NONE', *, *, #5538, .T. ) ;
#3628 = DIRECTION ( 'NONE',  ( 0.000000000000000000, -1.000000000000000000, 0.000000000000000000 ) ) ;
#3629 = ORIENTED_EDGE ( 'NONE', *, *, #2642, .T. ) ;
#3630 = CARTESIAN_POINT ( 'NONE',  ( 0.9999999999999997780, 0.1000000000000000056, 0.7999999999999771738 ) ) ;
#3631 = CARTESIAN_POINT ( 'NONE',  ( 0.3750000000000022760, 0.000000000000000000, 1.450000000000000178 ) ) ;
#3632 = VECTOR ( 'NONE', #1460, 1000.000000000000000 ) ;
#3633 = DIRECTION ( 'NONE',  ( -1.000000000000000000, -0.000000000000000000, -6.702340702638594572E-14 ) ) ;
#3634 = VECTOR ( 'NONE', #4345, 1000.000000000000000 ) ;
#3635 = FACE_OUTER_BOUND ( 'NONE', #2613, .T. ) ;
#3636 = AXIS2_PLACEMENT_3D ( 'NONE', #560, #4760, #1937 ) ;
#3637 = ORIENTED_EDGE ( 'NONE', *, *, #2174, .F. ) ;
#3638 = ORIENTED_EDGE ( 'NONE', *, *, #4811, .F. ) ;
#3639 = EDGE_CURVE ( 'NONE', #4842, #2013, #2400, .T. ) ;
#3640 = FACE_OUTER_BOUND ( 'NONE', #4933, .T. ) ;
#3641 = EDGE_LOOP ( 'NONE', ( #1224, #2615, #4741, #5183 ) ) ;
#3642 = EDGE_CURVE ( 'NONE', #3412, #2742, #1459, .T. ) ;
#3643 = DIRECTION ( 'NONE',  ( 0.000000000000000000, 0.000000000000000000, -1.000000000000000000 ) ) ;
#3644 = EDGE_CURVE ( 'NONE', #3609, #5886, #5586, .T. ) ;
#3645 = VERTEX_POINT ( 'NONE', #4792 ) ;
#3646 = ORIENTED_EDGE ( 'NONE', *, *, #1506, .F. ) ;
#3647 = EDGE_CURVE ( 'NONE', #3129, #1067, #1964, .T. ) ;
#3648 = DIRECTION ( 'NONE',  ( 0.000000000000000000, 1.000000000000000000, 0.000000000000000000 ) ) ;
#3649 = LINE ( 'NONE', #3700, #2345 ) ;
#3650 = CARTESIAN_POINT ( 'NONE',  ( -0.9999999999999963363, 0.2000000000000000111, 0.04999999999999948236 ) ) ;
#3651 = VERTEX_POINT ( 'NONE', #5672 ) ;
#3652 = AXIS2_PLACEMENT_3D ( 'NONE', #4128, #2250, #4154 ) ;
#3653 = CARTESIAN_POINT ( 'NONE',  ( -0.7250000000000582645, 0.2000000000000000944, -0.3499999999999870992 ) ) ;
#3654 = ADVANCED_FACE ( 'NONE', ( #4311 ), #3737, .T. ) ;
#3655 = ORIENTED_EDGE ( 'NONE', *, *, #1507, .F. ) ;
#3656 = VERTEX_POINT ( 'NONE', #4215 ) ;
#3657 = CARTESIAN_POINT ( 'NONE',  ( 0.9500000000000002887, 0.000000000000000000, -0.3500000000000190736 ) ) ;
#3658 = CARTESIAN_POINT ( 'NONE',  ( -6.979551485376209771E-14, 0.05000000000000000278, -1.250000000000055955 ) ) ;
#3659 = EDGE_CURVE ( 'NONE', #5082, #3966, #2913, .T. ) ;
#3660 = DIRECTION ( 'NONE',  ( 0.000000000000000000, -0.000000000000000000, 1.000000000000000000 ) ) ;
#3661 = EDGE_CURVE ( 'NONE', #4649, #1924, #212, .T. ) ;
#3662 = ORIENTED_EDGE ( 'NONE', *, *, #569, .T. ) ;
#3663 = ORIENTED_EDGE ( 'NONE', *, *, #2199, .T. ) ;
#3664 = VECTOR ( 'NONE', #4326, 1000.000000000000000 ) ;
#3665 = EDGE_LOOP ( 'NONE', ( #969, #284, #4260, #1498, #5250 ) ) ;
#3666 = CIRCLE ( 'NONE', #704, 0.1250000000000105194 ) ;
#3667 = DIRECTION ( 'NONE',  ( 0.000000000000000000, -0.000000000000000000, 1.000000000000000000 ) ) ;
#3668 = DIRECTION ( 'NONE',  ( 0.000000000000000000, -0.000000000000000000, 1.000000000000000000 ) ) ;
#3669 = CARTESIAN_POINT ( 'NONE',  ( 0.9500000000000002887, 0.2000000000000000111, 0.5499999999999743983 ) ) ;
#3670 = VERTEX_POINT ( 'NONE', #4276 ) ;
#3671 = CARTESIAN_POINT ( 'NONE',  ( 0.7250000000000441647, 1.844118304745738346, -1.000000000000002220 ) ) ;
#3672 = COLOUR_RGB ( '',0.7921568627450980005, 0.8196078431372548767, 0.9333333333333333481 ) ;
#3673 = DIRECTION ( 'NONE',  ( -1.000000000000000000, 0.000000000000000000, 0.000000000000000000 ) ) ;
#3674 = LINE ( 'NONE', #4584, #716 ) ;
#3675 = CARTESIAN_POINT ( 'NONE',  ( -0.4999999999999872324, 0.2000000000000000111, 1.224999999999999867 ) ) ;
#3676 = VECTOR ( 'NONE', #1603, 1000.000000000000000 ) ;
#3677 = PLANE ( 'NONE',  #3559 ) ;
#3678 = VERTEX_POINT ( 'NONE', #180 ) ;
#3679 = ORIENTED_EDGE ( 'NONE', *, *, #3191, .T. ) ;
#3680 = VERTEX_POINT ( 'NONE', #5232 ) ;
#3681 = EDGE_CURVE ( 'NONE', #1870, #4985, #3767, .T. ) ;
#3682 = ADVANCED_FACE ( 'NONE', ( #5202 ), #2033, .F. ) ;
#3683 = DIRECTION ( 'NONE',  ( -0.000000000000000000, -0.000000000000000000, -1.000000000000000000 ) ) ;
#3684 = LINE ( 'NONE', #4624, #768 ) ;
#3685 = CARTESIAN_POINT ( 'NONE',  ( -0.9999999999999963363, 0.2000000000000000111, 0.2999999999999994893 ) ) ;
#3686 = FACE_OUTER_BOUND ( 'NONE', #3571, .T. ) ;
#3687 = ORIENTED_EDGE ( 'NONE', *, *, #5538, .F. ) ;
#3688 = CARTESIAN_POINT ( 'NONE',  ( -0.9999999999999945599, 0.2000000000000000111, 0.7999999999999994893 ) ) ;
#3689 = EDGE_LOOP ( 'NONE', ( #5457, #799, #5754, #2842 ) ) ;
#3690 = VERTEX_POINT ( 'NONE', #5556 ) ;
#3691 = EDGE_LOOP ( 'NONE', ( #2731, #3098, #5340, #1234 ) ) ;
#3692 = AXIS2_PLACEMENT_3D ( 'NONE', #1227, #3082, #81 ) ;
#3693 = CARTESIAN_POINT ( 'NONE',  ( 0.9500000000000002887, 0.1000000000000000056, -1.450000000000000178 ) ) ;
#3694 = DIRECTION ( 'NONE',  ( 0.000000000000000000, 1.000000000000000000, -0.000000000000000000 ) ) ;
#3695 = VERTEX_POINT ( 'NONE', #5118 ) ;
#3696 = ORIENTED_EDGE ( 'NONE', *, *, #1479, .T. ) ;
#3697 = DIRECTION ( 'NONE',  ( -0.000000000000000000, -0.000000000000000000, -1.000000000000000000 ) ) ;
#3698 = VECTOR ( 'NONE', #587, 1000.000000000000000 ) ;
#3699 = LINE ( 'NONE', #5519, #4288 ) ;
#3700 = CARTESIAN_POINT ( 'NONE',  ( 0.7250000000000171863, 0.1000000000000000472, 0.2999999999999994893 ) ) ;
#3701 = DIRECTION ( 'NONE',  ( 0.000000000000000000, -1.000000000000000000, 0.000000000000000000 ) ) ;
#3702 = CARTESIAN_POINT ( 'NONE',  ( -0.7250000000000582645, 0.2000000000000000944, -0.3499999999999870992 ) ) ;
#3703 =( NAMED_UNIT ( * ) SI_UNIT ( $, .STERADIAN. ) SOLID_ANGLE_UNIT ( ) );
#3704 = ORIENTED_EDGE ( 'NONE', *, *, #1547, .F. ) ;
#3705 = EDGE_CURVE ( 'NONE', #3756, #3555, #3326, .T. ) ;
#3706 = ORIENTED_EDGE ( 'NONE', *, *, #3467, .T. ) ;
#3707 = DIRECTION ( 'NONE',  ( 0.000000000000000000, 0.000000000000000000, -1.000000000000000000 ) ) ;
#3708 = ADVANCED_FACE ( 'NONE', ( #4698 ), #5147, .F. ) ;
#3709 = PLANE ( 'NONE',  #5245 ) ;
#3710 = ADVANCED_FACE ( 'NONE', ( #647 ), #3861, .F. ) ;
#3711 = DIRECTION ( 'NONE',  ( 0.000000000000000000, -1.000000000000000000, 0.000000000000000000 ) ) ;
#3712 = EDGE_CURVE ( 'NONE', #1439, #5484, #1011, .T. ) ;
#3713 = CARTESIAN_POINT ( 'NONE',  ( -0.3749999999999766298, 0.2000000000000000944, 1.500000000000000000 ) ) ;
#3714 = CIRCLE ( 'NONE', #4497, 0.1250000000000001110 ) ;
#3715 = AXIS2_PLACEMENT_3D ( 'NONE', #2863, #4142, #37 ) ;
#3716 = VERTEX_POINT ( 'NONE', #147 ) ;
#3717 = AXIS2_PLACEMENT_3D ( 'NONE', #4848, #646, #4338 ) ;
#3718 = VERTEX_POINT ( 'NONE', #1609 ) ;
#3719 = AXIS2_PLACEMENT_3D ( 'NONE', #399, #3449, #4053 ) ;
#3720 = CARTESIAN_POINT ( 'NONE',  ( -0.4999999999999872324, 1.844118304745738346, 1.099999999999989431 ) ) ;
#3721 = ORIENTED_EDGE ( 'NONE', *, *, #4255, .F. ) ;
#3722 = EDGE_LOOP ( 'NONE', ( #4775, #2714, #3696, #3367, #4802, #3902 ) ) ;
#3723 = VECTOR ( 'NONE', #65, 1000.000000000000000 ) ;
#3724 = AXIS2_PLACEMENT_3D ( 'NONE', #2529, #4343, #2562 ) ;
#3725 = CARTESIAN_POINT ( 'NONE',  ( 0.1249999999999928807, 0.2000000000000000111, -1.450000000000000178 ) ) ;
#3726 = CARTESIAN_POINT ( 'NONE',  ( -0.6999999999999998446, 0.7999999999999999334, -1.200000000000000178 ) ) ;
#3727 = ORIENTED_EDGE ( 'NONE', *, *, #5078, .F. ) ;
#3728 = VECTOR ( 'NONE', #1059, 1000.000000000000000 ) ;
#3729 = DIRECTION ( 'NONE',  ( -0.000000000000000000, -1.000000000000000000, -0.000000000000000000 ) ) ;
#3730 = PRODUCT_RELATED_PRODUCT_CATEGORY ( 'part', '', ( #4000 ) ) ;
#3731 = CARTESIAN_POINT ( 'NONE',  ( 0.3750000000000022760, 0.2000000000000000111, 1.224999999999999867 ) ) ;
#3732 = DIRECTION ( 'NONE',  ( 1.000000000000000000, 0.000000000000000000, 1.182766006347908700E-15 ) ) ;
#3733 = CARTESIAN_POINT ( 'NONE',  ( -0.1249999999999977240, 1.844118304745738346, 1.500000000000000000 ) ) ;
#3734 = FACE_OUTER_BOUND ( 'NONE', #1683, .T. ) ;
#3735 = CARTESIAN_POINT ( 'NONE',  ( -0.9500000000000001776, 0.1000000000000000056, -1.250000000000002887 ) ) ;
#3736 = VECTOR ( 'NONE', #3040, 1000.000000000000000 ) ;
#3737 = PLANE ( 'NONE',  #1620 ) ;
#3738 = CARTESIAN_POINT ( 'NONE',  ( 0.7250000000000508260, 0.1000000000000000056, 0.5499999999999741762 ) ) ;
#3739 = DIRECTION ( 'NONE',  ( 0.000000000000000000, -1.000000000000000000, 0.000000000000000000 ) ) ;
#3740 = CARTESIAN_POINT ( 'NONE',  ( 0.000000000000000000, 0.05000000000000000278, -1.450000000000000178 ) ) ;
#3741 = CIRCLE ( 'NONE', #4310, 0.1250000000000105194 ) ;
#3742 = CARTESIAN_POINT ( 'NONE',  ( -0.6249999999999977796, 1.844118304745738346, 1.224999999999999867 ) ) ;
#3743 = EDGE_CURVE ( 'NONE', #2738, #5082, #3013, .T. ) ;
#3744 = EDGE_CURVE ( 'NONE', #340, #2961, #4821, .T. ) ;
#3745 = ORIENTED_EDGE ( 'NONE', *, *, #3396, .T. ) ;
#3746 = EDGE_LOOP ( 'NONE', ( #5448, #150, #4034, #4579, #1352, #3125 ) ) ;
#3747 = LINE ( 'NONE', #3161, #157 ) ;
#3748 = ORIENTED_EDGE ( 'NONE', *, *, #5473, .F. ) ;
#3749 = ADVANCED_FACE ( 'NONE', ( #3047 ), #4437, .T. ) ;
#3750 = EDGE_CURVE ( 'NONE', #2530, #1360, #4770, .T. ) ;
#3751 = DIRECTION ( 'NONE',  ( 0.000000000000000000, -1.000000000000000000, 0.000000000000000000 ) ) ;
#3752 = ORIENTED_EDGE ( 'NONE', *, *, #557, .T. ) ;
#3753 = VECTOR ( 'NONE', #1476, 1000.000000000000000 ) ;
#3754 = DIRECTION ( 'NONE',  ( -1.971276677246371519E-16, 0.000000000000000000, -1.000000000000000000 ) ) ;
#3755 = DIRECTION ( 'NONE',  ( -1.000000000000000000, 0.000000000000000000, -0.000000000000000000 ) ) ;
#3756 = VERTEX_POINT ( 'NONE', #303 ) ;
#3757 = DIRECTION ( 'NONE',  ( -0.000000000000000000, -1.000000000000000000, -0.000000000000000000 ) ) ;
#3758 = VECTOR ( 'NONE', #3399, 1000.000000000000000 ) ;
#3759 = CARTESIAN_POINT ( 'NONE',  ( -0.9999999999999997780, 0.8999999999999998002, -1.500000000000000000 ) ) ;
#3760 = FACE_OUTER_BOUND ( 'NONE', #314, .T. ) ;
#3761 = PLANE ( 'NONE',  #3443 ) ;
#3762 = DIRECTION ( 'NONE',  ( 0.000000000000000000, 0.000000000000000000, 1.000000000000000000 ) ) ;
#3763 = EDGE_CURVE ( 'NONE', #5789, #1632, #1642, .T. ) ;
#3764 = FACE_OUTER_BOUND ( 'NONE', #3496, .T. ) ;
#3765 = AXIS2_PLACEMENT_3D ( 'NONE', #590, #1526, #190 ) ;
#3766 = VECTOR ( 'NONE', #4108, 1000.000000000000000 ) ;
#3767 = LINE ( 'NONE', #3829, #1045 ) ;
#3768 =( NAMED_UNIT ( * ) PLANE_ANGLE_UNIT ( ) SI_UNIT ( $, .RADIAN. ) );
#3769 = CARTESIAN_POINT ( 'NONE',  ( -0.6000000000000262901, 0.2000000000000000111, -0.9999999999999913403 ) ) ;
#3770 = PLANE ( 'NONE',  #1320 ) ;
#3771 = CARTESIAN_POINT ( 'NONE',  ( -0.7250000000000367262, 0.2000000000000000111, -0.4749999999999977573 ) ) ;
#3772 = VERTEX_POINT ( 'NONE', #2628 ) ;
#3773 = ORIENTED_EDGE ( 'NONE', *, *, #1951, .T. ) ;
#3774 = DIRECTION ( 'NONE',  ( 1.000000000000000000, -0.000000000000000000, 4.869053392799454722E-14 ) ) ;
#3775 = EDGE_CURVE ( 'NONE', #3181, #3680, #5704, .T. ) ;
#3776 = ORIENTED_EDGE ( 'NONE', *, *, #5109, .F. ) ;
#3777 = ADVANCED_FACE ( 'NONE', ( #2095 ), #5294, .T. ) ;
#3778 = ORIENTED_EDGE ( 'NONE', *, *, #2807, .F. ) ;
#3779 = CARTESIAN_POINT ( 'NONE',  ( 0.3750000000000022760, 1.844118304745738346, 1.500000000000000000 ) ) ;
#3780 = ORIENTED_EDGE ( 'NONE', *, *, #3639, .F. ) ;
#3781 = SURFACE_STYLE_USAGE ( .BOTH. , #2823 ) ;
#3782 = PLANE ( 'NONE',  #3581 ) ;
#3783 = VERTEX_POINT ( 'NONE', #3136 ) ;
#3784 = EDGE_CURVE ( 'NONE', #1869, #1563, #2591, .T. ) ;
#3785 = CARTESIAN_POINT ( 'NONE',  ( 0.3750000000000022760, 1.844118304745738346, 1.500000000000000000 ) ) ;
#3786 = EDGE_CURVE ( 'NONE', #5405, #3670, #3714, .T. ) ;
#3787 = EDGE_CURVE ( 'NONE', #2610, #1828, #4942, .T. ) ;
#3788 = AXIS2_PLACEMENT_3D ( 'NONE', #1382, #4120, #5011 ) ;
#3789 = DIRECTION ( 'NONE',  ( -0.000000000000000000, -1.000000000000000000, -0.000000000000000000 ) ) ;
#3790 = CARTESIAN_POINT ( 'NONE',  ( -0.9999999999999997780, 5.405551275463989391, -1.500000000000000000 ) ) ;
#3791 = CARTESIAN_POINT ( 'NONE',  ( 0.9999999999999783507, 1.844118304745738346, -0.6000000000000187406 ) ) ;
#3792 = DIRECTION ( 'NONE',  ( -1.000000000000000000, 0.000000000000000000, -4.869053392799454722E-14 ) ) ;
#3793 = AXIS2_PLACEMENT_3D ( 'NONE', #4249, #5652, #1491 ) ;
#3794 = CARTESIAN_POINT ( 'NONE',  ( 0.9500000000000002887, 0.05000000000000000278, 0.000000000000000000 ) ) ;
#3795 = AXIS2_PLACEMENT_3D ( 'NONE', #1630, #3946, #5760 ) ;
#3796 = FACE_OUTER_BOUND ( 'NONE', #2580, .T. ) ;
#3797 = PRESENTATION_STYLE_ASSIGNMENT (( #5587 ) ) ;
#3798 = CARTESIAN_POINT ( 'NONE',  ( 1.000000000000017097, 1.844118304745738346, 0.7999999999999771738 ) ) ;
#3799 = ORIENTED_EDGE ( 'NONE', *, *, #1845, .F. ) ;
#3800 = CARTESIAN_POINT ( 'NONE',  ( 0.1250000000000233147, 0.1000000000000000056, 1.500000000000000000 ) ) ;
#3801 = CARTESIAN_POINT ( 'NONE',  ( 0.5000000000000127676, 0.04999999999999999584, 1.224999999999999867 ) ) ;
#3802 = ADVANCED_FACE ( 'NONE', ( #242 ), #4019, .T. ) ;
#3803 = LINE ( 'NONE', #4346, #2280 ) ;
#3804 = CARTESIAN_POINT ( 'NONE',  ( 0.1250000000000233702, 0.1000000000000000056, 1.450000000000000178 ) ) ;
#3805 = CARTESIAN_POINT ( 'NONE',  ( -0.1249999999999977240, 0.05000000000000000278, 1.450000000000000178 ) ) ;
#3806 = ORIENTED_EDGE ( 'NONE', *, *, #1153, .T. ) ;
#3807 = ORIENTED_EDGE ( 'NONE', *, *, #2607, .F. ) ;
#3808 = CARTESIAN_POINT ( 'NONE',  ( -0.9500000000000001776, 0.1000000000000000056, -1.450000000000000178 ) ) ;
#3809 = ORIENTED_EDGE ( 'NONE', *, *, #3426, .T. ) ;
#3810 = AXIS2_PLACEMENT_3D ( 'NONE', #3515, #3549, #5335 ) ;
#3811 = VERTEX_POINT ( 'NONE', #4341 ) ;
#3812 = DIRECTION ( 'NONE',  ( 0.000000000000000000, -1.000000000000000000, 0.000000000000000000 ) ) ;
#3813 = EDGE_LOOP ( 'NONE', ( #3561, #4390, #2817, #2278 ) ) ;
#3814 = CARTESIAN_POINT ( 'NONE',  ( 0.9999999999999985567, 1.844118304745738346, -1.000000000000022871 ) ) ;
#3815 = FACE_OUTER_BOUND ( 'NONE', #2043, .T. ) ;
#3816 = EDGE_LOOP ( 'NONE', ( #4743, #5338, #660, #3807 ) ) ;
#3817 = LINE ( 'NONE', #2019, #935 ) ;
#3818 = VECTOR ( 'NONE', #3925, 1000.000000000000000 ) ;
#3819 = EDGE_CURVE ( 'NONE', #938, #3459, #363, .T. ) ;
#3820 = VECTOR ( 'NONE', #2722, 1000.000000000000000 ) ;
#3821 = VERTEX_POINT ( 'NONE', #5771 ) ;
#3822 = EDGE_CURVE ( 'NONE', #3479, #4046, #5356, .T. ) ;
#3823 = CARTESIAN_POINT ( 'NONE',  ( 0.7250000000000003109, 1.844118304745738346, -0.9999999999999831246 ) ) ;
#3824 = CARTESIAN_POINT ( 'NONE',  ( -0.6000000000000262901, 0.04999999999999999584, -1.250000000000022427 ) ) ;
#3825 = CARTESIAN_POINT ( 'NONE',  ( 0.7250000000000509370, 0.2000000000000000111, -0.3500000000000021982 ) ) ;
#3826 = AXIS2_PLACEMENT_3D ( 'NONE', #3038, #4362, #296 ) ;
#3827 = DIRECTION ( 'NONE',  ( 0.000000000000000000, -1.000000000000000000, 0.000000000000000000 ) ) ;
#3828 = FILL_AREA_STYLE_COLOUR ( '', #3441 ) ;
#3829 = CARTESIAN_POINT ( 'NONE',  ( -0.6249999999999977796, 0.1000000000000000056, 1.224999999999999867 ) ) ;
#3830 = CARTESIAN_POINT ( 'NONE',  ( -7.490851373537067292E-14, 0.05000000000000000278, -0.9999999999999479305 ) ) ;
#3831 = ORIENTED_EDGE ( 'NONE', *, *, #3614, .F. ) ;
#3832 = EDGE_CURVE ( 'NONE', #676, #4148, #3504, .T. ) ;
#3833 = CARTESIAN_POINT ( 'NONE',  ( -0.1250000000000071332, 0.2000000000000000111, 0.1250000000000001388 ) ) ;
#3834 = DIRECTION ( 'NONE',  ( 0.000000000000000000, 0.000000000000000000, -1.000000000000000000 ) ) ;
#3835 = DIRECTION ( 'NONE',  ( -1.000000000000000000, 0.000000000000000000, 1.971276677246371272E-16 ) ) ;
#3836 = CARTESIAN_POINT ( 'NONE',  ( -0.7250000000000383915, 0.000000000000000000, 0.1750000000000000167 ) ) ;
#3837 = VECTOR ( 'NONE', #4695, 1000.000000000000000 ) ;
#3838 = DIRECTION ( 'NONE',  ( 0.000000000000000000, 1.000000000000000000, 0.000000000000000000 ) ) ;
#3839 = ORIENTED_EDGE ( 'NONE', *, *, #1671, .T. ) ;
#3840 = AXIS2_PLACEMENT_3D ( 'NONE', #5170, #4188, #5197 ) ;
#3841 = ORIENTED_EDGE ( 'NONE', *, *, #3215, .T. ) ;
#3842 = EDGE_CURVE ( 'NONE', #5014, #4105, #3108, .T. ) ;
#3843 = DIRECTION ( 'NONE',  ( 1.000000000000000000, 0.000000000000000000, -7.490851373537457304E-14 ) ) ;
#3844 = ORIENTED_EDGE ( 'NONE', *, *, #2063, .T. ) ;
#3845 = PLANE ( 'NONE',  #98 ) ;
#3846 = ORIENTED_EDGE ( 'NONE', *, *, #3560, .F. ) ;
#3847 = CIRCLE ( 'NONE', #2030, 0.1250000000000001110 ) ;
#3848 = PRESENTATION_STYLE_ASSIGNMENT (( #2016 ) ) ;
#3849 = PLANE ( 'NONE',  #1458 ) ;
#3850 = VERTEX_POINT ( 'NONE', #4883 ) ;
#3851 = LINE ( 'NONE', #351, #5140 ) ;
#3852 = ORIENTED_EDGE ( 'NONE', *, *, #5539, .F. ) ;
#3853 = LINE ( 'NONE', #1452, #5058 ) ;
#3854 = CARTESIAN_POINT ( 'NONE',  ( -0.6000000000000262901, 1.844118304745738346, -0.9999999999999913403 ) ) ;
#3855 = FACE_OUTER_BOUND ( 'NONE', #5415, .T. ) ;
#3856 = CARTESIAN_POINT ( 'NONE',  ( -0.7250000000000582645, 1.844118304745738346, -0.3499999999999870992 ) ) ;
#3857 = LINE ( 'NONE', #5738, #2390 ) ;
#3858 = AXIS2_PLACEMENT_3D ( 'NONE', #636, #5164, #524 ) ;
#3859 = EDGE_CURVE ( 'NONE', #25, #3609, #4469, .T. ) ;
#3860 = EDGE_CURVE ( 'NONE', #3306, #4649, #1734, .T. ) ;
#3861 = PLANE ( 'NONE',  #479 ) ;
#3862 = DIRECTION ( 'NONE',  ( 1.000000000000000000, 0.000000000000000000, 0.000000000000000000 ) ) ;
#3863 = DIRECTION ( 'NONE',  ( 0.000000000000000000, 1.000000000000000000, 0.000000000000000000 ) ) ;
#3864 = EDGE_LOOP ( 'NONE', ( #2707, #1213, #4052, #990 ) ) ;
#3865 = LINE ( 'NONE', #4315, #3922 ) ;
#3866 = CARTESIAN_POINT ( 'NONE',  ( -0.9999999999999997780, 0.1000000000000000056, -0.3500000000000004774 ) ) ;
#3867 = FACE_OUTER_BOUND ( 'NONE', #4958, .T. ) ;
#3868 = PLANE ( 'NONE',  #3608 ) ;
#3869 = VECTOR ( 'NONE', #561, 1000.000000000000000 ) ;
#3870 = EDGE_CURVE ( 'NONE', #3219, #4626, #447, .T. ) ;
#3871 = EDGE_CURVE ( 'NONE', #5789, #4740, #1792, .T. ) ;
#3872 = PLANE ( 'NONE',  #1859 ) ;
#3873 = ORIENTED_EDGE ( 'NONE', *, *, #4573, .F. ) ;
#3874 = AXIS2_PLACEMENT_3D ( 'NONE', #5349, #5286, #354 ) ;
#3875 = VERTEX_POINT ( 'NONE', #2224 ) ;
#3876 = CARTESIAN_POINT ( 'NONE',  ( 0.000000000000000000, 0.1000000000000000056, 0.000000000000000000 ) ) ;
#3877 = ORIENTED_EDGE ( 'NONE', *, *, #4091, .F. ) ;
#3878 = VERTEX_POINT ( 'NONE', #4049 ) ;
#3879 = DIRECTION ( 'NONE',  ( 0.000000000000000000, -0.000000000000000000, 1.000000000000000000 ) ) ;
#3880 = ORIENTED_EDGE ( 'NONE', *, *, #3461, .F. ) ;
#3881 = DIRECTION ( 'NONE',  ( 1.000000000000000000, 0.000000000000000000, 0.000000000000000000 ) ) ;
#3882 = ORIENTED_EDGE ( 'NONE', *, *, #5500, .F. ) ;
#3883 = CARTESIAN_POINT ( 'NONE',  ( -0.4999999999999872324, 0.2000000000000000944, 1.099999999999989431 ) ) ;
#3884 = CARTESIAN_POINT ( 'NONE',  ( 0.6250000000000233147, 0.2000000000000000944, 1.224999999999999867 ) ) ;
#3885 = LINE ( 'NONE', #1604, #2105 ) ;
#3886 = LINE ( 'NONE', #1636, #4993 ) ;
#3887 = DIRECTION ( 'NONE',  ( -0.000000000000000000, -1.000000000000000000, -0.000000000000000000 ) ) ;
#3888 = SURFACE_SIDE_STYLE ('',( #5670 ) ) ;
#3889 = VECTOR ( 'NONE', #224, 1000.000000000000000 ) ;
#3890 = DIRECTION ( 'NONE',  ( -0.000000000000000000, -1.000000000000000000, -0.000000000000000000 ) ) ;
#3891 = CARTESIAN_POINT ( 'NONE',  ( -0.9999999999999997780, 0.1000000000000000056, 1.500000000000000000 ) ) ;
#3892 = CARTESIAN_POINT ( 'NONE',  ( 0.9500000000000002887, 0.1000000000000000056, -1.450000000000000178 ) ) ;
#3893 = CIRCLE ( 'NONE', #2952, 0.1250000000000125733 ) ;
#3894 = ORIENTED_EDGE ( 'NONE', *, *, #2363, .F. ) ;
#3895 = CARTESIAN_POINT ( 'NONE',  ( -0.9999999999999997780, 0.1000000000000000056, -1.500000000000000000 ) ) ;
#3896 = EDGE_CURVE ( 'NONE', #490, #5789, #3348, .T. ) ;
#3897 = CARTESIAN_POINT ( 'NONE',  ( -0.9999999999999997780, 1.844118304745738346, -1.250000000000000000 ) ) ;
#3898 = LINE ( 'NONE', #5268, #840 ) ;
#3899 = EDGE_CURVE ( 'NONE', #1705, #3993, #5823, .T. ) ;
#3900 = CARTESIAN_POINT ( 'NONE',  ( -0.9500000000000001776, 0.000000000000000000, 0.000000000000000000 ) ) ;
#3901 = MECHANICAL_DESIGN_GEOMETRIC_PRESENTATION_REPRESENTATION (  '', ( #1599 ), #2960 ) ;
#3902 = ORIENTED_EDGE ( 'NONE', *, *, #3949, .F. ) ;
#3903 = EDGE_CURVE ( 'NONE', #1228, #5831, #2, .T. ) ;
#3904 = ORIENTED_EDGE ( 'NONE', *, *, #5141, .F. ) ;
#3905 = CARTESIAN_POINT ( 'NONE',  ( 0.1250000000000233147, 0.2000000000000000111, 1.224999999999999867 ) ) ;
#3906 = ORIENTED_EDGE ( 'NONE', *, *, #1265, .T. ) ;
#3907 = ORIENTED_EDGE ( 'NONE', *, *, #2797, .T. ) ;
#3908 = EDGE_CURVE ( 'NONE', #5098, #5492, #1344, .T. ) ;
#3909 = CARTESIAN_POINT ( 'NONE',  ( 0.9500000000000002887, 0.1000000000000000056, 0.2999999999999812816 ) ) ;
#3910 = ORIENTED_EDGE ( 'NONE', *, *, #4307, .T. ) ;
#3911 = CARTESIAN_POINT ( 'NONE',  ( 0.7250000000000003109, 0.2000000000000000944, -0.9999999999999831246 ) ) ;
#3912 = AXIS2_PLACEMENT_3D ( 'NONE', #3269, #5171, #5117 ) ;
#3913 = ORIENTED_EDGE ( 'NONE', *, *, #112, .F. ) ;
#3914 = ORIENTED_EDGE ( 'NONE', *, *, #355, .F. ) ;
#3915 = CARTESIAN_POINT ( 'NONE',  ( -0.9500000000000001776, 0.1000000000000000056, 0.3000000000000014322 ) ) ;
#3916 = CARTESIAN_POINT ( 'NONE',  ( 0.9500000000000002887, 0.2000000000000000111, -0.6000000000000220712 ) ) ;
#3917 = VECTOR ( 'NONE', #4244, 1000.000000000000000 ) ;
#3918 = DIRECTION ( 'NONE',  ( 1.000000000000000000, -0.000000000000000000, 4.060829955128110545E-14 ) ) ;
#3919 = DIRECTION ( 'NONE',  ( 1.000000000000000000, 0.000000000000000000, 0.000000000000000000 ) ) ;
#3920 = ORIENTED_EDGE ( 'NONE', *, *, #5369, .F. ) ;
#3921 = VECTOR ( 'NONE', #301, 1000.000000000000000 ) ;
#3922 = VECTOR ( 'NONE', #1863, 1000.000000000000000 ) ;
#3923 = EDGE_CURVE ( 'NONE', #4253, #3772, #1762, .T. ) ;
#3924 = VECTOR ( 'NONE', #960, 1000.000000000000000 ) ;
#3925 = DIRECTION ( 'NONE',  ( -1.075528555105637943E-13, 0.000000000000000000, -1.000000000000000000 ) ) ;
#3926 = CARTESIAN_POINT ( 'NONE',  ( 0.7250000000000003109, 0.2000000000000000111, -1.125000000000000666 ) ) ;
#3927 = DIRECTION ( 'NONE',  ( 1.000000000000000000, 0.000000000000000000, -7.490851373537457304E-14 ) ) ;
#3928 = ORIENTED_EDGE ( 'NONE', *, *, #4031, .T. ) ;
#3929 = FACE_OUTER_BOUND ( 'NONE', #1656, .T. ) ;
#3930 = SURFACE_SIDE_STYLE ('',( #4054 ) ) ;
#3931 = DIRECTION ( 'NONE',  ( 0.000000000000000000, 0.000000000000000000, 1.000000000000000000 ) ) ;
#3932 = CARTESIAN_POINT ( 'NONE',  ( -0.7250000000000410560, 0.2000000000000000944, 0.04999999999998928912 ) ) ;
#3933 = DIRECTION ( 'NONE',  ( 0.000000000000000000, 1.000000000000000000, 0.000000000000000000 ) ) ;
#3934 = ORIENTED_EDGE ( 'NONE', *, *, #4569, .T. ) ;
#3935 = EDGE_CURVE ( 'NONE', #5774, #5794, #4615, .T. ) ;
#3936 = ORIENTED_EDGE ( 'NONE', *, *, #1376, .F. ) ;
#3937 = PLANE ( 'NONE',  #4173 ) ;
#3938 = EDGE_CURVE ( 'NONE', #4902, #3226, #4134, .T. ) ;
#3939 = VECTOR ( 'NONE', #2944, 1000.000000000000000 ) ;
#3940 = ORIENTED_EDGE ( 'NONE', *, *, #1480, .F. ) ;
#3941 = ORIENTED_EDGE ( 'NONE', *, *, #3744, .T. ) ;
#3942 = ORIENTED_EDGE ( 'NONE', *, *, #3979, .F. ) ;
#3943 = LINE ( 'NONE', #1690, #4446 ) ;
#3944 = ORIENTED_EDGE ( 'NONE', *, *, #940, .F. ) ;
#3945 = EDGE_CURVE ( 'NONE', #2665, #2227, #3208, .T. ) ;
#3946 = DIRECTION ( 'NONE',  ( 0.000000000000000000, 1.000000000000000000, 0.000000000000000000 ) ) ;
#3947 = EDGE_CURVE ( 'NONE', #5128, #1131, #3594, .T. ) ;
#3949 = EDGE_CURVE ( 'NONE', #1131, #4395, #1367, .T. ) ;
#3948 = ORIENTED_EDGE ( 'NONE', *, *, #3387, .F. ) ;
#3950 = DIRECTION ( 'NONE',  ( 0.000000000000000000, 0.000000000000000000, 1.000000000000000000 ) ) ;
#3951 = CARTESIAN_POINT ( 'NONE',  ( -0.9500000000000001776, 0.1000000000000000056, 1.450000000000000178 ) ) ;
#3952 = CARTESIAN_POINT ( 'NONE',  ( 0.9500000000000002887, 0.1000000000000000056, -1.000000000000019096 ) ) ;
#3953 = DIRECTION ( 'NONE',  ( 0.000000000000000000, -1.000000000000000000, 0.000000000000000000 ) ) ;
#3954 = VERTEX_POINT ( 'NONE', #56 ) ;
#3955 = DIRECTION ( 'NONE',  ( -0.000000000000000000, -1.000000000000000000, -0.000000000000000000 ) ) ;
#3956 = DIRECTION ( 'NONE',  ( 0.000000000000000000, -0.000000000000000000, 1.000000000000000000 ) ) ;
#3957 = DIRECTION ( 'NONE',  ( -1.000000000000000000, 0.000000000000000000, 3.706000153223781540E-14 ) ) ;
#3958 = ORIENTED_EDGE ( 'NONE', *, *, #1039, .T. ) ;
#3959 = DIRECTION ( 'NONE',  ( 2.168404344971152441E-14, 0.000000000000000000, -1.000000000000000000 ) ) ;
#3960 = VECTOR ( 'NONE', #2265, 1000.000000000000000 ) ;
#3961 = CARTESIAN_POINT ( 'NONE',  ( -0.6000000000000262901, 0.000000000000000000, -1.250000000000022427 ) ) ;
#3962 = FACE_OUTER_BOUND ( 'NONE', #2143, .T. ) ;
#3963 = AXIS2_PLACEMENT_3D ( 'NONE', #4193, #5010, #67 ) ;
#3964 = CARTESIAN_POINT ( 'NONE',  ( -0.7250000000000341727, 0.000000000000000000, 0.8000000000000107025 ) ) ;
#3965 = LINE ( 'NONE', #312, #5875 ) ;
#3966 = VERTEX_POINT ( 'NONE', #5469 ) ;
#3967 = VERTEX_POINT ( 'NONE', #2717 ) ;
#3968 = VECTOR ( 'NONE', #1194, 1000.000000000000000 ) ;
#3969 = CARTESIAN_POINT ( 'NONE',  ( 0.000000000000000000, 0.1000000000000000056, 0.000000000000000000 ) ) ;
#3970 = ORIENTED_EDGE ( 'NONE', *, *, #2757, .T. ) ;
#3971 = AXIS2_PLACEMENT_3D ( 'NONE', #2604, #1713, #2142 ) ;
#3972 = AXIS2_PLACEMENT_3D ( 'NONE', #1005, #1991, #177 ) ;
#3973 = ORIENTED_EDGE ( 'NONE', *, *, #2648, .F. ) ;
#3974 = VERTEX_POINT ( 'NONE', #4527 ) ;
#3975 = ORIENTED_EDGE ( 'NONE', *, *, #5181, .F. ) ;
#3976 = CARTESIAN_POINT ( 'NONE',  ( -0.9999999999999997780, 0.1000000000000000056, -1.500000000000000000 ) ) ;
#3977 = VERTEX_POINT ( 'NONE', #5024 ) ;
#3978 = EDGE_CURVE ( 'NONE', #3678, #2180, #1895, .T. ) ;
#3979 = EDGE_CURVE ( 'NONE', #1929, #3656, #4583, .T. ) ;
#3980 = DIRECTION ( 'NONE',  ( 0.000000000000000000, -0.000000000000000000, 1.000000000000000000 ) ) ;
#3981 = ADVANCED_FACE ( 'NONE', ( #1425 ), #5494, .F. ) ;
#3982 = EDGE_LOOP ( 'NONE', ( #5540, #876, #358, #1386, #1533, #2209 ) ) ;
#3983 = CARTESIAN_POINT ( 'NONE',  ( -0.7250000000000367262, 1.844118304745738346, -0.4749999999999977573 ) ) ;
#3984 = DIRECTION ( 'NONE',  ( 0.000000000000000000, 0.000000000000000000, 1.000000000000000000 ) ) ;
#3985 = DIRECTION ( 'NONE',  ( 0.000000000000000000, 0.000000000000000000, 1.000000000000000000 ) ) ;
#3986 = EDGE_LOOP ( 'NONE', ( #3002, #2044, #5723, #1256, #5909, #2867 ) ) ;
#3987 = ADVANCED_FACE ( 'NONE', ( #895 ), #2744, .F. ) ;
#3988 = EDGE_CURVE ( 'NONE', #5283, #4545, #3699, .T. ) ;
#3989 = PRESENTATION_STYLE_ASSIGNMENT (( #1576 ) ) ;
#3990 = DIRECTION ( 'NONE',  ( 0.000000000000000000, 0.000000000000000000, -1.000000000000000000 ) ) ;
#3991 = CARTESIAN_POINT ( 'NONE',  ( -0.9500000000000001776, 0.1000000000000000056, -1.450000000000000178 ) ) ;
#3992 = DIRECTION ( 'NONE',  ( 0.000000000000000000, 0.000000000000000000, -1.000000000000000000 ) ) ;
#3993 = VERTEX_POINT ( 'NONE', #3265 ) ;
#3994 = CARTESIAN_POINT ( 'NONE',  ( 1.000000000000000222, 0.1000000000000000056, -1.500000000000000000 ) ) ;
#3995 = AXIS2_PLACEMENT_3D ( 'NONE', #1280, #5437, #2684 ) ;
#3996 = DIRECTION ( 'NONE',  ( -1.971276677246371272E-16, -0.000000000000000000, -1.000000000000000000 ) ) ;
#3997 = DIRECTION ( 'NONE',  ( -1.971276677246371519E-16, 0.000000000000000000, -1.000000000000000000 ) ) ;
#3998 = CIRCLE ( 'NONE', #4654, 0.1250000000000001110 ) ;
#3999 = CARTESIAN_POINT ( 'NONE',  ( -0.7250000000000410560, 1.844118304745738346, 0.04999999999998928912 ) ) ;
#4000 = PRODUCT ( 'LMR36015FSC3RNXTQ1', 'LMR36015FSC3RNXTQ1', '', ( #2899 ) ) ;
#4001 = LINE ( 'NONE', #4952, #5200 ) ;
#4002 = ORIENTED_EDGE ( 'NONE', *, *, #1821, .T. ) ;
#4003 = VECTOR ( 'NONE', #4393, 1000.000000000000000 ) ;
#4004 = ORIENTED_EDGE ( 'NONE', *, *, #3763, .T. ) ;
#4005 = CARTESIAN_POINT ( 'NONE',  ( 0.9500000000000002887, 0.05000000000000000278, -1.450000000000000178 ) ) ;
#4006 = EDGE_LOOP ( 'NONE', ( #1836, #5282, #4245, #5914 ) ) ;
#4007 = ORIENTED_EDGE ( 'NONE', *, *, #3010, .F. ) ;
#4008 = ORIENTED_EDGE ( 'NONE', *, *, #2642, .F. ) ;
#4009 = PRESENTATION_STYLE_ASSIGNMENT (( #19 ) ) ;
#4010 = VERTEX_POINT ( 'NONE', #4498 ) ;
#4011 = DIRECTION ( 'NONE',  ( 0.000000000000000000, -1.000000000000000000, 0.000000000000000000 ) ) ;
#4012 = FACE_OUTER_BOUND ( 'NONE', #3864, .T. ) ;
#4013 = DIRECTION ( 'NONE',  ( -0.000000000000000000, 0.000000000000000000, 1.000000000000000000 ) ) ;
#4014 = ORIENTED_EDGE ( 'NONE', *, *, #3617, .T. ) ;
#4015 = EDGE_CURVE ( 'NONE', #2272, #4612, #5551, .T. ) ;
#4016 = CARTESIAN_POINT ( 'NONE',  ( 0.7250000000000003109, 0.04999999999999999584, -1.125000000000000666 ) ) ;
#4017 = VECTOR ( 'NONE', #2489, 1000.000000000000000 ) ;
#4018 = EDGE_CURVE ( 'NONE', #3064, #2743, #4665, .T. ) ;
#4019 = PLANE ( 'NONE',  #2007 ) ;
#4020 = CARTESIAN_POINT ( 'NONE',  ( -0.6249999999999977796, 0.04999999999999999584, 1.224999999999999867 ) ) ;
#4021 = DIRECTION ( 'NONE',  ( 0.000000000000000000, 0.000000000000000000, -1.000000000000000000 ) ) ;
#4022 = ORIENTED_EDGE ( 'NONE', *, *, #878, .T. ) ;
#4023 = PRESENTATION_LAYER_ASSIGNMENT (  '', '', ( #1994 ) ) ;
#4024 = PLANE ( 'NONE',  #3343 ) ;
#4025 = AXIS2_PLACEMENT_3D ( 'NONE', #3675, #4109, #478 ) ;
#4026 = PRESENTATION_STYLE_ASSIGNMENT (( #4409 ) ) ;
#4027 = CARTESIAN_POINT ( 'NONE',  ( 0.9999999999999997780, 0.1000000000000000056, 1.500000000000000000 ) ) ;
#4028 = ORIENTED_EDGE ( 'NONE', *, *, #2948, .F. ) ;
#4029 = VECTOR ( 'NONE', #3812, 1000.000000000000000 ) ;
#4030 = VECTOR ( 'NONE', #5358, 1000.000000000000000 ) ;
#4031 = EDGE_CURVE ( 'NONE', #3811, #5824, #4185, .T. ) ;
#4032 = DIRECTION ( 'NONE',  ( 0.000000000000000000, 1.000000000000000000, 0.000000000000000000 ) ) ;
#4033 = PLANE ( 'NONE',  #1284 ) ;
#4034 = ORIENTED_EDGE ( 'NONE', *, *, #1107, .T. ) ;
#4035 = VECTOR ( 'NONE', #3162, 1000.000000000000000 ) ;
#4036 = VERTEX_POINT ( 'NONE', #579 ) ;
#4037 = DIRECTION ( 'NONE',  ( -0.000000000000000000, -1.000000000000000000, -0.000000000000000000 ) ) ;
#4038 = ORIENTED_EDGE ( 'NONE', *, *, #5406, .F. ) ;
#4039 = ORIENTED_EDGE ( 'NONE', *, *, #5370, .T. ) ;
#4040 = UNCERTAINTY_MEASURE_WITH_UNIT (LENGTH_MEASURE( 1.000000000000000082E-05 ), #3285, 'distance_accuracy_value', 'NONE');
#4041 = DIRECTION ( 'NONE',  ( 0.000000000000000000, 1.000000000000000000, 0.000000000000000000 ) ) ;
#4042 = VECTOR ( 'NONE', #3762, 1000.000000000000000 ) ;
#4043 = LINE ( 'NONE', #3156, #4783 ) ;
#4044 = CARTESIAN_POINT ( 'NONE',  ( 0.5000000000000127676, 0.2000000000000000944, 1.224999999999999867 ) ) ;
#4045 = LINE ( 'NONE', #3590, #38 ) ;
#4046 = VERTEX_POINT ( 'NONE', #5581 ) ;
#4047 = VECTOR ( 'NONE', #4749, 1000.000000000000000 ) ;
#4048 = DIRECTION ( 'NONE',  ( 1.000000000000000000, -0.000000000000000000, 4.060829955128110545E-14 ) ) ;
#4049 = CARTESIAN_POINT ( 'NONE',  ( -0.3749999999999766853, 0.2000000000000000944, 1.224999999999999867 ) ) ;
#4050 = DIRECTION ( 'NONE',  ( 0.000000000000000000, 1.000000000000000000, 0.000000000000000000 ) ) ;
#4051 = FACE_OUTER_BOUND ( 'NONE', #4384, .T. ) ;
#4052 = ORIENTED_EDGE ( 'NONE', *, *, #355, .T. ) ;
#4053 = DIRECTION ( 'NONE',  ( -1.000000000000000000, 0.000000000000000000, -0.000000000000000000 ) ) ;
#4054 = SURFACE_STYLE_FILL_AREA ( #4475 ) ;
#4055 = VERTEX_POINT ( 'NONE', #206 ) ;
#4056 = ADVANCED_FACE ( 'NONE', ( #142 ), #3345, .T. ) ;
#4057 = EDGE_CURVE ( 'NONE', #3422, #4105, #5194, .T. ) ;
#4058 = CARTESIAN_POINT ( 'NONE',  ( 1.000000000000005329, 0.2000000000000000111, -0.3500000000000227929 ) ) ;
#4059 = CARTESIAN_POINT ( 'NONE',  ( -0.6249999999999977796, 0.1000000000000000056, 1.500000000000000000 ) ) ;
#4060 = CIRCLE ( 'NONE', #809, 0.1250000000000175138 ) ;
#4061 = VERTEX_POINT ( 'NONE', #2024 ) ;
#4062 = EDGE_CURVE ( 'NONE', #3527, #256, #1031, .T. ) ;
#4063 = ADVANCED_FACE ( 'NONE', ( #1959 ), #3404, .F. ) ;
#4064 = PLANE ( 'NONE',  #1972 ) ;
#4065 = VERTEX_POINT ( 'NONE', #978 ) ;
#4066 = CARTESIAN_POINT ( 'NONE',  ( -0.7250000000000392797, 0.2000000000000000944, 0.5499999999999892752 ) ) ;
#4067 = EDGE_LOOP ( 'NONE', ( #4411, #4606, #2585, #4989, #4457, #4222 ) ) ;
#4068 = ORIENTED_EDGE ( 'NONE', *, *, #4664, .T. ) ;
#4069 =( NAMED_UNIT ( * ) SI_UNIT ( $, .STERADIAN. ) SOLID_ANGLE_UNIT ( ) );
#4070 = EDGE_LOOP ( 'NONE', ( #3745, #1982, #1691, #1418 ) ) ;
#4071 = VECTOR ( 'NONE', #1973, 1000.000000000000000 ) ;
#4072 = AXIS2_PLACEMENT_3D ( 'NONE', #5357, #4914, #5838 ) ;
#4073 = CARTESIAN_POINT ( 'NONE',  ( -1.000000000000006439, 0.2000000000000000944, -0.6000000000000005329 ) ) ;
#4074 = CARTESIAN_POINT ( 'NONE',  ( 0.7250000000000069722, 0.2000000000000000111, -0.4750000000000005884 ) ) ;
#4075 = ORIENTED_EDGE ( 'NONE', *, *, #1949, .T. ) ;
#4076 = ORIENTED_EDGE ( 'NONE', *, *, #4503, .T. ) ;
#4077 = DIRECTION ( 'NONE',  ( -1.000000000000000000, 0.000000000000000000, 0.000000000000000000 ) ) ;
#4078 = CARTESIAN_POINT ( 'NONE',  ( 0.7250000000000490497, 0.2000000000000000111, 0.1749999999999849454 ) ) ;
#4079 = LINE ( 'NONE', #5413, #819 ) ;
#4080 = CARTESIAN_POINT ( 'NONE',  ( 0.9500000000000002887, 0.05000000000000000278, -0.6000000000000230704 ) ) ;
#4081 = ORIENTED_EDGE ( 'NONE', *, *, #3483, .T. ) ;
#4082 = DIRECTION ( 'NONE',  ( 0.000000000000000000, 1.000000000000000000, 0.000000000000000000 ) ) ;
#4083 = DIRECTION ( 'NONE',  ( 0.000000000000000000, 1.000000000000000000, 0.000000000000000000 ) ) ;
#4084 = VERTEX_POINT ( 'NONE', #1481 ) ;
#4085 = ADVANCED_FACE ( 'NONE', ( #3316 ), #1990, .F. ) ;
#4086 = CARTESIAN_POINT ( 'NONE',  ( 0.1249999999999929501, 0.1000000000000000056, -1.500000000000000000 ) ) ;
#4087 = DIRECTION ( 'NONE',  ( -1.000000000000000000, 0.000000000000000000, -0.000000000000000000 ) ) ;
#4088 = EDGE_CURVE ( 'NONE', #1563, #3656, #3853, .T. ) ;
#4089 = DIRECTION ( 'NONE',  ( -1.000000000000000000, 0.000000000000000000, 8.121659910255104064E-14 ) ) ;
#4090 = LINE ( 'NONE', #1888, #455 ) ;
#4091 = EDGE_CURVE ( 'NONE', #4010, #340, #2453, .T. ) ;
#4092 = VECTOR ( 'NONE', #4145, 1000.000000000000000 ) ;
#4093 = CARTESIAN_POINT ( 'NONE',  ( -0.9500000000000001776, 0.1000000000000000056, 1.450000000000000178 ) ) ;
#4094 = VECTOR ( 'NONE', #4581, 1000.000000000000000 ) ;
#4095 = VERTEX_POINT ( 'NONE', #176 ) ;
#4096 = EDGE_LOOP ( 'NONE', ( #5548, #4932, #1110, #4516 ) ) ;
#4097 = UNCERTAINTY_MEASURE_WITH_UNIT (LENGTH_MEASURE( 1.000000000000000082E-05 ), #2034, 'distance_accuracy_value', 'NONE');
#4098 = CARTESIAN_POINT ( 'NONE',  ( 0.7250000000000003109, 0.000000000000000000, -1.125000000000000666 ) ) ;
#4099 = ORIENTED_EDGE ( 'NONE', *, *, #544, .T. ) ;
#4100 =( GEOMETRIC_REPRESENTATION_CONTEXT ( 3 ) GLOBAL_UNCERTAINTY_ASSIGNED_CONTEXT ( ( #3202 ) ) GLOBAL_UNIT_ASSIGNED_CONTEXT ( ( #3127, #860, #4069 ) ) REPRESENTATION_CONTEXT ( 'NONE', 'WORKASPACE' ) );
#4101 = EDGE_CURVE ( 'NONE', #5856, #3993, #1542, .T. ) ;
#4102 = DIRECTION ( 'NONE',  ( 0.000000000000000000, 0.000000000000000000, 1.000000000000000000 ) ) ;
#4103 = VECTOR ( 'NONE', #1134, 1000.000000000000000 ) ;
#4104 = DIRECTION ( 'NONE',  ( 0.000000000000000000, -1.000000000000000000, 0.000000000000000000 ) ) ;
#4105 = VERTEX_POINT ( 'NONE', #2392 ) ;
#4106 = ORIENTED_EDGE ( 'NONE', *, *, #4350, .F. ) ;
#4107 = DIRECTION ( 'NONE',  ( 0.000000000000000000, 0.000000000000000000, -1.000000000000000000 ) ) ;
#4108 = DIRECTION ( 'NONE',  ( -0.000000000000000000, 0.000000000000000000, 1.000000000000000000 ) ) ;
#4109 = DIRECTION ( 'NONE',  ( 0.000000000000000000, -1.000000000000000000, 0.000000000000000000 ) ) ;
#4110 = ORIENTED_EDGE ( 'NONE', *, *, #2303, .F. ) ;
#4111 = DIRECTION ( 'NONE',  ( 0.000000000000000000, -0.000000000000000000, 1.000000000000000000 ) ) ;
#4112 = EDGE_CURVE ( 'NONE', #1538, #4681, #4755, .T. ) ;
#4113 = ORIENTED_EDGE ( 'NONE', *, *, #2999, .F. ) ;
#4114 = VERTEX_POINT ( 'NONE', #5636 ) ;
#4115 = MECHANICAL_DESIGN_GEOMETRIC_PRESENTATION_REPRESENTATION (  '', ( #5526 ), #4590 ) ;
#4116 = DIRECTION ( 'NONE',  ( 0.000000000000000000, -1.000000000000000000, 0.000000000000000000 ) ) ;
#4117 = CARTESIAN_POINT ( 'NONE',  ( -0.1249999999999977240, 0.2000000000000000111, 1.500000000000000000 ) ) ;
#4118 = VECTOR ( 'NONE', #931, 1000.000000000000000 ) ;
#4119 = DIRECTION ( 'NONE',  ( -0.000000000000000000, -1.000000000000000000, -0.000000000000000000 ) ) ;
#4120 = DIRECTION ( 'NONE',  ( -1.000000000000000000, 0.000000000000000000, 0.000000000000000000 ) ) ;
#4121 = VECTOR ( 'NONE', #4994, 1000.000000000000000 ) ;
#4122 = AXIS2_PLACEMENT_3D ( 'NONE', #367, #3510, #5298 ) ;
#4123 = ORIENTED_EDGE ( 'NONE', *, *, #1357, .F. ) ;
#4124 = VERTEX_POINT ( 'NONE', #3376 ) ;
#4125 = EDGE_CURVE ( 'NONE', #4344, #2227, #642, .T. ) ;
#4126 = VERTEX_POINT ( 'NONE', #3291 ) ;
#4127 = LINE ( 'NONE', #3205, #1860 ) ;
#4128 = CARTESIAN_POINT ( 'NONE',  ( -0.6999999999999998446, 0.9000000000000000222, -1.200000000000000178 ) ) ;
#4129 = CARTESIAN_POINT ( 'NONE',  ( 0.9500000000000002887, 0.1000000000000000056, 0.7999999999999810596 ) ) ;
#4130 = VERTEX_POINT ( 'NONE', #5665 ) ;
#4131 = FACE_BOUND ( 'NONE', #319, .T. ) ;
#4132 = EDGE_CURVE ( 'NONE', #4190, #313, #2204, .T. ) ;
#4133 = EDGE_CURVE ( 'NONE', #5625, #5620, #1572, .T. ) ;
#4134 = LINE ( 'NONE', #1846, #196 ) ;
#4135 = DIRECTION ( 'NONE',  ( 1.000000000000000000, -0.000000000000000000, 0.000000000000000000 ) ) ;
#4136 = PLANE ( 'NONE',  #4980 ) ;
#4137 = AXIS2_PLACEMENT_3D ( 'NONE', #1868, #3694, #1786 ) ;
#4138 = CARTESIAN_POINT ( 'NONE',  ( -1.000000000000006439, 1.844118304745738346, -0.3500000000000004774 ) ) ;
#4139 = ORIENTED_EDGE ( 'NONE', *, *, #2827, .T. ) ;
#4140 = VERTEX_POINT ( 'NONE', #5113 ) ;
#4141 = CARTESIAN_POINT ( 'NONE',  ( -0.6249999999999977796, 0.05000000000000000278, 0.000000000000000000 ) ) ;
#4142 = DIRECTION ( 'NONE',  ( 0.000000000000000000, 1.000000000000000000, 0.000000000000000000 ) ) ;
#4143 = AXIS2_PLACEMENT_3D ( 'NONE', #3384, #5175, #690 ) ;
#4144 = PLANE ( 'NONE',  #595 ) ;
#4145 = DIRECTION ( 'NONE',  ( 0.000000000000000000, -1.000000000000000000, 0.000000000000000000 ) ) ;
#4146 = ORIENTED_EDGE ( 'NONE', *, *, #426, .F. ) ;
#4147 = CARTESIAN_POINT ( 'NONE',  ( 0.5000000000000127676, 0.000000000000000000, 1.099999999999989431 ) ) ;
#4148 = VERTEX_POINT ( 'NONE', #3915 ) ;
#4149 = VECTOR ( 'NONE', #2849, 1000.000000000000000 ) ;
#4150 = ORIENTED_EDGE ( 'NONE', *, *, #1112, .F. ) ;
#4151 = DIRECTION ( 'NONE',  ( 0.000000000000000000, -1.000000000000000000, 0.000000000000000000 ) ) ;
#4152 = ADVANCED_FACE ( 'NONE', ( #265 ), #743, .F. ) ;
#4153 = ADVANCED_FACE ( 'NONE', ( #3607 ), #4786, .T. ) ;
#4154 = DIRECTION ( 'NONE',  ( 0.000000000000000000, 0.000000000000000000, 1.000000000000000000 ) ) ;
#4155 = ORIENTED_EDGE ( 'NONE', *, *, #1171, .T. ) ;
#4156 = ORIENTED_EDGE ( 'NONE', *, *, #2678, .F. ) ;
#4157 = CARTESIAN_POINT ( 'NONE',  ( -0.1249999999999977240, 0.1000000000000000056, 1.450000000000000178 ) ) ;
#4158 = VECTOR ( 'NONE', #2561, 1000.000000000000000 ) ;
#4159 = EDGE_CURVE ( 'NONE', #4653, #4709, #2268, .T. ) ;
#4160 = DIRECTION ( 'NONE',  ( -0.000000000000000000, -1.000000000000000000, -0.000000000000000000 ) ) ;
#4161 = DIRECTION ( 'NONE',  ( -6.741766236183528432E-14, 0.000000000000000000, 1.000000000000000000 ) ) ;
#4162 = PLANE ( 'NONE',  #663 ) ;
#4163 = VECTOR ( 'NONE', #1695, 1000.000000000000000 ) ;
#4164 = EDGE_CURVE ( 'NONE', #5886, #2080, #3149, .T. ) ;
#4165 = CARTESIAN_POINT ( 'NONE',  ( -0.7250000000000341727, 0.1000000000000000472, 0.8000000000000107025 ) ) ;
#4166 = ORIENTED_EDGE ( 'NONE', *, *, #3923, .F. ) ;
#4167 = CARTESIAN_POINT ( 'NONE',  ( 0.7250000000000509370, 0.2000000000000000111, -0.3500000000000021982 ) ) ;
#4168 = CARTESIAN_POINT ( 'NONE',  ( 0.000000000000000000, 0.05000000000000000278, 1.450000000000000178 ) ) ;
#4169 = DIRECTION ( 'NONE',  ( -1.000000000000000000, 0.000000000000000000, 0.000000000000000000 ) ) ;
#4170 = LINE ( 'NONE', #989, #1207 ) ;
#4171 = ORIENTED_EDGE ( 'NONE', *, *, #717, .T. ) ;
#4172 = ORIENTED_EDGE ( 'NONE', *, *, #3938, .T. ) ;
#4173 = AXIS2_PLACEMENT_3D ( 'NONE', #3120, #2211, #4927 ) ;
#4174 = ORIENTED_EDGE ( 'NONE', *, *, #2869, .F. ) ;
#4175 = EDGE_CURVE ( 'NONE', #5541, #4718, #710, .T. ) ;
#4176 = FACE_OUTER_BOUND ( 'NONE', #703, .T. ) ;
#4177 = VERTEX_POINT ( 'NONE', #5285 ) ;
#4178 = VECTOR ( 'NONE', #1070, 1000.000000000000000 ) ;
#4179 = DIRECTION ( 'NONE',  ( 0.000000000000000000, -1.000000000000000000, 0.000000000000000000 ) ) ;
#4180 = LINE ( 'NONE', #4141, #2795 ) ;
#4181 = DIRECTION ( 'NONE',  ( 0.000000000000000000, 0.000000000000000000, 1.000000000000000000 ) ) ;
#4182 = ORIENTED_EDGE ( 'NONE', *, *, #2676, .T. ) ;
#4183 = CARTESIAN_POINT ( 'NONE',  ( 0.7250000000000441647, 0.2000000000000000111, -1.000000000000002220 ) ) ;
#4184 = AXIS2_PLACEMENT_3D ( 'NONE', #4234, #3729, #2851 ) ;
#4185 = LINE ( 'NONE', #3731, #871 ) ;
#4186 = DIRECTION ( 'NONE',  ( -0.000000000000000000, 1.000000000000000000, -0.000000000000000000 ) ) ;
#4187 = CARTESIAN_POINT ( 'NONE',  ( 0.7250000000000069722, 0.2000000000000000111, -0.4750000000000005884 ) ) ;
#4188 = DIRECTION ( 'NONE',  ( 3.706000153223781540E-14, -0.000000000000000000, 1.000000000000000000 ) ) ;
#4189 = DIRECTION ( 'NONE',  ( 0.000000000000000000, -0.000000000000000000, 1.000000000000000000 ) ) ;
#4190 = VERTEX_POINT ( 'NONE', #3883 ) ;
#4191 = CARTESIAN_POINT ( 'NONE',  ( -0.6249999999999977796, 1.844118304745738346, 1.224999999999999867 ) ) ;
#4192 = CARTESIAN_POINT ( 'NONE',  ( 2.436497973077005545E-14, 0.05000000000000000278, 0.3000000000000583311 ) ) ;
#4193 = CARTESIAN_POINT ( 'NONE',  ( -0.7250000000000367262, 0.000000000000000000, -0.4749999999999977573 ) ) ;
#4194 = CARTESIAN_POINT ( 'NONE',  ( -0.9500000000000001776, 0.05000000000000000278, 0.000000000000000000 ) ) ;
#4195 = VECTOR ( 'NONE', #3021, 1000.000000000000000 ) ;
#4196 = AXIS2_PLACEMENT_3D ( 'NONE', #5031, #3195, #905 ) ;
#4197 = EDGE_LOOP ( 'NONE', ( #2720, #1720, #3773, #4207 ) ) ;
#4198 = VERTEX_POINT ( 'NONE', #5732 ) ;
#4199 = AXIS2_PLACEMENT_3D ( 'NONE', #2058, #2909, #178 ) ;
#4200 = CARTESIAN_POINT ( 'NONE',  ( 0.7250000000000171863, 1.844118304745738346, 0.2999999999999994893 ) ) ;
#4201 = ORIENTED_EDGE ( 'NONE', *, *, #5770, .F. ) ;
#4202 = VECTOR ( 'NONE', #1548, 1000.000000000000000 ) ;
#4203 = VECTOR ( 'NONE', #2000, 1000.000000000000000 ) ;
#4204 = CARTESIAN_POINT ( 'NONE',  ( 0.9500000000000002887, 0.1000000000000000056, -1.450000000000000178 ) ) ;
#4205 = ORIENTED_EDGE ( 'NONE', *, *, #2223, .F. ) ;
#4206 = LINE ( 'NONE', #1449, #4149 ) ;
#4207 = ORIENTED_EDGE ( 'NONE', *, *, #5797, .F. ) ;
#4208 = DIRECTION ( 'NONE',  ( 1.000000000000000000, 0.000000000000000000, -8.121659910255104064E-14 ) ) ;
#4209 = DIRECTION ( 'NONE',  ( -0.000000000000000000, -0.000000000000000000, -1.000000000000000000 ) ) ;
#4210 = DIRECTION ( 'NONE',  ( 5.464378949326884918E-14, -0.000000000000000000, -1.000000000000000000 ) ) ;
#4211 = LINE ( 'NONE', #5608, #1423 ) ;
#4212 = CARTESIAN_POINT ( 'NONE',  ( 0.7250000000000189626, 0.04999999999999999584, 0.7999999999999994893 ) ) ;
#4213 = SURFACE_SIDE_STYLE ('',( #533 ) ) ;
#4214 = AXIS2_PLACEMENT_3D ( 'NONE', #2492, #209, #1545 ) ;
#4215 = CARTESIAN_POINT ( 'NONE',  ( 0.1249999999999928529, 0.1000000000000000056, -1.500000000000000000 ) ) ;
#4216 = CARTESIAN_POINT ( 'NONE',  ( -0.1250000000000071332, 0.2000000000000000111, 0.1250000000000001388 ) ) ;
#4217 = DIRECTION ( 'NONE',  ( -1.000000000000000000, 0.000000000000000000, -0.000000000000000000 ) ) ;
#4218 = EDGE_CURVE ( 'NONE', #1568, #317, #4543, .T. ) ;
#4219 = ADVANCED_FACE ( 'NONE', ( #2586 ), #232, .F. ) ;
#4220 = CARTESIAN_POINT ( 'NONE',  ( -0.3749999999999766853, 0.2000000000000000111, 1.224999999999999867 ) ) ;
#4221 = CARTESIAN_POINT ( 'NONE',  ( 0.7250000000000189626, 0.2000000000000000111, 0.7999999999999994893 ) ) ;
#4222 = ORIENTED_EDGE ( 'NONE', *, *, #4891, .F. ) ;
#4223 = EDGE_CURVE ( 'NONE', #2735, #4065, #3263, .T. ) ;
#4224 = EDGE_CURVE ( 'NONE', #2895, #3954, #2088, .T. ) ;
#4225 = VERTEX_POINT ( 'NONE', #1634 ) ;
#4226 = CARTESIAN_POINT ( 'NONE',  ( -0.9999999999999997780, 0.2000000000000000944, -1.250000000000000000 ) ) ;
#4227 = DIRECTION ( 'NONE',  ( 0.000000000000000000, 0.000000000000000000, 1.000000000000000000 ) ) ;
#4228 = VERTEX_POINT ( 'NONE', #1602 ) ;
#4229 = PLANE ( 'NONE',  #1428 ) ;
#4230 = ORIENTED_EDGE ( 'NONE', *, *, #2154, .F. ) ;
#4231 =( NAMED_UNIT ( * ) SI_UNIT ( $, .STERADIAN. ) SOLID_ANGLE_UNIT ( ) );
#4232 = DIRECTION ( 'NONE',  ( 0.000000000000000000, 0.000000000000000000, 1.000000000000000000 ) ) ;
#4233 = ORIENTED_EDGE ( 'NONE', *, *, #1812, .T. ) ;
#4234 = CARTESIAN_POINT ( 'NONE',  ( -0.7250000000000383915, 1.844118304745738346, 0.1750000000000000167 ) ) ;
#4235 = CARTESIAN_POINT ( 'NONE',  ( 4.045059741710697913E-14, 0.05000000000000000278, -0.6000000000000861311 ) ) ;
#4236 = LINE ( 'NONE', #1509, #4639 ) ;
#4237 = PLANE ( 'NONE',  #4975 ) ;
#4238 = EDGE_CURVE ( 'NONE', #846, #4225, #4957, .T. ) ;
#4239 = PLANE ( 'NONE',  #3840 ) ;
#4240 = VECTOR ( 'NONE', #4536, 1000.000000000000000 ) ;
#4241 = CIRCLE ( 'NONE', #599, 0.1250000000000174583 ) ;
#4242 = CARTESIAN_POINT ( 'NONE',  ( -0.6000000000000262901, 0.2000000000000000111, -1.250000000000022427 ) ) ;
#4243 = DIRECTION ( 'NONE',  ( -0.000000000000000000, 1.000000000000000000, -0.000000000000000000 ) ) ;
#4244 = DIRECTION ( 'NONE',  ( -0.000000000000000000, -1.000000000000000000, -0.000000000000000000 ) ) ;
#4245 = ORIENTED_EDGE ( 'NONE', *, *, #4744, .T. ) ;
#4246 = DIRECTION ( 'NONE',  ( 1.000000000000000000, 0.000000000000000000, -7.490851373537456042E-14 ) ) ;
#4247 = CARTESIAN_POINT ( 'NONE',  ( -0.3749999999999766853, 1.844118304745738346, 1.224999999999999867 ) ) ;
#4248 = DIRECTION ( 'NONE',  ( 0.000000000000000000, -0.000000000000000000, 1.000000000000000000 ) ) ;
#4249 = CARTESIAN_POINT ( 'NONE',  ( 0.5000000000000127676, 0.2000000000000000944, 1.224999999999999867 ) ) ;
#4250 = CARTESIAN_POINT ( 'NONE',  ( 1.000000000000000000, 0.1000000000000000056, -0.6000000000000185185 ) ) ;
#4251 = ORIENTED_EDGE ( 'NONE', *, *, #2948, .T. ) ;
#4252 = ADVANCED_FACE ( 'NONE', ( #3469 ), #3436, .T. ) ;
#4253 = VERTEX_POINT ( 'NONE', #4066 ) ;
#4254 = CARTESIAN_POINT ( 'NONE',  ( -0.4999999999999872324, 0.04999999999999999584, 1.224999999999999867 ) ) ;
#4255 = EDGE_CURVE ( 'NONE', #5484, #630, #1778, .T. ) ;
#4256 = ORIENTED_EDGE ( 'NONE', *, *, #4772, .F. ) ;
#4257 = ORIENTED_EDGE ( 'NONE', *, *, #5753, .T. ) ;
#4258 = CARTESIAN_POINT ( 'NONE',  ( 0.9999999999999715783, 0.2000000000000000111, -1.250000000000018652 ) ) ;
#4259 = AXIS2_PLACEMENT_3D ( 'NONE', #4016, #1733, #392 ) ;
#4260 = ORIENTED_EDGE ( 'NONE', *, *, #4493, .F. ) ;
#4261 = DIRECTION ( 'NONE',  ( 0.000000000000000000, 0.000000000000000000, 1.000000000000000000 ) ) ;
#4262 = ORIENTED_EDGE ( 'NONE', *, *, #4224, .T. ) ;
#4263 = LINE ( 'NONE', #5139, #747 ) ;
#4264 = AXIS2_PLACEMENT_3D ( 'NONE', #3579, #4387, #1268 ) ;
#4265 = EDGE_CURVE ( 'NONE', #2235, #1709, #1752, .T. ) ;
#4266 = ORIENTED_EDGE ( 'NONE', *, *, #3546, .T. ) ;
#4267 = DIRECTION ( 'NONE',  ( 0.000000000000000000, -1.000000000000000000, 0.000000000000000000 ) ) ;
#4268 = FACE_OUTER_BOUND ( 'NONE', #495, .T. ) ;
#4269 = FACE_OUTER_BOUND ( 'NONE', #5165, .T. ) ;
#4270 = LINE ( 'NONE', #119, #3837 ) ;
#4271 = VECTOR ( 'NONE', #5300, 1000.000000000000000 ) ;
#4272 =( NAMED_UNIT ( * ) PLANE_ANGLE_UNIT ( ) SI_UNIT ( $, .RADIAN. ) );
#4273 = VECTOR ( 'NONE', #3953, 1000.000000000000000 ) ;
#4274 = VECTOR ( 'NONE', #172, 1000.000000000000000 ) ;
#4275 = EDGE_CURVE ( 'NONE', #4148, #3129, #436, .T. ) ;
#4276 = CARTESIAN_POINT ( 'NONE',  ( -0.6999999999999998446, 0.7999999999999999334, -1.074999999999999956 ) ) ;
#4277 = CARTESIAN_POINT ( 'NONE',  ( 0.7250000000000069722, 0.04999999999999999584, -0.4750000000000005884 ) ) ;
#4278 = CARTESIAN_POINT ( 'NONE',  ( -0.9999999999999997780, 5.405551275463989391, -1.500000000000000000 ) ) ;
#4279 = ORIENTED_EDGE ( 'NONE', *, *, #1995, .F. ) ;
#4280 = EDGE_CURVE ( 'NONE', #4653, #5359, #5854, .T. ) ;
#4281 = DIRECTION ( 'NONE',  ( -1.000000000000000000, 0.000000000000000000, 5.583641188300717653E-14 ) ) ;
#4282 = DIRECTION ( 'NONE',  ( -1.000000000000000000, 0.000000000000000000, 2.917489482324978130E-14 ) ) ;
#4283 = CARTESIAN_POINT ( 'NONE',  ( 0.7250000000000098588, 0.1000000000000000472, -1.250000000000037081 ) ) ;
#4284 = LINE ( 'NONE', #3742, #1016 ) ;
#4285 = CARTESIAN_POINT ( 'NONE',  ( -0.9500000000000001776, 0.000000000000000000, -0.3499999999999870437 ) ) ;
#4286 = ORIENTED_EDGE ( 'NONE', *, *, #1507, .T. ) ;
#4287 = ORIENTED_EDGE ( 'NONE', *, *, #3822, .F. ) ;
#4288 = VECTOR ( 'NONE', #395, 1000.000000000000000 ) ;
#4289 = PLANE ( 'NONE',  #1488 ) ;
#4290 = PRESENTATION_LAYER_ASSIGNMENT (  '', '', ( #5526 ) ) ;
#4291 = ORIENTED_EDGE ( 'NONE', *, *, #1030, .T. ) ;
#4292 = DIRECTION ( 'NONE',  ( -1.000000000000000000, 0.000000000000000000, -2.168404344971152125E-14 ) ) ;
#4293 = ORIENTED_EDGE ( 'NONE', *, *, #3150, .F. ) ;
#4294 = VECTOR ( 'NONE', #3347, 1000.000000000000000 ) ;
#4295 = SURFACE_SIDE_STYLE ('',( #1897 ) ) ;
#4296 = DIRECTION ( 'NONE',  ( 0.000000000000000000, 0.000000000000000000, -1.000000000000000000 ) ) ;
#4297 = ORIENTED_EDGE ( 'NONE', *, *, #5150, .F. ) ;
#4298 = LINE ( 'NONE', #1478, #1697 ) ;
#4299 = AXIS2_PLACEMENT_3D ( 'NONE', #1350, #904, #5900 ) ;
#4300 = AXIS2_PLACEMENT_3D ( 'NONE', #4313, #5233, #722 ) ;
#4301 = ORIENTED_EDGE ( 'NONE', *, *, #1877, .F. ) ;
#4302 = CARTESIAN_POINT ( 'NONE',  ( 0.9500000000000002887, 0.1000000000000000056, -1.450000000000000178 ) ) ;
#4303 = DIRECTION ( 'NONE',  ( 0.000000000000000000, 0.000000000000000000, -1.000000000000000000 ) ) ;
#4304 = FACE_OUTER_BOUND ( 'NONE', #1442, .T. ) ;
#4305 = VECTOR ( 'NONE', #3950, 1000.000000000000000 ) ;
#4306 = PLANE ( 'NONE',  #4614 ) ;
#4307 = EDGE_CURVE ( 'NONE', #900, #5073, #4814, .T. ) ;
#4308 = EDGE_CURVE ( 'NONE', #1625, #3518, #3176, .T. ) ;
#4309 = LINE ( 'NONE', #2029, #4502 ) ;
#4310 = AXIS2_PLACEMENT_3D ( 'NONE', #4044, #5860, #1758 ) ;
#4311 = FACE_OUTER_BOUND ( 'NONE', #3591, .T. ) ;
#4312 = SURFACE_STYLE_USAGE ( .BOTH. , #2497 ) ;
#4313 = CARTESIAN_POINT ( 'NONE',  ( 0.5000000000000127676, 0.000000000000000000, 1.224999999999999867 ) ) ;
#4314 = ORIENTED_EDGE ( 'NONE', *, *, #4598, .F. ) ;
#4315 = CARTESIAN_POINT ( 'NONE',  ( 0.1249999999999928807, 0.2000000000000000111, -1.499999999999999778 ) ) ;
#4316 = FILL_AREA_STYLE ('',( #2038 ) ) ;
#4317 = DIRECTION ( 'NONE',  ( 1.971276677246371272E-16, 0.000000000000000000, 1.000000000000000000 ) ) ;
#4318 = FACE_OUTER_BOUND ( 'NONE', #1002, .T. ) ;
#4319 = VECTOR ( 'NONE', #2652, 1000.000000000000000 ) ;
#4320 = LINE ( 'NONE', #5271, #140 ) ;
#4321 = ORIENTED_EDGE ( 'NONE', *, *, #1246, .F. ) ;
#4322 = ORIENTED_EDGE ( 'NONE', *, *, #1528, .T. ) ;
#4323 = DIRECTION ( 'NONE',  ( 1.000000000000000000, 0.000000000000000000, -0.000000000000000000 ) ) ;
#4324 = ORIENTED_EDGE ( 'NONE', *, *, #2199, .F. ) ;
#4325 = ORIENTED_EDGE ( 'NONE', *, *, #3979, .T. ) ;
#4326 = DIRECTION ( 'NONE',  ( 0.000000000000000000, 0.000000000000000000, 1.000000000000000000 ) ) ;
#4327 = ORIENTED_EDGE ( 'NONE', *, *, #1949, .F. ) ;
#4328 = DIRECTION ( 'NONE',  ( 1.000000000000000000, 0.000000000000000000, 0.000000000000000000 ) ) ;
#4329 = EDGE_CURVE ( 'NONE', #313, #1535, #3199, .T. ) ;
#4330 = ORIENTED_EDGE ( 'NONE', *, *, #1299, .T. ) ;
#4331 = ADVANCED_FACE ( 'NONE', ( #3635 ), #1712, .T. ) ;
#4332 = DIRECTION ( 'NONE',  ( -1.000000000000000000, 0.000000000000000000, 0.000000000000000000 ) ) ;
#4333 = DIRECTION ( 'NONE',  ( -1.000000000000000000, 0.000000000000000000, 7.490851373537457304E-14 ) ) ;
#4334 = DIRECTION ( 'NONE',  ( 0.000000000000000000, -1.000000000000000000, 0.000000000000000000 ) ) ;
#4335 = DIRECTION ( 'NONE',  ( 0.000000000000000000, 0.000000000000000000, 1.000000000000000000 ) ) ;
#4336 = LINE ( 'NONE', #1698, #5138 ) ;
#4337 = EDGE_CURVE ( 'NONE', #2087, #25, #3056, .T. ) ;
#4338 = DIRECTION ( 'NONE',  ( 0.000000000000000000, 0.000000000000000000, -1.000000000000000000 ) ) ;
#4339 = AXIS2_PLACEMENT_3D ( 'NONE', #891, #1787, #1339 ) ;
#4340 = ADVANCED_FACE ( 'NONE', ( #1201 ), #5782, .F. ) ;
#4341 = CARTESIAN_POINT ( 'NONE',  ( 0.3750000000000022760, 0.2000000000000000111, 1.224999999999999867 ) ) ;
#4342 = CARTESIAN_POINT ( 'NONE',  ( 0.9500000000000002887, 0.2000000000000000111, -1.250000000000021982 ) ) ;
#4343 = DIRECTION ( 'NONE',  ( -0.000000000000000000, 1.000000000000000000, -0.000000000000000000 ) ) ;
#4344 = VERTEX_POINT ( 'NONE', #342 ) ;
#4345 = DIRECTION ( 'NONE',  ( -0.000000000000000000, 1.000000000000000000, 0.000000000000000000 ) ) ;
#4346 = CARTESIAN_POINT ( 'NONE',  ( -0.9500000000000001776, 0.2000000000000000111, 0.04999999999999762967 ) ) ;
#4347 = CARTESIAN_POINT ( 'NONE',  ( 0.9500000000000002887, 0.1000000000000000056, -1.450000000000000178 ) ) ;
#4348 = AXIS2_PLACEMENT_3D ( 'NONE', #281, #623, #1046 ) ;
#4349 = COLOUR_RGB ( '',0.7921568627450980005, 0.8196078431372548767, 0.9333333333333333481 ) ;
#4350 = EDGE_CURVE ( 'NONE', #2356, #2380, #188, .T. ) ;
#4351 = LINE ( 'NONE', #252, #4830 ) ;
#4352 = ORIENTED_EDGE ( 'NONE', *, *, #185, .F. ) ;
#4353 = VECTOR ( 'NONE', #3130, 1000.000000000000000 ) ;
#4354 = EDGE_LOOP ( 'NONE', ( #4553, #3748, #4748, #3111, #4780, #5792 ) ) ;
#4355 = LINE ( 'NONE', #5126, #3889 ) ;
#4356 = VERTEX_POINT ( 'NONE', #1263 ) ;
#4357 = VERTEX_POINT ( 'NONE', #1232 ) ;
#4358 = CARTESIAN_POINT ( 'NONE',  ( 0.7250000000000508260, 0.2000000000000000944, 0.6749999999999849454 ) ) ;
#4359 = ORIENTED_EDGE ( 'NONE', *, *, #3214, .F. ) ;
#4360 = DIRECTION ( 'NONE',  ( 0.000000000000000000, 1.000000000000000000, 0.000000000000000000 ) ) ;
#4361 = ORIENTED_EDGE ( 'NONE', *, *, #3467, .F. ) ;
#4362 = DIRECTION ( 'NONE',  ( -1.000000000000000000, 0.000000000000000000, 0.000000000000000000 ) ) ;
#4363 = CARTESIAN_POINT ( 'NONE',  ( 0.000000000000000000, 0.05000000000000000278, 0.1250000000000001388 ) ) ;
#4364 = DIRECTION ( 'NONE',  ( 0.000000000000000000, -1.000000000000000000, 0.000000000000000000 ) ) ;
#4365 = DIRECTION ( 'NONE',  ( -1.000000000000000000, 0.000000000000000000, -1.182766006347908897E-15 ) ) ;
#4366 = ORIENTED_EDGE ( 'NONE', *, *, #640, .F. ) ;
#4367 = CARTESIAN_POINT ( 'NONE',  ( -0.6000000000000262901, 0.1000000000000000056, -0.9999999999999913403 ) ) ;
#4368 = ORIENTED_EDGE ( 'NONE', *, *, #5720, .T. ) ;
#4369 = LINE ( 'NONE', #5261, #2596 ) ;
#4370 = VECTOR ( 'NONE', #4513, 1000.000000000000000 ) ;
#4371 = CARTESIAN_POINT ( 'NONE',  ( -0.1250000000000071332, 0.2000000000000000111, 0.1250000000000001388 ) ) ;
#4372 = PLANE ( 'NONE',  #5015 ) ;
#4373 = DIRECTION ( 'NONE',  ( -1.000000000000000000, 0.000000000000000000, 0.000000000000000000 ) ) ;
#4374 = VECTOR ( 'NONE', #5179, 1000.000000000000000 ) ;
#4375 = VERTEX_POINT ( 'NONE', #851 ) ;
#4376 = CARTESIAN_POINT ( 'NONE',  ( -0.4999999999999872324, 0.2000000000000000111, 1.224999999999999867 ) ) ;
#4377 = FILL_AREA_STYLE_COLOUR ( '', #3420 ) ;
#4378 = DIRECTION ( 'NONE',  ( 0.000000000000000000, 0.000000000000000000, -1.000000000000000000 ) ) ;
#4379 =( GEOMETRIC_REPRESENTATION_CONTEXT ( 3 ) GLOBAL_UNCERTAINTY_ASSIGNED_CONTEXT ( ( #4934 ) ) GLOBAL_UNIT_ASSIGNED_CONTEXT ( ( #2244, #3227, #5857 ) ) REPRESENTATION_CONTEXT ( 'NONE', 'WORKASPACE' ) );
#4380 = DIRECTION ( 'NONE',  ( 1.000000000000000000, -0.000000000000000000, 4.060829955128110545E-14 ) ) ;
#4381 = LINE ( 'NONE', #2959, #4071 ) ;
#4382 = AXIS2_PLACEMENT_3D ( 'NONE', #3801, #1941, #3834 ) ;
#4383 = ORIENTED_EDGE ( 'NONE', *, *, #2557, .T. ) ;
#4384 = EDGE_LOOP ( 'NONE', ( #45, #1927, #1273, #1766 ) ) ;
#4385 = EDGE_CURVE ( 'NONE', #4460, #4740, #3335, .T. ) ;
#4386 = EDGE_CURVE ( 'NONE', #4105, #2178, #4774, .T. ) ;
#4387 = DIRECTION ( 'NONE',  ( 1.000000000000000000, 0.000000000000000000, -0.000000000000000000 ) ) ;
#4388 = ORIENTED_EDGE ( 'NONE', *, *, #1445, .T. ) ;
#4389 = VERTEX_POINT ( 'NONE', #728 ) ;
#4390 = ORIENTED_EDGE ( 'NONE', *, *, #391, .T. ) ;
#4391 = CARTESIAN_POINT ( 'NONE',  ( 1.000000000000017097, 0.2000000000000000944, 0.7999999999999771738 ) ) ;
#4392 = EDGE_LOOP ( 'NONE', ( #453, #1835, #1210, #438 ) ) ;
#4393 = DIRECTION ( 'NONE',  ( -1.000000000000000000, -0.000000000000000000, -6.702340702638594572E-14 ) ) ;
#4394 = CIRCLE ( 'NONE', #2099, 0.1250000000000105194 ) ;
#4395 = VERTEX_POINT ( 'NONE', #825 ) ;
#4396 = DIRECTION ( 'NONE',  ( 0.000000000000000000, 0.000000000000000000, 1.000000000000000000 ) ) ;
#4397 = DIRECTION ( 'NONE',  ( 0.000000000000000000, -1.000000000000000000, 0.000000000000000000 ) ) ;
#4398 = CARTESIAN_POINT ( 'NONE',  ( 0.9500000000000002887, 1.844118304745738346, 0.2999999999999812261 ) ) ;
#4399 = CARTESIAN_POINT ( 'NONE',  ( 0.1250000000000233147, 0.1000000000000000056, 1.500000000000000000 ) ) ;
#4400 = ORIENTED_EDGE ( 'NONE', *, *, #2757, .F. ) ;
#4401 = CARTESIAN_POINT ( 'NONE',  ( 0.6250000000000233147, 0.000000000000000000, 1.224999999999999867 ) ) ;
#4402 = AXIS2_PLACEMENT_3D ( 'NONE', #2597, #3051, #1287 ) ;
#4403 = VECTOR ( 'NONE', #842, 1000.000000000000000 ) ;
#4404 = DIRECTION ( 'NONE',  ( 1.000000000000000000, 0.000000000000000000, -7.490851373537457304E-14 ) ) ;
#4405 = CYLINDRICAL_SURFACE ( 'NONE', #4072, 0.1250000000000174583 ) ;
#4406 = DIRECTION ( 'NONE',  ( 0.000000000000000000, 1.000000000000000000, 0.000000000000000000 ) ) ;
#4407 = EDGE_LOOP ( 'NONE', ( #3100, #525, #1472, #1239 ) ) ;
#4408 = FACE_OUTER_BOUND ( 'NONE', #5731, .T. ) ;
#4409 = SURFACE_STYLE_USAGE ( .BOTH. , #2101 ) ;
#4410 = DIRECTION ( 'NONE',  ( 1.000000000000000000, -0.000000000000000000, 0.000000000000000000 ) ) ;
#4411 = ORIENTED_EDGE ( 'NONE', *, *, #4534, .T. ) ;
#4412 = LINE ( 'NONE', #3999, #2698 ) ;
#4413 = CARTESIAN_POINT ( 'NONE',  ( -0.9999999999999997780, 5.405551275463989391, 1.500000000000000000 ) ) ;
#4414 = EDGE_CURVE ( 'NONE', #3063, #245, #3086, .T. ) ;
#4415 = EDGE_CURVE ( 'NONE', #2013, #5475, #4892, .T. ) ;
#4416 = ORIENTED_EDGE ( 'NONE', *, *, #964, .T. ) ;
#4417 = ORIENTED_EDGE ( 'NONE', *, *, #2920, .F. ) ;
#4418 = CARTESIAN_POINT ( 'NONE',  ( -0.1249999999999977240, 0.1000000000000000056, 1.500000000000000000 ) ) ;
#4419 = ORIENTED_EDGE ( 'NONE', *, *, #593, .F. ) ;
#4420 = EDGE_CURVE ( 'NONE', #4484, #1360, #4412, .T. ) ;
#4421 = CIRCLE ( 'NONE', #21, 0.1250000000000001110 ) ;
#4422 = EDGE_CURVE ( 'NONE', #2144, #4130, #950, .T. ) ;
#4423 = ORIENTED_EDGE ( 'NONE', *, *, #2758, .T. ) ;
#4424 = EDGE_CURVE ( 'NONE', #2688, #1324, #4832, .T. ) ;
#4425 = ORIENTED_EDGE ( 'NONE', *, *, #4564, .F. ) ;
#4426 = VERTEX_POINT ( 'NONE', #5847 ) ;
#4427 = CARTESIAN_POINT ( 'NONE',  ( -0.9500000000000001776, 0.1000000000000000056, -1.450000000000000178 ) ) ;
#4428 = ORIENTED_EDGE ( 'NONE', *, *, #251, .T. ) ;
#4429 = CARTESIAN_POINT ( 'NONE',  ( 0.7250000000000490497, 1.844118304745738346, 0.1749999999999849454 ) ) ;
#4430 = ORIENTED_EDGE ( 'NONE', *, *, #674, .F. ) ;
#4431 = DIRECTION ( 'NONE',  ( 1.000000000000000000, 0.000000000000000000, 0.000000000000000000 ) ) ;
#4432 = CARTESIAN_POINT ( 'NONE',  ( 0.7250000000000508260, 0.2000000000000000111, 0.6749999999999849454 ) ) ;
#4433 = LINE ( 'NONE', #1250, #459 ) ;
#4434 = ORIENTED_EDGE ( 'NONE', *, *, #4962, .F. ) ;
#4435 = SURFACE_SIDE_STYLE ('',( #5322 ) ) ;
#4436 = ADVANCED_FACE ( 'NONE', ( #3144 ), #2175, .F. ) ;
#4437 = PLANE ( 'NONE',  #4596 ) ;
#4438 = DIRECTION ( 'NONE',  ( 1.000000000000000000, 0.000000000000000000, 1.182766006347908897E-15 ) ) ;
#4439 = LINE ( 'NONE', #5414, #4030 ) ;
#4440 = ORIENTED_EDGE ( 'NONE', *, *, #4308, .T. ) ;
#4441 = DIRECTION ( 'NONE',  ( 1.000000000000000000, -0.000000000000000000, 4.060829955128110545E-14 ) ) ;
#4442 = CLOSED_SHELL ( 'NONE', ( #5483, #3117, #5807, #4663, #103, #3616, #1375, #2605 ) ) ;
#4443 = PRESENTATION_STYLE_ASSIGNMENT (( #1707 ) ) ;
#4444 = PLANE ( 'NONE',  #262 ) ;
#4445 = ORIENTED_EDGE ( 'NONE', *, *, #3546, .F. ) ;
#4446 = VECTOR ( 'NONE', #5757, 1000.000000000000000 ) ;
#4447 = DIRECTION ( 'NONE',  ( 1.000000000000000000, 0.000000000000000000, 0.000000000000000000 ) ) ;
#4448 = CARTESIAN_POINT ( 'NONE',  ( 0.3750000000000022760, 0.2000000000000000111, 1.500000000000000000 ) ) ;
#4449 = VERTEX_POINT ( 'NONE', #4510 ) ;
#4450 = ORIENTED_EDGE ( 'NONE', *, *, #5370, .F. ) ;
#4451 = AXIS2_PLACEMENT_3D ( 'NONE', #615, #2981, #3355 ) ;
#4452 = FACE_OUTER_BOUND ( 'NONE', #1270, .T. ) ;
#4453 = EDGE_LOOP ( 'NONE', ( #1655, #3611, #1500, #5576 ) ) ;
#4454 = VECTOR ( 'NONE', #1217, 1000.000000000000000 ) ;
#4455 = VECTOR ( 'NONE', #4666, 1000.000000000000000 ) ;
#4456 = ORIENTED_EDGE ( 'NONE', *, *, #1148, .T. ) ;
#4457 = ORIENTED_EDGE ( 'NONE', *, *, #544, .F. ) ;
#4458 = ADVANCED_FACE ( 'NONE', ( #1744 ), #5389, .F. ) ;
#4459 = ORIENTED_EDGE ( 'NONE', *, *, #4694, .F. ) ;
#4460 = VERTEX_POINT ( 'NONE', #4951 ) ;
#4461 = PLANE ( 'NONE',  #3795 ) ;
#4462 = VERTEX_POINT ( 'NONE', #5270 ) ;
#4463 = CARTESIAN_POINT ( 'NONE',  ( 0.5000000000000127676, 0.2000000000000000111, 1.099999999999989431 ) ) ;
#4464 = CARTESIAN_POINT ( 'NONE',  ( 0.9999999999999985567, 0.2000000000000000111, -1.000000000000022871 ) ) ;
#4465 = CARTESIAN_POINT ( 'NONE',  ( 1.000000000000015321, 1.844118304745738346, 0.2999999999999771738 ) ) ;
#4466 = EDGE_LOOP ( 'NONE', ( #201, #805, #4028, #1664 ) ) ;
#4467 = CARTESIAN_POINT ( 'NONE',  ( -0.9500000000000001776, 0.05000000000000000278, -0.6000000000000018652 ) ) ;
#4468 = EDGE_CURVE ( 'NONE', #3479, #4036, #2233, .T. ) ;
#4469 = LINE ( 'NONE', #2193, #9 ) ;
#4470 = DIRECTION ( 'NONE',  ( -1.182766006347908897E-15, 0.000000000000000000, 1.000000000000000000 ) ) ;
#4471 = LINE ( 'NONE', #4915, #3179 ) ;
#4472 = ORIENTED_EDGE ( 'NONE', *, *, #4101, .T. ) ;
#4473 = DIRECTION ( 'NONE',  ( 0.000000000000000000, -1.000000000000000000, 0.000000000000000000 ) ) ;
#4474 = AXIS2_PLACEMENT_3D ( 'NONE', #4200, #2843, #3281 ) ;
#4475 = FILL_AREA_STYLE ('',( #5810 ) ) ;
#4476 = CARTESIAN_POINT ( 'NONE',  ( 0.000000000000000000, 0.9000000000000000222, 0.000000000000000000 ) ) ;
#4477 = ORIENTED_EDGE ( 'NONE', *, *, #4415, .T. ) ;
#4478 = VECTOR ( 'NONE', #1740, 1000.000000000000000 ) ;
#4479 = EDGE_CURVE ( 'NONE', #5125, #164, #5303, .T. ) ;
#4480 = DIRECTION ( 'NONE',  ( 1.000000000000000000, 0.000000000000000000, 0.000000000000000000 ) ) ;
#4481 = CARTESIAN_POINT ( 'NONE',  ( 0.9999999999999997780, 0.1000000000000000056, 0.7999999999999771738 ) ) ;
#4482 = ORIENTED_EDGE ( 'NONE', *, *, #761, .T. ) ;
#4483 = CIRCLE ( 'NONE', #3522, 0.1250000000000107414 ) ;
#4484 = VERTEX_POINT ( 'NONE', #3932 ) ;
#4485 = CARTESIAN_POINT ( 'NONE',  ( -1.000000000000006439, 0.2000000000000000944, -0.6000000000000005329 ) ) ;
#4486 = ORIENTED_EDGE ( 'NONE', *, *, #5067, .F. ) ;
#4487 = MANIFOLD_SOLID_BREP ( 'Cut-Extrude3[4]', #1756 ) ;
#4488 = ORIENTED_EDGE ( 'NONE', *, *, #2648, .T. ) ;
#4489 = ORIENTED_EDGE ( 'NONE', *, *, #2330, .T. ) ;
#4490 = DIRECTION ( 'NONE',  ( 0.000000000000000000, 1.000000000000000000, 0.000000000000000000 ) ) ;
#4491 = DIRECTION ( 'NONE',  ( 0.000000000000000000, 0.000000000000000000, -1.000000000000000000 ) ) ;
#4492 = ADVANCED_FACE ( 'NONE', ( #5585 ), #5524, .T. ) ;
#4493 = EDGE_CURVE ( 'NONE', #4065, #1818, #2398, .T. ) ;
#4494 = PLANE ( 'NONE',  #227 ) ;
#4495 = VERTEX_POINT ( 'NONE', #1456 ) ;
#4496 = DIRECTION ( 'NONE',  ( -0.000000000000000000, -1.000000000000000000, -0.000000000000000000 ) ) ;
#4497 = AXIS2_PLACEMENT_3D ( 'NONE', #332, #3890, #5262 ) ;
#4498 = CARTESIAN_POINT ( 'NONE',  ( 0.7250000000000509370, 0.2000000000000000944, -0.3500000000000021982 ) ) ;
#4499 = DIRECTION ( 'NONE',  ( 0.000000000000000000, 0.000000000000000000, -1.000000000000000000 ) ) ;
#4500 = CARTESIAN_POINT ( 'NONE',  ( -5.913830031736392740E-17, 0.05000000000000000278, 0.04999999999997335742 ) ) ;
#4501 = ORIENTED_EDGE ( 'NONE', *, *, #1197, .T. ) ;
#4502 = VECTOR ( 'NONE', #2131, 1000.000000000000000 ) ;
#4503 = EDGE_CURVE ( 'NONE', #5014, #1977, #1431, .T. ) ;
#4504 = ADVANCED_FACE ( 'NONE', ( #3764 ), #1095, .F. ) ;
#4505 = DIRECTION ( 'NONE',  ( 0.000000000000000000, -1.000000000000000000, 0.000000000000000000 ) ) ;
#4506 = VECTOR ( 'NONE', #980, 1000.000000000000000 ) ;
#4507 = VECTOR ( 'NONE', #121, 1000.000000000000000 ) ;
#4508 = MANIFOLD_SOLID_BREP ( 'Cut-Extrude3[5]', #5100 ) ;
#4509 = VECTOR ( 'NONE', #2594, 1000.000000000000000 ) ;
#4510 = CARTESIAN_POINT ( 'NONE',  ( -0.6000000000000262901, 0.2000000000000000944, -0.9999999999999913403 ) ) ;
#4511 = DIRECTION ( 'NONE',  ( 0.000000000000000000, 0.000000000000000000, 1.000000000000000000 ) ) ;
#4512 = ORIENTED_EDGE ( 'NONE', *, *, #4694, .T. ) ;
#4513 = DIRECTION ( 'NONE',  ( 1.000000000000000000, -0.000000000000000000, 4.060829955128110545E-14 ) ) ;
#4514 = ORIENTED_EDGE ( 'NONE', *, *, #1812, .F. ) ;
#4515 = DIRECTION ( 'NONE',  ( 1.971276677246371519E-16, 0.000000000000000000, 1.000000000000000000 ) ) ;
#4516 = ORIENTED_EDGE ( 'NONE', *, *, #5881, .F. ) ;
#4517 = VERTEX_POINT ( 'NONE', #3735 ) ;
#4518 = ORIENTED_EDGE ( 'NONE', *, *, #937, .T. ) ;
#4519 = CARTESIAN_POINT ( 'NONE',  ( -0.3749999999999766853, 0.2000000000000000111, 1.224999999999999867 ) ) ;
#4520 = CARTESIAN_POINT ( 'NONE',  ( -0.1250000000000071332, 0.2000000000000000111, 0.1250000000000001388 ) ) ;
#4521 = EDGE_LOOP ( 'NONE', ( #1080, #5071, #1099, #2203 ) ) ;
#4522 = EDGE_CURVE ( 'NONE', #4649, #3357, #5641, .T. ) ;
#4523 = ORIENTED_EDGE ( 'NONE', *, *, #5846, .F. ) ;
#4524 = VECTOR ( 'NONE', #5408, 1000.000000000000000 ) ;
#4525 = PLANE ( 'NONE',  #4474 ) ;
#4526 = EDGE_CURVE ( 'NONE', #3207, #3977, #4394, .T. ) ;
#4527 = CARTESIAN_POINT ( 'NONE',  ( 1.000000000000000000, 0.1000000000000000056, 0.2999999999999771738 ) ) ;
#4528 = FACE_OUTER_BOUND ( 'NONE', #672, .T. ) ;
#4529 = CARTESIAN_POINT ( 'NONE',  ( 0.1250000000000233147, 0.2000000000000000944, 1.224999999999999867 ) ) ;
#4530 = EDGE_LOOP ( 'NONE', ( #5821, #3105, #5223, #2098 ) ) ;
#4532 = EDGE_CURVE ( 'NONE', #473, #676, #1513, .T. ) ;
#4531 = LINE ( 'NONE', #1798, #4597 ) ;
#4533 = DIRECTION ( 'NONE',  ( 0.000000000000000000, 0.000000000000000000, -1.000000000000000000 ) ) ;
#4534 = EDGE_CURVE ( 'NONE', #2241, #4225, #2457, .T. ) ;
#4535 = LINE ( 'NONE', #1884, #1721 ) ;
#4536 = DIRECTION ( 'NONE',  ( 1.000000000000000000, 0.000000000000000000, -8.121659910255105326E-14 ) ) ;
#4537 = VECTOR ( 'NONE', #1658, 1000.000000000000000 ) ;
#4538 = CARTESIAN_POINT ( 'NONE',  ( 0.000000000000000000, 0.05000000000000000278, 1.450000000000000178 ) ) ;
#4539 = DIRECTION ( 'NONE',  ( -1.000000000000000000, -0.000000000000000000, -6.741766236183528432E-14 ) ) ;
#4540 = VERTEX_POINT ( 'NONE', #3044 ) ;
#4541 = VECTOR ( 'NONE', #1916, 1000.000000000000000 ) ;
#4542 = ADVANCED_FACE ( 'NONE', ( #5292 ), #5768, .F. ) ;
#4543 = LINE ( 'NONE', #856, #1727 ) ;
#4544 = ORIENTED_EDGE ( 'NONE', *, *, #569, .F. ) ;
#4545 = VERTEX_POINT ( 'NONE', #2493 ) ;
#4546 = DIRECTION ( 'NONE',  ( 0.000000000000000000, -0.000000000000000000, -1.000000000000000000 ) ) ;
#4547 = ORIENTED_EDGE ( 'NONE', *, *, #3353, .T. ) ;
#4548 = VECTOR ( 'NONE', #5619, 1000.000000000000000 ) ;
#4549 = VECTOR ( 'NONE', #3076, 1000.000000000000000 ) ;
#4550 = EDGE_CURVE ( 'NONE', #2149, #2235, #384, .T. ) ;
#4551 = CARTESIAN_POINT ( 'NONE',  ( -0.7250000000000392797, 0.2000000000000000111, 0.5499999999999892752 ) ) ;
#4552 = CARTESIAN_POINT ( 'NONE',  ( 0.7250000000000165201, 0.2000000000000000111, -0.6000000000000180744 ) ) ;
#4553 = ORIENTED_EDGE ( 'NONE', *, *, #1776, .F. ) ;
#4554 = EDGE_LOOP ( 'NONE', ( #2850, #627, #4895, #4291, #4867, #2452 ) ) ;
#4555 = CARTESIAN_POINT ( 'NONE',  ( 1.279358563532895232E-14, 0.2000000000000000111, 1.224999999999999867 ) ) ;
#4556 = CARTESIAN_POINT ( 'NONE',  ( 0.3750000000000022760, 0.000000000000000000, 1.224999999999999867 ) ) ;
#4557 = FACE_OUTER_BOUND ( 'NONE', #4392, .T. ) ;
#4558 = ORIENTED_EDGE ( 'NONE', *, *, #877, .F. ) ;
#4559 = FACE_OUTER_BOUND ( 'NONE', #3507, .T. ) ;
#4560 = EDGE_CURVE ( 'NONE', #3518, #5289, #4309, .T. ) ;
#4561 = ORIENTED_EDGE ( 'NONE', *, *, #4850, .T. ) ;
#4562 = DIRECTION ( 'NONE',  ( 1.000000000000000000, 0.000000000000000000, -7.490851373537457304E-14 ) ) ;
#4563 = DIRECTION ( 'NONE',  ( -1.000000000000000000, 0.000000000000000000, -4.060829955128111177E-14 ) ) ;
#4564 = EDGE_CURVE ( 'NONE', #5856, #4807, #4369, .T. ) ;
#4565 = VERTEX_POINT ( 'NONE', #211 ) ;
#4566 = FACE_OUTER_BOUND ( 'NONE', #5016, .T. ) ;
#4567 = DIRECTION ( 'NONE',  ( 1.000000000000000000, 0.000000000000000000, -8.121659910255104064E-14 ) ) ;
#4568 = VECTOR ( 'NONE', #1437, 1000.000000000000000 ) ;
#4569 = EDGE_CURVE ( 'NONE', #3365, #1151, #238, .T. ) ;
#4570 = VECTOR ( 'NONE', #3264, 1000.000000000000000 ) ;
#4571 = ORIENTED_EDGE ( 'NONE', *, *, #5881, .T. ) ;
#4572 = EDGE_CURVE ( 'NONE', #1909, #4036, #3534, .T. ) ;
#4573 = EDGE_CURVE ( 'NONE', #1074, #2122, #2556, .T. ) ;
#4574 = ORIENTED_EDGE ( 'NONE', *, *, #2567, .F. ) ;
#4575 = PLANE ( 'NONE',  #3325 ) ;
#4576 = ORIENTED_EDGE ( 'NONE', *, *, #1299, .F. ) ;
#4577 = STYLED_ITEM ( 'NONE', ( #4009 ), #5122 ) ;
#4578 = DIRECTION ( 'NONE',  ( 0.000000000000000000, -1.000000000000000000, 0.000000000000000000 ) ) ;
#4579 = ORIENTED_EDGE ( 'NONE', *, *, #3705, .T. ) ;
#4580 = ORIENTED_EDGE ( 'NONE', *, *, #1556, .T. ) ;
#4581 = DIRECTION ( 'NONE',  ( 0.000000000000000000, 0.000000000000000000, 1.000000000000000000 ) ) ;
#4582 = MANIFOLD_SOLID_BREP ( 'Cut-Extrude3[12]', #2829 ) ;
#4583 = LINE ( 'NONE', #5054, #3552 ) ;
#4584 = CARTESIAN_POINT ( 'NONE',  ( 0.9500000000000002887, 1.844118304745738346, -1.000000000000019096 ) ) ;
#4585 = FACE_OUTER_BOUND ( 'NONE', #4407, .T. ) ;
#4586 = DIRECTION ( 'NONE',  ( 2.081668171171989600E-14, 0.000000000000000000, -1.000000000000000000 ) ) ;
#4587 = ORIENTED_EDGE ( 'NONE', *, *, #2023, .F. ) ;
#4588 = VERTEX_POINT ( 'NONE', #4401 ) ;
#4589 = EDGE_LOOP ( 'NONE', ( #3284, #546, #1477, #3687 ) ) ;
#4590 =( GEOMETRIC_REPRESENTATION_CONTEXT ( 3 ) GLOBAL_UNCERTAINTY_ASSIGNED_CONTEXT ( ( #3612 ) ) GLOBAL_UNIT_ASSIGNED_CONTEXT ( ( #1935, #4272, #3703 ) ) REPRESENTATION_CONTEXT ( 'NONE', 'WORKASPACE' ) );
#4591 = LINE ( 'NONE', #1402, #1814 ) ;
#4592 = CARTESIAN_POINT ( 'NONE',  ( -0.7250000000000410560, 0.2000000000000000111, 0.04999999999998928912 ) ) ;
#4593 = EDGE_LOOP ( 'NONE', ( #110, #3429, #1319, #2018, #691, #1769 ) ) ;
#4594 = CARTESIAN_POINT ( 'NONE',  ( 0.000000000000000000, 0.05000000000000000278, 0.000000000000000000 ) ) ;
#4595 = DIRECTION ( 'NONE',  ( 0.000000000000000000, 1.000000000000000000, 0.000000000000000000 ) ) ;
#4596 = AXIS2_PLACEMENT_3D ( 'NONE', #2062, #5739, #720 ) ;
#4597 = VECTOR ( 'NONE', #2367, 1000.000000000000000 ) ;
#4598 = EDGE_CURVE ( 'NONE', #1251, #4565, #3857, .T. ) ;
#4599 = AXIS2_PLACEMENT_3D ( 'NONE', #2520, #5905, #3582 ) ;
#4600 = MANIFOLD_SOLID_BREP ( 'Cut-Extrude3[7]', #5189 ) ;
#4601 = ORIENTED_EDGE ( 'NONE', *, *, #4522, .T. ) ;
#4602 = FACE_OUTER_BOUND ( 'NONE', #5254, .T. ) ;
#4603 = EDGE_CURVE ( 'NONE', #1774, #4718, #1641, .T. ) ;
#4604 = ORIENTED_EDGE ( 'NONE', *, *, #3947, .F. ) ;
#4605 = FILL_AREA_STYLE_COLOUR ( '', #1315 ) ;
#4606 = ORIENTED_EDGE ( 'NONE', *, *, #1376, .T. ) ;
#4607 = EDGE_CURVE ( 'NONE', #5620, #5541, #814, .T. ) ;
#4608 = ADVANCED_FACE ( 'NONE', ( #869 ), #104, .T. ) ;
#4609 = CARTESIAN_POINT ( 'NONE',  ( 0.9500000000000002887, 0.1000000000000000056, -0.6000000000000220712 ) ) ;
#4610 = LINE ( 'NONE', #387, #2517 ) ;
#4611 = FACE_OUTER_BOUND ( 'NONE', #4803, .T. ) ;
#4612 = VERTEX_POINT ( 'NONE', #4911 ) ;
#4613 = CARTESIAN_POINT ( 'NONE',  ( 0.1250000000000233702, 0.2000000000000000111, 1.500000000000000000 ) ) ;
#4614 = AXIS2_PLACEMENT_3D ( 'NONE', #1511, #1126, #5668 ) ;
#4615 = LINE ( 'NONE', #923, #2801 ) ;
#4616 = CARTESIAN_POINT ( 'NONE',  ( -0.1250000000000071332, 0.000000000000000000, 0.1250000000000001388 ) ) ;
#4617 = DIRECTION ( 'NONE',  ( -0.000000000000000000, -1.000000000000000000, -0.000000000000000000 ) ) ;
#4618 = VECTOR ( 'NONE', #4964, 1000.000000000000000 ) ;
#4619 = LINE ( 'NONE', #1827, #4799 ) ;
#4620 = FILL_AREA_STYLE ('',( #2342 ) ) ;
#4621 = ORIENTED_EDGE ( 'NONE', *, *, #3425, .F. ) ;
#4622 = EDGE_CURVE ( 'NONE', #4905, #5625, #3747, .T. ) ;
#4623 = LINE ( 'NONE', #1321, #771 ) ;
#4624 = CARTESIAN_POINT ( 'NONE',  ( 0.9500000000000002887, 1.844118304745738346, 0.5499999999999743983 ) ) ;
#4625 = DIRECTION ( 'NONE',  ( 0.000000000000000000, -0.000000000000000000, 1.000000000000000000 ) ) ;
#4626 = VERTEX_POINT ( 'NONE', #1309 ) ;
#4627 = DIRECTION ( 'NONE',  ( -1.000000000000000000, 0.000000000000000000, 1.075528555105637943E-13 ) ) ;
#4628 = ORIENTED_EDGE ( 'NONE', *, *, #1398, .T. ) ;
#4629 = ORIENTED_EDGE ( 'NONE', *, *, #134, .F. ) ;
#4630 = CIRCLE ( 'NONE', #418, 0.1250000000000105194 ) ;
#4631 = CARTESIAN_POINT ( 'NONE',  ( -0.9999999999999945599, 0.2000000000000000111, 0.5499999999999994893 ) ) ;
#4632 = VERTEX_POINT ( 'NONE', #3623 ) ;
#4633 = ADVANCED_FACE ( 'NONE', ( #5542 ), #4941, .F. ) ;
#4634 = FACE_OUTER_BOUND ( 'NONE', #5486, .T. ) ;
#4635 = FACE_OUTER_BOUND ( 'NONE', #5602, .T. ) ;
#4636 = CARTESIAN_POINT ( 'NONE',  ( 0.9500000000000002887, 0.000000000000000000, 0.1749999999999849454 ) ) ;
#4637 = VERTEX_POINT ( 'NONE', #995 ) ;
#4638 = CARTESIAN_POINT ( 'NONE',  ( -0.9999999999999997780, 0.1000000000000000056, -1.250000000000000000 ) ) ;
#4639 = VECTOR ( 'NONE', #116, 1000.000000000000000 ) ;
#4640 = DIRECTION ( 'NONE',  ( 0.000000000000000000, 0.000000000000000000, 1.000000000000000000 ) ) ;
#4641 = FACE_OUTER_BOUND ( 'NONE', #3746, .T. ) ;
#4642 = CARTESIAN_POINT ( 'NONE',  ( 0.7250000000000189626, 0.2000000000000000944, 0.7999999999999994893 ) ) ;
#4643 = DIRECTION ( 'NONE',  ( -0.000000000000000000, 0.000000000000000000, -1.000000000000000000 ) ) ;
#4644 = EDGE_CURVE ( 'NONE', #5600, #1571, #5891, .T. ) ;
#4645 = ORIENTED_EDGE ( 'NONE', *, *, #5589, .F. ) ;
#4646 = FACE_OUTER_BOUND ( 'NONE', #2976, .T. ) ;
#4647 = LINE ( 'NONE', #2347, #2103 ) ;
#4648 = CARTESIAN_POINT ( 'NONE',  ( -0.6249999999999977796, 0.2000000000000000111, 1.500000000000000000 ) ) ;
#4649 = VERTEX_POINT ( 'NONE', #2818 ) ;
#4650 = VECTOR ( 'NONE', #3333, 1000.000000000000000 ) ;
#4651 = ORIENTED_EDGE ( 'NONE', *, *, #5770, .T. ) ;
#4652 = CARTESIAN_POINT ( 'NONE',  ( -0.6000000000000262901, 1.844118304745738346, -1.250000000000022427 ) ) ;
#4653 = VERTEX_POINT ( 'NONE', #4631 ) ;
#4654 = AXIS2_PLACEMENT_3D ( 'NONE', #2958, #1044, #5618 ) ;
#4655 = CARTESIAN_POINT ( 'NONE',  ( -0.3749999999999766853, 0.000000000000000000, 1.450000000000000178 ) ) ;
#4656 = VERTEX_POINT ( 'NONE', #2355 ) ;
#4657 =( NAMED_UNIT ( * ) SI_UNIT ( $, .STERADIAN. ) SOLID_ANGLE_UNIT ( ) );
#4658 = LINE ( 'NONE', #549, #3753 ) ;
#4659 = ORIENTED_EDGE ( 'NONE', *, *, #5006, .F. ) ;
#4660 =( GEOMETRIC_REPRESENTATION_CONTEXT ( 3 ) GLOBAL_UNCERTAINTY_ASSIGNED_CONTEXT ( ( #912 ) ) GLOBAL_UNIT_ASSIGNED_CONTEXT ( ( #3167, #2171, #4977 ) ) REPRESENTATION_CONTEXT ( 'NONE', 'WORKASPACE' ) );
#4661 = CARTESIAN_POINT ( 'NONE',  ( 0.7250000000000509370, 0.1000000000000000472, -0.3500000000000021982 ) ) ;
#4662 = PRESENTATION_LAYER_ASSIGNMENT (  '', '', ( #4577 ) ) ;
#4663 = ADVANCED_FACE ( 'NONE', ( #4176 ), #4525, .F. ) ;
#4664 = EDGE_CURVE ( 'NONE', #4010, #1625, #5101, .T. ) ;
#4665 = LINE ( 'NONE', #1508, #2608 ) ;
#4666 = DIRECTION ( 'NONE',  ( 0.000000000000000000, 0.000000000000000000, 1.000000000000000000 ) ) ;
#4667 = DIRECTION ( 'NONE',  ( 0.000000000000000000, -1.000000000000000000, 0.000000000000000000 ) ) ;
#4668 = LINE ( 'NONE', #1034, #496 ) ;
#4669 = EDGE_CURVE ( 'NONE', #4190, #3207, #2381, .T. ) ;
#4670 = EDGE_CURVE ( 'NONE', #473, #2149, #3107, .T. ) ;
#4671 = DIRECTION ( 'NONE',  ( 0.000000000000000000, -0.000000000000000000, 1.000000000000000000 ) ) ;
#4672 = LINE ( 'NONE', #122, #3128 ) ;
#4673 = CARTESIAN_POINT ( 'NONE',  ( 0.1249999999999928807, 0.05000000000000000278, 0.000000000000000000 ) ) ;
#4674 = LINE ( 'NONE', #3246, #4721 ) ;
#4675 = PLANE ( 'NONE',  #2858 ) ;
#4676 = EDGE_LOOP ( 'NONE', ( #136, #2279, #2902, #2799, #445, #1862 ) ) ;
#4677 = COLOUR_RGB ( '',0.7921568627450980005, 0.8196078431372548767, 0.9333333333333333481 ) ;
#4678 = ORIENTED_EDGE ( 'NONE', *, *, #3899, .T. ) ;
#4679 = AXIS2_PLACEMENT_3D ( 'NONE', #5235, #5177, #246 ) ;
#4680 = DIRECTION ( 'NONE',  ( 0.000000000000000000, 1.000000000000000000, 0.000000000000000000 ) ) ;
#4681 = VERTEX_POINT ( 'NONE', #4968 ) ;
#4682 = ORIENTED_EDGE ( 'NONE', *, *, #2443, .F. ) ;
#4683 = VECTOR ( 'NONE', #614, 1000.000000000000000 ) ;
#4684 = CIRCLE ( 'NONE', #4300, 0.1250000000000105194 ) ;
#4685 = LINE ( 'NONE', #974, #2979 ) ;
#4686 = VERTEX_POINT ( 'NONE', #4467 ) ;
#4687 = SURFACE_STYLE_FILL_AREA ( #2875 ) ;
#4688 = CARTESIAN_POINT ( 'NONE',  ( 0.9500000000000002887, 0.04999999999999999584, -1.250000000000021982 ) ) ;
#4689 = ORIENTED_EDGE ( 'NONE', *, *, #4572, .T. ) ;
#4690 = CARTESIAN_POINT ( 'NONE',  ( 0.9500000000000002887, 0.1000000000000000056, 0.04999999999997448152 ) ) ;
#4691 = DIRECTION ( 'NONE',  ( 1.000000000000000000, -0.000000000000000000, 0.000000000000000000 ) ) ;
#4692 = DIRECTION ( 'NONE',  ( 2.081668171171990546E-14, 0.000000000000000000, -1.000000000000000000 ) ) ;
#4693 = CARTESIAN_POINT ( 'NONE',  ( -0.4999999999999872324, 1.844118304745738346, 1.224999999999999867 ) ) ;
#4694 = EDGE_CURVE ( 'NONE', #344, #253, #2715, .T. ) ;
#4695 = DIRECTION ( 'NONE',  ( 0.000000000000000000, 0.000000000000000000, -1.000000000000000000 ) ) ;
#4696 = ADVANCED_FACE ( 'NONE', ( #1441 ), #2253, .F. ) ;
#4697 = VECTOR ( 'NONE', #1455, 1000.000000000000000 ) ;
#4698 = FACE_OUTER_BOUND ( 'NONE', #4966, .T. ) ;
#4699 = EDGE_CURVE ( 'NONE', #5242, #2800, #1392, .T. ) ;
#4700 =( LENGTH_UNIT ( ) NAMED_UNIT ( * ) SI_UNIT ( .MILLI., .METRE. ) );
#4701 = CARTESIAN_POINT ( 'NONE',  ( 8.377925878298817506E-14, 0.05000000000000000278, -1.250000000000085709 ) ) ;
#4702 = EDGE_CURVE ( 'NONE', #5831, #1774, #1789, .T. ) ;
#4703 = DIRECTION ( 'NONE',  ( -0.000000000000000000, -1.000000000000000000, -0.000000000000000000 ) ) ;
#4704 = FACE_OUTER_BOUND ( 'NONE', #2297, .T. ) ;
#4705 = EDGE_CURVE ( 'NONE', #4375, #2252, #3135, .T. ) ;
#4706 = CARTESIAN_POINT ( 'NONE',  ( 0.7250000000000098588, 0.04999999999999999584, -1.250000000000037081 ) ) ;
#4707 = LINE ( 'NONE', #1073, #5301 ) ;
#4708 = ORIENTED_EDGE ( 'NONE', *, *, #797, .F. ) ;
#4709 = VERTEX_POINT ( 'NONE', #1145 ) ;
#4710 = EDGE_CURVE ( 'NONE', #1538, #2665, #628, .T. ) ;
#4711 = DIRECTION ( 'NONE',  ( -0.000000000000000000, 0.000000000000000000, -1.000000000000000000 ) ) ;
#4712 = ORIENTED_EDGE ( 'NONE', *, *, #3508, .T. ) ;
#4713 = ORIENTED_EDGE ( 'NONE', *, *, #5078, .T. ) ;
#4714 = CARTESIAN_POINT ( 'NONE',  ( -0.3749999999999766298, 0.1000000000000000056, 1.450000000000000178 ) ) ;
#4715 = ORIENTED_EDGE ( 'NONE', *, *, #1624, .T. ) ;
#4716 = VECTOR ( 'NONE', #3431, 1000.000000000000000 ) ;
#4717 = CARTESIAN_POINT ( 'NONE',  ( 0.9500000000000002887, 0.2000000000000000111, 0.7999999999999811706 ) ) ;
#4718 = VERTEX_POINT ( 'NONE', #5185 ) ;
#4719 = LINE ( 'NONE', #1057, #4570 ) ;
#4720 = PRODUCT_DEFINITION ( 'UNKNOWN', '', #1494, #2298 ) ;
#4721 = VECTOR ( 'NONE', #3274, 1000.000000000000000 ) ;
#4722 = ADVANCED_FACE ( 'NONE', ( #3397 ), #2441, .F. ) ;
#4723 = DIRECTION ( 'NONE',  ( 1.000000000000000000, -0.000000000000000000, 2.168404344971152125E-14 ) ) ;
#4724 = DIRECTION ( 'NONE',  ( -1.182766006347908700E-15, 0.000000000000000000, 1.000000000000000000 ) ) ;
#4725 = CARTESIAN_POINT ( 'NONE',  ( 0.7250000000000098588, 0.000000000000000000, -1.250000000000037081 ) ) ;
#4726 = CARTESIAN_POINT ( 'NONE',  ( -0.9500000000000001776, 0.1000000000000000056, 1.450000000000000178 ) ) ;
#4727 = CARTESIAN_POINT ( 'NONE',  ( -0.9500000000000001776, 0.1000000000000000056, -1.450000000000000178 ) ) ;
#4728 = CIRCLE ( 'NONE', #1765, 0.1250000000000175138 ) ;
#4729 = VECTOR ( 'NONE', #4431, 1000.000000000000000 ) ;
#4730 = CARTESIAN_POINT ( 'NONE',  ( 0.6250000000000233147, 0.2000000000000000111, 1.224999999999999867 ) ) ;
#4731 = SURFACE_STYLE_FILL_AREA ( #2460 ) ;
#4732 = CARTESIAN_POINT ( 'NONE',  ( 1.000000000000029088, 0.2000000000000000111, 0.04999999999997454397 ) ) ;
#4733 = ORIENTED_EDGE ( 'NONE', *, *, #5369, .T. ) ;
#4734 = DIRECTION ( 'NONE',  ( -1.000000000000000000, -0.000000000000000000, -6.741766236183528432E-14 ) ) ;
#4735 = CARTESIAN_POINT ( 'NONE',  ( -1.750493689395073274E-14, 0.05000000000000000278, -0.6000000000000296208 ) ) ;
#4736 = CARTESIAN_POINT ( 'NONE',  ( -0.9500000000000001776, 0.05000000000000000278, 0.000000000000000000 ) ) ;
#4737 = CARTESIAN_POINT ( 'NONE',  ( 0.9500000000000002887, 0.000000000000000000, -0.6000000000000187406 ) ) ;
#4738 = PLANE ( 'NONE',  #991 ) ;
#4739 = ADVANCED_FACE ( 'NONE', ( #1078 ), #4289, .F. ) ;
#4740 = VERTEX_POINT ( 'NONE', #195 ) ;
#4741 = ORIENTED_EDGE ( 'NONE', *, *, #5835, .F. ) ;
#4742 = CARTESIAN_POINT ( 'NONE',  ( -0.6000000000000262901, 0.000000000000000000, -1.250000000000022427 ) ) ;
#4743 = ORIENTED_EDGE ( 'NONE', *, *, #894, .F. ) ;
#4744 = EDGE_CURVE ( 'NONE', #3811, #4632, #4355, .T. ) ;
#4745 = EDGE_CURVE ( 'NONE', #4807, #3718, #255, .T. ) ;
#4746 = LINE ( 'NONE', #2477, #5155 ) ;
#4747 = VECTOR ( 'NONE', #596, 1000.000000000000000 ) ;
#4748 = ORIENTED_EDGE ( 'NONE', *, *, #592, .T. ) ;
#4749 = DIRECTION ( 'NONE',  ( 1.445602896647339163E-16, 0.000000000000000000, -1.000000000000000000 ) ) ;
#4750 = PLANE ( 'NONE',  #3858 ) ;
#4751 = ORIENTED_EDGE ( 'NONE', *, *, #2351, .T. ) ;
#4752 = CARTESIAN_POINT ( 'NONE',  ( 0.9500000000000002887, 0.1000000000000000056, 0.04999999999997454397 ) ) ;
#4753 = AXIS2_PLACEMENT_3D ( 'NONE', #2986, #620, #5745 ) ;
#4754 = ORIENTED_EDGE ( 'NONE', *, *, #4125, .F. ) ;
#4755 = LINE ( 'NONE', #4235, #4017 ) ;
#4756 = CARTESIAN_POINT ( 'NONE',  ( 0.1250000000000233147, 0.2000000000000000944, 1.224999999999999867 ) ) ;
#4757 = DIRECTION ( 'NONE',  ( 0.000000000000000000, 1.000000000000000000, 0.000000000000000000 ) ) ;
#4758 = CARTESIAN_POINT ( 'NONE',  ( 0.7250000000000098588, 0.2000000000000000111, -1.250000000000037081 ) ) ;
#4759 = VECTOR ( 'NONE', #1182, 1000.000000000000000 ) ;
#4760 = DIRECTION ( 'NONE',  ( 0.000000000000000000, 0.000000000000000000, -1.000000000000000000 ) ) ;
#4761 = LINE ( 'NONE', #5675, #3308 ) ;
#4762 = ORIENTED_EDGE ( 'NONE', *, *, #4861, .T. ) ;
#4763 = CARTESIAN_POINT ( 'NONE',  ( 0.7250000000000165201, 0.000000000000000000, -0.6000000000000372813 ) ) ;
#4764 = DIRECTION ( 'NONE',  ( -1.000000000000000000, 0.000000000000000000, 5.583641188300717653E-14 ) ) ;
#4765 = DIRECTION ( 'NONE',  ( -0.000000000000000000, 1.000000000000000000, 0.000000000000000000 ) ) ;
#4766 = PLANE ( 'NONE',  #1790 ) ;
#4767 = CARTESIAN_POINT ( 'NONE',  ( 0.1250000000000233702, 1.844118304745738346, 1.500000000000000000 ) ) ;
#4768 = EDGE_LOOP ( 'NONE', ( #4383, #4992, #1383, #1529 ) ) ;
#4769 = ORIENTED_EDGE ( 'NONE', *, *, #2330, .F. ) ;
#4770 = CIRCLE ( 'NONE', #1910, 0.1250000000000106859 ) ;
#4771 = DIRECTION ( 'NONE',  ( 0.000000000000000000, 0.000000000000000000, -1.000000000000000000 ) ) ;
#4772 = EDGE_CURVE ( 'NONE', #5366, #4357, #5685, .T. ) ;
#4773 = VECTOR ( 'NONE', #3244, 1000.000000000000000 ) ;
#4774 = CIRCLE ( 'NONE', #2210, 0.1250000000000125733 ) ;
#4775 = ORIENTED_EDGE ( 'NONE', *, *, #2726, .T. ) ;
#4776 = EDGE_CURVE ( 'NONE', #3651, #2700, #834, .T. ) ;
#4777 = ORIENTED_EDGE ( 'NONE', *, *, #987, .F. ) ;
#4778 = AXIS2_PLACEMENT_3D ( 'NONE', #117, #4757, #5226 ) ;
#4779 = DIRECTION ( 'NONE',  ( 0.000000000000000000, 0.000000000000000000, 1.000000000000000000 ) ) ;
#4780 = ORIENTED_EDGE ( 'NONE', *, *, #2518, .F. ) ;
#4781 = CARTESIAN_POINT ( 'NONE',  ( -0.1249999999999977240, 0.1000000000000000056, 1.500000000000000000 ) ) ;
#4782 = EDGE_CURVE ( 'NONE', #3226, #191, #572, .T. ) ;
#4783 = VECTOR ( 'NONE', #1387, 1000.000000000000000 ) ;
#4784 = VECTOR ( 'NONE', #1454, 1000.000000000000000 ) ;
#4785 = ORIENTED_EDGE ( 'NONE', *, *, #3141, .F. ) ;
#4786 = CYLINDRICAL_SURFACE ( 'NONE', #4599, 0.1250000000000105194 ) ;
#4787 = DIRECTION ( 'NONE',  ( -1.000000000000000000, 0.000000000000000000, 2.917489482324978130E-14 ) ) ;
#4788 = CARTESIAN_POINT ( 'NONE',  ( 1.279358563532895232E-14, 1.844118304745738346, 1.224999999999999867 ) ) ;
#4789 = VECTOR ( 'NONE', #3648, 1000.000000000000000 ) ;
#4790 = CARTESIAN_POINT ( 'NONE',  ( -0.9999999999999997780, 0.1000000000000000056, -1.500000000000000000 ) ) ;
#4791 =( NAMED_UNIT ( * ) SI_UNIT ( $, .STERADIAN. ) SOLID_ANGLE_UNIT ( ) );
#4792 = CARTESIAN_POINT ( 'NONE',  ( -0.9999999999999997780, 0.1000000000000000056, -1.250000000000000000 ) ) ;
#4793 =( NAMED_UNIT ( * ) SI_UNIT ( $, .STERADIAN. ) SOLID_ANGLE_UNIT ( ) );
#4794 = CARTESIAN_POINT ( 'NONE',  ( -0.6999999999999998446, 0.9000000000000000222, -1.325000000000000178 ) ) ;
#4795 = EDGE_LOOP ( 'NONE', ( #4837, #3944, #318, #857 ) ) ;
#4796 = LINE ( 'NONE', #692, #3634 ) ;
#4797 = FACE_OUTER_BOUND ( 'NONE', #1714, .T. ) ;
#4798 = FACE_OUTER_BOUND ( 'NONE', #5191, .T. ) ;
#4799 = VECTOR ( 'NONE', #5446, 1000.000000000000000 ) ;
#4800 = EDGE_CURVE ( 'NONE', #5375, #1178, #5159, .T. ) ;
#4801 = CARTESIAN_POINT ( 'NONE',  ( 0.1249999999999928807, 0.2000000000000000111, 0.1250000000000001388 ) ) ;
#4802 = ORIENTED_EDGE ( 'NONE', *, *, #464, .F. ) ;
#4803 = EDGE_LOOP ( 'NONE', ( #600, #161, #1800, #3934 ) ) ;
#4804 = DIRECTION ( 'NONE',  ( -0.000000000000000000, 0.000000000000000000, 1.000000000000000000 ) ) ;
#4805 = ORIENTED_EDGE ( 'NONE', *, *, #174, .F. ) ;
#4806 = ORIENTED_EDGE ( 'NONE', *, *, #3535, .F. ) ;
#4807 = VERTEX_POINT ( 'NONE', #2472 ) ;
#4808 = DIRECTION ( 'NONE',  ( 0.000000000000000000, 1.000000000000000000, 0.000000000000000000 ) ) ;
#4809 = VERTEX_POINT ( 'NONE', #1468 ) ;
#4810 = DIRECTION ( 'NONE',  ( 0.000000000000000000, 0.000000000000000000, 1.000000000000000000 ) ) ;
#4811 = EDGE_CURVE ( 'NONE', #3993, #2343, #2011, .T. ) ;
#4812 = ORIENTED_EDGE ( 'NONE', *, *, #3661, .F. ) ;
#4813 = VECTOR ( 'NONE', #5136, 1000.000000000000000 ) ;
#4814 = LINE ( 'NONE', #5398, #2383 ) ;
#4815 = DIRECTION ( 'NONE',  ( 0.000000000000000000, 0.000000000000000000, -1.000000000000000000 ) ) ;
#4816 = LINE ( 'NONE', #2553, #4881 ) ;
#4817 = EDGE_CURVE ( 'NONE', #4389, #846, #1111, .T. ) ;
#4818 = DIRECTION ( 'NONE',  ( 0.000000000000000000, 1.000000000000000000, 0.000000000000000000 ) ) ;
#4819 = CARTESIAN_POINT ( 'NONE',  ( -0.9999999999999997780, 0.1000000000000000056, 0.2999999999999994893 ) ) ;
#4820 = VECTOR ( 'NONE', #3711, 1000.000000000000000 ) ;
#4821 = LINE ( 'NONE', #3445, #3818 ) ;
#4822 = DIRECTION ( 'NONE',  ( 0.000000000000000000, 0.000000000000000000, 1.000000000000000000 ) ) ;
#4823 = DIRECTION ( 'NONE',  ( 1.000000000000000000, 0.000000000000000000, 2.168404344971152441E-14 ) ) ;
#4824 = EDGE_LOOP ( 'NONE', ( #944, #4106, #867, #2874 ) ) ;
#4825 = ADVANCED_FACE ( 'NONE', ( #2045 ), #5244, .F. ) ;
#4826 = EDGE_CURVE ( 'NONE', #2356, #2724, #2541, .T. ) ;
#4827 = LINE ( 'NONE', #5775, #2793 ) ;
#4828 = CARTESIAN_POINT ( 'NONE',  ( 0.000000000000000000, 0.1000000000000000056, 0.000000000000000000 ) ) ;
#4829 = CARTESIAN_POINT ( 'NONE',  ( -0.3749999999999766298, 1.844118304745738346, 1.500000000000000000 ) ) ;
#4830 = VECTOR ( 'NONE', #4863, 1000.000000000000000 ) ;
#4831 = VECTOR ( 'NONE', #2283, 1000.000000000000000 ) ;
#4832 = LINE ( 'NONE', #311, #858 ) ;
#4833 = CARTESIAN_POINT ( 'NONE',  ( -0.9999999999999997780, 0.1000000000000000056, 0.04999999999999948236 ) ) ;
#4834 = ORIENTED_EDGE ( 'NONE', *, *, #2020, .T. ) ;
#4835 = ORIENTED_EDGE ( 'NONE', *, *, #5180, .T. ) ;
#4836 = DIRECTION ( 'NONE',  ( 0.000000000000000000, 1.000000000000000000, 0.000000000000000000 ) ) ;
#4837 = ORIENTED_EDGE ( 'NONE', *, *, #5112, .T. ) ;
#4838 = VERTEX_POINT ( 'NONE', #3305 ) ;
#4839 = CARTESIAN_POINT ( 'NONE',  ( -0.9500000000000001776, 0.1000000000000000056, -0.9999999999999988898 ) ) ;
#4840 = EDGE_LOOP ( 'NONE', ( #1645, #2574, #1699, #4512, #1746, #4279 ) ) ;
#4841 = CARTESIAN_POINT ( 'NONE',  ( -0.6000000000000262901, 0.05000000000000000278, 0.000000000000000000 ) ) ;
#4842 = VERTEX_POINT ( 'NONE', #1020 ) ;
#4843 = DIRECTION ( 'NONE',  ( -1.000000000000000000, 0.000000000000000000, -1.182766006347908700E-15 ) ) ;
#4844 = CARTESIAN_POINT ( 'NONE',  ( -0.7250000000000392797, 0.000000000000000000, -0.6000000000000085265 ) ) ;
#4845 = DIRECTION ( 'NONE',  ( -1.000000000000000000, 0.000000000000000000, 3.706000153223781540E-14 ) ) ;
#4846 = LINE ( 'NONE', #5319, #4454 ) ;
#4847 = ORIENTED_EDGE ( 'NONE', *, *, #1986, .T. ) ;
#4848 = CARTESIAN_POINT ( 'NONE',  ( 0.7250000000000490497, 0.2000000000000000111, 0.1749999999999849454 ) ) ;
#4849 = CIRCLE ( 'NONE', #1586, 0.1250000000000105194 ) ;
#4850 = EDGE_CURVE ( 'NONE', #4588, #1828, #4849, .T. ) ;
#4851 = CARTESIAN_POINT ( 'NONE',  ( 0.7250000000000171863, 1.844118304745738346, 0.2999999999999994893 ) ) ;
#4852 = CARTESIAN_POINT ( 'NONE',  ( 1.000000000000000222, 5.405551275463989391, 1.500000000000000000 ) ) ;
#4853 = DIRECTION ( 'NONE',  ( 0.000000000000000000, 1.000000000000000000, 0.000000000000000000 ) ) ;
#4854 = AXIS2_PLACEMENT_3D ( 'NONE', #3671, #2139, #27 ) ;
#4855 = VERTEX_POINT ( 'NONE', #4226 ) ;
#4856 = LINE ( 'NONE', #4887, #7 ) ;
#4857 = CARTESIAN_POINT ( 'NONE',  ( -0.7250000000000359490, 0.2000000000000000944, 0.3000000000000106470 ) ) ;
#4858 = CARTESIAN_POINT ( 'NONE',  ( 0.9500000000000002887, 0.05000000000000000278, 0.000000000000000000 ) ) ;
#4859 = CIRCLE ( 'NONE', #1311, 0.1250000000000126288 ) ;
#4860 = EDGE_CURVE ( 'NONE', #510, #2544, #130, .T. ) ;
#4861 = EDGE_CURVE ( 'NONE', #1108, #1629, #5595, .T. ) ;
#4862 = CARTESIAN_POINT ( 'NONE',  ( 0.7250000000000490497, 0.04999999999999999584, 0.1749999999999849454 ) ) ;
#4863 = DIRECTION ( 'NONE',  ( 1.000000000000000000, 0.000000000000000000, 0.000000000000000000 ) ) ;
#4864 = EDGE_LOOP ( 'NONE', ( #4762, #3629, #892, #3778, #485, #1852 ) ) ;
#4865 = EDGE_LOOP ( 'NONE', ( #3662, #4523, #662, #4518, #2733, #4628 ) ) ;
#4866 = PLANE ( 'NONE',  #3148 ) ;
#4867 = ORIENTED_EDGE ( 'NONE', *, *, #2558, .F. ) ;
#4868 = DIRECTION ( 'NONE',  ( 0.000000000000000000, 0.000000000000000000, 1.000000000000000000 ) ) ;
#4869 = ORIENTED_EDGE ( 'NONE', *, *, #4607, .F. ) ;
#4870 = CARTESIAN_POINT ( 'NONE',  ( -0.4999999999999872324, 0.2000000000000000111, 1.224999999999999867 ) ) ;
#4871 = ADVANCED_FACE ( 'NONE', ( #1718 ), #5818, .F. ) ;
#4872 = VECTOR ( 'NONE', #4396, 1000.000000000000000 ) ;
#4873 = ORIENTED_EDGE ( 'NONE', *, *, #283, .T. ) ;
#4874 = DIRECTION ( 'NONE',  ( 1.000000000000000000, 0.000000000000000000, 1.182766006347908700E-15 ) ) ;
#4875 = VECTOR ( 'NONE', #2428, 1000.000000000000000 ) ;
#4876 = CARTESIAN_POINT ( 'NONE',  ( 0.9500000000000002887, 0.000000000000000000, -1.000000000000019096 ) ) ;
#4877 = LINE ( 'NONE', #3500, #5603 ) ;
#4878 = VERTEX_POINT ( 'NONE', #4418 ) ;
#4879 = AXIS2_PLACEMENT_3D ( 'NONE', #534, #4116, #3272 ) ;
#4880 = CARTESIAN_POINT ( 'NONE',  ( 0.9999999999999997780, 0.1000000000000000056, 1.500000000000000000 ) ) ;
#4881 = VECTOR ( 'NONE', #4364, 1000.000000000000000 ) ;
#4882 = VECTOR ( 'NONE', #4723, 1000.000000000000000 ) ;
#4883 = CARTESIAN_POINT ( 'NONE',  ( 0.1250000000000234257, 0.000000000000000000, 1.450000000000000178 ) ) ;
#4884 = PLANE ( 'NONE',  #3297 ) ;
#4885 = CARTESIAN_POINT ( 'NONE',  ( -0.7250000000000410560, 0.000000000000000000, 0.04999999999998928912 ) ) ;
#4886 = ORIENTED_EDGE ( 'NONE', *, *, #55, .T. ) ;
#4887 = CARTESIAN_POINT ( 'NONE',  ( -0.6249999999999977796, 0.1000000000000000472, 1.224999999999999867 ) ) ;
#4888 =( LENGTH_UNIT ( ) NAMED_UNIT ( * ) SI_UNIT ( .MILLI., .METRE. ) );
#4889 = DIRECTION ( 'NONE',  ( -0.000000000000000000, -1.000000000000000000, -0.000000000000000000 ) ) ;
#4890 = ORIENTED_EDGE ( 'NONE', *, *, #5180, .F. ) ;
#4891 = EDGE_CURVE ( 'NONE', #2241, #575, #405, .T. ) ;
#4892 = LINE ( 'NONE', #2603, #1717 ) ;
#4893 = DIRECTION ( 'NONE',  ( -1.000000000000000000, 0.000000000000000000, -0.000000000000000000 ) ) ;
#4894 = EDGE_CURVE ( 'NONE', #4902, #4855, #767, .T. ) ;
#4895 = ORIENTED_EDGE ( 'NONE', *, *, #5539, .T. ) ;
#4896 = VERTEX_POINT ( 'NONE', #4005 ) ;
#4897 = LINE ( 'NONE', #3025, #2458 ) ;
#4898 = ORIENTED_EDGE ( 'NONE', *, *, #2109, .F. ) ;
#4899 = PRESENTATION_LAYER_ASSIGNMENT (  '', '', ( #1540 ) ) ;
#4900 = EDGE_LOOP ( 'NONE', ( #33, #3776, #3894, #4997 ) ) ;
#4901 = ORIENTED_EDGE ( 'NONE', *, *, #1889, .F. ) ;
#4902 = VERTEX_POINT ( 'NONE', #5852 ) ;
#4903 = EDGE_CURVE ( 'NONE', #5366, #846, #1623, .T. ) ;
#4904 = LINE ( 'NONE', #3976, #5479 ) ;
#4905 = VERTEX_POINT ( 'NONE', #1176 ) ;
#4906 = CARTESIAN_POINT ( 'NONE',  ( 0.000000000000000000, -0.000000000000000000, -1.450000000000000178 ) ) ;
#4907 = FACE_OUTER_BOUND ( 'NONE', #5426, .T. ) ;
#4908 = LINE ( 'NONE', #781, #1640 ) ;
#4909 = CARTESIAN_POINT ( 'NONE',  ( 0.3750000000000022760, 0.1000000000000000056, 1.224999999999999867 ) ) ;
#4910 = ORIENTED_EDGE ( 'NONE', *, *, #527, .T. ) ;
#4911 = CARTESIAN_POINT ( 'NONE',  ( -0.9999999999999997780, 0.8999999999999998002, -1.500000000000000000 ) ) ;
#4912 = EDGE_CURVE ( 'NONE', #3967, #282, #5786, .T. ) ;
#4913 = CARTESIAN_POINT ( 'NONE',  ( -0.6999999999999998446, 0.4464466094067260360, -1.200000000000000178 ) ) ;
#4914 = DIRECTION ( 'NONE',  ( -0.000000000000000000, -1.000000000000000000, -0.000000000000000000 ) ) ;
#4915 = CARTESIAN_POINT ( 'NONE',  ( -0.7250000000000341727, 0.2000000000000000944, 0.8000000000000107025 ) ) ;
#4916 = VERTEX_POINT ( 'NONE', #2179 ) ;
#4917 = CARTESIAN_POINT ( 'NONE',  ( 0.7250000000000490497, 0.2000000000000000944, 0.04999999999997421785 ) ) ;
#4918 = AXIS2_PLACEMENT_3D ( 'NONE', #3726, #1928, #4261 ) ;
#4919 = CARTESIAN_POINT ( 'NONE',  ( 0.7250000000000098588, 1.844118304745738346, -1.250000000000037081 ) ) ;
#4920 = CARTESIAN_POINT ( 'NONE',  ( -0.3749999999999766298, 1.844118304745738346, 1.450000000000000178 ) ) ;
#4921 = ORIENTED_EDGE ( 'NONE', *, *, #5112, .F. ) ;
#4922 = DIRECTION ( 'NONE',  ( -0.000000000000000000, 1.000000000000000000, -0.000000000000000000 ) ) ;
#4923 = DIRECTION ( 'NONE',  ( 0.000000000000000000, 0.000000000000000000, -1.000000000000000000 ) ) ;
#4924 = ORIENTED_EDGE ( 'NONE', *, *, #4912, .F. ) ;
#4925 = VERTEX_POINT ( 'NONE', #3905 ) ;
#4926 = VECTOR ( 'NONE', #3625, 1000.000000000000000 ) ;
#4927 = DIRECTION ( 'NONE',  ( -0.000000000000000000, 0.000000000000000000, -1.000000000000000000 ) ) ;
#4928 = EDGE_CURVE ( 'NONE', #3196, #5204, #1750, .T. ) ;
#4929 = EDGE_CURVE ( 'NONE', #5272, #5565, #377, .T. ) ;
#4930 = VECTOR ( 'NONE', #1573, 1000.000000000000000 ) ;
#4931 = ORIENTED_EDGE ( 'NONE', *, *, #4385, .T. ) ;
#4932 = ORIENTED_EDGE ( 'NONE', *, *, #877, .T. ) ;
#4933 = EDGE_LOOP ( 'NONE', ( #1467, #5033, #5487, #2110 ) ) ;
#4934 = UNCERTAINTY_MEASURE_WITH_UNIT (LENGTH_MEASURE( 1.000000000000000082E-05 ), #2244, 'distance_accuracy_value', 'NONE');
#4935 = ADVANCED_FACE ( 'NONE', ( #798 ), #1205, .F. ) ;
#4936 = ADVANCED_FACE ( 'NONE', ( #5371 ), #3456, .T. ) ;
#4937 = CARTESIAN_POINT ( 'NONE',  ( -0.9999999999999945599, 1.844118304745738346, 0.5499999999999994893 ) ) ;
#4938 = PLANE ( 'NONE',  #2625 ) ;
#4939 = CARTESIAN_POINT ( 'NONE',  ( -0.9999999999999997780, 0.2000000000000000111, -1.250000000000000000 ) ) ;
#4940 = ORIENTED_EDGE ( 'NONE', *, *, #1821, .F. ) ;
#4941 = PLANE ( 'NONE',  #3995 ) ;
#4942 = LINE ( 'NONE', #815, #1432 ) ;
#4943 = LINE ( 'NONE', #4342, #5485 ) ;
#4944 = CARTESIAN_POINT ( 'NONE',  ( 0.1250000000000233147, 0.2000000000000000111, 1.224999999999999867 ) ) ;
#4945 = ORIENTED_EDGE ( 'NONE', *, *, #4468, .T. ) ;
#4946 = DIRECTION ( 'NONE',  ( -1.000000000000000000, 0.000000000000000000, -2.168404344971152441E-14 ) ) ;
#4947 = AXIS2_PLACEMENT_3D ( 'NONE', #286, #315, #1652 ) ;
#4948 = SURFACE_STYLE_FILL_AREA ( #3081 ) ;
#4949 = ORIENTED_EDGE ( 'NONE', *, *, #3935, .F. ) ;
#4950 = AXIS2_PLACEMENT_3D ( 'NONE', #1708, #4410, #3513 ) ;
#4951 = CARTESIAN_POINT ( 'NONE',  ( 0.7250000000000490497, 0.04999999999999999584, 0.04999999999997232353 ) ) ;
#4952 = CARTESIAN_POINT ( 'NONE',  ( 0.6250000000000233147, 0.000000000000000000, 1.224999999999999867 ) ) ;
#4953 = ORIENTED_EDGE ( 'NONE', *, *, #2716, .T. ) ;
#4954 = CARTESIAN_POINT ( 'NONE',  ( -0.7250000000000359490, 0.2000000000000000944, 0.3000000000000106470 ) ) ;
#4955 = ORIENTED_EDGE ( 'NONE', *, *, #3214, .T. ) ;
#4956 = VECTOR ( 'NONE', #1615, 1000.000000000000000 ) ;
#4957 = LINE ( 'NONE', #2972, #4872 ) ;
#4958 = EDGE_LOOP ( 'NONE', ( #3078, #3941, #158, #2471 ) ) ;
#4959 = VERTEX_POINT ( 'NONE', #4485 ) ;
#4960 = ADVANCED_FACE ( 'NONE', ( #4452 ), #3937, .F. ) ;
#4961 = VERTEX_POINT ( 'NONE', #3061 ) ;
#4962 = EDGE_CURVE ( 'NONE', #3580, #164, #4897, .T. ) ;
#4963 = PLANE ( 'NONE',  #661 ) ;
#4964 = DIRECTION ( 'NONE',  ( 0.000000000000000000, 0.000000000000000000, 1.000000000000000000 ) ) ;
#4965 = CYLINDRICAL_SURFACE ( 'NONE', #700, 0.1250000000000174583 ) ;
#4966 = EDGE_LOOP ( 'NONE', ( #3204, #1976, #3970, #3060 ) ) ;
#4967 = EDGE_CURVE ( 'NONE', #107, #1929, #5395, .T. ) ;
#4968 = CARTESIAN_POINT ( 'NONE',  ( 0.7250000000000165201, 0.04999999999999999584, -0.6000000000000180744 ) ) ;
#4969 = AXIS2_PLACEMENT_3D ( 'NONE', #280, #4032, #2106 ) ;
#4970 = DIRECTION ( 'NONE',  ( 0.000000000000000000, 1.000000000000000000, 0.000000000000000000 ) ) ;
#4971 = CARTESIAN_POINT ( 'NONE',  ( -0.3749999999999766853, 0.000000000000000000, 1.224999999999999867 ) ) ;
#4972 = LINE ( 'NONE', #2719, #5253 ) ;
#4973 = ORIENTED_EDGE ( 'NONE', *, *, #2165, .F. ) ;
#4974 = LINE ( 'NONE', #4165, #2993 ) ;
#4975 = AXIS2_PLACEMENT_3D ( 'NONE', #2522, #4334, #5667 ) ;
#4976 = ADVANCED_FACE ( 'NONE', ( #5274 ), #4866, .F. ) ;
#4977 =( NAMED_UNIT ( * ) SI_UNIT ( $, .STERADIAN. ) SOLID_ANGLE_UNIT ( ) );
#4978 = ORIENTED_EDGE ( 'NONE', *, *, #279, .F. ) ;
#4979 = VECTOR ( 'NONE', #2459, 1000.000000000000000 ) ;
#4980 = AXIS2_PLACEMENT_3D ( 'NONE', #3733, #4, #30 ) ;
#4981 = LINE ( 'NONE', #984, #955 ) ;
#4982 = FACE_OUTER_BOUND ( 'NONE', #5480, .T. ) ;
#4983 = EDGE_CURVE ( 'NONE', #2122, #3821, #2575, .T. ) ;
#4984 = LINE ( 'NONE', #883, #3320 ) ;
#4985 = VERTEX_POINT ( 'NONE', #2611 ) ;
#4986 = ADVANCED_FACE ( 'NONE', ( #2145 ), #1236, .F. ) ;
#4987 = DIRECTION ( 'NONE',  ( 0.000000000000000000, 1.000000000000000000, 0.000000000000000000 ) ) ;
#4988 = ORIENTED_EDGE ( 'NONE', *, *, #2485, .F. ) ;
#4989 = ORIENTED_EDGE ( 'NONE', *, *, #2401, .T. ) ;
#4990 = UNCERTAINTY_MEASURE_WITH_UNIT (LENGTH_MEASURE( 1.000000000000000082E-05 ), #39, 'distance_accuracy_value', 'NONE');
#4991 = PLANE ( 'NONE',  #845 ) ;
#4992 = ORIENTED_EDGE ( 'NONE', *, *, #3037, .T. ) ;
#4993 = VECTOR ( 'NONE', #2159, 1000.000000000000000 ) ;
#4994 = DIRECTION ( 'NONE',  ( 0.000000000000000000, 0.000000000000000000, 1.000000000000000000 ) ) ;
#4995 = DIRECTION ( 'NONE',  ( 0.000000000000000000, 1.000000000000000000, 0.000000000000000000 ) ) ;
#4996 = DIRECTION ( 'NONE',  ( 0.000000000000000000, 1.000000000000000000, 0.000000000000000000 ) ) ;
#4997 = ORIENTED_EDGE ( 'NONE', *, *, #160, .F. ) ;
#4998 = DIRECTION ( 'NONE',  ( 0.000000000000000000, 1.000000000000000000, 0.000000000000000000 ) ) ;
#4999 = CARTESIAN_POINT ( 'NONE',  ( 0.7250000000000171863, 0.1000000000000000056, 0.2999999999999994893 ) ) ;
#5000 = LINE ( 'NONE', #2746, #4506 ) ;
#5001 = ORIENTED_EDGE ( 'NONE', *, *, #1163, .T. ) ;
#5002 = DIRECTION ( 'NONE',  ( 0.000000000000000000, -0.000000000000000000, 1.000000000000000000 ) ) ;
#5003 = EDGE_LOOP ( 'NONE', ( #410, #3721, #2285, #4576 ) ) ;
#5004 = EDGE_CURVE ( 'NONE', #72, #5313, #2852, .T. ) ;
#5005 = EDGE_CURVE ( 'NONE', #256, #2834, #3221, .T. ) ;
#5006 = EDGE_CURVE ( 'NONE', #288, #4565, #2323, .T. ) ;
#5007 = DIRECTION ( 'NONE',  ( 5.464378949326884287E-14, 0.000000000000000000, -1.000000000000000000 ) ) ;
#5008 = DIRECTION ( 'NONE',  ( -0.000000000000000000, -0.000000000000000000, -1.000000000000000000 ) ) ;
#5009 = AXIS2_PLACEMENT_3D ( 'NONE', #705, #1628, #5312 ) ;
#5010 = DIRECTION ( 'NONE',  ( 0.000000000000000000, -1.000000000000000000, 0.000000000000000000 ) ) ;
#5011 = DIRECTION ( 'NONE',  ( 0.000000000000000000, 0.000000000000000000, 1.000000000000000000 ) ) ;
#5012 = MECHANICAL_DESIGN_GEOMETRIC_PRESENTATION_REPRESENTATION (  '', ( #5293 ), #5231 ) ;
#5013 = CARTESIAN_POINT ( 'NONE',  ( -0.6249999999999977796, 0.2000000000000000944, 1.224999999999999867 ) ) ;
#5014 = VERTEX_POINT ( 'NONE', #963 ) ;
#5015 = AXIS2_PLACEMENT_3D ( 'NONE', #3991, #1610, #3446 ) ;
#5016 = EDGE_LOOP ( 'NONE', ( #5715, #5137, #3551, #3256, #4924, #3398, #11, #804, #2996, #5762, #3430, #2940, #3254, #229, #1495, #731, #4286, #2614, #46, #4081, #4201, #4659, #1208, #5420, #948, #1241, #1328, #2691, #2563, #1865, #422, #3370, #1751, #4297, #5461, #5392, #4501, #1687, #3585, #571, #3529, #5453, #4352, #2197, #3906, #441, #3008, #1143, #5756, #330, #1601, #2129, #1119, #4931, #5001 ) ) ;
#5017 = CARTESIAN_POINT ( 'NONE',  ( -0.9500000000000001776, 0.1000000000000000056, -1.450000000000000178 ) ) ;
#5018 = ORIENTED_EDGE ( 'NONE', *, *, #937, .F. ) ;
#5019 = VECTOR ( 'NONE', #396, 1000.000000000000000 ) ;
#5020 = FACE_OUTER_BOUND ( 'NONE', #5385, .T. ) ;
#5021 = DIRECTION ( 'NONE',  ( 0.000000000000000000, -0.000000000000000000, 1.000000000000000000 ) ) ;
#5022 = ORIENTED_EDGE ( 'NONE', *, *, #4088, .T. ) ;
#5023 = DIRECTION ( 'NONE',  ( 0.000000000000000000, -1.000000000000000000, 0.000000000000000000 ) ) ;
#5024 = CARTESIAN_POINT ( 'NONE',  ( -0.6249999999999977796, 0.000000000000000000, 1.224999999999999867 ) ) ;
#5025 = LINE ( 'NONE', #5495, #2258 ) ;
#5026 = DIRECTION ( 'NONE',  ( 0.000000000000000000, -0.000000000000000000, -1.000000000000000000 ) ) ;
#5027 = DIRECTION ( 'NONE',  ( 1.000000000000000000, 0.000000000000000000, 4.869053392799455353E-14 ) ) ;
#5028 = ADVANCED_FACE ( 'NONE', ( #2813 ), #489, .F. ) ;
#5029 = ORIENTED_EDGE ( 'NONE', *, *, #593, .T. ) ;
#5030 = FACE_OUTER_BOUND ( 'NONE', #4864, .T. ) ;
#5031 = CARTESIAN_POINT ( 'NONE',  ( -0.9500000000000001776, 0.1000000000000000056, -1.450000000000000178 ) ) ;
#5032 = AXIS2_PLACEMENT_3D ( 'NONE', #361, #1892, #1761 ) ;
#5033 = ORIENTED_EDGE ( 'NONE', *, *, #1799, .F. ) ;
#5034 = FACE_OUTER_BOUND ( 'NONE', #2637, .T. ) ;
#5035 = EDGE_CURVE ( 'NONE', #1818, #4985, #3173, .T. ) ;
#5036 = ADVANCED_FACE ( 'NONE', ( #3686 ), #2759, .F. ) ;
#5037 = CARTESIAN_POINT ( 'NONE',  ( 0.1249999999999928807, 0.2000000000000000944, -1.499999999999999778 ) ) ;
#5038 = CIRCLE ( 'NONE', #3793, 0.1250000000000105194 ) ;
#5039 = VECTOR ( 'NONE', #5238, 1000.000000000000000 ) ;
#5040 = EDGE_LOOP ( 'NONE', ( #5755, #76, #762, #3501 ) ) ;
#5041 = FACE_OUTER_BOUND ( 'NONE', #5862, .T. ) ;
#5042 = EDGE_LOOP ( 'NONE', ( #5107, #5817, #548, #4155 ) ) ;
#5043 = UNCERTAINTY_MEASURE_WITH_UNIT (LENGTH_MEASURE( 1.000000000000000082E-05 ), #2415, 'distance_accuracy_value', 'NONE');
#5044 = DIRECTION ( 'NONE',  ( 0.000000000000000000, -0.000000000000000000, 1.000000000000000000 ) ) ;
#5045 = EDGE_LOOP ( 'NONE', ( #1373, #3780, #4174, #982 ) ) ;
#5046 = PRESENTATION_LAYER_ASSIGNMENT (  '', '', ( #3619 ) ) ;
#5047 = VECTOR ( 'NONE', #1957, 1000.000000000000000 ) ;
#5048 = LINE ( 'NONE', #4073, #3257 ) ;
#5049 = DIRECTION ( 'NONE',  ( 0.000000000000000000, -1.000000000000000000, 0.000000000000000000 ) ) ;
#5050 = EDGE_CURVE ( 'NONE', #3282, #5546, #4170, .T. ) ;
#5051 = ORIENTED_EDGE ( 'NONE', *, *, #63, .F. ) ;
#5052 = ORIENTED_EDGE ( 'NONE', *, *, #1262, .F. ) ;
#5053 = LINE ( 'NONE', #4027, #5597 ) ;
#5054 = CARTESIAN_POINT ( 'NONE',  ( 1.000000000000000222, 0.1000000000000000056, -1.500000000000000000 ) ) ;
#5055 = CARTESIAN_POINT ( 'NONE',  ( -0.9999999999999997780, 0.1000000000000000056, 1.500000000000000000 ) ) ;
#5056 = CARTESIAN_POINT ( 'NONE',  ( -0.7250000000000392797, 0.2000000000000000111, -0.6000000000000085265 ) ) ;
#5057 = LINE ( 'NONE', #3653, #3820 ) ;
#5058 = VECTOR ( 'NONE', #2941, 1000.000000000000000 ) ;
#5059 = ORIENTED_EDGE ( 'NONE', *, *, #1038, .F. ) ;
#5060 = ORIENTED_EDGE ( 'NONE', *, *, #5145, .F. ) ;
#5061 = CARTESIAN_POINT ( 'NONE',  ( -0.9500000000000001776, 0.05000000000000000278, 0.000000000000000000 ) ) ;
#5062 = DIRECTION ( 'NONE',  ( -0.000000000000000000, -1.000000000000000000, -0.000000000000000000 ) ) ;
#5063 = AXIS2_PLACEMENT_3D ( 'NONE', #4376, #1678, #337 ) ;
#5064 = CARTESIAN_POINT ( 'NONE',  ( -0.1250000000000071332, 1.844118304745738346, 0.1250000000000001388 ) ) ;
#5065 = DIRECTION ( 'NONE',  ( 0.000000000000000000, -0.000000000000000000, 1.000000000000000000 ) ) ;
#5066 = VECTOR ( 'NONE', #1052, 1000.000000000000000 ) ;
#5067 = EDGE_CURVE ( 'NONE', #1753, #2257, #4090, .T. ) ;
#5068 = AXIS2_PLACEMENT_3D ( 'NONE', #3015, #4373, #5588 ) ;
#5069 = EDGE_CURVE ( 'NONE', #3718, #2036, #2236, .T. ) ;
#5070 = VECTOR ( 'NONE', #2254, 1000.000000000000000 ) ;
#5071 = ORIENTED_EDGE ( 'NONE', *, *, #3558, .T. ) ;
#5072 = CARTESIAN_POINT ( 'NONE',  ( 1.000000000000000000, 0.1000000000000000056, 0.04999999999997454397 ) ) ;
#5073 = VERTEX_POINT ( 'NONE', #16 ) ;
#5074 = VERTEX_POINT ( 'NONE', #3713 ) ;
#5075 = STYLED_ITEM ( 'NONE', ( #1502 ), #2486 ) ;
#5076 =( NAMED_UNIT ( * ) SI_UNIT ( $, .STERADIAN. ) SOLID_ANGLE_UNIT ( ) );
#5077 = EDGE_LOOP ( 'NONE', ( #2316, #3241, #3153, #3385 ) ) ;
#5078 = EDGE_CURVE ( 'NONE', #602, #5313, #1775, .T. ) ;
#5079 = DIRECTION ( 'NONE',  ( 0.000000000000000000, 1.000000000000000000, 0.000000000000000000 ) ) ;
#5080 = LINE ( 'NONE', #1475, #3566 ) ;
#5081 = DIRECTION ( 'NONE',  ( -1.000000000000000000, -0.000000000000000000, -0.000000000000000000 ) ) ;
#5082 = VERTEX_POINT ( 'NONE', #3276 ) ;
#5083 = CARTESIAN_POINT ( 'NONE',  ( -0.7250000000000582645, 0.000000000000000000, -0.3499999999999870992 ) ) ;
#5084 = VECTOR ( 'NONE', #2277, 1000.000000000000000 ) ;
#5085 = CARTESIAN_POINT ( 'NONE',  ( 0.7250000000000003109, 0.000000000000000000, -1.125000000000000666 ) ) ;
#5086 = CARTESIAN_POINT ( 'NONE',  ( 0.3750000000000022760, 0.2000000000000000944, 1.500000000000000000 ) ) ;
#5087 = PLANE ( 'NONE',  #5834 ) ;
#5088 = VECTOR ( 'NONE', #5049, 1000.000000000000000 ) ;
#5089 = DIRECTION ( 'NONE',  ( -0.000000000000000000, -1.000000000000000000, -0.000000000000000000 ) ) ;
#5090 = SURFACE_STYLE_USAGE ( .BOTH. , #3323 ) ;
#5091 = ORIENTED_EDGE ( 'NONE', *, *, #2807, .T. ) ;
#5092 = ORIENTED_EDGE ( 'NONE', *, *, #4493, .T. ) ;
#5093 = LINE ( 'NONE', #457, #3723 ) ;
#5094 = DIRECTION ( 'NONE',  ( 1.000000000000000000, 0.000000000000000000, -3.706000153223781540E-14 ) ) ;
#5095 = SURFACE_STYLE_FILL_AREA ( #564 ) ;
#5096 = DIRECTION ( 'NONE',  ( 0.000000000000000000, -1.000000000000000000, 0.000000000000000000 ) ) ;
#5097 = ORIENTED_EDGE ( 'NONE', *, *, #1163, .F. ) ;
#5098 = VERTEX_POINT ( 'NONE', #3247 ) ;
#5099 = ORIENTED_EDGE ( 'NONE', *, *, #2132, .F. ) ;
#5100 = CLOSED_SHELL ( 'NONE', ( #3093, #1008, #5111, #2232, #432, #2405, #5858, #1585 ) ) ;
#5101 = LINE ( 'NONE', #1412, #1872 ) ;
#5102 = EDGE_LOOP ( 'NONE', ( #2751, #182, #2682, #3646 ) ) ;
#5103 = ADVANCED_FACE ( 'NONE', ( #1834 ), #5455, .F. ) ;
#5104 = CARTESIAN_POINT ( 'NONE',  ( 0.6250000000000233147, 1.844118304745738346, 1.450000000000000178 ) ) ;
#5105 = ORIENTED_EDGE ( 'NONE', *, *, #4903, .F. ) ;
#5106 = PLANE ( 'NONE',  #3481 ) ;
#5107 = ORIENTED_EDGE ( 'NONE', *, *, #5396, .T. ) ;
#5108 = PLANE ( 'NONE',  #2860 ) ;
#5109 = EDGE_CURVE ( 'NONE', #5186, #403, #2350, .T. ) ;
#5110 = VECTOR ( 'NONE', #1140, 1000.000000000000000 ) ;
#5111 = ADVANCED_FACE ( 'NONE', ( #2840 ), #4064, .F. ) ;
#5112 = EDGE_CURVE ( 'NONE', #3783, #3716, #4984, .T. ) ;
#5113 = CARTESIAN_POINT ( 'NONE',  ( -0.1249999999999977240, 0.2000000000000000111, 1.224999999999999867 ) ) ;
#5114 = PLANE ( 'NONE',  #3972 ) ;
#5115 = CARTESIAN_POINT ( 'NONE',  ( -0.3749999999999769074, 0.05000000000000000278, 7.392287539673438368E-17 ) ) ;
#5116 = CARTESIAN_POINT ( 'NONE',  ( -0.1249999999999977240, 0.04999999999999999584, 1.224999999999999867 ) ) ;
#5117 = DIRECTION ( 'NONE',  ( 0.000000000000000000, 0.000000000000000000, 1.000000000000000000 ) ) ;
#5118 = CARTESIAN_POINT ( 'NONE',  ( -0.9500000000000001776, 0.1000000000000000056, 0.8000000000000015987 ) ) ;
#5119 = LINE ( 'NONE', #985, #5717 ) ;
#5120 = CARTESIAN_POINT ( 'NONE',  ( 1.000000000000000222, 0.1000000000000000056, -1.250000000000018874 ) ) ;
#5121 = CARTESIAN_POINT ( 'NONE',  ( -0.7250000000000341727, 1.844118304745738346, 0.8000000000000107025 ) ) ;
#5122 = ADVANCED_BREP_SHAPE_REPRESENTATION ( 'LMR36015FSC3RNXTQ1', ( #2609, #481, #4487, #4508, #2527, #4600, #497, #2592, #613, #2470, #4582, #2560, #598, #2486, #1795 ), #4379 ) ;
#5123 = EDGE_LOOP ( 'NONE', ( #4257, #1340, #4430, #3154 ) ) ;
#5124 = VECTOR ( 'NONE', #2114, 1000.000000000000000 ) ;
#5125 = VERTEX_POINT ( 'NONE', #2293 ) ;
#5126 = CARTESIAN_POINT ( 'NONE',  ( 0.3750000000000022760, 0.2000000000000000111, 1.224999999999999867 ) ) ;
#5127 = ORIENTED_EDGE ( 'NONE', *, *, #325, .T. ) ;
#5128 = VERTEX_POINT ( 'NONE', #5037 ) ;
#5129 = EDGE_CURVE ( 'NONE', #4046, #3091, #936, .T. ) ;
#5130 = VECTOR ( 'NONE', #5506, 1000.000000000000000 ) ;
#5131 = ORIENTED_EDGE ( 'NONE', *, *, #2616, .F. ) ;
#5132 = LINE ( 'NONE', #2447, #3177 ) ;
#5133 = VERTEX_POINT ( 'NONE', #434 ) ;
#5134 = EDGE_CURVE ( 'NONE', #3555, #5445, #3893, .T. ) ;
#5135 = CARTESIAN_POINT ( 'NONE',  ( -0.7250000000000359490, 0.000000000000000000, 0.3000000000000106470 ) ) ;
#5136 = DIRECTION ( 'NONE',  ( 0.000000000000000000, -1.000000000000000000, 0.000000000000000000 ) ) ;
#5137 = ORIENTED_EDGE ( 'NONE', *, *, #3842, .T. ) ;
#5138 = VECTOR ( 'NONE', #2190, 1000.000000000000000 ) ;
#5139 = CARTESIAN_POINT ( 'NONE',  ( 0.7250000000000189626, 0.000000000000000000, 0.7999999999999994893 ) ) ;
#5140 = VECTOR ( 'NONE', #4328, 1000.000000000000000 ) ;
#5141 = EDGE_CURVE ( 'NONE', #313, #3977, #4284, .T. ) ;
#5142 = CARTESIAN_POINT ( 'NONE',  ( -0.7250000000000359490, 1.844118304745738346, 0.3000000000000106470 ) ) ;
#5143 = LINE ( 'NONE', #5637, #3587 ) ;
#5144 = DIRECTION ( 'NONE',  ( 1.000000000000000000, 0.000000000000000000, 6.741766236183528432E-14 ) ) ;
#5145 = EDGE_CURVE ( 'NONE', #1116, #2515, #621, .T. ) ;
#5146 = FACE_OUTER_BOUND ( 'NONE', #87, .T. ) ;
#5147 = PLANE ( 'NONE',  #3636 ) ;
#5148 = CARTESIAN_POINT ( 'NONE',  ( 0.9500000000000002887, 0.2000000000000000111, -0.3500000000000190736 ) ) ;
#5149 = LINE ( 'NONE', #4701, #2696 ) ;
#5150 = EDGE_CURVE ( 'NONE', #4198, #4686, #656, .T. ) ;
#5151 = LINE ( 'NONE', #184, #2583 ) ;
#5152 = DIRECTION ( 'NONE',  ( -1.000000000000000000, 0.000000000000000000, -4.060829955128110545E-14 ) ) ;
#5153 = VECTOR ( 'NONE', #4511, 1000.000000000000000 ) ;
#5154 = VERTEX_POINT ( 'NONE', #539 ) ;
#5155 = VECTOR ( 'NONE', #3309, 1000.000000000000000 ) ;
#5156 = EDGE_LOOP ( 'NONE', ( #4988, #198, #5727, #1474 ) ) ;
#5157 = AXIS2_PLACEMENT_3D ( 'NONE', #3112, #5386, #2564 ) ;
#5158 = ADVANCED_FACE ( 'NONE', ( #4318 ), #1524, .F. ) ;
#5159 = LINE ( 'NONE', #159, #2668 ) ;
#5160 = ORIENTED_EDGE ( 'NONE', *, *, #3642, .T. ) ;
#5161 = LINE ( 'NONE', #3369, #1820 ) ;
#5162 = VERTEX_POINT ( 'NONE', #3804 ) ;
#5163 = SURFACE_SIDE_STYLE ('',( #4687 ) ) ;
#5164 = DIRECTION ( 'NONE',  ( 0.000000000000000000, 1.000000000000000000, 0.000000000000000000 ) ) ;
#5165 = EDGE_LOOP ( 'NONE', ( #3423, #5060, #3975, #887, #903 ) ) ;
#5166 = LINE ( 'NONE', #4661, #1212 ) ;
#5167 = DIRECTION ( 'NONE',  ( 4.060829955128110545E-14, 0.000000000000000000, -1.000000000000000000 ) ) ;
#5168 = CARTESIAN_POINT ( 'NONE',  ( 0.9999999999999783507, 0.2000000000000000944, -0.6000000000000187406 ) ) ;
#5169 = DIRECTION ( 'NONE',  ( -1.000000000000000000, 0.000000000000000000, 2.917489482324978130E-14 ) ) ;
#5170 = CARTESIAN_POINT ( 'NONE',  ( -0.7250000000000410560, 1.844118304745738346, 0.04999999999998928912 ) ) ;
#5171 = DIRECTION ( 'NONE',  ( -1.000000000000000000, 0.000000000000000000, 0.000000000000000000 ) ) ;
#5172 = AXIS2_PLACEMENT_3D ( 'NONE', #4074, #4995, #2766 ) ;
#5173 = CARTESIAN_POINT ( 'NONE',  ( 0.9999999999999997780, 0.1000000000000000056, 1.500000000000000000 ) ) ;
#5174 = PRESENTATION_STYLE_ASSIGNMENT (( #4312 ) ) ;
#5175 = DIRECTION ( 'NONE',  ( -1.000000000000000000, 0.000000000000000000, 0.000000000000000000 ) ) ;
#5176 = EDGE_LOOP ( 'NONE', ( #835, #287, #839, #1782, #4834, #1866, #3920, #3468, #3806, #3455, #2646, #1390, #5537, #2288, #370, #838, #4002, #1651, #2442, #1470 ) ) ;
#5177 = DIRECTION ( 'NONE',  ( 0.000000000000000000, 1.000000000000000000, 0.000000000000000000 ) ) ;
#5178 = CARTESIAN_POINT ( 'NONE',  ( -0.9500000000000001776, 0.2000000000000000111, 0.8000000000000015987 ) ) ;
#5179 = DIRECTION ( 'NONE',  ( 0.000000000000000000, -1.000000000000000000, 0.000000000000000000 ) ) ;
#5180 = EDGE_CURVE ( 'NONE', #4656, #2544, #1103, .T. ) ;
#5181 = EDGE_CURVE ( 'NONE', #4140, #1116, #2040, .T. ) ;
#5182 = DIRECTION ( 'NONE',  ( 0.000000000000000000, -1.000000000000000000, 0.000000000000000000 ) ) ;
#5183 = ORIENTED_EDGE ( 'NONE', *, *, #114, .F. ) ;
#5184 = ORIENTED_EDGE ( 'NONE', *, *, #3947, .T. ) ;
#5185 = CARTESIAN_POINT ( 'NONE',  ( 0.1250000000000234257, 0.1000000000000000056, 1.450000000000000178 ) ) ;
#5186 = VERTEX_POINT ( 'NONE', #4221 ) ;
#5187 = FACE_OUTER_BOUND ( 'NONE', #4453, .T. ) ;
#5188 = ORIENTED_EDGE ( 'NONE', *, *, #3775, .F. ) ;
#5189 = CLOSED_SHELL ( 'NONE', ( #5559, #1996, #3229, #5280, #1958, #5808, #433, #4960 ) ) ;
#5190 = DIRECTION ( 'NONE',  ( 0.000000000000000000, 1.000000000000000000, 0.000000000000000000 ) ) ;
#5191 = EDGE_LOOP ( 'NONE', ( #1293, #1953, #5724, #5247 ) ) ;
#5192 = CARTESIAN_POINT ( 'NONE',  ( -0.9500000000000001776, 0.1000000000000000056, -1.450000000000000178 ) ) ;
#5193 = ORIENTED_EDGE ( 'NONE', *, *, #5391, .T. ) ;
#5194 = LINE ( 'NONE', #1091, #3728 ) ;
#5195 = DIRECTION ( 'NONE',  ( 0.000000000000000000, -0.000000000000000000, 1.000000000000000000 ) ) ;
#5196 = CARTESIAN_POINT ( 'NONE',  ( -0.9999999999999963363, 0.2000000000000000111, 0.04999999999999948236 ) ) ;
#5197 = DIRECTION ( 'NONE',  ( 1.000000000000000000, 0.000000000000000000, -3.706000153223781540E-14 ) ) ;
#5198 = MECHANICAL_DESIGN_GEOMETRIC_PRESENTATION_REPRESENTATION (  '', ( #1855 ), #336 ) ;
#5199 = DIRECTION ( 'NONE',  ( 0.000000000000000000, 0.000000000000000000, -1.000000000000000000 ) ) ;
#5200 = VECTOR ( 'NONE', #2636, 1000.000000000000000 ) ;
#5201 = VECTOR ( 'NONE', #2711, 1000.000000000000000 ) ;
#5202 = FACE_OUTER_BOUND ( 'NONE', #1747, .T. ) ;
#5203 = DIRECTION ( 'NONE',  ( 1.000000000000000000, -0.000000000000000000, 2.168404344971152441E-14 ) ) ;
#5204 = VERTEX_POINT ( 'NONE', #4737 ) ;
#5205 = DIRECTION ( 'NONE',  ( 0.000000000000000000, -1.000000000000000000, 0.000000000000000000 ) ) ;
#5206 = ADVANCED_FACE ( 'NONE', ( #2006 ), #3868, .T. ) ;
#5207 = EDGE_CURVE ( 'NONE', #4055, #2610, #5038, .T. ) ;
#5208 = CARTESIAN_POINT ( 'NONE',  ( -0.9500000000000001776, 0.1000000000000000056, 1.450000000000000178 ) ) ;
#5209 = DIRECTION ( 'NONE',  ( -0.000000000000000000, -1.000000000000000000, -0.000000000000000000 ) ) ;
#5210 = CARTESIAN_POINT ( 'NONE',  ( -0.3749999999999766853, 1.844118304745738346, 1.224999999999999867 ) ) ;
#5211 = CARTESIAN_POINT ( 'NONE',  ( 0.7250000000000509370, 1.844118304745738346, -0.3500000000000021982 ) ) ;
#5212 = ORIENTED_EDGE ( 'NONE', *, *, #1490, .F. ) ;
#5213 = ADVANCED_FACE ( 'NONE', ( #3302 ), #1584, .T. ) ;
#5214 = ORIENTED_EDGE ( 'NONE', *, *, #3949, .T. ) ;
#5215 = CARTESIAN_POINT ( 'NONE',  ( 0.7250000000000441647, 0.000000000000000000, -1.000000000000002220 ) ) ;
#5216 = ORIENTED_EDGE ( 'NONE', *, *, #2475, .T. ) ;
#5217 = AXIS2_PLACEMENT_3D ( 'NONE', #4254, #2930, #3424 ) ;
#5218 = ORIENTED_EDGE ( 'NONE', *, *, #2444, .T. ) ;
#5219 = CARTESIAN_POINT ( 'NONE',  ( 0.7250000000000189626, 1.844118304745738346, 0.7999999999999994893 ) ) ;
#5220 = VERTEX_POINT ( 'NONE', #2866 ) ;
#5221 = CARTESIAN_POINT ( 'NONE',  ( -0.9500000000000001776, 1.844118304745738346, 0.04999999999999762967 ) ) ;
#5222 = VECTOR ( 'NONE', #3416, 1000.000000000000000 ) ;
#5223 = ORIENTED_EDGE ( 'NONE', *, *, #3584, .T. ) ;
#5224 = CARTESIAN_POINT ( 'NONE',  ( 0.9999999999999997780, 0.1000000000000000056, 1.500000000000000000 ) ) ;
#5225 = CARTESIAN_POINT ( 'NONE',  ( -0.7250000000000359490, 0.2000000000000000111, 0.3000000000000106470 ) ) ;
#5226 = DIRECTION ( 'NONE',  ( 0.000000000000000000, -0.000000000000000000, 1.000000000000000000 ) ) ;
#5227 = AXIS2_PLACEMENT_3D ( 'NONE', #4919, #2138, #822 ) ;
#5228 = FACE_OUTER_BOUND ( 'NONE', #3986, .T. ) ;
#5229 = VECTOR ( 'NONE', #1569, 1000.000000000000000 ) ;
#5230 = ADVANCED_FACE ( 'NONE', ( #125 ), #4675, .T. ) ;
#5231 =( GEOMETRIC_REPRESENTATION_CONTEXT ( 3 ) GLOBAL_UNCERTAINTY_ASSIGNED_CONTEXT ( ( #4990 ) ) GLOBAL_UNIT_ASSIGNED_CONTEXT ( ( #39, #1804, #2431 ) ) REPRESENTATION_CONTEXT ( 'NONE', 'WORKASPACE' ) );
#5232 = CARTESIAN_POINT ( 'NONE',  ( 0.7250000000000171863, 0.000000000000000000, 0.2999999999999994893 ) ) ;
#5233 = DIRECTION ( 'NONE',  ( 0.000000000000000000, 1.000000000000000000, 0.000000000000000000 ) ) ;
#5234 = ORIENTED_EDGE ( 'NONE', *, *, #1506, .T. ) ;
#5235 = CARTESIAN_POINT ( 'NONE',  ( 0.7250000000000069722, 0.000000000000000000, -0.4750000000000005884 ) ) ;
#5236 = FACE_OUTER_BOUND ( 'NONE', #853, .T. ) ;
#5237 = CARTESIAN_POINT ( 'NONE',  ( 1.000000000000030864, 0.2000000000000000944, 0.5499999999999745093 ) ) ;
#5238 = DIRECTION ( 'NONE',  ( 0.000000000000000000, 0.000000000000000000, 1.000000000000000000 ) ) ;
#5239 = FACE_OUTER_BOUND ( 'NONE', #861, .T. ) ;
#5240 = ORIENTED_EDGE ( 'NONE', *, *, #3231, .T. ) ;
#5241 = EDGE_CURVE ( 'NONE', #4686, #4228, #5591, .T. ) ;
#5242 = VERTEX_POINT ( 'NONE', #4706 ) ;
#5243 = VECTOR ( 'NONE', #2685, 1000.000000000000000 ) ;
#5244 = PLANE ( 'NONE',  #2947 ) ;
#5245 = AXIS2_PLACEMENT_3D ( 'NONE', #1435, #2375, #4217 ) ;
#5246 = VECTOR ( 'NONE', #2061, 1000.000000000000000 ) ;
#5247 = ORIENTED_EDGE ( 'NONE', *, *, #5440, .T. ) ;
#5248 = VERTEX_POINT ( 'NONE', #3330 ) ;
#5249 = CARTESIAN_POINT ( 'NONE',  ( 1.279358563532895232E-14, 0.2000000000000000944, 1.224999999999999867 ) ) ;
#5250 = ORIENTED_EDGE ( 'NONE', *, *, #1039, .F. ) ;
#5251 = CARTESIAN_POINT ( 'NONE',  ( 0.3750000000000022760, 0.2000000000000000111, 1.500000000000000000 ) ) ;
#5252 = VECTOR ( 'NONE', #5489, 1000.000000000000000 ) ;
#5253 = VECTOR ( 'NONE', #334, 1000.000000000000000 ) ;
#5254 = EDGE_LOOP ( 'NONE', ( #3119, #1025, #1075, #5501, #4489, #4733 ) ) ;
#5255 = CARTESIAN_POINT ( 'NONE',  ( -0.9500000000000001776, 0.2000000000000000111, 0.3000000000000014877 ) ) ;
#5256 = CARTESIAN_POINT ( 'NONE',  ( 0.7250000000000165201, 0.2000000000000000111, -0.6000000000000180744 ) ) ;
#5257 = DIRECTION ( 'NONE',  ( -1.000000000000000000, 0.000000000000000000, 1.075528555105637943E-13 ) ) ;
#5258 = VECTOR ( 'NONE', #4843, 1000.000000000000000 ) ;
#5259 = DIRECTION ( 'NONE',  ( 0.000000000000000000, 1.000000000000000000, 0.000000000000000000 ) ) ;
#5260 = LINE ( 'NONE', #2524, #171 ) ;
#5261 = CARTESIAN_POINT ( 'NONE',  ( 0.7250000000000441647, 0.2000000000000000944, -1.000000000000002220 ) ) ;
#5262 = DIRECTION ( 'NONE',  ( 0.000000000000000000, 0.000000000000000000, 1.000000000000000000 ) ) ;
#5263 = FACE_OUTER_BOUND ( 'NONE', #4676, .T. ) ;
#5264 = FACE_OUTER_BOUND ( 'NONE', #1881, .T. ) ;
#5265 = ORIENTED_EDGE ( 'NONE', *, *, #5712, .T. ) ;
#5266 = CARTESIAN_POINT ( 'NONE',  ( -0.6000000000000262901, 0.2000000000000000111, -1.250000000000022427 ) ) ;
#5267 = SURFACE_STYLE_USAGE ( .BOTH. , #152 ) ;
#5268 = CARTESIAN_POINT ( 'NONE',  ( 1.000000000000000222, 0.8999999999999998002, 1.500000000000000000 ) ) ;
#5269 = AXIS2_PLACEMENT_3D ( 'NONE', #3268, #5089, #981 ) ;
#5270 = CARTESIAN_POINT ( 'NONE',  ( 0.1249999999999929223, 0.2000000000000000944, 0.1250000000000001388 ) ) ;
#5271 = CARTESIAN_POINT ( 'NONE',  ( 1.000000000000029088, 0.2000000000000000111, 0.04999999999997454397 ) ) ;
#5272 = VERTEX_POINT ( 'NONE', #589 ) ;
#5273 = EDGE_LOOP ( 'NONE', ( #5787, #2777, #409, #677 ) ) ;
#5274 = FACE_OUTER_BOUND ( 'NONE', #472, .T. ) ;
#5275 = ORIENTED_EDGE ( 'NONE', *, *, #4224, .F. ) ;
#5276 = ORIENTED_EDGE ( 'NONE', *, *, #5181, .T. ) ;
#5277 = CYLINDRICAL_SURFACE ( 'NONE', #5009, 0.1250000000000001110 ) ;
#5278 = ORIENTED_EDGE ( 'NONE', *, *, #325, .F. ) ;
#5279 = EDGE_CURVE ( 'NONE', #2380, #2356, #3998, .T. ) ;
#5280 = ADVANCED_FACE ( 'NONE', ( #1463 ), #4766, .F. ) ;
#5281 = PLANE ( 'NONE',  #5903 ) ;
#5282 = ORIENTED_EDGE ( 'NONE', *, *, #469, .T. ) ;
#5283 = VERTEX_POINT ( 'NONE', #2891 ) ;
#5284 = CIRCLE ( 'NONE', #5561, 0.1250000000000107414 ) ;
#5285 = CARTESIAN_POINT ( 'NONE',  ( -0.1250000000000071332, 0.1000000000000000056, -1.450000000000000178 ) ) ;
#5286 = DIRECTION ( 'NONE',  ( -0.000000000000000000, 1.000000000000000000, -0.000000000000000000 ) ) ;
#5287 = CARTESIAN_POINT ( 'NONE',  ( 0.3750000000000022760, 0.2000000000000000111, 1.500000000000000000 ) ) ;
#5288 = CARTESIAN_POINT ( 'NONE',  ( 1.000000000000000000, 0.1000000000000000056, -0.6000000000000185185 ) ) ;
#5289 = VERTEX_POINT ( 'NONE', #154 ) ;
#5290 = EDGE_CURVE ( 'NONE', #1018, #1810, #1971, .T. ) ;
#5291 = EDGE_CURVE ( 'NONE', #1869, #4896, #249, .T. ) ;
#5292 = FACE_OUTER_BOUND ( 'NONE', #1598, .T. ) ;
#5293 = STYLED_ITEM ( 'NONE', ( #514 ), #481 ) ;
#5294 = CYLINDRICAL_SURFACE ( 'NONE', #5536, 0.1250000000000001110 ) ;
#5295 = PLANE ( 'NONE',  #1670 ) ;
#5296 = PLANE ( 'NONE',  #1908 ) ;
#5297 = ORIENTED_EDGE ( 'NONE', *, *, #5207, .F. ) ;
#5298 = DIRECTION ( 'NONE',  ( 1.000000000000000000, 0.000000000000000000, -3.706000153223781540E-14 ) ) ;
#5299 = FACE_OUTER_BOUND ( 'NONE', #3133, .T. ) ;
#5300 = DIRECTION ( 'NONE',  ( -0.000000000000000000, -0.000000000000000000, 1.000000000000000000 ) ) ;
#5301 = VECTOR ( 'NONE', #221, 1000.000000000000000 ) ;
#5302 = VECTOR ( 'NONE', #448, 1000.000000000000000 ) ;
#5303 = LINE ( 'NONE', #3964, #90 ) ;
#5304 = FACE_OUTER_BOUND ( 'NONE', #222, .T. ) ;
#5305 = ADVANCED_FACE ( 'NONE', ( #4798 ), #695, .F. ) ;
#5306 = ORIENTED_EDGE ( 'NONE', *, *, #940, .T. ) ;
#5307 = EDGE_LOOP ( 'NONE', ( #2512, #375, #3583, #4604 ) ) ;
#5308 = CARTESIAN_POINT ( 'NONE',  ( 0.9500000000000002887, 0.05000000000000000278, 0.000000000000000000 ) ) ;
#5309 = ORIENTED_EDGE ( 'NONE', *, *, #941, .T. ) ;
#5310 = EDGE_LOOP ( 'NONE', ( #5895, #3752, #701, #3940, #292 ) ) ;
#5311 = EDGE_LOOP ( 'NONE', ( #5212, #2274, #1023, #3312, #2269, #3464 ) ) ;
#5312 = DIRECTION ( 'NONE',  ( 0.000000000000000000, 0.000000000000000000, 1.000000000000000000 ) ) ;
#5313 = VERTEX_POINT ( 'NONE', #2566 ) ;
#5314 = CYLINDRICAL_SURFACE ( 'NONE', #1017, 0.1250000000000126288 ) ;
#5315 = ADVANCED_FACE ( 'NONE', ( #5679 ), #1553, .F. ) ;
#5316 = VERTEX_POINT ( 'NONE', #5237 ) ;
#5317 = CARTESIAN_POINT ( 'NONE',  ( -0.9999999999999945599, 0.2000000000000000944, 0.5499999999999994893 ) ) ;
#5318 = CARTESIAN_POINT ( 'NONE',  ( -0.6000000000000262901, 0.000000000000000000, -0.9999999999999913403 ) ) ;
#5319 = CARTESIAN_POINT ( 'NONE',  ( 0.9500000000000002887, 0.1000000000000000056, -1.450000000000000178 ) ) ;
#5320 = ORIENTED_EDGE ( 'NONE', *, *, #2020, .F. ) ;
#5321 = EDGE_CURVE ( 'NONE', #4114, #5654, #1135, .T. ) ;
#5322 = SURFACE_STYLE_FILL_AREA ( #2626 ) ;
#5323 = VECTOR ( 'NONE', #2666, 1000.000000000000000 ) ;
#5324 = ADVANCED_FACE ( 'NONE', ( #3867 ), #153, .T. ) ;
#5325 = CARTESIAN_POINT ( 'NONE',  ( -0.9500000000000001776, 0.1000000000000000056, -1.450000000000000178 ) ) ;
#5326 = CARTESIAN_POINT ( 'NONE',  ( 0.9999999999999997780, 0.8999999999999998002, 1.500000000000000000 ) ) ;
#5327 = DIRECTION ( 'NONE',  ( 0.000000000000000000, 1.000000000000000000, 0.000000000000000000 ) ) ;
#5328 = VECTOR ( 'NONE', #565, 1000.000000000000000 ) ;
#5329 = ORIENTED_EDGE ( 'NONE', *, *, #5720, .F. ) ;
#5330 = CARTESIAN_POINT ( 'NONE',  ( 0.7250000000000069722, 1.844118304745738346, -0.4750000000000005884 ) ) ;
#5331 = CARTESIAN_POINT ( 'NONE',  ( 0.7250000000000508260, 0.2000000000000000944, 0.5499999999999723999 ) ) ;
#5332 = LINE ( 'NONE', #4920, #4478 ) ;
#5333 = VECTOR ( 'NONE', #3564, 1000.000000000000000 ) ;
#5334 = ADVANCED_FACE ( 'NONE', ( #694 ), #655, .F. ) ;
#5335 = DIRECTION ( 'NONE',  ( 0.000000000000000000, 0.000000000000000000, -1.000000000000000000 ) ) ;
#5336 = PLANE ( 'NONE',  #1465 ) ;
#5337 = ORIENTED_EDGE ( 'NONE', *, *, #1995, .T. ) ;
#5338 = ORIENTED_EDGE ( 'NONE', *, *, #3763, .F. ) ;
#5339 = DIRECTION ( 'NONE',  ( 1.445602896647339163E-16, 0.000000000000000000, -1.000000000000000000 ) ) ;
#5340 = ORIENTED_EDGE ( 'NONE', *, *, #1112, .T. ) ;
#5341 = ADVANCED_FACE ( 'NONE', ( #4797 ), #5651, .F. ) ;
#5342 = ORIENTED_EDGE ( 'NONE', *, *, #4018, .T. ) ;
#5343 = ORIENTED_EDGE ( 'NONE', *, *, #2885, .F. ) ;
#5344 = LINE ( 'NONE', #1243, #3758 ) ;
#5345 = ORIENTED_EDGE ( 'NONE', *, *, #752, .T. ) ;
#5346 = DIRECTION ( 'NONE',  ( 0.000000000000000000, -0.000000000000000000, 1.000000000000000000 ) ) ;
#5347 = VECTOR ( 'NONE', #1155, 1000.000000000000000 ) ;
#5348 = ORIENTED_EDGE ( 'NONE', *, *, #1114, .F. ) ;
#5349 = CARTESIAN_POINT ( 'NONE',  ( -0.6999999999999998446, 0.7999999999999999334, -1.200000000000000178 ) ) ;
#5350 = CARTESIAN_POINT ( 'NONE',  ( -0.7250000000000359490, 0.000000000000000000, 0.3000000000000106470 ) ) ;
#5351 = CARTESIAN_POINT ( 'NONE',  ( 0.7250000000000171863, 0.2000000000000000944, 0.2999999999999994893 ) ) ;
#5352 = ORIENTED_EDGE ( 'NONE', *, *, #2821, .F. ) ;
#5353 = VECTOR ( 'NONE', #2845, 1000.000000000000000 ) ;
#5354 = VECTOR ( 'NONE', #3541, 1000.000000000000000 ) ;
#5355 = VECTOR ( 'NONE', #3789, 1000.000000000000000 ) ;
#5356 = LINE ( 'NONE', #1674, #1247 ) ;
#5357 = CARTESIAN_POINT ( 'NONE',  ( 0.7250000000000003109, 1.844118304745738346, -1.125000000000000666 ) ) ;
#5358 = DIRECTION ( 'NONE',  ( 0.000000000000000000, 0.000000000000000000, 1.000000000000000000 ) ) ;
#5359 = VERTEX_POINT ( 'NONE', #1616 ) ;
#5360 = LINE ( 'NONE', #2660, #1518 ) ;
#5361 = FACE_OUTER_BOUND ( 'NONE', #324, .T. ) ;
#5362 = ORIENTED_EDGE ( 'NONE', *, *, #4560, .T. ) ;
#5363 = EDGE_CURVE ( 'NONE', #4495, #2074, #3803, .T. ) ;
#5364 = DIRECTION ( 'NONE',  ( 0.000000000000000000, 0.000000000000000000, 1.000000000000000000 ) ) ;
#5365 = DIRECTION ( 'NONE',  ( 0.000000000000000000, 0.000000000000000000, -1.000000000000000000 ) ) ;
#5366 = VERTEX_POINT ( 'NONE', #2102 ) ;
#5367 = ORIENTED_EDGE ( 'NONE', *, *, #2505, .T. ) ;
#5368 = VECTOR ( 'NONE', #2127, 1000.000000000000000 ) ;
#5369 = EDGE_CURVE ( 'NONE', #5283, #2868, #219, .T. ) ;
#5370 = EDGE_CURVE ( 'NONE', #437, #4540, #2502, .T. ) ;
#5371 = FACE_OUTER_BOUND ( 'NONE', #2177, .T. ) ;
#5372 = ORIENTED_EDGE ( 'NONE', *, *, #5134, .T. ) ;
#5373 = MECHANICAL_DESIGN_GEOMETRIC_PRESENTATION_REPRESENTATION (  '', ( #5075 ), #3001 ) ;
#5374 = VERTEX_POINT ( 'NONE', #1583 ) ;
#5375 = VERTEX_POINT ( 'NONE', #2005 ) ;
#5376 = SURFACE_SIDE_STYLE ('',( #2299 ) ) ;
#5377 = FACE_OUTER_BOUND ( 'NONE', #3180, .T. ) ;
#5378 = DIRECTION ( 'NONE',  ( 0.000000000000000000, 1.000000000000000000, 0.000000000000000000 ) ) ;
#5379 = LINE ( 'NONE', #3009, #5333 ) ;
#5380 = EDGE_LOOP ( 'NONE', ( #5691, #1409, #4890, #624 ) ) ;
#5381 = DIRECTION ( 'NONE',  ( 1.000000000000000000, 0.000000000000000000, 0.000000000000000000 ) ) ;
#5382 = DIRECTION ( 'NONE',  ( 0.000000000000000000, 1.000000000000000000, 0.000000000000000000 ) ) ;
#5383 = DIRECTION ( 'NONE',  ( 0.000000000000000000, 1.000000000000000000, 0.000000000000000000 ) ) ;
#5384 = DIRECTION ( 'NONE',  ( -0.000000000000000000, -1.000000000000000000, -0.000000000000000000 ) ) ;
#5385 = EDGE_LOOP ( 'NONE', ( #2148, #5265, #2048, #5686 ) ) ;
#5386 = DIRECTION ( 'NONE',  ( 0.000000000000000000, -1.000000000000000000, 0.000000000000000000 ) ) ;
#5387 = PLANE ( 'NONE',  #3230 ) ;
#5388 = ORIENTED_EDGE ( 'NONE', *, *, #3871, .T. ) ;
#5389 = PLANE ( 'NONE',  #1613 ) ;
#5390 = DIRECTION ( 'NONE',  ( 0.000000000000000000, -1.000000000000000000, 0.000000000000000000 ) ) ;
#5391 = EDGE_CURVE ( 'NONE', #5074, #2835, #3019, .T. ) ;
#5392 = ORIENTED_EDGE ( 'NONE', *, *, #5797, .T. ) ;
#5393 = VECTOR ( 'NONE', #1558, 1000.000000000000000 ) ;
#5394 = AXIS2_PLACEMENT_3D ( 'NONE', #1060, #1543, #4692 ) ;
#5395 = LINE ( 'NONE', #1294, #2362 ) ;
#5396 = EDGE_CURVE ( 'NONE', #807, #1151, #3360, .T. ) ;
#5397 = EDGE_LOOP ( 'NONE', ( #666, #5297, #859, #4561 ) ) ;
#5398 = CARTESIAN_POINT ( 'NONE',  ( -0.7250000000000582645, 0.2000000000000000111, -0.3499999999999870992 ) ) ;
#5399 = VECTOR ( 'NONE', #4787, 1000.000000000000000 ) ;
#5400 = EDGE_CURVE ( 'NONE', #2688, #2272, #3898, .T. ) ;
#5401 = VERTEX_POINT ( 'NONE', #3415 ) ;
#5402 = EDGE_LOOP ( 'NONE', ( #983, #1298, #4182, #3910, #5499, #4156 ) ) ;
#5403 = UNCERTAINTY_MEASURE_WITH_UNIT (LENGTH_MEASURE( 1.000000000000000082E-05 ), #5574, 'distance_accuracy_value', 'NONE');
#5404 = DIRECTION ( 'NONE',  ( 0.000000000000000000, 1.000000000000000000, 0.000000000000000000 ) ) ;
#5405 = VERTEX_POINT ( 'NONE', #726 ) ;
#5406 = EDGE_CURVE ( 'NONE', #4356, #1326, #1647, .T. ) ;
#5407 = PLANE ( 'NONE',  #1240 ) ;
#5408 = DIRECTION ( 'NONE',  ( 0.000000000000000000, -1.000000000000000000, 0.000000000000000000 ) ) ;
#5409 = DIRECTION ( 'NONE',  ( 0.000000000000000000, -0.000000000000000000, 1.000000000000000000 ) ) ;
#5410 = VERTEX_POINT ( 'NONE', #2890 ) ;
#5411 = DIRECTION ( 'NONE',  ( -0.000000000000000000, -1.000000000000000000, -0.000000000000000000 ) ) ;
#5412 = CARTESIAN_POINT ( 'NONE',  ( -0.1250000000000071332, 0.2000000000000000944, -1.500000000000000000 ) ) ;
#5413 = CARTESIAN_POINT ( 'NONE',  ( 0.9500000000000002887, 1.844118304745738346, -1.250000000000021982 ) ) ;
#5414 = CARTESIAN_POINT ( 'NONE',  ( -0.9500000000000001776, 0.1000000000000000056, -1.450000000000000178 ) ) ;
#5415 = EDGE_LOOP ( 'NONE', ( #2352, #416, #3235, #1944 ) ) ;
#5416 = PLANE ( 'NONE',  #194 ) ;
#5417 = VECTOR ( 'NONE', #5716, 1000.000000000000000 ) ;
#5418 = ADVANCED_FACE ( 'NONE', ( #4704 ), #588, .F. ) ;
#5419 =( NAMED_UNIT ( * ) PLANE_ANGLE_UNIT ( ) SI_UNIT ( $, .RADIAN. ) );
#5420 = ORIENTED_EDGE ( 'NONE', *, *, #5611, .T. ) ;
#5421 = VECTOR ( 'NONE', #1408, 1000.000000000000000 ) ;
#5422 = CARTESIAN_POINT ( 'NONE',  ( 0.5000000000000127676, 0.2000000000000000111, 1.224999999999999867 ) ) ;
#5423 = CARTESIAN_POINT ( 'NONE',  ( -0.1250000000000071332, 0.2000000000000000111, -1.500000000000000000 ) ) ;
#5424 = AXIS2_PLACEMENT_3D ( 'NONE', #2762, #2737, #4546 ) ;
#5425 = DIRECTION ( 'NONE',  ( 0.000000000000000000, -1.000000000000000000, 0.000000000000000000 ) ) ;
#5426 = EDGE_LOOP ( 'NONE', ( #550, #4456, #2387, #2953 ) ) ;
#5427 = DIRECTION ( 'NONE',  ( 0.000000000000000000, 0.000000000000000000, 1.000000000000000000 ) ) ;
#5428 = ORIENTED_EDGE ( 'NONE', *, *, #4550, .F. ) ;
#5429 = ORIENTED_EDGE ( 'NONE', *, *, #801, .T. ) ;
#5430 = DIRECTION ( 'NONE',  ( 0.000000000000000000, 1.000000000000000000, 0.000000000000000000 ) ) ;
#5431 = ORIENTED_EDGE ( 'NONE', *, *, #1779, .T. ) ;
#5432 = DIRECTION ( 'NONE',  ( 0.000000000000000000, -0.000000000000000000, 1.000000000000000000 ) ) ;
#5433 = EDGE_CURVE ( 'NONE', #3695, #288, #1523, .T. ) ;
#5434 = LINE ( 'NONE', #5888, #5084 ) ;
#5435 = FACE_OUTER_BOUND ( 'NONE', #3185, .T. ) ;
#5436 = ORIENTED_EDGE ( 'NONE', *, *, #5781, .T. ) ;
#5437 = DIRECTION ( 'NONE',  ( -1.000000000000000000, 0.000000000000000000, 0.000000000000000000 ) ) ;
#5438 = AXIS2_PLACEMENT_3D ( 'NONE', #750, #1673, #5702 ) ;
#5439 = EDGE_CURVE ( 'NONE', #2820, #5272, #2922, .T. ) ;
#5440 = EDGE_CURVE ( 'NONE', #1571, #3459, #1289, .T. ) ;
#5441 = VECTOR ( 'NONE', #562, 1000.000000000000000 ) ;
#5442 = CARTESIAN_POINT ( 'NONE',  ( 0.000000000000000000, 0.1000000000000000056, 0.000000000000000000 ) ) ;
#5443 = PLANE ( 'NONE',  #1466 ) ;
#5444 = CARTESIAN_POINT ( 'NONE',  ( -0.6249999999999977796, 0.2000000000000000944, 1.500000000000000000 ) ) ;
#5445 = VERTEX_POINT ( 'NONE', #2336 ) ;
#5446 = DIRECTION ( 'NONE',  ( -1.000000000000000000, 0.000000000000000000, -6.702340702638594572E-14 ) ) ;
#5447 = AXIS2_PLACEMENT_3D ( 'NONE', #84, #3210, #5026 ) ;
#5448 = ORIENTED_EDGE ( 'NONE', *, *, #96, .T. ) ;
#5449 = AXIS2_PLACEMENT_3D ( 'NONE', #2949, #1096, #1040 ) ;
#5450 = VECTOR ( 'NONE', #5894, 1000.000000000000000 ) ;
#5451 = CARTESIAN_POINT ( 'NONE',  ( -0.7250000000000341727, 0.2000000000000000944, 0.8000000000000107025 ) ) ;
#5452 = PLANE ( 'NONE',  #4196 ) ;
#5453 = ORIENTED_EDGE ( 'NONE', *, *, #1229, .T. ) ;
#5454 = LINE ( 'NONE', #5064, #5869 ) ;
#5455 = PLANE ( 'NONE',  #540 ) ;
#5456 = DIRECTION ( 'NONE',  ( 1.000000000000000000, 0.000000000000000000, -7.490851373537457304E-14 ) ) ;
#5457 = ORIENTED_EDGE ( 'NONE', *, *, #5439, .T. ) ;
#5458 = ORIENTED_EDGE ( 'NONE', *, *, #1661, .F. ) ;
#5459 = UNCERTAINTY_MEASURE_WITH_UNIT (LENGTH_MEASURE( 1.000000000000000082E-05 ), #686, 'distance_accuracy_value', 'NONE');
#5460 = CARTESIAN_POINT ( 'NONE',  ( 1.000000000000000000, 0.1000000000000000056, 0.5499999999999745093 ) ) ;
#5461 = ORIENTED_EDGE ( 'NONE', *, *, #1330, .T. ) ;
#5462 = AXIS2_PLACEMENT_3D ( 'NONE', #4432, #2189, #5829 ) ;
#5463 = LINE ( 'NONE', #442, #1381 ) ;
#5464 = EDGE_CURVE ( 'NONE', #260, #2965, #2770, .T. ) ;
#5465 = CARTESIAN_POINT ( 'NONE',  ( 0.7250000000000171863, 0.000000000000000000, 0.2999999999999994893 ) ) ;
#5466 = CARTESIAN_POINT ( 'NONE',  ( 0.000000000000000000, 0.1000000000000000056, 0.000000000000000000 ) ) ;
#5467 = ORIENTED_EDGE ( 'NONE', *, *, #3860, .T. ) ;
#5468 = EDGE_CURVE ( 'NONE', #5475, #3412, #5332, .T. ) ;
#5469 = CARTESIAN_POINT ( 'NONE',  ( 0.6250000000000233147, 0.04999999999999999584, 1.224999999999999867 ) ) ;
#5470 = CARTESIAN_POINT ( 'NONE',  ( 0.5000000000000127676, 1.844118304745738346, 1.224999999999999867 ) ) ;
#5471 = CYLINDRICAL_SURFACE ( 'NONE', #4025, 0.1250000000000105194 ) ;
#5472 = ADVANCED_FACE ( 'NONE', ( #1391 ), #757, .F. ) ;
#5473 = EDGE_CURVE ( 'NONE', #2515, #668, #1200, .T. ) ;
#5474 = DIRECTION ( 'NONE',  ( -0.000000000000000000, 1.000000000000000000, -0.000000000000000000 ) ) ;
#5475 = VERTEX_POINT ( 'NONE', #1871 ) ;
#5476 = ORIENTED_EDGE ( 'NONE', *, *, #4265, .T. ) ;
#5477 = DIRECTION ( 'NONE',  ( 1.000000000000000000, 0.000000000000000000, 0.000000000000000000 ) ) ;
#5478 = LINE ( 'NONE', #3830, #4875 ) ;
#5479 = VECTOR ( 'NONE', #4779, 1000.000000000000000 ) ;
#5480 = EDGE_LOOP ( 'NONE', ( #2763, #131, #1668, #1843, #1269, #3035 ) ) ;
#5481 = CARTESIAN_POINT ( 'NONE',  ( -0.6000000000000262901, 0.000000000000000000, -0.9999999999999913403 ) ) ;
#5482 = DIRECTION ( 'NONE',  ( 0.000000000000000000, 0.000000000000000000, 1.000000000000000000 ) ) ;
#5483 = ADVANCED_FACE ( 'NONE', ( #921 ), #4444, .F. ) ;
#5484 = VERTEX_POINT ( 'NONE', #823 ) ;
#5485 = VECTOR ( 'NONE', #2064, 1000.000000000000000 ) ;
#5486 = EDGE_LOOP ( 'NONE', ( #2335, #5800, #855, #3089 ) ) ;
#5487 = ORIENTED_EDGE ( 'NONE', *, *, #359, .T. ) ;
#5488 = VECTOR ( 'NONE', #5582, 1000.000000000000000 ) ;
#5489 = DIRECTION ( 'NONE',  ( 0.000000000000000000, -1.000000000000000000, 0.000000000000000000 ) ) ;
#5490 = CARTESIAN_POINT ( 'NONE',  ( 0.9500000000000002887, 0.1000000000000000056, 0.2999999999999812816 ) ) ;
#5491 = CARTESIAN_POINT ( 'NONE',  ( -0.7250000000000392797, 0.2000000000000000111, -0.6000000000000085265 ) ) ;
#5492 = VERTEX_POINT ( 'NONE', #2599 ) ;
#5493 = DIRECTION ( 'NONE',  ( -1.000000000000000000, 0.000000000000000000, -5.464378949326884287E-14 ) ) ;
#5494 = PLANE ( 'NONE',  #652 ) ;
#5495 = CARTESIAN_POINT ( 'NONE',  ( 0.3750000000000022760, 0.2000000000000000944, 1.224999999999999867 ) ) ;
#5496 = DIRECTION ( 'NONE',  ( 1.000000000000000000, 0.000000000000000000, -0.000000000000000000 ) ) ;
#5498 = EDGE_CURVE ( 'NONE', #4855, #5648, #1679, .T. ) ;
#5497 = DIRECTION ( 'NONE',  ( 1.000000000000000000, 0.000000000000000000, -0.000000000000000000 ) ) ;
#5499 = ORIENTED_EDGE ( 'NONE', *, *, #2115, .F. ) ;
#5500 = EDGE_CURVE ( 'NONE', #3578, #938, #474, .T. ) ;
#5501 = ORIENTED_EDGE ( 'NONE', *, *, #1528, .F. ) ;
#5502 = PLANE ( 'NONE',  #1906 ) ;
#5503 = FACE_OUTER_BOUND ( 'NONE', #1496, .T. ) ;
#5504 = VECTOR ( 'NONE', #5567, 1000.000000000000000 ) ;
#5505 = LINE ( 'NONE', #5558, #2429 ) ;
#5506 = DIRECTION ( 'NONE',  ( -1.000000000000000000, 0.000000000000000000, -6.702340702638594572E-14 ) ) ;
#5507 = ADVANCED_FACE ( 'NONE', ( #3574 ), #5387, .T. ) ;
#5508 = VECTOR ( 'NONE', #1274, 1000.000000000000000 ) ;
#5509 = ORIENTED_EDGE ( 'NONE', *, *, #5464, .F. ) ;
#5510 = CARTESIAN_POINT ( 'NONE',  ( 0.9500000000000002887, 0.1000000000000000056, -1.450000000000000178 ) ) ;
#5511 = EDGE_LOOP ( 'NONE', ( #2779, #1650, #2963, #2760, #5091 ) ) ;
#5512 = ORIENTED_EDGE ( 'NONE', *, *, #4811, .T. ) ;
#5513 = EDGE_CURVE ( 'NONE', #4061, #3365, #2311, .T. ) ;
#5514 = CARTESIAN_POINT ( 'NONE',  ( -0.7250000000000392797, 1.844118304745738346, -0.6000000000000085265 ) ) ;
#5515 = CYLINDRICAL_SURFACE ( 'NONE', #1738, 0.1250000000000106859 ) ;
#5516 = DIRECTION ( 'NONE',  ( 0.000000000000000000, -1.000000000000000000, 0.000000000000000000 ) ) ;
#5517 = ORIENTED_EDGE ( 'NONE', *, *, #4526, .T. ) ;
#5518 = LINE ( 'NONE', #1420, #1975 ) ;
#5519 = CARTESIAN_POINT ( 'NONE',  ( -1.000000000000006439, 0.2000000000000000111, -0.6000000000000005329 ) ) ;
#5520 = DIRECTION ( 'NONE',  ( 0.000000000000000000, -1.000000000000000000, 0.000000000000000000 ) ) ;
#5521 = FACE_OUTER_BOUND ( 'NONE', #2049, .T. ) ;
#5522 = CARTESIAN_POINT ( 'NONE',  ( 0.000000000000000000, 0.1000000000000000056, 0.000000000000000000 ) ) ;
#5523 = AXIS2_PLACEMENT_3D ( 'NONE', #1004, #4267, #2364 ) ;
#5524 = PLANE ( 'NONE',  #3168 ) ;
#5525 = ORIENTED_EDGE ( 'NONE', *, *, #1302, .T. ) ;
#5526 = STYLED_ITEM ( 'NONE', ( #120 ), #4487 ) ;
#5527 = DIRECTION ( 'NONE',  ( 0.000000000000000000, -0.000000000000000000, 1.000000000000000000 ) ) ;
#5528 = CARTESIAN_POINT ( 'NONE',  ( -0.1250000000000071332, 0.2000000000000000944, -1.500000000000000000 ) ) ;
#5529 = VECTOR ( 'NONE', #4441, 1000.000000000000000 ) ;
#5530 = ADVANCED_FACE ( 'NONE', ( #4131, #949 ), #3053, .T. ) ;
#5531 = ADVANCED_FACE ( 'NONE', ( #5361 ), #1259, .F. ) ;
#5532 = LINE ( 'NONE', #5481, #1461 ) ;
#5533 = CARTESIAN_POINT ( 'NONE',  ( 0.7250000000000098588, 0.2000000000000000944, -1.250000000000037081 ) ) ;
#5534 = VECTOR ( 'NONE', #5628, 1000.000000000000000 ) ;
#5535 = VECTOR ( 'NONE', #3570, 1000.000000000000000 ) ;
#5536 = AXIS2_PLACEMENT_3D ( 'NONE', #4913, #2133, #3476 ) ;
#5537 = ORIENTED_EDGE ( 'NONE', *, *, #4532, .T. ) ;
#5538 = EDGE_CURVE ( 'NONE', #818, #1399, #5053, .T. ) ;
#5539 = EDGE_CURVE ( 'NONE', #706, #2124, #3113, .T. ) ;
#5540 = ORIENTED_EDGE ( 'NONE', *, *, #4337, .T. ) ;
#5541 = VERTEX_POINT ( 'NONE', #4157 ) ;
#5542 = FACE_OUTER_BOUND ( 'NONE', #682, .T. ) ;
#5543 = ORIENTED_EDGE ( 'NONE', *, *, #908, .F. ) ;
#5544 = ORIENTED_EDGE ( 'NONE', *, *, #3252, .F. ) ;
#5545 = DIRECTION ( 'NONE',  ( -0.000000000000000000, -0.000000000000000000, -1.000000000000000000 ) ) ;
#5546 = VERTEX_POINT ( 'NONE', #54 ) ;
#5547 = CARTESIAN_POINT ( 'NONE',  ( -0.4999999999999872324, 0.2000000000000000111, 1.224999999999999867 ) ) ;
#5548 = ORIENTED_EDGE ( 'NONE', *, *, #3786, .F. ) ;
#5549 = DIRECTION ( 'NONE',  ( 0.000000000000000000, 0.000000000000000000, -1.000000000000000000 ) ) ;
#5550 = VECTOR ( 'NONE', #5027, 1000.000000000000000 ) ;
#5551 = LINE ( 'NONE', #3759, #2692 ) ;
#5552 = CARTESIAN_POINT ( 'NONE',  ( 1.000000000000030864, 0.2000000000000000111, 0.5499999999999745093 ) ) ;
#5553 = DIRECTION ( 'NONE',  ( 0.000000000000000000, -1.000000000000000000, 0.000000000000000000 ) ) ;
#5554 = MECHANICAL_DESIGN_GEOMETRIC_PRESENTATION_REPRESENTATION (  '', ( #669 ), #407 ) ;
#5555 = DIRECTION ( 'NONE',  ( 0.000000000000000000, -1.000000000000000000, 0.000000000000000000 ) ) ;
#5556 = CARTESIAN_POINT ( 'NONE',  ( 1.000000000000000222, 0.1000000000000000056, -1.000000000000023093 ) ) ;
#5557 = CARTESIAN_POINT ( 'NONE',  ( 0.7250000000000003109, 0.2000000000000000111, -0.9999999999999831246 ) ) ;
#5558 = CARTESIAN_POINT ( 'NONE',  ( -0.6000000000000262901, 0.2000000000000000111, -0.9999999999999913403 ) ) ;
#5559 = ADVANCED_FACE ( 'NONE', ( #3962 ), #5777, .T. ) ;
#5560 = DIRECTION ( 'NONE',  ( -1.182766006347908897E-15, 0.000000000000000000, 1.000000000000000000 ) ) ;
#5561 = AXIS2_PLACEMENT_3D ( 'NONE', #1567, #1001, #975 ) ;
#5562 = EDGE_CURVE ( 'NONE', #5289, #1813, #5166, .T. ) ;
#5563 = ORIENTED_EDGE ( 'NONE', *, *, #4307, .F. ) ;
#5564 = EDGE_CURVE ( 'NONE', #3533, #965, #5633, .T. ) ;
#5565 = VERTEX_POINT ( 'NONE', #3313 ) ;
#5566 = AXIS2_PLACEMENT_3D ( 'NONE', #5219, #806, #4089 ) ;
#5567 = DIRECTION ( 'NONE',  ( -0.000000000000000000, 1.000000000000000000, -0.000000000000000000 ) ) ;
#5568 = ORIENTED_EDGE ( 'NONE', *, *, #2294, .T. ) ;
#5569 = EDGE_LOOP ( 'NONE', ( #3165, #4973, #5614, #2287 ) ) ;
#5570 = EDGE_CURVE ( 'NONE', #5707, #258, #1029, .T. ) ;
#5571 = ORIENTED_EDGE ( 'NONE', *, *, #5005, .F. ) ;
#5572 = CARTESIAN_POINT ( 'NONE',  ( 1.000000000000030864, 1.844118304745738346, 0.5499999999999745093 ) ) ;
#5573 = EDGE_LOOP ( 'NONE', ( #4835, #73, #3460, #105 ) ) ;
#5574 =( LENGTH_UNIT ( ) NAMED_UNIT ( * ) SI_UNIT ( .MILLI., .METRE. ) );
#5575 = CYLINDRICAL_SURFACE ( 'NONE', #4918, 0.1250000000000001110 ) ;
#5576 = ORIENTED_EDGE ( 'NONE', *, *, #3509, .F. ) ;
#5577 = DIRECTION ( 'NONE',  ( 1.000000000000000000, -0.000000000000000000, 0.000000000000000000 ) ) ;
#5578 = VECTOR ( 'NONE', #3933, 1000.000000000000000 ) ;
#5579 = STYLED_ITEM ( 'NONE', ( #5174 ), #2609 ) ;
#5580 = EDGE_CURVE ( 'NONE', #1251, #1870, #4719, .T. ) ;
#5581 = CARTESIAN_POINT ( 'NONE',  ( 0.9999999999999783507, 0.2000000000000000111, -0.6000000000000187406 ) ) ;
#5582 = DIRECTION ( 'NONE',  ( 1.445602896647339163E-16, 0.000000000000000000, -1.000000000000000000 ) ) ;
#5583 = PLANE ( 'NONE',  #4778 ) ;
#5584 = LINE ( 'NONE', #1575, #683 ) ;
#5585 = FACE_OUTER_BOUND ( 'NONE', #2010, .T. ) ;
#5586 = LINE ( 'NONE', #5173, #4507 ) ;
#5587 = SURFACE_STYLE_USAGE ( .BOTH. , #1965 ) ;
#5588 = DIRECTION ( 'NONE',  ( 0.000000000000000000, 0.000000000000000000, 1.000000000000000000 ) ) ;
#5589 = EDGE_CURVE ( 'NONE', #5445, #2087, #4263, .T. ) ;
#5590 = LINE ( 'NONE', #1522, #4956 ) ;
#5591 = LINE ( 'NONE', #2987, #5899 ) ;
#5592 = EDGE_LOOP ( 'NONE', ( #4139, #2245, #2990, #5850, #1864 ) ) ;
#5593 = AXIS2_PLACEMENT_3D ( 'NONE', #4652, #4077, #2192 ) ;
#5594 = ORIENTED_EDGE ( 'NONE', *, *, #5004, .T. ) ;
#5595 = LINE ( 'NONE', #1497, #4650 ) ;
#5596 = ORIENTED_EDGE ( 'NONE', *, *, #3043, .F. ) ;
#5597 = VECTOR ( 'NONE', #2202, 1000.000000000000000 ) ;
#5598 = ORIENTED_EDGE ( 'NONE', *, *, #2230, .F. ) ;
#5599 = DIRECTION ( 'NONE',  ( -0.000000000000000000, -1.000000000000000000, -0.000000000000000000 ) ) ;
#5600 = VERTEX_POINT ( 'NONE', #4690 ) ;
#5601 = DIRECTION ( 'NONE',  ( 0.000000000000000000, 0.000000000000000000, 1.000000000000000000 ) ) ;
#5602 = EDGE_LOOP ( 'NONE', ( #5788, #1271, #1659, #1361, #3307, #2353 ) ) ;
#5603 = VECTOR ( 'NONE', #4013, 1000.000000000000000 ) ;
#5604 = DIRECTION ( 'NONE',  ( -1.000000000000000000, 0.000000000000000000, -0.000000000000000000 ) ) ;
#5605 = EDGE_CURVE ( 'NONE', #827, #1450, #2939, .T. ) ;
#5606 = CARTESIAN_POINT ( 'NONE',  ( 0.7250000000000509370, 0.2000000000000000944, -0.3500000000000021982 ) ) ;
#5607 = CARTESIAN_POINT ( 'NONE',  ( 0.1249999999999928807, 0.000000000000000000, 0.1250000000000001388 ) ) ;
#5608 = CARTESIAN_POINT ( 'NONE',  ( 0.9999999999999997780, 0.1000000000000000056, 1.500000000000000000 ) ) ;
#5609 = LINE ( 'NONE', #4758, #5851 ) ;
#5610 = EDGE_CURVE ( 'NONE', #2093, #827, #1451, .T. ) ;
#5611 = EDGE_CURVE ( 'NONE', #1810, #5546, #4483, .T. ) ;
#5612 = CARTESIAN_POINT ( 'NONE',  ( -0.4999999999999872324, 0.2000000000000000111, 1.224999999999999867 ) ) ;
#5613 = DIRECTION ( 'NONE',  ( -1.000000000000000000, 0.000000000000000000, 3.706000153223781540E-14 ) ) ;
#5614 = ORIENTED_EDGE ( 'NONE', *, *, #2267, .F. ) ;
#5615 = FACE_OUTER_BOUND ( 'NONE', #3428, .T. ) ;
#5616 = CARTESIAN_POINT ( 'NONE',  ( 0.7250000000000490497, 0.2000000000000000111, 0.04999999999997232353 ) ) ;
#5617 = CARTESIAN_POINT ( 'NONE',  ( 0.000000000000000000, 0.1000000000000000056, 0.000000000000000000 ) ) ;
#5618 = DIRECTION ( 'NONE',  ( 0.000000000000000000, 0.000000000000000000, 1.000000000000000000 ) ) ;
#5619 = DIRECTION ( 'NONE',  ( 0.000000000000000000, 0.000000000000000000, -1.000000000000000000 ) ) ;
#5620 = VERTEX_POINT ( 'NONE', #2826 ) ;
#5621 = VECTOR ( 'NONE', #1830, 1000.000000000000000 ) ;
#5622 = VERTEX_POINT ( 'NONE', #4752 ) ;
#5623 = VECTOR ( 'NONE', #4473, 1000.000000000000000 ) ;
#5624 = DIRECTION ( 'NONE',  ( -1.075528555105637943E-13, 0.000000000000000000, -1.000000000000000000 ) ) ;
#5625 = VERTEX_POINT ( 'NONE', #111 ) ;
#5626 = AXIS2_PLACEMENT_3D ( 'NONE', #5085, #5864, #3186 ) ;
#5627 = ORIENTED_EDGE ( 'NONE', *, *, #4622, .T. ) ;
#5628 = DIRECTION ( 'NONE',  ( 0.000000000000000000, -1.000000000000000000, 0.000000000000000000 ) ) ;
#5629 = EDGE_LOOP ( 'NONE', ( #4423, #3280, #3637, #910 ) ) ;
#5630 = CARTESIAN_POINT ( 'NONE',  ( 0.000000000000000000, 0.1000000000000000056, 0.000000000000000000 ) ) ;
#5631 = CARTESIAN_POINT ( 'NONE',  ( -0.9500000000000001776, 0.1000000000000000056, -1.450000000000000178 ) ) ;
#5632 = ORIENTED_EDGE ( 'NONE', *, *, #2778, .F. ) ;
#5633 = LINE ( 'NONE', #1505, #362 ) ;
#5634 = VERTEX_POINT ( 'NONE', #4638 ) ;
#5635 = EDGE_CURVE ( 'NONE', #288, #1810, #1901, .T. ) ;
#5636 = CARTESIAN_POINT ( 'NONE',  ( 0.3750000000000022760, 0.2000000000000000944, 1.224999999999999867 ) ) ;
#5637 = CARTESIAN_POINT ( 'NONE',  ( -0.9999999999999997780, 5.405551275463989391, 1.500000000000000000 ) ) ;
#5638 = CARTESIAN_POINT ( 'NONE',  ( -0.6249999999999977796, 0.2000000000000000944, 1.500000000000000000 ) ) ;
#5639 = CARTESIAN_POINT ( 'NONE',  ( -0.9999999999999963363, 0.2000000000000000944, 0.2999999999999994893 ) ) ;
#5640 = ADVANCED_FACE ( 'NONE', ( #2418 ), #5108, .F. ) ;
#5641 = LINE ( 'NONE', #4727, #3251 ) ;
#5642 = MECHANICAL_DESIGN_GEOMETRIC_PRESENTATION_REPRESENTATION (  '', ( #1540 ), #1164 ) ;
#5643 = EDGE_CURVE ( 'NONE', #340, #1813, #4298, .T. ) ;
#5644 = EDGE_CURVE ( 'NONE', #1813, #698, #3341, .T. ) ;
#5645 = CARTESIAN_POINT ( 'NONE',  ( -0.7250000000000392797, 0.1000000000000000472, 0.5499999999999892752 ) ) ;
#5646 = DIRECTION ( 'NONE',  ( 0.000000000000000000, 0.000000000000000000, -1.000000000000000000 ) ) ;
#5647 = LINE ( 'NONE', #1098, #1037 ) ;
#5648 = VERTEX_POINT ( 'NONE', #1930 ) ;
#5649 = CARTESIAN_POINT ( 'NONE',  ( 0.1250000000000233147, 0.1000000000000000056, 1.224999999999999867 ) ) ;
#5650 = FACE_OUTER_BOUND ( 'NONE', #1443, .T. ) ;
#5651 = PLANE ( 'NONE',  #2073 ) ;
#5652 = DIRECTION ( 'NONE',  ( 0.000000000000000000, 1.000000000000000000, 0.000000000000000000 ) ) ;
#5653 = FACE_OUTER_BOUND ( 'NONE', #3139, .T. ) ;
#5654 = VERTEX_POINT ( 'NONE', #526 ) ;
#5655 = EDGE_LOOP ( 'NONE', ( #2318, #4873, #1947, #5790, #5509, #34 ) ) ;
#5656 = DIRECTION ( 'NONE',  ( 0.000000000000000000, -0.000000000000000000, 1.000000000000000000 ) ) ;
#5657 = ORIENTED_EDGE ( 'NONE', *, *, #279, .T. ) ;
#5658 = DIRECTION ( 'NONE',  ( 2.168404344971152125E-14, 0.000000000000000000, -1.000000000000000000 ) ) ;
#5659 = ORIENTED_EDGE ( 'NONE', *, *, #2567, .T. ) ;
#5660 = CLOSED_SHELL ( 'NONE', ( #2945, #2300, #5472, #3708, #4056, #2649, #3981, #841 ) ) ;
#5661 = DIRECTION ( 'NONE',  ( 0.000000000000000000, 1.000000000000000000, 0.000000000000000000 ) ) ;
#5662 = ORIENTED_EDGE ( 'NONE', *, *, #941, .F. ) ;
#5663 = CARTESIAN_POINT ( 'NONE',  ( 0.7250000000000171863, 0.2000000000000000111, 0.2999999999999994893 ) ) ;
#5664 = ORIENTED_EDGE ( 'NONE', *, *, #4175, .T. ) ;
#5665 = CARTESIAN_POINT ( 'NONE',  ( -0.7250000000000392797, 0.2000000000000000944, -0.6000000000000085265 ) ) ;
#5666 = CARTESIAN_POINT ( 'NONE',  ( 0.9500000000000002887, 0.000000000000000000, -0.4750000000000005884 ) ) ;
#5667 = DIRECTION ( 'NONE',  ( 0.000000000000000000, -0.000000000000000000, -1.000000000000000000 ) ) ;
#5668 = DIRECTION ( 'NONE',  ( 0.000000000000000000, -0.000000000000000000, 1.000000000000000000 ) ) ;
#5669 = VECTOR ( 'NONE', #1254, 1000.000000000000000 ) ;
#5670 = SURFACE_STYLE_FILL_AREA ( #718 ) ;
#5671 = VECTOR ( 'NONE', #979, 1000.000000000000000 ) ;
#5672 = CARTESIAN_POINT ( 'NONE',  ( -0.4999999999999872324, 0.04999999999999999584, 1.099999999999989431 ) ) ;
#5673 = ADVANCED_FACE ( 'NONE', ( #639 ), #2361, .T. ) ;
#5674 =( NAMED_UNIT ( * ) SI_UNIT ( $, .STERADIAN. ) SOLID_ANGLE_UNIT ( ) );
#5675 = CARTESIAN_POINT ( 'NONE',  ( -0.4999999999999872324, 0.2000000000000000111, 1.099999999999989431 ) ) ;
#5676 = ORIENTED_EDGE ( 'NONE', *, *, #3639, .T. ) ;
#5677 = CARTESIAN_POINT ( 'NONE',  ( -0.4999999999999872324, 0.2000000000000000111, 1.224999999999999867 ) ) ;
#5678 = PLANE ( 'NONE',  #3329 ) ;
#5679 = FACE_OUTER_BOUND ( 'NONE', #3069, .T. ) ;
#5680 = DIRECTION ( 'NONE',  ( 0.000000000000000000, -1.000000000000000000, 0.000000000000000000 ) ) ;
#5681 = LINE ( 'NONE', #4801, #5110 ) ;
#5682 = EDGE_LOOP ( 'NONE', ( #1891, #3973, #4486, #2015 ) ) ;
#5683 = ORIENTED_EDGE ( 'NONE', *, *, #4817, .T. ) ;
#5684 = EDGE_CURVE ( 'NONE', #4395, #4462, #202, .T. ) ;
#5685 = LINE ( 'NONE', #1049, #5688 ) ;
#5686 = ORIENTED_EDGE ( 'NONE', *, *, #4018, .F. ) ;
#5687 = ORIENTED_EDGE ( 'NONE', *, *, #4710, .T. ) ;
#5688 = VECTOR ( 'NONE', #1592, 1000.000000000000000 ) ;
#5689 = ORIENTED_EDGE ( 'NONE', *, *, #874, .F. ) ;
#5690 = DIRECTION ( 'NONE',  ( -8.121659910255105326E-14, 0.000000000000000000, -1.000000000000000000 ) ) ;
#5691 = ORIENTED_EDGE ( 'NONE', *, *, #5610, .T. ) ;
#5692 = FACE_OUTER_BOUND ( 'NONE', #2791, .T. ) ;
#5693 = AXIS2_PLACEMENT_3D ( 'NONE', #5210, #1071, #1942 ) ;
#5694 = ORIENTED_EDGE ( 'NONE', *, *, #761, .F. ) ;
#5695 = ORIENTED_EDGE ( 'NONE', *, *, #1877, .T. ) ;
#5696 = DIRECTION ( 'NONE',  ( 1.445602896647339163E-16, 0.000000000000000000, -1.000000000000000000 ) ) ;
#5697 = PLANE ( 'NONE',  #49 ) ;
#5698 = PLANE ( 'NONE',  #862 ) ;
#5699 = DIRECTION ( 'NONE',  ( 1.000000000000000000, 0.000000000000000000, 0.000000000000000000 ) ) ;
#5700 = VECTOR ( 'NONE', #578, 1000.000000000000000 ) ;
#5701 = DIRECTION ( 'NONE',  ( 1.000000000000000000, 0.000000000000000000, -8.121659910255104064E-14 ) ) ;
#5702 = DIRECTION ( 'NONE',  ( 0.000000000000000000, 0.000000000000000000, -1.000000000000000000 ) ) ;
#5703 = CIRCLE ( 'NONE', #4382, 0.1250000000000105194 ) ;
#5704 = LINE ( 'NONE', #4851, #778 ) ;
#5705 = CARTESIAN_POINT ( 'NONE',  ( -0.4999999999999872324, 0.2000000000000000111, 1.224999999999999867 ) ) ;
#5706 = LINE ( 'NONE', #3769, #412 ) ;
#5707 = VERTEX_POINT ( 'NONE', #139 ) ;
#5708 = LINE ( 'NONE', #3833, #3255 ) ;
#5709 = SURFACE_STYLE_FILL_AREA ( #4316 ) ;
#5710 = DIRECTION ( 'NONE',  ( 0.000000000000000000, 1.000000000000000000, 0.000000000000000000 ) ) ;
#5711 = CARTESIAN_POINT ( 'NONE',  ( 1.279358563532895232E-14, 0.2000000000000000111, 1.099999999999989431 ) ) ;
#5712 = EDGE_CURVE ( 'NONE', #1924, #2326, #3817, .T. ) ;
#5713 = EDGE_CURVE ( 'NONE', #1178, #2074, #3374, .T. ) ;
#5714 = ORIENTED_EDGE ( 'NONE', *, *, #5498, .T. ) ;
#5715 = ORIENTED_EDGE ( 'NONE', *, *, #4503, .F. ) ;
#5716 = DIRECTION ( 'NONE',  ( 0.000000000000000000, -1.000000000000000000, 0.000000000000000000 ) ) ;
#5717 = VECTOR ( 'NONE', #2782, 1000.000000000000000 ) ;
#5718 = EDGE_CURVE ( 'NONE', #1980, #1324, #5518, .T. ) ;
#5719 = PRESENTATION_LAYER_ASSIGNMENT (  '', '', ( #1617 ) ) ;
#5720 = EDGE_CURVE ( 'NONE', #191, #4517, #2584, .T. ) ;
#5721 = EDGE_CURVE ( 'NONE', #3539, #5366, #707, .T. ) ;
#5722 = ORIENTED_EDGE ( 'NONE', *, *, #4414, .T. ) ;
#5723 = ORIENTED_EDGE ( 'NONE', *, *, #4817, .F. ) ;
#5724 = ORIENTED_EDGE ( 'NONE', *, *, #4644, .T. ) ;
#5725 = VECTOR ( 'NONE', #5169, 1000.000000000000000 ) ;
#5726 = CARTESIAN_POINT ( 'NONE',  ( 0.9500000000000002887, 0.000000000000000000, 0.04999999999997237210 ) ) ;
#5727 = ORIENTED_EDGE ( 'NONE', *, *, #2444, .F. ) ;
#5728 = DIRECTION ( 'NONE',  ( -0.000000000000000000, 1.000000000000000000, -0.000000000000000000 ) ) ;
#5729 = AXIS2_PLACEMENT_3D ( 'NONE', #5572, #135, #2413 ) ;
#5730 = VECTOR ( 'NONE', #1905, 1000.000000000000000 ) ;
#5731 = EDGE_LOOP ( 'NONE', ( #4651, #1267, #3242, #2240 ) ) ;
#5732 = CARTESIAN_POINT ( 'NONE',  ( -0.9500000000000001776, 0.05000000000000000278, -0.9999999999999935607 ) ) ;
#5733 = CARTESIAN_POINT ( 'NONE',  ( -0.9500000000000001776, 0.1000000000000000056, -1.450000000000000178 ) ) ;
#5734 = LINE ( 'NONE', #3471, #3458 ) ;
#5735 = ORIENTED_EDGE ( 'NONE', *, *, #3092, .T. ) ;
#5736 = PLANE ( 'NONE',  #1493 ) ;
#5737 = ORIENTED_EDGE ( 'NONE', *, *, #2363, .T. ) ;
#5738 = CARTESIAN_POINT ( 'NONE',  ( -0.9500000000000001776, 0.1000000000000000056, 1.450000000000000178 ) ) ;
#5739 = DIRECTION ( 'NONE',  ( 3.706000153223781540E-14, 0.000000000000000000, 1.000000000000000000 ) ) ;
#5740 = CARTESIAN_POINT ( 'NONE',  ( -0.6999999999999998446, 0.9000000000000000222, -1.074999999999999956 ) ) ;
#5741 = DIRECTION ( 'NONE',  ( 0.000000000000000000, -0.000000000000000000, 1.000000000000000000 ) ) ;
#5742 = ORIENTED_EDGE ( 'NONE', *, *, #5145, .T. ) ;
#5743 = CARTESIAN_POINT ( 'NONE',  ( -0.6249999999999977796, 0.1000000000000000056, 1.450000000000000178 ) ) ;
#5744 = CARTESIAN_POINT ( 'NONE',  ( -0.9500000000000001776, 0.05000000000000000278, 0.5499999999999976019 ) ) ;
#5745 = DIRECTION ( 'NONE',  ( 0.000000000000000000, -0.000000000000000000, 1.000000000000000000 ) ) ;
#5746 = AXIS2_PLACEMENT_3D ( 'NONE', #499, #2333, #3668 ) ;
#5747 = DIRECTION ( 'NONE',  ( -1.000000000000000000, 0.000000000000000000, 0.000000000000000000 ) ) ;
#5748 = LINE ( 'NONE', #3900, #3489 ) ;
#5749 = ORIENTED_EDGE ( 'NONE', *, *, #3382, .F. ) ;
#5750 = ADVANCED_FACE ( 'NONE', ( #293 ), #2123, .F. ) ;
#5751 = ORIENTED_EDGE ( 'NONE', *, *, #2847, .F. ) ;
#5752 = CARTESIAN_POINT ( 'NONE',  ( 1.000000000000000222, 0.1000000000000000056, -1.500000000000000000 ) ) ;
#5753 = EDGE_CURVE ( 'NONE', #3524, #4356, #675, .T. ) ;
#5754 = ORIENTED_EDGE ( 'NONE', *, *, #1398, .F. ) ;
#5755 = ORIENTED_EDGE ( 'NONE', *, *, #5643, .T. ) ;
#5756 = ORIENTED_EDGE ( 'NONE', *, *, #4112, .T. ) ;
#5757 = DIRECTION ( 'NONE',  ( -1.000000000000000000, 0.000000000000000000, 2.917489482324978130E-14 ) ) ;
#5758 = ORIENTED_EDGE ( 'NONE', *, *, #902, .F. ) ;
#5759 = ADVANCED_FACE ( 'NONE', ( #1245 ), #4461, .F. ) ;
#5760 = DIRECTION ( 'NONE',  ( 0.000000000000000000, -0.000000000000000000, 1.000000000000000000 ) ) ;
#5761 = EDGE_CURVE ( 'NONE', #4065, #2700, #1121, .T. ) ;
#5762 = ORIENTED_EDGE ( 'NONE', *, *, #3535, .T. ) ;
#5763 = AXIS2_PLACEMENT_3D ( 'NONE', #4358, #1118, #4868 ) ;
#5764 = DIRECTION ( 'NONE',  ( -1.182766006347908700E-15, 0.000000000000000000, 1.000000000000000000 ) ) ;
#5765 = CARTESIAN_POINT ( 'NONE',  ( 0.6250000000000232037, 0.000000000000000000, 1.450000000000000178 ) ) ;
#5766 = FACE_OUTER_BOUND ( 'NONE', #3095, .T. ) ;
#5767 = ORIENTED_EDGE ( 'NONE', *, *, #4062, .T. ) ;
#5768 = CYLINDRICAL_SURFACE ( 'NONE', #3717, 0.1250000000000126288 ) ;
#5769 = AXIS2_PLACEMENT_3D ( 'NONE', #1887, #3301, #2348 ) ;
#5770 = EDGE_CURVE ( 'NONE', #4565, #3473, #3851, .T. ) ;
#5771 = CARTESIAN_POINT ( 'NONE',  ( -0.9999999999999997780, 0.1000000000000000056, -1.500000000000000000 ) ) ;
#5772 = CARTESIAN_POINT ( 'NONE',  ( 0.1250000000000233702, 0.2000000000000000944, 1.500000000000000000 ) ) ;
#5773 = DIRECTION ( 'NONE',  ( 0.000000000000000000, -0.000000000000000000, 1.000000000000000000 ) ) ;
#5774 = VERTEX_POINT ( 'NONE', #1662 ) ;
#5775 = CARTESIAN_POINT ( 'NONE',  ( 0.7250000000000509370, 0.2000000000000000111, -0.3500000000000021982 ) ) ;
#5776 = CARTESIAN_POINT ( 'NONE',  ( -0.7250000000000367262, 0.2000000000000000111, -0.4749999999999977573 ) ) ;
#5777 = CYLINDRICAL_SURFACE ( 'NONE', #3692, 0.1250000000000107414 ) ;
#5778 = EDGE_CURVE ( 'NONE', #1654, #5098, #3068, .T. ) ;
#5779 = VECTOR ( 'NONE', #5182, 1000.000000000000000 ) ;
#5780 = VECTOR ( 'NONE', #4210, 1000.000000000000000 ) ;
#5781 = EDGE_CURVE ( 'NONE', #456, #1705, #808, .T. ) ;
#5782 = PLANE ( 'NONE',  #475 ) ;
#5783 = CARTESIAN_POINT ( 'NONE',  ( -0.1250000000000071332, 0.2000000000000000111, -1.500000000000000000 ) ) ;
#5784 = ORIENTED_EDGE ( 'NONE', *, *, #2317, .T. ) ;
#5785 = ORIENTED_EDGE ( 'NONE', *, *, #527, .F. ) ;
#5786 = LINE ( 'NONE', #5308, #1104 ) ;
#5787 = ORIENTED_EDGE ( 'NONE', *, *, #5279, .F. ) ;
#5788 = ORIENTED_EDGE ( 'NONE', *, *, #3681, .T. ) ;
#5789 = VERTEX_POINT ( 'NONE', #5663 ) ;
#5790 = ORIENTED_EDGE ( 'NONE', *, *, #1840, .T. ) ;
#5791 = CARTESIAN_POINT ( 'NONE',  ( 0.7250000000000165201, 0.2000000000000000944, -0.6000000000000180744 ) ) ;
#5792 = ORIENTED_EDGE ( 'NONE', *, *, #3123, .F. ) ;
#5793 = CARTESIAN_POINT ( 'NONE',  ( 1.279358563532895232E-14, 0.04999999999999999584, 1.224999999999999867 ) ) ;
#5794 = VERTEX_POINT ( 'NONE', #2647 ) ;
#5795 = VECTOR ( 'NONE', #545, 1000.000000000000000 ) ;
#5796 = CARTESIAN_POINT ( 'NONE',  ( 0.7250000000000490497, 1.844118304745738346, 0.04999999999997421785 ) ) ;
#5797 = EDGE_CURVE ( 'NONE', #61, #2905, #230, .T. ) ;
#5798 = DIRECTION ( 'NONE',  ( -0.000000000000000000, -1.000000000000000000, -0.000000000000000000 ) ) ;
#5799 = LINE ( 'NONE', #4367, #2772 ) ;
#5800 = ORIENTED_EDGE ( 'NONE', *, *, #1051, .T. ) ;
#5801 = VECTOR ( 'NONE', #789, 1000.000000000000000 ) ;
#5802 = DIRECTION ( 'NONE',  ( -0.000000000000000000, -1.000000000000000000, -0.000000000000000000 ) ) ;
#5803 = LINE ( 'NONE', #3891, #4158 ) ;
#5804 = LINE ( 'NONE', #365, #2706 ) ;
#5805 = AXIS2_PLACEMENT_3D ( 'NONE', #2155, #4360, #5346 ) ;
#5806 = EDGE_LOOP ( 'NONE', ( #2640, #4361, #270, #886, #2169, #4233 ) ) ;
#5807 = ADVANCED_FACE ( 'NONE', ( #5692 ), #5314, .T. ) ;
#5808 = ADVANCED_FACE ( 'NONE', ( #1211 ), #3433, .T. ) ;
#5809 = LINE ( 'NONE', #1706, #5354 ) ;
#5810 = FILL_AREA_STYLE_COLOUR ( '', #933 ) ;
#5811 = DIRECTION ( 'NONE',  ( 0.000000000000000000, 1.000000000000000000, 0.000000000000000000 ) ) ;
#5812 = ORIENTED_EDGE ( 'NONE', *, *, #5473, .T. ) ;
#5813 = VECTOR ( 'NONE', #4810, 1000.000000000000000 ) ;
#5814 = DIRECTION ( 'NONE',  ( 0.000000000000000000, -1.000000000000000000, 0.000000000000000000 ) ) ;
#5815 = DIRECTION ( 'NONE',  ( -0.000000000000000000, -1.000000000000000000, -0.000000000000000000 ) ) ;
#5816 = ORIENTED_EDGE ( 'NONE', *, *, #4031, .F. ) ;
#5817 = ORIENTED_EDGE ( 'NONE', *, *, #4569, .F. ) ;
#5818 = PLANE ( 'NONE',  #2070 ) ;
#5819 = ORIENTED_EDGE ( 'NONE', *, *, #4275, .T. ) ;
#5820 = ORIENTED_EDGE ( 'NONE', *, *, #1148, .F. ) ;
#5821 = ORIENTED_EDGE ( 'NONE', *, *, #5644, .F. ) ;
#5822 = APPLICATION_CONTEXT ( 'automotive_design' ) ;
#5823 = CIRCLE ( 'NONE', #5626, 0.1250000000000174583 ) ;
#5824 = VERTEX_POINT ( 'NONE', #5251 ) ;
#5825 = DIRECTION ( 'NONE',  ( -0.000000000000000000, 0.000000000000000000, -1.000000000000000000 ) ) ;
#5826 =( GEOMETRIC_REPRESENTATION_CONTEXT ( 3 ) GLOBAL_UNCERTAINTY_ASSIGNED_CONTEXT ( ( #2792 ) ) GLOBAL_UNIT_ASSIGNED_CONTEXT ( ( #1546, #2424, #2859 ) ) REPRESENTATION_CONTEXT ( 'NONE', 'WORKASPACE' ) );
#5827 = AXIS2_PLACEMENT_3D ( 'NONE', #2954, #2815, #2325 ) ;
#5828 = DIRECTION ( 'NONE',  ( -0.000000000000000000, 0.000000000000000000, -1.000000000000000000 ) ) ;
#5829 = DIRECTION ( 'NONE',  ( 0.000000000000000000, 0.000000000000000000, 1.000000000000000000 ) ) ;
#5830 = CARTESIAN_POINT ( 'NONE',  ( -0.6000000000000262901, 0.2000000000000000111, -1.250000000000022427 ) ) ;
#5831 = VERTEX_POINT ( 'NONE', #4781 ) ;
#5832 = VECTOR ( 'NONE', #5007, 1000.000000000000000 ) ;
#5833 = CARTESIAN_POINT ( 'NONE',  ( 0.7250000000000490497, 0.000000000000000000, 0.04999999999997421785 ) ) ;
#5834 = AXIS2_PLACEMENT_3D ( 'NONE', #954, #2805, #1346 ) ;
#5835 = EDGE_CURVE ( 'NONE', #4126, #3678, #2186, .T. ) ;
#5836 = AXIS2_PLACEMENT_3D ( 'NONE', #678, #4332, #1123 ) ;
#5837 = DIRECTION ( 'NONE',  ( -1.075528555105638069E-13, -0.000000000000000000, -1.000000000000000000 ) ) ;
#5838 = DIRECTION ( 'NONE',  ( 0.000000000000000000, 0.000000000000000000, -1.000000000000000000 ) ) ;
#5839 = LINE ( 'NONE', #1644, #1723 ) ;
#5840 = VERTEX_POINT ( 'NONE', #2053 ) ;
#5842 = EDGE_CURVE ( 'NONE', #735, #3181, #2468, .T. ) ;
#5841 = FACE_OUTER_BOUND ( 'NONE', #898, .T. ) ;
#5843 = PRESENTATION_LAYER_ASSIGNMENT (  '', '', ( #669 ) ) ;
#5844 = CARTESIAN_POINT ( 'NONE',  ( -0.6249999999999977796, 0.2000000000000000111, 1.224999999999999867 ) ) ;
#5845 = CARTESIAN_POINT ( 'NONE',  ( 0.9500000000000002887, 0.1000000000000000056, -1.450000000000000178 ) ) ;
#5846 = EDGE_CURVE ( 'NONE', #3821, #5634, #1692, .T. ) ;
#5847 = CARTESIAN_POINT ( 'NONE',  ( 0.5000000000000127676, 0.04999999999999999584, 1.099999999999989431 ) ) ;
#5848 = DIRECTION ( 'NONE',  ( 0.000000000000000000, 0.000000000000000000, -1.000000000000000000 ) ) ;
#5849 = ORIENTED_EDGE ( 'NONE', *, *, #4057, .F. ) ;
#5850 = ORIENTED_EDGE ( 'NONE', *, *, #2198, .T. ) ;
#5851 = VECTOR ( 'NONE', #3827, 1000.000000000000000 ) ;
#5852 = CARTESIAN_POINT ( 'NONE',  ( -0.6000000000000262901, 0.2000000000000000944, -1.250000000000022427 ) ) ;
#5853 = STYLED_ITEM ( 'NONE', ( #2936 ), #2527 ) ;
#5854 = LINE ( 'NONE', #3004, #3434 ) ;
#5855 = ORIENTED_EDGE ( 'NONE', *, *, #4607, .T. ) ;
#5856 = VERTEX_POINT ( 'NONE', #3911 ) ;
#5857 =( NAMED_UNIT ( * ) SI_UNIT ( $, .STERADIAN. ) SOLID_ANGLE_UNIT ( ) );
#5858 = ADVANCED_FACE ( 'NONE', ( #3465 ), #5281, .F. ) ;
#5859 = CARTESIAN_POINT ( 'NONE',  ( -0.9500000000000001776, 0.000000000000000000, 0.5499999999999976019 ) ) ;
#5860 = DIRECTION ( 'NONE',  ( 0.000000000000000000, 1.000000000000000000, 0.000000000000000000 ) ) ;
#5861 = FACE_OUTER_BOUND ( 'NONE', #2932, .T. ) ;
#5862 = EDGE_LOOP ( 'NONE', ( #446, #833, #2550, #4428 ) ) ;
#5863 = CLOSED_SHELL ( 'NONE', ( #250, #3777, #4608, #1920 ) ) ;
#5864 = DIRECTION ( 'NONE',  ( 0.000000000000000000, 1.000000000000000000, 0.000000000000000000 ) ) ;
#5865 = LINE ( 'NONE', #1763, #1562 ) ;
#5866 = DIRECTION ( 'NONE',  ( 0.000000000000000000, 0.000000000000000000, 1.000000000000000000 ) ) ;
#5867 = ORIENTED_EDGE ( 'NONE', *, *, #205, .F. ) ;
#5868 = DIRECTION ( 'NONE',  ( -0.000000000000000000, -1.000000000000000000, -0.000000000000000000 ) ) ;
#5869 = VECTOR ( 'NONE', #4119, 1000.000000000000000 ) ;
#5870 = ADVANCED_FACE ( 'NONE', ( #3640 ), #4991, .F. ) ;
#5871 = DIRECTION ( 'NONE',  ( -0.000000000000000000, 1.000000000000000000, -0.000000000000000000 ) ) ;
#5872 = LINE ( 'NONE', #3170, #2747 ) ;
#5873 = EDGE_LOOP ( 'NONE', ( #1594, #3216, #996, #5525, #5907, #1175, #2984, #5742, #5812, #1053, #2991, #3462, #4910, #2634, #169, #4901 ) ) ;
#5874 = ADVANCED_FACE ( 'NONE', ( #3586 ), #440, .T. ) ;
#5875 = VECTOR ( 'NONE', #5815, 1000.000000000000000 ) ;
#5876 = CIRCLE ( 'NONE', #44, 0.1250000000000174583 ) ;
#5877 = CARTESIAN_POINT ( 'NONE',  ( -0.9500000000000001776, 0.05000000000000000278, 0.000000000000000000 ) ) ;
#5878 = ORIENTED_EDGE ( 'NONE', *, *, #4308, .F. ) ;
#5879 = DIRECTION ( 'NONE',  ( 0.000000000000000000, -1.000000000000000000, 0.000000000000000000 ) ) ;
#5880 = VERTEX_POINT ( 'NONE', #888 ) ;
#5881 = EDGE_CURVE ( 'NONE', #3670, #42, #2708, .T. ) ;
#5882 = ADVANCED_FACE ( 'NONE', ( #1837 ), #467, .F. ) ;
#5883 = ORIENTED_EDGE ( 'NONE', *, *, #3605, .F. ) ;
#5884 = UNCERTAINTY_MEASURE_WITH_UNIT (LENGTH_MEASURE( 1.000000000000000082E-05 ), #837, 'distance_accuracy_value', 'NONE');
#5885 = CARTESIAN_POINT ( 'NONE',  ( -0.6999999999999998446, 0.4464466094067260360, -1.074999999999999956 ) ) ;
#5886 = VERTEX_POINT ( 'NONE', #5460 ) ;
#5887 = CARTESIAN_POINT ( 'NONE',  ( 0.5000000000000127676, 0.000000000000000000, 1.224999999999999867 ) ) ;
#5888 = CARTESIAN_POINT ( 'NONE',  ( 0.9500000000000002887, 1.844118304745738346, 0.04999999999997448152 ) ) ;
#5889 = CARTESIAN_POINT ( 'NONE',  ( 0.7250000000000003109, 0.2000000000000000111, -1.125000000000000666 ) ) ;
#5890 = ORIENTED_EDGE ( 'NONE', *, *, #1608, .F. ) ;
#5891 = LINE ( 'NONE', #2655, #927 ) ;
#5892 = CARTESIAN_POINT ( 'NONE',  ( 0.6250000000000233147, 0.1000000000000000472, 1.224999999999999867 ) ) ;
#5893 = CARTESIAN_POINT ( 'NONE',  ( -0.1249999999999977240, 0.2000000000000000944, 1.500000000000000000 ) ) ;
#5894 = DIRECTION ( 'NONE',  ( -1.000000000000000000, 0.000000000000000000, 2.917489482324978130E-14 ) ) ;
#5895 = ORIENTED_EDGE ( 'NONE', *, *, #1438, .F. ) ;
#5896 = DIRECTION ( 'NONE',  ( 0.000000000000000000, -0.000000000000000000, 1.000000000000000000 ) ) ;
#5897 = DIRECTION ( 'NONE',  ( 0.000000000000000000, 0.000000000000000000, 1.000000000000000000 ) ) ;
#5898 = ORIENTED_EDGE ( 'NONE', *, *, #5069, .T. ) ;
#5899 = VECTOR ( 'NONE', #3390, 1000.000000000000000 ) ;
#5900 = DIRECTION ( 'NONE',  ( 0.000000000000000000, 0.000000000000000000, 1.000000000000000000 ) ) ;
#5901 = DIRECTION ( 'NONE',  ( 1.000000000000000000, 0.000000000000000000, 6.702340702638594572E-14 ) ) ;
#5902 = LINE ( 'NONE', #2121, #1076 ) ;
#5903 = AXIS2_PLACEMENT_3D ( 'NONE', #3033, #5430, #5044 ) ;
#5904 = DIRECTION ( 'NONE',  ( 0.000000000000000000, 1.000000000000000000, 0.000000000000000000 ) ) ;
#5905 = DIRECTION ( 'NONE',  ( -0.000000000000000000, -1.000000000000000000, -0.000000000000000000 ) ) ;
#5906 = ORIENTED_EDGE ( 'NONE', *, *, #5513, .F. ) ;
#5907 = ORIENTED_EDGE ( 'NONE', *, *, #2885, .T. ) ;
#5908 = DIRECTION ( 'NONE',  ( 0.000000000000000000, -0.000000000000000000, 1.000000000000000000 ) ) ;
#5909 = ORIENTED_EDGE ( 'NONE', *, *, #4420, .T. ) ;
#5910 = ADVANCED_FACE ( 'NONE', ( #2674 ), #4575, .F. ) ;
#5911 = ADVANCED_FACE ( 'NONE', ( #943 ), #1331, .F. ) ;
#5912 = DIRECTION ( 'NONE',  ( 1.000000000000000000, -0.000000000000000000, 2.168404344971152125E-14 ) ) ;
#5913 = FILL_AREA_STYLE_COLOUR ( '', #2511 ) ;
#5914 = ORIENTED_EDGE ( 'NONE', *, *, #2893, .F. ) ;
#5915 = ORIENTED_EDGE ( 'NONE', *, *, #2598, .F. ) ;
ENDSEC;
END-ISO-10303-21;
