#VRML V2.0 utf8
# 3D model generated by easyeda2kicad.py (https://github.com/uPesy/easyeda2kicad.py)

Shape{
    appearance Appearance {
        material  Material 	{
            diffuseColor 0.25098039215686274 0.25098039215686274 0.25098039215686274
            specularColor 0.12549019607843137 0.12549019607843137 0.12549019607843137
            ambientIntensity 0.251
            transparency 0.0
            shininess 0.5
        }
    }
    geometry IndexedFaceSet {
        ccw TRUE
        solid FALSE
        coord DEF co Coordinate {
            point [
                0.3716 4.8682 0.4921, 0.4054 4.8682 0.4921, 0.4054 4.8995 0.4921, 1.4026 4.4547 0.4921, 2.6575 4.4547 0.4921, 2.6575 4.6878 0.4921, -0.0942 4.9239 0.4921, -0.0736 4.9065 0.4921, -0.0015 5.008 0.4921, -0.0015 4.8995 0.4921, -0.1614 4.9963 0.4921, -0.1363 4.9672 0.4921, -0.1204 4.9364 0.4921, -0.1168 4.9351 0.4921, -0.2646 5.0358 0.4921, -0.2333 5.0325 0.4921, -0.0015 5.199 0.4921, -0.1952 5.0191 0.4921, -0.1788 5.008 0.4921, -0.3022 5.0312 0.4921, -2.6575 5.199 0.4921, -0.3372 5.0177 0.4921, -0.3527 5.008 0.4921, -2.6575 5.008 0.4921, -0.3557 5.0062 0.4921, -0.4365 4.9706 0.4921, -0.4066 4.9743 0.4921, -0.3735 4.9909 0.4921, -0.3978 4.9738 0.4921, -0.3891 4.9728 0.4921, -0.4938 4.9379 0.4921, -0.4887 4.9427 0.4921, -0.4646 4.9597 0.4921, -2.6575 4.8995 0.4921, -2.6575 4.8682 0.4921, -0.5276 4.8682 0.4921, -0.5242 4.8871 0.4921, -0.5187 4.8995 0.4921, -0.5121 4.9144 0.4921, -0.4466 4.7351 0.4921, -0.474 4.7484 0.4921, -2.6575 4.7301 0.4921, -0.4976 4.7686 0.4921, -0.5149 4.7933 0.4921, -0.5258 4.8215 0.4921, -0.5295 4.8513 0.4921, -0.5293 4.8586 0.4921, -0.4369 4.7322 0.4921, -0.436 4.7301 0.4921, -0.4293 4.7158 0.4921, -0.418 4.7019 0.4921, -0.0015 4.6878 0.4921, -0.3334 4.6878 0.4921, -0.0015 4.4547 0.4921, -0.3464 4.6828 0.4921, -0.3648 4.6806 0.4921, -0.3676 4.6806 0.4921, -2.6575 4.4547 0.4921, -0.3856 4.6834 0.4921, -2.6575 4.6878 0.4921, -0.3962 4.6878 0.4921, -0.4031 4.6907 0.4921, -0.0015 4.7301 0.4921, -0.2937 4.7301 0.4921, -0.2938 4.7296 0.4921, -0.3029 4.7127 0.4921, -0.3143 4.6999 0.4921, -0.3294 4.6894 0.4921, -0.0487 4.8618 0.4921, -0.0452 4.8369 0.4921, -0.0015 4.8682 0.4921, -0.1968 4.7749 0.4921, -0.1916 4.777 0.4921, -0.1826 4.8202 0.4921, -0.0733 4.7648 0.4921, -0.094 4.7473 0.4921, -0.3079 4.8073 0.4921, -0.2062 4.8604 0.4921, -0.3212 4.8194 0.4921, -0.3373 4.828 0.4921, -0.2014 4.7716 0.4921, -0.0582 4.7859 0.4921, -0.0487 4.8099 0.4921, -0.1857 4.7777 0.4921, -0.1849 4.7777 0.4921, -0.1827 4.7772 0.4921, -0.4753 4.8224 0.4921, -0.4663 4.8072 0.4921, -0.4278 4.7993 0.4921, -0.4527 4.7933 0.4921, -0.4362 4.783 0.4921, -0.3998 4.8244 0.4921, -0.4798 4.8682 0.4921, -0.4153 4.8136 0.4921, -0.4817 4.8529 0.4921, -0.4808 4.841 0.4921, -0.383 4.8309 0.4921, -0.3648 4.8331 0.4921, -0.3556 4.8326 0.4921, -0.2092 4.7542 0.4921, -0.209 4.7572 0.4921, -0.2889 4.764 0.4921, -0.2075 4.763 0.4921, -0.2046 4.7681 0.4921, -0.1915 4.7313 0.4921, -0.1965 4.7333 0.4921, -0.2014 4.7368 0.4921, -0.2032 4.7386 0.4921, -0.2065 4.7434 0.4921, -0.2085 4.7485 0.4921, -0.2893 4.7483 0.4921, -0.2889 4.7565 0.4921, -0.1066 4.7973 0.4921, -0.0986 4.8093 0.4921, -0.0937 4.823 0.4921, -0.0923 4.8362 0.4921, -0.0927 4.8427 0.4921, -0.1171 4.736 0.4921, -0.1424 4.7307 0.4921, -0.1872 4.7307 0.4921, -0.1811 4.777 0.4921, -0.147 4.777 0.4921, -0.1384 4.7782 0.4921, -0.1244 4.7832 0.4921, -0.1124 4.7914 0.4921, -0.1515 4.8954 0.4921, -0.1576 4.8954 0.4921, -0.1021 4.8682 0.4921, -0.1386 4.8939 0.4921, -0.0962 4.8573 0.4921, -0.4794 4.8713 0.4921, -0.4729 4.8882 0.4921, -0.1033 4.8704 0.4921, -0.1132 4.8813 0.4921, -0.1252 4.8892 0.4921, -0.1741 4.9412 0.4921, -0.1912 4.9616 0.4921, -0.3656 4.9174 0.4921, -0.1929 4.9631 0.4921, -0.2142 4.9779 0.4921, -0.3539 4.9414 0.4921, -0.465 4.8995 0.4921, -0.3707 4.9202 0.4921, -0.1585 4.8995 0.4921, -0.1623 4.9167 0.4921, -0.3877 4.9265 0.4921, -0.4058 4.9288 0.4921, -0.4139 4.9283 0.4921, -0.3369 4.9618 0.4921, -0.238 4.9871 0.4921, -0.3166 4.9766 0.4921, -0.2639 4.9902 0.4921, -0.2919 4.9866 0.4921, -0.4326 4.9238 0.4921, -0.4495 4.9148 0.4921, -0.4624 4.9033 0.4921, -0.0685 4.8995 0.4921, -0.058 4.885 0.4921, -0.0513 4.8682 0.4921, 0.4459 4.8378 0.4921, 0.463 4.8358 0.4921, 0.4865 4.8682 0.4921, 0.4758 4.8309 0.4921, 0.4727 4.7368 0.4921, 0.4865 4.7301 0.4921, 0.4834 4.7435 0.4921, 0.4863 4.746 0.4921, 0.4154 4.8378 0.4921, 0.4154 4.731 0.4921, 0.4054 4.7301 0.4921, 0.4448 4.731 0.4921, 0.46 4.7325 0.4921, 0.5235 4.731 0.4921, 0.5083 4.731 0.4921, 0.5891 4.731 0.4921, 0.5782 4.7602 0.4921, 0.5338 4.7602 0.4921, 0.5489 4.8378 0.4921, 0.5637 4.8378 0.4921, 0.4941 4.7553 0.4921, 0.4865 4.7463 0.4921, 0.4863 4.8236 0.4921, 0.4865 4.8234 0.4921, 0.4907 4.8192 0.4921, 0.4971 4.8097 0.4921, 0.5009 4.7993 0.4921, 0.5024 4.7858 0.4921, 0.502 4.7788 0.4921, 0.4994 4.7663 0.4921, 0.3928 4.8378 0.4921, 0.3716 4.8378 0.4921, 0.3378 4.8378 0.4921, 0.3516 4.7791 0.4921, 0.3516 4.7432 0.4921, 0.3716 4.7791 0.4921, 0.3716 4.7432 0.4921, 0.3898 4.7791 0.4921, 0.3953 4.7432 0.4921, 0.3898 4.7913 0.4921, 0.3928 4.8255 0.4921, 0.3716 4.7913 0.4921, 0.3716 4.8255 0.4921, 0.3516 4.7913 0.4921, 0.3516 4.8255 0.4921, 0.3096 4.8073 0.4921, 0.3234 4.8073 0.4921, 0.2717 4.8682 0.4921, 0.2717 4.7887 0.4921, 0.2851 4.75 0.4921, 0.2888 4.7499 0.4921, 0.3953 4.731 0.4921, 0.3716 4.7301 0.4921, 0.3716 4.731 0.4921, 0.3378 4.731 0.4921, 0.2868 4.7437 0.4921, 0.2871 4.7437 0.4921, 0.2877 4.7463 0.4921, 0.1918 4.7337 0.4921, 0.1873 4.7301 0.4921, 0.2014 4.7304 0.4921, 0.2037 4.7301 0.4921, 0.2396 4.7926 0.4921, 0.2468 4.7301 0.4921, 0.2396 4.8056 0.4921, 0.2468 4.8682 0.4921, 0.2289 4.8085 0.4921, 0.2427 4.7464 0.4921, 0.241 4.7422 0.4921, 0.2385 4.7386 0.4921, 0.2388 4.7644 0.4921, 0.2413 4.7607 0.4921, 0.2427 4.7567 0.4921, 0.2433 4.7518 0.4921, 0.1957 4.7746 0.4921, 0.1939 4.7774 0.4921, 0.1918 4.7475 0.4921, 0.1924 4.7815 0.4921, 0.1919 4.7867 0.4921, 0.1873 4.8682 0.4921, 0.1924 4.7915 0.4921, 0.194 4.7958 0.4921, 0.1965 4.7994 0.4921, 0.2004 4.803 0.4921, 0.2043 4.8053 0.4921, 0.2117 4.8079 0.4921, 0.2216 4.809 0.4921, 0.2347 4.7353 0.4921, 0.2309 4.733 0.4921, 0.2236 4.7304 0.4921, 0.2054 4.7411 0.4921, 0.2121 4.7645 0.4921, 0.197 4.7443 0.4921, 0.2042 4.7682 0.4921, 0.1979 4.7723 0.4921, 0.2203 4.7982 0.4921, 0.2163 4.7979 0.4921, 0.2057 4.7879 0.4921, 0.2127 4.7969 0.4921, 0.2097 4.7953 0.4921, 0.2058 4.7861 0.4921, 0.2063 4.784 0.4921, 0.2073 4.7822 0.4921, 0.2138 4.7401 0.4921, 0.2144 4.7401 0.4921, 0.2209 4.7609 0.4921, 0.2212 4.7409 0.4921, 0.2296 4.7505 0.4921, 0.2294 4.7521 0.4921, 0.2086 4.7808 0.4921, 0.2133 4.7779 0.4921, 0.229 4.7972 0.4921, 0.2216 4.7742 0.4921, 0.2366 4.7944 0.4921, 0.2267 4.7722 0.4921, 0.2356 4.7672 0.4921, 0.2247 4.7422 0.4921, 0.2259 4.7429 0.4921, 0.2274 4.7443 0.4921, 0.2077 4.7935 0.4921, 0.2066 4.7918 0.4921, 0.2059 4.79 0.4921, 0.2286 4.746 0.4921, 0.2293 4.7479 0.4921, 0.2288 4.7542 0.4921, 0.2278 4.756 0.4921, 0.2261 4.7577 0.4921, 0.2125 4.7292 0.4921, 0.1873 4.6878 0.4921, 0.2209 4.7301 0.4921, 0.2468 4.6878 0.4921, 0.4865 4.8995 0.4921, 0.4706 4.9004 0.4921, 0.4554 4.9004 0.4921, 0.43 5.0071 0.4921, 0.4865 5.008 0.4921, 0.4054 5.008 0.4921, 0.3898 4.9004 0.4921, 0.3746 4.9004 0.4921, 0.3716 4.8995 0.4921, 0.4054 4.9296 0.4921, 0.4001 4.9296 0.4921, 0.3716 5.008 0.4921, 0.4054 4.9812 0.4921, 0.4152 5.0071 0.4921, 0.2616 4.9126 0.4921, 0.2616 4.9004 0.4921, 0.2717 4.8995 0.4921, 0.2591 4.9949 0.4921, 0.2717 5.008 0.4921, 0.2591 5.0071 0.4921, 0.2468 5.008 0.4921, 0.2468 5.0071 0.4921, 0.2179 4.9485 0.4921, 0.2179 4.9126 0.4921, 0.2468 4.9485 0.4921, 0.2468 4.9126 0.4921, 0.2561 4.9485 0.4921, 0.2561 4.9607 0.4921, 0.2179 4.9949 0.4921, 0.2179 4.9607 0.4921, 0.2468 4.9949 0.4921, 0.2468 4.9607 0.4921, 0.2042 4.9004 0.4921, 0.1873 4.8995 0.4921, 0.2468 4.8995 0.4921, 0.2468 4.9004 0.4921, 0.2042 5.0071 0.4921, 0.1873 5.008 0.4921, 0.1782 5.3622 0.4921, 0.1012 5.3622 0.4921, 0.1012 5.199 0.4921, -0.0015 5.3622 0.4921, -2.2008 5.3622 0.4921, -2.6575 7.8012 0.4921, -2.2008 7.5591 0.4921, -0.0015 7.8012 0.4921, -0.0015 7.5591 0.4921, 0.1012 7.8012 0.4921, 0.1012 7.5591 0.4921, 0.1782 7.8012 0.4921, 0.1782 7.5591 0.4921, 0.1873 7.8012 0.4921, 0.1873 7.5591 0.4921, 0.2468 7.8012 0.4921, 0.2468 7.5591 0.4921, 0.2717 7.8012 0.4921, 0.2717 7.5591 0.4921, 0.3716 7.8012 0.4921, 0.3716 7.5591 0.4921, 0.4054 7.8012 0.4921, 0.4054 7.5591 0.4921, 0.4865 7.8012 0.4921, 0.4865 7.5591 0.4921, 1.4026 7.8012 0.4921, 1.4026 7.5591 0.4921, 2.6575 7.8012 0.4921, 2.2008 7.5591 0.4921, 2.6575 5.199 0.4921, 2.2008 5.3622 0.4921, 1.4026 5.199 0.4921, 1.4026 5.3622 0.4921, 0.4865 5.199 0.4921, 0.4865 5.3622 0.4921, 0.4054 5.199 0.4921, 0.4054 5.3622 0.4921, 0.3716 5.199 0.4921, 0.3716 5.3622 0.4921, 0.2717 5.199 0.4921, 0.2717 5.3622 0.4921, 0.2468 5.199 0.4921, 0.2468 5.3622 0.4921, 0.1873 5.199 0.4921, 0.1873 5.3622 0.4921, 0.1782 5.199 0.4921, 0.1188 4.9662 0.4921, 0.1782 4.916 0.4921, 0.1222 4.9756 0.4921, 0.1272 4.9832 0.4921, 0.1173 4.9526 0.4921, 0.1173 4.9516 0.4921, 0.1722 4.9133 0.4921, 0.1601 4.911 0.4921, 0.1705 4.995 0.4921, 0.1576 4.9965 0.4921, 0.1529 4.9963 0.4921, 0.1437 4.9944 0.4921, 0.1828 4.9902 0.4921, 0.1828 4.918 0.4921, 0.1813 4.9909 0.4921, 0.1782 4.9921 0.4921, 0.1354 4.9904 0.4921, 0.1285 4.9847 0.4921, 0.119 4.9385 0.4921, 0.1224 4.9298 0.4921, 0.1278 4.9221 0.4921, 0.1375 4.9148 0.4921, 0.1452 4.912 0.4921, 0.1552 4.9109 0.4921, 0.1304 4.9196 0.4921, 0.1684 5.008 0.4921, 0.1723 5.0077 0.4921, 0.1782 5.008 0.4921, 0.1782 5.0059 0.4921, 0.1828 5.0046 0.4921, 0.1491 5.008 0.4921, 0.1575 5.0089 0.4921, 0.1585 5.0089 0.4921, 0.1356 4.9011 0.4921, 0.1255 4.9058 0.4921, 0.1012 4.8995 0.4921, 0.1056 4.9716 0.4921, 0.1107 4.9834 0.4921, 0.1012 5.008 0.4921, 0.1436 5.0074 0.4921, 0.1322 5.0034 0.4921, 0.1183 4.9932 0.4921, 0.1216 4.9964 0.4921, 0.1166 4.9132 0.4921, 0.1143 4.9157 0.4921, 0.1083 4.9252 0.4921, 0.1044 4.9369 0.4921, 0.1029 4.9517 0.4921, 0.1031 4.9578 0.4921, 0.144 4.8995 0.4921, 0.1012 4.8682 0.4921, 0.1472 4.8988 0.4921, 0.1532 4.8986 0.4921, 0.1782 4.8682 0.4921, 0.1627 4.8995 0.4921, 0.1828 4.9048 0.4921, 0.181 4.9039 0.4921, 0.1782 4.8995 0.4921, 0.1782 4.903 0.4921, 0.1695 4.9001 0.4921, 0.1012 4.7301 0.4921, 0.1199 4.8019 0.4921, 0.1199 4.7889 0.4921, 0.1597 4.8066 0.4921, 0.1642 4.8041 0.4921, 0.1737 4.7801 0.4921, 0.1737 4.731 0.4921, 0.1782 4.7301 0.4921, 0.1603 4.731 0.4921, 0.1175 4.7367 0.4921, 0.119 4.7352 0.4921, 0.1235 4.7321 0.4921, 0.1541 4.8083 0.4921, 0.1147 4.7408 0.4921, 0.1131 4.7454 0.4921, 0.1124 4.7514 0.4921, 0.1678 4.8007 0.4921, 0.1705 4.7964 0.4921, 0.1726 4.7903 0.4921, 0.1603 4.7428 0.4921, 0.1599 4.7428 0.4921, 0.1579 4.7396 0.4921, 0.1536 4.7351 0.4921, 0.1124 4.7531 0.4921, 0.1133 4.7588 0.4921, 0.1151 4.7636 0.4921, 0.1178 4.7674 0.4921, 0.1219 4.7709 0.4921, 0.1276 4.7739 0.4921, 0.1284 4.7944 0.4921, 0.1377 4.7763 0.4921, 0.1494 4.7977 0.4921, 0.1449 4.7982 0.4921, 0.1368 4.7973 0.4921, 0.1231 4.8038 0.4921, 0.1332 4.8075 0.4921, 0.1461 4.809 0.4921, 0.1603 4.7795 0.4921, 0.1598 4.7854 0.4921, 0.1585 4.7902 0.4921, 0.1569 4.7929 0.4921, 0.1549 4.7951 0.4921, 0.1525 4.7966 0.4921, 0.1439 4.7301 0.4921, 0.1435 4.73 0.4921, 0.1782 4.6878 0.4921, 0.1012 4.6878 0.4921, 0.1366 4.7292 0.4921, 0.1288 4.7301 0.4921, 0.1286 4.7301 0.4921, 0.2652 4.8073 0.4921, 0.2502 4.8073 0.4921, 0.2797 4.7301 0.4921, 0.2802 4.7312 0.4921, 0.2717 4.7528 0.4921, 0.2743 4.7173 0.4921, 0.2717 4.7301 0.4921, 0.2717 4.7125 0.4921, 0.2717 4.7125 0.4921, 0.253 4.7081 0.4921, 0.253 4.6962 0.4921, 0.2557 4.7072 0.4921, 0.2606 4.7066 0.4921, 0.2638 4.7069 0.4921, 0.2717 4.6975 0.4921, 0.267 4.6957 0.4921, 0.2717 4.6878 0.4921, 0.2616 4.6951 0.4921, 0.2587 4.6952 0.4921, 0.2667 4.708 0.4921, 0.2692 4.7097 0.4921, 0.2888 4.7195 0.4921, 0.2828 4.7077 0.4921, 0.3716 4.6878 0.4921, 0.293 4.7301 0.4921, 0.2779 4.7018 0.4921, 0.277 4.701 0.4921, 0.2723 4.6977 0.4921, 1.4026 4.6878 0.4921, 0.4865 4.4547 0.4921, 0.4865 4.6878 0.4921, 0.4054 4.4547 0.4921, 0.4054 4.6878 0.4921, 0.3716 4.4547 0.4921, 0.2717 4.4547 0.4921, 0.2468 4.4547 0.4921, 0.1873 4.4547 0.4921, 0.1782 4.4547 0.4921, 0.1012 4.4547 0.4921, 0.1489 4.7319 0.4921, 0.0422 4.8378 0.4921, 0.0422 4.731 0.4921, 0.0972 4.8378 0.4921, 0.0972 4.8255 0.4921, 0.0996 4.7432 0.4921, 0.0996 4.731 0.4921, 0.056 4.7791 0.4921, 0.056 4.7432 0.4921, 0.0941 4.7791 0.4921, 0.0941 4.7913 0.4921, 0.056 4.7913 0.4921, 0.056 4.8255 0.4921, 1.4026 4.7301 0.4921, 0.4445 4.9296 0.4921, 0.0985 4.9126 0.4921, 0.0985 4.9004 0.4921, 0.0422 4.9004 0.4921, 0.0422 5.0071 0.4921, 0.056 5.0071 0.4921, 0.3111 4.9004 0.4921, 0.2817 4.9004 0.4921, 0.3657 4.9357 0.4921, 0.3604 4.9247 0.4921, 0.3526 4.9153 0.4921, 0.2817 5.0071 0.4921, 0.3122 5.0071 0.4921, 0.3293 5.0052 0.4921, 0.3421 5.0003 0.4921, 0.3634 4.9791 0.4921, 0.3672 4.9687 0.4921, 0.3687 4.9551 0.4921, 0.3683 4.9482 0.4921, 0.3497 4.9128 0.4921, 0.339 4.9062 0.4921, 0.3263 4.9019 0.4921, 0.3526 4.993 0.4921, 0.357 4.9886 0.4921, 0.6043 4.731 0.4921, 1.4026 4.8682 0.4921, 1.4026 4.8995 0.4921, 1.4026 5.008 0.4921, 2.6575 4.7301 0.4921, 2.6575 4.8682 0.4921, 2.6575 4.8995 0.4921, 2.6575 5.008 0.4921, 0.056 4.9126 0.4921
            ]
        }
        coordIndex [
            0,1,2,-1,3,4,5,-1,6,7,8,-1,8,7,9,-1,8,10,11,-1,11,12,8,-1,8,12,13,-1,8,13,6,-1,14,15,16,-1,16,15,17,-1,16,17,8,-1,8,17,18,-1,8,18,10,-1,14,16,19,-1,19,16,20,-1,19,20,21,-1,21,20,22,-1,22,20,23,-1,22,23,24,-1,23,25,24,-1,24,25,26,-1,24,26,27,-1,27,26,28,-1,27,28,29,-1,30,31,23,-1,23,31,32,-1,23,32,25,-1,33,34,35,-1,35,36,33,-1,33,36,37,-1,33,37,23,-1,23,37,38,-1,23,38,30,-1,39,40,41,-1,41,40,42,-1,41,42,43,-1,43,44,41,-1,41,44,45,-1,41,45,34,-1,34,45,46,-1,34,46,35,-1,47,39,48,-1,48,39,41,-1,48,41,49,-1,49,41,50,-1,51,52,53,-1,53,52,54,-1,54,55,53,-1,53,55,56,-1,53,56,57,-1,57,56,58,-1,57,58,59,-1,59,58,60,-1,59,60,41,-1,41,60,61,-1,41,61,50,-1,62,63,51,-1,51,63,64,-1,51,64,65,-1,65,66,51,-1,51,66,67,-1,51,67,52,-1,68,69,70,-1,71,72,73,-1,74,75,62,-1,76,77,78,-1,78,77,79,-1,71,73,80,-1,74,62,81,-1,70,69,62,-1,62,69,82,-1,62,82,81,-1,72,83,73,-1,73,83,84,-1,73,84,85,-1,86,87,88,-1,88,87,89,-1,88,89,90,-1,91,92,93,-1,93,92,94,-1,93,94,88,-1,88,94,95,-1,88,95,86,-1,91,96,92,-1,92,96,97,-1,92,97,77,-1,77,97,98,-1,77,98,79,-1,99,100,101,-1,101,100,102,-1,101,102,73,-1,73,102,103,-1,73,103,80,-1,104,105,63,-1,63,105,106,-1,63,106,107,-1,107,108,63,-1,63,108,109,-1,63,109,110,-1,110,109,99,-1,110,99,111,-1,111,99,101,-1,112,113,73,-1,73,113,114,-1,73,114,77,-1,77,114,115,-1,77,115,116,-1,75,117,62,-1,62,117,118,-1,62,118,63,-1,63,118,119,-1,63,119,104,-1,85,120,73,-1,73,120,121,-1,73,121,122,-1,122,123,73,-1,73,123,124,-1,73,124,112,-1,125,126,127,-1,125,127,128,-1,116,129,77,-1,77,129,127,-1,77,127,92,-1,92,127,126,-1,92,126,130,-1,130,126,131,-1,132,133,127,-1,127,133,134,-1,127,134,128,-1,135,136,137,-1,136,138,137,-1,137,138,139,-1,137,139,140,-1,141,137,142,-1,131,126,141,-1,141,126,143,-1,141,143,137,-1,137,143,144,-1,137,144,135,-1,142,145,141,-1,141,145,146,-1,141,146,147,-1,140,139,148,-1,148,139,149,-1,148,149,150,-1,150,149,151,-1,150,151,152,-1,153,154,147,-1,147,154,155,-1,147,155,141,-1,7,156,9,-1,9,156,157,-1,9,157,70,-1,70,157,158,-1,70,158,68,-1,159,160,161,-1,161,160,162,-1,163,164,165,-1,165,164,166,-1,167,1,168,-1,168,1,169,-1,168,169,170,-1,170,169,164,-1,170,164,171,-1,171,164,163,-1,172,173,164,-1,174,175,176,-1,161,177,178,-1,173,179,164,-1,164,179,180,-1,164,180,166,-1,162,181,161,-1,161,181,182,-1,161,182,177,-1,182,183,177,-1,177,183,184,-1,177,184,185,-1,185,186,177,-1,177,186,187,-1,177,187,173,-1,173,187,188,-1,173,188,179,-1,189,1,190,-1,190,1,0,-1,190,0,191,-1,192,193,194,-1,194,193,195,-1,194,195,196,-1,196,195,197,-1,196,197,198,-1,198,197,199,-1,198,199,200,-1,200,199,201,-1,200,201,202,-1,202,201,203,-1,204,205,206,-1,207,208,209,-1,189,199,1,-1,1,199,197,-1,1,197,169,-1,169,197,210,-1,169,210,211,-1,211,210,212,-1,211,212,213,-1,214,215,208,-1,208,215,216,-1,208,216,209,-1,217,218,219,-1,219,218,220,-1,221,222,223,-1,223,222,224,-1,223,224,225,-1,226,227,222,-1,222,227,228,-1,229,230,221,-1,221,230,231,-1,221,231,222,-1,222,231,232,-1,222,232,226,-1,233,234,235,-1,234,236,235,-1,235,236,237,-1,235,237,238,-1,238,237,239,-1,239,240,238,-1,238,240,241,-1,238,241,242,-1,242,243,238,-1,238,243,244,-1,238,244,224,-1,224,244,245,-1,224,245,225,-1,228,246,222,-1,222,246,247,-1,222,247,248,-1,249,250,251,-1,251,250,252,-1,251,252,235,-1,235,252,253,-1,235,253,233,-1,254,255,256,-1,256,255,257,-1,256,257,258,-1,256,259,254,-1,254,259,260,-1,254,260,261,-1,249,262,250,-1,250,262,263,-1,250,263,264,-1,264,263,265,-1,264,266,267,-1,261,268,254,-1,254,268,269,-1,254,269,270,-1,270,269,271,-1,270,271,272,-1,272,271,273,-1,272,273,221,-1,221,273,274,-1,221,274,229,-1,265,275,264,-1,264,275,276,-1,264,276,277,-1,278,279,258,-1,258,279,280,-1,258,280,256,-1,277,281,264,-1,264,281,282,-1,264,282,266,-1,267,283,264,-1,264,283,284,-1,264,284,285,-1,286,287,288,-1,288,287,289,-1,290,291,292,-1,291,290,293,-1,293,290,294,-1,293,294,295,-1,296,297,298,-1,2,299,300,-1,298,297,301,-1,301,297,302,-1,301,302,295,-1,295,302,303,-1,295,303,293,-1,304,305,306,-1,307,308,309,-1,309,308,310,-1,309,310,311,-1,312,313,314,-1,314,313,315,-1,314,315,316,-1,316,315,304,-1,316,304,317,-1,318,319,320,-1,320,319,321,-1,320,321,307,-1,322,323,324,-1,306,305,324,-1,324,305,325,-1,324,325,322,-1,311,310,326,-1,326,310,327,-1,326,327,322,-1,328,329,330,-1,16,331,20,-1,20,331,332,-1,20,332,333,-1,333,332,334,-1,333,334,335,-1,335,334,336,-1,335,336,337,-1,337,336,338,-1,337,338,339,-1,339,338,340,-1,339,340,341,-1,341,340,342,-1,341,342,343,-1,343,342,344,-1,343,344,345,-1,345,344,346,-1,345,346,347,-1,347,346,348,-1,347,348,349,-1,349,348,350,-1,349,350,351,-1,351,350,352,-1,351,352,353,-1,353,352,354,-1,353,354,355,-1,355,354,356,-1,355,356,357,-1,357,356,358,-1,357,358,359,-1,359,358,360,-1,359,360,361,-1,361,360,362,-1,361,362,363,-1,363,362,364,-1,363,364,365,-1,365,364,366,-1,365,366,367,-1,367,366,368,-1,367,368,369,-1,369,368,370,-1,369,370,371,-1,371,370,372,-1,371,372,373,-1,374,375,376,-1,376,375,377,-1,374,378,375,-1,375,378,379,-1,375,379,380,-1,380,379,381,-1,382,383,375,-1,375,383,384,-1,375,384,385,-1,322,327,323,-1,323,327,386,-1,323,386,387,-1,387,386,388,-1,387,388,375,-1,375,388,389,-1,375,389,382,-1,385,390,375,-1,375,390,391,-1,375,391,377,-1,392,393,394,-1,395,396,379,-1,379,396,397,-1,379,397,381,-1,392,394,379,-1,379,394,398,-1,379,398,395,-1,399,400,401,-1,401,400,402,-1,401,402,327,-1,327,402,403,-1,327,403,386,-1,404,405,373,-1,373,405,406,-1,407,408,409,-1,410,411,412,-1,372,328,373,-1,373,328,330,-1,373,330,404,-1,404,330,412,-1,404,412,413,-1,413,412,414,-1,411,415,412,-1,412,415,416,-1,412,416,414,-1,408,417,409,-1,409,417,418,-1,409,418,419,-1,419,420,409,-1,409,420,421,-1,409,421,412,-1,412,421,422,-1,412,422,410,-1,407,409,423,-1,423,409,424,-1,423,424,425,-1,425,424,426,-1,426,424,427,-1,426,427,428,-1,387,429,323,-1,323,429,430,-1,323,430,431,-1,431,430,432,-1,431,432,433,-1,424,434,435,-1,435,434,436,-1,437,438,427,-1,439,440,441,-1,441,440,442,-1,443,434,444,-1,444,434,445,-1,437,427,446,-1,443,447,434,-1,434,447,448,-1,434,448,449,-1,438,450,427,-1,427,450,451,-1,427,451,452,-1,453,454,442,-1,442,454,455,-1,442,455,456,-1,449,457,434,-1,434,457,458,-1,434,458,436,-1,436,458,459,-1,436,459,460,-1,460,461,436,-1,436,461,462,-1,436,462,463,-1,463,462,464,-1,465,466,464,-1,464,466,467,-1,464,467,463,-1,435,468,424,-1,424,468,469,-1,424,469,427,-1,427,469,470,-1,427,470,446,-1,471,472,464,-1,464,472,473,-1,464,473,474,-1,474,475,464,-1,464,475,476,-1,464,476,465,-1,477,478,479,-1,479,478,480,-1,478,481,480,-1,480,481,482,-1,480,482,434,-1,434,482,483,-1,434,483,445,-1,209,204,207,-1,207,204,206,-1,207,206,484,-1,484,206,485,-1,486,487,488,-1,489,490,491,-1,491,490,492,-1,490,222,493,-1,248,288,222,-1,222,288,289,-1,222,289,493,-1,493,289,494,-1,493,495,490,-1,490,495,496,-1,490,496,497,-1,498,499,500,-1,500,499,501,-1,500,501,289,-1,289,501,502,-1,289,502,494,-1,497,503,490,-1,490,503,504,-1,490,504,492,-1,505,506,507,-1,505,507,508,-1,506,509,507,-1,507,509,510,-1,507,510,500,-1,500,510,511,-1,500,511,498,-1,3,512,513,-1,513,512,514,-1,513,514,515,-1,515,514,516,-1,515,516,517,-1,517,516,507,-1,517,507,518,-1,518,507,500,-1,518,500,519,-1,519,500,289,-1,519,289,520,-1,520,289,287,-1,520,287,521,-1,521,287,479,-1,521,479,522,-1,522,479,480,-1,286,220,287,-1,287,220,218,-1,287,218,479,-1,479,218,441,-1,479,441,477,-1,477,441,442,-1,477,442,523,-1,523,442,456,-1,524,70,525,-1,525,70,62,-1,525,62,434,-1,434,62,51,-1,434,51,480,-1,480,51,53,-1,480,53,522,-1,524,526,424,-1,526,527,424,-1,424,527,528,-1,424,528,434,-1,434,528,529,-1,434,529,525,-1,530,531,532,-1,532,531,528,-1,532,528,533,-1,533,528,527,-1,533,527,534,-1,534,527,535,-1,217,235,218,-1,218,235,238,-1,218,238,441,-1,441,238,427,-1,441,427,439,-1,439,427,452,-1,433,428,431,-1,431,428,427,-1,431,427,323,-1,323,427,238,-1,323,238,324,-1,324,238,224,-1,324,224,306,-1,512,536,514,-1,514,536,164,-1,514,164,516,-1,516,164,169,-1,516,169,507,-1,507,169,211,-1,507,211,508,-1,508,211,213,-1,508,213,205,-1,205,213,191,-1,205,191,206,-1,206,191,0,-1,206,0,298,-1,298,0,2,-1,298,2,296,-1,296,2,300,-1,537,299,292,-1,292,299,2,-1,292,2,290,-1,290,2,1,-1,290,1,161,-1,161,1,167,-1,161,167,159,-1,412,538,409,-1,409,538,539,-1,409,539,540,-1,524,424,70,-1,70,424,409,-1,70,409,9,-1,9,409,540,-1,9,540,8,-1,8,540,541,-1,8,541,542,-1,543,544,306,-1,306,544,308,-1,306,308,304,-1,304,308,307,-1,304,307,317,-1,317,307,321,-1,545,546,298,-1,298,546,547,-1,544,548,308,-1,308,548,549,-1,308,549,301,-1,301,549,550,-1,301,550,551,-1,552,553,301,-1,301,553,554,-1,301,554,298,-1,298,554,555,-1,298,555,545,-1,547,556,298,-1,298,556,557,-1,298,557,558,-1,551,559,301,-1,301,559,560,-1,301,560,552,-1,558,543,298,-1,298,543,306,-1,298,306,206,-1,206,306,224,-1,206,224,485,-1,485,224,222,-1,485,222,488,-1,488,222,490,-1,488,490,486,-1,486,490,489,-1,176,172,174,-1,174,172,164,-1,174,164,561,-1,561,164,536,-1,561,536,178,-1,178,536,562,-1,178,562,161,-1,161,562,563,-1,161,563,290,-1,290,563,564,-1,290,564,294,-1,3,5,512,-1,512,5,565,-1,512,565,536,-1,536,565,566,-1,536,566,562,-1,562,566,567,-1,562,567,563,-1,563,567,568,-1,563,568,564,-1,569,538,542,-1,542,538,412,-1,542,412,8,-1,8,412,330,-1,8,330,16,-1,16,330,329,-1,16,329,331,-1,568,357,564,-1,564,357,359,-1,564,359,294,-1,294,359,361,-1,294,361,295,-1,295,361,363,-1,295,363,301,-1,301,363,365,-1,301,365,308,-1,308,365,367,-1,308,367,310,-1,310,367,369,-1,310,369,327,-1,327,369,371,-1,327,371,401,-1,401,371,373,-1,401,373,399,-1,399,373,406,-1,
        ]
    }
}
Shape{
    appearance Appearance {
        material  Material 	{
            diffuseColor 0.9882352941176471 0.7372549019607844 0.5176470588235295
            specularColor 0.49411764705882355 0.3686274509803922 0.25882352941176473
            ambientIntensity 0.7873
            transparency 0.0
            shininess 0.5
        }
    }
    geometry IndexedFaceSet {
        ccw TRUE
        solid FALSE
        coord DEF co Coordinate {
            point [
                1.378 4.4547 0.2953, 1.378 4.4547 0.3346, 1.378 3.5728 0.2953, 1.378 3.5728 0.3346, 1.378 3.4553 0.2864, 1.378 3.4494 0.3254, 1.378 1.6431 0.0128, 1.378 1.6372 0.0517, 1.378 1.5255 0.0039, 1.378 1.5255 0.0433, 1.378 1.5059 0.0039, 1.378 1.5059 0.0433
            ]
        }
        coordIndex [
            0,1,2,-1,2,1,3,-1,2,3,4,-1,4,3,5,-1,4,5,6,-1,6,5,7,-1,6,7,8,-1,8,7,9,-1,8,9,10,-1,10,9,11,-1,
        ]
    }
}
Shape{
    appearance Appearance {
        material  Material 	{
            diffuseColor 0.25098039215686274 0.25098039215686274 0.25098039215686274
            specularColor 0.12549019607843137 0.12549019607843137 0.12549019607843137
            ambientIntensity 0.251
            transparency 0.0
            shininess 0.5
        }
    }
    geometry IndexedFaceSet {
        ccw TRUE
        solid FALSE
        coord DEF co Coordinate {
            point [
                2.6575 4.4547 0.2953, 1.378 4.4547 0.2953, 1.378 3.5728 0.2953, -1.378 3.5728 0.2953, -1.378 4.4547 0.2953, -2.7559 3.5728 0.2953, -2.6575 4.4547 0.2953, -2.7559 8.1004 0.2953, -2.6575 7.8012 0.2953, 2.7559 8.1004 0.2953, 2.6575 7.8012 0.2953, 2.7559 3.5728 0.2953, 1.378 4.4547 0.3346, 2.6575 4.4547 0.4921, -1.378 4.4547 0.3346, -2.6575 4.4547 0.4921, -2.7559 8.1004 0.0984, -2.6575 7.8012 0.0984, -2.6575 4.4547 0.0984, 2.6575 7.8012 0.0984, 2.7559 8.1004 0.0984, 2.6575 4.4547 0.0984, 2.7559 3.5728 0.0984, -2.7559 3.5728 0.0984, 2.6575 7.8012 0.4921, -2.6575 7.8012 0.4921
            ]
        }
        coordIndex [
            0,1,2,-1,3,4,5,-1,5,4,6,-1,5,6,7,-1,7,6,8,-1,7,8,9,-1,8,10,9,-1,9,10,0,-1,9,0,11,-1,11,0,2,-1,1,0,12,-1,12,0,13,-1,12,13,14,-1,14,13,15,-1,14,15,4,-1,4,15,6,-1,16,17,18,-1,17,16,19,-1,19,16,20,-1,19,20,21,-1,21,20,22,-1,21,22,18,-1,18,22,23,-1,18,23,16,-1,9,11,20,-1,20,11,22,-1,7,9,16,-1,16,9,20,-1,5,7,23,-1,23,7,16,-1,3,5,23,-1,3,23,2,-1,2,23,22,-1,2,22,11,-1,24,13,10,-1,10,13,0,-1,25,24,8,-1,8,24,10,-1,15,25,6,-1,6,25,8,-1,
        ]
    }
}
Shape{
    appearance Appearance {
        material  Material 	{
            diffuseColor 1.0 1.0 1.0
            specularColor 0.5019607843137255 0.5019607843137255 0.5019607843137255
            ambientIntensity 1.0
            transparency 0.0
            shininess 0.5
        }
    }
    geometry IndexedFaceSet {
        ccw TRUE
        solid FALSE
        coord DEF co Coordinate {
            point [
                -2.6575 4.4547 0.0157, 2.6575 4.4547 0.0157, -2.6575 4.4547 0.0984, 2.6575 4.4547 0.0984, -2.6575 7.8012 0.0157, -2.6575 7.8012 0.0984, 2.6575 7.8012 0.0157, 2.6575 7.8012 0.0984
            ]
        }
        coordIndex [
            0,1,2,-1,2,1,3,-1,4,0,5,-1,5,0,2,-1,6,4,7,-1,7,4,5,-1,1,6,3,-1,3,6,7,-1,4,6,0,-1,0,6,1,-1,
        ]
    }
}
Shape{
    appearance Appearance {
        material  Material 	{
            diffuseColor 0.9882352941176471 0.7372549019607844 0.5176470588235295
            specularColor 0.49411764705882355 0.3686274509803922 0.25882352941176473
            ambientIntensity 0.7873
            transparency 0.0
            shininess 0.5
        }
    }
    geometry IndexedFaceSet {
        ccw TRUE
        solid FALSE
        coord DEF co Coordinate {
            point [
                -2.1654 -0.3838 0.0433, -1.8602 -0.3838 0.0433, -1.8602 0.4036 0.0433, -1.378 1.5059 0.0433, -2.1654 1.5059 0.0433, -1.9685 1.3878 0.0433, 1.378 1.5255 0.0433, -1.378 1.5255 0.0433, 1.378 1.5059 0.0433, -1.7224 -0.3838 0.0433, -1.5846 -0.3838 0.0433, -1.7224 0.4036 0.0433, -1.5846 0.4036 0.0433, -2.3622 -0.187 0.0433, -2.3555 -0.2379 0.0433, -2.2638 -0.3575 0.0433, -2.3358 -0.2854 0.0433, -2.3045 -0.3262 0.0433, -1.4469 -0.3838 0.0433, -1.3091 -0.3838 0.0433, -1.4469 0.4036 0.0433, -1.3091 0.4036 0.0433, -1.1713 0.4036 0.0433, 2.0195 1.0008 0.0433, -1.7717 1.191 0.0433, 1.9685 0.9941 0.0433, 1.9176 1.0008 0.0433, 1.8701 1.0205 0.0433, 1.8293 1.0518 0.0433, 1.798 1.0925 0.0433, 1.7784 1.2419 0.0433, 1.798 1.2894 0.0433, 1.8293 1.3302 0.0433, 1.9685 1.3878 0.0433, 2.1654 1.5059 0.0433, 1.9176 1.3811 0.0433, 1.8701 1.3614 0.0433, -1.798 1.0925 0.0433, -1.8293 1.0518 0.0433, -1.9176 1.3811 0.0433, -1.8701 1.3614 0.0433, 2.1654 1.191 0.0433, 2.3622 1.3091 0.0433, 2.1586 1.2419 0.0433, 2.3555 1.36 0.0433, 2.139 1.2894 0.0433, -1.9685 0.9941 0.0433, -1.9176 1.0008 0.0433, -1.8701 1.0205 0.0433, -0.8957 0.4036 0.0433, -0.8957 -0.3838 0.0433, -0.7579 -0.3838 0.0433, 2.0195 1.3811 0.0433, 2.0669 1.3614 0.0433, 2.2163 1.4992 0.0433, 2.1077 1.3302 0.0433, 2.3358 1.4075 0.0433, 2.3045 1.4483 0.0433, 2.2638 1.4795 0.0433, -1.7784 1.14 0.0433, -2.0195 1.0008 0.0433, -2.0669 1.0205 0.0433, -2.1077 1.0518 0.0433, -2.3622 1.3091 0.0433, -2.139 1.0925 0.0433, -2.1586 1.14 0.0433, -2.2638 1.4795 0.0433, -2.3045 1.4483 0.0433, -2.1077 1.3302 0.0433, -2.139 1.2894 0.0433, -2.2163 1.4992 0.0433, -2.0669 1.3614 0.0433, -2.0195 1.3811 0.0433, -0.7579 0.4036 0.0433, -0.6201 0.4036 0.0433, 1.7784 1.14 0.0433, 1.7717 1.191 0.0433, -1.7784 1.2419 0.0433, -1.798 1.2894 0.0433, -1.8293 1.3302 0.0433, -2.2163 -0.3771 0.0433, -2.1654 1.191 0.0433, -2.1586 1.2419 0.0433, -2.3555 1.36 0.0433, -2.3358 1.4075 0.0433, -1.0335 0.4036 0.0433, -1.0335 -0.3838 0.0433, -1.1713 -0.3838 0.0433, -0.3445 0.4036 0.0433, -0.3445 -0.3838 0.0433, -0.2067 -0.3838 0.0433, -0.2067 0.4036 0.0433, -0.0689 0.4036 0.0433, -0.4823 0.4036 0.0433, -0.4823 -0.3838 0.0433, -0.6201 -0.3838 0.0433, 0.2067 0.4036 0.0433, 0.2067 -0.3838 0.0433, 0.3445 -0.3838 0.0433, 0.3445 0.4036 0.0433, 0.4823 0.4036 0.0433, 0.0689 0.4036 0.0433, 0.0689 -0.3838 0.0433, -0.0689 -0.3838 0.0433, 0.7579 -0.3838 0.0433, 0.8957 -0.3838 0.0433, 0.7579 0.4036 0.0433, 0.8957 0.4036 0.0433, 0.4823 -0.3838 0.0433, 0.6201 -0.3838 0.0433, 0.6201 0.4036 0.0433, 2.0669 1.0205 0.0433, 1.0335 0.4036 0.0433, 1.0335 -0.3838 0.0433, 1.1713 -0.3838 0.0433, 1.1713 0.4036 0.0433, 1.3091 0.4036 0.0433, 2.1077 1.0518 0.0433, 1.5846 -0.3838 0.0433, 1.7224 -0.3838 0.0433, 1.5846 0.4036 0.0433, 1.7224 0.4036 0.0433, 2.1586 1.14 0.0433, 2.139 1.0925 0.0433, 1.3091 -0.3838 0.0433, 1.4469 -0.3838 0.0433, 1.4469 0.4036 0.0433, 1.8602 0.4036 0.0433, 1.8602 -0.3838 0.0433, 2.1654 -0.3838 0.0433, 2.3622 -0.187 0.0433, 2.2163 -0.3771 0.0433, 2.2638 -0.3575 0.0433, 2.3555 -0.2379 0.0433, 2.3045 -0.3262 0.0433, 2.3358 -0.2854 0.0433, 0.4823 -0.3838 0.0472, 0.3445 -0.3838 0.0472, 0.3445 -0.3838 0.0039, 0.3445 -0.3838 0.0, 0.4823 -0.3838 0.0, 0.4823 -0.3838 0.0039, 0.6201 -0.3838 0.0039, 0.6201 -0.3838 0.0, 0.7579 -0.3838 0.0, 0.7579 -0.3838 0.0039, 0.2067 -0.3838 0.0039, 0.2067 -0.3838 0.0472, 0.0689 -0.3838 0.0472, 0.8957 -0.3838 0.0, 1.0335 -0.3838 0.0, 0.8957 -0.3838 0.0039, 1.0335 -0.3838 0.0039, -0.0689 -0.3838 0.0472, -0.2067 -0.3838 0.0472, 0.7579 -0.3838 0.0472, 0.6201 -0.3838 0.0472, 1.1713 -0.3838 0.0, 1.3091 -0.3838 0.0, 1.1713 -0.3838 0.0039, 1.3091 -0.3838 0.0039, -0.0689 -0.3838 0.0039, 0.0689 -0.3838 0.0039, 0.0689 -0.3838 0.0, 0.2067 -0.3838 0.0, -0.3445 -0.3838 0.0472, -0.4823 -0.3838 0.0472, 1.0335 -0.3838 0.0472, 0.8957 -0.3838 0.0472, 1.4469 -0.3838 0.0, 1.5846 -0.3838 0.0, 1.4469 -0.3838 0.0039, 1.5846 -0.3838 0.0039, -0.3445 -0.3838 0.0039, -0.2067 -0.3838 0.0039, -0.2067 -0.3838 0.0, -0.0689 -0.3838 0.0, -0.6201 -0.3838 0.0472, -0.7579 -0.3838 0.0472, 1.3091 -0.3838 0.0472, 1.1713 -0.3838 0.0472, 1.7224 -0.3838 0.0, 1.8602 -0.3838 0.0, 1.7224 -0.3838 0.0039, 1.8602 -0.3838 0.0039, -0.6201 -0.3838 0.0039, -0.4823 -0.3838 0.0039, -0.4823 -0.3838 0.0, -0.3445 -0.3838 0.0, -0.8957 -0.3838 0.0472, -1.0335 -0.3838 0.0472, 1.5846 -0.3838 0.0472, 1.4469 -0.3838 0.0472, 2.1654 -0.3838 0.0039, 1.8602 -0.3838 0.0472, 1.7224 -0.3838 0.0472, -0.8957 -0.3838 0.0039, -0.7579 -0.3838 0.0039, -0.7579 -0.3838 0.0, -0.6201 -0.3838 0.0, -1.1713 -0.3838 0.0472, -1.3091 -0.3838 0.0472, -1.1713 -0.3838 0.0039, -1.0335 -0.3838 0.0039, -1.0335 -0.3838 0.0, -0.8957 -0.3838 0.0, -1.4469 -0.3838 0.0472, -1.5846 -0.3838 0.0472, -1.4469 -0.3838 0.0039, -1.3091 -0.3838 0.0039, -1.3091 -0.3838 0.0, -1.1713 -0.3838 0.0, -1.7224 -0.3838 0.0472, -1.8602 -0.3838 0.0472, -1.7224 -0.3838 0.0039, -1.5846 -0.3838 0.0039, -1.5846 -0.3838 0.0, -1.4469 -0.3838 0.0, -2.1654 -0.3838 0.0039, -1.8602 -0.3838 0.0039, -1.8602 -0.3838 0.0, -1.7224 -0.3838 0.0, 1.8602 0.4036 0.0039, -1.378 1.5255 0.0039, 1.378 1.5255 0.0039, -1.378 1.5059 0.0039, 1.378 1.5059 0.0039, 1.7224 0.4036 0.0039, -1.9176 1.0008 0.0039, -1.8701 1.0205 0.0039, 1.7717 1.191 0.0039, -2.1654 1.191 0.0039, -2.3622 1.3091 0.0039, -2.1586 1.2419 0.0039, -2.3555 1.36 0.0039, -2.139 1.2894 0.0039, 1.9176 1.3811 0.0039, 1.8701 1.3614 0.0039, 2.0669 1.0205 0.0039, 2.1077 1.0518 0.0039, -2.1077 1.3302 0.0039, -2.2163 1.4992 0.0039, -2.0669 1.3614 0.0039, -2.1654 1.5059 0.0039, -2.0195 1.3811 0.0039, -2.3358 1.4075 0.0039, -2.3045 1.4483 0.0039, -2.2638 1.4795 0.0039, 1.8293 1.3302 0.0039, 1.798 1.2894 0.0039, 1.7784 1.2419 0.0039, 2.3358 -0.2854 0.0039, 2.3045 -0.3262 0.0039, 2.3555 -0.2379 0.0039, 2.2638 -0.3575 0.0039, 2.3622 -0.187 0.0039, 2.2638 1.4795 0.0039, 2.3045 1.4483 0.0039, 2.1077 1.3302 0.0039, 2.139 1.2894 0.0039, 2.2163 1.4992 0.0039, 2.0669 1.3614 0.0039, 2.1654 1.5059 0.0039, 2.0195 1.3811 0.0039, 1.9685 1.3878 0.0039, -1.9685 0.9941 0.0039, 1.7784 1.14 0.0039, 1.798 1.0925 0.0039, 1.8293 1.0518 0.0039, 1.8701 1.0205 0.0039, 1.4469 0.4036 0.0039, 1.3091 0.4036 0.0039, -1.8293 1.0518 0.0039, -1.798 1.0925 0.0039, -1.7784 1.14 0.0039, -1.7717 1.191 0.0039, -1.7784 1.2419 0.0039, -1.798 1.2894 0.0039, -1.8293 1.3302 0.0039, 2.139 1.0925 0.0039, 2.1586 1.14 0.0039, 2.3622 1.3091 0.0039, 1.5846 0.4036 0.0039, 1.9685 0.9941 0.0039, 2.0195 1.0008 0.0039, 1.9176 1.0008 0.0039, -1.8701 1.3614 0.0039, -1.9176 1.3811 0.0039, -1.9685 1.3878 0.0039, 2.2163 -0.3771 0.0039, 2.1654 1.191 0.0039, 2.1586 1.2419 0.0039, 2.3555 1.36 0.0039, 2.3358 1.4075 0.0039, -2.0195 1.0008 0.0039, 1.1713 0.4036 0.0039, 0.8957 0.4036 0.0039, 0.7579 0.4036 0.0039, 0.6201 0.4036 0.0039, 1.0335 0.4036 0.0039, 0.3445 0.4036 0.0039, 0.2067 0.4036 0.0039, 0.0689 0.4036 0.0039, 0.4823 0.4036 0.0039, -0.3445 0.4036 0.0039, -0.4823 0.4036 0.0039, -0.2067 0.4036 0.0039, -0.0689 0.4036 0.0039, -0.7579 0.4036 0.0039, -0.8957 0.4036 0.0039, -0.6201 0.4036 0.0039, -2.0669 1.0205 0.0039, -1.0335 0.4036 0.0039, -1.1713 0.4036 0.0039, -1.3091 0.4036 0.0039, -2.1077 1.0518 0.0039, -1.5846 0.4036 0.0039, -1.7224 0.4036 0.0039, -2.1586 1.14 0.0039, -2.139 1.0925 0.0039, -1.4469 0.4036 0.0039, -1.8602 0.4036 0.0039, -2.3622 -0.187 0.0039, -2.2163 -0.3771 0.0039, -2.2638 -0.3575 0.0039, -2.3045 -0.3262 0.0039, -2.3358 -0.2854 0.0039, -2.3555 -0.2379 0.0039, -1.378 1.6431 0.0128, 1.378 1.6431 0.0128, 1.378 3.4553 0.2864, -1.378 3.4553 0.2864, 1.378 3.5728 0.2953, -1.378 3.5728 0.2953, 1.378 3.5728 0.3346, 1.378 4.4547 0.3346, -1.378 3.5728 0.3346, -1.378 4.4547 0.3346, -1.378 3.4494 0.3254, 1.378 3.4494 0.3254, 1.378 1.6372 0.0517, -1.378 1.6372 0.0517, -1.378 4.4547 0.2953
            ]
        }
        coordIndex [
            0,1,2,-1,3,4,5,-1,6,7,8,-1,8,7,3,-1,9,10,11,-1,11,10,12,-1,13,14,15,-1,15,14,16,-1,15,16,17,-1,18,19,20,-1,20,19,21,-1,21,22,23,-1,24,25,26,-1,26,27,24,-1,24,27,28,-1,24,28,29,-1,30,31,8,-1,8,31,32,-1,33,34,35,-1,35,34,8,-1,35,8,36,-1,36,8,32,-1,37,38,11,-1,3,5,8,-1,8,5,39,-1,8,39,40,-1,41,42,43,-1,43,42,44,-1,43,44,45,-1,46,2,47,-1,47,2,11,-1,47,11,48,-1,48,11,38,-1,49,50,51,-1,33,52,34,-1,34,52,53,-1,34,53,54,-1,54,53,55,-1,44,56,45,-1,45,56,57,-1,45,57,55,-1,55,57,58,-1,55,58,54,-1,21,23,20,-1,20,23,25,-1,20,25,12,-1,12,25,24,-1,12,24,11,-1,11,24,59,-1,11,59,37,-1,46,60,2,-1,2,60,61,-1,2,61,62,-1,63,64,65,-1,66,67,68,-1,68,67,69,-1,66,68,70,-1,70,68,71,-1,70,71,4,-1,4,71,72,-1,4,72,5,-1,73,74,23,-1,29,75,24,-1,24,75,76,-1,24,76,77,-1,77,76,30,-1,77,30,78,-1,78,30,8,-1,78,8,79,-1,79,8,40,-1,15,80,13,-1,13,80,0,-1,13,0,63,-1,63,0,2,-1,63,2,64,-1,64,2,62,-1,65,81,63,-1,63,81,82,-1,63,82,83,-1,83,82,69,-1,83,69,84,-1,84,69,67,-1,51,73,49,-1,49,73,23,-1,49,23,85,-1,85,23,22,-1,85,22,86,-1,86,22,87,-1,88,89,90,-1,91,92,23,-1,90,91,88,-1,88,91,23,-1,88,23,93,-1,93,23,74,-1,93,74,94,-1,94,74,95,-1,96,97,98,-1,99,100,23,-1,98,99,96,-1,96,99,23,-1,96,23,101,-1,101,23,92,-1,101,92,102,-1,102,92,103,-1,104,105,106,-1,106,105,107,-1,108,109,100,-1,100,109,110,-1,100,110,23,-1,23,110,106,-1,23,106,111,-1,111,106,107,-1,111,107,112,-1,113,114,112,-1,112,114,115,-1,112,115,111,-1,111,115,116,-1,111,116,117,-1,118,119,120,-1,120,119,121,-1,41,122,42,-1,42,122,123,-1,42,123,117,-1,124,125,116,-1,116,125,126,-1,116,126,117,-1,117,126,120,-1,117,120,42,-1,42,120,121,-1,42,121,127,-1,127,128,42,-1,42,128,129,-1,42,129,130,-1,129,131,130,-1,130,131,132,-1,130,132,133,-1,133,132,134,-1,133,134,135,-1,108,136,137,-1,138,139,140,-1,141,142,109,-1,143,144,142,-1,142,144,145,-1,98,97,146,-1,147,148,97,-1,97,148,102,-1,146,138,98,-1,98,138,140,-1,98,140,137,-1,137,140,141,-1,137,141,108,-1,108,141,109,-1,149,150,151,-1,151,150,152,-1,153,154,103,-1,103,154,90,-1,151,105,145,-1,145,105,104,-1,145,104,142,-1,142,104,155,-1,142,155,109,-1,109,155,156,-1,157,158,159,-1,159,158,160,-1,103,161,102,-1,102,161,162,-1,102,162,97,-1,97,162,163,-1,97,163,146,-1,146,163,164,-1,165,166,89,-1,89,166,94,-1,159,114,152,-1,152,114,113,-1,152,113,151,-1,151,113,167,-1,151,167,105,-1,105,167,168,-1,169,170,171,-1,171,170,172,-1,89,173,90,-1,90,173,174,-1,90,174,103,-1,103,174,175,-1,103,175,161,-1,161,175,176,-1,177,178,95,-1,95,178,51,-1,171,125,160,-1,160,125,124,-1,160,124,159,-1,159,124,179,-1,159,179,114,-1,114,179,180,-1,181,182,183,-1,183,182,184,-1,95,185,94,-1,94,185,186,-1,94,186,89,-1,89,186,187,-1,89,187,173,-1,173,187,188,-1,189,190,50,-1,50,190,86,-1,183,119,172,-1,172,119,118,-1,172,118,171,-1,171,118,191,-1,171,191,125,-1,125,191,192,-1,193,129,184,-1,184,129,128,-1,184,128,183,-1,183,128,194,-1,183,194,119,-1,119,194,195,-1,50,196,51,-1,51,196,197,-1,51,197,95,-1,95,197,198,-1,95,198,185,-1,185,198,199,-1,200,201,87,-1,87,201,19,-1,87,202,86,-1,86,202,203,-1,86,203,50,-1,50,203,204,-1,50,204,196,-1,196,204,205,-1,206,207,18,-1,18,207,10,-1,18,208,19,-1,19,208,209,-1,19,209,87,-1,87,209,210,-1,87,210,202,-1,202,210,211,-1,212,213,9,-1,9,213,1,-1,9,214,10,-1,10,214,215,-1,10,215,18,-1,18,215,216,-1,18,216,208,-1,208,216,217,-1,0,218,1,-1,1,218,219,-1,1,219,9,-1,9,219,220,-1,9,220,214,-1,214,220,221,-1,193,184,222,-1,223,224,225,-1,225,224,226,-1,227,183,172,-1,228,229,230,-1,231,232,233,-1,233,232,234,-1,233,234,235,-1,236,237,226,-1,238,239,222,-1,240,241,242,-1,242,241,243,-1,242,243,244,-1,234,245,235,-1,235,245,246,-1,235,246,240,-1,240,246,247,-1,240,247,241,-1,237,248,226,-1,226,248,249,-1,226,249,225,-1,225,249,250,-1,225,250,230,-1,251,252,253,-1,253,252,254,-1,253,254,255,-1,256,257,258,-1,258,257,259,-1,256,258,260,-1,260,258,261,-1,260,261,262,-1,262,261,263,-1,262,263,226,-1,226,263,264,-1,226,264,236,-1,228,230,265,-1,265,230,266,-1,265,266,267,-1,268,269,270,-1,171,160,270,-1,270,160,271,-1,229,272,230,-1,230,272,273,-1,230,273,274,-1,274,275,230,-1,230,275,276,-1,230,276,225,-1,225,276,277,-1,225,277,278,-1,279,280,281,-1,172,282,227,-1,227,282,283,-1,227,283,222,-1,222,283,284,-1,222,284,238,-1,270,269,282,-1,282,269,285,-1,282,285,283,-1,278,286,225,-1,225,286,287,-1,225,287,243,-1,243,287,288,-1,243,288,244,-1,254,289,255,-1,255,289,193,-1,255,193,281,-1,281,193,222,-1,281,222,279,-1,279,222,239,-1,280,290,281,-1,281,290,291,-1,281,291,292,-1,292,291,259,-1,292,259,293,-1,293,259,257,-1,267,268,265,-1,265,268,270,-1,265,270,294,-1,294,270,271,-1,294,271,295,-1,296,151,145,-1,297,298,294,-1,145,297,296,-1,296,297,294,-1,296,294,299,-1,299,294,295,-1,299,295,152,-1,152,295,159,-1,300,138,146,-1,301,302,294,-1,146,301,300,-1,300,301,294,-1,300,294,303,-1,303,294,298,-1,303,298,141,-1,141,298,142,-1,304,305,294,-1,306,174,173,-1,173,304,306,-1,306,304,294,-1,306,294,307,-1,307,294,302,-1,307,302,161,-1,161,302,162,-1,197,196,308,-1,308,196,309,-1,186,185,305,-1,305,185,310,-1,305,310,294,-1,294,310,308,-1,294,308,311,-1,311,308,309,-1,311,309,312,-1,203,202,312,-1,312,202,313,-1,312,313,311,-1,311,313,314,-1,311,314,315,-1,215,214,316,-1,316,214,317,-1,231,318,232,-1,232,318,319,-1,232,319,315,-1,209,208,314,-1,314,208,320,-1,314,320,315,-1,315,320,316,-1,315,316,232,-1,232,316,317,-1,232,317,321,-1,321,219,232,-1,232,219,218,-1,232,218,322,-1,322,218,323,-1,322,323,324,-1,325,326,324,-1,324,326,327,-1,324,327,322,-1,223,328,224,-1,224,328,329,-1,330,329,331,-1,331,329,328,-1,330,331,332,-1,332,331,333,-1,334,335,336,-1,336,335,337,-1,336,338,334,-1,334,338,339,-1,340,339,341,-1,341,339,338,-1,340,341,6,-1,6,341,7,-1,337,342,336,-1,336,342,333,-1,336,333,338,-1,338,333,331,-1,338,331,341,-1,341,331,328,-1,341,328,7,-1,7,328,223,-1,7,223,3,-1,3,223,225,-1,13,63,322,-1,322,63,232,-1,232,63,83,-1,232,83,234,-1,234,83,84,-1,234,84,245,-1,245,84,67,-1,245,67,246,-1,246,67,66,-1,246,66,247,-1,247,66,70,-1,247,70,241,-1,241,70,4,-1,241,4,243,-1,225,243,3,-1,3,243,4,-1,275,24,276,-1,276,24,77,-1,276,77,277,-1,277,77,78,-1,277,78,278,-1,278,78,79,-1,278,79,286,-1,286,79,40,-1,286,40,287,-1,287,40,39,-1,287,39,288,-1,288,39,5,-1,288,5,244,-1,244,5,72,-1,244,72,242,-1,242,72,71,-1,242,71,240,-1,240,71,68,-1,240,68,235,-1,235,68,69,-1,235,69,233,-1,233,69,82,-1,233,82,231,-1,231,82,81,-1,231,81,318,-1,318,81,65,-1,318,65,319,-1,319,65,64,-1,319,64,315,-1,315,64,62,-1,315,62,311,-1,311,62,61,-1,311,61,294,-1,294,61,60,-1,294,60,265,-1,265,60,46,-1,265,46,228,-1,228,46,47,-1,228,47,229,-1,229,47,48,-1,229,48,272,-1,272,48,38,-1,272,38,273,-1,273,38,37,-1,273,37,274,-1,274,37,59,-1,274,59,275,-1,275,59,24,-1,262,226,34,-1,34,226,8,-1,262,34,54,-1,262,54,260,-1,260,54,58,-1,260,58,256,-1,256,58,57,-1,256,57,257,-1,257,57,56,-1,257,56,293,-1,293,56,44,-1,293,44,292,-1,292,44,42,-1,292,42,281,-1,255,281,130,-1,130,281,42,-1,290,41,291,-1,291,41,43,-1,291,43,259,-1,259,43,45,-1,259,45,258,-1,258,45,55,-1,258,55,261,-1,261,55,53,-1,261,53,263,-1,263,53,52,-1,263,52,264,-1,264,52,33,-1,264,33,236,-1,236,33,35,-1,236,35,237,-1,237,35,36,-1,237,36,248,-1,248,36,32,-1,248,32,249,-1,249,32,31,-1,249,31,250,-1,250,31,30,-1,250,30,230,-1,230,30,76,-1,230,76,266,-1,266,76,75,-1,266,75,267,-1,267,75,29,-1,267,29,268,-1,268,29,28,-1,268,28,269,-1,269,28,27,-1,269,27,285,-1,285,27,26,-1,285,26,283,-1,283,26,25,-1,283,25,284,-1,284,25,23,-1,284,23,238,-1,238,23,111,-1,238,111,239,-1,239,111,117,-1,239,117,279,-1,279,117,123,-1,279,123,280,-1,280,123,122,-1,280,122,290,-1,290,122,41,-1,
        ]
    }
}
Shape{
    appearance Appearance {
        material  Material 	{
            diffuseColor 1.0 1.0 0.5019607843137255
            specularColor 0.5019607843137255 0.5019607843137255 0.25098039215686274
            ambientIntensity 0.9432
            transparency 0.0
            shininess 0.5
        }
    }
    geometry IndexedFaceSet {
        ccw TRUE
        solid FALSE
        coord DEF co Coordinate {
            point [
                -1.8602 -0.3838 0.0, -1.8602 0.4036 0.0, -1.7224 -0.3838 0.0, -1.7224 0.4036 0.0, -1.7224 0.4036 0.0039, -1.8602 0.4036 0.0039, -1.8602 -0.3838 0.0039, -1.7224 -0.3838 0.0039, -1.7224 0.4036 0.0472, -1.7224 -0.3838 0.0472, -1.7224 0.4036 0.0433, -1.7224 -0.3838 0.0433, -1.8602 -0.3838 0.0472, -1.8602 0.4036 0.0472, -1.8602 -0.3838 0.0433, -1.8602 0.4036 0.0433, -1.5846 -0.3838 0.0, -1.5846 0.4036 0.0, -1.4469 -0.3838 0.0, -1.4469 0.4036 0.0, -1.4469 0.4036 0.0039, -1.5846 0.4036 0.0039, -1.5846 -0.3838 0.0039, -1.4469 -0.3838 0.0039, -1.4469 0.4036 0.0472, -1.4469 -0.3838 0.0472, -1.4469 0.4036 0.0433, -1.4469 -0.3838 0.0433, -1.5846 -0.3838 0.0472, -1.5846 0.4036 0.0472, -1.5846 -0.3838 0.0433, -1.5846 0.4036 0.0433, -1.3091 -0.3838 0.0, -1.3091 0.4036 0.0, -1.1713 -0.3838 0.0, -1.1713 0.4036 0.0, -1.1713 0.4036 0.0039, -1.3091 0.4036 0.0039, -1.3091 -0.3838 0.0039, -1.1713 -0.3838 0.0039, -1.1713 0.4036 0.0472, -1.1713 -0.3838 0.0472, -1.1713 0.4036 0.0433, -1.1713 -0.3838 0.0433, -1.3091 -0.3838 0.0472, -1.3091 0.4036 0.0472, -1.3091 -0.3838 0.0433, -1.3091 0.4036 0.0433, -1.0335 -0.3838 0.0, -1.0335 0.4036 0.0, -0.8957 -0.3838 0.0, -0.8957 0.4036 0.0, -0.8957 0.4036 0.0039, -1.0335 0.4036 0.0039, -1.0335 -0.3838 0.0039, -0.8957 -0.3838 0.0039, -0.8957 0.4036 0.0472, -0.8957 -0.3838 0.0472, -0.8957 0.4036 0.0433, -0.8957 -0.3838 0.0433, -1.0335 -0.3838 0.0472, -1.0335 0.4036 0.0472, -1.0335 -0.3838 0.0433, -1.0335 0.4036 0.0433, -0.7579 -0.3838 0.0, -0.7579 0.4036 0.0, -0.6201 -0.3838 0.0, -0.6201 0.4036 0.0, -0.6201 0.4036 0.0039, -0.7579 0.4036 0.0039, -0.7579 -0.3838 0.0039, -0.6201 -0.3838 0.0039, -0.6201 0.4036 0.0472, -0.6201 -0.3838 0.0472, -0.6201 0.4036 0.0433, -0.6201 -0.3838 0.0433, -0.7579 -0.3838 0.0472, -0.7579 0.4036 0.0472, -0.7579 -0.3838 0.0433, -0.7579 0.4036 0.0433, -0.4823 -0.3838 0.0, -0.4823 0.4036 0.0, -0.3445 -0.3838 0.0, -0.3445 0.4036 0.0, -0.3445 0.4036 0.0039, -0.4823 0.4036 0.0039, -0.4823 -0.3838 0.0039, -0.3445 -0.3838 0.0039, -0.3445 0.4036 0.0472, -0.3445 -0.3838 0.0472, -0.3445 0.4036 0.0433, -0.3445 -0.3838 0.0433, -0.4823 -0.3838 0.0472, -0.4823 0.4036 0.0472, -0.4823 -0.3838 0.0433, -0.4823 0.4036 0.0433, -0.2067 -0.3838 0.0, -0.2067 0.4036 0.0, -0.0689 -0.3838 0.0, -0.0689 0.4036 0.0, -0.0689 0.4036 0.0039, -0.2067 0.4036 0.0039, -0.2067 -0.3838 0.0039, -0.0689 -0.3838 0.0039, -0.0689 0.4036 0.0472, -0.0689 -0.3838 0.0472, -0.0689 0.4036 0.0433, -0.0689 -0.3838 0.0433, -0.2067 -0.3838 0.0472, -0.2067 0.4036 0.0472, -0.2067 -0.3838 0.0433, -0.2067 0.4036 0.0433, 0.0689 -0.3838 0.0, 0.0689 0.4036 0.0, 0.2067 -0.3838 0.0, 0.2067 0.4036 0.0, 0.2067 0.4036 0.0039, 0.0689 0.4036 0.0039, 0.0689 -0.3838 0.0039, 0.2067 -0.3838 0.0039, 0.2067 0.4036 0.0472, 0.2067 -0.3838 0.0472, 0.2067 0.4036 0.0433, 0.2067 -0.3838 0.0433, 0.0689 -0.3838 0.0472, 0.0689 0.4036 0.0472, 0.0689 -0.3838 0.0433, 0.0689 0.4036 0.0433, 0.3445 -0.3838 0.0, 0.3445 0.4036 0.0, 0.4823 -0.3838 0.0, 0.4823 0.4036 0.0, 0.4823 0.4036 0.0039, 0.3445 0.4036 0.0039, 0.3445 -0.3838 0.0039, 0.4823 -0.3838 0.0039, 0.4823 0.4036 0.0472, 0.4823 -0.3838 0.0472, 0.4823 0.4036 0.0433, 0.4823 -0.3838 0.0433, 0.3445 -0.3838 0.0472, 0.3445 0.4036 0.0472, 0.3445 -0.3838 0.0433, 0.3445 0.4036 0.0433, 0.6201 -0.3838 0.0, 0.6201 0.4036 0.0, 0.7579 -0.3838 0.0, 0.7579 0.4036 0.0, 0.7579 0.4036 0.0039, 0.6201 0.4036 0.0039, 0.6201 -0.3838 0.0039, 0.7579 -0.3838 0.0039, 0.7579 0.4036 0.0472, 0.7579 -0.3838 0.0472, 0.7579 0.4036 0.0433, 0.7579 -0.3838 0.0433, 0.6201 -0.3838 0.0472, 0.6201 0.4036 0.0472, 0.6201 -0.3838 0.0433, 0.6201 0.4036 0.0433, 0.8957 -0.3838 0.0, 0.8957 0.4036 0.0, 1.0335 -0.3838 0.0, 1.0335 0.4036 0.0, 1.0335 0.4036 0.0039, 0.8957 0.4036 0.0039, 0.8957 -0.3838 0.0039, 1.0335 -0.3838 0.0039, 1.0335 0.4036 0.0472, 1.0335 -0.3838 0.0472, 1.0335 0.4036 0.0433, 1.0335 -0.3838 0.0433, 0.8957 -0.3838 0.0472, 0.8957 0.4036 0.0472, 0.8957 -0.3838 0.0433, 0.8957 0.4036 0.0433, 1.1713 -0.3838 0.0, 1.1713 0.4036 0.0, 1.3091 -0.3838 0.0, 1.3091 0.4036 0.0, 1.3091 0.4036 0.0039, 1.1713 0.4036 0.0039, 1.1713 -0.3838 0.0039, 1.3091 -0.3838 0.0039, 1.3091 0.4036 0.0472, 1.3091 -0.3838 0.0472, 1.3091 0.4036 0.0433, 1.3091 -0.3838 0.0433, 1.1713 -0.3838 0.0472, 1.1713 0.4036 0.0472, 1.1713 -0.3838 0.0433, 1.1713 0.4036 0.0433, 1.4469 -0.3838 0.0, 1.4469 0.4036 0.0, 1.5846 -0.3838 0.0, 1.5846 0.4036 0.0, 1.5846 0.4036 0.0039, 1.4469 0.4036 0.0039, 1.4469 -0.3838 0.0039, 1.5846 -0.3838 0.0039, 1.5846 0.4036 0.0472, 1.5846 -0.3838 0.0472, 1.5846 0.4036 0.0433, 1.5846 -0.3838 0.0433, 1.4469 -0.3838 0.0472, 1.4469 0.4036 0.0472, 1.4469 -0.3838 0.0433, 1.4469 0.4036 0.0433, 1.7224 -0.3838 0.0, 1.7224 0.4036 0.0, 1.8602 -0.3838 0.0, 1.8602 0.4036 0.0, 1.8602 0.4036 0.0039, 1.7224 0.4036 0.0039, 1.7224 -0.3838 0.0039, 1.8602 -0.3838 0.0039, 1.8602 0.4036 0.0472, 1.8602 -0.3838 0.0472, 1.8602 0.4036 0.0433, 1.8602 -0.3838 0.0433, 1.7224 -0.3838 0.0472, 1.7224 0.4036 0.0472, 1.7224 -0.3838 0.0433, 1.7224 0.4036 0.0433
            ]
        }
        coordIndex [
            0,1,2,-1,2,1,3,-1,4,3,5,-1,5,3,1,-1,5,1,6,-1,6,1,0,-1,7,2,4,-1,4,2,3,-1,8,9,10,-1,10,9,11,-1,12,13,14,-1,14,13,15,-1,13,8,15,-1,15,8,10,-1,13,12,8,-1,8,12,9,-1,16,17,18,-1,18,17,19,-1,20,19,21,-1,21,19,17,-1,21,17,22,-1,22,17,16,-1,23,18,20,-1,20,18,19,-1,24,25,26,-1,26,25,27,-1,28,29,30,-1,30,29,31,-1,29,24,31,-1,31,24,26,-1,29,28,24,-1,24,28,25,-1,32,33,34,-1,34,33,35,-1,36,35,37,-1,37,35,33,-1,37,33,38,-1,38,33,32,-1,39,34,36,-1,36,34,35,-1,40,41,42,-1,42,41,43,-1,44,45,46,-1,46,45,47,-1,45,40,47,-1,47,40,42,-1,45,44,40,-1,40,44,41,-1,48,49,50,-1,50,49,51,-1,52,51,53,-1,53,51,49,-1,53,49,54,-1,54,49,48,-1,55,50,52,-1,52,50,51,-1,56,57,58,-1,58,57,59,-1,60,61,62,-1,62,61,63,-1,61,56,63,-1,63,56,58,-1,61,60,56,-1,56,60,57,-1,64,65,66,-1,66,65,67,-1,68,67,69,-1,69,67,65,-1,69,65,70,-1,70,65,64,-1,71,66,68,-1,68,66,67,-1,72,73,74,-1,74,73,75,-1,76,77,78,-1,78,77,79,-1,77,72,79,-1,79,72,74,-1,77,76,72,-1,72,76,73,-1,80,81,82,-1,82,81,83,-1,84,83,85,-1,85,83,81,-1,85,81,86,-1,86,81,80,-1,87,82,84,-1,84,82,83,-1,88,89,90,-1,90,89,91,-1,92,93,94,-1,94,93,95,-1,93,88,95,-1,95,88,90,-1,93,92,88,-1,88,92,89,-1,96,97,98,-1,98,97,99,-1,100,99,101,-1,101,99,97,-1,101,97,102,-1,102,97,96,-1,103,98,100,-1,100,98,99,-1,104,105,106,-1,106,105,107,-1,108,109,110,-1,110,109,111,-1,109,104,111,-1,111,104,106,-1,109,108,104,-1,104,108,105,-1,112,113,114,-1,114,113,115,-1,116,115,117,-1,117,115,113,-1,117,113,118,-1,118,113,112,-1,119,114,116,-1,116,114,115,-1,120,121,122,-1,122,121,123,-1,124,125,126,-1,126,125,127,-1,125,120,127,-1,127,120,122,-1,125,124,120,-1,120,124,121,-1,128,129,130,-1,130,129,131,-1,132,131,133,-1,133,131,129,-1,133,129,134,-1,134,129,128,-1,135,130,132,-1,132,130,131,-1,136,137,138,-1,138,137,139,-1,140,141,142,-1,142,141,143,-1,141,136,143,-1,143,136,138,-1,141,140,136,-1,136,140,137,-1,144,145,146,-1,146,145,147,-1,148,147,149,-1,149,147,145,-1,149,145,150,-1,150,145,144,-1,151,146,148,-1,148,146,147,-1,152,153,154,-1,154,153,155,-1,156,157,158,-1,158,157,159,-1,157,152,159,-1,159,152,154,-1,157,156,152,-1,152,156,153,-1,160,161,162,-1,162,161,163,-1,164,163,165,-1,165,163,161,-1,165,161,166,-1,166,161,160,-1,167,162,164,-1,164,162,163,-1,168,169,170,-1,170,169,171,-1,172,173,174,-1,174,173,175,-1,173,168,175,-1,175,168,170,-1,173,172,168,-1,168,172,169,-1,176,177,178,-1,178,177,179,-1,180,179,181,-1,181,179,177,-1,181,177,182,-1,182,177,176,-1,183,178,180,-1,180,178,179,-1,184,185,186,-1,186,185,187,-1,188,189,190,-1,190,189,191,-1,189,184,191,-1,191,184,186,-1,189,188,184,-1,184,188,185,-1,192,193,194,-1,194,193,195,-1,196,195,197,-1,197,195,193,-1,197,193,198,-1,198,193,192,-1,199,194,196,-1,196,194,195,-1,200,201,202,-1,202,201,203,-1,204,205,206,-1,206,205,207,-1,205,200,207,-1,207,200,202,-1,205,204,200,-1,200,204,201,-1,208,209,210,-1,210,209,211,-1,212,211,213,-1,213,211,209,-1,213,209,214,-1,214,209,208,-1,215,210,212,-1,212,210,211,-1,216,217,218,-1,218,217,219,-1,220,221,222,-1,222,221,223,-1,221,216,223,-1,223,216,218,-1,221,220,216,-1,216,220,217,-1,
        ]
    }
}
Shape{
    appearance Appearance {
        material  Material 	{
            diffuseColor 1.0 1.0 1.0
            specularColor 0.8784313725490196 0.8784313725490196 0.8784313725490196
            ambientIntensity 1.0
            transparency 0.0
            shininess 0.5
        }
    }
    geometry IndexedFaceSet {
        ccw TRUE
        solid FALSE
        coord DEF co Coordinate {
            point [
                -2.2008 5.3622 0.4882, -2.2008 7.5591 0.4882, -2.2008 5.3622 0.4921, -2.2008 7.5591 0.4921, 2.2008 7.5591 0.4921, 1.4026 7.5591 0.4921, 2.2008 7.5591 0.4882, 0.4865 7.5591 0.4921, 0.4054 7.5591 0.4921, 0.3716 7.5591 0.4921, 0.2717 7.5591 0.4921, 0.2468 7.5591 0.4921, 0.1873 7.5591 0.4921, 0.1782 7.5591 0.4921, 0.1012 7.5591 0.4921, -0.0015 7.5591 0.4921, 2.2008 5.3622 0.4882, 2.2008 5.3622 0.4921, 0.1012 5.3622 0.4921, -0.0015 5.3622 0.4921, 0.1782 5.3622 0.4921, 0.1873 5.3622 0.4921, 0.2468 5.3622 0.4921, 0.2717 5.3622 0.4921, 0.3716 5.3622 0.4921, 0.4054 5.3622 0.4921, 0.4865 5.3622 0.4921, 1.4026 5.3622 0.4921
            ]
        }
        coordIndex [
            0,1,2,-1,2,1,3,-1,4,5,6,-1,6,5,7,-1,7,8,6,-1,6,8,9,-1,6,9,10,-1,10,11,6,-1,6,11,12,-1,6,12,13,-1,13,14,6,-1,6,14,15,-1,6,15,1,-1,1,15,3,-1,6,16,4,-1,4,16,17,-1,18,16,19,-1,19,16,0,-1,19,0,2,-1,18,20,16,-1,16,20,21,-1,16,21,22,-1,22,23,16,-1,16,23,24,-1,16,24,25,-1,25,26,16,-1,16,26,27,-1,16,27,17,-1,
        ]
    }
}
Shape{
    appearance Appearance {
        material  Material 	{
            diffuseColor 0.0 0.0 0.0
            specularColor 0.0 0.0 0.0
            ambientIntensity 0.0
            transparency 0.0
            shininess 0.5
        }
    }
    geometry IndexedFaceSet {
        ccw TRUE
        solid FALSE
        coord DEF co Coordinate {
            point [
                2.2008 5.3622 0.4882, 2.2008 7.5591 0.4882, -2.2008 5.3622 0.4882, -2.2008 7.5591 0.4882
            ]
        }
        coordIndex [
            0,1,2,-1,2,1,3,-1,
        ]
    }
}
Shape{
    appearance Appearance {
        material  Material 	{
            diffuseColor 1.0 1.0 1.0
            specularColor 0.5019607843137255 0.5019607843137255 0.5019607843137255
            ambientIntensity 1.0
            transparency 0.0
            shininess 0.5
        }
    }
    geometry IndexedFaceSet {
        ccw TRUE
        solid FALSE
        coord DEF co Coordinate {
            point [
                0.0985 4.9126 0.4961, 0.0985 4.9004 0.4961, 0.0985 4.9126 0.4921, 0.0985 4.9004 0.4921, 0.056 4.9126 0.4961, 0.056 4.9126 0.4921, 0.056 5.0071 0.4961, 0.056 5.0071 0.4921, 0.0422 5.0071 0.4961, 0.0422 5.0071 0.4921, 0.0422 4.9004 0.4961, 0.0422 4.9004 0.4921, 0.1695 4.9001 0.4961, 0.1532 4.8986 0.4961, 0.1532 4.8986 0.4921, 0.1627 4.8995 0.4921, 0.1695 4.9001 0.4921, 0.181 4.9039 0.4961, 0.1782 4.903 0.4921, 0.181 4.9039 0.4921, 0.1828 4.9048 0.4921, 0.1828 4.9048 0.4961, 0.1828 4.918 0.4961, 0.1828 4.918 0.4921, 0.1782 4.916 0.4921, 0.1722 4.9133 0.4961, 0.1722 4.9133 0.4921, 0.1601 4.911 0.4921, 0.1601 4.911 0.4961, 0.1552 4.9109 0.4921, 0.1552 4.9109 0.4961, 0.1452 4.912 0.4921, 0.1452 4.912 0.4961, 0.1375 4.9148 0.4921, 0.1375 4.9148 0.4961, 0.1304 4.9196 0.4921, 0.1304 4.9196 0.4961, 0.1278 4.9221 0.4921, 0.1278 4.9221 0.4961, 0.1224 4.9298 0.4921, 0.1224 4.9298 0.4961, 0.119 4.9385 0.4921, 0.119 4.9385 0.4961, 0.1173 4.9516 0.4921, 0.1173 4.9516 0.4961, 0.1173 4.9526 0.4921, 0.1173 4.9526 0.4961, 0.1188 4.9662 0.4921, 0.1188 4.9662 0.4961, 0.1222 4.9756 0.4921, 0.1222 4.9756 0.4961, 0.1272 4.9832 0.4921, 0.1272 4.9832 0.4961, 0.1285 4.9847 0.4921, 0.1285 4.9847 0.4961, 0.1354 4.9904 0.4921, 0.1354 4.9904 0.4961, 0.1437 4.9944 0.4921, 0.1437 4.9944 0.4961, 0.1529 4.9963 0.4921, 0.1529 4.9963 0.4961, 0.1576 4.9965 0.4921, 0.1576 4.9965 0.4961, 0.1705 4.995 0.4921, 0.1782 4.9921 0.4921, 0.1813 4.9909 0.4961, 0.1705 4.995 0.4961, 0.1813 4.9909 0.4921, 0.1828 4.9902 0.4921, 0.1828 4.9902 0.4961, 0.1828 5.0046 0.4961, 0.1828 5.0046 0.4921, 0.1575 5.0089 0.4921, 0.1575 5.0089 0.4961, 0.1585 5.0089 0.4961, 0.1782 5.0059 0.4921, 0.1723 5.0077 0.4961, 0.1723 5.0077 0.4921, 0.1684 5.008 0.4921, 0.1585 5.0089 0.4921, 0.1436 5.0074 0.4961, 0.1491 5.008 0.4921, 0.1436 5.0074 0.4921, 0.1322 5.0034 0.4921, 0.1322 5.0034 0.4961, 0.1216 4.9964 0.4921, 0.1216 4.9964 0.4961, 0.1183 4.9932 0.4921, 0.1183 4.9932 0.4961, 0.1107 4.9834 0.4921, 0.1107 4.9834 0.4961, 0.1056 4.9716 0.4921, 0.1056 4.9716 0.4961, 0.1031 4.9578 0.4921, 0.1031 4.9578 0.4961, 0.1029 4.9517 0.4921, 0.1029 4.9517 0.4961, 0.1044 4.9369 0.4921, 0.1044 4.9369 0.4961, 0.1083 4.9252 0.4921, 0.1083 4.9252 0.4961, 0.1143 4.9157 0.4921, 0.1143 4.9157 0.4961, 0.1166 4.9132 0.4921, 0.1166 4.9132 0.4961, 0.1356 4.9011 0.4921, 0.1255 4.9058 0.4961, 0.1255 4.9058 0.4921, 0.144 4.8995 0.4921, 0.1472 4.8988 0.4961, 0.1356 4.9011 0.4961, 0.1472 4.8988 0.4921, 0.2616 4.9126 0.4961, 0.2616 4.9004 0.4961, 0.2616 4.9126 0.4921, 0.2616 4.9004 0.4921, 0.2179 4.9126 0.4921, 0.2179 4.9126 0.4961, 0.2468 4.9126 0.4921, 0.2179 4.9485 0.4961, 0.2179 4.9485 0.4921, 0.2561 4.9485 0.4961, 0.2468 4.9485 0.4921, 0.2561 4.9485 0.4921, 0.2561 4.9607 0.4961, 0.2561 4.9607 0.4921, 0.2179 4.9607 0.4921, 0.2179 4.9607 0.4961, 0.2468 4.9607 0.4921, 0.2179 4.9949 0.4961, 0.2179 4.9949 0.4921, 0.2591 4.9949 0.4921, 0.2591 4.9949 0.4961, 0.2468 4.9949 0.4921, 0.2591 5.0071 0.4961, 0.2591 5.0071 0.4921, 0.2042 5.0071 0.4921, 0.2042 5.0071 0.4961, 0.2468 5.0071 0.4921, 0.2042 4.9004 0.4961, 0.2042 4.9004 0.4921, 0.2468 4.9004 0.4921, 0.3409 4.922 0.4961, 0.3497 4.9128 0.4961, 0.3428 4.9237 0.4961, 0.3526 4.9153 0.4961, 0.3483 4.9307 0.4961, 0.3604 4.9247 0.4961, 0.3519 4.9387 0.4961, 0.3657 4.9357 0.4961, 0.3539 4.9487 0.4961, 0.3683 4.9482 0.4961, 0.3542 4.9547 0.4961, 0.3687 4.9551 0.4961, 0.3527 4.9678 0.4961, 0.3672 4.9687 0.4961, 0.3497 4.9756 0.4961, 0.3634 4.9791 0.4961, 0.3456 4.9817 0.4961, 0.357 4.9886 0.4961, 0.3425 4.9848 0.4961, 0.3526 4.993 0.4961, 0.3343 4.9902 0.4961, 0.3421 5.0003 0.4961, 0.3249 4.9935 0.4961, 0.3293 5.0052 0.4961, 0.3116 4.9949 0.4961, 0.3122 5.0071 0.4961, 0.2955 4.9949 0.4961, 0.2817 5.0071 0.4961, 0.2955 4.9126 0.4961, 0.2817 4.9004 0.4961, 0.311 4.9126 0.4961, 0.3111 4.9004 0.4961, 0.3247 4.9141 0.4961, 0.3263 4.9019 0.4961, 0.3338 4.9173 0.4961, 0.339 4.9062 0.4961, 0.3111 4.9004 0.4921, 0.2817 4.9004 0.4921, 0.3263 4.9019 0.4921, 0.339 4.9062 0.4921, 0.3497 4.9128 0.4921, 0.3526 4.9153 0.4921, 0.3604 4.9247 0.4921, 0.3657 4.9357 0.4921, 0.3683 4.9482 0.4921, 0.3687 4.9551 0.4921, 0.3672 4.9687 0.4921, 0.3634 4.9791 0.4921, 0.357 4.9886 0.4921, 0.3526 4.993 0.4921, 0.3421 5.0003 0.4921, 0.3293 5.0052 0.4921, 0.3122 5.0071 0.4921, 0.2817 5.0071 0.4921, 0.3116 4.9949 0.4921, 0.2955 4.9949 0.4921, 0.2955 4.9126 0.4921, 0.311 4.9126 0.4921, 0.3428 4.9237 0.4921, 0.3409 4.922 0.4921, 0.3338 4.9173 0.4921, 0.3247 4.9141 0.4921, 0.3542 4.9547 0.4921, 0.3539 4.9487 0.4921, 0.3519 4.9387 0.4921, 0.3483 4.9307 0.4921, 0.3425 4.9848 0.4921, 0.3456 4.9817 0.4921, 0.3497 4.9756 0.4921, 0.3527 4.9678 0.4921, 0.3249 4.9935 0.4921, 0.3343 4.9902 0.4921
            ]
        }
        coordIndex [
            0,1,2,-1,2,1,3,-1,4,0,5,-1,5,0,2,-1,6,4,7,-1,7,4,5,-1,8,6,9,-1,9,6,7,-1,10,8,11,-1,11,8,9,-1,1,10,3,-1,3,10,11,-1,6,8,4,-1,4,8,10,-1,4,10,0,-1,0,10,1,-1,12,13,14,-1,14,15,12,-1,12,15,16,-1,12,16,17,-1,17,16,18,-1,18,19,17,-1,17,19,20,-1,17,20,21,-1,22,21,23,-1,23,21,20,-1,22,23,24,-1,22,24,25,-1,24,26,25,-1,25,26,27,-1,25,27,28,-1,28,27,29,-1,28,29,30,-1,30,29,31,-1,30,31,32,-1,32,31,33,-1,32,33,34,-1,34,33,35,-1,34,35,36,-1,36,35,37,-1,36,37,38,-1,38,37,39,-1,38,39,40,-1,40,39,41,-1,40,41,42,-1,42,41,43,-1,42,43,44,-1,44,43,45,-1,44,45,46,-1,46,45,47,-1,46,47,48,-1,48,47,49,-1,48,49,50,-1,50,49,51,-1,50,51,52,-1,52,51,53,-1,52,53,54,-1,54,53,55,-1,54,55,56,-1,56,55,57,-1,56,57,58,-1,58,57,59,-1,58,59,60,-1,60,59,61,-1,60,61,62,-1,62,61,63,-1,64,65,63,-1,63,65,66,-1,63,66,62,-1,64,67,65,-1,65,67,68,-1,65,68,69,-1,70,69,71,-1,71,69,68,-1,72,73,74,-1,70,71,75,-1,70,75,76,-1,75,77,76,-1,76,77,78,-1,76,78,74,-1,74,78,79,-1,74,79,72,-1,73,72,80,-1,80,72,81,-1,81,82,80,-1,80,82,83,-1,80,83,84,-1,84,83,85,-1,84,85,86,-1,86,85,87,-1,86,87,88,-1,88,87,89,-1,88,89,90,-1,90,89,91,-1,90,91,92,-1,92,91,93,-1,92,93,94,-1,94,93,95,-1,94,95,96,-1,96,95,97,-1,96,97,98,-1,98,97,99,-1,98,99,100,-1,100,99,101,-1,100,101,102,-1,102,101,103,-1,102,103,104,-1,105,106,107,-1,107,106,104,-1,107,104,103,-1,108,109,105,-1,105,109,110,-1,105,110,106,-1,108,111,109,-1,109,111,14,-1,109,14,13,-1,65,69,70,-1,40,42,98,-1,48,50,90,-1,98,42,96,-1,90,50,88,-1,65,70,66,-1,66,70,76,-1,66,76,62,-1,62,76,74,-1,62,74,60,-1,60,74,73,-1,60,73,58,-1,58,73,80,-1,58,80,56,-1,80,84,56,-1,56,84,86,-1,56,86,54,-1,54,86,88,-1,54,88,52,-1,52,88,50,-1,98,100,40,-1,40,100,102,-1,40,102,38,-1,38,102,104,-1,38,104,36,-1,36,104,106,-1,36,106,34,-1,34,106,110,-1,34,110,32,-1,32,110,109,-1,32,109,30,-1,30,109,13,-1,30,13,28,-1,28,13,12,-1,28,12,25,-1,25,12,17,-1,25,17,22,-1,22,17,21,-1,42,44,96,-1,96,44,46,-1,96,46,94,-1,94,46,48,-1,94,48,92,-1,92,48,90,-1,112,113,114,-1,114,113,115,-1,116,117,118,-1,118,117,112,-1,118,112,114,-1,119,117,120,-1,120,117,116,-1,119,120,121,-1,121,120,122,-1,121,122,123,-1,124,121,125,-1,125,121,123,-1,126,127,128,-1,128,127,124,-1,128,124,125,-1,129,127,130,-1,130,127,126,-1,131,132,133,-1,133,132,129,-1,133,129,130,-1,134,132,135,-1,135,132,131,-1,136,137,138,-1,138,137,134,-1,138,134,135,-1,139,137,140,-1,140,137,136,-1,115,113,141,-1,141,113,139,-1,141,139,140,-1,139,113,112,-1,112,117,139,-1,139,117,119,-1,139,119,137,-1,132,134,129,-1,129,134,137,-1,129,137,127,-1,127,137,119,-1,127,119,124,-1,124,119,121,-1,142,143,144,-1,144,143,145,-1,144,145,146,-1,146,145,147,-1,146,147,148,-1,148,147,149,-1,148,149,150,-1,150,149,151,-1,150,151,152,-1,152,151,153,-1,152,153,154,-1,154,153,155,-1,154,155,156,-1,156,155,157,-1,156,157,158,-1,158,157,159,-1,158,159,160,-1,160,159,161,-1,160,161,162,-1,162,161,163,-1,162,163,164,-1,164,163,165,-1,164,165,166,-1,166,165,167,-1,166,167,168,-1,168,167,169,-1,168,169,170,-1,170,169,171,-1,170,171,172,-1,172,171,173,-1,172,173,174,-1,174,173,175,-1,174,175,176,-1,176,175,177,-1,176,177,142,-1,142,177,143,-1,173,171,178,-1,178,171,179,-1,173,178,180,-1,173,180,175,-1,175,180,181,-1,175,181,177,-1,177,181,182,-1,177,182,143,-1,143,182,183,-1,143,183,145,-1,145,183,184,-1,145,184,147,-1,147,184,185,-1,147,185,149,-1,149,185,186,-1,149,186,151,-1,151,186,187,-1,151,187,153,-1,153,187,188,-1,153,188,155,-1,155,188,189,-1,155,189,157,-1,157,189,190,-1,157,190,159,-1,159,190,191,-1,159,191,161,-1,161,191,192,-1,161,192,163,-1,163,192,193,-1,163,193,165,-1,165,193,194,-1,165,194,167,-1,169,167,195,-1,195,167,194,-1,171,169,179,-1,179,169,195,-1,166,168,196,-1,196,168,197,-1,168,170,197,-1,197,170,198,-1,170,172,198,-1,198,172,199,-1,144,200,201,-1,144,201,142,-1,142,201,202,-1,142,202,176,-1,176,202,203,-1,176,203,174,-1,174,203,199,-1,174,199,172,-1,152,204,205,-1,152,205,150,-1,150,205,206,-1,150,206,148,-1,148,206,207,-1,148,207,146,-1,146,207,200,-1,146,200,144,-1,160,208,209,-1,160,209,158,-1,158,209,210,-1,158,210,156,-1,156,210,211,-1,156,211,154,-1,154,211,204,-1,154,204,152,-1,166,196,212,-1,166,212,164,-1,164,212,213,-1,164,213,162,-1,162,213,208,-1,162,208,160,-1,
        ]
    }
}
Shape{
    appearance Appearance {
        material  Material 	{
            diffuseColor 0.25098039215686274 0.25098039215686274 0.25098039215686274
            specularColor 0.12549019607843137 0.12549019607843137 0.12549019607843137
            ambientIntensity 0.251
            transparency 0.0
            shininess 0.5
        }
    }
    geometry IndexedFaceSet {
        ccw TRUE
        solid FALSE
        coord DEF co Coordinate {
            point [
                0.2955 4.9949 0.4921, 0.2955 4.9126 0.4921, 0.3116 4.9949 0.4921, 0.311 4.9126 0.4921, 0.3409 4.922 0.4921, 0.3428 4.9237 0.4921, 0.3247 4.9141 0.4921, 0.3338 4.9173 0.4921, 0.3483 4.9307 0.4921, 0.3519 4.9387 0.4921, 0.3539 4.9487 0.4921, 0.3542 4.9547 0.4921, 0.3527 4.9678 0.4921, 0.3497 4.9756 0.4921, 0.3456 4.9817 0.4921, 0.3425 4.9848 0.4921, 0.3249 4.9935 0.4921, 0.3343 4.9902 0.4921
            ]
        }
        coordIndex [
            0,1,2,-1,2,1,3,-1,2,4,5,-1,3,6,2,-1,2,6,7,-1,2,7,4,-1,5,8,2,-1,2,8,9,-1,2,9,10,-1,10,11,2,-1,2,11,12,-1,2,12,13,-1,13,14,2,-1,2,14,15,-1,2,15,16,-1,16,15,17,-1,
        ]
    }
}
Shape{
    appearance Appearance {
        material  Material 	{
            diffuseColor 1.0 1.0 1.0
            specularColor 0.5019607843137255 0.5019607843137255 0.5019607843137255
            ambientIntensity 1.0
            transparency 0.0
            shininess 0.5
        }
    }
    geometry IndexedFaceSet {
        ccw TRUE
        solid FALSE
        coord DEF co Coordinate {
            point [
                0.4044 4.9416 0.4961, 0.4001 4.9296 0.4961, 0.4403 4.9416 0.4961, 0.4445 4.9296 0.4961, 0.4204 4.986 0.4961, 0.4152 5.0071 0.4961, 0.3746 4.9004 0.4961, 0.3898 4.9004 0.4961, 0.4213 4.9892 0.4961, 0.4221 4.9935 0.4961, 0.43 5.0071 0.4961, 0.4225 4.9935 0.4961, 0.4233 4.989 0.4961, 0.4241 4.986 0.4961, 0.4706 4.9004 0.4961, 0.4554 4.9004 0.4961, 0.43 5.0071 0.4921, 0.4706 4.9004 0.4921, 0.4152 5.0071 0.4921, 0.3746 4.9004 0.4921, 0.4054 4.9812 0.4921, 0.3898 4.9004 0.4921, 0.4001 4.9296 0.4921, 0.4445 4.9296 0.4921, 0.4054 4.9296 0.4921, 0.4554 4.9004 0.4921, 0.4044 4.9416 0.4921, 0.4403 4.9416 0.4921, 0.4241 4.986 0.4921, 0.4225 4.9935 0.4921, 0.4233 4.989 0.4921, 0.4221 4.9935 0.4921, 0.4204 4.986 0.4921, 0.4213 4.9892 0.4921
            ]
        }
        coordIndex [
            0,1,2,-1,2,1,3,-1,4,5,0,-1,0,5,6,-1,0,6,1,-1,1,6,7,-1,4,8,5,-1,5,8,9,-1,5,9,10,-1,10,9,11,-1,10,11,12,-1,12,13,10,-1,10,13,2,-1,10,2,14,-1,14,2,3,-1,14,3,15,-1,10,14,16,-1,16,14,17,-1,5,10,18,-1,18,10,16,-1,19,6,20,-1,20,6,5,-1,20,5,18,-1,7,6,21,-1,21,6,19,-1,1,7,22,-1,22,7,21,-1,23,3,24,-1,24,3,1,-1,24,1,22,-1,15,3,25,-1,25,3,23,-1,14,15,17,-1,17,15,25,-1,0,2,26,-1,26,2,27,-1,2,13,27,-1,27,13,28,-1,11,29,30,-1,11,30,12,-1,12,30,28,-1,12,28,13,-1,11,9,29,-1,29,9,31,-1,4,32,33,-1,4,33,8,-1,8,33,31,-1,8,31,9,-1,4,0,32,-1,32,0,26,-1,
        ]
    }
}
Shape{
    appearance Appearance {
        material  Material 	{
            diffuseColor 0.25098039215686274 0.25098039215686274 0.25098039215686274
            specularColor 0.12549019607843137 0.12549019607843137 0.12549019607843137
            ambientIntensity 0.251
            transparency 0.0
            shininess 0.5
        }
    }
    geometry IndexedFaceSet {
        ccw TRUE
        solid FALSE
        coord DEF co Coordinate {
            point [
                0.4225 4.9935 0.4921, 0.4221 4.9935 0.4921, 0.4233 4.989 0.4921, 0.4213 4.9892 0.4921, 0.4241 4.986 0.4921, 0.4204 4.986 0.4921, 0.4403 4.9416 0.4921, 0.4044 4.9416 0.4921
            ]
        }
        coordIndex [
            0,1,2,-1,2,1,3,-1,2,3,4,-1,4,3,5,-1,4,5,6,-1,6,5,7,-1,
        ]
    }
}
Shape{
    appearance Appearance {
        material  Material 	{
            diffuseColor 1.0 1.0 1.0
            specularColor 0.5019607843137255 0.5019607843137255 0.5019607843137255
            ambientIntensity 1.0
            transparency 0.0
            shininess 0.5
        }
    }
    geometry IndexedFaceSet {
        ccw TRUE
        solid FALSE
        coord DEF co Coordinate {
            point [
                0.0996 4.7432 0.4961, 0.0996 4.731 0.4961, 0.0996 4.7432 0.4921, 0.0996 4.731 0.4921, 0.056 4.7432 0.4961, 0.056 4.7432 0.4921, 0.056 4.7791 0.4961, 0.056 4.7791 0.4921, 0.0941 4.7791 0.4961, 0.0941 4.7791 0.4921, 0.0941 4.7913 0.4961, 0.0941 4.7913 0.4921, 0.056 4.7913 0.4961, 0.056 4.7913 0.4921, 0.056 4.8255 0.4961, 0.056 4.8255 0.4921, 0.0972 4.8255 0.4961, 0.0972 4.8255 0.4921, 0.0972 4.8378 0.4961, 0.0972 4.8378 0.4921, 0.0422 4.8378 0.4961, 0.0422 4.8378 0.4921, 0.0422 4.731 0.4961, 0.0422 4.731 0.4921, 0.1603 4.731 0.4961, 0.1737 4.731 0.4961, 0.1603 4.7428 0.4961, 0.1737 4.7801 0.4961, 0.1603 4.7795 0.4961, 0.1315 4.7637 0.4961, 0.1349 4.7652 0.4961, 0.1424 4.7669 0.4961, 0.1603 4.7693 0.4961, 0.1603 4.762 0.4961, 0.1599 4.7428 0.4961, 0.1529 4.7448 0.4961, 0.1579 4.7396 0.4961, 0.1491 4.7422 0.4961, 0.1603 4.7611 0.4961, 0.1594 4.7551 0.4961, 0.1575 4.7503 0.4961, 0.1546 4.7464 0.4961, 0.1598 4.7854 0.4961, 0.1726 4.7903 0.4961, 0.1585 4.7902 0.4961, 0.1705 4.7964 0.4961, 0.1569 4.7929 0.4961, 0.1678 4.8007 0.4961, 0.1549 4.7951 0.4961, 0.1642 4.8041 0.4961, 0.1525 4.7966 0.4961, 0.1597 4.8066 0.4961, 0.1494 4.7977 0.4961, 0.1541 4.8083 0.4961, 0.1449 4.7982 0.4961, 0.1461 4.809 0.4961, 0.1368 4.7973 0.4961, 0.1332 4.8075 0.4961, 0.1284 4.7944 0.4961, 0.1231 4.8038 0.4961, 0.1199 4.7889 0.4961, 0.1199 4.8019 0.4961, 0.1287 4.7448 0.4961, 0.119 4.7352 0.4961, 0.1298 4.7436 0.4961, 0.1235 4.7321 0.4961, 0.1325 4.7418 0.4961, 0.1286 4.7301 0.4961, 0.1355 4.7407 0.4961, 0.1366 4.7292 0.4961, 0.14 4.7402 0.4961, 0.1435 4.73 0.4961, 0.1451 4.7407 0.4961, 0.1489 4.7319 0.4961, 0.1536 4.7351 0.4961, 0.1261 4.7546 0.4961, 0.1124 4.7531 0.4961, 0.126 4.7525 0.4961, 0.1124 4.7514 0.4961, 0.1263 4.7495 0.4961, 0.1131 4.7454 0.4961, 0.1272 4.747 0.4961, 0.1147 4.7408 0.4961, 0.1175 4.7367 0.4961, 0.1377 4.7763 0.4961, 0.1276 4.7739 0.4961, 0.1295 4.7622 0.4961, 0.1219 4.7709 0.4961, 0.1279 4.7602 0.4961, 0.1178 4.7674 0.4961, 0.1267 4.7577 0.4961, 0.1151 4.7636 0.4961, 0.1133 4.7588 0.4961, 0.1461 4.809 0.4921, 0.1332 4.8075 0.4921, 0.1231 4.8038 0.4921, 0.1199 4.8019 0.4921, 0.1199 4.7889 0.4921, 0.1284 4.7944 0.4921, 0.1368 4.7973 0.4921, 0.1449 4.7982 0.4921, 0.1494 4.7977 0.4921, 0.1525 4.7966 0.4921, 0.1549 4.7951 0.4921, 0.1569 4.7929 0.4921, 0.1585 4.7902 0.4921, 0.1598 4.7854 0.4921, 0.1603 4.7795 0.4921, 0.1377 4.7763 0.4921, 0.1276 4.7739 0.4921, 0.1219 4.7709 0.4921, 0.1178 4.7674 0.4921, 0.1151 4.7636 0.4921, 0.1133 4.7588 0.4921, 0.1124 4.7531 0.4921, 0.1124 4.7514 0.4921, 0.1131 4.7454 0.4921, 0.1147 4.7408 0.4921, 0.1175 4.7367 0.4921, 0.119 4.7352 0.4921, 0.1366 4.7292 0.4921, 0.1288 4.7301 0.4921, 0.1286 4.7301 0.4921, 0.1235 4.7321 0.4921, 0.1435 4.73 0.4921, 0.1439 4.7301 0.4921, 0.1489 4.7319 0.4921, 0.1536 4.7351 0.4921, 0.1579 4.7396 0.4921, 0.1599 4.7428 0.4921, 0.1603 4.7428 0.4921, 0.1603 4.731 0.4921, 0.1737 4.731 0.4921, 0.1737 4.7801 0.4921, 0.1726 4.7903 0.4921, 0.1705 4.7964 0.4921, 0.1678 4.8007 0.4921, 0.1642 4.8041 0.4921, 0.1597 4.8066 0.4921, 0.1541 4.8083 0.4921, 0.1295 4.7622 0.4921, 0.1315 4.7637 0.4921, 0.1349 4.7652 0.4921, 0.1424 4.7669 0.4921, 0.126 4.7525 0.4921, 0.1261 4.7546 0.4921, 0.1267 4.7577 0.4921, 0.1279 4.7602 0.4921, 0.1298 4.7436 0.4921, 0.1287 4.7448 0.4921, 0.1272 4.747 0.4921, 0.1263 4.7495 0.4921, 0.14 4.7402 0.4921, 0.1355 4.7407 0.4921, 0.1325 4.7418 0.4921, 0.1546 4.7464 0.4921, 0.1529 4.7448 0.4921, 0.1491 4.7422 0.4921, 0.1451 4.7407 0.4921, 0.1603 4.762 0.4921, 0.1603 4.7611 0.4921, 0.1594 4.7551 0.4921, 0.1575 4.7503 0.4921, 0.1603 4.7693 0.4921
            ]
        }
        coordIndex [
            0,1,2,-1,2,1,3,-1,4,0,5,-1,5,0,2,-1,6,4,7,-1,7,4,5,-1,8,6,9,-1,9,6,7,-1,10,8,11,-1,11,8,9,-1,12,10,13,-1,13,10,11,-1,14,12,15,-1,15,12,13,-1,16,14,17,-1,17,14,15,-1,18,16,19,-1,19,16,17,-1,20,18,21,-1,21,18,19,-1,22,20,23,-1,23,20,21,-1,1,22,3,-1,3,22,23,-1,22,1,0,-1,0,4,22,-1,22,4,6,-1,22,6,20,-1,16,18,14,-1,14,18,20,-1,14,20,12,-1,12,20,6,-1,12,6,10,-1,10,6,8,-1,24,25,26,-1,26,25,27,-1,28,29,30,-1,31,32,27,-1,27,32,33,-1,34,35,36,-1,36,35,37,-1,33,38,27,-1,27,38,39,-1,27,39,26,-1,26,39,40,-1,26,40,34,-1,34,40,41,-1,34,41,35,-1,30,31,28,-1,28,31,27,-1,28,27,42,-1,42,27,43,-1,42,43,44,-1,44,43,45,-1,44,45,46,-1,46,45,47,-1,46,47,48,-1,48,47,49,-1,48,49,50,-1,50,49,51,-1,50,51,52,-1,52,51,53,-1,52,53,54,-1,54,53,55,-1,54,55,56,-1,56,55,57,-1,56,57,58,-1,58,57,59,-1,58,59,60,-1,60,59,61,-1,62,63,64,-1,64,63,65,-1,64,65,66,-1,66,65,67,-1,66,67,68,-1,68,67,69,-1,68,69,70,-1,70,69,71,-1,70,71,72,-1,72,71,73,-1,72,73,37,-1,37,73,74,-1,37,74,36,-1,75,76,77,-1,77,76,78,-1,77,78,79,-1,79,78,80,-1,79,80,81,-1,81,80,82,-1,81,82,62,-1,62,82,83,-1,62,83,63,-1,28,84,29,-1,29,84,85,-1,29,85,86,-1,86,85,87,-1,86,87,88,-1,88,87,89,-1,88,89,90,-1,90,89,91,-1,90,91,75,-1,75,91,92,-1,75,92,76,-1,55,93,94,-1,55,94,57,-1,57,94,95,-1,57,95,59,-1,59,95,96,-1,59,96,61,-1,60,61,97,-1,97,61,96,-1,60,97,98,-1,60,98,58,-1,58,98,99,-1,58,99,56,-1,56,99,100,-1,56,100,54,-1,54,100,101,-1,54,101,52,-1,52,101,102,-1,52,102,50,-1,50,102,103,-1,50,103,48,-1,48,103,104,-1,48,104,46,-1,46,104,105,-1,46,105,44,-1,44,105,106,-1,44,106,42,-1,42,106,107,-1,42,107,28,-1,84,28,108,-1,108,28,107,-1,84,108,109,-1,84,109,85,-1,85,109,110,-1,85,110,87,-1,87,110,111,-1,87,111,89,-1,89,111,112,-1,89,112,91,-1,91,112,113,-1,91,113,92,-1,92,113,114,-1,92,114,76,-1,76,114,115,-1,76,115,78,-1,78,115,116,-1,78,116,80,-1,80,116,117,-1,80,117,82,-1,82,117,118,-1,82,118,83,-1,83,118,119,-1,83,119,63,-1,120,69,121,-1,121,69,67,-1,121,67,122,-1,122,67,65,-1,122,65,123,-1,123,65,63,-1,123,63,119,-1,69,120,124,-1,69,124,71,-1,71,124,125,-1,71,125,73,-1,125,126,73,-1,73,126,127,-1,73,127,74,-1,74,127,128,-1,74,128,36,-1,36,128,129,-1,36,129,34,-1,26,34,130,-1,130,34,129,-1,24,26,131,-1,131,26,130,-1,25,24,132,-1,132,24,131,-1,27,25,133,-1,133,25,132,-1,27,133,134,-1,27,134,43,-1,43,134,135,-1,43,135,45,-1,45,135,136,-1,45,136,47,-1,47,136,137,-1,47,137,49,-1,49,137,138,-1,49,138,51,-1,51,138,139,-1,51,139,53,-1,53,139,93,-1,53,93,55,-1,86,140,141,-1,86,141,29,-1,29,141,142,-1,29,142,30,-1,30,142,143,-1,30,143,31,-1,77,144,145,-1,77,145,75,-1,75,145,146,-1,75,146,90,-1,90,146,147,-1,90,147,88,-1,88,147,140,-1,88,140,86,-1,64,148,149,-1,64,149,62,-1,62,149,150,-1,62,150,81,-1,81,150,151,-1,81,151,79,-1,79,151,144,-1,79,144,77,-1,70,152,153,-1,70,153,68,-1,68,153,154,-1,68,154,66,-1,66,154,148,-1,66,148,64,-1,41,155,156,-1,41,156,35,-1,35,156,157,-1,35,157,37,-1,37,157,158,-1,37,158,72,-1,72,158,152,-1,72,152,70,-1,33,159,160,-1,33,160,38,-1,38,160,161,-1,38,161,39,-1,39,161,162,-1,39,162,40,-1,40,162,155,-1,40,155,41,-1,33,32,159,-1,159,32,163,-1,32,31,163,-1,163,31,143,-1,
        ]
    }
}
Shape{
    appearance Appearance {
        material  Material 	{
            diffuseColor 0.25098039215686274 0.25098039215686274 0.25098039215686274
            specularColor 0.12549019607843137 0.12549019607843137 0.12549019607843137
            ambientIntensity 0.251
            transparency 0.0
            shininess 0.5
        }
    }
    geometry IndexedFaceSet {
        ccw TRUE
        solid FALSE
        coord DEF co Coordinate {
            point [
                0.1603 4.7693 0.4921, 0.1424 4.7669 0.4921, 0.1603 4.762 0.4921, 0.1349 4.7652 0.4921, 0.1315 4.7637 0.4921, 0.1295 4.7622 0.4921, 0.1603 4.7611 0.4921, 0.1594 4.7551 0.4921, 0.1279 4.7602 0.4921, 0.1575 4.7503 0.4921, 0.1287 4.7448 0.4921, 0.1298 4.7436 0.4921, 0.1529 4.7448 0.4921, 0.1272 4.747 0.4921, 0.1491 4.7422 0.4921, 0.1451 4.7407 0.4921, 0.14 4.7402 0.4921, 0.1267 4.7577 0.4921, 0.1261 4.7546 0.4921, 0.1546 4.7464 0.4921, 0.126 4.7525 0.4921, 0.1263 4.7495 0.4921, 0.1325 4.7418 0.4921, 0.1355 4.7407 0.4921
            ]
        }
        coordIndex [
            0,1,2,-1,2,1,3,-1,3,4,2,-1,2,4,5,-1,2,5,6,-1,6,5,7,-1,7,5,8,-1,7,8,9,-1,10,11,12,-1,10,12,13,-1,14,12,15,-1,15,12,16,-1,8,17,9,-1,9,17,18,-1,9,18,19,-1,19,18,20,-1,19,20,12,-1,12,20,21,-1,12,21,13,-1,11,22,12,-1,12,22,23,-1,12,23,16,-1,
        ]
    }
}
Shape{
    appearance Appearance {
        material  Material 	{
            diffuseColor 1.0 1.0 1.0
            specularColor 0.5019607843137255 0.5019607843137255 0.5019607843137255
            ambientIntensity 1.0
            transparency 0.0
            shininess 0.5
        }
    }
    geometry IndexedFaceSet {
        ccw TRUE
        solid FALSE
        coord DEF co Coordinate {
            point [
                0.2138 4.7401 0.4961, 0.2138 4.7401 0.4921, 0.2054 4.7411 0.4921, 0.2054 4.7411 0.4961, 0.197 4.7443 0.4921, 0.197 4.7443 0.4961, 0.1918 4.7475 0.4921, 0.1918 4.7475 0.4961, 0.1918 4.7337 0.4961, 0.1918 4.7337 0.4921, 0.2125 4.7292 0.4921, 0.2125 4.7292 0.4961, 0.2037 4.7301 0.4921, 0.2014 4.7304 0.4961, 0.2014 4.7304 0.4921, 0.2236 4.7304 0.4961, 0.2209 4.7301 0.4921, 0.2236 4.7304 0.4921, 0.2309 4.733 0.4921, 0.2309 4.733 0.4961, 0.2347 4.7353 0.4921, 0.2347 4.7353 0.4961, 0.2385 4.7386 0.4921, 0.2385 4.7386 0.4961, 0.241 4.7422 0.4921, 0.241 4.7422 0.4961, 0.2427 4.7464 0.4921, 0.2427 4.7464 0.4961, 0.2433 4.7518 0.4921, 0.2433 4.7518 0.4961, 0.2427 4.7567 0.4921, 0.2427 4.7567 0.4961, 0.2413 4.7607 0.4921, 0.2413 4.7607 0.4961, 0.2388 4.7644 0.4921, 0.2388 4.7644 0.4961, 0.2356 4.7672 0.4921, 0.2356 4.7672 0.4961, 0.2267 4.7722 0.4921, 0.2267 4.7722 0.4961, 0.2216 4.7742 0.4921, 0.2216 4.7742 0.4961, 0.2133 4.7779 0.4921, 0.2133 4.7779 0.4961, 0.2086 4.7808 0.4921, 0.2086 4.7808 0.4961, 0.2073 4.7822 0.4921, 0.2073 4.7822 0.4961, 0.2063 4.784 0.4921, 0.2063 4.784 0.4961, 0.2058 4.7861 0.4921, 0.2058 4.7861 0.4961, 0.2057 4.7879 0.4921, 0.2057 4.7879 0.4961, 0.2059 4.79 0.4921, 0.2059 4.79 0.4961, 0.2066 4.7918 0.4921, 0.2066 4.7918 0.4961, 0.2077 4.7935 0.4921, 0.2077 4.7935 0.4961, 0.2097 4.7953 0.4921, 0.2097 4.7953 0.4961, 0.2127 4.7969 0.4921, 0.2127 4.7969 0.4961, 0.2163 4.7979 0.4921, 0.2163 4.7979 0.4961, 0.2203 4.7982 0.4921, 0.2203 4.7982 0.4961, 0.229 4.7972 0.4921, 0.229 4.7972 0.4961, 0.2366 4.7944 0.4921, 0.2366 4.7944 0.4961, 0.2396 4.7926 0.4921, 0.2396 4.7926 0.4961, 0.2396 4.8056 0.4961, 0.2396 4.8056 0.4921, 0.2289 4.8085 0.4921, 0.2289 4.8085 0.4961, 0.2216 4.809 0.4921, 0.2216 4.809 0.4961, 0.2117 4.8079 0.4921, 0.2117 4.8079 0.4961, 0.2043 4.8053 0.4921, 0.2043 4.8053 0.4961, 0.2004 4.803 0.4921, 0.2004 4.803 0.4961, 0.1965 4.7994 0.4921, 0.1965 4.7994 0.4961, 0.194 4.7958 0.4921, 0.194 4.7958 0.4961, 0.1924 4.7915 0.4921, 0.1924 4.7915 0.4961, 0.1919 4.7867 0.4921, 0.1919 4.7867 0.4961, 0.1924 4.7815 0.4921, 0.1924 4.7815 0.4961, 0.1939 4.7774 0.4921, 0.1939 4.7774 0.4961, 0.1957 4.7746 0.4921, 0.1957 4.7746 0.4961, 0.1979 4.7723 0.4921, 0.1979 4.7723 0.4961, 0.2042 4.7682 0.4921, 0.2042 4.7682 0.4961, 0.2121 4.7645 0.4921, 0.2121 4.7645 0.4961, 0.2209 4.7609 0.4921, 0.2209 4.7609 0.4961, 0.2261 4.7577 0.4921, 0.2261 4.7577 0.4961, 0.2278 4.756 0.4921, 0.2278 4.756 0.4961, 0.2288 4.7542 0.4921, 0.2288 4.7542 0.4961, 0.2294 4.7521 0.4921, 0.2294 4.7521 0.4961, 0.2296 4.7505 0.4921, 0.2296 4.7505 0.4961, 0.2293 4.7479 0.4921, 0.2293 4.7479 0.4961, 0.2286 4.746 0.4921, 0.2286 4.746 0.4961, 0.2274 4.7443 0.4921, 0.2274 4.7443 0.4961, 0.2259 4.7429 0.4921, 0.2259 4.7429 0.4961, 0.2247 4.7422 0.4921, 0.2247 4.7422 0.4961, 0.2212 4.7409 0.4921, 0.2212 4.7409 0.4961, 0.2144 4.7401 0.4921, 0.2144 4.7401 0.4961, 0.3096 4.8073 0.4961, 0.3234 4.8073 0.4961, 0.3096 4.8073 0.4921, 0.3234 4.8073 0.4921, 0.2888 4.7499 0.4961, 0.2888 4.7499 0.4921, 0.2877 4.7463 0.4921, 0.2877 4.7463 0.4961, 0.2871 4.7437 0.4921, 0.2871 4.7437 0.4961, 0.2868 4.7437 0.4961, 0.2868 4.7437 0.4921, 0.2851 4.75 0.4961, 0.2851 4.75 0.4921, 0.2652 4.8073 0.4921, 0.2652 4.8073 0.4961, 0.2717 4.7887 0.4921, 0.2502 4.8073 0.4961, 0.2502 4.8073 0.4921, 0.2802 4.7312 0.4921, 0.2802 4.7312 0.4961, 0.2717 4.7528 0.4921, 0.2743 4.7173 0.4921, 0.2743 4.7173 0.4961, 0.2797 4.7301 0.4921, 0.2717 4.7125 0.4921, 0.2717 4.7125 0.4961, 0.2717 4.7125 0.4921, 0.2692 4.7097 0.4961, 0.2692 4.7097 0.4921, 0.2667 4.708 0.4921, 0.2667 4.708 0.4961, 0.2638 4.7069 0.4921, 0.2638 4.7069 0.4961, 0.2606 4.7066 0.4921, 0.2606 4.7066 0.4961, 0.2557 4.7072 0.4921, 0.2557 4.7072 0.4961, 0.253 4.7081 0.4921, 0.253 4.7081 0.4961, 0.253 4.6962 0.4961, 0.253 4.6962 0.4921, 0.2587 4.6952 0.4921, 0.2587 4.6952 0.4961, 0.2616 4.6951 0.4921, 0.2616 4.6951 0.4961, 0.267 4.6957 0.4921, 0.267 4.6957 0.4961, 0.2717 4.6975 0.4921, 0.2723 4.6977 0.4961, 0.2723 4.6977 0.4921, 0.277 4.701 0.4921, 0.277 4.701 0.4961, 0.2779 4.7018 0.4921, 0.2779 4.7018 0.4961, 0.2828 4.7077 0.4921, 0.2828 4.7077 0.4961, 0.2888 4.7195 0.4921, 0.2888 4.7195 0.4961, 0.293 4.7301 0.4921, 0.3953 4.7432 0.4961, 0.3953 4.731 0.4961, 0.3953 4.7432 0.4921, 0.3953 4.731 0.4921, 0.3516 4.7432 0.4921, 0.3516 4.7432 0.4961, 0.3716 4.7432 0.4921, 0.3516 4.7791 0.4961, 0.3516 4.7791 0.4921, 0.3898 4.7791 0.4921, 0.3898 4.7791 0.4961, 0.3716 4.7791 0.4921, 0.3898 4.7913 0.4961, 0.3898 4.7913 0.4921, 0.3516 4.7913 0.4921, 0.3516 4.7913 0.4961, 0.3716 4.7913 0.4921, 0.3516 4.8255 0.4961, 0.3516 4.8255 0.4921, 0.3928 4.8255 0.4921, 0.3928 4.8255 0.4961, 0.3716 4.8255 0.4921, 0.3928 4.8378 0.4961, 0.3928 4.8378 0.4921, 0.3378 4.8378 0.4921, 0.3378 4.8378 0.4961, 0.3716 4.8378 0.4921, 0.3378 4.731 0.4961, 0.3378 4.731 0.4921, 0.3716 4.731 0.4921, 0.4746 4.7526 0.4961, 0.4834 4.7435 0.4961, 0.4765 4.7543 0.4961, 0.4863 4.746 0.4961, 0.482 4.7614 0.4961, 0.4941 4.7553 0.4961, 0.4856 4.7694 0.4961, 0.4994 4.7663 0.4961, 0.4876 4.7793 0.4961, 0.502 4.7788 0.4961, 0.4879 4.7854 0.4961, 0.5024 4.7858 0.4961, 0.4864 4.7984 0.4961, 0.5009 4.7993 0.4961, 0.4834 4.8063 0.4961, 0.4971 4.8097 0.4961, 0.4793 4.8123 0.4961, 0.4907 4.8192 0.4961, 0.4762 4.8155 0.4961, 0.4863 4.8236 0.4961, 0.4679 4.8208 0.4961, 0.4758 4.8309 0.4961, 0.4586 4.8241 0.4961, 0.463 4.8358 0.4961, 0.4453 4.8255 0.4961, 0.4459 4.8378 0.4961, 0.4292 4.8255 0.4961, 0.4154 4.8378 0.4961, 0.4292 4.7432 0.4961, 0.4154 4.731 0.4961, 0.4447 4.7432 0.4961, 0.4448 4.731 0.4961, 0.4584 4.7447 0.4961, 0.46 4.7325 0.4961, 0.4675 4.748 0.4961, 0.4727 4.7368 0.4961, 0.4448 4.731 0.4921, 0.4154 4.731 0.4921, 0.46 4.7325 0.4921, 0.4727 4.7368 0.4921, 0.4834 4.7435 0.4921, 0.4863 4.746 0.4921, 0.4865 4.7463 0.4921, 0.4941 4.7553 0.4921, 0.4994 4.7663 0.4921, 0.502 4.7788 0.4921, 0.5024 4.7858 0.4921, 0.4863 4.8236 0.4921, 0.4865 4.8234 0.4921, 0.4907 4.8192 0.4921, 0.4971 4.8097 0.4921, 0.5009 4.7993 0.4921, 0.4758 4.8309 0.4921, 0.463 4.8358 0.4921, 0.4459 4.8378 0.4921, 0.4154 4.8378 0.4921, 0.4453 4.8255 0.4921, 0.4292 4.8255 0.4921, 0.4292 4.7432 0.4921, 0.4447 4.7432 0.4921, 0.4765 4.7543 0.4921, 0.4746 4.7526 0.4921, 0.4675 4.748 0.4921, 0.4584 4.7447 0.4921, 0.4879 4.7854 0.4921, 0.4876 4.7793 0.4921, 0.4856 4.7694 0.4921, 0.482 4.7614 0.4921, 0.4762 4.8155 0.4921, 0.4793 4.8123 0.4921, 0.4834 4.8063 0.4921, 0.4864 4.7984 0.4921, 0.4586 4.8241 0.4921, 0.4679 4.8208 0.4921
            ]
        }
        coordIndex [
            0,1,2,-1,0,2,3,-1,3,2,4,-1,3,4,5,-1,5,4,6,-1,5,6,7,-1,8,7,9,-1,9,7,6,-1,10,11,12,-1,12,11,13,-1,12,13,14,-1,14,13,8,-1,14,8,9,-1,11,10,15,-1,15,10,16,-1,16,17,15,-1,15,17,18,-1,15,18,19,-1,19,18,20,-1,19,20,21,-1,21,20,22,-1,21,22,23,-1,23,22,24,-1,23,24,25,-1,25,24,26,-1,25,26,27,-1,27,26,28,-1,27,28,29,-1,29,28,30,-1,29,30,31,-1,31,30,32,-1,31,32,33,-1,33,32,34,-1,33,34,35,-1,35,34,36,-1,35,36,37,-1,37,36,38,-1,37,38,39,-1,39,38,40,-1,39,40,41,-1,41,40,42,-1,41,42,43,-1,43,42,44,-1,43,44,45,-1,45,44,46,-1,45,46,47,-1,47,46,48,-1,47,48,49,-1,49,48,50,-1,49,50,51,-1,51,50,52,-1,51,52,53,-1,53,52,54,-1,53,54,55,-1,55,54,56,-1,55,56,57,-1,57,56,58,-1,57,58,59,-1,59,58,60,-1,59,60,61,-1,61,60,62,-1,61,62,63,-1,63,62,64,-1,63,64,65,-1,65,64,66,-1,65,66,67,-1,67,66,68,-1,67,68,69,-1,69,68,70,-1,69,70,71,-1,71,70,72,-1,71,72,73,-1,74,73,75,-1,75,73,72,-1,74,75,76,-1,74,76,77,-1,77,76,78,-1,77,78,79,-1,79,78,80,-1,79,80,81,-1,81,80,82,-1,81,82,83,-1,83,82,84,-1,83,84,85,-1,85,84,86,-1,85,86,87,-1,87,86,88,-1,87,88,89,-1,89,88,90,-1,89,90,91,-1,91,90,92,-1,91,92,93,-1,93,92,94,-1,93,94,95,-1,95,94,96,-1,95,96,97,-1,97,96,98,-1,97,98,99,-1,99,98,100,-1,99,100,101,-1,101,100,102,-1,101,102,103,-1,103,102,104,-1,103,104,105,-1,105,104,106,-1,105,106,107,-1,107,106,108,-1,107,108,109,-1,109,108,110,-1,109,110,111,-1,111,110,112,-1,111,112,113,-1,113,112,114,-1,113,114,115,-1,115,114,116,-1,115,116,117,-1,117,116,118,-1,117,118,119,-1,119,118,120,-1,119,120,121,-1,121,120,122,-1,121,122,123,-1,123,122,124,-1,123,124,125,-1,125,124,126,-1,125,126,127,-1,127,126,128,-1,127,128,129,-1,129,128,130,-1,129,130,131,-1,131,130,1,-1,131,1,0,-1,59,61,83,-1,83,61,81,-1,107,41,105,-1,105,41,43,-1,19,21,123,-1,123,21,23,-1,123,23,121,-1,121,23,25,-1,121,25,119,-1,119,25,27,-1,119,27,117,-1,117,27,29,-1,117,29,115,-1,115,29,31,-1,115,31,113,-1,113,31,33,-1,113,33,111,-1,111,33,35,-1,111,35,109,-1,109,35,37,-1,109,37,107,-1,107,37,39,-1,107,39,41,-1,11,0,13,-1,13,0,3,-1,13,3,8,-1,8,3,5,-1,8,5,7,-1,61,63,81,-1,81,63,65,-1,81,65,79,-1,79,65,67,-1,79,67,77,-1,77,67,69,-1,77,69,74,-1,74,69,71,-1,74,71,73,-1,123,125,19,-1,19,125,127,-1,19,127,15,-1,15,127,129,-1,15,129,11,-1,11,129,131,-1,11,131,0,-1,83,85,59,-1,59,85,87,-1,59,87,57,-1,57,87,89,-1,57,89,55,-1,55,89,91,-1,55,91,53,-1,53,91,93,-1,53,93,51,-1,51,93,95,-1,51,95,49,-1,49,95,97,-1,49,97,47,-1,47,97,99,-1,47,99,45,-1,45,99,101,-1,45,101,43,-1,43,101,103,-1,43,103,105,-1,132,133,134,-1,134,133,135,-1,136,132,137,-1,137,132,134,-1,136,137,138,-1,136,138,139,-1,139,138,140,-1,139,140,141,-1,142,141,143,-1,143,141,140,-1,144,142,145,-1,145,142,143,-1,146,147,148,-1,148,147,144,-1,148,144,145,-1,149,147,150,-1,150,147,146,-1,151,152,153,-1,153,152,149,-1,153,149,150,-1,154,155,156,-1,156,155,152,-1,156,152,151,-1,155,154,157,-1,155,157,158,-1,158,157,159,-1,158,159,160,-1,159,161,160,-1,160,161,162,-1,160,162,163,-1,163,162,164,-1,163,164,165,-1,165,164,166,-1,165,166,167,-1,167,166,168,-1,167,168,169,-1,169,168,170,-1,169,170,171,-1,172,171,173,-1,173,171,170,-1,172,173,174,-1,172,174,175,-1,175,174,176,-1,175,176,177,-1,177,176,178,-1,177,178,179,-1,179,178,180,-1,179,180,181,-1,180,182,181,-1,181,182,183,-1,181,183,184,-1,184,183,185,-1,184,185,186,-1,186,185,187,-1,186,187,188,-1,188,187,189,-1,188,189,190,-1,135,133,191,-1,191,133,190,-1,191,190,189,-1,139,141,190,-1,133,132,190,-1,190,132,136,-1,190,136,139,-1,147,149,144,-1,144,149,152,-1,144,152,142,-1,188,158,186,-1,186,158,160,-1,171,172,169,-1,169,172,175,-1,169,175,167,-1,167,175,177,-1,167,177,165,-1,165,177,179,-1,165,179,163,-1,163,179,181,-1,163,181,160,-1,160,181,184,-1,160,184,186,-1,141,142,190,-1,190,142,152,-1,190,152,188,-1,188,152,155,-1,188,155,158,-1,192,193,194,-1,194,193,195,-1,196,197,198,-1,198,197,192,-1,198,192,194,-1,199,197,200,-1,200,197,196,-1,201,202,203,-1,203,202,199,-1,203,199,200,-1,204,202,205,-1,205,202,201,-1,206,207,208,-1,208,207,204,-1,208,204,205,-1,209,207,210,-1,210,207,206,-1,211,212,213,-1,213,212,209,-1,213,209,210,-1,214,212,215,-1,215,212,211,-1,216,217,218,-1,218,217,214,-1,218,214,215,-1,219,217,220,-1,220,217,216,-1,195,193,221,-1,221,193,219,-1,221,219,220,-1,219,193,192,-1,192,197,219,-1,219,197,199,-1,219,199,217,-1,212,214,209,-1,209,214,217,-1,209,217,207,-1,207,217,199,-1,207,199,204,-1,204,199,202,-1,222,223,224,-1,224,223,225,-1,224,225,226,-1,226,225,227,-1,226,227,228,-1,228,227,229,-1,228,229,230,-1,230,229,231,-1,230,231,232,-1,232,231,233,-1,232,233,234,-1,234,233,235,-1,234,235,236,-1,236,235,237,-1,236,237,238,-1,238,237,239,-1,238,239,240,-1,240,239,241,-1,240,241,242,-1,242,241,243,-1,242,243,244,-1,244,243,245,-1,244,245,246,-1,246,245,247,-1,246,247,248,-1,248,247,249,-1,248,249,250,-1,250,249,251,-1,250,251,252,-1,252,251,253,-1,252,253,254,-1,254,253,255,-1,254,255,256,-1,256,255,257,-1,256,257,222,-1,222,257,223,-1,253,251,258,-1,258,251,259,-1,253,258,260,-1,253,260,255,-1,255,260,261,-1,255,261,257,-1,257,261,262,-1,257,262,223,-1,223,262,263,-1,223,263,225,-1,225,263,264,-1,225,264,227,-1,264,265,227,-1,227,265,266,-1,227,266,229,-1,229,266,267,-1,229,267,231,-1,231,267,268,-1,231,268,233,-1,269,241,270,-1,270,241,239,-1,270,239,271,-1,271,239,237,-1,271,237,272,-1,272,237,235,-1,272,235,273,-1,273,235,233,-1,273,233,268,-1,241,269,274,-1,241,274,243,-1,243,274,275,-1,243,275,245,-1,245,275,276,-1,245,276,247,-1,249,247,277,-1,277,247,276,-1,251,249,259,-1,259,249,277,-1,246,248,278,-1,278,248,279,-1,248,250,279,-1,279,250,280,-1,250,252,280,-1,280,252,281,-1,224,282,283,-1,224,283,222,-1,222,283,284,-1,222,284,256,-1,256,284,285,-1,256,285,254,-1,254,285,281,-1,254,281,252,-1,232,286,287,-1,232,287,230,-1,230,287,288,-1,230,288,228,-1,228,288,289,-1,228,289,226,-1,226,289,282,-1,226,282,224,-1,240,290,291,-1,240,291,238,-1,238,291,292,-1,238,292,236,-1,236,292,293,-1,236,293,234,-1,234,293,286,-1,234,286,232,-1,246,278,294,-1,246,294,244,-1,244,294,295,-1,244,295,242,-1,242,295,290,-1,242,290,240,-1,
        ]
    }
}
Shape{
    appearance Appearance {
        material  Material 	{
            diffuseColor 0.25098039215686274 0.25098039215686274 0.25098039215686274
            specularColor 0.12549019607843137 0.12549019607843137 0.12549019607843137
            ambientIntensity 0.251
            transparency 0.0
            shininess 0.5
        }
    }
    geometry IndexedFaceSet {
        ccw TRUE
        solid FALSE
        coord DEF co Coordinate {
            point [
                0.4292 4.8255 0.4921, 0.4292 4.7432 0.4921, 0.4453 4.8255 0.4921, 0.4447 4.7432 0.4921, 0.4746 4.7526 0.4921, 0.4765 4.7543 0.4921, 0.4584 4.7447 0.4921, 0.4675 4.748 0.4921, 0.482 4.7614 0.4921, 0.4856 4.7694 0.4921, 0.4876 4.7793 0.4921, 0.4879 4.7854 0.4921, 0.4864 4.7984 0.4921, 0.4834 4.8063 0.4921, 0.4793 4.8123 0.4921, 0.4762 4.8155 0.4921, 0.4586 4.8241 0.4921, 0.4679 4.8208 0.4921
            ]
        }
        coordIndex [
            0,1,2,-1,2,1,3,-1,2,4,5,-1,3,6,2,-1,2,6,7,-1,2,7,4,-1,5,8,2,-1,2,8,9,-1,2,9,10,-1,10,11,2,-1,2,11,12,-1,2,12,13,-1,13,14,2,-1,2,14,15,-1,2,15,16,-1,16,15,17,-1,
        ]
    }
}
Shape{
    appearance Appearance {
        material  Material 	{
            diffuseColor 1.0 1.0 1.0
            specularColor 0.5019607843137255 0.5019607843137255 0.5019607843137255
            ambientIntensity 1.0
            transparency 0.0
            shininess 0.5
        }
    }
    geometry IndexedFaceSet {
        ccw TRUE
        solid FALSE
        coord DEF co Coordinate {
            point [
                0.5381 4.7723 0.4961, 0.5338 4.7602 0.4961, 0.574 4.7723 0.4961, 0.5782 4.7602 0.4961, 0.5541 4.8167 0.4961, 0.5489 4.8378 0.4961, 0.5083 4.731 0.4961, 0.5235 4.731 0.4961, 0.555 4.8198 0.4961, 0.5558 4.8241 0.4961, 0.5637 4.8378 0.4961, 0.5562 4.8241 0.4961, 0.557 4.8196 0.4961, 0.5578 4.8167 0.4961, 0.6043 4.731 0.4961, 0.5891 4.731 0.4961, 0.5637 4.8378 0.4921, 0.6043 4.731 0.4921, 0.5489 4.8378 0.4921, 0.5083 4.731 0.4921, 0.5235 4.731 0.4921, 0.5338 4.7602 0.4921, 0.5782 4.7602 0.4921, 0.5891 4.731 0.4921, 0.5381 4.7723 0.4921, 0.574 4.7723 0.4921, 0.5578 4.8167 0.4921, 0.5562 4.8241 0.4921, 0.557 4.8196 0.4921, 0.5558 4.8241 0.4921, 0.5541 4.8167 0.4921, 0.555 4.8198 0.4921
            ]
        }
        coordIndex [
            0,1,2,-1,2,1,3,-1,4,5,0,-1,0,5,6,-1,0,6,1,-1,1,6,7,-1,4,8,5,-1,5,8,9,-1,5,9,10,-1,10,9,11,-1,10,11,12,-1,12,13,10,-1,10,13,2,-1,10,2,14,-1,14,2,3,-1,14,3,15,-1,10,14,16,-1,16,14,17,-1,5,10,18,-1,18,10,16,-1,6,5,19,-1,19,5,18,-1,7,6,20,-1,20,6,19,-1,1,7,21,-1,21,7,20,-1,3,1,22,-1,22,1,21,-1,15,3,23,-1,23,3,22,-1,14,15,17,-1,17,15,23,-1,0,2,24,-1,24,2,25,-1,2,13,25,-1,25,13,26,-1,11,27,28,-1,11,28,12,-1,12,28,26,-1,12,26,13,-1,11,9,27,-1,27,9,29,-1,4,30,31,-1,4,31,8,-1,8,31,29,-1,8,29,9,-1,4,0,30,-1,30,0,24,-1,
        ]
    }
}
Shape{
    appearance Appearance {
        material  Material 	{
            diffuseColor 0.25098039215686274 0.25098039215686274 0.25098039215686274
            specularColor 0.12549019607843137 0.12549019607843137 0.12549019607843137
            ambientIntensity 0.251
            transparency 0.0
            shininess 0.5
        }
    }
    geometry IndexedFaceSet {
        ccw TRUE
        solid FALSE
        coord DEF co Coordinate {
            point [
                0.5562 4.8241 0.4921, 0.5558 4.8241 0.4921, 0.557 4.8196 0.4921, 0.555 4.8198 0.4921, 0.5578 4.8167 0.4921, 0.5541 4.8167 0.4921, 0.574 4.7723 0.4921, 0.5381 4.7723 0.4921
            ]
        }
        coordIndex [
            0,1,2,-1,2,1,3,-1,2,3,4,-1,4,3,5,-1,4,5,6,-1,6,5,7,-1,
        ]
    }
}
Shape{
    appearance Appearance {
        material  Material 	{
            diffuseColor 1.0 1.0 1.0
            specularColor 0.5019607843137255 0.5019607843137255 0.5019607843137255
            ambientIntensity 1.0
            transparency 0.0
            shininess 0.5
        }
    }
    geometry IndexedFaceSet {
        ccw TRUE
        solid FALSE
        coord DEF co Coordinate {
            point [
                -0.4293 4.7158 0.4961, -0.418 4.7019 0.4961, -0.4362 4.783 0.4961, -0.4495 4.9148 0.4961, -0.4326 4.9238 0.4961, -0.4365 4.9706 0.4961, -0.3891 4.9728 0.4961, -0.3656 4.9174 0.4961, -0.3539 4.9414 0.4961, -0.4527 4.7933 0.4961, -0.4466 4.7351 0.4961, -0.4369 4.7322 0.4961, -0.4066 4.9743 0.4961, -0.3592 4.7846 0.4961, -0.3522 4.7821 0.4961, -0.2889 4.764 0.4961, -0.3461 4.778 0.4961, -0.3412 4.7725 0.4961, -0.1826 4.8202 0.4961, -0.2062 4.8604 0.4961, -0.3079 4.8073 0.4961, -0.3656 4.7853 0.4961, -0.373 4.7843 0.4961, -0.383 4.8309 0.4961, -0.3796 4.7817 0.4961, -0.3998 4.8244 0.4961, -0.3856 4.7775 0.4961, -0.4153 4.8136 0.4961, -0.3886 4.7743 0.4961, -0.4278 4.7993 0.4961, -0.3925 4.7681 0.4961, -0.3947 4.7609 0.4961, -0.3951 4.7535 0.4961, -0.3373 4.828 0.4961, -0.3556 4.8326 0.4961, -0.3648 4.8331 0.4961, -0.3379 4.7663 0.4961, -0.3362 4.7592 0.4961, -0.2889 4.7565 0.4961, -0.3362 4.7523 0.4961, -0.2893 4.7483 0.4961, -0.3735 4.9909 0.4961, -0.3369 4.9618 0.4961, -0.3557 5.0062 0.4961, -0.3166 4.9766 0.4961, -0.3372 5.0177 0.4961, -0.4139 4.9283 0.4961, -0.4058 4.9288 0.4961, -0.3978 4.9738 0.4961, -0.3877 4.9265 0.4961, -0.3707 4.9202 0.4961, -0.3212 4.8194 0.4961, -0.0733 4.7648 0.4961, -0.1124 4.7914 0.4961, -0.094 4.7473 0.4961, -0.1244 4.7832 0.4961, -0.1171 4.736 0.4961, -0.1384 4.7782 0.4961, -0.1424 4.7307 0.4961, -0.147 4.777 0.4961, -0.1872 4.7307 0.4961, -0.1811 4.777 0.4961, -0.1915 4.7313 0.4961, -0.3937 4.7464 0.4961, -0.3907 4.74 0.4961, -0.1576 4.8954 0.4961, -0.1515 4.8954 0.4961, -0.1204 4.9364 0.4961, -0.1386 4.8939 0.4961, -0.1168 4.9351 0.4961, -0.1252 4.8892 0.4961, -0.0942 4.9239 0.4961, -0.1132 4.8813 0.4961, -0.0736 4.9065 0.4961, -0.1033 4.8704 0.4961, -0.058 4.885 0.4961, -0.0962 4.8573 0.4961, -0.0487 4.8618 0.4961, -0.0927 4.8427 0.4961, -0.0452 4.8369 0.4961, -0.0923 4.8362 0.4961, -0.0487 4.8099 0.4961, -0.0937 4.823 0.4961, -0.0582 4.7859 0.4961, -0.0986 4.8093 0.4961, -0.1066 4.7973 0.4961, -0.1614 4.9963 0.4961, -0.1912 4.9616 0.4961, -0.1363 4.9672 0.4961, -0.1741 4.9412 0.4961, -0.1623 4.9167 0.4961, -0.4794 4.8713 0.4961, -0.5293 4.8586 0.4961, -0.4817 4.8529 0.4961, -0.5295 4.8513 0.4961, -0.4808 4.841 0.4961, -0.5258 4.8215 0.4961, -0.4753 4.8224 0.4961, -0.5149 4.7933 0.4961, -0.4663 4.8072 0.4961, -0.4976 4.7686 0.4961, -0.474 4.7484 0.4961, -0.4646 4.9597 0.4961, -0.4887 4.9427 0.4961, -0.4624 4.9033 0.4961, -0.4938 4.9379 0.4961, -0.4729 4.8882 0.4961, -0.5121 4.9144 0.4961, -0.5242 4.8871 0.4961, -0.2938 4.7296 0.4961, -0.338 4.745 0.4961, -0.3029 4.7127 0.4961, -0.3415 4.7385 0.4961, -0.3143 4.6999 0.4961, -0.3456 4.7338 0.4961, -0.3294 4.6894 0.4961, -0.3514 4.7297 0.4961, -0.3464 4.6828 0.4961, -0.358 4.7271 0.4961, -0.3648 4.6806 0.4961, -0.3656 4.7261 0.4961, -0.3676 4.6806 0.4961, -0.3669 4.7261 0.4961, -0.3856 4.6834 0.4961, -0.3737 4.7272 0.4961, -0.4031 4.6907 0.4961, -0.3805 4.7302 0.4961, -0.3863 4.7346 0.4961, -0.3022 5.0312 0.4961, -0.2919 4.9866 0.4961, -0.2646 5.0358 0.4961, -0.2639 4.9902 0.4961, -0.2333 5.0325 0.4961, -0.238 4.9871 0.4961, -0.1952 5.0191 0.4961, -0.2142 4.9779 0.4961, -0.1929 4.9631 0.4961, -0.1849 4.7777 0.4961, -0.2032 4.7386 0.4961, -0.2014 4.7368 0.4961, -0.1827 4.7772 0.4961, -0.1965 4.7333 0.4961, -0.2092 4.7542 0.4961, -0.2085 4.7485 0.4961, -0.2065 4.7434 0.4961, -0.1916 4.777 0.4961, -0.1968 4.7749 0.4961, -0.209 4.7572 0.4961, -0.2014 4.7716 0.4961, -0.2046 4.7681 0.4961, -0.2075 4.763 0.4961, -0.1857 4.7777 0.4961, -0.0685 4.8995 0.4921, -0.058 4.885 0.4921, -0.0513 4.8682 0.4921, -0.0487 4.8618 0.4921, -0.0452 4.8369 0.4921, -0.0736 4.9065 0.4921, -0.0942 4.9239 0.4921, -0.1168 4.9351 0.4921, -0.1204 4.9364 0.4921, -0.1363 4.9672 0.4921, -0.1614 4.9963 0.4921, -0.1788 5.008 0.4921, -0.1952 5.0191 0.4921, -0.2333 5.0325 0.4921, -0.2646 5.0358 0.4921, -0.3022 5.0312 0.4921, -0.3372 5.0177 0.4921, -0.3527 5.008 0.4921, -0.3557 5.0062 0.4921, -0.3735 4.9909 0.4921, -0.3891 4.9728 0.4921, -0.3978 4.9738 0.4921, -0.4066 4.9743 0.4921, -0.4365 4.9706 0.4921, -0.4646 4.9597 0.4921, -0.4887 4.9427 0.4921, -0.4938 4.9379 0.4921, -0.5276 4.8682 0.4921, -0.5242 4.8871 0.4921, -0.5187 4.8995 0.4921, -0.5121 4.9144 0.4921, -0.5293 4.8586 0.4921, -0.5295 4.8513 0.4921, -0.5258 4.8215 0.4921, -0.5149 4.7933 0.4921, -0.4976 4.7686 0.4921, -0.474 4.7484 0.4921, -0.4466 4.7351 0.4921, -0.4369 4.7322 0.4921, -0.436 4.7301 0.4921, -0.4293 4.7158 0.4921, -0.418 4.7019 0.4921, -0.4031 4.6907 0.4921, -0.3962 4.6878 0.4921, -0.3856 4.6834 0.4921, -0.3676 4.6806 0.4921, -0.3648 4.6806 0.4921, -0.2889 4.7565 0.4921, -0.3464 4.6828 0.4921, -0.3334 4.6878 0.4921, -0.3294 4.6894 0.4921, -0.3143 4.6999 0.4921, -0.3029 4.7127 0.4921, -0.2938 4.7296 0.4921, -0.2937 4.7301 0.4921, -0.2893 4.7483 0.4921, -0.2889 4.764 0.4921, -0.1826 4.8202 0.4921, -0.2062 4.8604 0.4921, -0.3079 4.8073 0.4921, -0.3212 4.8194 0.4921, -0.3373 4.828 0.4921, -0.3556 4.8326 0.4921, -0.3648 4.8331 0.4921, -0.383 4.8309 0.4921, -0.3998 4.8244 0.4921, -0.4153 4.8136 0.4921, -0.4278 4.7993 0.4921, -0.4362 4.783 0.4921, -0.4527 4.7933 0.4921, -0.4663 4.8072 0.4921, -0.4753 4.8224 0.4921, -0.4808 4.841 0.4921, -0.4817 4.8529 0.4921, -0.4798 4.8682 0.4921, -0.4794 4.8713 0.4921, -0.4729 4.8882 0.4921, -0.465 4.8995 0.4921, -0.4624 4.9033 0.4921, -0.4495 4.9148 0.4921, -0.4326 4.9238 0.4921, -0.4139 4.9283 0.4921, -0.4058 4.9288 0.4921, -0.3877 4.9265 0.4921, -0.3707 4.9202 0.4921, -0.3656 4.9174 0.4921, -0.3539 4.9414 0.4921, -0.3369 4.9618 0.4921, -0.3166 4.9766 0.4921, -0.2919 4.9866 0.4921, -0.2639 4.9902 0.4921, -0.238 4.9871 0.4921, -0.2142 4.9779 0.4921, -0.1929 4.9631 0.4921, -0.1912 4.9616 0.4921, -0.1741 4.9412 0.4921, -0.1623 4.9167 0.4921, -0.1585 4.8995 0.4921, -0.1576 4.8954 0.4921, -0.1515 4.8954 0.4921, -0.1386 4.8939 0.4921, -0.1252 4.8892 0.4921, -0.1132 4.8813 0.4921, -0.1033 4.8704 0.4921, -0.1021 4.8682 0.4921, -0.0962 4.8573 0.4921, -0.0927 4.8427 0.4921, -0.0923 4.8362 0.4921, -0.0937 4.823 0.4921, -0.0986 4.8093 0.4921, -0.1066 4.7973 0.4921, -0.1124 4.7914 0.4921, -0.1244 4.7832 0.4921, -0.1384 4.7782 0.4921, -0.147 4.777 0.4921, -0.1811 4.777 0.4921, -0.1827 4.7772 0.4921, -0.1849 4.7777 0.4921, -0.1857 4.7777 0.4921, -0.1916 4.777 0.4921, -0.1968 4.7749 0.4921, -0.2014 4.7716 0.4921, -0.2046 4.7681 0.4921, -0.2075 4.763 0.4921, -0.209 4.7572 0.4921, -0.2092 4.7542 0.4921, -0.2085 4.7485 0.4921, -0.2065 4.7434 0.4921, -0.2032 4.7386 0.4921, -0.2014 4.7368 0.4921, -0.1965 4.7333 0.4921, -0.1915 4.7313 0.4921, -0.1872 4.7307 0.4921, -0.1424 4.7307 0.4921, -0.1171 4.736 0.4921, -0.094 4.7473 0.4921, -0.0733 4.7648 0.4921, -0.0582 4.7859 0.4921, -0.0487 4.8099 0.4921, -0.3656 4.7853 0.4921, -0.3592 4.7846 0.4921, -0.3522 4.7821 0.4921, -0.3461 4.778 0.4921, -0.3412 4.7725 0.4921, -0.3379 4.7663 0.4921, -0.3362 4.7592 0.4921, -0.3362 4.7523 0.4921, -0.338 4.745 0.4921, -0.3415 4.7385 0.4921, -0.3456 4.7338 0.4921, -0.3514 4.7297 0.4921, -0.358 4.7271 0.4921, -0.3656 4.7261 0.4921, -0.3669 4.7261 0.4921, -0.3737 4.7272 0.4921, -0.3805 4.7302 0.4921, -0.3863 4.7346 0.4921, -0.3907 4.74 0.4921, -0.3937 4.7464 0.4921, -0.3951 4.7535 0.4921, -0.3947 4.7609 0.4921, -0.3925 4.7681 0.4921, -0.3886 4.7743 0.4921, -0.3856 4.7775 0.4921, -0.3796 4.7817 0.4921, -0.373 4.7843 0.4921
            ]
        }
        coordIndex [
            0,1,2,-1,3,4,5,-1,6,7,8,-1,9,10,2,-1,2,10,11,-1,2,11,0,-1,5,4,12,-1,13,14,15,-1,15,14,16,-1,15,16,17,-1,18,19,15,-1,15,19,20,-1,15,20,13,-1,13,20,21,-1,22,23,24,-1,24,23,25,-1,24,25,26,-1,26,25,27,-1,26,27,28,-1,28,27,29,-1,28,29,30,-1,30,29,2,-1,30,2,31,-1,31,2,32,-1,33,34,22,-1,22,34,35,-1,22,35,23,-1,17,36,15,-1,15,36,37,-1,15,37,38,-1,38,37,39,-1,38,39,40,-1,6,8,41,-1,41,8,42,-1,41,42,43,-1,43,42,44,-1,43,44,45,-1,4,46,12,-1,12,46,47,-1,12,47,48,-1,48,47,49,-1,48,49,6,-1,6,49,50,-1,6,50,7,-1,21,20,22,-1,22,20,51,-1,22,51,33,-1,52,53,54,-1,54,53,55,-1,54,55,56,-1,56,55,57,-1,56,57,58,-1,58,57,59,-1,58,59,60,-1,60,59,61,-1,60,61,62,-1,32,2,63,-1,63,2,1,-1,63,1,64,-1,65,66,67,-1,67,66,68,-1,67,68,69,-1,69,68,70,-1,69,70,71,-1,71,70,72,-1,71,72,73,-1,73,72,74,-1,73,74,75,-1,75,74,76,-1,75,76,77,-1,77,76,78,-1,77,78,79,-1,79,78,80,-1,79,80,81,-1,81,80,82,-1,81,82,83,-1,83,82,84,-1,83,84,52,-1,52,84,85,-1,52,85,53,-1,86,87,88,-1,88,87,89,-1,88,89,67,-1,67,89,90,-1,67,90,65,-1,91,92,93,-1,93,92,94,-1,93,94,95,-1,95,94,96,-1,95,96,97,-1,97,96,98,-1,97,98,99,-1,99,98,100,-1,99,100,9,-1,9,100,101,-1,9,101,10,-1,5,102,3,-1,3,102,103,-1,3,103,104,-1,104,103,105,-1,104,105,106,-1,106,105,107,-1,106,107,91,-1,91,107,108,-1,91,108,92,-1,40,39,109,-1,109,39,110,-1,109,110,111,-1,111,110,112,-1,111,112,113,-1,113,112,114,-1,113,114,115,-1,115,114,116,-1,115,116,117,-1,117,116,118,-1,117,118,119,-1,119,118,120,-1,119,120,121,-1,121,120,122,-1,121,122,123,-1,123,122,124,-1,123,124,125,-1,125,124,126,-1,125,126,1,-1,1,126,127,-1,1,127,64,-1,45,44,128,-1,128,44,129,-1,128,129,130,-1,130,129,131,-1,130,131,132,-1,132,131,133,-1,132,133,134,-1,134,133,135,-1,134,135,86,-1,86,135,136,-1,86,136,87,-1,137,138,139,-1,61,140,62,-1,62,140,137,-1,62,137,141,-1,141,137,139,-1,142,143,137,-1,137,143,144,-1,137,144,138,-1,145,146,147,-1,146,148,147,-1,147,148,149,-1,147,149,150,-1,142,137,147,-1,147,137,151,-1,147,151,145,-1,152,73,153,-1,153,73,75,-1,153,75,154,-1,154,75,77,-1,154,77,155,-1,155,77,79,-1,155,79,156,-1,152,157,73,-1,73,157,158,-1,73,158,71,-1,71,158,159,-1,71,159,69,-1,69,159,160,-1,69,160,67,-1,67,160,161,-1,67,161,88,-1,88,161,162,-1,88,162,86,-1,134,86,163,-1,163,86,162,-1,163,164,134,-1,134,164,165,-1,134,165,132,-1,132,165,166,-1,132,166,130,-1,130,166,167,-1,130,167,128,-1,128,167,168,-1,128,168,45,-1,45,168,43,-1,43,168,169,-1,43,169,170,-1,43,170,171,-1,43,171,41,-1,41,171,172,-1,41,172,6,-1,6,172,173,-1,6,173,48,-1,48,173,174,-1,48,174,12,-1,12,174,175,-1,12,175,5,-1,5,175,176,-1,5,176,102,-1,102,176,177,-1,102,177,103,-1,103,177,178,-1,103,178,105,-1,179,92,180,-1,180,92,108,-1,180,108,181,-1,181,108,107,-1,181,107,182,-1,182,107,105,-1,182,105,178,-1,179,183,92,-1,92,183,184,-1,92,184,94,-1,94,184,185,-1,94,185,96,-1,96,185,186,-1,96,186,98,-1,98,186,187,-1,98,187,100,-1,100,187,188,-1,100,188,101,-1,101,188,189,-1,101,189,10,-1,10,189,190,-1,10,190,11,-1,11,190,191,-1,11,191,0,-1,191,192,0,-1,0,192,193,-1,0,193,1,-1,1,193,194,-1,1,194,125,-1,125,194,195,-1,125,195,123,-1,195,196,123,-1,123,196,197,-1,123,197,121,-1,121,197,198,-1,121,198,119,-1,199,38,40,-1,119,198,200,-1,201,115,200,-1,200,115,117,-1,200,117,119,-1,201,202,115,-1,115,202,203,-1,115,203,113,-1,113,203,204,-1,113,204,111,-1,111,204,205,-1,111,205,109,-1,109,205,206,-1,109,206,40,-1,40,206,207,-1,40,207,199,-1,15,38,208,-1,208,38,199,-1,18,15,209,-1,209,15,208,-1,19,18,210,-1,210,18,209,-1,20,19,211,-1,211,19,210,-1,20,211,212,-1,20,212,51,-1,51,212,213,-1,51,213,33,-1,33,213,214,-1,33,214,34,-1,34,214,215,-1,34,215,35,-1,35,215,216,-1,35,216,23,-1,23,216,217,-1,23,217,25,-1,25,217,218,-1,25,218,27,-1,27,218,219,-1,27,219,29,-1,29,219,220,-1,29,220,2,-1,2,220,221,-1,2,221,9,-1,9,221,222,-1,9,222,99,-1,99,222,223,-1,99,223,97,-1,97,223,224,-1,97,224,95,-1,95,224,225,-1,95,225,93,-1,91,93,225,-1,225,226,91,-1,91,226,227,-1,91,227,228,-1,229,104,228,-1,228,104,106,-1,228,106,91,-1,229,230,104,-1,104,230,231,-1,104,231,3,-1,3,231,232,-1,3,232,4,-1,4,232,233,-1,4,233,46,-1,46,233,234,-1,46,234,47,-1,47,234,235,-1,47,235,49,-1,49,235,236,-1,49,236,50,-1,50,236,237,-1,50,237,7,-1,7,237,238,-1,7,238,8,-1,8,238,239,-1,8,239,42,-1,42,239,240,-1,42,240,44,-1,44,240,241,-1,44,241,129,-1,129,241,242,-1,129,242,131,-1,131,242,243,-1,131,243,133,-1,133,243,244,-1,133,244,135,-1,135,244,245,-1,135,245,136,-1,136,245,246,-1,136,246,87,-1,87,246,247,-1,87,247,89,-1,89,247,248,-1,89,248,90,-1,90,248,65,-1,65,248,249,-1,65,249,250,-1,66,65,251,-1,251,65,250,-1,66,251,252,-1,66,252,68,-1,68,252,253,-1,68,253,70,-1,70,253,254,-1,70,254,72,-1,72,254,255,-1,72,255,74,-1,74,255,256,-1,74,256,76,-1,256,257,76,-1,76,257,258,-1,76,258,78,-1,78,258,259,-1,78,259,80,-1,80,259,260,-1,80,260,82,-1,82,260,261,-1,82,261,84,-1,84,261,262,-1,84,262,85,-1,85,262,263,-1,85,263,53,-1,53,263,264,-1,53,264,55,-1,55,264,265,-1,55,265,57,-1,57,265,266,-1,57,266,59,-1,61,59,267,-1,267,59,266,-1,61,267,268,-1,61,268,140,-1,140,268,269,-1,140,269,137,-1,137,269,270,-1,137,270,151,-1,151,270,271,-1,151,271,145,-1,145,271,272,-1,145,272,146,-1,146,272,273,-1,146,273,148,-1,148,273,274,-1,148,274,149,-1,149,274,275,-1,149,275,150,-1,150,275,276,-1,150,276,147,-1,147,276,277,-1,147,277,142,-1,142,277,278,-1,142,278,143,-1,143,278,279,-1,143,279,144,-1,144,279,280,-1,144,280,138,-1,138,280,281,-1,138,281,139,-1,139,281,282,-1,139,282,141,-1,141,282,283,-1,141,283,62,-1,62,283,284,-1,62,284,60,-1,58,60,285,-1,285,60,284,-1,58,285,286,-1,58,286,56,-1,56,286,287,-1,56,287,54,-1,54,287,288,-1,54,288,52,-1,52,288,289,-1,52,289,83,-1,83,289,290,-1,83,290,81,-1,81,290,156,-1,81,156,79,-1,21,291,292,-1,21,292,13,-1,13,292,293,-1,13,293,14,-1,14,293,294,-1,14,294,16,-1,16,294,295,-1,16,295,17,-1,17,295,296,-1,17,296,36,-1,36,296,297,-1,36,297,37,-1,37,297,298,-1,37,298,39,-1,39,298,299,-1,39,299,110,-1,110,299,300,-1,110,300,112,-1,112,300,301,-1,112,301,114,-1,114,301,302,-1,114,302,116,-1,116,302,303,-1,116,303,118,-1,118,303,304,-1,118,304,120,-1,120,304,305,-1,120,305,122,-1,122,305,306,-1,122,306,124,-1,124,306,307,-1,124,307,126,-1,126,307,308,-1,126,308,127,-1,127,308,309,-1,127,309,64,-1,64,309,310,-1,64,310,63,-1,63,310,311,-1,63,311,32,-1,32,311,312,-1,32,312,31,-1,31,312,313,-1,31,313,30,-1,30,313,314,-1,30,314,28,-1,28,314,315,-1,28,315,26,-1,26,315,316,-1,26,316,24,-1,24,316,317,-1,24,317,22,-1,22,317,291,-1,22,291,21,-1,
        ]
    }
}
Shape{
    appearance Appearance {
        material  Material 	{
            diffuseColor 0.25098039215686274 0.25098039215686274 0.25098039215686274
            specularColor 0.12549019607843137 0.12549019607843137 0.12549019607843137
            ambientIntensity 0.251
            transparency 0.0
            shininess 0.5
        }
    }
    geometry IndexedFaceSet {
        ccw TRUE
        solid FALSE
        coord DEF co Coordinate {
            point [
                -0.3669 4.7261 0.4921, -0.3856 4.7775 0.4921, -0.3886 4.7743 0.4921, -0.358 4.7271 0.4921, -0.3514 4.7297 0.4921, -0.3592 4.7846 0.4921, -0.3656 4.7853 0.4921, -0.373 4.7843 0.4921, -0.3796 4.7817 0.4921, -0.3937 4.7464 0.4921, -0.3907 4.74 0.4921, -0.3863 4.7346 0.4921, -0.3656 4.7261 0.4921, -0.3925 4.7681 0.4921, -0.3947 4.7609 0.4921, -0.3951 4.7535 0.4921, -0.3805 4.7302 0.4921, -0.3737 4.7272 0.4921, -0.3456 4.7338 0.4921, -0.3415 4.7385 0.4921, -0.338 4.745 0.4921, -0.3362 4.7523 0.4921, -0.3362 4.7592 0.4921, -0.3379 4.7663 0.4921, -0.3412 4.7725 0.4921, -0.3461 4.778 0.4921, -0.3522 4.7821 0.4921
            ]
        }
        coordIndex [
            0,1,2,-1,3,4,5,-1,6,7,0,-1,0,7,8,-1,0,8,1,-1,9,10,2,-1,2,10,11,-1,6,0,5,-1,5,0,12,-1,5,12,3,-1,13,14,2,-1,2,14,15,-1,2,15,9,-1,11,16,2,-1,2,16,17,-1,2,17,0,-1,4,18,5,-1,5,18,19,-1,5,19,20,-1,20,21,5,-1,5,21,22,-1,5,22,23,-1,23,24,5,-1,5,24,25,-1,5,25,26,-1,
        ]
    }
}
Shape{
    appearance Appearance {
        material  Material 	{
            diffuseColor 0.9882352941176471 0.7372549019607844 0.5176470588235295
            specularColor 0.49411764705882355 0.3686274509803922 0.25882352941176473
            ambientIntensity 0.7873
            transparency 0.0
            shininess 0.5
        }
    }
    geometry IndexedFaceSet {
        ccw TRUE
        solid FALSE
        coord DEF co Coordinate {
            point [
                -2.1654 -0.3838 0.0039, -2.1654 -0.3838 0.0433, -2.2163 -0.3771 0.0433, -2.2163 -0.3771 0.0039, -2.2638 -0.3575 0.0433, -2.2638 -0.3575 0.0039, -2.3045 -0.3262 0.0433, -2.3045 -0.3262 0.0039, -2.3358 -0.2854 0.0433, -2.3358 -0.2854 0.0039, -2.3555 -0.2379 0.0433, -2.3555 -0.2379 0.0039, -2.3622 -0.187 0.0433, -2.3622 -0.187 0.0039, 2.1654 -0.3838 0.0433, 2.1654 -0.3838 0.0039, 2.2163 -0.3771 0.0039, 2.2163 -0.3771 0.0433, 2.2638 -0.3575 0.0039, 2.2638 -0.3575 0.0433, 2.3045 -0.3262 0.0039, 2.3045 -0.3262 0.0433, 2.3358 -0.2854 0.0039, 2.3358 -0.2854 0.0433, 2.3555 -0.2379 0.0039, 2.3555 -0.2379 0.0433, 2.3622 -0.187 0.0039, 2.3622 -0.187 0.0433
            ]
        }
        coordIndex [
            0,1,2,-1,0,2,3,-1,3,2,4,-1,3,4,5,-1,5,4,6,-1,5,6,7,-1,7,6,8,-1,7,8,9,-1,9,8,10,-1,9,10,11,-1,11,10,12,-1,11,12,13,-1,14,15,16,-1,14,16,17,-1,17,16,18,-1,17,18,19,-1,19,18,20,-1,19,20,21,-1,21,20,22,-1,21,22,23,-1,23,22,24,-1,23,24,25,-1,25,24,26,-1,25,26,27,-1,
        ]
    }
}