ISO-10303-21;
HEADER;
FILE_DESCRIPTION (( 'STEP AP214' ),
    '1' );
FILE_NAME ('Same_Sky_SLW-913535-2A-SMT.step',
    '2025-09-05T21:25:11',
    ( '' ),
    ( '' ),
    'SwSTEP 2.0',
    'SolidWorks 2025',
    '' );
FILE_SCHEMA (( 'AUTOMOTIVE_DESIGN' ));
ENDSEC;

DATA;
#1 = ADVANCED_FACE ( 'NONE', ( #1635 ), #7535, .F. ) ;
#2 = ORIENTED_EDGE ( 'NONE', *, *, #5790, .F. ) ;
#3 = CARTESIAN_POINT ( 'NONE',  ( 0.1702761082658661718, -0.01093332963860236401, 0.000000000000000000 ) ) ;
#4 = DIRECTION ( 'NONE',  ( 0.000000000000000000, 0.000000000000000000, 1.000000000000000000 ) ) ;
#5 = DIRECTION ( 'NONE',  ( 1.000000000000000000, 0.000000000000000000, 0.000000000000000000 ) ) ;
#6 = LINE ( 'NONE', #2563, #3390 ) ;
#7 = EDGE_LOOP ( 'NONE', ( #2657, #3879, #5110, #7430 ) ) ;
#8 = CARTESIAN_POINT ( 'NONE',  ( -0.08267716535433070058, -0.04724409448818897572, -0.07578740157480315376 ) ) ;
#9 = EDGE_CURVE ( 'NONE', #2204, #5942, #6926, .T. ) ;
#10 = ADVANCED_FACE ( 'NONE', ( #4961 ), #2840, .T. ) ;
#11 = EDGE_CURVE ( 'NONE', #3341, #5971, #1596, .T. ) ;
#12 = CARTESIAN_POINT ( 'NONE',  ( 0.1102362204724015721, -0.01889763779527559029, -0.06889763779527559306 ) ) ;
#13 = CARTESIAN_POINT ( 'NONE',  ( -0.004577409918014107605, 0.02677165354331087141, -0.009504928712298854609 ) ) ;
#14 = ORIENTED_EDGE ( 'NONE', *, *, #7309, .T. ) ;
#15 = ORIENTED_EDGE ( 'NONE', *, *, #2130, .F. ) ;
#16 = DIRECTION ( 'NONE',  ( 1.000000000000000000, 0.000000000000000000, 0.000000000000000000 ) ) ;
#17 = VERTEX_POINT ( 'NONE', #2195 ) ;
#18 = FACE_OUTER_BOUND ( 'NONE', #7271, .T. ) ;
#19 = EDGE_LOOP ( 'NONE', ( #4557, #8389, #564, #5961, #4691, #2833 ) ) ;
#20 = LINE ( 'NONE', #7926, #7973 ) ;
#21 = ORIENTED_EDGE ( 'NONE', *, *, #7572, .T. ) ;
#22 = DIRECTION ( 'NONE',  ( 0.000000000000000000, -0.5817638113781103959, -0.8133577735356161131 ) ) ;
#23 = VECTOR ( 'NONE', #6406, 39.37007874015748143 ) ;
#24 = EDGE_CURVE ( 'NONE', #50, #3124, #7494, .T. ) ;
#25 = VECTOR ( 'NONE', #8378, 39.37007874015748143 ) ;
#26 =( CONVERSION_BASED_UNIT ( 'INCH', #7932 ) LENGTH_UNIT ( ) NAMED_UNIT ( #6714 ) );
#27 = AXIS2_PLACEMENT_3D ( 'NONE', #8439, #4520, #2488 ) ;
#28 = ORIENTED_EDGE ( 'NONE', *, *, #2777, .F. ) ;
#29 = CARTESIAN_POINT ( 'NONE',  ( 0.1549212598425196985, -0.04724409448818897572, -0.009842519685031497767 ) ) ;
#30 = ORIENTED_EDGE ( 'NONE', *, *, #4016, .T. ) ;
#31 = VERTEX_POINT ( 'NONE', #3652 ) ;
#32 = ORIENTED_EDGE ( 'NONE', *, *, #1363, .T. ) ;
#33 = CARTESIAN_POINT ( 'NONE',  ( -0.02460629921259842659, 0.07086614173228346358, -0.009842519685039369942 ) ) ;
#34 = VECTOR ( 'NONE', #1491, 39.37007874015748854 ) ;
#35 = EDGE_CURVE ( 'NONE', #406, #4516, #6878, .T. ) ;
#36 = DIRECTION ( 'NONE',  ( 1.000000000000000000, 0.000000000000000000, 0.000000000000000000 ) ) ;
#37 = CARTESIAN_POINT ( 'NONE',  ( 0.1707501434112204397, 0.03040253503649213013, -0.03149606299212992511 ) ) ;
#38 = AXIS2_PLACEMENT_3D ( 'NONE', #6248, #308, #8254 ) ;
#39 = VECTOR ( 'NONE', #2369, 39.37007874015748143 ) ;
#40 = DIRECTION ( 'NONE',  ( 0.000000000000000000, -1.000000000000000000, 0.000000000000000000 ) ) ;
#41 = LINE ( 'NONE', #6028, #7166 ) ;
#42 = ORIENTED_EDGE ( 'NONE', *, *, #2381, .T. ) ;
#43 = CARTESIAN_POINT ( 'NONE',  ( -0.1696850393700787274, -0.02480314960629921572, 0.000000000000000000 ) ) ;
#44 = LINE ( 'NONE', #6158, #7734 ) ;
#45 = FACE_OUTER_BOUND ( 'NONE', #6721, .T. ) ;
#46 = CARTESIAN_POINT ( 'NONE',  ( -0.1102362204724409434, -0.05905511811023622659, 0.02532139787885039420 ) ) ;
#47 = AXIS2_PLACEMENT_3D ( 'NONE', #8429, #7131, #5698 ) ;
#48 = DIRECTION ( 'NONE',  ( 0.000000000000000000, 0.000000000000000000, 1.000000000000000000 ) ) ;
#49 = AXIS2_PLACEMENT_3D ( 'NONE', #6004, #2060, #6573 ) ;
#50 = VERTEX_POINT ( 'NONE', #1021 ) ;
#51 = DIRECTION ( 'NONE',  ( 1.000000000000000000, 0.000000000000000000, 0.000000000000000000 ) ) ;
#52 = CARTESIAN_POINT ( 'NONE',  ( -0.1102362204724409434, -0.05905511811023622659, 0.02532139787885039420 ) ) ;
#53 = DIRECTION ( 'NONE',  ( 1.000000000000000000, 0.000000000000000000, 0.000000000000000000 ) ) ;
#54 = CARTESIAN_POINT ( 'NONE',  ( -0.1240157480314960647, 0.07086614173228346358, 0.000000000000000000 ) ) ;
#55 = ORIENTED_EDGE ( 'NONE', *, *, #7774, .F. ) ;
#56 = FACE_OUTER_BOUND ( 'NONE', #4782, .T. ) ;
#57 = VECTOR ( 'NONE', #4858, 39.37007874015748143 ) ;
#58 = FACE_OUTER_BOUND ( 'NONE', #1863, .T. ) ;
#59 = ORIENTED_EDGE ( 'NONE', *, *, #5855, .F. ) ;
#60 = ORIENTED_EDGE ( 'NONE', *, *, #7300, .T. ) ;
#61 = CARTESIAN_POINT ( 'NONE',  ( 0.08661417322834646937, -0.04724409448818897572, -0.1696038517685826696 ) ) ;
#62 = ORIENTED_EDGE ( 'NONE', *, *, #1867, .F. ) ;
#63 = CARTESIAN_POINT ( 'NONE',  ( 0.06978942972114172971, 0.07086614173228346358, -0.09842519685039370636 ) ) ;
#64 = ORIENTED_EDGE ( 'NONE', *, *, #5737, .T. ) ;
#65 = VECTOR ( 'NONE', #535, 39.37007874015748143 ) ;
#66 = DIRECTION ( 'NONE',  ( -1.000000000000000000, 0.000000000000000000, 0.000000000000000000 ) ) ;
#67 = ORIENTED_EDGE ( 'NONE', *, *, #4886, .F. ) ;
#68 = DIRECTION ( 'NONE',  ( 0.000000000000000000, 1.000000000000000000, 0.000000000000000000 ) ) ;
#69 = EDGE_CURVE ( 'NONE', #8371, #1246, #3573, .T. ) ;
#70 = EDGE_CURVE ( 'NONE', #4141, #5343, #2963, .T. ) ;
#71 = VECTOR ( 'NONE', #7306, 39.37007874015748854 ) ;
#72 = DIRECTION ( 'NONE',  ( 1.000000000000000000, 0.000000000000000000, 0.000000000000000000 ) ) ;
#73 = EDGE_LOOP ( 'NONE', ( #4600, #4166, #994, #6495 ) ) ;
#74 = DIRECTION ( 'NONE',  ( -1.000000000000000000, 0.000000000000000000, 0.000000000000000000 ) ) ;
#75 = VERTEX_POINT ( 'NONE', #5000 ) ;
#76 = ORIENTED_EDGE ( 'NONE', *, *, #133, .T. ) ;
#77 = ORIENTED_EDGE ( 'NONE', *, *, #125, .F. ) ;
#78 = PLANE ( 'NONE',  #1354 ) ;
#79 = AXIS2_PLACEMENT_3D ( 'NONE', #7248, #7813, #1309 ) ;
#80 = DIRECTION ( 'NONE',  ( 0.000000000000000000, 0.8133577735318218149, -0.5817638113834148195 ) ) ;
#81 = DIRECTION ( 'NONE',  ( 1.578983857244000089E-14, 0.000000000000000000, 1.000000000000000000 ) ) ;
#82 = PLANE ( 'NONE',  #1568 ) ;
#83 = CARTESIAN_POINT ( 'NONE',  ( 0.1102362204724409434, -0.04330708661417323468, 0.03122817830516141924 ) ) ;
#84 = ORIENTED_EDGE ( 'NONE', *, *, #915, .F. ) ;
#85 = EDGE_CURVE ( 'NONE', #6182, #6294, #4265, .T. ) ;
#86 = CARTESIAN_POINT ( 'NONE',  ( 0.1210629921259842590, -0.04724409448818897572, -0.09448818897637795144 ) ) ;
#87 = DIRECTION ( 'NONE',  ( 0.000000000000000000, 0.000000000000000000, -1.000000000000000000 ) ) ;
#88 = DIRECTION ( 'NONE',  ( 1.000000000000000000, 0.000000000000000000, 0.000000000000000000 ) ) ;
#89 = ADVANCED_FACE ( 'NONE', ( #5661 ), #8313, .T. ) ;
#90 = FACE_OUTER_BOUND ( 'NONE', #4431, .T. ) ;
#91 = VECTOR ( 'NONE', #7484, 39.37007874015748143 ) ;
#92 = ORIENTED_EDGE ( 'NONE', *, *, #6125, .F. ) ;
#93 =( NAMED_UNIT ( * ) PLANE_ANGLE_UNIT ( ) SI_UNIT ( $, .RADIAN. ) );
#94 = DIRECTION ( 'NONE',  ( -1.000000000000000000, 0.000000000000000000, 0.000000000000000000 ) ) ;
#95 = ORIENTED_EDGE ( 'NONE', *, *, #3758, .T. ) ;
#96 = CARTESIAN_POINT ( 'NONE',  ( -0.08661417322838584065, -0.02874015748031496023, -0.1351503312329527529 ) ) ;
#97 = VECTOR ( 'NONE', #7259, 39.37007874015748143 ) ;
#98 = CARTESIAN_POINT ( 'NONE',  ( 0.08661417322834646937, -0.02480314960629921572, -0.06200787401574803237 ) ) ;
#99 = EDGE_LOOP ( 'NONE', ( #2889, #3266, #117, #1047 ) ) ;
#100 = ORIENTED_EDGE ( 'NONE', *, *, #4752, .T. ) ;
#101 = LINE ( 'NONE', #4512, #2946 ) ;
#102 = VECTOR ( 'NONE', #7986, 39.37007874015748143 ) ;
#103 = VERTEX_POINT ( 'NONE', #3780 ) ;
#104 = DIRECTION ( 'NONE',  ( 0.000000000000000000, 1.000000000000000000, 0.000000000000000000 ) ) ;
#105 = VERTEX_POINT ( 'NONE', #8431 ) ;
#106 = CARTESIAN_POINT ( 'NONE',  ( 0.1505905511811023723, 0.07874015748031495954, -0.1377952755905511861 ) ) ;
#107 = VERTEX_POINT ( 'NONE', #6526 ) ;
#108 = DIRECTION ( 'NONE',  ( 0.000000000000000000, 0.000000000000000000, 1.000000000000000000 ) ) ;
#109 = PRODUCT_DEFINITION_CONTEXT ( 'detailed design', #7780, 'design' ) ;
#110 = EDGE_CURVE ( 'NONE', #4348, #772, #3695, .T. ) ;
#111 = AXIS2_PLACEMENT_3D ( 'NONE', #6902, #8373, #8329 ) ;
#112 = CARTESIAN_POINT ( 'NONE',  ( 0.08267716535433070058, -0.04724409448818897572, -0.04330708661417323468 ) ) ;
#113 = EDGE_CURVE ( 'NONE', #6481, #8176, #5745, .T. ) ;
#114 = ORIENTED_EDGE ( 'NONE', *, *, #3884, .T. ) ;
#115 = LINE ( 'NONE', #5401, #592 ) ;
#116 = EDGE_LOOP ( 'NONE', ( #6984, #5119, #1199, #6588 ) ) ;
#117 = ORIENTED_EDGE ( 'NONE', *, *, #2300, .F. ) ;
#118 = ORIENTED_EDGE ( 'NONE', *, *, #1406, .T. ) ;
#119 = FACE_OUTER_BOUND ( 'NONE', #8053, .T. ) ;
#120 = CIRCLE ( 'NONE', #3297, 0.009842519685039369942 ) ;
#121 = DIRECTION ( 'NONE',  ( 1.000000000000000000, 0.000000000000000000, 0.000000000000000000 ) ) ;
#122 = AXIS2_PLACEMENT_3D ( 'NONE', #7262, #5201, #3956 ) ;
#123 = EDGE_CURVE ( 'NONE', #201, #916, #2296, .T. ) ;
#124 = CARTESIAN_POINT ( 'NONE',  ( -0.08267716535429132929, -0.02480314960629921572, -0.04330708661417323468 ) ) ;
#125 = EDGE_CURVE ( 'NONE', #6821, #1484, #1758, .T. ) ;
#126 = DIRECTION ( 'NONE',  ( -0.000000000000000000, 1.000000000000000000, 0.000000000000000000 ) ) ;
#127 = DIRECTION ( 'NONE',  ( 1.000000000000000000, 0.000000000000000000, 0.000000000000000000 ) ) ;
#128 = VERTEX_POINT ( 'NONE', #1062 ) ;
#129 = DIRECTION ( 'NONE',  ( 0.000000000000000000, -0.5817406044563159240, -0.8133743720617218065 ) ) ;
#130 = DIRECTION ( 'NONE',  ( 3.151546235555000162E-14, 0.000000000000000000, 1.000000000000000000 ) ) ;
#131 = VECTOR ( 'NONE', #1212, 39.37007874015748143 ) ;
#132 = CARTESIAN_POINT ( 'NONE',  ( -0.1791338582677165503, 0.07480314960625984722, -0.03543307086614566614 ) ) ;
#133 = EDGE_CURVE ( 'NONE', #1040, #4227, #3128, .T. ) ;
#134 = ADVANCED_FACE ( 'NONE', ( #3044 ), #5043, .F. ) ;
#135 = VECTOR ( 'NONE', #4275, 39.37007874015748143 ) ;
#136 = ADVANCED_FACE ( 'NONE', ( #8353 ), #7703, .F. ) ;
#137 = ORIENTED_EDGE ( 'NONE', *, *, #6502, .T. ) ;
#138 = DIRECTION ( 'NONE',  ( 1.000000000000000000, 0.000000000000000000, 0.000000000000000000 ) ) ;
#139 = ORIENTED_EDGE ( 'NONE', *, *, #5426, .T. ) ;
#140 = CARTESIAN_POINT ( 'NONE',  ( -0.1781496062992126150, -0.01102362204724409434, 0.000000000000000000 ) ) ;
#141 = ADVANCED_FACE ( 'NONE', ( #5784 ), #3087, .F. ) ;
#142 = LINE ( 'NONE', #6175, #3484 ) ;
#143 = ORIENTED_EDGE ( 'NONE', *, *, #939, .F. ) ;
#144 = VERTEX_POINT ( 'NONE', #3737 ) ;
#145 = CARTESIAN_POINT ( 'NONE',  ( 0.1240157480314960647, 0.07874015748031495954, -0.1377952755905511861 ) ) ;
#146 = ORIENTED_EDGE ( 'NONE', *, *, #3376, .T. ) ;
#147 = DIRECTION ( 'NONE',  ( 0.000000000000000000, 1.000000000000000000, 0.000000000000000000 ) ) ;
#148 = DIRECTION ( 'NONE',  ( -1.232347557333999995E-13, 0.000000000000000000, 1.000000000000000000 ) ) ;
#149 = EDGE_LOOP ( 'NONE', ( #2170, #6350, #7921, #4464 ) ) ;
#150 = CARTESIAN_POINT ( 'NONE',  ( -0.01181102362206692784, -0.05905511811023622659, -0.1636970161619684949 ) ) ;
#151 = CARTESIAN_POINT ( 'NONE',  ( -0.06889763779527559306, -0.02480314960629921572, -0.07578740157480315376 ) ) ;
#152 = EDGE_LOOP ( 'NONE', ( #2061, #8557, #800 ) ) ;
#153 = AXIS2_PLACEMENT_3D ( 'NONE', #8030, #6726, #5225 ) ;
#154 = CARTESIAN_POINT ( 'NONE',  ( -0.1696850393700787274, 0.02362204724409055004, 0.000000000000000000 ) ) ;
#155 = ORIENTED_EDGE ( 'NONE', *, *, #6995, .F. ) ;
#156 = VERTEX_POINT ( 'NONE', #1803 ) ;
#157 = ORIENTED_EDGE ( 'NONE', *, *, #5466, .F. ) ;
#158 = EDGE_CURVE ( 'NONE', #8189, #7620, #6400, .T. ) ;
#159 = DIRECTION ( 'NONE',  ( 0.000000000000000000, 0.000000000000000000, -1.000000000000000000 ) ) ;
#160 = AXIS2_PLACEMENT_3D ( 'NONE', #8070, #1344, #5366 ) ;
#161 = DIMENSIONAL_EXPONENTS ( 1.000000000000000000, 0.000000000000000000, 0.000000000000000000, 0.000000000000000000, 0.000000000000000000, 0.000000000000000000, 0.000000000000000000 ) ;
#162 = CARTESIAN_POINT ( 'NONE',  ( 0.09118686605720471849, 0.07021083172169291509, -4.073543093779528216E-06 ) ) ;
#163 = CARTESIAN_POINT ( 'NONE',  ( 0.08661417322834646937, -0.02480314960629921572, -0.003225287050151574592 ) ) ;
#164 = DIRECTION ( 'NONE',  ( 1.000000000000000000, 0.000000000000000000, 0.000000000000000000 ) ) ;
#165 = PRESENTATION_STYLE_ASSIGNMENT (( #1478 ) ) ;
#166 = ORIENTED_EDGE ( 'NONE', *, *, #4331, .F. ) ;
#167 = VECTOR ( 'NONE', #7215, 39.37007874015748143 ) ;
#168 = VECTOR ( 'NONE', #7885, 39.37007874015748143 ) ;
#169 = DIRECTION ( 'NONE',  ( -1.000000000000000000, 0.000000000000000000, 0.000000000000000000 ) ) ;
#170 = DIRECTION ( 'NONE',  ( -0.2676438637862958436, -0.9635179096298845947, 0.000000000000000000 ) ) ;
#171 = EDGE_CURVE ( 'NONE', #8246, #7923, #4428, .T. ) ;
#172 = EDGE_CURVE ( 'NONE', #7143, #1112, #5122, .T. ) ;
#173 = VECTOR ( 'NONE', #7011, 39.37007874015748143 ) ;
#174 = DIRECTION ( 'NONE',  ( -1.000000000000000000, 0.000000000000000000, 0.000000000000000000 ) ) ;
#175 = DIRECTION ( 'NONE',  ( 1.000000000000000000, 0.000000000000000000, 0.000000000000000000 ) ) ;
#176 = ORIENTED_EDGE ( 'NONE', *, *, #5355, .T. ) ;
#177 = SURFACE_STYLE_FILL_AREA ( #3426 ) ;
#178 = LINE ( 'NONE', #2217, #5647 ) ;
#179 = CARTESIAN_POINT ( 'NONE',  ( -0.08661417322838584065, -0.02480314960629921572, -0.09448818897637795144 ) ) ;
#180 = VERTEX_POINT ( 'NONE', #7788 ) ;
#181 = DIRECTION ( 'NONE',  ( 0.000000000000000000, -1.000000000000000000, 0.000000000000000000 ) ) ;
#182 = AXIS2_PLACEMENT_3D ( 'NONE', #12, #3257, #2654 ) ;
#183 = EDGE_CURVE ( 'NONE', #7233, #156, #3170, .T. ) ;
#184 = CIRCLE ( 'NONE', #7537, 0.003937007874015748844 ) ;
#185 = CARTESIAN_POINT ( 'NONE',  ( -0.04625984251968504046, -0.02480314960629921572, -0.07578740157480315376 ) ) ;
#186 = EDGE_LOOP ( 'NONE', ( #7789, #8273, #1384, #30 ) ) ;
#187 = EDGE_LOOP ( 'NONE', ( #3553, #2619, #3856, #2293 ) ) ;
#188 = DIRECTION ( 'NONE',  ( 1.000000000000000000, 0.000000000000000000, 0.000000000000000000 ) ) ;
#189 = EDGE_LOOP ( 'NONE', ( #7934, #1033, #8100, #2908 ) ) ;
#190 = CARTESIAN_POINT ( 'NONE',  ( -0.1707451419320078767, 0.02996640604683857914, -0.06889763779527559306 ) ) ;
#191 = CARTESIAN_POINT ( 'NONE',  ( 0.01998681779692125862, 0.05236220472440945156, -0.01968503937007873988 ) ) ;
#192 = ORIENTED_EDGE ( 'NONE', *, *, #5462, .T. ) ;
#193 = ADVANCED_FACE ( 'NONE', ( #5823 ), #8478, .T. ) ;
#194 = DIRECTION ( 'NONE',  ( 1.000000000000000000, 0.000000000000000000, 0.000000000000000000 ) ) ;
#195 = PRESENTATION_LAYER_ASSIGNMENT (  '', '', ( #3926 ) ) ;
#196 = DIRECTION ( 'NONE',  ( 0.000000000000000000, 1.000000000000000000, 0.000000000000000000 ) ) ;
#197 = AXIS2_PLACEMENT_3D ( 'NONE', #5923, #4012, #7273 ) ;
#198 = VERTEX_POINT ( 'NONE', #576 ) ;
#199 = LINE ( 'NONE', #6797, #6000 ) ;
#200 = ORIENTED_EDGE ( 'NONE', *, *, #5789, .F. ) ;
#201 = VERTEX_POINT ( 'NONE', #3217 ) ;
#202 = EDGE_LOOP ( 'NONE', ( #1707, #200, #5400, #1968 ) ) ;
#203 = FACE_OUTER_BOUND ( 'NONE', #3417, .T. ) ;
#204 = VECTOR ( 'NONE', #3115, 39.37007874015748854 ) ;
#205 = CARTESIAN_POINT ( 'NONE',  ( -0.1102362204724803146, -0.05905511811023622659, -0.1636970161619684949 ) ) ;
#206 = DIRECTION ( 'NONE',  ( 0.000000000000000000, 0.000000000000000000, -1.000000000000000000 ) ) ;
#207 = CARTESIAN_POINT ( 'NONE',  ( -0.08267716535433070058, -0.02480314960629921572, -0.07578740157480315376 ) ) ;
#208 = LINE ( 'NONE', #2682, #2181 ) ;
#209 = AXIS2_PLACEMENT_3D ( 'NONE', #8085, #4814, #3552 ) ;
#210 = EDGE_LOOP ( 'NONE', ( #1753, #2571, #7875, #3760 ) ) ;
#211 = LINE ( 'NONE', #3539, #4259 ) ;
#212 = CARTESIAN_POINT ( 'NONE',  ( 0.1496062992125984370, 0.07086614173228346358, -1.093542087416535403E-05 ) ) ;
#213 = DIRECTION ( 'NONE',  ( 0.000000000000000000, 0.000000000000000000, 1.000000000000000000 ) ) ;
#214 = VECTOR ( 'NONE', #2900, 39.37007874015748143 ) ;
#215 = EDGE_CURVE ( 'NONE', #6821, #1237, #6604, .T. ) ;
#216 = CARTESIAN_POINT ( 'NONE',  ( -0.1751968503937007815, 0.07480314960629921850, -0.03409448818898031669 ) ) ;
#217 = DIRECTION ( 'NONE',  ( 0.000000000000000000, -0.8133743720617218065, 0.5817406044563160350 ) ) ;
#218 = EDGE_CURVE ( 'NONE', #5258, #2741, #6190, .T. ) ;
#219 = EDGE_CURVE ( 'NONE', #2920, #1714, #1972, .T. ) ;
#220 = ORIENTED_EDGE ( 'NONE', *, *, #1026, .F. ) ;
#221 = LINE ( 'NONE', #8164, #57 ) ;
#222 = CARTESIAN_POINT ( 'NONE',  ( 0.1402556030835433176, 0.07479913851759842358, 0.000000000000000000 ) ) ;
#223 = EDGE_CURVE ( 'NONE', #8527, #5873, #1461, .T. ) ;
#224 = CARTESIAN_POINT ( 'NONE',  ( -0.1707501434112204397, 0.03040253503649213013, -0.1062992125984252023 ) ) ;
#225 = ORIENTED_EDGE ( 'NONE', *, *, #3710, .T. ) ;
#226 = CYLINDRICAL_SURFACE ( 'NONE', #1795, 0.003937007874015749712 ) ;
#227 = VECTOR ( 'NONE', #8258, 39.37007874015748854 ) ;
#228 = CARTESIAN_POINT ( 'NONE',  ( 0.08661417322834646937, -0.02644984013993700520, -0.1383525925402755985 ) ) ;
#229 = EDGE_CURVE ( 'NONE', #3641, #3346, #6091, .T. ) ;
#230 = ORIENTED_EDGE ( 'NONE', *, *, #778, .F. ) ;
#231 = EDGE_LOOP ( 'NONE', ( #1120, #7576, #1982, #5803 ) ) ;
#232 = DIRECTION ( 'NONE',  ( 1.000000000000000000, 0.000000000000000000, 0.000000000000000000 ) ) ;
#233 = ORIENTED_EDGE ( 'NONE', *, *, #1957, .T. ) ;
#234 = CARTESIAN_POINT ( 'NONE',  ( 0.1696850393700787274, 0.06236220472437007528, -0.03543307086614566614 ) ) ;
#235 = CARTESIAN_POINT ( 'NONE',  ( -0.1785333490359448938, 0.02243874459449999789, -0.1377952755905511861 ) ) ;
#236 = ORIENTED_EDGE ( 'NONE', *, *, #5750, .T. ) ;
#237 = CARTESIAN_POINT ( 'NONE',  ( 0.06978942972114172971, 0.07086614173228346358, -0.09842519685039370636 ) ) ;
#238 = AXIS2_PLACEMENT_3D ( 'NONE', #1317, #8002, #867 ) ;
#239 = DIRECTION ( 'NONE',  ( 0.000000000000000000, 1.947648391771000442E-14, -1.000000000000000000 ) ) ;
#240 = EDGE_CURVE ( 'NONE', #5575, #4698, #4604, .T. ) ;
#241 = EDGE_CURVE ( 'NONE', #1714, #901, #1060, .T. ) ;
#242 = VECTOR ( 'NONE', #6504, 39.37007874015748143 ) ;
#243 = ORIENTED_EDGE ( 'NONE', *, *, #7810, .T. ) ;
#244 = LINE ( 'NONE', #976, #456 ) ;
#245 = ORIENTED_EDGE ( 'NONE', *, *, #4850, .T. ) ;
#246 = DIRECTION ( 'NONE',  ( 1.000000000000000000, 0.000000000000000000, 0.000000000000000000 ) ) ;
#247 = ORIENTED_EDGE ( 'NONE', *, *, #4624, .F. ) ;
#248 = DIRECTION ( 'NONE',  ( 0.008547098457808984667, -0.7453069855339365946, -0.6666666666500350447 ) ) ;
#249 = CARTESIAN_POINT ( 'NONE',  ( 0.08661417322834646937, -0.01463872515202362112, 0.005882354148547244178 ) ) ;
#250 = AXIS2_PLACEMENT_3D ( 'NONE', #222, #7513, #918 ) ;
#251 = EDGE_CURVE ( 'NONE', #933, #922, #6575, .T. ) ;
#252 = DIRECTION ( 'NONE',  ( 0.000000000000000000, 2.746581960645000162E-14, -1.000000000000000000 ) ) ;
#253 = CARTESIAN_POINT ( 'NONE',  ( -0.08661417322838584065, -0.02480314960629921572, -0.1377952755905511861 ) ) ;
#254 = VECTOR ( 'NONE', #7380, 39.37007874015748143 ) ;
#255 = DIRECTION ( 'NONE',  ( 0.000000000000000000, 1.000000000000000000, 0.000000000000000000 ) ) ;
#256 = ORIENTED_EDGE ( 'NONE', *, *, #5888, .T. ) ;
#257 = LINE ( 'NONE', #2890, #2041 ) ;
#258 = LINE ( 'NONE', #1524, #7477 ) ;
#259 = VECTOR ( 'NONE', #4829, 39.37007874015748143 ) ;
#260 = CARTESIAN_POINT ( 'NONE',  ( -0.08661417322838584065, -0.05740842757661417800, 0.02211913657151574897 ) ) ;
#261 = PLANE ( 'NONE',  #7393 ) ;
#262 = ORIENTED_EDGE ( 'NONE', *, *, #7001, .F. ) ;
#263 = CARTESIAN_POINT ( 'NONE',  ( 0.07086614173228346358, 0.07086614173228346358, -0.03543307086614173179 ) ) ;
#264 = VECTOR ( 'NONE', #5808, 39.37007874015748854 ) ;
#265 = CARTESIAN_POINT ( 'NONE',  ( 0.1053149606299212532, -0.04724409448818897572, -0.07578740157480315376 ) ) ;
#266 = EDGE_CURVE ( 'NONE', #1094, #2918, #4560, .T. ) ;
#267 = ORIENTED_EDGE ( 'NONE', *, *, #2461, .T. ) ;
#268 = DIRECTION ( 'NONE',  ( -4.504089409134000149E-13, -1.000000000000000000, -3.848203806893999867E-13 ) ) ;
#269 = AXIS2_PLACEMENT_3D ( 'NONE', #4676, #4033, #6689 ) ;
#270 = DIRECTION ( 'NONE',  ( 0.000000000000000000, 1.000000000000000000, 0.000000000000000000 ) ) ;
#271 = ORIENTED_EDGE ( 'NONE', *, *, #679, .F. ) ;
#272 = VERTEX_POINT ( 'NONE', #4010 ) ;
#273 = CARTESIAN_POINT ( 'NONE',  ( 0.06889763779527559306, -0.02480314960629921572, -0.06200787401574803237 ) ) ;
#274 = ORIENTED_EDGE ( 'NONE', *, *, #5386, .T. ) ;
#275 = CARTESIAN_POINT ( 'NONE',  ( 0.08661417322834646937, -0.05740842757657479978, -0.1604947548546062919 ) ) ;
#276 = CARTESIAN_POINT ( 'NONE',  ( 0.1712141755981102520, 0.07086614173228346358, -0.1023622047244094474 ) ) ;
#277 = VERTEX_POINT ( 'NONE', #7924 ) ;
#278 = DIRECTION ( 'NONE',  ( -2.639158732822999951E-14, 0.000000000000000000, -1.000000000000000000 ) ) ;
#279 = VECTOR ( 'NONE', #4502, 39.37007874015748143 ) ;
#280 = EDGE_CURVE ( 'NONE', #1919, #5245, #5913, .T. ) ;
#281 = ADVANCED_FACE ( 'NONE', ( #3965 ), #7971, .T. ) ;
#282 = DIRECTION ( 'NONE',  ( 0.000000000000000000, -0.5817406044485053940, -0.8133743720673080047 ) ) ;
#283 = ORIENTED_EDGE ( 'NONE', *, *, #7245, .F. ) ;
#284 = LINE ( 'NONE', #4878, #4319 ) ;
#285 = VERTEX_POINT ( 'NONE', #3915 ) ;
#286 = ORIENTED_EDGE ( 'NONE', *, *, #3577, .T. ) ;
#287 = EDGE_LOOP ( 'NONE', ( #5221, #6758, #3905, #60 ) ) ;
#288 = DIRECTION ( 'NONE',  ( 0.000000000000000000, 1.000000000000000000, 0.000000000000000000 ) ) ;
#289 = LINE ( 'NONE', #4194, #4863 ) ;
#290 = CARTESIAN_POINT ( 'NONE',  ( -0.01181102362206299175, -0.01299212598425196832, -0.1410558316531889678 ) ) ;
#291 = CARTESIAN_POINT ( 'NONE',  ( -0.01181102362205511611, -0.02480314960629921572, -0.1279527559055118058 ) ) ;
#292 = VERTEX_POINT ( 'NONE', #3358 ) ;
#293 = DIRECTION ( 'NONE',  ( -0.9999342502356395324, 0.01146713589740045586, 6.529650708101717245E-15 ) ) ;
#294 = CARTESIAN_POINT ( 'NONE',  ( -0.01181102362206299175, -0.01463872515205118068, -0.1442580276120078997 ) ) ;
#295 = VECTOR ( 'NONE', #5625, 39.37007874015748143 ) ;
#296 = CARTESIAN_POINT ( 'NONE',  ( 0.1102362204724015721, -0.02480314960629921572, 0.000000000000000000 ) ) ;
#297 = CARTESIAN_POINT ( 'NONE',  ( 0.07283464566929134798, 0.07086614173228346358, -0.03740157480314960925 ) ) ;
#298 = ADVANCED_FACE ( 'NONE', ( #2099 ), #6709, .F. ) ;
#299 = VECTOR ( 'NONE', #206, 39.37007874015748143 ) ;
#300 = VECTOR ( 'NONE', #2448, 39.37007874015748143 ) ;
#301 = VERTEX_POINT ( 'NONE', #7879 ) ;
#302 = DIRECTION ( 'NONE',  ( 1.000000000000000000, 0.000000000000000000, 0.000000000000000000 ) ) ;
#303 = CYLINDRICAL_SURFACE ( 'NONE', #7461, 0.003937007874015749712 ) ;
#304 = LINE ( 'NONE', #3470, #6730 ) ;
#305 = VERTEX_POINT ( 'NONE', #5346 ) ;
#306 = CARTESIAN_POINT ( 'NONE',  ( 0.1703779489376378020, 0.03921079941679921077, -0.03937007874015747977 ) ) ;
#307 = CIRCLE ( 'NONE', #5987, 0.003937007874015748844 ) ;
#308 = DIRECTION ( 'NONE',  ( -0.000000000000000000, 1.000000000000000000, 0.000000000000000000 ) ) ;
#309 = VECTOR ( 'NONE', #7291, 39.37007874015748854 ) ;
#310 = ORIENTED_EDGE ( 'NONE', *, *, #1341, .T. ) ;
#311 = AXIS2_PLACEMENT_3D ( 'NONE', #2211, #3020, #4855 ) ;
#312 = CARTESIAN_POINT ( 'NONE',  ( 0.06889763779527559306, -0.02480314960629921572, -0.07578740157480315376 ) ) ;
#313 = ORIENTED_EDGE ( 'NONE', *, *, #3007, .T. ) ;
#314 = PLANE ( 'NONE',  #2302 ) ;
#315 = DIRECTION ( 'NONE',  ( -1.000000000000000000, 0.000000000000000000, 0.000000000000000000 ) ) ;
#316 = ORIENTED_EDGE ( 'NONE', *, *, #7917, .F. ) ;
#317 = CARTESIAN_POINT ( 'NONE',  ( -0.1786236414445669385, 0.03031224262785433415, -0.1062992125984252023 ) ) ;
#318 = CIRCLE ( 'NONE', #742, 0.003937007874015741038 ) ;
#319 = EDGE_CURVE ( 'NONE', #103, #2581, #7400, .T. ) ;
#320 = LINE ( 'NONE', #7531, #5012 ) ;
#321 = CARTESIAN_POINT ( 'NONE',  ( 0.1102362204724409434, -0.04724409448818897572, -0.2047244094488188948 ) ) ;
#322 = ORIENTED_EDGE ( 'NONE', *, *, #5458, .F. ) ;
#323 = LINE ( 'NONE', #5443, #7954 ) ;
#324 = EDGE_CURVE ( 'NONE', #5134, #3388, #8013, .T. ) ;
#325 = ORIENTED_EDGE ( 'NONE', *, *, #6306, .T. ) ;
#326 = DIRECTION ( 'NONE',  ( 0.000000000000000000, -0.5817638113834819880, 0.8133577735317739643 ) ) ;
#327 = EDGE_CURVE ( 'NONE', #6974, #1237, #7360, .T. ) ;
#328 = ORIENTED_EDGE ( 'NONE', *, *, #2969, .F. ) ;
#329 = VECTOR ( 'NONE', #4460, 39.37007874015748854 ) ;
#330 = CARTESIAN_POINT ( 'NONE',  ( -0.1708174433990944929, 0.03627109397762991877, -0.1010498687663779482 ) ) ;
#331 = EDGE_LOOP ( 'NONE', ( #3826, #3608, #2059, #7329 ) ) ;
#332 = STYLED_ITEM ( 'NONE', ( #1485 ), #7124 ) ;
#333 = CARTESIAN_POINT ( 'NONE',  ( 0.09399606299212598381, -0.03602362204724409572, -0.09448818897637795144 ) ) ;
#334 = LINE ( 'NONE', #4846, #6959 ) ;
#335 = PRESENTATION_STYLE_ASSIGNMENT (( #4359 ) ) ;
#336 = ORIENTED_EDGE ( 'NONE', *, *, #3546, .F. ) ;
#337 = DIRECTION ( 'NONE',  ( 0.000000000000000000, 0.000000000000000000, -1.000000000000000000 ) ) ;
#338 = AXIS2_PLACEMENT_3D ( 'NONE', #7401, #7222, #5305 ) ;
#339 = DIRECTION ( 'NONE',  ( -1.000000000000000000, 0.000000000000000000, 0.000000000000000000 ) ) ;
#340 = DIRECTION ( 'NONE',  ( 0.000000000000000000, -4.623752361379999635E-14, -1.000000000000000000 ) ) ;
#341 = AXIS2_PLACEMENT_3D ( 'NONE', #4377, #4294, #7691 ) ;
#342 = EDGE_CURVE ( 'NONE', #2670, #5429, #805, .T. ) ;
#343 = ORIENTED_EDGE ( 'NONE', *, *, #1249, .F. ) ;
#344 = FILL_AREA_STYLE_COLOUR ( '', #7541 ) ;
#345 = CARTESIAN_POINT ( 'NONE',  ( -0.1505905511811023723, 0.07874015748031495954, 0.000000000000000000 ) ) ;
#346 = LINE ( 'NONE', #3109, #2284 ) ;
#347 = VERTEX_POINT ( 'NONE', #5257 ) ;
#348 = LINE ( 'NONE', #2982, #7194 ) ;
#349 = ADVANCED_FACE ( 'NONE', ( #18 ), #2019, .F. ) ;
#350 = CIRCLE ( 'NONE', #478, 0.003937007874015753181 ) ;
#351 = ADVANCED_FACE ( 'NONE', ( #2745 ), #672, .F. ) ;
#352 = APPLICATION_CONTEXT ( 'automotive_design' ) ;
#353 = DIRECTION ( 'NONE',  ( 0.000000000000000000, 1.000000000000000000, 0.000000000000000000 ) ) ;
#354 = VERTEX_POINT ( 'NONE', #4052 ) ;
#355 = DIRECTION ( 'NONE',  ( 1.000000000000000000, 0.000000000000000000, 0.000000000000000000 ) ) ;
#356 = ORIENTED_EDGE ( 'NONE', *, *, #7941, .T. ) ;
#357 = CARTESIAN_POINT ( 'NONE',  ( -0.06889763779527559306, -0.04724409448818897572, -0.09448818897637795144 ) ) ;
#358 = CYLINDRICAL_SURFACE ( 'NONE', #5608, 0.003937007874015741038 ) ;
#359 = ORIENTED_EDGE ( 'NONE', *, *, #3007, .F. ) ;
#360 = PLANE ( 'NONE',  #953 ) ;
#361 = LINE ( 'NONE', #1141, #5998 ) ;
#362 = CARTESIAN_POINT ( 'NONE',  ( 0.08267716535433070058, -0.02480314960629921572, -0.04330708661417323468 ) ) ;
#363 = ORIENTED_EDGE ( 'NONE', *, *, #4690, .F. ) ;
#364 = DIRECTION ( 'NONE',  ( 1.000000000000000000, 0.000000000000000000, 0.000000000000000000 ) ) ;
#365 = VERTEX_POINT ( 'NONE', #234 ) ;
#366 = CARTESIAN_POINT ( 'NONE',  ( 0.01073431161089763788, 0.1574803149606299191, -0.03937007874015747977 ) ) ;
#367 = VERTEX_POINT ( 'NONE', #3599 ) ;
#368 = PLANE ( 'NONE',  #1166 ) ;
#369 = VERTEX_POINT ( 'NONE', #4910 ) ;
#370 = DIRECTION ( 'NONE',  ( 0.000000000000000000, 2.368475785867000094E-14, -1.000000000000000000 ) ) ;
#371 = EDGE_CURVE ( 'NONE', #2575, #31, #2183, .T. ) ;
#372 = CIRCLE ( 'NONE', #5209, 0.003937007874015749712 ) ;
#373 = EDGE_CURVE ( 'NONE', #7088, #2324, #4798, .T. ) ;
#374 = FACE_OUTER_BOUND ( 'NONE', #7426, .T. ) ;
#375 = LINE ( 'NONE', #1852, #3762 ) ;
#376 = FILL_AREA_STYLE_COLOUR ( '', #2447 ) ;
#377 = ORIENTED_EDGE ( 'NONE', *, *, #2553, .T. ) ;
#378 = CARTESIAN_POINT ( 'NONE',  ( -0.1200787401574803237, 0.07874015748031495954, -0.1318897637795275746 ) ) ;
#379 = AXIS2_PLACEMENT_3D ( 'NONE', #2075, #5448, #7455 ) ;
#380 = EDGE_CURVE ( 'NONE', #1243, #8299, #8098, .T. ) ;
#381 = ADVANCED_FACE ( 'NONE', ( #7439 ), #6914, .T. ) ;
#382 = ADVANCED_FACE ( 'NONE', ( #7526 ), #5522, .T. ) ;
#383 = DIRECTION ( 'NONE',  ( 0.000000000000000000, 1.000000000000000000, 0.000000000000000000 ) ) ;
#384 = EDGE_CURVE ( 'NONE', #6289, #7234, #4946, .T. ) ;
#385 = AXIS2_PLACEMENT_3D ( 'NONE', #1349, #7812, #6600 ) ;
#386 = CARTESIAN_POINT ( 'NONE',  ( 0.01181102362202755829, -0.02644984013992125738, -2.302574283772440788E-05 ) ) ;
#387 = ORIENTED_EDGE ( 'NONE', *, *, #4767, .T. ) ;
#388 = LINE ( 'NONE', #7634, #5313 ) ;
#389 = LINE ( 'NONE', #6243, #7171 ) ;
#390 = LINE ( 'NONE', #2980, #2562 ) ;
#391 = ORIENTED_EDGE ( 'NONE', *, *, #6994, .T. ) ;
#392 = DIRECTION ( 'NONE',  ( -0.9999342502356420859, -0.01146713589718048078, 8.326672684702348484E-14 ) ) ;
#393 = EDGE_CURVE ( 'NONE', #7092, #7771, #3815, .T. ) ;
#394 = AXIS2_PLACEMENT_3D ( 'NONE', #6056, #7224, #22 ) ;
#395 = VECTOR ( 'NONE', #7738, 39.37007874015748143 ) ;
#396 = EDGE_LOOP ( 'NONE', ( #4306, #1782, #7099, #6626 ) ) ;
#397 = DIRECTION ( 'NONE',  ( 1.000000000000000000, 0.000000000000000000, 0.000000000000000000 ) ) ;
#398 = DIRECTION ( 'NONE',  ( 1.000000000000000000, 0.000000000000000000, 0.000000000000000000 ) ) ;
#399 = CARTESIAN_POINT ( 'NONE',  ( -0.1702761082658661718, -0.01093332963860236401, 0.000000000000000000 ) ) ;
#400 = VERTEX_POINT ( 'NONE', #2226 ) ;
#401 = DIRECTION ( 'NONE',  ( 0.000000000000000000, -1.000000000000000000, 0.000000000000000000 ) ) ;
#402 = EDGE_CURVE ( 'NONE', #7699, #3698, #3562, .T. ) ;
#403 = AXIS2_PLACEMENT_3D ( 'NONE', #6811, #4806, #7465 ) ;
#404 = CARTESIAN_POINT ( 'NONE',  ( 0.08267716535433070058, -0.03602362204724409572, -0.08513779527559055260 ) ) ;
#405 = CARTESIAN_POINT ( 'NONE',  ( 0.08661417322834646937, -0.02480314960629921572, -0.1351503312329527529 ) ) ;
#406 = VERTEX_POINT ( 'NONE', #6180 ) ;
#407 = ORIENTED_EDGE ( 'NONE', *, *, #3028, .T. ) ;
#408 = CARTESIAN_POINT ( 'NONE',  ( -0.02203308187411023508, 0.04527559055118110520, -0.009842519685039369942 ) ) ;
#409 = AXIS2_PLACEMENT_3D ( 'NONE', #2853, #6814, #2894 ) ;
#410 = VERTEX_POINT ( 'NONE', #3520 ) ;
#411 = DIRECTION ( 'NONE',  ( -1.000000000000000000, 0.000000000000000000, 0.000000000000000000 ) ) ;
#412 = EDGE_LOOP ( 'NONE', ( #2046, #6796, #3147, #3052 ) ) ;
#413 = CARTESIAN_POINT ( 'NONE',  ( 0.08661417322834646937, -0.05511811023622047168, -0.1636970161619684949 ) ) ;
#414 = VERTEX_POINT ( 'NONE', #275 ) ;
#415 = CARTESIAN_POINT ( 'NONE',  ( 0.01181102362202755829, -0.04724409448818897572, -0.1696038517685826696 ) ) ;
#416 = CARTESIAN_POINT ( 'NONE',  ( -0.1739173228346456990, 0.04299212598425197068, -0.1023622047244094474 ) ) ;
#417 = DIRECTION ( 'NONE',  ( -8.523096758276999930E-14, -1.000000000000000000, 0.000000000000000000 ) ) ;
#418 = EDGE_LOOP ( 'NONE', ( #6147, #4518, #6434, #2374 ) ) ;
#419 = VERTEX_POINT ( 'NONE', #7567 ) ;
#420 = CYLINDRICAL_SURFACE ( 'NONE', #6194, 0.003937007874015758385 ) ;
#421 = DIRECTION ( 'NONE',  ( -1.000000000000000000, 0.000000000000000000, 0.000000000000000000 ) ) ;
#422 = DIRECTION ( 'NONE',  ( -0.000000000000000000, 1.000000000000000000, 0.000000000000000000 ) ) ;
#423 = ORIENTED_EDGE ( 'NONE', *, *, #2930, .F. ) ;
#424 = ORIENTED_EDGE ( 'NONE', *, *, #2291, .F. ) ;
#425 =( NAMED_UNIT ( * ) SI_UNIT ( $, .STERADIAN. ) SOLID_ANGLE_UNIT ( ) );
#426 = AXIS2_PLACEMENT_3D ( 'NONE', #333, #1682, #8192 ) ;
#427 = LINE ( 'NONE', #1780, #1077 ) ;
#428 = ADVANCED_FACE ( 'NONE', ( #2909 ), #314, .T. ) ;
#429 = DIRECTION ( 'NONE',  ( 0.000000000000000000, 0.000000000000000000, 1.000000000000000000 ) ) ;
#430 = ORIENTED_EDGE ( 'NONE', *, *, #5751, .T. ) ;
#431 = CARTESIAN_POINT ( 'NONE',  ( 0.1308303128668889259, 0.07052925046272470744, -1.774976687694370439E-05 ) ) ;
#432 = AXIS2_PLACEMENT_3D ( 'NONE', #2035, #4070, #3458 ) ;
#433 = DIRECTION ( 'NONE',  ( 1.000000000000000000, 0.000000000000000000, 0.000000000000000000 ) ) ;
#434 = VERTEX_POINT ( 'NONE', #5563 ) ;
#435 = LINE ( 'NONE', #1830, #1851 ) ;
#436 = DIRECTION ( 'NONE',  ( -0.000000000000000000, 1.000000000000000000, 0.000000000000000000 ) ) ;
#437 = CARTESIAN_POINT ( 'NONE',  ( 0.06889763779527559306, -0.04724409448818897572, -0.07578740157480315376 ) ) ;
#438 = AXIS2_PLACEMENT_3D ( 'NONE', #5298, #5915, #3165 ) ;
#439 = EDGE_LOOP ( 'NONE', ( #3446, #7661, #2122, #6366 ) ) ;
#440 = CARTESIAN_POINT ( 'NONE',  ( -0.1427165354330708902, -0.05905511811023622659, -0.04330708661417323468 ) ) ;
#441 = EDGE_CURVE ( 'NONE', #4155, #2568, #2951, .T. ) ;
#442 = VECTOR ( 'NONE', #6973, 39.37007874015748143 ) ;
#443 = DIRECTION ( 'NONE',  ( 0.01146713589723048765, 0.9999342502356415308, 0.000000000000000000 ) ) ;
#444 = VECTOR ( 'NONE', #2566, 39.37007874015748143 ) ;
#445 = FACE_OUTER_BOUND ( 'NONE', #706, .T. ) ;
#446 = ORIENTED_EDGE ( 'NONE', *, *, #6013, .F. ) ;
#447 = EDGE_CURVE ( 'NONE', #5287, #7143, #2307, .T. ) ;
#448 = ORIENTED_EDGE ( 'NONE', *, *, #7774, .T. ) ;
#449 = CARTESIAN_POINT ( 'NONE',  ( -0.1785333490359448938, 0.02243874459449999789, -0.1062992125984252023 ) ) ;
#450 = ORIENTED_EDGE ( 'NONE', *, *, #7803, .T. ) ;
#451 = DIRECTION ( 'NONE',  ( 0.000000000000000000, 0.000000000000000000, 1.000000000000000000 ) ) ;
#452 = VERTEX_POINT ( 'NONE', #6789 ) ;
#453 = CARTESIAN_POINT ( 'NONE',  ( 0.01181102362202755829, -0.05905511811023622659, 0.02532139787885039420 ) ) ;
#454 = VERTEX_POINT ( 'NONE', #844 ) ;
#455 = DIRECTION ( 'NONE',  ( 0.000000000000000000, 0.000000000000000000, -1.000000000000000000 ) ) ;
#456 = VECTOR ( 'NONE', #6923, 39.37007874015748143 ) ;
#457 = FACE_OUTER_BOUND ( 'NONE', #3361, .T. ) ;
#458 = AXIS2_PLACEMENT_3D ( 'NONE', #4783, #4824, #4174 ) ;
#459 = CARTESIAN_POINT ( 'NONE',  ( 0.1427165354330708902, -0.05905511811023622659, -0.09448818897637795144 ) ) ;
#460 = EDGE_LOOP ( 'NONE', ( #6264, #1618, #2829, #1368 ) ) ;
#461 = ORIENTED_EDGE ( 'NONE', *, *, #8333, .F. ) ;
#462 = FACE_OUTER_BOUND ( 'NONE', #7493, .T. ) ;
#463 = LINE ( 'NONE', #5182, #1548 ) ;
#464 = FACE_OUTER_BOUND ( 'NONE', #5762, .T. ) ;
#465 = LINE ( 'NONE', #3104, #937 ) ;
#466 = VECTOR ( 'NONE', #6031, 39.37007874015748143 ) ;
#467 = EDGE_LOOP ( 'NONE', ( #3812, #2178, #3962, #3309 ) ) ;
#468 = ORIENTED_EDGE ( 'NONE', *, *, #223, .T. ) ;
#469 = CARTESIAN_POINT ( 'NONE',  ( -0.1053149606299212532, -0.04724409448818897572, -0.06200787401574803237 ) ) ;
#470 = LINE ( 'NONE', #8414, #6864 ) ;
#471 = ORIENTED_EDGE ( 'NONE', *, *, #700, .F. ) ;
#472 = CARTESIAN_POINT ( 'NONE',  ( 0.1102362204724409434, -0.02480314960629921572, -0.003225287050151574592 ) ) ;
#473 = VECTOR ( 'NONE', #2050, 39.37007874015748143 ) ;
#474 = DIRECTION ( 'NONE',  ( 0.000000000000000000, 1.517883041479706208E-13, -1.000000000000000000 ) ) ;
#475 = ORIENTED_EDGE ( 'NONE', *, *, #4016, .F. ) ;
#476 = DIRECTION ( 'NONE',  ( 0.000000000000000000, 1.000000000000000000, 0.000000000000000000 ) ) ;
#477 = DIRECTION ( 'NONE',  ( 0.9999342502356406426, -0.01146713589730045772, 0.000000000000000000 ) ) ;
#478 = AXIS2_PLACEMENT_3D ( 'NONE', #8249, #7070, #5597 ) ;
#479 = FACE_OUTER_BOUND ( 'NONE', #6043, .T. ) ;
#480 = ORIENTED_EDGE ( 'NONE', *, *, #4721, .F. ) ;
#481 = CARTESIAN_POINT ( 'NONE',  ( 0.1781496062992126150, 0.02362204724409055004, -0.1023622047244094474 ) ) ;
#482 = EDGE_CURVE ( 'NONE', #4698, #7128, #8137, .T. ) ;
#483 = DIRECTION ( 'NONE',  ( 1.000000000000000000, 0.000000000000000000, 0.000000000000000000 ) ) ;
#484 = ADVANCED_FACE ( 'NONE', ( #1008 ), #3639, .T. ) ;
#485 = PLANE ( 'NONE',  #6954 ) ;
#486 = ORIENTED_EDGE ( 'NONE', *, *, #1220, .F. ) ;
#487 = CARTESIAN_POINT ( 'NONE',  ( 0.08661417322834646937, -0.01299212598425196832, 0.002680158189764960449 ) ) ;
#488 = ORIENTED_EDGE ( 'NONE', *, *, #3072, .F. ) ;
#489 = DIRECTION ( 'NONE',  ( 0.000000000000000000, -0.8133743720616745110, -0.5817406044563817602 ) ) ;
#490 = ORIENTED_EDGE ( 'NONE', *, *, #3832, .T. ) ;
#491 = DIRECTION ( 'NONE',  ( 0.000000000000000000, 1.000000000000000000, 0.000000000000000000 ) ) ;
#492 = VERTEX_POINT ( 'NONE', #2830 ) ;
#493 = DIRECTION ( 'NONE',  ( 0.000000000000000000, 0.000000000000000000, -1.000000000000000000 ) ) ;
#494 = EDGE_CURVE ( 'NONE', #2717, #8527, #5478, .T. ) ;
#495 = EDGE_CURVE ( 'NONE', #301, #2629, #1541, .T. ) ;
#496 = DIRECTION ( 'NONE',  ( 0.000000000000000000, -0.8133577735317738533, -0.5817638113834818769 ) ) ;
#497 = ORIENTED_EDGE ( 'NONE', *, *, #5729, .T. ) ;
#498 = DIRECTION ( 'NONE',  ( 0.000000000000000000, -0.5817638114056934429, 0.8133577735158868949 ) ) ;
#499 = ORIENTED_EDGE ( 'NONE', *, *, #4499, .F. ) ;
#500 = ORIENTED_EDGE ( 'NONE', *, *, #3281, .F. ) ;
#501 = LINE ( 'NONE', #3277, #7022 ) ;
#502 = EDGE_CURVE ( 'NONE', #2732, #7784, #7856, .T. ) ;
#503 = VECTOR ( 'NONE', #7102, 39.37007874015748143 ) ;
#504 = EDGE_CURVE ( 'NONE', #852, #2575, #3158, .T. ) ;
#505 = PLANE ( 'NONE',  #5557 ) ;
#506 = DIRECTION ( 'NONE',  ( 0.2676438637873015391, 0.9635179096296053736, 0.000000000000000000 ) ) ;
#507 = DIRECTION ( 'NONE',  ( 1.000000000000000000, 0.000000000000000000, 0.000000000000000000 ) ) ;
#508 = CIRCLE ( 'NONE', #6066, 0.003937007874015747977 ) ;
#509 = CARTESIAN_POINT ( 'NONE',  ( 0.08661417322834646937, -0.02480314960629921572, -0.1377952755905511861 ) ) ;
#510 = ORIENTED_EDGE ( 'NONE', *, *, #3119, .F. ) ;
#511 = LINE ( 'NONE', #4493, #4075 ) ;
#512 = CARTESIAN_POINT ( 'NONE',  ( -0.02460629921259842659, 0.01968503937007873988, -0.009842519685039369942 ) ) ;
#513 = CARTESIAN_POINT ( 'NONE',  ( -0.08661417322838584065, -0.05905511811023622659, 0.06692913385826770867 ) ) ;
#514 = CARTESIAN_POINT ( 'NONE',  ( -0.1708174433990944929, 0.03627109397757480314, -0.03674540682413779402 ) ) ;
#515 = PRESENTATION_LAYER_ASSIGNMENT (  '', '', ( #7316 ) ) ;
#516 = CARTESIAN_POINT ( 'NONE',  ( 0.1651356080489763956, 0.07874015748031495954, -0.1033464566929133965 ) ) ;
#517 = EDGE_CURVE ( 'NONE', #4781, #3341, #5813, .T. ) ;
#518 = EDGE_LOOP ( 'NONE', ( #7118, #3354, #5121, #2537 ) ) ;
#519 = LINE ( 'NONE', #8463, #6715 ) ;
#520 = DIRECTION ( 'NONE',  ( 0.000000000000000000, 0.000000000000000000, -1.000000000000000000 ) ) ;
#521 = AXIS2_PLACEMENT_3D ( 'NONE', #8396, #5086, #6447 ) ;
#522 = DIRECTION ( 'NONE',  ( 0.000000000000000000, 1.000000000000000000, 0.000000000000000000 ) ) ;
#523 = DIRECTION ( 'NONE',  ( 0.000000000000000000, 1.000000000000000000, 0.000000000000000000 ) ) ;
#524 = ORIENTED_EDGE ( 'NONE', *, *, #1996, .T. ) ;
#525 = DIRECTION ( 'NONE',  ( 0.000000000000000000, 4.981908982570890855E-13, 1.000000000000000000 ) ) ;
#526 = VECTOR ( 'NONE', #7828, 39.37007874015748143 ) ;
#527 = DIRECTION ( 'NONE',  ( 1.000000000000000000, 0.000000000000000000, 0.000000000000000000 ) ) ;
#528 = CYLINDRICAL_SURFACE ( 'NONE', #8484, 0.01968503937007873988 ) ;
#529 = ORIENTED_EDGE ( 'NONE', *, *, #1270, .F. ) ;
#530 = ORIENTED_EDGE ( 'NONE', *, *, #3453, .F. ) ;
#531 = CARTESIAN_POINT ( 'NONE',  ( -0.01559337880851946294, 0.02808097581757336425, -0.01138796946295759539 ) ) ;
#532 = VERTEX_POINT ( 'NONE', #5112 ) ;
#533 = CARTESIAN_POINT ( 'NONE',  ( -0.1318897637795275746, -0.05314960629921260116, -0.1161417322834645688 ) ) ;
#534 = ORIENTED_EDGE ( 'NONE', *, *, #6672, .F. ) ;
#535 = DIRECTION ( 'NONE',  ( 2.544972779525000016E-14, -1.000000000000000000, 0.000000000000000000 ) ) ;
#536 = VERTEX_POINT ( 'NONE', #4376 ) ;
#537 = CARTESIAN_POINT ( 'NONE',  ( -0.01181102362206299175, -0.01463872515203149677, 0.005882354148551180266 ) ) ;
#538 = VECTOR ( 'NONE', #170, 39.37007874015748854 ) ;
#539 = EDGE_CURVE ( 'NONE', #4660, #6451, #3412, .T. ) ;
#540 = ADVANCED_FACE ( 'NONE', ( #1049 ), #6515, .T. ) ;
#541 = CARTESIAN_POINT ( 'NONE',  ( 0.08661417322834646937, -0.01299212598425196832, -0.1377952755905511861 ) ) ;
#542 = ORIENTED_EDGE ( 'NONE', *, *, #4262, .T. ) ;
#543 = AXIS2_PLACEMENT_3D ( 'NONE', #1732, #2414, #3057 ) ;
#544 = DIRECTION ( 'NONE',  ( -0.5216406840662999311, 3.132139609402568856E-14, -0.8531652810134989773 ) ) ;
#545 = EDGE_LOOP ( 'NONE', ( #3613, #5904, #2341, #3696, #5436, #4492, #2298, #3994, #1186, #2836, #4346, #461, #7957 ) ) ;
#546 = ORIENTED_EDGE ( 'NONE', *, *, #2287, .F. ) ;
#547 = DIRECTION ( 'NONE',  ( 0.000000000000000000, 0.000000000000000000, 1.000000000000000000 ) ) ;
#548 = PLANE ( 'NONE',  #2232 ) ;
#549 = DIRECTION ( 'NONE',  ( 1.000000000000000000, -3.606137944650999964E-14, 0.000000000000000000 ) ) ;
#550 = DIRECTION ( 'NONE',  ( 0.000000000000000000, 0.000000000000000000, 1.000000000000000000 ) ) ;
#551 = CARTESIAN_POINT ( 'NONE',  ( 0.1781496062992126150, 0.02362204724409055004, -0.1377952755905511861 ) ) ;
#552 = ORIENTED_EDGE ( 'NONE', *, *, #894, .F. ) ;
#553 = EDGE_CURVE ( 'NONE', #2607, #6007, #3114, .T. ) ;
#554 = CARTESIAN_POINT ( 'NONE',  ( 0.1505905511811023723, 0.07480314960629921850, -0.01722440944882283609 ) ) ;
#555 = LINE ( 'NONE', #695, #819 ) ;
#556 = LINE ( 'NONE', #5148, #5048 ) ;
#557 = CARTESIAN_POINT ( 'NONE',  ( 0.1053149606299212532, -0.04724409448818897572, -0.07578740157480315376 ) ) ;
#558 = DIRECTION ( 'NONE',  ( 0.9999342502356409756, 0.01146713589727046088, 0.000000000000000000 ) ) ;
#559 = ORIENTED_EDGE ( 'NONE', *, *, #4286, .T. ) ;
#560 = FACE_OUTER_BOUND ( 'NONE', #99, .T. ) ;
#561 = CARTESIAN_POINT ( 'NONE',  ( 0.08661417322834646937, -0.02480314960629921572, 0.000000000000000000 ) ) ;
#562 = DIRECTION ( 'NONE',  ( 7.672272934400999250E-14, 1.000000000000000000, 0.000000000000000000 ) ) ;
#563 = CARTESIAN_POINT ( 'NONE',  ( -0.08661417322838584065, -0.04724409448818897572, 0.06692913385826770867 ) ) ;
#564 = ORIENTED_EDGE ( 'NONE', *, *, #7862, .F. ) ;
#565 = LINE ( 'NONE', #5997, #5380 ) ;
#566 = AXIS2_PLACEMENT_3D ( 'NONE', #2764, #4761, #4110 ) ;
#567 = AXIS2_PLACEMENT_3D ( 'NONE', #3177, #3742, #1809 ) ;
#568 = DIRECTION ( 'NONE',  ( 1.000000000000000000, 0.000000000000000000, -4.167962271615999918E-14 ) ) ;
#569 = DIRECTION ( 'NONE',  ( 0.000000000000000000, 9.637352644315594750E-16, -1.000000000000000000 ) ) ;
#570 = VECTOR ( 'NONE', #8472, 39.37007874015748143 ) ;
#571 = EDGE_LOOP ( 'NONE', ( #3692, #4945, #7284, #3824, #6529, #7014, #2322, #2841, #6674, #8410, #7085, #3968, #8375 ) ) ;
#572 = ORIENTED_EDGE ( 'NONE', *, *, #85, .T. ) ;
#573 = DIRECTION ( 'NONE',  ( 0.000000000000000000, 0.000000000000000000, 1.000000000000000000 ) ) ;
#574 = ORIENTED_EDGE ( 'NONE', *, *, #2969, .T. ) ;
#575 = ADVANCED_FACE ( 'NONE', ( #5773, #8381, #3076, #7773, #1092, #2513, #5157, #5069, #3859, #2472, #7824, #3682, #8300 ), #1219, .F. ) ;
#576 = CARTESIAN_POINT ( 'NONE',  ( 0.08661417322834646937, -0.04724409448818897572, 0.06692913385826770867 ) ) ;
#577 = ORIENTED_EDGE ( 'NONE', *, *, #5624, .F. ) ;
#578 = LINE ( 'NONE', #6008, #6577 ) ;
#579 = ORIENTED_EDGE ( 'NONE', *, *, #4221, .F. ) ;
#580 = LINE ( 'NONE', #7750, #6209 ) ;
#581 = EDGE_CURVE ( 'NONE', #144, #979, #5649, .T. ) ;
#582 = CIRCLE ( 'NONE', #1285, 0.003937007874015741038 ) ;
#583 = LINE ( 'NONE', #112, #2799 ) ;
#584 = VERTEX_POINT ( 'NONE', #1133 ) ;
#585 = ADVANCED_FACE ( 'NONE', ( #1178 ), #1791, .T. ) ;
#586 = EDGE_CURVE ( 'NONE', #4838, #2821, #2428, .T. ) ;
#587 = ORIENTED_EDGE ( 'NONE', *, *, #5236, .T. ) ;
#588 = CARTESIAN_POINT ( 'NONE',  ( -0.1751968503937007815, 0.07480314960629921850, -0.1023622047244094474 ) ) ;
#589 = EDGE_CURVE ( 'NONE', #1237, #1040, #7162, .T. ) ;
#590 = ORIENTED_EDGE ( 'NONE', *, *, #8083, .F. ) ;
#591 = ORIENTED_EDGE ( 'NONE', *, *, #1894, .T. ) ;
#592 = VECTOR ( 'NONE', #3273, 39.37007874015748143 ) ;
#593 = VECTOR ( 'NONE', #7593, 39.37007874015748143 ) ;
#594 = CARTESIAN_POINT ( 'NONE',  ( -0.01710134031074409672, 0.07086614173228346358, -0.01265329940325984198 ) ) ;
#595 = VECTOR ( 'NONE', #1459, 39.37007874015748143 ) ;
#596 = CARTESIAN_POINT ( 'NONE',  ( -0.1053149606299212532, -0.04724409448818897572, -0.04330708661417323468 ) ) ;
#597 = DIRECTION ( 'NONE',  ( 0.000000000000000000, 0.5817638113855148063, 0.8133577735303199052 ) ) ;
#598 = CARTESIAN_POINT ( 'NONE',  ( -0.1549212598425196985, -0.04724409448818897572, -0.1279527559055118058 ) ) ;
#599 = DIRECTION ( 'NONE',  ( 0.000000000000000000, 0.000000000000000000, -1.000000000000000000 ) ) ;
#600 = ORIENTED_EDGE ( 'NONE', *, *, #3141, .F. ) ;
#601 = DIRECTION ( 'NONE',  ( 1.000000000000000000, -5.590299465172999957E-14, 0.000000000000000000 ) ) ;
#602 = DIRECTION ( 'NONE',  ( -1.000000000000000000, 0.000000000000000000, 0.000000000000000000 ) ) ;
#603 = CARTESIAN_POINT ( 'NONE',  ( 0.08661417322834646937, -0.02480314960629921572, -0.09448818897637795144 ) ) ;
#604 = VECTOR ( 'NONE', #7109, 39.37007874015748143 ) ;
#605 = LINE ( 'NONE', #7249, #1653 ) ;
#606 = EDGE_CURVE ( 'NONE', #772, #6189, #4503, .T. ) ;
#607 = DIRECTION ( 'NONE',  ( -1.000000000000000000, 0.000000000000000000, 0.000000000000000000 ) ) ;
#608 = ADVANCED_FACE ( 'NONE', ( #1745 ), #3726, .F. ) ;
#609 = EDGE_CURVE ( 'NONE', #998, #1561, #3768, .T. ) ;
#610 = VECTOR ( 'NONE', #6640, 39.37007874015748143 ) ;
#611 = VERTEX_POINT ( 'NONE', #2647 ) ;
#612 = CARTESIAN_POINT ( 'NONE',  ( 0.09399606299212598381, -0.03602362204724409572, -0.04330708661417323468 ) ) ;
#613 = PLANE ( 'NONE',  #4415 ) ;
#614 = CARTESIAN_POINT ( 'NONE',  ( 0.1751968503937007815, 0.07480314960629921850, -0.1023622047244094474 ) ) ;
#615 = CARTESIAN_POINT ( 'NONE',  ( 0.08267716535433070058, -0.04724409448818897572, -0.04330708661417323468 ) ) ;
#616 = ORIENTED_EDGE ( 'NONE', *, *, #2913, .T. ) ;
#617 = LINE ( 'NONE', #8558, #2750 ) ;
#618 = EDGE_CURVE ( 'NONE', #5027, #6867, #4591, .T. ) ;
#619 = CARTESIAN_POINT ( 'NONE',  ( -0.1102362204724409434, -0.02480314960629921572, -0.1279527559055118058 ) ) ;
#620 = DIRECTION ( 'NONE',  ( -4.336808689942006376E-14, 0.000000000000000000, -1.000000000000000000 ) ) ;
#621 = VECTOR ( 'NONE', #6386, 39.37007874015748143 ) ;
#622 = ORIENTED_EDGE ( 'NONE', *, *, #4478, .T. ) ;
#623 = ORIENTED_EDGE ( 'NONE', *, *, #1363, .F. ) ;
#624 = LINE ( 'NONE', #1970, #2535 ) ;
#625 = EDGE_LOOP ( 'NONE', ( #5822, #8168, #2707, #769, #5230, #6706, #377, #5771, #6351, #3871, #4909, #4083 ) ) ;
#626 = DIRECTION ( 'NONE',  ( 0.000000000000000000, -1.000000000000000000, 0.000000000000000000 ) ) ;
#627 = ORIENTED_EDGE ( 'NONE', *, *, #4193, .F. ) ;
#628 = DIRECTION ( 'NONE',  ( 1.000000000000000000, 0.000000000000000000, 0.000000000000000000 ) ) ;
#629 = ORIENTED_EDGE ( 'NONE', *, *, #1668, .F. ) ;
#630 = LINE ( 'NONE', #5926, #4003 ) ;
#631 = CIRCLE ( 'NONE', #8529, 0.007874015748031499423 ) ;
#632 = ORIENTED_EDGE ( 'NONE', *, *, #1945, .T. ) ;
#633 = ORIENTED_EDGE ( 'NONE', *, *, #6874, .F. ) ;
#634 = CARTESIAN_POINT ( 'NONE',  ( -0.08661417322838584065, -0.01463872515203149677, 0.005882354148551180266 ) ) ;
#635 = AXIS2_PLACEMENT_3D ( 'NONE', #533, #451, #7046 ) ;
#636 = EDGE_LOOP ( 'NONE', ( #7992, #849, #7261, #7834 ) ) ;
#637 = ORIENTED_EDGE ( 'NONE', *, *, #8351, .F. ) ;
#638 = EDGE_CURVE ( 'NONE', #1326, #5477, #7866, .T. ) ;
#639 = ORIENTED_EDGE ( 'NONE', *, *, #4438, .T. ) ;
#640 = DIRECTION ( 'NONE',  ( 0.8828723891993647266, -0.4696129729781808870, 0.000000000000000000 ) ) ;
#641 = EDGE_CURVE ( 'NONE', #400, #681, #3344, .T. ) ;
#642 = CARTESIAN_POINT ( 'NONE',  ( 0.01181102362202755829, -0.04559749532039369946, 0.02802598234636220417 ) ) ;
#643 = LINE ( 'NONE', #8587, #7228 ) ;
#644 = CARTESIAN_POINT ( 'NONE',  ( 0.1708174433990551078, 0.03627109397766535570, -0.03674540682421653659 ) ) ;
#645 = CARTESIAN_POINT ( 'NONE',  ( 0.1427165354330708902, -0.05905511811023622659, -0.1161417322834645688 ) ) ;
#646 = EDGE_LOOP ( 'NONE', ( #4162, #1538, #6177, #5268, #8045, #6598, #2219, #3047, #6572, #5871, #6966, #7368, #1372, #8188, #2663, #3214, #3861, #7422, #5166, #6677, #5133, #7199, #4411, #1355, #701, #2256, #230, #143, #8352, #1431 ) ) ;
#647 = EDGE_CURVE ( 'NONE', #8022, #4435, #4852, .T. ) ;
#648 = DIRECTION ( 'NONE',  ( 1.000000000000000000, 0.000000000000000000, 0.000000000000000000 ) ) ;
#649 = LINE ( 'NONE', #4494, #3704 ) ;
#650 = VECTOR ( 'NONE', #6653, 39.37007874015748143 ) ;
#651 = DIRECTION ( 'NONE',  ( -1.000000000000000000, 0.000000000000000000, 0.000000000000000000 ) ) ;
#652 = EDGE_CURVE ( 'NONE', #5560, #7983, #8511, .T. ) ;
#653 = EDGE_CURVE ( 'NONE', #2510, #1190, #6608, .T. ) ;
#654 = DIRECTION ( 'NONE',  ( 0.000000000000000000, 1.000000000000000000, 0.000000000000000000 ) ) ;
#655 = ORIENTED_EDGE ( 'NONE', *, *, #4331, .T. ) ;
#656 = CARTESIAN_POINT ( 'NONE',  ( 0.1210629921259842590, 0.02677165354331102406, 0.000000000000000000 ) ) ;
#657 = EDGE_CURVE ( 'NONE', #1714, #419, #5860, .T. ) ;
#658 = CARTESIAN_POINT ( 'NONE',  ( 0.08661417322834646937, -0.02480314960629921572, -0.1351503312329527529 ) ) ;
#659 = DIRECTION ( 'NONE',  ( -1.000000000000000000, -5.590299465172999957E-14, 0.000000000000000000 ) ) ;
#660 = FACE_OUTER_BOUND ( 'NONE', #6424, .T. ) ;
#661 = EDGE_LOOP ( 'NONE', ( #8105, #6798, #4755, #4186 ) ) ;
#662 = CARTESIAN_POINT ( 'NONE',  ( -0.01181102362205905393, -0.04724409448818897572, -0.2047244094488188948 ) ) ;
#663 = VECTOR ( 'NONE', #2592, 39.37007874015748143 ) ;
#664 = EDGE_CURVE ( 'NONE', #8582, #3808, #4373, .T. ) ;
#665 = PRODUCT ( 'Same_Sky_SLW-913535-2A-SMT', 'Same_Sky_SLW-913535-2A-SMT', '', ( #1999 ) ) ;
#666 = DIRECTION ( 'NONE',  ( 0.000000000000000000, -1.000000000000000000, -7.058156142880631846E-13 ) ) ;
#667 = DIRECTION ( 'NONE',  ( 3.998537612126540353E-13, 0.000000000000000000, 1.000000000000000000 ) ) ;
#668 = ORIENTED_EDGE ( 'NONE', *, *, #5247, .T. ) ;
#669 = ORIENTED_EDGE ( 'NONE', *, *, #4106, .F. ) ;
#670 = CARTESIAN_POINT ( 'NONE',  ( 0.01998681779692913427, 0.07086614173228346358, -0.009842519685039369942 ) ) ;
#671 = ORIENTED_EDGE ( 'NONE', *, *, #3043, .F. ) ;
#672 = PLANE ( 'NONE',  #1197 ) ;
#673 = VERTEX_POINT ( 'NONE', #6696 ) ;
#674 = DIRECTION ( 'NONE',  ( 1.000000000000000000, 0.000000000000000000, 0.000000000000000000 ) ) ;
#675 = VERTEX_POINT ( 'NONE', #5198 ) ;
#676 = EDGE_CURVE ( 'NONE', #6132, #7092, #7210, .T. ) ;
#677 = DIRECTION ( 'NONE',  ( 0.000000000000000000, 0.000000000000000000, 1.000000000000000000 ) ) ;
#678 = AXIS2_PLACEMENT_3D ( 'NONE', #2066, #3402, #68 ) ;
#679 = EDGE_CURVE ( 'NONE', #4101, #2593, #8143, .T. ) ;
#680 = DIRECTION ( 'NONE',  ( 1.000000000000000000, 0.000000000000000000, 0.000000000000000000 ) ) ;
#681 = VERTEX_POINT ( 'NONE', #1917 ) ;
#682 = CARTESIAN_POINT ( 'NONE',  ( -0.1053149606299212532, -0.02480314960629921572, -0.06200787401574803237 ) ) ;
#683 = VECTOR ( 'NONE', #1748, 39.37007874015748143 ) ;
#684 = ORIENTED_EDGE ( 'NONE', *, *, #2172, .T. ) ;
#685 = ORIENTED_EDGE ( 'NONE', *, *, #4262, .F. ) ;
#686 = ORIENTED_EDGE ( 'NONE', *, *, #2024, .F. ) ;
#687 = LINE ( 'NONE', #5361, #6337 ) ;
#688 = VECTOR ( 'NONE', #4939, 39.37007874015748143 ) ;
#689 = LINE ( 'NONE', #642, #850 ) ;
#690 = CARTESIAN_POINT ( 'NONE',  ( 0.1210629921259842590, 0.02677165354331102406, -0.007874015748031495954 ) ) ;
#691 = LINE ( 'NONE', #4713, #4057 ) ;
#692 = CARTESIAN_POINT ( 'NONE',  ( 0.08661417322834646937, -0.05511811023622047168, 0.02532139787885039420 ) ) ;
#693 = ORIENTED_EDGE ( 'NONE', *, *, #5184, .F. ) ;
#694 = CARTESIAN_POINT ( 'NONE',  ( 0.1781496062992126150, 0.03188976377951967950, -0.1377952755905511861 ) ) ;
#695 = CARTESIAN_POINT ( 'NONE',  ( 0.01181102362202755829, -0.02480314960629921572, -0.009842519685031497767 ) ) ;
#696 = VECTOR ( 'NONE', #6077, 39.37007874015748143 ) ;
#697 = APPLICATION_PROTOCOL_DEFINITION ( 'draft international standard', 'automotive_design', 1998, #7780 ) ;
#698 = DIRECTION ( 'NONE',  ( 0.000000000000000000, -2.442490654174999814E-14, -1.000000000000000000 ) ) ;
#699 = FACE_OUTER_BOUND ( 'NONE', #331, .T. ) ;
#700 = EDGE_CURVE ( 'NONE', #2558, #6018, #7910, .T. ) ;
#701 = ORIENTED_EDGE ( 'NONE', *, *, #5097, .F. ) ;
#702 = PLANE ( 'NONE',  #883 ) ;
#703 = CARTESIAN_POINT ( 'NONE',  ( -0.06889763779527559306, -0.04724409448818897572, -0.07578740157480315376 ) ) ;
#704 = DIRECTION ( 'NONE',  ( 0.000000000000000000, 0.000000000000000000, 1.000000000000000000 ) ) ;
#705 = CARTESIAN_POINT ( 'NONE',  ( -0.04625984251968504046, -0.02480314960629921572, -0.06200787401574803237 ) ) ;
#706 = EDGE_LOOP ( 'NONE', ( #1457, #6922, #7023, #3002 ) ) ;
#707 = FACE_OUTER_BOUND ( 'NONE', #5862, .T. ) ;
#708 = DIRECTION ( 'NONE',  ( 1.000000000000000000, 0.000000000000000000, 0.000000000000000000 ) ) ;
#709 = ORIENTED_EDGE ( 'NONE', *, *, #6498, .F. ) ;
#710 = ORIENTED_EDGE ( 'NONE', *, *, #3200, .F. ) ;
#711 = CARTESIAN_POINT ( 'NONE',  ( 0.01181102362202755829, -0.04559749532039369946, -0.1664016558098031506 ) ) ;
#712 = VERTEX_POINT ( 'NONE', #2561 ) ;
#713 = DIRECTION ( 'NONE',  ( 0.000000000000000000, 1.000000000000000000, 0.000000000000000000 ) ) ;
#714 = ORIENTED_EDGE ( 'NONE', *, *, #2338, .T. ) ;
#715 = CARTESIAN_POINT ( 'NONE',  ( -0.1739173228346456990, 0.04299212598425197068, -0.03543307086614566614 ) ) ;
#716 = ORIENTED_EDGE ( 'NONE', *, *, #6060, .F. ) ;
#717 = LINE ( 'NONE', #3362, #3852 ) ;
#718 = AXIS2_PLACEMENT_3D ( 'NONE', #4760, #121, #5322 ) ;
#719 = UNCERTAINTY_MEASURE_WITH_UNIT (LENGTH_MEASURE( 1.000000000000000082E-05 ), #7587, 'distance_accuracy_value', 'NONE');
#720 = VECTOR ( 'NONE', #558, 39.37007874015748854 ) ;
#721 = SURFACE_STYLE_FILL_AREA ( #1288 ) ;
#722 = EDGE_CURVE ( 'NONE', #4613, #2568, #3902, .T. ) ;
#723 = VERTEX_POINT ( 'NONE', #1264 ) ;
#724 = CARTESIAN_POINT ( 'NONE',  ( 0.1696850393700787274, -0.02480314960629921572, -0.1377952755905511861 ) ) ;
#725 = ORIENTED_EDGE ( 'NONE', *, *, #3855, .F. ) ;
#726 = ORIENTED_EDGE ( 'NONE', *, *, #653, .F. ) ;
#727 = ORIENTED_EDGE ( 'NONE', *, *, #5726, .T. ) ;
#728 = CARTESIAN_POINT ( 'NONE',  ( 0.05757874015748031676, -0.03602362204724409572, -0.09448818897637795144 ) ) ;
#729 = EDGE_CURVE ( 'NONE', #3388, #7893, #3299, .T. ) ;
#730 = CIRCLE ( 'NONE', #4735, 0.007874015748027559866 ) ;
#731 = EDGE_CURVE ( 'NONE', #979, #369, #2206, .T. ) ;
#732 = LINE ( 'NONE', #4025, #4992 ) ;
#733 = CARTESIAN_POINT ( 'NONE',  ( -0.1751968503937007815, 0.07480314960629921850, -0.03543307086614566614 ) ) ;
#734 = VECTOR ( 'NONE', #5274, 39.37007874015748143 ) ;
#735 = VECTOR ( 'NONE', #3058, 39.37007874015748143 ) ;
#736 = PLANE ( 'NONE',  #4747 ) ;
#737 = DIRECTION ( 'NONE',  ( 0.000000000000000000, 0.000000000000000000, -1.000000000000000000 ) ) ;
#738 = VERTEX_POINT ( 'NONE', #8555 ) ;
#739 = DIRECTION ( 'NONE',  ( -0.9999342502356440843, -0.01146713589700049975, -4.440892098508194809E-14 ) ) ;
#740 = LINE ( 'NONE', #6032, #1365 ) ;
#741 = LINE ( 'NONE', #8457, #2892 ) ;
#742 = AXIS2_PLACEMENT_3D ( 'NONE', #4791, #7491, #7450 ) ;
#743 = PLANE ( 'NONE',  #4843 ) ;
#744 = CIRCLE ( 'NONE', #5589, 0.01181102362204724393 ) ;
#745 = ORIENTED_EDGE ( 'NONE', *, *, #8507, .T. ) ;
#746 = LINE ( 'NONE', #8043, #5449 ) ;
#747 = PRESENTATION_STYLE_ASSIGNMENT (( #6778 ) ) ;
#748 = ADVANCED_FACE ( 'NONE', ( #7960 ), #1358, .T. ) ;
#749 = CARTESIAN_POINT ( 'NONE',  ( -0.01181102362205511611, -0.02480314960629921572, -0.1279527559055118058 ) ) ;
#750 = ORIENTED_EDGE ( 'NONE', *, *, #4575, .F. ) ;
#751 = DIRECTION ( 'NONE',  ( -1.000000000000000000, 0.000000000000000000, 0.000000000000000000 ) ) ;
#752 = EDGE_CURVE ( 'NONE', #7893, #5258, #5337, .T. ) ;
#753 = DIRECTION ( 'NONE',  ( 0.7660444431190059911, -1.602563761204014917E-14, 0.6427876096865059452 ) ) ;
#754 = EDGE_LOOP ( 'NONE', ( #1231, #2399, #5253, #3181 ) ) ;
#755 = ORIENTED_EDGE ( 'NONE', *, *, #4465, .F. ) ;
#756 = DIRECTION ( 'NONE',  ( 0.000000000000000000, 0.000000000000000000, 1.000000000000000000 ) ) ;
#757 = ORIENTED_EDGE ( 'NONE', *, *, #4831, .T. ) ;
#758 = CARTESIAN_POINT ( 'NONE',  ( 0.1739173228346456990, 0.04299212598421259940, -0.03543307086614566614 ) ) ;
#759 = ORIENTED_EDGE ( 'NONE', *, *, #1866, .F. ) ;
#760 = VECTOR ( 'NONE', #3265, 39.37007874015748143 ) ;
#761 = LINE ( 'NONE', #1463, #6296 ) ;
#762 = ADVANCED_FACE ( 'NONE', ( #1404 ), #4041, .T. ) ;
#763 = VERTEX_POINT ( 'NONE', #3706 ) ;
#764 = DIRECTION ( 'NONE',  ( 0.000000000000000000, 0.8133577735317738533, 0.5817638113834818769 ) ) ;
#765 = EDGE_CURVE ( 'NONE', #198, #3779, #951, .T. ) ;
#766 = EDGE_CURVE ( 'NONE', #8336, #8213, #1686, .T. ) ;
#767 = CIRCLE ( 'NONE', #3101, 0.003937007874015749712 ) ;
#768 = FILL_AREA_STYLE_COLOUR ( '', #1269 ) ;
#769 = ORIENTED_EDGE ( 'NONE', *, *, #8092, .F. ) ;
#770 = LINE ( 'NONE', #724, #3222 ) ;
#771 = ORIENTED_EDGE ( 'NONE', *, *, #2376, .F. ) ;
#772 = VERTEX_POINT ( 'NONE', #3540 ) ;
#773 = EDGE_LOOP ( 'NONE', ( #64, #5619, #6868, #6227 ) ) ;
#774 = EDGE_CURVE ( 'NONE', #8250, #2683, #5053, .T. ) ;
#775 = CARTESIAN_POINT ( 'NONE',  ( -0.08661417322838584065, -0.04724409448818897572, -0.1696038517685826696 ) ) ;
#776 = AXIS2_PLACEMENT_3D ( 'NONE', #1953, #2640, #5282 ) ;
#777 = EDGE_CURVE ( 'NONE', #4704, #5001, #5587, .T. ) ;
#778 = EDGE_CURVE ( 'NONE', #7369, #6312, #8322, .T. ) ;
#779 = DIRECTION ( 'NONE',  ( 0.000000000000000000, 0.000000000000000000, -1.000000000000000000 ) ) ;
#780 = CARTESIAN_POINT ( 'NONE',  ( -0.1053149606299212532, -0.02480314960629921572, -0.07578740157480315376 ) ) ;
#781 = DIRECTION ( 'NONE',  ( -0.9999342502356441953, -0.01146713589700050148, 4.893508214004531335E-15 ) ) ;
#782 = DIRECTION ( 'NONE',  ( 0.000000000000000000, 1.000000000000000000, 0.000000000000000000 ) ) ;
#783 = ORIENTED_EDGE ( 'NONE', *, *, #6140, .T. ) ;
#784 = LINE ( 'NONE', #8037, #2884 ) ;
#785 = EDGE_CURVE ( 'NONE', #7699, #4399, #7546, .T. ) ;
#786 = ADVANCED_FACE ( 'NONE', ( #2286 ), #3054, .T. ) ;
#787 = CARTESIAN_POINT ( 'NONE',  ( 0.08661417322834646937, -0.01299212598425590615, 0.000000000000000000 ) ) ;
#788 = EDGE_CURVE ( 'NONE', #7891, #3160, #4805, .T. ) ;
#789 = VECTOR ( 'NONE', #4147, 39.37007874015748143 ) ;
#790 = CARTESIAN_POINT ( 'NONE',  ( 0.1102362204724409434, -0.01463872515203149677, 0.005882354148551180266 ) ) ;
#791 = VECTOR ( 'NONE', #7078, 39.37007874015748143 ) ;
#792 = ORIENTED_EDGE ( 'NONE', *, *, #8507, .F. ) ;
#793 = CARTESIAN_POINT ( 'NONE',  ( -0.1210629921259842590, -0.05905511811023622659, -0.09448818897637795144 ) ) ;
#794 = DIRECTION ( 'NONE',  ( -1.000000000000000000, 0.000000000000000000, 0.000000000000000000 ) ) ;
#795 = VERTEX_POINT ( 'NONE', #7589 ) ;
#796 = LINE ( 'NONE', #3430, #3024 ) ;
#797 = VECTOR ( 'NONE', #4527, 39.37007874015748143 ) ;
#798 = EDGE_CURVE ( 'NONE', #532, #5486, #6367, .T. ) ;
#799 = LINE ( 'NONE', #4779, #7517 ) ;
#800 = ORIENTED_EDGE ( 'NONE', *, *, #5484, .F. ) ;
#801 = VERTEX_POINT ( 'NONE', #1074 ) ;
#802 = FACE_OUTER_BOUND ( 'NONE', #6883, .T. ) ;
#803 = AXIS2_PLACEMENT_3D ( 'NONE', #3799, #8542, #7808 ) ;
#804 = ORIENTED_EDGE ( 'NONE', *, *, #3180, .T. ) ;
#805 = LINE ( 'NONE', #2616, #7444 ) ;
#806 = CARTESIAN_POINT ( 'NONE',  ( -0.1706598510025984228, 0.02252903700313779387, -0.1062992125984252023 ) ) ;
#807 = EDGE_LOOP ( 'NONE', ( #5269, #32, #6003, #1418 ) ) ;
#808 = CARTESIAN_POINT ( 'NONE',  ( -0.1240157480314960647, 0.07086614173228346358, -0.1377952755905511861 ) ) ;
#809 = VECTOR ( 'NONE', #3537, 39.37007874015748143 ) ;
#810 = LINE ( 'NONE', #151, #1700 ) ;
#811 = ORIENTED_EDGE ( 'NONE', *, *, #7906, .T. ) ;
#812 = PLANE ( 'NONE',  #2255 ) ;
#813 = ADVANCED_FACE ( 'NONE', ( #1770 ), #420, .T. ) ;
#814 = ADVANCED_FACE ( 'NONE', ( #5545 ), #8197, .T. ) ;
#815 = EDGE_LOOP ( 'NONE', ( #6747, #2630, #3923, #6949, #1430, #3359, #6788, #2196, #4366, #4089 ) ) ;
#816 = VERTEX_POINT ( 'NONE', #6237 ) ;
#817 = ORIENTED_EDGE ( 'NONE', *, *, #6210, .T. ) ;
#818 = CARTESIAN_POINT ( 'NONE',  ( -0.07283464566929134798, 0.07086614173228346358, -0.1003937007874015908 ) ) ;
#819 = VECTOR ( 'NONE', #4449, 39.37007874015748143 ) ;
#820 = DIRECTION ( 'NONE',  ( -1.000000000000000000, 0.000000000000000000, 0.000000000000000000 ) ) ;
#821 = VECTOR ( 'NONE', #2310, 39.37007874015748143 ) ;
#822 = DIRECTION ( 'NONE',  ( 0.7453559924964067163, -4.457275597995960920E-14, -0.6666666666706057010 ) ) ;
#823 = DIRECTION ( 'NONE',  ( 0.000000000000000000, 0.000000000000000000, 1.000000000000000000 ) ) ;
#824 = DIRECTION ( 'NONE',  ( -0.4696143148325241379, -0.8828716754457461846, 0.000000000000000000 ) ) ;
#825 = VERTEX_POINT ( 'NONE', #2931 ) ;
#826 = CARTESIAN_POINT ( 'NONE',  ( 0.07086614173228346358, 0.07874015748031495954, -0.1023622047244094474 ) ) ;
#827 = LINE ( 'NONE', #6733, #3863 ) ;
#828 = AXIS2_PLACEMENT_3D ( 'NONE', #6853, #2851, #88 ) ;
#829 = LINE ( 'NONE', #3339, #4018 ) ;
#830 = CARTESIAN_POINT ( 'NONE',  ( 0.1549212598425196985, -0.02480314960629921572, -0.1279527559055118058 ) ) ;
#831 = EDGE_CURVE ( 'NONE', #611, #3940, #4927, .T. ) ;
#832 = VECTOR ( 'NONE', #7384, 39.37007874015748143 ) ;
#833 = ORIENTED_EDGE ( 'NONE', *, *, #3709, .T. ) ;
#834 = DIRECTION ( 'NONE',  ( 0.000000000000000000, 0.000000000000000000, 1.000000000000000000 ) ) ;
#835 =( NAMED_UNIT ( * ) SI_UNIT ( $, .STERADIAN. ) SOLID_ANGLE_UNIT ( ) );
#836 = CARTESIAN_POINT ( 'NONE',  ( -0.1210629921259842590, -0.04724409448818897572, -0.09448818897637795144 ) ) ;
#837 = ORIENTED_EDGE ( 'NONE', *, *, #1390, .T. ) ;
#838 = CARTESIAN_POINT ( 'NONE',  ( -0.08661417322838584065, -0.02480314960629921572, -0.09448818897637795144 ) ) ;
#839 = FACE_OUTER_BOUND ( 'NONE', #3253, .T. ) ;
#840 = EDGE_LOOP ( 'NONE', ( #3736, #7327, #2192, #2615 ) ) ;
#841 = ORIENTED_EDGE ( 'NONE', *, *, #1567, .F. ) ;
#842 = CARTESIAN_POINT ( 'NONE',  ( -0.1102362204724409434, -0.04559749532043306380, -0.1664016558098031506 ) ) ;
#843 = ORIENTED_EDGE ( 'NONE', *, *, #402, .T. ) ;
#844 = CARTESIAN_POINT ( 'NONE',  ( -0.004577409918022453360, 0.05236220472440945156, -0.009504928712296191809 ) ) ;
#845 = PLANE ( 'NONE',  #8519 ) ;
#846 = VERTEX_POINT ( 'NONE', #4235 ) ;
#847 = DIRECTION ( 'NONE',  ( 0.000000000000000000, 0.000000000000000000, 1.000000000000000000 ) ) ;
#848 = DIRECTION ( 'NONE',  ( -1.000000000000000000, 0.000000000000000000, 0.000000000000000000 ) ) ;
#849 = ORIENTED_EDGE ( 'NONE', *, *, #7111, .T. ) ;
#850 = VECTOR ( 'NONE', #80, 39.37007874015748854 ) ;
#851 = DIRECTION ( 'NONE',  ( -1.000000000000000000, 0.000000000000000000, 0.000000000000000000 ) ) ;
#852 = VERTEX_POINT ( 'NONE', #2974 ) ;
#853 = DIRECTION ( 'NONE',  ( -1.000000000000000000, 0.000000000000000000, 0.000000000000000000 ) ) ;
#854 = ORIENTED_EDGE ( 'NONE', *, *, #1774, .T. ) ;
#855 = DIRECTION ( 'NONE',  ( 1.887379141863000253E-14, -3.969047313034999634E-14, 1.000000000000000000 ) ) ;
#856 = EDGE_CURVE ( 'NONE', #454, #5277, #1386, .T. ) ;
#857 = VECTOR ( 'NONE', #1476, 39.37007874015748143 ) ;
#858 = EDGE_CURVE ( 'NONE', #4091, #7692, #4317, .T. ) ;
#859 = ADVANCED_FACE ( 'NONE', ( #6975 ), #5673, .F. ) ;
#860 = DIRECTION ( 'NONE',  ( 0.000000000000000000, 0.8133743720617218065, -0.5817406044563160350 ) ) ;
#861 = EDGE_CURVE ( 'NONE', #902, #5347, #257, .T. ) ;
#862 = CARTESIAN_POINT ( 'NONE',  ( 0.1427165354330708902, -0.04724409448818897572, -0.04330708661417323468 ) ) ;
#863 = DIRECTION ( 'NONE',  ( 0.2676438637862958436, -0.9635179096298845947, 0.000000000000000000 ) ) ;
#864 = ORIENTED_EDGE ( 'NONE', *, *, #2555, .T. ) ;
#865 = VECTOR ( 'NONE', #1015, 39.37007874015748854 ) ;
#866 = DIRECTION ( 'NONE',  ( -0.9999342502356494133, -0.01146713589653055448, -6.827871601459346409E-14 ) ) ;
#867 = DIRECTION ( 'NONE',  ( -0.008547098457817665224, -0.7453069855346916572, 0.6666666666491908311 ) ) ;
#868 = LINE ( 'NONE', #6161, #4688 ) ;
#869 = EDGE_CURVE ( 'NONE', #5178, #5358, #3883, .T. ) ;
#870 = AXIS2_PLACEMENT_3D ( 'NONE', #5603, #507, #1205 ) ;
#871 = DIRECTION ( 'NONE',  ( -2.553512956638000145E-14, 1.000000000000000000, 0.000000000000000000 ) ) ;
#872 = VECTOR ( 'NONE', #2477, 39.37007874015748143 ) ;
#873 = DIRECTION ( 'NONE',  ( 0.000000000000000000, -1.000000000000000000, 0.000000000000000000 ) ) ;
#874 = VERTEX_POINT ( 'NONE', #1159 ) ;
#875 = LINE ( 'NONE', #2733, #7408 ) ;
#876 = CARTESIAN_POINT ( 'NONE',  ( -0.1781496062992126150, -0.01102362204724409434, -0.1377952755905511861 ) ) ;
#877 = DIRECTION ( 'NONE',  ( 0.9999999999999898970, -1.428337215900957605E-07, 0.000000000000000000 ) ) ;
#878 = AXIS2_PLACEMENT_3D ( 'NONE', #4693, #7876, #1369 ) ;
#879 = ORIENTED_EDGE ( 'NONE', *, *, #4718, .T. ) ;
#880 = DIRECTION ( 'NONE',  ( 0.9999342502356441953, -0.01146713589700050148, 8.503962530875792566E-16 ) ) ;
#881 = EDGE_CURVE ( 'NONE', #5955, #5317, #3545, .T. ) ;
#882 = ADVANCED_FACE ( 'NONE', ( #462 ), #6497, .F. ) ;
#883 = AXIS2_PLACEMENT_3D ( 'NONE', #7864, #4501, #51 ) ;
#884 = CARTESIAN_POINT ( 'NONE',  ( 0.1427165354330708902, -0.04724409448818897572, -0.04330708661417323468 ) ) ;
#885 = ORIENTED_EDGE ( 'NONE', *, *, #881, .F. ) ;
#886 = ORIENTED_EDGE ( 'NONE', *, *, #939, .T. ) ;
#887 = DIRECTION ( 'NONE',  ( 1.000000000000000000, 0.000000000000000000, 0.000000000000000000 ) ) ;
#888 = ORIENTED_EDGE ( 'NONE', *, *, #1808, .F. ) ;
#889 = DIRECTION ( 'NONE',  ( 0.000000000000000000, -2.368475785867000094E-14, 1.000000000000000000 ) ) ;
#890 = CARTESIAN_POINT ( 'NONE',  ( 0.1702769989558661490, 0.03040796100501574548, -0.03149606299212992511 ) ) ;
#891 = ORIENTED_EDGE ( 'NONE', *, *, #7445, .F. ) ;
#892 = PLANE ( 'NONE',  #4269 ) ;
#893 = ADVANCED_FACE ( 'NONE', ( #3747 ), #2631, .F. ) ;
#894 = EDGE_CURVE ( 'NONE', #2524, #3559, #501, .T. ) ;
#895 = CIRCLE ( 'NONE', #2958, 0.003937007874015749712 ) ;
#896 = DIRECTION ( 'NONE',  ( -1.321165399304999794E-13, 3.760880495919999798E-14, -1.000000000000000000 ) ) ;
#897 = VECTOR ( 'NONE', #2574, 39.37007874015748143 ) ;
#898 = ORIENTED_EDGE ( 'NONE', *, *, #3445, .T. ) ;
#899 = LINE ( 'NONE', #8145, #6413 ) ;
#900 = ORIENTED_EDGE ( 'NONE', *, *, #8438, .F. ) ;
#901 = VERTEX_POINT ( 'NONE', #1201 ) ;
#902 = VERTEX_POINT ( 'NONE', #6412 ) ;
#903 = CARTESIAN_POINT ( 'NONE',  ( 0.1306858127109055134, 0.06988188976377952832, 0.000000000000000000 ) ) ;
#904 = DIRECTION ( 'NONE',  ( 0.000000000000000000, 1.000000000000000000, 0.000000000000000000 ) ) ;
#905 = AXIS2_PLACEMENT_3D ( 'NONE', #1486, #4082, #2942 ) ;
#906 = CARTESIAN_POINT ( 'NONE',  ( -0.1102362204724409434, -0.05740842757661417800, 0.02211913657151574897 ) ) ;
#907 = CARTESIAN_POINT ( 'NONE',  ( 0.1505905511811023723, 0.07874015748031495954, 0.000000000000000000 ) ) ;
#908 = LENGTH_MEASURE_WITH_UNIT ( LENGTH_MEASURE( 0.02539999999999999897 ), #7627 );
#909 = ORIENTED_EDGE ( 'NONE', *, *, #5524, .F. ) ;
#910 = CARTESIAN_POINT ( 'NONE',  ( -0.1102362204724409434, -0.05905511811023622659, -0.2047244094488188948 ) ) ;
#911 = DIRECTION ( 'NONE',  ( 1.000000000000000000, 0.000000000000000000, 0.000000000000000000 ) ) ;
#912 = CARTESIAN_POINT ( 'NONE',  ( -0.009561532799708661462, 0.02808097581757086625, -0.006326649701649605766 ) ) ;
#913 = DIRECTION ( 'NONE',  ( 1.000000000000000000, 0.000000000000000000, 0.000000000000000000 ) ) ;
#914 = CARTESIAN_POINT ( 'NONE',  ( 0.09399606299212598381, -0.03602362204724409572, -0.06200787401574803237 ) ) ;
#915 = EDGE_CURVE ( 'NONE', #3821, #4022, #1944, .T. ) ;
#916 = VERTEX_POINT ( 'NONE', #594 ) ;
#917 = DIRECTION ( 'NONE',  ( -1.000000000000000000, 0.000000000000000000, 0.000000000000000000 ) ) ;
#918 = DIRECTION ( 'NONE',  ( 1.000000000000000000, 0.000000000000000000, 0.000000000000000000 ) ) ;
#919 = ADVANCED_FACE ( 'NONE', ( #3184 ), #5839, .T. ) ;
#920 = EDGE_CURVE ( 'NONE', #1885, #6454, #5180, .T. ) ;
#921 = CARTESIAN_POINT ( 'NONE',  ( 0.06889763779527559306, -0.02480314960629921572, -0.09448818897637795144 ) ) ;
#922 = VERTEX_POINT ( 'NONE', #5886 ) ;
#923 = DIRECTION ( 'NONE',  ( 0.000000000000000000, -1.000000000000000000, 0.000000000000000000 ) ) ;
#924 = VECTOR ( 'NONE', #8569, 39.37007874015748143 ) ;
#925 = EDGE_CURVE ( 'NONE', #5942, #4257, #4573, .T. ) ;
#926 = DIRECTION ( 'NONE',  ( 0.000000000000000000, 0.000000000000000000, -1.000000000000000000 ) ) ;
#927 = ORIENTED_EDGE ( 'NONE', *, *, #6169, .T. ) ;
#928 = ORIENTED_EDGE ( 'NONE', *, *, #7183, .T. ) ;
#929 = DIRECTION ( 'NONE',  ( 0.000000000000000000, 1.000000000000000000, 0.000000000000000000 ) ) ;
#930 = ORIENTED_EDGE ( 'NONE', *, *, #8516, .T. ) ;
#931 = DIRECTION ( 'NONE',  ( 0.9999342502356435292, 0.01146713589705049448, 0.000000000000000000 ) ) ;
#932 = PLANE ( 'NONE',  #3245 ) ;
#933 = VERTEX_POINT ( 'NONE', #8536 ) ;
#934 = DIRECTION ( 'NONE',  ( -1.000000000000000000, 0.000000000000000000, 1.851512046685999655E-13 ) ) ;
#935 = AXIS2_PLACEMENT_3D ( 'NONE', #5223, #7236, #5797 ) ;
#936 = FACE_OUTER_BOUND ( 'NONE', #8481, .T. ) ;
#937 = VECTOR ( 'NONE', #6769, 39.37007874015748143 ) ;
#938 = VERTEX_POINT ( 'NONE', #5135 ) ;
#939 = EDGE_CURVE ( 'NONE', #5327, #7369, #3139, .T. ) ;
#940 = DIRECTION ( 'NONE',  ( -1.000000000000000000, 0.000000000000000000, 0.000000000000000000 ) ) ;
#941 = EDGE_LOOP ( 'NONE', ( #7314, #225, #8134, #7579 ) ) ;
#942 = CARTESIAN_POINT ( 'NONE',  ( -0.1781496062992126150, 0.02362204724409055004, -0.03543307086614566614 ) ) ;
#943 = ORIENTED_EDGE ( 'NONE', *, *, #2004, .T. ) ;
#944 = CARTESIAN_POINT ( 'NONE',  ( -0.08267716535429132929, -0.03602362204724409572, -0.05265748031496062659 ) ) ;
#945 = AXIS2_PLACEMENT_3D ( 'NONE', #6641, #5848, #7855 ) ;
#946 = ADVANCED_FACE ( 'NONE', ( #7758 ), #7894, .T. ) ;
#947 = FACE_OUTER_BOUND ( 'NONE', #5118, .T. ) ;
#948 = LINE ( 'NONE', #2161, #6131 ) ;
#949 = CARTESIAN_POINT ( 'NONE',  ( 0.01181102362202755829, -0.05905511811023622659, 0.06692913385826770867 ) ) ;
#950 = ORIENTED_EDGE ( 'NONE', *, *, #2913, .F. ) ;
#951 = LINE ( 'NONE', #2244, #8141 ) ;
#952 = CARTESIAN_POINT ( 'NONE',  ( -0.1102362204724803146, -0.01463872515202362112, 0.005882354148547244178 ) ) ;
#953 = AXIS2_PLACEMENT_3D ( 'NONE', #8304, #5816, #7081 ) ;
#954 = LINE ( 'NONE', #6856, #7060 ) ;
#955 = CARTESIAN_POINT ( 'NONE',  ( 0.1791338582677165503, 0.07480314960633858978, -0.03543307086614566614 ) ) ;
#956 = ORIENTED_EDGE ( 'NONE', *, *, #2380, .F. ) ;
#957 = PRESENTATION_STYLE_ASSIGNMENT (( #2462 ) ) ;
#958 = DIRECTION ( 'NONE',  ( 0.000000000000000000, 0.000000000000000000, -1.000000000000000000 ) ) ;
#959 = CARTESIAN_POINT ( 'NONE',  ( 0.06978942972114172971, 0.1574803149606299191, -0.09842519685039370636 ) ) ;
#960 = ORIENTED_EDGE ( 'NONE', *, *, #2172, .F. ) ;
#961 = FACE_OUTER_BOUND ( 'NONE', #231, .T. ) ;
#962 = EDGE_CURVE ( 'NONE', #1325, #5134, #1299, .T. ) ;
#963 = VECTOR ( 'NONE', #8241, 39.37007874015748143 ) ;
#964 = EDGE_CURVE ( 'NONE', #611, #354, #7802, .T. ) ;
#965 = EDGE_CURVE ( 'NONE', #1642, #8109, #3933, .T. ) ;
#966 = DIRECTION ( 'NONE',  ( 1.000000000000000000, 0.000000000000000000, 0.000000000000000000 ) ) ;
#967 = EDGE_LOOP ( 'NONE', ( #7878, #5003, #486, #5300 ) ) ;
#968 = CARTESIAN_POINT ( 'NONE',  ( 0.01073431161089763788, 0.1574803149606299191, -0.06889763779527559306 ) ) ;
#969 = ORIENTED_EDGE ( 'NONE', *, *, #8223, .T. ) ;
#970 = CARTESIAN_POINT ( 'NONE',  ( 0.1505905511811023723, 0.07874015748031495954, -0.1377952755905511861 ) ) ;
#971 = LINE ( 'NONE', #5609, #4776 ) ;
#972 = ORIENTED_EDGE ( 'NONE', *, *, #2454, .F. ) ;
#973 = LINE ( 'NONE', #808, #821 ) ;
#974 = PLANE ( 'NONE',  #1001 ) ;
#975 = VERTEX_POINT ( 'NONE', #7191 ) ;
#976 = CARTESIAN_POINT ( 'NONE',  ( -0.1781496062992126150, 0.02362204724409055004, -0.1377952755905511861 ) ) ;
#977 = ORIENTED_EDGE ( 'NONE', *, *, #2461, .F. ) ;
#978 = ORIENTED_EDGE ( 'NONE', *, *, #1280, .T. ) ;
#979 = VERTEX_POINT ( 'NONE', #2540 ) ;
#980 = CARTESIAN_POINT ( 'NONE',  ( 0.1744047286509055328, 0.005752707477948818676, -0.1377952755905511861 ) ) ;
#981 = ORIENTED_EDGE ( 'NONE', *, *, #1723, .F. ) ;
#982 = EDGE_CURVE ( 'NONE', #4881, #5616, #1248, .T. ) ;
#983 = PLANE ( 'NONE',  #3193 ) ;
#984 = DIRECTION ( 'NONE',  ( 1.232347557333999995E-13, -1.068589661202000000E-14, -1.000000000000000000 ) ) ;
#985 =( CONVERSION_BASED_UNIT ( 'INCH', #6156 ) LENGTH_UNIT ( ) NAMED_UNIT ( #4810 ) );
#986 = ORIENTED_EDGE ( 'NONE', *, *, #3948, .T. ) ;
#987 = DIRECTION ( 'NONE',  ( 0.000000000000000000, 1.000000000000000000, 0.000000000000000000 ) ) ;
#988 = VECTOR ( 'NONE', #3246, 39.37007874015748143 ) ;
#989 = VECTOR ( 'NONE', #860, 39.37007874015747433 ) ;
#990 = EDGE_CURVE ( 'NONE', #7722, #6048, #372, .T. ) ;
#991 = DIRECTION ( 'NONE',  ( 1.000000000000000000, 0.000000000000000000, 0.000000000000000000 ) ) ;
#992 = DIRECTION ( 'NONE',  ( -0.7453559931127787808, 0.000000000000000000, 0.6666666659814808327 ) ) ;
#993 = AXIS2_PLACEMENT_3D ( 'NONE', #5959, #7172, #620 ) ;
#994 = ORIENTED_EDGE ( 'NONE', *, *, #4721, .T. ) ;
#995 = DIRECTION ( 'NONE',  ( -0.01146713589723048765, 0.9999342502356415308, 0.000000000000000000 ) ) ;
#996 = DIRECTION ( 'NONE',  ( -3.677871920603000143E-13, 0.000000000000000000, -1.000000000000000000 ) ) ;
#997 = CARTESIAN_POINT ( 'NONE',  ( 0.06889763779527559306, -0.04724409448818897572, -0.04330708661417323468 ) ) ;
#998 = VERTEX_POINT ( 'NONE', #2031 ) ;
#999 = LINE ( 'NONE', #3720, #3717 ) ;
#1000 = VECTOR ( 'NONE', #5037, 39.37007874015748143 ) ;
#1001 = AXIS2_PLACEMENT_3D ( 'NONE', #2150, #8184, #8104 ) ;
#1002 = DIRECTION ( 'NONE',  ( 0.000000000000000000, 1.000000000000000000, 0.000000000000000000 ) ) ;
#1003 = VECTOR ( 'NONE', #4669, 39.37007874015748143 ) ;
#1004 = ORIENTED_EDGE ( 'NONE', *, *, #990, .T. ) ;
#1005 = AXIS2_PLACEMENT_3D ( 'NONE', #5842, #5140, #2589 ) ;
#1006 = CARTESIAN_POINT ( 'NONE',  ( 0.01998681779691732427, 0.02677165354331102406, -0.01968503937007873988 ) ) ;
#1007 = ORIENTED_EDGE ( 'NONE', *, *, #3814, .T. ) ;
#1008 = FACE_OUTER_BOUND ( 'NONE', #4571, .T. ) ;
#1009 = DIRECTION ( 'NONE',  ( 0.9999342502356395324, 0.01146713589740045586, 9.946154921718466441E-15 ) ) ;
#1010 = EDGE_LOOP ( 'NONE', ( #468, #7397, #6442, #2330 ) ) ;
#1011 = CARTESIAN_POINT ( 'NONE',  ( 0.08661417322834646937, -0.02480314960629921572, -0.07578740157480315376 ) ) ;
#1012 = EDGE_LOOP ( 'NONE', ( #499, #7269, #7442, #5722 ) ) ;
#1013 = AXIS2_PLACEMENT_3D ( 'NONE', #3649, #4345, #7000 ) ;
#1014 = CARTESIAN_POINT ( 'NONE',  ( 0.1240157480314960647, 0.07874015748031495954, -0.1358267716535433156 ) ) ;
#1015 = DIRECTION ( 'NONE',  ( 0.000000000000000000, -0.8133577735317738533, -0.5817638113834818769 ) ) ;
#1016 = ADVANCED_FACE ( 'NONE', ( #3492 ), #78, .T. ) ;
#1017 = ORIENTED_EDGE ( 'NONE', *, *, #5414, .F. ) ;
#1018 = ORIENTED_EDGE ( 'NONE', *, *, #7279, .T. ) ;
#1019 = DIRECTION ( 'NONE',  ( 0.000000000000000000, 1.000000000000000000, 0.000000000000000000 ) ) ;
#1020 = ORIENTED_EDGE ( 'NONE', *, *, #2686, .F. ) ;
#1021 = CARTESIAN_POINT ( 'NONE',  ( -0.1781496062992126150, 0.02362204724409055004, -0.03543307086614566614 ) ) ;
#1022 = VERTEX_POINT ( 'NONE', #6801 ) ;
#1023 = DIRECTION ( 'NONE',  ( 0.000000000000000000, 0.000000000000000000, 1.000000000000000000 ) ) ;
#1024 = ORIENTED_EDGE ( 'NONE', *, *, #3884, .F. ) ;
#1025 = EDGE_CURVE ( 'NONE', #5795, #419, #4149, .T. ) ;
#1026 = EDGE_CURVE ( 'NONE', #1986, #6992, #6103, .T. ) ;
#1027 = ADVANCED_FACE ( 'NONE', ( #6631 ), #3371, .F. ) ;
#1028 = AXIS2_PLACEMENT_3D ( 'NONE', #3022, #5678, #1651 ) ;
#1029 = FACE_OUTER_BOUND ( 'NONE', #7826, .T. ) ;
#1030 = CARTESIAN_POINT ( 'NONE',  ( 0.1240157480314960647, 0.07086614173228346358, -0.1358267716535433156 ) ) ;
#1031 = EDGE_CURVE ( 'NONE', #8433, #5178, #3328, .T. ) ;
#1032 =( NAMED_UNIT ( * ) SI_UNIT ( $, .STERADIAN. ) SOLID_ANGLE_UNIT ( ) );
#1033 = ORIENTED_EDGE ( 'NONE', *, *, #6854, .F. ) ;
#1034 = CARTESIAN_POINT ( 'NONE',  ( -0.01181102362205905393, -0.04724409448818897572, 0.06692913385826770867 ) ) ;
#1035 = CIRCLE ( 'NONE', #3647, 0.003937007874015747977 ) ;
#1036 = DIRECTION ( 'NONE',  ( 0.000000000000000000, 1.000000000000000000, 0.000000000000000000 ) ) ;
#1037 = FACE_OUTER_BOUND ( 'NONE', #4872, .T. ) ;
#1038 = VECTOR ( 'NONE', #5070, 39.37007874015748143 ) ;
#1039 = EDGE_CURVE ( 'NONE', #6053, #6482, #687, .T. ) ;
#1040 = VERTEX_POINT ( 'NONE', #5976 ) ;
#1041 = ADVANCED_FACE ( 'NONE', ( #119 ), #6022, .F. ) ;
#1042 = LINE ( 'NONE', #8411, #2000 ) ;
#1043 = CARTESIAN_POINT ( 'NONE',  ( 0.08661417322834646937, -0.02480314960629921572, -0.07578740157480315376 ) ) ;
#1044 = CARTESIAN_POINT ( 'NONE',  ( 0.1781496062992126150, 0.02362204724409055004, 0.000000000000000000 ) ) ;
#1045 = ORIENTED_EDGE ( 'NONE', *, *, #5999, .F. ) ;
#1046 = VECTOR ( 'NONE', #7341, 39.37007874015748143 ) ;
#1047 = ORIENTED_EDGE ( 'NONE', *, *, #5458, .T. ) ;
#1048 = DIRECTION ( 'NONE',  ( -0.000000000000000000, 1.000000000000000000, 0.000000000000000000 ) ) ;
#1049 = FACE_OUTER_BOUND ( 'NONE', #8010, .T. ) ;
#1050 = LINE ( 'NONE', #437, #2149 ) ;
#1051 = ORIENTED_EDGE ( 'NONE', *, *, #7669, .F. ) ;
#1052 = CARTESIAN_POINT ( 'NONE',  ( -0.08661417322838584065, -0.04724409448818897572, 0.06692913385826770867 ) ) ;
#1053 = VECTOR ( 'NONE', #411, 39.37007874015748143 ) ;
#1054 = ADVANCED_FACE ( 'NONE', ( #7414 ), #7287, .F. ) ;
#1055 = PLANE ( 'NONE',  #6828 ) ;
#1056 = LINE ( 'NONE', #2957, #1135 ) ;
#1057 = ORIENTED_EDGE ( 'NONE', *, *, #1455, .F. ) ;
#1058 = VERTEX_POINT ( 'NONE', #33 ) ;
#1059 = CARTESIAN_POINT ( 'NONE',  ( -0.01181102362205905393, -0.04724409448818897572, -0.2047244094488188948 ) ) ;
#1060 = CIRCLE ( 'NONE', #4656, 0.001968503937007870519 ) ;
#1061 = EDGE_LOOP ( 'NONE', ( #6740, #2443, #4942, #792, #8227 ) ) ;
#1062 = CARTESIAN_POINT ( 'NONE',  ( 0.08169291338582677919, 0.05236220472440945156, -0.007874015748031495954 ) ) ;
#1063 = ORIENTED_EDGE ( 'NONE', *, *, #2677, .T. ) ;
#1064 = CARTESIAN_POINT ( 'NONE',  ( -0.07086614173228346358, 0.07874015748031495954, -0.03740157480314960925 ) ) ;
#1065 = ORIENTED_EDGE ( 'NONE', *, *, #2623, .F. ) ;
#1066 = DIRECTION ( 'NONE',  ( 0.000000000000000000, 4.494018004954662555E-13, -1.000000000000000000 ) ) ;
#1067 = AXIS2_PLACEMENT_3D ( 'NONE', #6281, #3622, #5013 ) ;
#1068 = PLANE ( 'NONE',  #5271 ) ;
#1069 = EDGE_CURVE ( 'NONE', #6617, #2112, #2315, .T. ) ;
#1070 = ADVANCED_FACE ( 'NONE', ( #3452 ), #6723, .F. ) ;
#1071 = LINE ( 'NONE', #8319, #1978 ) ;
#1072 = DIRECTION ( 'NONE',  ( 1.000000000000000000, 0.000000000000000000, 0.000000000000000000 ) ) ;
#1073 = VERTEX_POINT ( 'NONE', #1512 ) ;
#1074 = CARTESIAN_POINT ( 'NONE',  ( -0.08661417322838584065, -0.02480314960629921572, -0.1351503312329527529 ) ) ;
#1075 = VECTOR ( 'NONE', #8499, 39.37007874015748143 ) ;
#1076 = CYLINDRICAL_SURFACE ( 'NONE', #1122, 0.003937007874015749712 ) ;
#1077 = VECTOR ( 'NONE', #996, 39.37007874015748143 ) ;
#1078 = DIRECTION ( 'NONE',  ( 0.000000000000000000, 0.000000000000000000, -1.000000000000000000 ) ) ;
#1079 = ADVANCED_FACE ( 'NONE', ( #203 ), #4709, .T. ) ;
#1080 = EDGE_LOOP ( 'NONE', ( #6063, #5880, #1893, #5039 ) ) ;
#1081 = ORIENTED_EDGE ( 'NONE', *, *, #251, .F. ) ;
#1082 = DIRECTION ( 'NONE',  ( -1.000000000000000000, 3.546035645573000010E-14, 0.000000000000000000 ) ) ;
#1083 = CARTESIAN_POINT ( 'NONE',  ( -0.1589566929133858497, 0.07480314960629921850, -0.1033464566929133965 ) ) ;
#1084 = EDGE_LOOP ( 'NONE', ( #6522, #6791, #4913, #1379, #7646, #3754 ) ) ;
#1085 = LINE ( 'NONE', #1171, #4271 ) ;
#1086 = VECTOR ( 'NONE', #1375, 39.37007874015748143 ) ;
#1087 = LINE ( 'NONE', #5854, #1268 ) ;
#1088 = ADVANCED_FACE ( 'NONE', ( #6761 ), #5492, .T. ) ;
#1089 = AXIS2_PLACEMENT_3D ( 'NONE', #96, #3254, #5911 ) ;
#1090 = ORIENTED_EDGE ( 'NONE', *, *, #982, .T. ) ;
#1091 = LINE ( 'NONE', #3725, #6843 ) ;
#1092 = FACE_BOUND ( 'NONE', #7534, .T. ) ;
#1093 = DIRECTION ( 'NONE',  ( 0.000000000000000000, 1.000000000000000000, 0.000000000000000000 ) ) ;
#1094 = VERTEX_POINT ( 'NONE', #4622 ) ;
#1095 = LINE ( 'NONE', #1052, #3442 ) ;
#1096 = AXIS2_PLACEMENT_3D ( 'NONE', #8548, #4634, #1954 ) ;
#1097 = CARTESIAN_POINT ( 'NONE',  ( -0.1102362204724409434, -0.02480314960629921572, -0.1377952755905511861 ) ) ;
#1098 = CARTESIAN_POINT ( 'NONE',  ( 0.1708174433990551078, 0.03627109397757480314, -0.1010498687664173195 ) ) ;
#1099 = EDGE_LOOP ( 'NONE', ( #7185, #2877, #2756, #5534 ) ) ;
#1100 = CARTESIAN_POINT ( 'NONE',  ( 0.1696850393700787274, -0.02480314960629921572, 0.000000000000000000 ) ) ;
#1101 = VECTOR ( 'NONE', #6239, 39.37007874015748143 ) ;
#1102 = ORIENTED_EDGE ( 'NONE', *, *, #3016, .T. ) ;
#1103 = CARTESIAN_POINT ( 'NONE',  ( -0.1702769989558661490, 0.03040796100501574548, -0.1062992125984252023 ) ) ;
#1104 = ORIENTED_EDGE ( 'NONE', *, *, #2327, .T. ) ;
#1105 = DIRECTION ( 'NONE',  ( -1.000000000000000000, 0.000000000000000000, 0.000000000000000000 ) ) ;
#1106 = ORIENTED_EDGE ( 'NONE', *, *, #6767, .F. ) ;
#1107 = CARTESIAN_POINT ( 'NONE',  ( -0.1427165354330708902, -0.05905511811023622659, -0.09448818897637795144 ) ) ;
#1108 = FACE_OUTER_BOUND ( 'NONE', #6135, .T. ) ;
#1109 = CARTESIAN_POINT ( 'NONE',  ( 0.01998681779692913427, 0.05236220472440945156, 0.000000000000000000 ) ) ;
#1110 = ORIENTED_EDGE ( 'NONE', *, *, #6249, .T. ) ;
#1111 = EDGE_CURVE ( 'NONE', #2153, #7692, #5405, .T. ) ;
#1112 = VERTEX_POINT ( 'NONE', #8066 ) ;
#1113 = DIRECTION ( 'NONE',  ( -0.01146713589728045636, -0.9999342502356407536, 0.000000000000000000 ) ) ;
#1114 = EDGE_CURVE ( 'NONE', #4227, #198, #6065, .T. ) ;
#1115 = ADVANCED_FACE ( 'NONE', ( #7496 ), #1554, .F. ) ;
#1116 = CARTESIAN_POINT ( 'NONE',  ( 0.06889763779527559306, -0.02480314960629921572, -0.09448818897637795144 ) ) ;
#1117 = CARTESIAN_POINT ( 'NONE',  ( 0.1505905511811023723, 0.07086614173228346358, -0.03444881889764173089 ) ) ;
#1118 = DIRECTION ( 'NONE',  ( 0.000000000000000000, -1.000000000000000000, 0.000000000000000000 ) ) ;
#1119 = VERTEX_POINT ( 'NONE', #249 ) ;
#1120 = ORIENTED_EDGE ( 'NONE', *, *, #3322, .F. ) ;
#1121 = PLANE ( 'NONE',  #4897 ) ;
#1122 = AXIS2_PLACEMENT_3D ( 'NONE', #5055, #6457, #4528 ) ;
#1123 = LINE ( 'NONE', #345, #4127 ) ;
#1124 = DIRECTION ( 'NONE',  ( -1.000000000000000000, 0.000000000000000000, -4.158710413081999734E-14 ) ) ;
#1125 = ORIENTED_EDGE ( 'NONE', *, *, #3855, .T. ) ;
#1126 = CARTESIAN_POINT ( 'NONE',  ( -0.1427165354330708902, -0.05905511811023622659, -0.04330708661417323468 ) ) ;
#1127 = ADVANCED_FACE ( 'NONE', ( #2198 ), #2883, .T. ) ;
#1128 = VECTOR ( 'NONE', #5759, 39.37007874015748143 ) ;
#1129 = LINE ( 'NONE', #516, #4045 ) ;
#1130 = CIRCLE ( 'NONE', #1692, 0.003937007874015749712 ) ;
#1131 = VERTEX_POINT ( 'NONE', #5760 ) ;
#1132 = DIRECTION ( 'NONE',  ( -0.000000000000000000, 1.000000000000000000, 0.000000000000000000 ) ) ;
#1133 = CARTESIAN_POINT ( 'NONE',  ( -0.1785333490359448938, 0.02243874459449999789, -0.1062992125984645736 ) ) ;
#1134 = LINE ( 'NONE', #3769, #5470 ) ;
#1135 = VECTOR ( 'NONE', #3122, 39.37007874015748143 ) ;
#1136 = ORIENTED_EDGE ( 'NONE', *, *, #7827, .F. ) ;
#1137 = EDGE_CURVE ( 'NONE', #2607, #2665, #3846, .T. ) ;
#1138 = CARTESIAN_POINT ( 'NONE',  ( -0.1787245914263385915, 0.03911508103948031778, -0.03543307086614566614 ) ) ;
#1139 = AXIS2_PLACEMENT_3D ( 'NONE', #1506, #6879, #4181 ) ;
#1140 = VECTOR ( 'NONE', #2765, 39.37007874015748143 ) ;
#1141 = CARTESIAN_POINT ( 'NONE',  ( -0.1102362204724409434, -0.05905511811023622659, 0.06692913385826770867 ) ) ;
#1142 = VECTOR ( 'NONE', #3645, 39.37007874015748143 ) ;
#1143 = LINE ( 'NONE', #3606, #865 ) ;
#1144 = ORIENTED_EDGE ( 'NONE', *, *, #5630, .F. ) ;
#1145 = LINE ( 'NONE', #6963, #3497 ) ;
#1146 = VERTEX_POINT ( 'NONE', #4446 ) ;
#1147 = CARTESIAN_POINT ( 'NONE',  ( -0.06889763779527559306, -0.02480314960629921572, -0.09448818897637795144 ) ) ;
#1148 = VERTEX_POINT ( 'NONE', #4580 ) ;
#1149 = DIRECTION ( 'NONE',  ( 0.000000000000000000, 1.000000000000000000, 0.000000000000000000 ) ) ;
#1150 = ORIENTED_EDGE ( 'NONE', *, *, #7668, .T. ) ;
#1151 = CARTESIAN_POINT ( 'NONE',  ( -0.1496062992125984370, 0.07874015748031495954, -0.1023622047244094474 ) ) ;
#1152 = AXIS2_PLACEMENT_3D ( 'NONE', #4659, #5266, #7980 ) ;
#1153 = DIRECTION ( 'NONE',  ( 0.9635179096299105739, -0.2676438637862029180, 0.000000000000000000 ) ) ;
#1154 = EDGE_LOOP ( 'NONE', ( #3275, #3088, #1834, #3931 ) ) ;
#1155 = AXIS2_PLACEMENT_3D ( 'NONE', #4253, #8096, #887 ) ;
#1156 = LINE ( 'NONE', #3179, #5710 ) ;
#1157 = VERTEX_POINT ( 'NONE', #6597 ) ;
#1158 = ORIENTED_EDGE ( 'NONE', *, *, #3473, .F. ) ;
#1159 = CARTESIAN_POINT ( 'NONE',  ( -0.04625984251968504046, -0.04724409448818897572, -0.06200787401574803237 ) ) ;
#1160 = AXIS2_PLACEMENT_3D ( 'NONE', #5059, #2940, #5595 ) ;
#1161 = ADVANCED_FACE ( 'NONE', ( #1305 ), #7198, .F. ) ;
#1162 = DIRECTION ( 'NONE',  ( 0.000000000000000000, -1.000000000000000000, 0.000000000000000000 ) ) ;
#1163 = PLANE ( 'NONE',  #2669 ) ;
#1164 = FACE_OUTER_BOUND ( 'NONE', #8035, .T. ) ;
#1165 = LINE ( 'NONE', #5802, #242 ) ;
#1166 = AXIS2_PLACEMENT_3D ( 'NONE', #980, #1598, #7339 ) ;
#1167 = ORIENTED_EDGE ( 'NONE', *, *, #218, .F. ) ;
#1168 = DIRECTION ( 'NONE',  ( 1.000000000000000000, 0.000000000000000000, 0.000000000000000000 ) ) ;
#1169 = PLANE ( 'NONE',  #1772 ) ;
#1170 = CARTESIAN_POINT ( 'NONE',  ( 0.07086614173228346358, 0.07874015748031495954, -0.03543307086614173179 ) ) ;
#1171 = CARTESIAN_POINT ( 'NONE',  ( -0.01181102362205905393, -0.05905511811023622659, 0.06692913385826770867 ) ) ;
#1172 = VECTOR ( 'NONE', #315, 39.37007874015748143 ) ;
#1173 = CARTESIAN_POINT ( 'NONE',  ( -0.01181102362205905393, -0.05905511811023622659, -0.2047244094488188948 ) ) ;
#1174 = EDGE_CURVE ( 'NONE', #6745, #4155, #1861, .T. ) ;
#1175 = EDGE_CURVE ( 'NONE', #2436, #7128, #5845, .T. ) ;
#1176 = VERTEX_POINT ( 'NONE', #2500 ) ;
#1177 = CARTESIAN_POINT ( 'NONE',  ( -0.01444286950931593545, 0.05193152898261285677, -0.01275909305362362550 ) ) ;
#1178 = FACE_OUTER_BOUND ( 'NONE', #4672, .T. ) ;
#1179 = AXIS2_PLACEMENT_3D ( 'NONE', #3850, #7203, #3895 ) ;
#1180 = CARTESIAN_POINT ( 'NONE',  ( 0.08661417322834646937, -0.05905511811023622659, 0.02532139787885039420 ) ) ;
#1181 = ORIENTED_EDGE ( 'NONE', *, *, #2686, .T. ) ;
#1182 = LINE ( 'NONE', #7777, #7334 ) ;
#1183 = PLANE ( 'NONE',  #6970 ) ;
#1184 = DIRECTION ( 'NONE',  ( 6.664229353544234258E-13, 0.000000000000000000, 1.000000000000000000 ) ) ;
#1185 = EDGE_LOOP ( 'NONE', ( #7178, #3166, #5521, #1167, #6944, #1841, #4840, #4215, #3564, #4063, #1897, #3201, #359, #7231, #5080, #3240, #7680, #8009, #2309, #1778, #3490, #8238, #5658, #4378 ) ) ;
#1186 = ORIENTED_EDGE ( 'NONE', *, *, #2862, .F. ) ;
#1187 = LINE ( 'NONE', #1100, #7251 ) ;
#1188 = ORIENTED_EDGE ( 'NONE', *, *, #2761, .T. ) ;
#1189 = DIRECTION ( 'NONE',  ( 0.000000000000000000, 0.000000000000000000, 1.000000000000000000 ) ) ;
#1190 = VERTEX_POINT ( 'NONE', #509 ) ;
#1191 = CARTESIAN_POINT ( 'NONE',  ( 0.01998681779692913427, 0.07086614173228346358, -0.009842519685039369942 ) ) ;
#1192 = ORIENTED_EDGE ( 'NONE', *, *, #2379, .F. ) ;
#1193 = LINE ( 'NONE', #5665, #3567 ) ;
#1194 = DIRECTION ( 'NONE',  ( -1.000000000000000000, 0.000000000000000000, 0.000000000000000000 ) ) ;
#1195 = EDGE_CURVE ( 'NONE', #2146, #1534, #2458, .T. ) ;
#1196 = VERTEX_POINT ( 'NONE', #7065 ) ;
#1197 = AXIS2_PLACEMENT_3D ( 'NONE', #3438, #2662, #5303 ) ;
#1198 = DIRECTION ( 'NONE',  ( 0.000000000000000000, 0.000000000000000000, -1.000000000000000000 ) ) ;
#1199 = ORIENTED_EDGE ( 'NONE', *, *, #6359, .T. ) ;
#1200 = EDGE_LOOP ( 'NONE', ( #2422, #7809, #6324, #1929 ) ) ;
#1201 = CARTESIAN_POINT ( 'NONE',  ( -0.07086614173228346358, 0.07874015748031495954, -0.03543307086614173179 ) ) ;
#1202 = VECTOR ( 'NONE', #7305, 39.37007874015748143 ) ;
#1203 = DIRECTION ( 'NONE',  ( 0.9999342502356420859, -0.01146713589718048078, 0.000000000000000000 ) ) ;
#1204 = CARTESIAN_POINT ( 'NONE',  ( 0.1496062992125984370, 0.07479913851759842358, 0.000000000000000000 ) ) ;
#1205 = DIRECTION ( 'NONE',  ( 0.000000000000000000, 1.000000000000000000, 0.000000000000000000 ) ) ;
#1206 = AXIS2_PLACEMENT_3D ( 'NONE', #2636, #1118, #3752 ) ;
#1207 = CARTESIAN_POINT ( 'NONE',  ( 0.1785333490359448938, 0.02243874459450393571, -0.03149606299211023946 ) ) ;
#1208 = ORIENTED_EDGE ( 'NONE', *, *, #8283, .T. ) ;
#1209 = DIRECTION ( 'NONE',  ( 0.000000000000000000, 0.000000000000000000, 1.000000000000000000 ) ) ;
#1210 = CARTESIAN_POINT ( 'NONE',  ( 0.06978942972114172971, 0.07086614173228346358, -0.03937007874015747977 ) ) ;
#1211 = CARTESIAN_POINT ( 'NONE',  ( 0.1786909414324409362, 0.03618080156894881716, -0.03674540682414566967 ) ) ;
#1212 = DIRECTION ( 'NONE',  ( -0.9999342502356326490, 0.01146713589800037875, -6.827871601454219444E-14 ) ) ;
#1213 = VECTOR ( 'NONE', #5671, 39.37007874015748143 ) ;
#1214 = CARTESIAN_POINT ( 'NONE',  ( -0.1707501434112204397, 0.03040253503649213013, -0.03149606299212992511 ) ) ;
#1215 = ORIENTED_EDGE ( 'NONE', *, *, #964, .T. ) ;
#1216 = DIRECTION ( 'NONE',  ( -0.7660444431187349856, 1.860044980830924855E-17, -0.6427876096868290201 ) ) ;
#1217 = DIRECTION ( 'NONE',  ( 0.000000000000000000, 0.000000000000000000, 1.000000000000000000 ) ) ;
#1218 = VECTOR ( 'NONE', #455, 39.37007874015748143 ) ;
#1219 = PLANE ( 'NONE',  #5631 ) ;
#1220 = EDGE_CURVE ( 'NONE', #3776, #7377, #5144, .T. ) ;
#1221 = CARTESIAN_POINT ( 'NONE',  ( 0.08267716535433070058, -0.02480314960629921572, -0.07578740157480315376 ) ) ;
#1222 = ORIENTED_EDGE ( 'NONE', *, *, #2837, .T. ) ;
#1223 = CARTESIAN_POINT ( 'NONE',  ( -0.08661417322838584065, -0.05905511811023622659, 0.02532139787884645984 ) ) ;
#1224 = EDGE_CURVE ( 'NONE', #1112, #7927, #1165, .T. ) ;
#1225 = EDGE_CURVE ( 'NONE', #7564, #8433, #8408, .T. ) ;
#1226 = ADVANCED_FACE ( 'NONE', ( #5100 ), #7763, .T. ) ;
#1227 = VECTOR ( 'NONE', #751, 39.37007874015748143 ) ;
#1228 = CARTESIAN_POINT ( 'NONE',  ( 0.1505905511811023723, 0.07480314960629921850, -0.1205708661417322913 ) ) ;
#1229 = CARTESIAN_POINT ( 'NONE',  ( 0.1309054734827559130, 0.07874015748031495954, -6.448914961444881772E-07 ) ) ;
#1230 = ORIENTED_EDGE ( 'NONE', *, *, #8326, .T. ) ;
#1231 = ORIENTED_EDGE ( 'NONE', *, *, #3195, .T. ) ;
#1232 = CYLINDRICAL_SURFACE ( 'NONE', #7814, 0.003937007874015749712 ) ;
#1233 = ORIENTED_EDGE ( 'NONE', *, *, #2777, .T. ) ;
#1234 = DIRECTION ( 'NONE',  ( 1.000000000000000000, 0.000000000000000000, -2.205773498263999902E-14 ) ) ;
#1235 = ORIENTED_EDGE ( 'NONE', *, *, #6907, .T. ) ;
#1236 = CARTESIAN_POINT ( 'NONE',  ( 0.1102362204724409434, -0.02644984013988582738, -2.302574285822047069E-05 ) ) ;
#1237 = VERTEX_POINT ( 'NONE', #3238 ) ;
#1238 = FACE_OUTER_BOUND ( 'NONE', #19, .T. ) ;
#1239 = AXIS2_PLACEMENT_3D ( 'NONE', #6510, #7297, #7904 ) ;
#1240 = DIRECTION ( 'NONE',  ( 1.000000000000000000, 0.000000000000000000, 0.000000000000000000 ) ) ;
#1241 = VERTEX_POINT ( 'NONE', #645 ) ;
#1242 = VECTOR ( 'NONE', #7909, 39.37007874015748143 ) ;
#1243 = VERTEX_POINT ( 'NONE', #3939 ) ;
#1244 = LINE ( 'NONE', #6452, #4190 ) ;
#1245 = ORIENTED_EDGE ( 'NONE', *, *, #3071, .T. ) ;
#1246 = VERTEX_POINT ( 'NONE', #551 ) ;
#1247 = EDGE_CURVE ( 'NONE', #2146, #8260, #8280, .T. ) ;
#1248 = LINE ( 'NONE', #5935, #1627 ) ;
#1249 = EDGE_CURVE ( 'NONE', #2022, #5240, #7149, .T. ) ;
#1250 = DIRECTION ( 'NONE',  ( 1.000000000000000000, 0.000000000000000000, 0.000000000000000000 ) ) ;
#1251 = LINE ( 'NONE', #1303, #8491 ) ;
#1252 = CARTESIAN_POINT ( 'NONE',  ( -0.1751968503937007815, 0.07874015748031495954, -0.1023622047244094474 ) ) ;
#1253 = DIRECTION ( 'NONE',  ( -1.000000000000000000, 0.000000000000000000, 0.000000000000000000 ) ) ;
#1254 = ORIENTED_EDGE ( 'NONE', *, *, #1293, .T. ) ;
#1255 = DIRECTION ( 'NONE',  ( -1.000000000000000000, 0.000000000000000000, 0.000000000000000000 ) ) ;
#1256 = CARTESIAN_POINT ( 'NONE',  ( -0.1696850393700787274, 0.02362204724409055004, -0.1377952755905511861 ) ) ;
#1257 = DIRECTION ( 'NONE',  ( 0.000000000000000000, 0.000000000000000000, 1.000000000000000000 ) ) ;
#1258 = LINE ( 'NONE', #1869, #264 ) ;
#1259 = CARTESIAN_POINT ( 'NONE',  ( -0.1318897637795275746, -0.05314960629921260116, -0.04330708661417323468 ) ) ;
#1260 = VECTOR ( 'NONE', #8586, 39.37007874015748143 ) ;
#1261 = ORIENTED_EDGE ( 'NONE', *, *, #7753, .T. ) ;
#1262 = LINE ( 'NONE', #5811, #3505 ) ;
#1263 = DIRECTION ( 'NONE',  ( 0.000000000000000000, 0.000000000000000000, 1.000000000000000000 ) ) ;
#1264 = CARTESIAN_POINT ( 'NONE',  ( -0.1549212598425196985, -0.04724409448818897572, -0.009842519685031497767 ) ) ;
#1265 = PLANE ( 'NONE',  #6590 ) ;
#1266 = VERTEX_POINT ( 'NONE', #5229 ) ;
#1267 = CARTESIAN_POINT ( 'NONE',  ( 0.08661417322834646937, -0.02480314960629921572, -0.07578740157480315376 ) ) ;
#1268 = VECTOR ( 'NONE', #7859, 39.37007874015748143 ) ;
#1269 = COLOUR_RGB ( '',0.7921568627450980005, 0.8196078431372548767, 0.9333333333333333481 ) ;
#1270 = EDGE_CURVE ( 'NONE', #2787, #8109, #5941, .T. ) ;
#1271 = LINE ( 'NONE', #3908, #2935 ) ;
#1272 = DIRECTION ( 'NONE',  ( 0.000000000000000000, 1.000000000000000000, 0.000000000000000000 ) ) ;
#1273 = AXIS2_PLACEMENT_3D ( 'NONE', #3819, #2655, #1184 ) ;
#1274 = VERTEX_POINT ( 'NONE', #2546 ) ;
#1275 = ORIENTED_EDGE ( 'NONE', *, *, #1224, .T. ) ;
#1276 = VECTOR ( 'NONE', #2314, 39.37007874015748143 ) ;
#1277 = LINE ( 'NONE', #3913, #4068 ) ;
#1278 = VERTEX_POINT ( 'NONE', #5186 ) ;
#1279 = DIRECTION ( 'NONE',  ( -1.000000000000000000, 0.000000000000000000, 0.000000000000000000 ) ) ;
#1280 = EDGE_CURVE ( 'NONE', #1660, #6760, #7852, .T. ) ;
#1281 = ORIENTED_EDGE ( 'NONE', *, *, #1474, .F. ) ;
#1282 = LINE ( 'NONE', #5966, #4480 ) ;
#1283 = ORIENTED_EDGE ( 'NONE', *, *, #5413, .F. ) ;
#1284 = FACE_OUTER_BOUND ( 'NONE', #1735, .T. ) ;
#1285 = AXIS2_PLACEMENT_3D ( 'NONE', #6728, #781, #3415 ) ;
#1286 = CIRCLE ( 'NONE', #2518, 0.003937007874015747977 ) ;
#1287 = ADVANCED_FACE ( 'NONE', ( #1949 ), #8589, .F. ) ;
#1288 = FILL_AREA_STYLE ('',( #768 ) ) ;
#1289 = ORIENTED_EDGE ( 'NONE', *, *, #2197, .F. ) ;
#1290 = ORIENTED_EDGE ( 'NONE', *, *, #7668, .F. ) ;
#1291 = CARTESIAN_POINT ( 'NONE',  ( 0.01073431161089763788, 0.1574803149606299191, -0.03937007874015747977 ) ) ;
#1292 = EDGE_CURVE ( 'NONE', #5085, #5345, #465, .T. ) ;
#1293 = EDGE_CURVE ( 'NONE', #6374, #4178, #508, .T. ) ;
#1294 = ORIENTED_EDGE ( 'NONE', *, *, #4192, .T. ) ;
#1295 = ORIENTED_EDGE ( 'NONE', *, *, #8083, .T. ) ;
#1296 = ORIENTED_EDGE ( 'NONE', *, *, #965, .T. ) ;
#1297 = AXIS2_PLACEMENT_3D ( 'NONE', #6757, #4918, #3447 ) ;
#1298 = CIRCLE ( 'NONE', #5016, 0.001968503937007874856 ) ;
#1299 = LINE ( 'NONE', #3838, #8274 ) ;
#1300 = AXIS2_PLACEMENT_3D ( 'NONE', #1401, #2006, #2602 ) ;
#1301 = CARTESIAN_POINT ( 'NONE',  ( -0.1427165354330708902, -0.04724409448818897572, -0.1161417322834645688 ) ) ;
#1302 = EDGE_CURVE ( 'NONE', #5815, #128, #208, .T. ) ;
#1303 = CARTESIAN_POINT ( 'NONE',  ( -0.1706598510025984228, 0.02252903700314173169, -0.03149606299213385946 ) ) ;
#1304 = CARTESIAN_POINT ( 'NONE',  ( 0.01181102362202755829, -0.04724409448818897572, 0.03122817830516141924 ) ) ;
#1305 = FACE_OUTER_BOUND ( 'NONE', #1853, .T. ) ;
#1306 = ORIENTED_EDGE ( 'NONE', *, *, #5495, .F. ) ;
#1307 = CARTESIAN_POINT ( 'NONE',  ( 0.1781496062992126150, 0.02775590551180709062, -0.1200787401574803237 ) ) ;
#1308 = CARTESIAN_POINT ( 'NONE',  ( 0.09842519685039370636, -0.02480314960629921572, 0.000000000000000000 ) ) ;
#1309 = DIRECTION ( 'NONE',  ( 0.000000000000000000, 1.000000000000000000, 0.000000000000000000 ) ) ;
#1310 = VECTOR ( 'NONE', #4122, 39.37007874015748143 ) ;
#1311 = DIRECTION ( 'NONE',  ( 3.733673732911000901E-13, 0.000000000000000000, -1.000000000000000000 ) ) ;
#1312 = CARTESIAN_POINT ( 'NONE',  ( 0.08661417322834646937, -0.04724409448818897572, -0.2047244094488188948 ) ) ;
#1313 = AXIS2_PLACEMENT_3D ( 'NONE', #5579, #6269, #2965 ) ;
#1314 = ORIENTED_EDGE ( 'NONE', *, *, #7669, .T. ) ;
#1315 = DIRECTION ( 'NONE',  ( 1.000000000000000000, 0.000000000000000000, 0.000000000000000000 ) ) ;
#1316 = DIRECTION ( 'NONE',  ( 1.000000000000000000, 0.000000000000000000, 0.000000000000000000 ) ) ;
#1317 = CARTESIAN_POINT ( 'NONE',  ( 0.1787245914263385915, 0.03911508103963779598, -0.03937007874015747977 ) ) ;
#1318 = CARTESIAN_POINT ( 'NONE',  ( -0.1102362204724409434, -0.01463872515203149677, 0.005882354148551180266 ) ) ;
#1319 = VERTEX_POINT ( 'NONE', #7376 ) ;
#1320 = DIRECTION ( 'NONE',  ( 1.000000000000000000, 0.000000000000000000, 0.000000000000000000 ) ) ;
#1321 = AXIS2_PLACEMENT_3D ( 'NONE', #563, #1405, #5291 ) ;
#1322 = LINE ( 'NONE', #3959, #8346 ) ;
#1323 = DIRECTION ( 'NONE',  ( 1.000000000000000000, 0.000000000000000000, 0.000000000000000000 ) ) ;
#1324 = CIRCLE ( 'NONE', #1179, 0.003937007874015741905 ) ;
#1325 = VERTEX_POINT ( 'NONE', #4112 ) ;
#1326 = VERTEX_POINT ( 'NONE', #1346 ) ;
#1327 = DIRECTION ( 'NONE',  ( 0.000000000000000000, 1.000000000000000000, 0.000000000000000000 ) ) ;
#1328 = ORIENTED_EDGE ( 'NONE', *, *, #2509, .T. ) ;
#1329 = DIRECTION ( 'NONE',  ( 0.000000000000000000, -1.000000000000000000, 0.000000000000000000 ) ) ;
#1330 = ORIENTED_EDGE ( 'NONE', *, *, #8049, .F. ) ;
#1331 = LINE ( 'NONE', #1932, #3093 ) ;
#1332 = ORIENTED_EDGE ( 'NONE', *, *, #8235, .T. ) ;
#1333 = CARTESIAN_POINT ( 'NONE',  ( 0.1651356080489763956, 0.07874015748031495954, -0.1377952755905511861 ) ) ;
#1334 = EDGE_LOOP ( 'NONE', ( #8417, #7799, #1845, #5031 ) ) ;
#1335 = CARTESIAN_POINT ( 'NONE',  ( 0.06978942972114172971, 0.07086614173228346358, -0.09842519685039370636 ) ) ;
#1336 = ORIENTED_EDGE ( 'NONE', *, *, #752, .F. ) ;
#1337 = EDGE_LOOP ( 'NONE', ( #3837, #3155, #6401, #3440 ) ) ;
#1338 = EDGE_LOOP ( 'NONE', ( #546, #510, #391, #5093 ) ) ;
#1339 = DIRECTION ( 'NONE',  ( 1.000000000000000000, 0.000000000000000000, 0.000000000000000000 ) ) ;
#1340 = VECTOR ( 'NONE', #4869, 39.37007874015748143 ) ;
#1341 = EDGE_CURVE ( 'NONE', #1484, #8462, #41, .T. ) ;
#1342 = ADVANCED_FACE ( 'NONE', ( #4154 ), #7292, .T. ) ;
#1343 = PLANE ( 'NONE',  #153 ) ;
#1344 = DIRECTION ( 'NONE',  ( -1.000000000000000000, 0.000000000000000000, 0.000000000000000000 ) ) ;
#1345 = CARTESIAN_POINT ( 'NONE',  ( -0.1696850393700787274, 0.02362204724409055004, -0.1023622047244094474 ) ) ;
#1346 = CARTESIAN_POINT ( 'NONE',  ( -0.1496062992125984370, 0.07086614173228346358, -0.03543307086614566614 ) ) ;
#1347 = VERTEX_POINT ( 'NONE', #5981 ) ;
#1348 = DIRECTION ( 'NONE',  ( 0.000000000000000000, 0.000000000000000000, -1.000000000000000000 ) ) ;
#1349 = CARTESIAN_POINT ( 'NONE',  ( 0.07086614173228346358, 0.07874015748031495954, -0.03543307086614173179 ) ) ;
#1350 = AXIS2_PLACEMENT_3D ( 'NONE', #6343, #398, #3032 ) ;
#1351 =( NAMED_UNIT ( * ) SI_UNIT ( $, .STERADIAN. ) SOLID_ANGLE_UNIT ( ) );
#1352 = LINE ( 'NONE', #2596, #7752 ) ;
#1353 = CARTESIAN_POINT ( 'NONE',  ( -0.01181102362205511611, -0.02480314960629921572, -0.1377952755905511861 ) ) ;
#1354 = AXIS2_PLACEMENT_3D ( 'NONE', #728, #8111, #4663 ) ;
#1355 = ORIENTED_EDGE ( 'NONE', *, *, #3875, .F. ) ;
#1356 = DIRECTION ( 'NONE',  ( -1.000000000000000000, 0.000000000000000000, 0.000000000000000000 ) ) ;
#1357 = DIRECTION ( 'NONE',  ( 0.000000000000000000, 0.000000000000000000, 1.000000000000000000 ) ) ;
#1358 = PLANE ( 'NONE',  #3823 ) ;
#1359 = LINE ( 'NONE', #6654, #4628 ) ;
#1360 = ORIENTED_EDGE ( 'NONE', *, *, #6273, .T. ) ;
#1361 = DIRECTION ( 'NONE',  ( 0.000000000000000000, 1.000000000000000000, 0.000000000000000000 ) ) ;
#1362 = VECTOR ( 'NONE', #1082, 39.37007874015748143 ) ;
#1363 = EDGE_CURVE ( 'NONE', #2905, #1813, #4380, .T. ) ;
#1364 = CARTESIAN_POINT ( 'NONE',  ( 0.04625984251968504046, -0.02480314960629921572, -0.06200787401574803237 ) ) ;
#1365 = VECTOR ( 'NONE', #2808, 39.37007874015748143 ) ;
#1366 = CARTESIAN_POINT ( 'NONE',  ( -0.009561532799709490660, 0.02808097581757190014, -0.006326649701647536241 ) ) ;
#1367 = ORIENTED_EDGE ( 'NONE', *, *, #6804, .F. ) ;
#1368 = ORIENTED_EDGE ( 'NONE', *, *, #8554, .T. ) ;
#1369 = DIRECTION ( 'NONE',  ( 1.000000000000000000, 0.000000000000000000, 0.000000000000000000 ) ) ;
#1370 = ORIENTED_EDGE ( 'NONE', *, *, #8183, .T. ) ;
#1371 = DIRECTION ( 'NONE',  ( 0.000000000000000000, 0.000000000000000000, 1.000000000000000000 ) ) ;
#1372 = ORIENTED_EDGE ( 'NONE', *, *, #925, .F. ) ;
#1373 = CARTESIAN_POINT ( 'NONE',  ( -0.1053149606299212532, -0.04724409448818897572, -0.09448818897637795144 ) ) ;
#1374 = ORIENTED_EDGE ( 'NONE', *, *, #4286, .F. ) ;
#1375 = DIRECTION ( 'NONE',  ( 0.000000000000000000, -1.000000000000000000, 0.000000000000000000 ) ) ;
#1376 = ADVANCED_FACE ( 'NONE', ( #1440 ), #6638, .F. ) ;
#1377 = CIRCLE ( 'NONE', #2067, 0.01279527559055117919 ) ;
#1378 = CARTESIAN_POINT ( 'NONE',  ( 0.1427165354330708902, -0.04724409448818897572, -0.1161417322834645688 ) ) ;
#1379 = ORIENTED_EDGE ( 'NONE', *, *, #4036, .F. ) ;
#1380 = FACE_OUTER_BOUND ( 'NONE', #4745, .T. ) ;
#1381 = VECTOR ( 'NONE', #5899, 39.37007874015748143 ) ;
#1382 = VERTEX_POINT ( 'NONE', #2766 ) ;
#1383 = ORIENTED_EDGE ( 'NONE', *, *, #8102, .F. ) ;
#1384 = ORIENTED_EDGE ( 'NONE', *, *, #3200, .T. ) ;
#1385 = DIRECTION ( 'NONE',  ( -1.000000000000000000, 0.000000000000000000, 0.000000000000000000 ) ) ;
#1386 = B_SPLINE_CURVE_WITH_KNOTS ( 'NONE', 3,
 ( #1729, #5712, #7629, #4361 ),
 .UNSPECIFIED., .F., .F.,
 ( 4, 4 ),
 ( 6.781188126813328722E-16, 0.0001566548196718317598 ),
 .UNSPECIFIED. ) ;
#1387 = AXIS2_PLACEMENT_3D ( 'NONE', #216, #8324, #339 ) ;
#1388 = LINE ( 'NONE', #3980, #1260 ) ;
#1389 = LINE ( 'NONE', #2680, #4441 ) ;
#1390 = EDGE_CURVE ( 'NONE', #7933, #5057, #4072, .T. ) ;
#1391 = LINE ( 'NONE', #6027, #7390 ) ;
#1392 = LINE ( 'NONE', #5409, #6893 ) ;
#1393 = ORIENTED_EDGE ( 'NONE', *, *, #8131, .F. ) ;
#1394 = DIRECTION ( 'NONE',  ( 0.9999342502356395324, 0.01146713589740045586, 4.028192740995713631E-15 ) ) ;
#1395 = LINE ( 'NONE', #4156, #6490 ) ;
#1396 = EDGE_CURVE ( 'NONE', #1274, #6800, #5073, .T. ) ;
#1397 = LINE ( 'NONE', #4536, #3797 ) ;
#1398 = LINE ( 'NONE', #3244, #2337 ) ;
#1399 = CARTESIAN_POINT ( 'NONE',  ( 0.01181102362202755829, -0.05905511811023622659, 0.06692913385826770867 ) ) ;
#1400 = ORIENTED_EDGE ( 'NONE', *, *, #6591, .T. ) ;
#1401 = CARTESIAN_POINT ( 'NONE',  ( 0.000000000000000000, 0.02696850393700787191, -0.1377952755905511861 ) ) ;
#1402 = DIRECTION ( 'NONE',  ( 0.000000000000000000, 0.000000000000000000, -1.000000000000000000 ) ) ;
#1403 = EDGE_CURVE ( 'NONE', #6454, #1582, #4671, .T. ) ;
#1404 = FACE_OUTER_BOUND ( 'NONE', #5422, .T. ) ;
#1405 = DIRECTION ( 'NONE',  ( 0.000000000000000000, -2.368475785867000094E-14, 1.000000000000000000 ) ) ;
#1406 = EDGE_CURVE ( 'NONE', #5358, #1487, #4028, .T. ) ;
#1407 = ORIENTED_EDGE ( 'NONE', *, *, #4094, .F. ) ;
#1408 = DIRECTION ( 'NONE',  ( 1.000000000000000000, 0.000000000000000000, 0.000000000000000000 ) ) ;
#1409 = ADVANCED_FACE ( 'NONE', ( #2121 ), #7462, .F. ) ;
#1410 = PLANE ( 'NONE',  #7237 ) ;
#1411 = ORIENTED_EDGE ( 'NONE', *, *, #652, .T. ) ;
#1412 = EDGE_CURVE ( 'NONE', #5551, #3820, #1392, .T. ) ;
#1413 = ORIENTED_EDGE ( 'NONE', *, *, #5482, .F. ) ;
#1414 = CARTESIAN_POINT ( 'NONE',  ( 0.1102362204724409434, -0.05905511811023622659, -0.1636970161619684949 ) ) ;
#1415 = ORIENTED_EDGE ( 'NONE', *, *, #7686, .T. ) ;
#1416 = DIRECTION ( 'NONE',  ( 0.000000000000000000, 0.000000000000000000, -1.000000000000000000 ) ) ;
#1417 = EDGE_CURVE ( 'NONE', #1246, #6289, #8034, .T. ) ;
#1418 = ORIENTED_EDGE ( 'NONE', *, *, #7597, .T. ) ;
#1419 = CARTESIAN_POINT ( 'NONE',  ( -0.1200787401574803237, 0.07874015748031495954, -0.008858267716527559038 ) ) ;
#1420 = ORIENTED_EDGE ( 'NONE', *, *, #6994, .F. ) ;
#1421 = DIRECTION ( 'NONE',  ( 0.000000000000000000, -1.000000000000000000, 0.000000000000000000 ) ) ;
#1422 = AXIS2_PLACEMENT_3D ( 'NONE', #1857, #4443, #1250 ) ;
#1423 = MANIFOLD_SOLID_BREP ( 'NONE', #2027 ) ;
#1424 = CARTESIAN_POINT ( 'NONE',  ( -0.1200787401574803237, 0.07086614173228346358, -0.1318897637795275746 ) ) ;
#1425 = EDGE_CURVE ( 'NONE', #938, #180, #8237, .T. ) ;
#1426 = ORIENTED_EDGE ( 'NONE', *, *, #6104, .F. ) ;
#1427 = EDGE_CURVE ( 'NONE', #272, #6382, #4763, .T. ) ;
#1428 = DIRECTION ( 'NONE',  ( 0.000000000000000000, 0.000000000000000000, 1.000000000000000000 ) ) ;
#1429 = ORIENTED_EDGE ( 'NONE', *, *, #7168, .F. ) ;
#1430 = ORIENTED_EDGE ( 'NONE', *, *, #5203, .T. ) ;
#1431 = ORIENTED_EDGE ( 'NONE', *, *, #482, .F. ) ;
#1432 = DIRECTION ( 'NONE',  ( 0.000000000000000000, 0.000000000000000000, 1.000000000000000000 ) ) ;
#1433 = AXIS2_PLACEMENT_3D ( 'NONE', #3775, #4299, #4383 ) ;
#1434 = FACE_OUTER_BOUND ( 'NONE', #439, .T. ) ;
#1435 = PLANE ( 'NONE',  #432 ) ;
#1436 = MANIFOLD_SOLID_BREP ( 'NONE', #6320 ) ;
#1437 = AXIS2_PLACEMENT_3D ( 'NONE', #7755, #5670, #498 ) ;
#1438 = VECTOR ( 'NONE', #3796, 39.37007874015748143 ) ;
#1439 = CARTESIAN_POINT ( 'NONE',  ( 0.1589566929133858497, 0.07480314960629921850, -0.03444881889764173089 ) ) ;
#1440 = FACE_OUTER_BOUND ( 'NONE', #7043, .T. ) ;
#1441 = ORIENTED_EDGE ( 'NONE', *, *, #2652, .T. ) ;
#1442 = FACE_OUTER_BOUND ( 'NONE', #4907, .T. ) ;
#1443 = LINE ( 'NONE', #3464, #538 ) ;
#1444 = AXIS2_PLACEMENT_3D ( 'NONE', #8390, #4304, #6311 ) ;
#1445 = ADVANCED_FACE ( 'NONE', ( #7499 ), #3619, .T. ) ;
#1446 = CARTESIAN_POINT ( 'NONE',  ( 0.1496062992125984370, 0.07086614173228346358, 0.000000000000000000 ) ) ;
#1447 = VECTOR ( 'NONE', #5111, 39.37007874015748143 ) ;
#1448 = ORIENTED_EDGE ( 'NONE', *, *, #3404, .T. ) ;
#1449 = DIRECTION ( 'NONE',  ( -1.000000000000000000, 0.000000000000000000, 0.000000000000000000 ) ) ;
#1450 = CARTESIAN_POINT ( 'NONE',  ( 0.1651356080489763956, 0.07874015748031495954, -0.03444881889764173089 ) ) ;
#1451 = CARTESIAN_POINT ( 'NONE',  ( -0.1102362204724409434, -0.04724409448818897572, -0.2047244094488188948 ) ) ;
#1452 = ORIENTED_EDGE ( 'NONE', *, *, #8282, .F. ) ;
#1453 = CARTESIAN_POINT ( 'NONE',  ( -0.07086614173228346358, 0.07086614173228346358, -0.03740157480314960925 ) ) ;
#1454 = EDGE_CURVE ( 'NONE', #3434, #354, #1602, .T. ) ;
#1455 = EDGE_CURVE ( 'NONE', #3705, #3367, #6279, .T. ) ;
#1456 = CARTESIAN_POINT ( 'NONE',  ( 0.1496062992125984370, 0.07874015748031495954, -0.1377952755905511861 ) ) ;
#1457 = ORIENTED_EDGE ( 'NONE', *, *, #6271, .T. ) ;
#1458 = ORIENTED_EDGE ( 'NONE', *, *, #6643, .T. ) ;
#1459 = DIRECTION ( 'NONE',  ( 0.01146713589759042543, 0.9999342502356373119, -4.141405566588161664E-14 ) ) ;
#1460 = ORIENTED_EDGE ( 'NONE', *, *, #962, .F. ) ;
#1461 = LINE ( 'NONE', #8054, #5351 ) ;
#1462 = VECTOR ( 'NONE', #8480, 39.37007874015748143 ) ;
#1463 = CARTESIAN_POINT ( 'NONE',  ( -0.04625984251968504046, -0.02480314960629921572, -0.04330708661417323468 ) ) ;
#1464 = ORIENTED_EDGE ( 'NONE', *, *, #8461, .T. ) ;
#1465 = LINE ( 'NONE', #2104, #5226 ) ;
#1466 = VECTOR ( 'NONE', #7775, 39.37007874015748854 ) ;
#1467 = CARTESIAN_POINT ( 'NONE',  ( -0.1651356080489763956, 0.07874015748031495954, -0.1033464566929133965 ) ) ;
#1468 = ORIENTED_EDGE ( 'NONE', *, *, #2667, .T. ) ;
#1469 = PLANE ( 'NONE',  #1297 ) ;
#1470 = ORIENTED_EDGE ( 'NONE', *, *, #6895, .T. ) ;
#1471 = EDGE_LOOP ( 'NONE', ( #4637, #3216, #1573, #7338 ) ) ;
#1472 = VERTEX_POINT ( 'NONE', #6323 ) ;
#1473 = CARTESIAN_POINT ( 'NONE',  ( 0.1549212598425196985, -0.04724409448818897572, -0.009842519685031497767 ) ) ;
#1474 = EDGE_CURVE ( 'NONE', #6981, #2153, #2283, .T. ) ;
#1475 = LINE ( 'NONE', #1946, #7778 ) ;
#1476 = DIRECTION ( 'NONE',  ( 2.769026837888999904E-14, 4.133948085810000818E-13, 1.000000000000000000 ) ) ;
#1477 = LINE ( 'NONE', #7242, #8078 ) ;
#1478 = SURFACE_STYLE_USAGE ( .BOTH. , #7420 ) ;
#1479 = ORIENTED_EDGE ( 'NONE', *, *, #3403, .T. ) ;
#1480 = DIRECTION ( 'NONE',  ( 0.000000000000000000, 1.000000000000000000, 0.000000000000000000 ) ) ;
#1481 = FACE_OUTER_BOUND ( 'NONE', #6561, .T. ) ;
#1482 = DIRECTION ( 'NONE',  ( 0.9999342502356406426, -0.01146713589731043585, -3.197442310927128462E-12 ) ) ;
#1483 = AXIS2_PLACEMENT_3D ( 'NONE', #7837, #1886, #4515 ) ;
#1484 = VERTEX_POINT ( 'NONE', #3582 ) ;
#1485 = PRESENTATION_STYLE_ASSIGNMENT (( #3549 ) ) ;
#1486 = CARTESIAN_POINT ( 'NONE',  ( 0.08661417322834646937, -0.05905511811023622659, -0.1636970161619684949 ) ) ;
#1487 = VERTEX_POINT ( 'NONE', #6197 ) ;
#1488 = CARTESIAN_POINT ( 'NONE',  ( -0.1427165354330708902, -0.04724409448818897572, -0.04330708661417323468 ) ) ;
#1489 = VECTOR ( 'NONE', #562, 39.37007874015748143 ) ;
#1490 = EDGE_CURVE ( 'NONE', #4011, #5222, #6235, .T. ) ;
#1491 = DIRECTION ( 'NONE',  ( 0.01146713589732045388, -0.9999342502356404205, 0.000000000000000000 ) ) ;
#1492 = ADVANCED_FACE ( 'NONE', ( #5585 ), #8320, .F. ) ;
#1493 = ORIENTED_EDGE ( 'NONE', *, *, #3721, .F. ) ;
#1494 = VERTEX_POINT ( 'NONE', #1560 ) ;
#1495 = FACE_OUTER_BOUND ( 'NONE', #3834, .T. ) ;
#1496 = VECTOR ( 'NONE', #8453, 39.37007874015748854 ) ;
#1497 = ORIENTED_EDGE ( 'NONE', *, *, #2587, .T. ) ;
#1498 = DIRECTION ( 'NONE',  ( 0.000000000000000000, 0.000000000000000000, -1.000000000000000000 ) ) ;
#1499 = LINE ( 'NONE', #276, #1172 ) ;
#1500 = VERTEX_POINT ( 'NONE', #4890 ) ;
#1501 = FACE_OUTER_BOUND ( 'NONE', #2156, .T. ) ;
#1502 = EDGE_CURVE ( 'NONE', #7927, #8287, #4859, .T. ) ;
#1503 = DIMENSIONAL_EXPONENTS ( 1.000000000000000000, 0.000000000000000000, 0.000000000000000000, 0.000000000000000000, 0.000000000000000000, 0.000000000000000000, 0.000000000000000000 ) ;
#1504 = EDGE_CURVE ( 'NONE', #7838, #4881, #5420, .T. ) ;
#1505 = MANIFOLD_SOLID_BREP ( 'NONE', #2425 ) ;
#1506 = CARTESIAN_POINT ( 'NONE',  ( -0.1745966000192519796, 0.02248389079882283370, -0.01574803149606692973 ) ) ;
#1507 = ORIENTED_EDGE ( 'NONE', *, *, #1859, .T. ) ;
#1508 = DIRECTION ( 'NONE',  ( 1.000000000000000000, 0.000000000000000000, 0.000000000000000000 ) ) ;
#1509 = ORIENTED_EDGE ( 'NONE', *, *, #7141, .T. ) ;
#1510 = ORIENTED_EDGE ( 'NONE', *, *, #4318, .F. ) ;
#1511 = VERTEX_POINT ( 'NONE', #1450 ) ;
#1512 = CARTESIAN_POINT ( 'NONE',  ( 0.08169291338582677919, 0.05236220472440945156, 0.000000000000000000 ) ) ;
#1513 = VECTOR ( 'NONE', #493, 39.37007874015748143 ) ;
#1514 = EDGE_CURVE ( 'NONE', #2869, #4861, #5553, .T. ) ;
#1515 = DIRECTION ( 'NONE',  ( 0.000000000000000000, 0.000000000000000000, 1.000000000000000000 ) ) ;
#1516 = VECTOR ( 'NONE', #1578, 39.37007874015748143 ) ;
#1517 = LINE ( 'NONE', #4845, #5416 ) ;
#1518 = CARTESIAN_POINT ( 'NONE',  ( 0.08661417322834646937, -0.02874015748031496023, -0.1351503312329527529 ) ) ;
#1519 = EDGE_CURVE ( 'NONE', #4838, #4563, #4080, .T. ) ;
#1520 =( LENGTH_UNIT ( ) NAMED_UNIT ( * ) SI_UNIT ( $, .METRE. ) );
#1521 = ORIENTED_EDGE ( 'NONE', *, *, #3171, .F. ) ;
#1522 = EDGE_CURVE ( 'NONE', #8109, #4447, #6121, .T. ) ;
#1523 = DIRECTION ( 'NONE',  ( 1.000000000000000000, 0.000000000000000000, 0.000000000000000000 ) ) ;
#1524 = CARTESIAN_POINT ( 'NONE',  ( -0.01181102362206299175, -0.05905511811023622659, 0.02532139787885039420 ) ) ;
#1525 = VECTOR ( 'NONE', #2175, 39.37007874015748143 ) ;
#1526 = FACE_OUTER_BOUND ( 'NONE', #6939, .T. ) ;
#1527 = DIRECTION ( 'NONE',  ( 0.000000000000000000, 1.000000000000000000, 0.000000000000000000 ) ) ;
#1528 = AXIS2_PLACEMENT_3D ( 'NONE', #3624, #7468, #6284 ) ;
#1529 = EDGE_CURVE ( 'NONE', #3325, #277, #178, .T. ) ;
#1530 = EDGE_CURVE ( 'NONE', #2146, #4784, #8124, .T. ) ;
#1531 = ORIENTED_EDGE ( 'NONE', *, *, #6920, .T. ) ;
#1532 = CARTESIAN_POINT ( 'NONE',  ( -0.1706598510025984228, 0.02252903700314173169, -0.1062992125984252023 ) ) ;
#1533 = DIRECTION ( 'NONE',  ( 0.000000000000000000, 0.000000000000000000, 1.000000000000000000 ) ) ;
#1534 = VERTEX_POINT ( 'NONE', #5379 ) ;
#1535 = DIRECTION ( 'NONE',  ( -4.250072516143175362E-13, -3.698647291217048534E-11, 1.000000000000000000 ) ) ;
#1536 = FACE_OUTER_BOUND ( 'NONE', #2865, .T. ) ;
#1537 = VERTEX_POINT ( 'NONE', #793 ) ;
#1538 = ORIENTED_EDGE ( 'NONE', *, *, #2939, .F. ) ;
#1539 = PLANE ( 'NONE',  #458 ) ;
#1540 = VERTEX_POINT ( 'NONE', #3386 ) ;
#1541 = LINE ( 'NONE', #4176, #7301 ) ;
#1542 = DIRECTION ( 'NONE',  ( 0.000000000000000000, -1.000000000000000000, 0.000000000000000000 ) ) ;
#1543 = ORIENTED_EDGE ( 'NONE', *, *, #1412, .F. ) ;
#1544 = DIRECTION ( 'NONE',  ( 0.7660444431187217740, 4.167930536780789681E-14, 0.6427876096868448963 ) ) ;
#1545 = CARTESIAN_POINT ( 'NONE',  ( -0.1102362204724409434, -0.05905511811023622659, 0.06692913385826770867 ) ) ;
#1546 = EDGE_CURVE ( 'NONE', #434, #8061, #6819, .T. ) ;
#1547 = ORIENTED_EDGE ( 'NONE', *, *, #6128, .T. ) ;
#1548 = VECTOR ( 'NONE', #7760, 39.37007874015748143 ) ;
#1549 = LINE ( 'NONE', #4102, #4066 ) ;
#1550 = ORIENTED_EDGE ( 'NONE', *, *, #729, .T. ) ;
#1551 = ORIENTED_EDGE ( 'NONE', *, *, #6319, .F. ) ;
#1552 = VERTEX_POINT ( 'NONE', #2899 ) ;
#1553 = DIRECTION ( 'NONE',  ( -1.301042606982604816E-13, 1.099381002900301011E-11, 1.000000000000000000 ) ) ;
#1554 = PLANE ( 'NONE',  #4940 ) ;
#1555 = VECTOR ( 'NONE', #5497, 39.37007874015748143 ) ;
#1556 = PLANE ( 'NONE',  #2105 ) ;
#1557 = ADVANCED_FACE ( 'NONE', ( #2773 ), #6041, .T. ) ;
#1558 = EDGE_CURVE ( 'NONE', #3378, #1793, #1574, .T. ) ;
#1559 = CARTESIAN_POINT ( 'NONE',  ( 0.1785333490359448938, 0.02243874459449999789, -0.1062992125984645736 ) ) ;
#1560 = CARTESIAN_POINT ( 'NONE',  ( -0.1053149606299212532, -0.04724409448818897572, -0.09448818897637795144 ) ) ;
#1561 = VERTEX_POINT ( 'NONE', #263 ) ;
#1562 = VECTOR ( 'NONE', #3433, 39.37007874015748143 ) ;
#1563 = VECTOR ( 'NONE', #1591, 39.37007874015748143 ) ;
#1564 = PLANE ( 'NONE',  #6632 ) ;
#1565 = DIRECTION ( 'NONE',  ( 1.000000000000000000, 0.000000000000000000, 0.000000000000000000 ) ) ;
#1566 = CARTESIAN_POINT ( 'NONE',  ( 0.1306858127108901368, 0.06988188976377952832, 0.000000000000000000 ) ) ;
#1567 = EDGE_CURVE ( 'NONE', #7893, #2370, #8206, .T. ) ;
#1568 = AXIS2_PLACEMENT_3D ( 'NONE', #2635, #126, #3282 ) ;
#1569 = DIRECTION ( 'NONE',  ( 1.000000000000000000, 0.000000000000000000, 0.000000000000000000 ) ) ;
#1570 = AXIS2_PLACEMENT_3D ( 'NONE', #7552, #3667, #1078 ) ;
#1571 = DIRECTION ( 'NONE',  ( 1.000000000000000000, 0.000000000000000000, 0.000000000000000000 ) ) ;
#1572 = EDGE_CURVE ( 'NONE', #75, #795, #2090, .T. ) ;
#1573 = ORIENTED_EDGE ( 'NONE', *, *, #4193, .T. ) ;
#1574 = LINE ( 'NONE', #4123, #3700 ) ;
#1575 = LINE ( 'NONE', #265, #3662 ) ;
#1576 = VECTOR ( 'NONE', #6407, 39.37007874015748143 ) ;
#1577 = ORIENTED_EDGE ( 'NONE', *, *, #6921, .T. ) ;
#1578 = DIRECTION ( 'NONE',  ( 1.000000000000000000, 0.000000000000000000, 0.000000000000000000 ) ) ;
#1579 = EDGE_CURVE ( 'NONE', #2821, #4301, #5679, .T. ) ;
#1580 = AXIS2_PLACEMENT_3D ( 'NONE', #6299, #355, #476 ) ;
#1581 = FACE_OUTER_BOUND ( 'NONE', #7024, .T. ) ;
#1582 = VERTEX_POINT ( 'NONE', #2336 ) ;
#1583 = ORIENTED_EDGE ( 'NONE', *, *, #856, .F. ) ;
#1584 = CARTESIAN_POINT ( 'NONE',  ( 0.1708510933929921483, 0.03920537344811417246, -0.03543307086614566614 ) ) ;
#1585 = ORIENTED_EDGE ( 'NONE', *, *, #2930, .T. ) ;
#1586 = CARTESIAN_POINT ( 'NONE',  ( -0.08661417322838584065, -0.05740842757657479978, -0.1604947548546062919 ) ) ;
#1587 = CARTESIAN_POINT ( 'NONE',  ( 0.08661417322834646937, -0.04724409448818897572, -0.1696038517685826696 ) ) ;
#1588 = ORIENTED_EDGE ( 'NONE', *, *, #5538, .T. ) ;
#1589 = DIRECTION ( 'NONE',  ( 0.000000000000000000, 0.000000000000000000, 1.000000000000000000 ) ) ;
#1590 = COLOUR_RGB ( '',0.7921568627450980005, 0.8196078431372548767, 0.9333333333333333481 ) ;
#1591 = DIRECTION ( 'NONE',  ( 0.000000000000000000, 0.000000000000000000, 1.000000000000000000 ) ) ;
#1592 = AXIS2_PLACEMENT_3D ( 'NONE', #7091, #1720, #1149 ) ;
#1593 = ORIENTED_EDGE ( 'NONE', *, *, #7675, .F. ) ;
#1594 = DIRECTION ( 'NONE',  ( -1.000000000000000000, 0.000000000000000000, 0.000000000000000000 ) ) ;
#1595 = ORIENTED_EDGE ( 'NONE', *, *, #8554, .F. ) ;
#1596 = LINE ( 'NONE', #4185, #8262 ) ;
#1597 = VERTEX_POINT ( 'NONE', #5719 ) ;
#1598 = DIRECTION ( 'NONE',  ( 0.000000000000000000, 0.000000000000000000, 1.000000000000000000 ) ) ;
#1599 = VECTOR ( 'NONE', #94, 39.37007874015748143 ) ;
#1600 = CARTESIAN_POINT ( 'NONE',  ( 0.1781496062992126150, 0.02362204724409055004, 0.000000000000000000 ) ) ;
#1601 = CARTESIAN_POINT ( 'NONE',  ( -0.01945986453562204704, 0.07086614173228346358, -0.009842519685039369942 ) ) ;
#1602 = LINE ( 'NONE', #949, #6479 ) ;
#1603 = AXIS2_PLACEMENT_3D ( 'NONE', #6465, #6377, #1738 ) ;
#1604 = ORIENTED_EDGE ( 'NONE', *, *, #1996, .F. ) ;
#1605 = DIRECTION ( 'NONE',  ( 1.127570259384926757E-13, 1.040183564282594731E-11, -1.000000000000000000 ) ) ;
#1606 = DIRECTION ( 'NONE',  ( 0.000000000000000000, 0.000000000000000000, 1.000000000000000000 ) ) ;
#1607 = ADVANCED_FACE ( 'NONE', ( #3756 ), #7636, .T. ) ;
#1608 = ADVANCED_FACE ( 'NONE', ( #1694 ), #8412, .F. ) ;
#1609 = LINE ( 'NONE', #260, #5674 ) ;
#1610 = LINE ( 'NONE', #8162, #7252 ) ;
#1611 = ORIENTED_EDGE ( 'NONE', *, *, #3422, .F. ) ;
#1612 = PLANE ( 'NONE',  #3508 ) ;
#1613 = DIRECTION ( 'NONE',  ( 1.000000000000000000, 0.000000000000000000, -1.031655273780000052E-14 ) ) ;
#1614 = CARTESIAN_POINT ( 'NONE',  ( -0.01181102362206299175, -0.02644984013992125738, -0.1383525925402755985 ) ) ;
#1615 = ORIENTED_EDGE ( 'NONE', *, *, #3566, .T. ) ;
#1616 = DIRECTION ( 'NONE',  ( 0.000000000000000000, 1.000000000000000000, 0.000000000000000000 ) ) ;
#1617 = CARTESIAN_POINT ( 'NONE',  ( 0.09399606299212598381, -0.03602362204724409572, -0.07578740157480315376 ) ) ;
#1618 = ORIENTED_EDGE ( 'NONE', *, *, #4169, .T. ) ;
#1619 = ORIENTED_EDGE ( 'NONE', *, *, #3028, .F. ) ;
#1620 = CYLINDRICAL_SURFACE ( 'NONE', #1711, 0.003937007874015741038 ) ;
#1621 = ORIENTED_EDGE ( 'NONE', *, *, #7571, .F. ) ;
#1622 = DIRECTION ( 'NONE',  ( -0.2676438637862958436, 0.9635179096298845947, 0.000000000000000000 ) ) ;
#1623 = DIRECTION ( 'NONE',  ( -0.000000000000000000, 1.000000000000000000, 0.000000000000000000 ) ) ;
#1624 = ORIENTED_EDGE ( 'NONE', *, *, #6536, .T. ) ;
#1625 = ADVANCED_FACE ( 'NONE', ( #3629 ), #6982, .F. ) ;
#1626 = CARTESIAN_POINT ( 'NONE',  ( 0.1696850393700787274, 0.02362204724409055004, -0.1023622047244094474 ) ) ;
#1627 = VECTOR ( 'NONE', #8584, 39.37007874015748854 ) ;
#1628 = EDGE_LOOP ( 'NONE', ( #6904, #7624, #1943, #1294 ) ) ;
#1629 = ADVANCED_FACE ( 'NONE', ( #5103 ), #1652, .F. ) ;
#1630 = DIRECTION ( 'NONE',  ( -1.000000000000000000, 0.000000000000000000, 0.000000000000000000 ) ) ;
#1631 = VECTOR ( 'NONE', #1776, 39.37007874015748143 ) ;
#1632 = ORIENTED_EDGE ( 'NONE', *, *, #5472, .F. ) ;
#1633 = DIRECTION ( 'NONE',  ( 0.9999342502356429740, 0.01146713589710050135, -1.342730914396869947E-15 ) ) ;
#1634 = ORIENTED_EDGE ( 'NONE', *, *, #6673, .T. ) ;
#1635 = FACE_OUTER_BOUND ( 'NONE', #8364, .T. ) ;
#1636 = ORIENTED_EDGE ( 'NONE', *, *, #393, .F. ) ;
#1637 = DIRECTION ( 'NONE',  ( 0.000000000000000000, 1.000000000000000000, 0.000000000000000000 ) ) ;
#1638 = CARTESIAN_POINT ( 'NONE',  ( -0.1496062992125984370, 0.07086614173228346358, -0.03543307086614566614 ) ) ;
#1639 = CARTESIAN_POINT ( 'NONE',  ( -0.1102362204724409434, -0.01463872515205118068, -0.1442580276120078997 ) ) ;
#1640 = VECTOR ( 'NONE', #6772, 39.37007874015748143 ) ;
#1641 =( NAMED_UNIT ( * ) SI_UNIT ( $, .STERADIAN. ) SOLID_ANGLE_UNIT ( ) );
#1642 = VERTEX_POINT ( 'NONE', #1043 ) ;
#1643 = DIRECTION ( 'NONE',  ( 1.000000000000000000, 0.000000000000000000, 0.000000000000000000 ) ) ;
#1644 = CARTESIAN_POINT ( 'NONE',  ( -0.01710134031073622107, 0.01968503937007873988, -0.01265329940327165371 ) ) ;
#1645 = AXIS2_PLACEMENT_3D ( 'NONE', #5246, #3302, #3208 ) ;
#1646 = EDGE_CURVE ( 'NONE', #5754, #922, #3672, .T. ) ;
#1647 = CYLINDRICAL_SURFACE ( 'NONE', #1387, 0.003937007874015758385 ) ;
#1648 = CARTESIAN_POINT ( 'NONE',  ( -0.1200787401574803237, 0.07874015748031495954, -0.1318897637795275746 ) ) ;
#1649 = EDGE_CURVE ( 'NONE', #4387, #8454, #389, .T. ) ;
#1650 = VERTEX_POINT ( 'NONE', #8248 ) ;
#1651 = DIRECTION ( 'NONE',  ( 0.000000000000000000, 0.000000000000000000, -1.000000000000000000 ) ) ;
#1652 = PLANE ( 'NONE',  #4944 ) ;
#1653 = VECTOR ( 'NONE', #7204, 39.37007874015748143 ) ;
#1654 = FACE_OUTER_BOUND ( 'NONE', #6661, .T. ) ;
#1655 = ORIENTED_EDGE ( 'NONE', *, *, #5309, .T. ) ;
#1656 = LINE ( 'NONE', #472, #4409 ) ;
#1657 = EDGE_CURVE ( 'NONE', #7891, #4101, #3064, .T. ) ;
#1658 = LINE ( 'NONE', #598, #8490 ) ;
#1659 = ADVANCED_FACE ( 'NONE', ( #2295 ), #6941, .T. ) ;
#1660 = VERTEX_POINT ( 'NONE', #469 ) ;
#1661 = EDGE_CURVE ( 'NONE', #1537, #2022, #3108, .T. ) ;
#1662 = DIRECTION ( 'NONE',  ( -1.000000000000000000, 0.000000000000000000, 0.000000000000000000 ) ) ;
#1663 = VERTEX_POINT ( 'NONE', #7766 ) ;
#1664 = CARTESIAN_POINT ( 'NONE',  ( 0.01181102362202755829, -0.04724409448818897572, 0.06692913385826770867 ) ) ;
#1665 = DIRECTION ( 'NONE',  ( -1.000000000000000000, 0.000000000000000000, 0.000000000000000000 ) ) ;
#1666 = EDGE_LOOP ( 'NONE', ( #450, #7900, #1429, #3847 ) ) ;
#1667 = DIRECTION ( 'NONE',  ( -1.000000000000000000, 0.000000000000000000, 0.000000000000000000 ) ) ;
#1668 = EDGE_CURVE ( 'NONE', #6830, #825, #7026, .T. ) ;
#1669 = LINE ( 'NONE', #4298, #7801 ) ;
#1670 = EDGE_CURVE ( 'NONE', #5085, #2530, #1123, .T. ) ;
#1671 = CARTESIAN_POINT ( 'NONE',  ( -0.1505905511811023723, 0.07874015748031495954, -0.03444881889764173089 ) ) ;
#1672 = EDGE_CURVE ( 'NONE', #8349, #8393, #427, .T. ) ;
#1673 = ORIENTED_EDGE ( 'NONE', *, *, #2446, .F. ) ;
#1674 = FACE_OUTER_BOUND ( 'NONE', #1933, .T. ) ;
#1675 = ADVANCED_FACE ( 'NONE', ( #5764 ), #303, .F. ) ;
#1676 = ORIENTED_EDGE ( 'NONE', *, *, #8006, .T. ) ;
#1677 = ORIENTED_EDGE ( 'NONE', *, *, #3043, .T. ) ;
#1678 = ORIENTED_EDGE ( 'NONE', *, *, #3623, .T. ) ;
#1679 = FACE_OUTER_BOUND ( 'NONE', #4619, .T. ) ;
#1680 = ORIENTED_EDGE ( 'NONE', *, *, #6013, .T. ) ;
#1681 = ADVANCED_FACE ( 'NONE', ( #5596 ), #6292, .T. ) ;
#1682 = DIRECTION ( 'NONE',  ( 0.000000000000000000, 0.000000000000000000, 1.000000000000000000 ) ) ;
#1683 = CARTESIAN_POINT ( 'NONE',  ( 0.1781496062992126150, 0.03188976377952362079, 0.000000000000000000 ) ) ;
#1684 = CARTESIAN_POINT ( 'NONE',  ( -0.1240157480314960647, 0.07874015748031495954, -0.1377952755905511861 ) ) ;
#1685 = VERTEX_POINT ( 'NONE', #1824 ) ;
#1686 = LINE ( 'NONE', #7015, #4513 ) ;
#1687 = VECTOR ( 'NONE', #3153, 39.37007874015748143 ) ;
#1688 = VECTOR ( 'NONE', #7711, 39.37007874015748143 ) ;
#1689 = DIRECTION ( 'NONE',  ( -1.000000000000000000, 0.000000000000000000, 0.000000000000000000 ) ) ;
#1690 = FACE_OUTER_BOUND ( 'NONE', #5179, .T. ) ;
#1691 = VECTOR ( 'NONE', #1880, 39.37007874015748143 ) ;
#1692 = AXIS2_PLACEMENT_3D ( 'NONE', #3269, #8530, #4749 ) ;
#1693 = ORIENTED_EDGE ( 'NONE', *, *, #1522, .F. ) ;
#1694 = FACE_OUTER_BOUND ( 'NONE', #2409, .T. ) ;
#1695 = CARTESIAN_POINT ( 'NONE',  ( -0.1781496062992126150, 0.02362204724409055004, 0.000000000000000000 ) ) ;
#1696 = ADVANCED_FACE ( 'NONE', ( #3194 ), #7950, .T. ) ;
#1697 = ORIENTED_EDGE ( 'NONE', *, *, #4575, .T. ) ;
#1698 = CARTESIAN_POINT ( 'NONE',  ( 0.01181102362202755829, -0.02480314960629921572, -0.009842519685031497767 ) ) ;
#1699 = AXIS2_PLACEMENT_3D ( 'NONE', #6807, #5498, #8153 ) ;
#1700 = VECTOR ( 'NONE', #6223, 39.37007874015748143 ) ;
#1701 = AXIS2_PLACEMENT_3D ( 'NONE', #6676, #6535, #5357 ) ;
#1702 = EDGE_LOOP ( 'NONE', ( #7743, #7356, #8489, #6138 ) ) ;
#1703 = VECTOR ( 'NONE', #5227, 39.37007874015748143 ) ;
#1704 = CARTESIAN_POINT ( 'NONE',  ( 0.08661417322834646937, -0.02480314960629921572, 0.000000000000000000 ) ) ;
#1705 = CARTESIAN_POINT ( 'NONE',  ( 0.01181102362202755829, -0.05740842757661417800, 0.02211913657151574897 ) ) ;
#1706 = LINE ( 'NONE', #3033, #1038 ) ;
#1707 = ORIENTED_EDGE ( 'NONE', *, *, #7549, .T. ) ;
#1708 = LINE ( 'NONE', #6389, #683 ) ;
#1709 = EDGE_CURVE ( 'NONE', #8061, #4881, #6552, .T. ) ;
#1710 = ADVANCED_FACE ( 'NONE', ( #8456 ), #5330, .T. ) ;
#1711 = AXIS2_PLACEMENT_3D ( 'NONE', #4133, #929, #3436 ) ;
#1712 = CARTESIAN_POINT ( 'NONE',  ( 0.1706598510025984228, 0.02252903700314173169, -0.1062992125984252023 ) ) ;
#1713 = LINE ( 'NONE', #321, #6259 ) ;
#1714 = VERTEX_POINT ( 'NONE', #7902 ) ;
#1715 = ORIENTED_EDGE ( 'NONE', *, *, #11, .F. ) ;
#1716 = DIRECTION ( 'NONE',  ( 1.000000000000000000, 0.000000000000000000, 0.000000000000000000 ) ) ;
#1717 = ORIENTED_EDGE ( 'NONE', *, *, #8080, .F. ) ;
#1718 = DIRECTION ( 'NONE',  ( 0.000000000000000000, -0.5817406044485053940, -0.8133743720673080047 ) ) ;
#1719 = ORIENTED_EDGE ( 'NONE', *, *, #2380, .T. ) ;
#1720 = DIRECTION ( 'NONE',  ( 1.000000000000000000, 0.000000000000000000, 0.000000000000000000 ) ) ;
#1721 = EDGE_LOOP ( 'NONE', ( #5598, #5967, #2264, #286, #7600 ) ) ;
#1722 = DIRECTION ( 'NONE',  ( 0.000000000000000000, 1.000000000000000000, 0.000000000000000000 ) ) ;
#1723 = EDGE_CURVE ( 'NONE', #3714, #1660, #5944, .T. ) ;
#1724 = VECTOR ( 'NONE', #7790, 39.37007874015748143 ) ;
#1725 = PLANE ( 'NONE',  #6812 ) ;
#1726 = CARTESIAN_POINT ( 'NONE',  ( 0.01181102362202755829, -0.02480314960629921572, -0.1279527559055118058 ) ) ;
#1727 = SURFACE_STYLE_FILL_AREA ( #7544 ) ;
#1728 = ORIENTED_EDGE ( 'NONE', *, *, #2278, .T. ) ;
#1729 = CARTESIAN_POINT ( 'NONE',  ( -0.004577409918022453360, 0.05236220472440945156, -0.009504928712296191809 ) ) ;
#1730 = AXIS2_PLACEMENT_3D ( 'NONE', #4922, #2725, #1637 ) ;
#1731 = EDGE_CURVE ( 'NONE', #3477, #2493, #7247, .T. ) ;
#1732 = CARTESIAN_POINT ( 'NONE',  ( 0.1707501434112204397, 0.03040253503649213013, -0.1062992125984252023 ) ) ;
#1733 = LINE ( 'NONE', #3588, #7945 ) ;
#1734 = VECTOR ( 'NONE', #3252, 39.37007874015748143 ) ;
#1735 = EDGE_LOOP ( 'NONE', ( #4437, #3927, #3873, #5299 ) ) ;
#1736 = DIRECTION ( 'NONE',  ( 0.000000000000000000, 0.000000000000000000, 1.000000000000000000 ) ) ;
#1737 = CARTESIAN_POINT ( 'NONE',  ( -0.1210629921259842590, -0.05905511811023622659, -0.09448818897637795144 ) ) ;
#1738 = DIRECTION ( 'NONE',  ( 1.000000000000000000, 0.000000000000000000, 0.000000000000000000 ) ) ;
#1739 = ORIENTED_EDGE ( 'NONE', *, *, #1649, .F. ) ;
#1740 = CARTESIAN_POINT ( 'NONE',  ( -0.08267716535429132929, -0.02480314960629921572, -0.04330708661417323468 ) ) ;
#1741 = VECTOR ( 'NONE', #5639, 39.37007874015748854 ) ;
#1742 = EDGE_CURVE ( 'NONE', #681, #6842, #8154, .T. ) ;
#1743 = EDGE_LOOP ( 'NONE', ( #3889, #2410, #7975, #6148 ) ) ;
#1744 = CARTESIAN_POINT ( 'NONE',  ( 0.01181102362202755829, -0.02480314960629921572, 0.000000000000000000 ) ) ;
#1745 = FACE_OUTER_BOUND ( 'NONE', #6710, .T. ) ;
#1746 = CARTESIAN_POINT ( 'NONE',  ( -0.1787245914263385915, 0.03911508103945275650, -0.03937007874015747977 ) ) ;
#1747 = ORIENTED_EDGE ( 'NONE', *, *, #4201, .T. ) ;
#1748 = DIRECTION ( 'NONE',  ( 1.000000000000000000, 0.000000000000000000, 0.000000000000000000 ) ) ;
#1749 = AXIS2_PLACEMENT_3D ( 'NONE', #1664, #889, #2870 ) ;
#1750 = ADVANCED_FACE ( 'NONE', ( #2504 ), #1169, .F. ) ;
#1751 = CARTESIAN_POINT ( 'NONE',  ( -0.1781496062992126150, 0.02362204724409055004, -0.1023622047244094474 ) ) ;
#1752 = CARTESIAN_POINT ( 'NONE',  ( 0.04625984251968504046, -0.04724409448818897572, -0.04330708661417323468 ) ) ;
#1753 = ORIENTED_EDGE ( 'NONE', *, *, #3473, .T. ) ;
#1754 = DIRECTION ( 'NONE',  ( 1.000000000000000000, 0.000000000000000000, 0.000000000000000000 ) ) ;
#1755 = VECTOR ( 'NONE', #5290, 39.37007874015748143 ) ;
#1756 = ADVANCED_FACE ( 'NONE', ( #2551 ), #5281, .T. ) ;
#1757 = ORIENTED_EDGE ( 'NONE', *, *, #881, .T. ) ;
#1758 = LINE ( 'NONE', #7089, #1053 ) ;
#1759 = ADVANCED_FACE ( 'NONE', ( #1865 ), #3894, .T. ) ;
#1760 = EDGE_LOOP ( 'NONE', ( #7042, #3397, #4662, #1550 ) ) ;
#1761 = DIRECTION ( 'NONE',  ( -1.000000000000000000, 0.000000000000000000, 0.000000000000000000 ) ) ;
#1762 = EDGE_LOOP ( 'NONE', ( #7757, #1632, #7962, #8525 ) ) ;
#1763 = PLANE ( 'NONE',  #521 ) ;
#1764 = VECTOR ( 'NONE', #4841, 39.37007874015748143 ) ;
#1765 = CARTESIAN_POINT ( 'NONE',  ( -0.08661417322838584065, -0.04559749532043306380, -0.1664016558098031506 ) ) ;
#1766 = CARTESIAN_POINT ( 'NONE',  ( -0.1102362204724409434, -0.04724409448818897572, 0.06692913385826770867 ) ) ;
#1767 = EDGE_CURVE ( 'NONE', #7122, #6048, #649, .T. ) ;
#1768 = ORIENTED_EDGE ( 'NONE', *, *, #4353, .T. ) ;
#1769 = ORIENTED_EDGE ( 'NONE', *, *, #495, .F. ) ;
#1770 = FACE_OUTER_BOUND ( 'NONE', #6523, .T. ) ;
#1771 = CARTESIAN_POINT ( 'NONE',  ( 0.1696850393700787274, 0.02362204724409055004, 0.000000000000000000 ) ) ;
#1772 = AXIS2_PLACEMENT_3D ( 'NONE', #4583, #2685, #2595 ) ;
#1773 = PLANE ( 'NONE',  #1005 ) ;
#1774 = EDGE_CURVE ( 'NONE', #2866, #6579, #555, .T. ) ;
#1775 = EDGE_CURVE ( 'NONE', #1540, #975, #5189, .T. ) ;
#1776 = DIRECTION ( 'NONE',  ( 0.000000000000000000, -1.947648391771000442E-14, 1.000000000000000000 ) ) ;
#1777 = EDGE_LOOP ( 'NONE', ( #5071, #1283, #6870, #1583, #6409, #1235, #6340, #6900 ) ) ;
#1778 = ORIENTED_EDGE ( 'NONE', *, *, #7354, .F. ) ;
#1779 = CARTESIAN_POINT ( 'NONE',  ( 0.05757874015748031676, -0.03602362204724409572, -0.04330708661417323468 ) ) ;
#1780 = CARTESIAN_POINT ( 'NONE',  ( -0.1102362204724409434, -0.04724409448818897572, 0.06692913385826770867 ) ) ;
#1781 = DIRECTION ( 'NONE',  ( 1.000000000000000000, 0.000000000000000000, 0.000000000000000000 ) ) ;
#1782 = ORIENTED_EDGE ( 'NONE', *, *, #4574, .F. ) ;
#1783 = PLANE ( 'NONE',  #6222 ) ;
#1784 = VECTOR ( 'NONE', #6850, 39.37007874015748143 ) ;
#1785 = LINE ( 'NONE', #4413, #7508 ) ;
#1786 = EDGE_CURVE ( 'NONE', #2306, #2575, #7039, .T. ) ;
#1787 = EDGE_CURVE ( 'NONE', #2741, #1347, #6463, .T. ) ;
#1788 = AXIS2_PLACEMENT_3D ( 'NONE', #2052, #7353, #3389 ) ;
#1789 = ORIENTED_EDGE ( 'NONE', *, *, #4886, .T. ) ;
#1790 = DIRECTION ( 'NONE',  ( 0.9999342502356441953, -0.01146713589699050427, 4.440892098508200489E-14 ) ) ;
#1791 = CYLINDRICAL_SURFACE ( 'NONE', #1350, 0.003937007874015749712 ) ;
#1792 = CARTESIAN_POINT ( 'NONE',  ( 0.1210629921259842590, -0.05905511811023622659, -0.09448818897637795144 ) ) ;
#1793 = VERTEX_POINT ( 'NONE', #2639 ) ;
#1794 = CYLINDRICAL_SURFACE ( 'NONE', #8166, 0.007874015748031499423 ) ;
#1795 = AXIS2_PLACEMENT_3D ( 'NONE', #306, #880, #1535 ) ;
#1796 = CARTESIAN_POINT ( 'NONE',  ( -0.1696850393700787274, 0.02362204724409055004, 0.000000000000000000 ) ) ;
#1797 = LINE ( 'NONE', #8387, #5840 ) ;
#1798 = ORIENTED_EDGE ( 'NONE', *, *, #4617, .T. ) ;
#1799 = ORIENTED_EDGE ( 'NONE', *, *, #7822, .T. ) ;
#1800 = DIRECTION ( 'NONE',  ( -1.000000000000000000, 0.000000000000000000, -1.317659431857000167E-14 ) ) ;
#1801 = VECTOR ( 'NONE', #2812, 39.37007874015748143 ) ;
#1802 = ORIENTED_EDGE ( 'NONE', *, *, #8443, .T. ) ;
#1803 = CARTESIAN_POINT ( 'NONE',  ( -0.1102362204724409434, -0.02480314960629921572, -0.009842519685031497767 ) ) ;
#1804 = ORIENTED_EDGE ( 'NONE', *, *, #2923, .F. ) ;
#1805 = DIRECTION ( 'NONE',  ( 0.000000000000000000, 0.000000000000000000, 1.000000000000000000 ) ) ;
#1806 = VERTEX_POINT ( 'NONE', #512 ) ;
#1807 = DIRECTION ( 'NONE',  ( -3.201452517761999724E-14, 0.000000000000000000, 1.000000000000000000 ) ) ;
#1808 = EDGE_CURVE ( 'NONE', #5920, #4360, #8574, .T. ) ;
#1809 = DIRECTION ( 'NONE',  ( 0.000000000000000000, 1.000000000000000000, 0.000000000000000000 ) ) ;
#1810 = EDGE_LOOP ( 'NONE', ( #7352, #5444, #7948, #310 ) ) ;
#1811 = DIRECTION ( 'NONE',  ( 0.000000000000000000, 0.000000000000000000, -1.000000000000000000 ) ) ;
#1812 = ORIENTED_EDGE ( 'NONE', *, *, #5191, .F. ) ;
#1813 = VERTEX_POINT ( 'NONE', #5985 ) ;
#1814 = DIRECTION ( 'NONE',  ( 1.000000000000000000, 0.000000000000000000, -4.172588200889000086E-14 ) ) ;
#1815 = EDGE_CURVE ( 'NONE', #6628, #4692, #44, .T. ) ;
#1816 = EDGE_CURVE ( 'NONE', #4006, #1537, #5501, .T. ) ;
#1817 = CARTESIAN_POINT ( 'NONE',  ( -0.1791338582677165503, 0.07480314960618110465, -0.1023622047244094474 ) ) ;
#1818 = CARTESIAN_POINT ( 'NONE',  ( -0.08661417322838584065, -0.04724409448818897572, 0.06692913385826770867 ) ) ;
#1819 = DIRECTION ( 'NONE',  ( 1.000000000000000000, 0.000000000000000000, 0.000000000000000000 ) ) ;
#1820 = CARTESIAN_POINT ( 'NONE',  ( -0.1651356080489763956, 0.07874015748031495954, 0.000000000000000000 ) ) ;
#1821 = ORIENTED_EDGE ( 'NONE', *, *, #7503, .T. ) ;
#1822 = DIRECTION ( 'NONE',  ( 0.000000000000000000, 0.000000000000000000, -1.000000000000000000 ) ) ;
#1823 = AXIS2_PLACEMENT_3D ( 'NONE', #3234, #4364, #3795 ) ;
#1824 = CARTESIAN_POINT ( 'NONE',  ( -0.01181102362205905393, -0.04724409448818897572, -0.2047244094488188948 ) ) ;
#1825 = DIRECTION ( 'NONE',  ( 0.9999342502356395324, -0.01146713589740037606, 5.977035052740776810E-17 ) ) ;
#1826 = LINE ( 'NONE', #514, #4143 ) ;
#1827 = VECTOR ( 'NONE', #5194, 39.37007874015748143 ) ;
#1828 = CARTESIAN_POINT ( 'NONE',  ( -0.1427165354330708902, -0.04724409448818897572, -0.09448818897637795144 ) ) ;
#1829 = ORIENTED_EDGE ( 'NONE', *, *, #589, .T. ) ;
#1830 = CARTESIAN_POINT ( 'NONE',  ( -0.02460629921259842659, 0.07086614173228346358, -0.009842519685039369942 ) ) ;
#1831 = CARTESIAN_POINT ( 'NONE',  ( 0.000000000000000000, -0.04724409448818897572, -0.06889763779527559306 ) ) ;
#1832 = LINE ( 'NONE', #399, #7977 ) ;
#1833 = VECTOR ( 'NONE', #2303, 39.37007874015748143 ) ;
#1834 = ORIENTED_EDGE ( 'NONE', *, *, #494, .F. ) ;
#1835 = LINE ( 'NONE', #4421, #4682 ) ;
#1836 = VECTOR ( 'NONE', #3498, 39.37007874015748143 ) ;
#1837 = PLANE ( 'NONE',  #5295 ) ;
#1838 = VECTOR ( 'NONE', #6436, 39.37007874015748143 ) ;
#1839 = LINE ( 'NONE', #6308, #1000 ) ;
#1840 = ORIENTED_EDGE ( 'NONE', *, *, #7572, .F. ) ;
#1841 = ORIENTED_EDGE ( 'NONE', *, *, #7416, .T. ) ;
#1842 = LINE ( 'NONE', #5167, #2532 ) ;
#1843 = ORIENTED_EDGE ( 'NONE', *, *, #4832, .F. ) ;
#1844 = CARTESIAN_POINT ( 'NONE',  ( -0.1549212598425196985, -0.02480314960629921572, -0.009842519685031497767 ) ) ;
#1845 = ORIENTED_EDGE ( 'NONE', *, *, #5790, .T. ) ;
#1846 = DIRECTION ( 'NONE',  ( 1.000000000000000000, 0.000000000000000000, 0.000000000000000000 ) ) ;
#1847 = ORIENTED_EDGE ( 'NONE', *, *, #8323, .F. ) ;
#1848 = CARTESIAN_POINT ( 'NONE',  ( 0.01181102362202755829, -0.01889763779527559029, -0.06889763779527559306 ) ) ;
#1849 = VECTOR ( 'NONE', #2437, 39.37007874015748854 ) ;
#1850 = CARTESIAN_POINT ( 'NONE',  ( -0.1210629921259842590, -0.04724409448818897572, -0.1161417322834645688 ) ) ;
#1851 = VECTOR ( 'NONE', #7119, 39.37007874015748143 ) ;
#1852 = CARTESIAN_POINT ( 'NONE',  ( 0.08267716535433070058, -0.04724409448818897572, -0.07578740157480315376 ) ) ;
#1853 = EDGE_LOOP ( 'NONE', ( #2807, #574, #5990, #8057 ) ) ;
#1854 = ORIENTED_EDGE ( 'NONE', *, *, #2939, .T. ) ;
#1855 = CARTESIAN_POINT ( 'NONE',  ( -0.01181102362205905393, -0.04724409448818897572, 0.06692913385826770867 ) ) ;
#1856 = CIRCLE ( 'NONE', #6015, 0.003937007874015749712 ) ;
#1857 = CARTESIAN_POINT ( 'NONE',  ( 0.07086614173228346358, 0.07086614173228346358, -0.03740157480314960925 ) ) ;
#1858 = LINE ( 'NONE', #4444, #5151 ) ;
#1859 = EDGE_CURVE ( 'NONE', #6623, #201, #120, .T. ) ;
#1860 = PLANE ( 'NONE',  #4047 ) ;
#1861 = LINE ( 'NONE', #1820, #3831 ) ;
#1862 = VECTOR ( 'NONE', #6711, 39.37007874015748143 ) ;
#1863 = EDGE_LOOP ( 'NONE', ( #6016, #6100, #4405, #7453 ) ) ;
#1864 = PLANE ( 'NONE',  #2400 ) ;
#1865 = FACE_OUTER_BOUND ( 'NONE', #5293, .T. ) ;
#1866 = EDGE_CURVE ( 'NONE', #7313, #107, #5411, .T. ) ;
#1867 = EDGE_CURVE ( 'NONE', #3131, #1806, #2040, .T. ) ;
#1868 = DIRECTION ( 'NONE',  ( 0.000000000000000000, 1.000000000000000000, 0.000000000000000000 ) ) ;
#1869 = CARTESIAN_POINT ( 'NONE',  ( -0.1781496062992126150, -0.01102362204724409434, -0.1377952755905511861 ) ) ;
#1870 = VECTOR ( 'NONE', #4901, 39.37007874015748143 ) ;
#1871 = CARTESIAN_POINT ( 'NONE',  ( 0.1712141755981102520, 0.07086614173228346358, -0.1023622047244094474 ) ) ;
#1872 = VERTEX_POINT ( 'NONE', #826 ) ;
#1873 = PLANE ( 'NONE',  #1300 ) ;
#1874 = DIRECTION ( 'NONE',  ( 0.000000000000000000, 1.000000000000000000, 0.000000000000000000 ) ) ;
#1875 = DIRECTION ( 'NONE',  ( -0.000000000000000000, 1.000000000000000000, 0.000000000000000000 ) ) ;
#1876 = FACE_OUTER_BOUND ( 'NONE', #5730, .T. ) ;
#1877 = ORIENTED_EDGE ( 'NONE', *, *, #6995, .T. ) ;
#1878 = CARTESIAN_POINT ( 'NONE',  ( 0.01181102362202755829, -0.05511811023622047168, -0.1636970161619684949 ) ) ;
#1879 = LINE ( 'NONE', #3467, #2804 ) ;
#1880 = DIRECTION ( 'NONE',  ( 2.497181516606954870E-06, 0.000000000000000000, -0.9999999999968820497 ) ) ;
#1881 = ORIENTED_EDGE ( 'NONE', *, *, #7112, .T. ) ;
#1882 = EDGE_CURVE ( 'NONE', #1663, #2096, #1395, .T. ) ;
#1883 = VERTEX_POINT ( 'NONE', #910 ) ;
#1884 = CARTESIAN_POINT ( 'NONE',  ( 0.1708510933929921483, 0.03920537344813779246, -0.1023622047244094474 ) ) ;
#1885 = VERTEX_POINT ( 'NONE', #2726 ) ;
#1886 = DIRECTION ( 'NONE',  ( -0.000000000000000000, 1.000000000000000000, 0.000000000000000000 ) ) ;
#1887 = ORIENTED_EDGE ( 'NONE', *, *, #4438, .F. ) ;
#1888 = DIRECTION ( 'NONE',  ( 0.000000000000000000, 0.5817638113855148063, 0.8133577735303199052 ) ) ;
#1889 = ORIENTED_EDGE ( 'NONE', *, *, #7245, .T. ) ;
#1890 = DIRECTION ( 'NONE',  ( 0.000000000000000000, 0.000000000000000000, -1.000000000000000000 ) ) ;
#1891 = EDGE_CURVE ( 'NONE', #4516, #2439, #211, .T. ) ;
#1892 = CARTESIAN_POINT ( 'NONE',  ( 0.01181102362202755829, -0.01463872515205118068, -0.1442580276120078997 ) ) ;
#1893 = ORIENTED_EDGE ( 'NONE', *, *, #1522, .T. ) ;
#1894 = EDGE_CURVE ( 'NONE', #277, #5560, #8075, .T. ) ;
#1895 = DIRECTION ( 'NONE',  ( 1.000000000000000000, 0.000000000000000000, 0.000000000000000000 ) ) ;
#1896 = VERTEX_POINT ( 'NONE', #3463 ) ;
#1897 = ORIENTED_EDGE ( 'NONE', *, *, #7848, .F. ) ;
#1898 = DIRECTION ( 'NONE',  ( 0.000000000000000000, -1.000000000000000000, 0.000000000000000000 ) ) ;
#1899 = AXIS2_PLACEMENT_3D ( 'NONE', #614, #2693, #6159 ) ;
#1900 = DIRECTION ( 'NONE',  ( 0.000000000000000000, 1.947648391771000442E-14, -1.000000000000000000 ) ) ;
#1901 = PLANE ( 'NONE',  #2521 ) ;
#1902 = DIRECTION ( 'NONE',  ( 0.000000000000000000, 0.000000000000000000, 1.000000000000000000 ) ) ;
#1903 = AXIS2_PLACEMENT_3D ( 'NONE', #6110, #127, #782 ) ;
#1904 = CARTESIAN_POINT ( 'NONE',  ( 0.08267716535433070058, -0.02480314960629921572, -0.09448818897637795144 ) ) ;
#1905 = EDGE_LOOP ( 'NONE', ( #4652, #7660, #5677, #387 ) ) ;
#1906 = LINE ( 'NONE', #6462, #5874 ) ;
#1907 = CARTESIAN_POINT ( 'NONE',  ( 0.000000000000000000, -0.03602362204724409572, -0.009842519685031497767 ) ) ;
#1908 = FACE_OUTER_BOUND ( 'NONE', #2701, .T. ) ;
#1909 = EDGE_CURVE ( 'NONE', #8176, #3866, #7332, .T. ) ;
#1910 = AXIS2_PLACEMENT_3D ( 'NONE', #4936, #5060, #7682 ) ;
#1911 = CYLINDRICAL_SURFACE ( 'NONE', #8473, 0.003937007874015749712 ) ;
#1912 = ADVANCED_FACE ( 'NONE', ( #3005 ), #8157, .F. ) ;
#1913 = EDGE_LOOP ( 'NONE', ( #7999, #1448, #6619, #5410 ) ) ;
#1914 = DIRECTION ( 'NONE',  ( 0.000000000000000000, 1.000000000000000000, 0.000000000000000000 ) ) ;
#1915 = CARTESIAN_POINT ( 'NONE',  ( -0.01427165354330708555, 0.07480314960629921850, -0.008858267716527559038 ) ) ;
#1916 = VECTOR ( 'NONE', #6010, 39.37007874015748143 ) ;
#1917 = CARTESIAN_POINT ( 'NONE',  ( -0.01181102362206299175, -0.02480314960629921572, -0.1351503312329527529 ) ) ;
#1918 = CARTESIAN_POINT ( 'NONE',  ( 0.1053149606299212532, -0.02480314960629921572, -0.09448818897637795144 ) ) ;
#1919 = VERTEX_POINT ( 'NONE', #2205 ) ;
#1920 = CARTESIAN_POINT ( 'NONE',  ( -0.01181102362206692784, -0.05740842757657479978, 0.02211913657150000115 ) ) ;
#1921 = ADVANCED_FACE ( 'NONE', ( #6073 ), #1564, .F. ) ;
#1922 = EDGE_CURVE ( 'NONE', #7216, #6579, #3380, .T. ) ;
#1923 = EDGE_CURVE ( 'NONE', #180, #6002, #740, .T. ) ;
#1924 = DIRECTION ( 'NONE',  ( 1.000000000000000000, 0.000000000000000000, 0.000000000000000000 ) ) ;
#1925 = LINE ( 'NONE', #1967, #570 ) ;
#1926 = ORIENTED_EDGE ( 'NONE', *, *, #4014, .T. ) ;
#1927 = EDGE_LOOP ( 'NONE', ( #572, #245, #2579, #5664 ) ) ;
#1928 = CARTESIAN_POINT ( 'NONE',  ( -0.1200787401574803237, 0.07086614173228346358, -0.1358267716535433156 ) ) ;
#1929 = ORIENTED_EDGE ( 'NONE', *, *, #4118, .T. ) ;
#1930 = CARTESIAN_POINT ( 'NONE',  ( -0.04625984251968504046, -0.02480314960629921572, -0.04330708661417323468 ) ) ;
#1931 = ORIENTED_EDGE ( 'NONE', *, *, #110, .F. ) ;
#1932 = CARTESIAN_POINT ( 'NONE',  ( 0.01181102362202755829, -0.05905511811023622659, -0.1636970161619684949 ) ) ;
#1933 = EDGE_LOOP ( 'NONE', ( #4510, #4706, #2228, #1941 ) ) ;
#1934 = CARTESIAN_POINT ( 'NONE',  ( -0.1781496062992126150, 0.03188976377951967950, -0.1377952755905511861 ) ) ;
#1935 = VECTOR ( 'NONE', #5412, 39.37007874015748143 ) ;
#1936 = EDGE_CURVE ( 'NONE', #3788, #7233, #784, .T. ) ;
#1937 = DIRECTION ( 'NONE',  ( 0.01146713589731043585, 0.9999342502356406426, 0.000000000000000000 ) ) ;
#1938 = EDGE_LOOP ( 'NONE', ( #8445, #8179, #3264, #220 ) ) ;
#1939 = ORIENTED_EDGE ( 'NONE', *, *, #3119, .T. ) ;
#1940 = LINE ( 'NONE', #7889, #2803 ) ;
#1941 = ORIENTED_EDGE ( 'NONE', *, *, #4362, .T. ) ;
#1942 = ORIENTED_EDGE ( 'NONE', *, *, #3504, .T. ) ;
#1943 = ORIENTED_EDGE ( 'NONE', *, *, #1174, .F. ) ;
#1944 = LINE ( 'NONE', #2495, #2312 ) ;
#1945 = EDGE_CURVE ( 'NONE', #2452, #6451, #2083, .T. ) ;
#1946 = CARTESIAN_POINT ( 'NONE',  ( -0.08661417322838584065, -0.02480314960629921572, -0.009842519685031497767 ) ) ;
#1947 = FACE_OUTER_BOUND ( 'NONE', #4212, .T. ) ;
#1948 = LINE ( 'NONE', #2079, #5851 ) ;
#1949 = FACE_OUTER_BOUND ( 'NONE', #2460, .T. ) ;
#1950 = ORIENTED_EDGE ( 'NONE', *, *, #2923, .T. ) ;
#1951 = LINE ( 'NONE', #2502, #5171 ) ;
#1952 = DIRECTION ( 'NONE',  ( -1.000000000000000000, 0.000000000000000000, 0.000000000000000000 ) ) ;
#1953 = CARTESIAN_POINT ( 'NONE',  ( 0.000000000000000000, 0.000000000000000000, 0.000000000000000000 ) ) ;
#1954 = DIRECTION ( 'NONE',  ( 0.000000000000000000, 0.5817406044692027267, 0.8133743720525049570 ) ) ;
#1955 = CARTESIAN_POINT ( 'NONE',  ( -0.1505905511811023723, 0.07874015748031495954, 0.000000000000000000 ) ) ;
#1956 = AXIS2_PLACEMENT_3D ( 'NONE', #2720, #3935, #7988 ) ;
#1957 = EDGE_CURVE ( 'NONE', #7302, #3781, #4717, .T. ) ;
#1958 = ORIENTED_EDGE ( 'NONE', *, *, #8403, .F. ) ;
#1959 = DIRECTION ( 'NONE',  ( 0.000000000000000000, -1.000000000000000000, 0.000000000000000000 ) ) ;
#1960 = LINE ( 'NONE', #52, #7903 ) ;
#1961 = CARTESIAN_POINT ( 'NONE',  ( -0.01181102362206299175, -0.02480314960629921572, -0.003225287050151574592 ) ) ;
#1962 = LINE ( 'NONE', #7351, #7127 ) ;
#1963 = ORIENTED_EDGE ( 'NONE', *, *, #4497, .T. ) ;
#1964 = DIRECTION ( 'NONE',  ( 0.000000000000000000, 1.000000000000000000, 0.000000000000000000 ) ) ;
#1965 = CIRCLE ( 'NONE', #4300, 0.003937007874015758385 ) ;
#1966 = DIRECTION ( 'NONE',  ( 1.000000000000000000, 0.000000000000000000, 0.000000000000000000 ) ) ;
#1967 = CARTESIAN_POINT ( 'NONE',  ( 0.01181102362202755829, -0.01299212598425196832, 0.002680158189764960449 ) ) ;
#1968 = ORIENTED_EDGE ( 'NONE', *, *, #6365, .T. ) ;
#1969 = ORIENTED_EDGE ( 'NONE', *, *, #4318, .T. ) ;
#1970 = CARTESIAN_POINT ( 'NONE',  ( -0.08661417322838584065, -0.04724409448818897572, 0.03122817830516141924 ) ) ;
#1971 = ORIENTED_EDGE ( 'NONE', *, *, #1455, .T. ) ;
#1972 = LINE ( 'NONE', #3263, #7016 ) ;
#1973 = ORIENTED_EDGE ( 'NONE', *, *, #7206, .T. ) ;
#1974 = DIRECTION ( 'NONE',  ( -1.000000000000000000, 0.000000000000000000, 0.000000000000000000 ) ) ;
#1975 = ORIENTED_EDGE ( 'NONE', *, *, #7503, .F. ) ;
#1976 = CARTESIAN_POINT ( 'NONE',  ( -0.1505905511811023723, 0.07480314960629921850, -0.1205708661417322913 ) ) ;
#1977 = ADVANCED_FACE ( 'NONE', ( #1442 ), #6732, .T. ) ;
#1978 = VECTOR ( 'NONE', #2364, 39.37007874015748143 ) ;
#1979 = VECTOR ( 'NONE', #6614, 39.37007874015748143 ) ;
#1980 = LINE ( 'NONE', #4059, #5142 ) ;
#1981 = ORIENTED_EDGE ( 'NONE', *, *, #785, .T. ) ;
#1982 = ORIENTED_EDGE ( 'NONE', *, *, #4244, .T. ) ;
#1983 = LINE ( 'NONE', #8579, #4458 ) ;
#1984 = ORIENTED_EDGE ( 'NONE', *, *, #319, .F. ) ;
#1985 = ORIENTED_EDGE ( 'NONE', *, *, #5729, .F. ) ;
#1986 = VERTEX_POINT ( 'NONE', #4765 ) ;
#1987 = CIRCLE ( 'NONE', #6141, 0.01771653543307086590 ) ;
#1988 = CARTESIAN_POINT ( 'NONE',  ( 0.000000000000000000, 0.02696850393700787191, 0.000000000000000000 ) ) ;
#1989 = EDGE_CURVE ( 'NONE', #3313, #4225, #2164, .T. ) ;
#1990 = VECTOR ( 'NONE', #8135, 39.37007874015748143 ) ;
#1991 = FACE_OUTER_BOUND ( 'NONE', #4793, .T. ) ;
#1992 = CARTESIAN_POINT ( 'NONE',  ( 0.1102362204724409434, -0.04559749532043306380, -0.1664016558098031506 ) ) ;
#1993 = LINE ( 'NONE', #7336, #309 ) ;
#1994 = DIRECTION ( 'NONE',  ( -1.000000000000000000, 0.000000000000000000, 0.000000000000000000 ) ) ;
#1995 = ORIENTED_EDGE ( 'NONE', *, *, #6540, .T. ) ;
#1996 = EDGE_CURVE ( 'NONE', #7071, #6454, #3699, .T. ) ;
#1997 = DIRECTION ( 'NONE',  ( 1.000000000000000000, 9.040575800723000167E-14, 0.000000000000000000 ) ) ;
#1998 = CARTESIAN_POINT ( 'NONE',  ( 0.1255320020798819103, 0.01968503937007873988, 0.000000000000000000 ) ) ;
#1999 = PRODUCT_CONTEXT ( 'NONE', #352, 'mechanical' ) ;
#2000 = VECTOR ( 'NONE', #3063, 39.37007874015748143 ) ;
#2001 = DIRECTION ( 'NONE',  ( -1.000000000000000000, 0.000000000000000000, 0.000000000000000000 ) ) ;
#2002 = FACE_OUTER_BOUND ( 'NONE', #3311, .T. ) ;
#2003 = VECTOR ( 'NONE', #7881, 39.37007874015748143 ) ;
#2004 = EDGE_CURVE ( 'NONE', #6019, #7047, #7707, .T. ) ;
#2005 = ORIENTED_EDGE ( 'NONE', *, *, #1670, .T. ) ;
#2006 = DIRECTION ( 'NONE',  ( 0.000000000000000000, 0.000000000000000000, 1.000000000000000000 ) ) ;
#2007 = CARTESIAN_POINT ( 'NONE',  ( 0.1505905511811023723, 0.07086614173228346358, -0.03444881889764173089 ) ) ;
#2008 = CARTESIAN_POINT ( 'NONE',  ( -0.07086614173228346358, 0.07086614173228346358, -0.03543307086614173179 ) ) ;
#2009 = DIRECTION ( 'NONE',  ( 1.000000000000000000, 0.000000000000000000, 0.000000000000000000 ) ) ;
#2010 = ORIENTED_EDGE ( 'NONE', *, *, #6976, .T. ) ;
#2011 = DIRECTION ( 'NONE',  ( 0.000000000000000000, 0.000000000000000000, -1.000000000000000000 ) ) ;
#2012 = VECTOR ( 'NONE', #6206, 39.37007874015748143 ) ;
#2013 = CARTESIAN_POINT ( 'NONE',  ( -0.1102362204724409434, -0.01889763779527559029, -0.06889763779527559306 ) ) ;
#2014 = LINE ( 'NONE', #3865, #3897 ) ;
#2015 = ORIENTED_EDGE ( 'NONE', *, *, #2538, .F. ) ;
#2016 = ORIENTED_EDGE ( 'NONE', *, *, #4453, .F. ) ;
#2017 = DIRECTION ( 'NONE',  ( -1.000000000000000000, 0.000000000000000000, 0.000000000000000000 ) ) ;
#2018 = ORIENTED_EDGE ( 'NONE', *, *, #1292, .F. ) ;
#2019 = PLANE ( 'NONE',  #3678 ) ;
#2020 = ORIENTED_EDGE ( 'NONE', *, *, #2652, .F. ) ;
#2021 = LINE ( 'NONE', #1419, #1862 ) ;
#2022 = VERTEX_POINT ( 'NONE', #1107 ) ;
#2023 = CARTESIAN_POINT ( 'NONE',  ( 0.01181102362202755829, -0.01463872515203149677, 0.005882354148551180266 ) ) ;
#2024 = EDGE_CURVE ( 'NONE', #8321, #2324, #580, .T. ) ;
#2025 = ORIENTED_EDGE ( 'NONE', *, *, #8540, .T. ) ;
#2026 = LINE ( 'NONE', #682, #6969 ) ;
#2027 = CLOSED_SHELL ( 'NONE', ( #1088, #3643, #6160, #3816, #2085, #3924, #2054, #6795, #5643, #3465, #4551, #5727, #134, #4750, #1710, #3592, #193, #7073, #5515, #4644, #5365, #575, #4285, #8565, #1041, #4552, #7020, #6414, #4521, #6805, #2632, #3949, #7441, #748, #2712, #3818, #5669, #349, #3580, #2491, #7289, #5864, #4849, #3772, #6477, #7018, #3777, #762, #10, #1607, #2648, #6931, #4086, #4312, #2188, #8494, #3789, #7829, #7754, #6553, #3991, #4081, #8071, #6725, #5574, #2599, #1027, #1127, #814, #5074, #608, #2208, #2863, #3418, #859, #8029, #4983, #3015, #4115, #1070, #7930, #3936, #7561, #3921, #136, #6612, #7714, #3223, #3730, #2234, #8493, #1409, #6033, #3031, #1054, #7254, #5600, #6186, #4342, #4797, #6544, #7432, #6909, #6258, #946, #7539, #4887, #5634, #1492, #3929, #4354, #4288, #1016, #89, #8203, #2151, #351, #4060, #3569, #7280, #4128, #6753 ) ) ;
#2028 = ORIENTED_EDGE ( 'NONE', *, *, #831, .T. ) ;
#2029 = ORIENTED_EDGE ( 'NONE', *, *, #327, .T. ) ;
#2030 = ORIENTED_EDGE ( 'NONE', *, *, #5538, .F. ) ;
#2031 = CARTESIAN_POINT ( 'NONE',  ( -0.07086614173228346358, 0.07086614173228346358, -0.03543307086614173179 ) ) ;
#2032 = VECTOR ( 'NONE', #6471, 39.37007874015748143 ) ;
#2033 = CARTESIAN_POINT ( 'NONE',  ( 0.08661417322834646937, -0.04724409448818897572, 0.03122817830516535359 ) ) ;
#2034 = EDGE_CURVE ( 'NONE', #5586, #2452, #5827, .T. ) ;
#2035 = CARTESIAN_POINT ( 'NONE',  ( 0.1053149606299212532, -0.03602362204724409572, -0.08513779527559055260 ) ) ;
#2036 = DIRECTION ( 'NONE',  ( 3.151546235554999784E-13, 0.000000000000000000, 1.000000000000000000 ) ) ;
#2037 = DIRECTION ( 'NONE',  ( -1.000000000000000000, 0.000000000000000000, 0.000000000000000000 ) ) ;
#2038 = ORIENTED_EDGE ( 'NONE', *, *, #1909, .T. ) ;
#2039 = LINE ( 'NONE', #4030, #3384 ) ;
#2040 = LINE ( 'NONE', #4198, #1640 ) ;
#2041 = VECTOR ( 'NONE', #8402, 39.37007874015748143 ) ;
#2042 = PLANE ( 'NONE',  #7695 ) ;
#2043 = CYLINDRICAL_SURFACE ( 'NONE', #269, 0.003937007874015747977 ) ;
#2044 = DIRECTION ( 'NONE',  ( -5.290906601729259618E-13, -4.676163969929978685E-11, 1.000000000000000000 ) ) ;
#2045 = EDGE_CURVE ( 'NONE', #8265, #3224, #1193, .T. ) ;
#2046 = ORIENTED_EDGE ( 'NONE', *, *, #6672, .T. ) ;
#2047 = LINE ( 'NONE', #5335, #4330 ) ;
#2048 = DIRECTION ( 'NONE',  ( 1.000000000000000000, 0.000000000000000000, 0.000000000000000000 ) ) ;
#2049 = CARTESIAN_POINT ( 'NONE',  ( 0.1496062992125984370, 0.07086614173228346358, -0.03543307086614566614 ) ) ;
#2050 = DIRECTION ( 'NONE',  ( -1.000000000000000000, 0.000000000000000000, 0.000000000000000000 ) ) ;
#2051 = ORIENTED_EDGE ( 'NONE', *, *, #4245, .T. ) ;
#2052 = CARTESIAN_POINT ( 'NONE',  ( -0.01187063433362204809, 0.03956692913385827237, -0.003574769652940945012 ) ) ;
#2053 = MECHANICAL_DESIGN_GEOMETRIC_PRESENTATION_REPRESENTATION (  '', ( #7034 ), #8285 ) ;
#2054 = ADVANCED_FACE ( 'NONE', ( #1238 ), #3785, .F. ) ;
#2055 = EDGE_CURVE ( 'NONE', #3369, #1650, #4392, .T. ) ;
#2056 = ADVANCED_FACE ( 'NONE', ( #3829 ), #7093, .T. ) ;
#2057 = DIRECTION ( 'NONE',  ( -0.01146713589745044018, -0.9999342502356389772, 3.661812485863145198E-14 ) ) ;
#2058 = ORIENTED_EDGE ( 'NONE', *, *, #504, .F. ) ;
#2059 = ORIENTED_EDGE ( 'NONE', *, *, #4953, .F. ) ;
#2060 = DIRECTION ( 'NONE',  ( -0.9999342502356429740, -0.01146713589710050135, -4.830101483733191014E-15 ) ) ;
#2061 = ORIENTED_EDGE ( 'NONE', *, *, #2148, .T. ) ;
#2062 = DIRECTION ( 'NONE',  ( 0.000000000000000000, 0.000000000000000000, -1.000000000000000000 ) ) ;
#2063 = ORIENTED_EDGE ( 'NONE', *, *, #70, .T. ) ;
#2064 = CARTESIAN_POINT ( 'NONE',  ( 0.01181102362202755829, -0.01463872515203149677, 0.005882354148551180266 ) ) ;
#2065 = ORIENTED_EDGE ( 'NONE', *, *, #3150, .T. ) ;
#2066 = CARTESIAN_POINT ( 'NONE',  ( 0.06889763779527559306, -0.03602362204724409572, -0.08513779527559055260 ) ) ;
#2067 = AXIS2_PLACEMENT_3D ( 'NONE', #2749, #4746, #7883 ) ;
#2068 = ORIENTED_EDGE ( 'NONE', *, *, #7309, .F. ) ;
#2069 = DIRECTION ( 'NONE',  ( 0.000000000000000000, 0.000000000000000000, 1.000000000000000000 ) ) ;
#2070 = VECTOR ( 'NONE', #8077, 39.37007874015748143 ) ;
#2071 = ORIENTED_EDGE ( 'NONE', *, *, #7141, .F. ) ;
#2072 = ORIENTED_EDGE ( 'NONE', *, *, #6976, .F. ) ;
#2073 = VERTEX_POINT ( 'NONE', #8482 ) ;
#2074 = EDGE_CURVE ( 'NONE', #6686, #5657, #4351, .T. ) ;
#2075 = CARTESIAN_POINT ( 'NONE',  ( -0.05757874015748031676, -0.03602362204724409572, -0.04330708661417323468 ) ) ;
#2076 = VECTOR ( 'NONE', #1357, 39.37007874015748143 ) ;
#2077 = CARTESIAN_POINT ( 'NONE',  ( 0.08661417322834646937, -0.02480314960629921572, -0.04330708661417323468 ) ) ;
#2078 = DIRECTION ( 'NONE',  ( -0.9999342502356429740, 0.01146713589710050135, -3.325745551864285461E-15 ) ) ;
#2079 = CARTESIAN_POINT ( 'NONE',  ( -0.08661417322838584065, -0.02644984013992125738, -2.302574283772440788E-05 ) ) ;
#2080 = FILL_AREA_STYLE ('',( #2806 ) ) ;
#2081 = ORIENTED_EDGE ( 'NONE', *, *, #6036, .T. ) ;
#2082 = CARTESIAN_POINT ( 'NONE',  ( 0.1102362204724409434, -0.02644984013992125738, -0.1383525925402755985 ) ) ;
#2083 = LINE ( 'NONE', #7423, #7182 ) ;
#2084 = CARTESIAN_POINT ( 'NONE',  ( -0.08661417322838584065, -0.02480314960629921572, -0.07578740157480315376 ) ) ;
#2085 = ADVANCED_FACE ( 'NONE', ( #6358 ), #1763, .T. ) ;
#2086 = EDGE_CURVE ( 'NONE', #5317, #7366, #6489, .T. ) ;
#2087 = LINE ( 'NONE', #4720, #832 ) ;
#2088 = EDGE_LOOP ( 'NONE', ( #2724, #1479, #1877, #4996 ) ) ;
#2089 = DIRECTION ( 'NONE',  ( 1.000000000000000000, 0.000000000000000000, 0.000000000000000000 ) ) ;
#2090 = LINE ( 'NONE', #3023, #7323 ) ;
#2091 = CARTESIAN_POINT ( 'NONE',  ( -0.07086614173228346358, 0.07086614173228346358, -0.1003937007874015908 ) ) ;
#2092 = EDGE_LOOP ( 'NONE', ( #1728, #6951, #4019, #837 ) ) ;
#2093 = LINE ( 'NONE', #5513, #1525 ) ;
#2094 = CARTESIAN_POINT ( 'NONE',  ( 0.08661417322834646937, -0.02480314960629921572, -0.09448818897637795144 ) ) ;
#2095 = EDGE_LOOP ( 'NONE', ( #3746, #6314, #1739, #2650, #5377, #3930, #3167, #5396, #6484, #6355 ) ) ;
#2096 = VERTEX_POINT ( 'NONE', #5788 ) ;
#2097 = FACE_OUTER_BOUND ( 'NONE', #2757, .T. ) ;
#2098 = ORIENTED_EDGE ( 'NONE', *, *, #3071, .F. ) ;
#2099 = FACE_OUTER_BOUND ( 'NONE', #3675, .T. ) ;
#2100 = PLANE ( 'NONE',  #197 ) ;
#2101 = AXIS2_PLACEMENT_3D ( 'NONE', #6765, #6594, #822 ) ;
#2102 = ORIENTED_EDGE ( 'NONE', *, *, #517, .F. ) ;
#2103 = EDGE_CURVE ( 'NONE', #2320, #3449, #3432, .T. ) ;
#2104 = CARTESIAN_POINT ( 'NONE',  ( 0.01073431161089763788, 0.07086614173228346358, -0.09842519685039370636 ) ) ;
#2105 = AXIS2_PLACEMENT_3D ( 'NONE', #2200, #4885, #4799 ) ;
#2106 = VECTOR ( 'NONE', #1323, 39.37007874015748143 ) ;
#2107 = CARTESIAN_POINT ( 'NONE',  ( 0.1708174433990944929, 0.03627109397758267878, -0.1010498687664173195 ) ) ;
#2108 = ORIENTED_EDGE ( 'NONE', *, *, #6957, .T. ) ;
#2109 = DIRECTION ( 'NONE',  ( 1.000000000000000000, 0.000000000000000000, 0.000000000000000000 ) ) ;
#2110 = ORIENTED_EDGE ( 'NONE', *, *, #7061, .T. ) ;
#2111 = ORIENTED_EDGE ( 'NONE', *, *, #5833, .F. ) ;
#2112 = VERTEX_POINT ( 'NONE', #5174 ) ;
#2113 = CARTESIAN_POINT ( 'NONE',  ( 0.08661417322834646937, -0.05905511811023622659, 0.06692913385826770867 ) ) ;
#2114 = VECTOR ( 'NONE', #2328, 39.37007874015748143 ) ;
#2115 = AXIS2_PLACEMENT_3D ( 'NONE', #5483, #4834, #196 ) ;
#2116 = CARTESIAN_POINT ( 'NONE',  ( -0.002021725288699999928, 0.01866141732283464402, 0.000000000000000000 ) ) ;
#2117 = CARTESIAN_POINT ( 'NONE',  ( 0.1210629921259842590, -0.05905511811023622659, -0.1161417322834645688 ) ) ;
#2118 = AXIS2_PLACEMENT_3D ( 'NONE', #5143, #1819, #5185 ) ;
#2119 = VECTOR ( 'NONE', #8306, 39.37007874015748143 ) ;
#2120 = CARTESIAN_POINT ( 'NONE',  ( -0.1505905511811023723, 0.07086614173228346358, -0.1033464566929133965 ) ) ;
#2121 = FACE_OUTER_BOUND ( 'NONE', #6469, .T. ) ;
#2122 = ORIENTED_EDGE ( 'NONE', *, *, #2450, .F. ) ;
#2123 = DIRECTION ( 'NONE',  ( 0.000000000000000000, -1.000000000000000000, 0.000000000000000000 ) ) ;
#2124 = ADVANCED_FACE ( 'NONE', ( #5749 ), #2487, .T. ) ;
#2125 = DIRECTION ( 'NONE',  ( 0.000000000000000000, 0.000000000000000000, -1.000000000000000000 ) ) ;
#2126 = AXIS2_PLACEMENT_3D ( 'NONE', #1928, #7922, #4558 ) ;
#2127 = EDGE_CURVE ( 'NONE', #3270, #5430, #7842, .T. ) ;
#2128 = CARTESIAN_POINT ( 'NONE',  ( -0.1427165354330708902, -0.05905511811023622659, -0.02165354330707086952 ) ) ;
#2129 = ADVANCED_FACE ( 'NONE', ( #4519 ), #3874, .T. ) ;
#2130 = EDGE_CURVE ( 'NONE', #4225, #8582, #4129, .T. ) ;
#2131 = VECTOR ( 'NONE', #2141, 39.37007874015748143 ) ;
#2132 = ORIENTED_EDGE ( 'NONE', *, *, #4352, .F. ) ;
#2133 = DIRECTION ( 'NONE',  ( -1.887379141863000253E-14, 0.000000000000000000, -1.000000000000000000 ) ) ;
#2134 = DIRECTION ( 'NONE',  ( 1.000000000000000000, 0.000000000000000000, 0.000000000000000000 ) ) ;
#2135 = ORIENTED_EDGE ( 'NONE', *, *, #183, .T. ) ;
#2136 = CARTESIAN_POINT ( 'NONE',  ( 0.08267716535433070058, -0.02480314960629921572, -0.09448818897637795144 ) ) ;
#2137 = VECTOR ( 'NONE', #4812, 39.37007874015748143 ) ;
#2138 = CYLINDRICAL_SURFACE ( 'NONE', #3751, 0.003937007874015749712 ) ;
#2139 = ORIENTED_EDGE ( 'NONE', *, *, #6231, .T. ) ;
#2140 = ORIENTED_EDGE ( 'NONE', *, *, #8196, .F. ) ;
#2141 = DIRECTION ( 'NONE',  ( -1.000000000000000000, -3.606137944650999964E-14, 0.000000000000000000 ) ) ;
#2142 = ORIENTED_EDGE ( 'NONE', *, *, #6263, .T. ) ;
#2143 = DIRECTION ( 'NONE',  ( 0.000000000000000000, -0.8133743720617218065, 0.5817406044563159240 ) ) ;
#2144 = VECTOR ( 'NONE', #3090, 39.37007874015748143 ) ;
#2145 = DIRECTION ( 'NONE',  ( -1.000000000000000000, 1.053787029687000043E-14, 0.000000000000000000 ) ) ;
#2146 = VERTEX_POINT ( 'NONE', #8357 ) ;
#2147 = CARTESIAN_POINT ( 'NONE',  ( 0.1712141755981102520, 0.07086614173228346358, -0.03543307086614566614 ) ) ;
#2148 = EDGE_CURVE ( 'NONE', #5134, #1347, #5307, .T. ) ;
#2149 = VECTOR ( 'NONE', #2429, 39.37007874015748143 ) ;
#2150 = CARTESIAN_POINT ( 'NONE',  ( 0.08267716535433070058, -0.03602362204724409572, -0.05265748031496062659 ) ) ;
#2151 = ADVANCED_FACE ( 'NONE', ( #7364 ), #4655, .F. ) ;
#2152 = EDGE_CURVE ( 'NONE', #7234, #7699, #7322, .T. ) ;
#2153 = VERTEX_POINT ( 'NONE', #8058 ) ;
#2154 = DIRECTION ( 'NONE',  ( 0.000000000000000000, 0.000000000000000000, -1.000000000000000000 ) ) ;
#2155 = ORIENTED_EDGE ( 'NONE', *, *, #4611, .F. ) ;
#2156 = EDGE_LOOP ( 'NONE', ( #325, #5404, #4132, #4374 ) ) ;
#2157 = ORIENTED_EDGE ( 'NONE', *, *, #2406, .F. ) ;
#2158 = DIRECTION ( 'NONE',  ( 0.000000000000000000, 0.000000000000000000, -1.000000000000000000 ) ) ;
#2159 = PLANE ( 'NONE',  #8068 ) ;
#2160 = LINE ( 'NONE', #2721, #8067 ) ;
#2161 = CARTESIAN_POINT ( 'NONE',  ( -0.1102362204724409434, -0.02480314960629921572, 0.000000000000000000 ) ) ;
#2162 = DIRECTION ( 'NONE',  ( 1.000000000000000000, 0.000000000000000000, 0.000000000000000000 ) ) ;
#2163 = ORIENTED_EDGE ( 'NONE', *, *, #7886, .F. ) ;
#2164 = LINE ( 'NONE', #7464, #2739 ) ;
#2165 = DIRECTION ( 'NONE',  ( -0.9999342502356441953, -0.01146713589700050148, -8.255308657842191173E-16 ) ) ;
#2166 = VECTOR ( 'NONE', #1234, 39.37007874015748143 ) ;
#2167 = DIRECTION ( 'NONE',  ( -1.000000000000000000, 0.000000000000000000, 0.000000000000000000 ) ) ;
#2168 = DIRECTION ( 'NONE',  ( 1.000000000000000000, 0.000000000000000000, 0.000000000000000000 ) ) ;
#2169 = AXIS2_PLACEMENT_3D ( 'NONE', #4293, #6871, #4785 ) ;
#2170 = ORIENTED_EDGE ( 'NONE', *, *, #3709, .F. ) ;
#2171 = CARTESIAN_POINT ( 'NONE',  ( 0.09153543307086613179, 0.07874015748031495954, -0.008858267716531496860 ) ) ;
#2172 = EDGE_CURVE ( 'NONE', #410, #8127, #6624, .T. ) ;
#2173 = LINE ( 'NONE', #1614, #6734 ) ;
#2174 = ORIENTED_EDGE ( 'NONE', *, *, #4118, .F. ) ;
#2175 = DIRECTION ( 'NONE',  ( 0.000000000000000000, 1.000000000000000000, 0.000000000000000000 ) ) ;
#2176 = EDGE_CURVE ( 'NONE', #3878, #7925, #8017, .T. ) ;
#2177 = DIRECTION ( 'NONE',  ( -0.000000000000000000, 1.000000000000000000, 0.000000000000000000 ) ) ;
#2178 = ORIENTED_EDGE ( 'NONE', *, *, #8335, .T. ) ;
#2179 = ORIENTED_EDGE ( 'NONE', *, *, #7454, .F. ) ;
#2180 = DIRECTION ( 'NONE',  ( -0.000000000000000000, 1.000000000000000000, 0.000000000000000000 ) ) ;
#2181 = VECTOR ( 'NONE', #824, 39.37007874015748143 ) ;
#2182 = EDGE_LOOP ( 'NONE', ( #4533, #2526, #986, #6335 ) ) ;
#2183 = LINE ( 'NONE', #6218, #3268 ) ;
#2184 = FACE_OUTER_BOUND ( 'NONE', #8348, .T. ) ;
#2185 = EDGE_CURVE ( 'NONE', #6002, #5210, #3267, .T. ) ;
#2186 = ORIENTED_EDGE ( 'NONE', *, *, #504, .T. ) ;
#2187 = CARTESIAN_POINT ( 'NONE',  ( 0.08661417322834646937, -0.02644984013992125738, -2.302574283772440788E-05 ) ) ;
#2188 = ADVANCED_FACE ( 'NONE', ( #2620 ), #6751, .T. ) ;
#2189 = EDGE_CURVE ( 'NONE', #7366, #3940, #7884, .T. ) ;
#2190 = VECTOR ( 'NONE', #3849, 39.37007874015748143 ) ;
#2191 = LINE ( 'NONE', #3485, #6129 ) ;
#2192 = ORIENTED_EDGE ( 'NONE', *, *, #2258, .T. ) ;
#2193 = DIRECTION ( 'NONE',  ( -0.2178530325870124129, -0.9759815859905565105, 0.000000000000000000 ) ) ;
#2194 = ORIENTED_EDGE ( 'NONE', *, *, #6540, .F. ) ;
#2195 = CARTESIAN_POINT ( 'NONE',  ( 0.1696850393700787274, -0.02480314960629921572, 0.000000000000000000 ) ) ;
#2196 = ORIENTED_EDGE ( 'NONE', *, *, #4553, .F. ) ;
#2197 = EDGE_CURVE ( 'NONE', #7144, #7436, #1465, .T. ) ;
#2198 = FACE_OUTER_BOUND ( 'NONE', #2881, .T. ) ;
#2199 = AXIS2_PLACEMENT_3D ( 'NONE', #1210, #5897, #6507 ) ;
#2200 = CARTESIAN_POINT ( 'NONE',  ( -0.1210629921259842590, -0.05314960629921260116, -0.1053149606299212532 ) ) ;
#2201 = AXIS2_PLACEMENT_3D ( 'NONE', #5526, #2873, #4138 ) ;
#2202 = FACE_OUTER_BOUND ( 'NONE', #1010, .T. ) ;
#2203 = LINE ( 'NONE', #7844, #6410 ) ;
#2204 = VERTEX_POINT ( 'NONE', #5350 ) ;
#2205 = CARTESIAN_POINT ( 'NONE',  ( -0.08661417322838584065, -0.02480314960629921572, -0.003225287050151574592 ) ) ;
#2206 = LINE ( 'NONE', #5908, #1202 ) ;
#2207 = CARTESIAN_POINT ( 'NONE',  ( 0.08661417322834646937, -0.01463872515203543286, 0.005882354148551180266 ) ) ;
#2208 = ADVANCED_FACE ( 'NONE', ( #1284 ), #7275, .F. ) ;
#2209 = VECTOR ( 'NONE', #3110, 39.37007874015748143 ) ;
#2210 = LINE ( 'NONE', #3543, #3586 ) ;
#2211 = CARTESIAN_POINT ( 'NONE',  ( -0.1744047286509055328, 0.005752707477948818676, 0.000000000000000000 ) ) ;
#2212 = EDGE_CURVE ( 'NONE', #1597, #1986, #5877, .T. ) ;
#2213 = VECTOR ( 'NONE', #1482, 39.37007874015748143 ) ;
#2214 = DIMENSIONAL_EXPONENTS ( 1.000000000000000000, 0.000000000000000000, 0.000000000000000000, 0.000000000000000000, 0.000000000000000000, 0.000000000000000000, 0.000000000000000000 ) ;
#2215 = ORIENTED_EDGE ( 'NONE', *, *, #722, .F. ) ;
#2216 = LINE ( 'NONE', #2252, #3089 ) ;
#2217 = CARTESIAN_POINT ( 'NONE',  ( 0.1496062992125984370, 0.07086614173228346358, -0.1023622047244094474 ) ) ;
#2218 = CARTESIAN_POINT ( 'NONE',  ( -0.01181102362205905393, -0.05905511811023622659, -0.2047244094488188948 ) ) ;
#2219 = ORIENTED_EDGE ( 'NONE', *, *, #3183, .F. ) ;
#2220 = CARTESIAN_POINT ( 'NONE',  ( -0.1102362204724803146, -0.04330708661417323468, 0.03122817830516141924 ) ) ;
#2221 = DIRECTION ( 'NONE',  ( -0.7453559925492848626, 7.437626903250559155E-14, 0.6666666666114858808 ) ) ;
#2222 = ORIENTED_EDGE ( 'NONE', *, *, #3445, .F. ) ;
#2223 = ORIENTED_EDGE ( 'NONE', *, *, #1396, .F. ) ;
#2224 = CARTESIAN_POINT ( 'NONE',  ( -0.1505905511811023723, 0.07874015748031495954, -0.1377952755905511861 ) ) ;
#2225 = VERTEX_POINT ( 'NONE', #4699 ) ;
#2226 = CARTESIAN_POINT ( 'NONE',  ( -0.01181102362206299175, -0.02480314960629921572, -0.003225287050151574592 ) ) ;
#2227 = CARTESIAN_POINT ( 'NONE',  ( 0.1787245914263385915, 0.03911508103949606907, -0.1023622047244094474 ) ) ;
#2228 = ORIENTED_EDGE ( 'NONE', *, *, #5602, .T. ) ;
#2229 = DIRECTION ( 'NONE',  ( 0.000000000000000000, -1.000000000000000000, 0.000000000000000000 ) ) ;
#2230 = CARTESIAN_POINT ( 'NONE',  ( 0.08267716535433070058, -0.04724409448818897572, -0.06200787401574803237 ) ) ;
#2231 = EDGE_LOOP ( 'NONE', ( #1328, #5934, #1676, #3966 ) ) ;
#2232 = AXIS2_PLACEMENT_3D ( 'NONE', #8405, #8448, #2496 ) ;
#2233 = CARTESIAN_POINT ( 'NONE',  ( 0.07086614173228346358, 0.07086614173228346358, -0.1023622047244094474 ) ) ;
#2234 = ADVANCED_FACE ( 'NONE', ( #2577 ), #4609, .F. ) ;
#2235 = VERTEX_POINT ( 'NONE', #1934 ) ;
#2236 = ORIENTED_EDGE ( 'NONE', *, *, #6128, .F. ) ;
#2237 = EDGE_CURVE ( 'NONE', #5917, #5277, #1377, .T. ) ;
#2238 = VERTEX_POINT ( 'NONE', #2023 ) ;
#2239 = FACE_OUTER_BOUND ( 'NONE', #7325, .T. ) ;
#2240 = AXIS2_PLACEMENT_3D ( 'NONE', #6511, #7205, #607 ) ;
#2241 = CARTESIAN_POINT ( 'NONE',  ( -0.1427165354330708902, -0.05314960629921260116, -0.1053149606299212532 ) ) ;
#2242 = CARTESIAN_POINT ( 'NONE',  ( -0.009561532799709490660, 0.02808097581757190014, -0.006326649701647536241 ) ) ;
#2243 = AXIS2_PLACEMENT_3D ( 'NONE', #3526, #1630, #282 ) ;
#2244 = CARTESIAN_POINT ( 'NONE',  ( 0.08661417322834646937, -0.04724409448818897572, 0.06692913385826770867 ) ) ;
#2245 = LINE ( 'NONE', #787, #3454 ) ;
#2246 = VECTOR ( 'NONE', #863, 39.37007874015748854 ) ;
#2247 = CARTESIAN_POINT ( 'NONE',  ( 0.01181102362202755829, -0.02480314960629921572, -0.1377952755905511861 ) ) ;
#2248 = CIRCLE ( 'NONE', #4058, 0.003937007874015749712 ) ;
#2249 = DIRECTION ( 'NONE',  ( 0.000000000000000000, 0.000000000000000000, 1.000000000000000000 ) ) ;
#2250 = EDGE_CURVE ( 'NONE', #8173, #4309, #4564, .T. ) ;
#2251 = ORIENTED_EDGE ( 'NONE', *, *, #6502, .F. ) ;
#2252 = CARTESIAN_POINT ( 'NONE',  ( 0.1427165354330708902, -0.04724409448818897572, -0.1161417322834645688 ) ) ;
#2253 = CARTESIAN_POINT ( 'NONE',  ( -0.04625984251968504046, -0.02480314960629921572, -0.07578740157480315376 ) ) ;
#2254 = PLANE ( 'NONE',  #209 ) ;
#2255 = AXIS2_PLACEMENT_3D ( 'NONE', #4226, #2319, #1594 ) ;
#2256 = ORIENTED_EDGE ( 'NONE', *, *, #4455, .F. ) ;
#2257 = DIRECTION ( 'NONE',  ( -0.7660444431189160630, 0.000000000000000000, -0.6427876096866130817 ) ) ;
#2258 = EDGE_CURVE ( 'NONE', #6925, #1872, #717, .T. ) ;
#2259 = VECTOR ( 'NONE', #2305, 39.37007874015748143 ) ;
#2260 = CARTESIAN_POINT ( 'NONE',  ( 0.07283464566929134798, 0.07874015748031495954, -0.03740157480314960925 ) ) ;
#2261 = EDGE_LOOP ( 'NONE', ( #7223, #8220, #5394, #6916 ) ) ;
#2262 = ORIENTED_EDGE ( 'NONE', *, *, #2904, .T. ) ;
#2263 = CARTESIAN_POINT ( 'NONE',  ( -0.002021725288699999928, 0.05236220472440945156, 0.000000000000000000 ) ) ;
#2264 = ORIENTED_EDGE ( 'NONE', *, *, #3176, .T. ) ;
#2265 = DIRECTION ( 'NONE',  ( 0.000000000000000000, 0.000000000000000000, 1.000000000000000000 ) ) ;
#2266 = DIRECTION ( 'NONE',  ( 1.083144414269000148E-14, 1.000000000000000000, 0.000000000000000000 ) ) ;
#2267 = ORIENTED_EDGE ( 'NONE', *, *, #2862, .T. ) ;
#2268 = DIRECTION ( 'NONE',  ( 1.000000000000000000, 0.000000000000000000, 0.000000000000000000 ) ) ;
#2269 = VECTOR ( 'NONE', #4534, 39.37007874015748143 ) ;
#2270 = CARTESIAN_POINT ( 'NONE',  ( -0.1751968503937007815, 0.07874015748031495954, -0.1023622047244094474 ) ) ;
#2271 = AXIS2_PLACEMENT_3D ( 'NONE', #4673, #8231, #7993 ) ;
#2272 = ORIENTED_EDGE ( 'NONE', *, *, #6338, .T. ) ;
#2273 = CARTESIAN_POINT ( 'NONE',  ( -0.1240157480314960647, 0.07874015748031495954, -0.1358267716535433156 ) ) ;
#2274 = VERTEX_POINT ( 'NONE', #5397 ) ;
#2275 = ORIENTED_EDGE ( 'NONE', *, *, #7031, .F. ) ;
#2276 = ORIENTED_EDGE ( 'NONE', *, *, #2250, .T. ) ;
#2277 = FACE_OUTER_BOUND ( 'NONE', #8225, .T. ) ;
#2278 = EDGE_CURVE ( 'NONE', #5057, #933, #630, .T. ) ;
#2279 = VECTOR ( 'NONE', #2266, 39.37007874015748143 ) ;
#2280 = EDGE_CURVE ( 'NONE', #3705, #532, #5261, .T. ) ;
#2281 = FACE_OUTER_BOUND ( 'NONE', #1743, .T. ) ;
#2282 = LINE ( 'NONE', #4968, #8212 ) ;
#2283 = LINE ( 'NONE', #3011, #809 ) ;
#2284 = VECTOR ( 'NONE', #5682, 39.37007874015748143 ) ;
#2285 = EDGE_LOOP ( 'NONE', ( #4332, #2025, #3042, #1314 ) ) ;
#2286 = FACE_OUTER_BOUND ( 'NONE', #2690, .T. ) ;
#2287 = EDGE_CURVE ( 'NONE', #8479, #3434, #7529, .T. ) ;
#2288 = LINE ( 'NONE', #4928, #8441 ) ;
#2289 = EDGE_CURVE ( 'NONE', #8535, #7144, #8101, .T. ) ;
#2290 = PLANE ( 'NONE',  #6226 ) ;
#2291 = EDGE_CURVE ( 'NONE', #7159, #6550, #2788, .T. ) ;
#2292 = LINE ( 'NONE', #3712, #39 ) ;
#2293 = ORIENTED_EDGE ( 'NONE', *, *, #5949, .T. ) ;
#2294 =( CONVERSION_BASED_UNIT ( 'INCH', #6242 ) LENGTH_UNIT ( ) NAMED_UNIT ( #6763 ) );
#2295 = FACE_OUTER_BOUND ( 'NONE', #149, .T. ) ;
#2296 = CIRCLE ( 'NONE', #4792, 0.01968503937007874682 ) ;
#2297 = DIRECTION ( 'NONE',  ( 0.000000000000000000, -1.000000000000000000, 0.000000000000000000 ) ) ;
#2298 = ORIENTED_EDGE ( 'NONE', *, *, #6021, .F. ) ;
#2299 = DIRECTION ( 'NONE',  ( 0.6427876096866719235, 0.000000000000000000, -0.7660444431188667691 ) ) ;
#2300 = EDGE_CURVE ( 'NONE', #8462, #7607, #8221, .T. ) ;
#2301 = EDGE_CURVE ( 'NONE', #7528, #3406, #4914, .T. ) ;
#2302 = AXIS2_PLACEMENT_3D ( 'NONE', #5607, #2265, #6952 ) ;
#2303 = DIRECTION ( 'NONE',  ( -1.000000000000000000, 0.000000000000000000, 0.000000000000000000 ) ) ;
#2304 = ORIENTED_EDGE ( 'NONE', *, *, #6943, .F. ) ;
#2305 = DIRECTION ( 'NONE',  ( 6.883382752681000328E-14, 0.000000000000000000, -1.000000000000000000 ) ) ;
#2306 = VERTEX_POINT ( 'NONE', #6139 ) ;
#2307 = LINE ( 'NONE', #357, #1340 ) ;
#2308 = DIRECTION ( 'NONE',  ( 1.000000000000000000, 0.000000000000000000, 0.000000000000000000 ) ) ;
#2309 = ORIENTED_EDGE ( 'NONE', *, *, #7112, .F. ) ;
#2310 = DIRECTION ( 'NONE',  ( -1.000000000000000000, 0.000000000000000000, 0.000000000000000000 ) ) ;
#2311 = ADVANCED_FACE ( 'NONE', ( #6835 ), #2954, .T. ) ;
#2312 = VECTOR ( 'NONE', #6541, 39.37007874015748143 ) ;
#2313 = ADVANCED_FACE ( 'NONE', ( #8180 ), #892, .F. ) ;
#2314 = DIRECTION ( 'NONE',  ( 3.733673732911000144E-14, 0.000000000000000000, -1.000000000000000000 ) ) ;
#2315 = CIRCLE ( 'NONE', #2730, 0.003937007874015749712 ) ;
#2316 = DIRECTION ( 'NONE',  ( 0.000000000000000000, 0.000000000000000000, 1.000000000000000000 ) ) ;
#2317 = ORIENTED_EDGE ( 'NONE', *, *, #229, .F. ) ;
#2318 = ORIENTED_EDGE ( 'NONE', *, *, #6855, .F. ) ;
#2319 = DIRECTION ( 'NONE',  ( 0.000000000000000000, 0.5817638113834819880, -0.8133577735317739643 ) ) ;
#2320 = VERTEX_POINT ( 'NONE', #8261 ) ;
#2321 = ORIENTED_EDGE ( 'NONE', *, *, #5079, .F. ) ;
#2322 = ORIENTED_EDGE ( 'NONE', *, *, #3404, .F. ) ;
#2323 = LINE ( 'NONE', #2082, #3786 ) ;
#2324 = VERTEX_POINT ( 'NONE', #150 ) ;
#2325 = VECTOR ( 'NONE', #2133, 39.37007874015748143 ) ;
#2326 = FACE_OUTER_BOUND ( 'NONE', #2584, .T. ) ;
#2327 = EDGE_CURVE ( 'NONE', #3641, #1511, #3441, .T. ) ;
#2328 = DIRECTION ( 'NONE',  ( 0.000000000000000000, 1.000000000000000000, 0.000000000000000000 ) ) ;
#2329 = VECTOR ( 'NONE', #3132, 39.37007874015748854 ) ;
#2330 = ORIENTED_EDGE ( 'NONE', *, *, #494, .T. ) ;
#2331 = DIRECTION ( 'NONE',  ( 0.000000000000000000, 1.000000000000000000, 0.000000000000000000 ) ) ;
#2332 = AXIS2_PLACEMENT_3D ( 'NONE', #6656, #1408, #1361 ) ;
#2333 = CARTESIAN_POINT ( 'NONE',  ( 0.1505905511811023723, 0.07086614173228346358, 0.000000000000000000 ) ) ;
#2334 = CARTESIAN_POINT ( 'NONE',  ( 0.1102362204724409434, -0.04724409448818897572, 0.03122817830516141924 ) ) ;
#2335 = VERTEX_POINT ( 'NONE', #6094 ) ;
#2336 = CARTESIAN_POINT ( 'NONE',  ( 0.1102362204724015721, -0.02480314960629921572, -0.1279527559055118058 ) ) ;
#2337 = VECTOR ( 'NONE', #1311, 39.37007874015748143 ) ;
#2338 = EDGE_CURVE ( 'NONE', #4877, #5402, #3483, .T. ) ;
#2339 = EDGE_CURVE ( 'NONE', #1896, #3378, #973, .T. ) ;
#2340 = DIRECTION ( 'NONE',  ( 1.000000000000000000, 0.000000000000000000, 0.000000000000000000 ) ) ;
#2341 = ORIENTED_EDGE ( 'NONE', *, *, #731, .T. ) ;
#2342 = FACE_OUTER_BOUND ( 'NONE', #8269, .T. ) ;
#2343 = VECTOR ( 'NONE', #3296, 39.37007874015748143 ) ;
#2344 = DIRECTION ( 'NONE',  ( 1.000000000000000000, 0.000000000000000000, 0.000000000000000000 ) ) ;
#2345 = VERTEX_POINT ( 'NONE', #5438 ) ;
#2346 = CARTESIAN_POINT ( 'NONE',  ( -0.1240157480314960647, 0.07874015748031495954, 0.000000000000000000 ) ) ;
#2347 = DIRECTION ( 'NONE',  ( -0.01146713589759042543, 0.9999342502356373119, 0.000000000000000000 ) ) ;
#2348 = FACE_OUTER_BOUND ( 'NONE', #4696, .T. ) ;
#2349 = EDGE_LOOP ( 'NONE', ( #3918, #4061, #7032, #4477 ) ) ;
#2350 = CARTESIAN_POINT ( 'NONE',  ( -0.1505905511811023723, 0.07086614173228346358, 0.000000000000000000 ) ) ;
#2351 = CARTESIAN_POINT ( 'NONE',  ( 0.1505905511811023723, 0.07086614173228346358, -0.1377952755905511861 ) ) ;
#2352 = CARTESIAN_POINT ( 'NONE',  ( -0.009561532799711766617, 0.05105288245014250048, -0.006326649701643732859 ) ) ;
#2353 = ORIENTED_EDGE ( 'NONE', *, *, #5994, .F. ) ;
#2354 = EDGE_CURVE ( 'NONE', #1650, #3517, #3525, .T. ) ;
#2355 = DIRECTION ( 'NONE',  ( 0.000000000000000000, -1.000000000000000000, 0.000000000000000000 ) ) ;
#2356 = ORIENTED_EDGE ( 'NONE', *, *, #5836, .F. ) ;
#2357 = DIRECTION ( 'NONE',  ( 1.000000000000000000, 0.000000000000000000, 0.000000000000000000 ) ) ;
#2358 = ORIENTED_EDGE ( 'NONE', *, *, #6752, .F. ) ;
#2359 = DIRECTION ( 'NONE',  ( 1.000000000000000000, 0.000000000000000000, 0.000000000000000000 ) ) ;
#2360 = ORIENTED_EDGE ( 'NONE', *, *, #4733, .F. ) ;
#2361 = CARTESIAN_POINT ( 'NONE',  ( 0.1102362204724015721, -0.02480314960629921572, 0.000000000000000000 ) ) ;
#2362 = FACE_OUTER_BOUND ( 'NONE', #1666, .T. ) ;
#2363 = AXIS2_PLACEMENT_3D ( 'NONE', #6764, #820, #5937 ) ;
#2364 = DIRECTION ( 'NONE',  ( -1.000000000000000000, 0.000000000000000000, 0.000000000000000000 ) ) ;
#2365 = CARTESIAN_POINT ( 'NONE',  ( 0.08464566929133858497, -0.02480314960629921572, -0.08513779527559055260 ) ) ;
#2366 = CARTESIAN_POINT ( 'NONE',  ( 0.1751968503937007815, 0.07480314960629921850, -0.1037007874015748038 ) ) ;
#2367 = CIRCLE ( 'NONE', #7783, 0.007874015748027559866 ) ;
#2368 = DIRECTION ( 'NONE',  ( 0.000000000000000000, -1.000000000000000000, -1.628298888370000313E-14 ) ) ;
#2369 = DIRECTION ( 'NONE',  ( 2.639158732822999951E-14, 0.000000000000000000, 1.000000000000000000 ) ) ;
#2370 = VERTEX_POINT ( 'NONE', #2147 ) ;
#2371 = FACE_OUTER_BOUND ( 'NONE', #7970, .T. ) ;
#2372 = CARTESIAN_POINT ( 'NONE',  ( 0.1787245914263385915, 0.03911508103949606907, -0.1023622047244094474 ) ) ;
#2373 = CARTESIAN_POINT ( 'NONE',  ( -0.1102362204724803146, -0.04724409448818897572, 0.03122817830516535359 ) ) ;
#2374 = ORIENTED_EDGE ( 'NONE', *, *, #2055, .F. ) ;
#2375 = CARTESIAN_POINT ( 'NONE',  ( 0.1318897637795275746, -0.05314960629921260116, -0.02165354330707086952 ) ) ;
#2376 = EDGE_CURVE ( 'NONE', #6374, #8564, #4220, .T. ) ;
#2377 = VECTOR ( 'NONE', #3009, 39.37007874015748143 ) ;
#2378 = VECTOR ( 'NONE', #7631, 39.37007874015748143 ) ;
#2379 = EDGE_CURVE ( 'NONE', #4514, #2998, #8580, .T. ) ;
#2380 = EDGE_CURVE ( 'NONE', #2792, #1058, #6875, .T. ) ;
#2381 = EDGE_CURVE ( 'NONE', #2568, #6586, #3565, .T. ) ;
#2382 = VECTOR ( 'NONE', #4616, 39.37007874015748143 ) ;
#2383 = ORIENTED_EDGE ( 'NONE', *, *, #7779, .T. ) ;
#2384 = VECTOR ( 'NONE', #5507, 39.37007874015748143 ) ;
#2385 = LINE ( 'NONE', #4333, #329 ) ;
#2386 = DIRECTION ( 'NONE',  ( 0.2676438637862028624, 0.9635179096299105739, 0.000000000000000000 ) ) ;
#2387 = CARTESIAN_POINT ( 'NONE',  ( 0.1496062992125984370, 0.07874015748031495954, -0.1023622047244094474 ) ) ;
#2388 = VERTEX_POINT ( 'NONE', #5566 ) ;
#2389 = FACE_OUTER_BOUND ( 'NONE', #187, .T. ) ;
#2390 = VECTOR ( 'NONE', #5731, 39.37007874015748143 ) ;
#2391 = EDGE_CURVE ( 'NONE', #584, #7092, #4833, .T. ) ;
#2392 = DIRECTION ( 'NONE',  ( 1.000000000000000000, 0.000000000000000000, 0.000000000000000000 ) ) ;
#2393 = CARTESIAN_POINT ( 'NONE',  ( -0.1102362204724409434, -0.05905511811023622659, -0.2047244094488188948 ) ) ;
#2394 = ORIENTED_EDGE ( 'NONE', *, *, #6921, .F. ) ;
#2395 = ORIENTED_EDGE ( 'NONE', *, *, #158, .T. ) ;
#2396 = FACE_OUTER_BOUND ( 'NONE', #5077, .T. ) ;
#2397 = EDGE_LOOP ( 'NONE', ( #5974, #7687, #4795, #5610, #7742, #8308, #5260, #6083, #7438, #2179, #1636, #5263, #2163 ) ) ;
#2398 = DIRECTION ( 'NONE',  ( 2.199298944017999880E-13, 1.000000000000000000, 0.000000000000000000 ) ) ;
#2399 = ORIENTED_EDGE ( 'NONE', *, *, #7193, .T. ) ;
#2400 = AXIS2_PLACEMENT_3D ( 'NONE', #8591, #2550, #4582 ) ;
#2401 = CARTESIAN_POINT ( 'NONE',  ( -0.1696850393700787274, 0.02362204724409055004, -0.1377952755905511861 ) ) ;
#2402 = ORIENTED_EDGE ( 'NONE', *, *, #3504, .F. ) ;
#2403 = DIRECTION ( 'NONE',  ( 5.999252021086459551E-14, 1.000000000000000000, 0.000000000000000000 ) ) ;
#2404 = EDGE_CURVE ( 'NONE', #795, #6842, #3602, .T. ) ;
#2405 = ADVANCED_FACE ( 'NONE', ( #1501 ), #1794, .F. ) ;
#2406 = EDGE_CURVE ( 'NONE', #5402, #75, #3576, .T. ) ;
#2407 = LINE ( 'NONE', #2533, #5691 ) ;
#2408 = CARTESIAN_POINT ( 'NONE',  ( 0.1785333490359448938, 0.02243874459450393571, 0.000000000000000000 ) ) ;
#2409 = EDGE_LOOP ( 'NONE', ( #3601, #2304, #8195, #1677, #8428, #4542, #7483, #909 ) ) ;
#2410 = ORIENTED_EDGE ( 'NONE', *, *, #6804, .T. ) ;
#2411 = DIRECTION ( 'NONE',  ( 0.000000000000000000, 0.000000000000000000, 1.000000000000000000 ) ) ;
#2412 = VECTOR ( 'NONE', #8178, 39.37007874015748143 ) ;
#2413 = EDGE_CURVE ( 'NONE', #1642, #1663, #7123, .T. ) ;
#2414 = DIRECTION ( 'NONE',  ( -0.9999342502356429740, 0.01146713589710050135, -1.759226151732935020E-15 ) ) ;
#2415 = CARTESIAN_POINT ( 'NONE',  ( -0.1240157480314960647, 0.07874015748031495954, 0.000000000000000000 ) ) ;
#2416 = VECTOR ( 'NONE', #1124, 39.37007874015748143 ) ;
#2417 = VERTEX_POINT ( 'NONE', #5115 ) ;
#2418 = ORIENTED_EDGE ( 'NONE', *, *, #6127, .T. ) ;
#2419 = DIRECTION ( 'NONE',  ( -0.000000000000000000, 1.000000000000000000, 0.000000000000000000 ) ) ;
#2420 = DIRECTION ( 'NONE',  ( 0.01146713589743044229, 0.9999342502356391993, 0.000000000000000000 ) ) ;
#2421 = CARTESIAN_POINT ( 'NONE',  ( 0.08661417322834646937, -0.02644984013992125738, -2.302574283772834828E-05 ) ) ;
#2422 = ORIENTED_EDGE ( 'NONE', *, *, #777, .T. ) ;
#2423 = DIRECTION ( 'NONE',  ( -1.000000000000000000, 0.000000000000000000, 0.000000000000000000 ) ) ;
#2424 = DIRECTION ( 'NONE',  ( 0.000000000000000000, 1.000000000000000000, 0.000000000000000000 ) ) ;
#2425 = CLOSED_SHELL ( 'NONE', ( #1, #8129, #1756, #1921, #1287, #2124, #5770, #3163, #6701, #4842, #1912, #2514, #1342, #4461, #7075, #5697, #5828, #1625, #8281, #3524, #5493, #6023 ) ) ;
#2426 = ORIENTED_EDGE ( 'NONE', *, *, #2301, .F. ) ;
#2427 = CARTESIAN_POINT ( 'NONE',  ( 0.1781496062992126150, 0.03188976377953149643, -0.03543307086614566614 ) ) ;
#2428 = LINE ( 'NONE', #5687, #8404 ) ;
#2429 = DIRECTION ( 'NONE',  ( -1.000000000000000000, 0.000000000000000000, 0.000000000000000000 ) ) ;
#2430 = ORIENTED_EDGE ( 'NONE', *, *, #4931, .F. ) ;
#2431 = DIRECTION ( 'NONE',  ( -0.9999342502356429740, -0.01146713589710050135, 5.712822733012610799E-15 ) ) ;
#2432 = VECTOR ( 'NONE', #7608, 39.37007874015748143 ) ;
#2433 = DIRECTION ( 'NONE',  ( -4.433581706891999826E-11, -1.000000000000000000, -4.954754555359999939E-11 ) ) ;
#2434 = CARTESIAN_POINT ( 'NONE',  ( -0.1102362204724409434, -0.02480314960629921572, 0.000000000000000000 ) ) ;
#2435 = VERTEX_POINT ( 'NONE', #5652 ) ;
#2436 = VERTEX_POINT ( 'NONE', #4991 ) ;
#2437 = DIRECTION ( 'NONE',  ( 0.9999342502356409756, 0.01146713589726050010, 1.127986593021046051E-12 ) ) ;
#2438 = VECTOR ( 'NONE', #7674, 39.37007874015748143 ) ;
#2439 = VERTEX_POINT ( 'NONE', #1138 ) ;
#2440 = CARTESIAN_POINT ( 'NONE',  ( 0.1102362204724409434, -0.05905511811023622659, 0.06692913385826770867 ) ) ;
#2441 = ORIENTED_EDGE ( 'NONE', *, *, #553, .F. ) ;
#2442 = DIRECTION ( 'NONE',  ( 0.000000000000000000, 1.000000000000000000, 0.000000000000000000 ) ) ;
#2443 = ORIENTED_EDGE ( 'NONE', *, *, #266, .F. ) ;
#2444 = DIRECTION ( 'NONE',  ( -1.268826313858999988E-13, 1.000000000000000000, 0.000000000000000000 ) ) ;
#2445 = EDGE_CURVE ( 'NONE', #6018, #8370, #3771, .T. ) ;
#2446 = EDGE_CURVE ( 'NONE', #5210, #4309, #1182, .T. ) ;
#2447 = COLOUR_RGB ( '',0.7921568627450980005, 0.8196078431372548767, 0.9333333333333333481 ) ;
#2448 = DIRECTION ( 'NONE',  ( 0.000000000000000000, -1.000000000000000000, 0.000000000000000000 ) ) ;
#2449 = CARTESIAN_POINT ( 'NONE',  ( 0.1102362204724409434, -0.02480314960629921572, -0.1351503312329527529 ) ) ;
#2450 = EDGE_CURVE ( 'NONE', #347, #6731, #8423, .T. ) ;
#2451 = ORIENTED_EDGE ( 'NONE', *, *, #4099, .F. ) ;
#2452 = VERTEX_POINT ( 'NONE', #8468 ) ;
#2453 = CARTESIAN_POINT ( 'NONE',  ( 0.08661417322834646937, -0.02480314960629921572, -0.009842519685031497767 ) ) ;
#2454 = EDGE_CURVE ( 'NONE', #8265, #7159, #3729, .T. ) ;
#2455 = DIRECTION ( 'NONE',  ( 0.000000000000000000, 1.000000000000000000, 2.746581960645000162E-14 ) ) ;
#2456 = VECTOR ( 'NONE', #7792, 39.37007874015748143 ) ;
#2457 = DIRECTION ( 'NONE',  ( 0.000000000000000000, 0.000000000000000000, -1.000000000000000000 ) ) ;
#2458 = LINE ( 'NONE', #7899, #4249 ) ;
#2459 = VERTEX_POINT ( 'NONE', #440 ) ;
#2460 = EDGE_LOOP ( 'NONE', ( #8257, #3004, #8133, #262 ) ) ;
#2461 = EDGE_CURVE ( 'NONE', #5287, #8136, #1835, .T. ) ;
#2462 = SURFACE_STYLE_USAGE ( .BOTH. , #7681 ) ;
#2463 = DIRECTION ( 'NONE',  ( 1.000000000000000000, 0.000000000000000000, 0.000000000000000000 ) ) ;
#2464 = DIRECTION ( 'NONE',  ( 0.000000000000000000, -1.000000000000000000, 0.000000000000000000 ) ) ;
#2465 = CARTESIAN_POINT ( 'NONE',  ( 0.1102362204724409434, -0.04724409448818897572, 0.03122817830516141924 ) ) ;
#2466 = AXIS2_PLACEMENT_3D ( 'NONE', #1878, #2475, #3079 ) ;
#2467 = EDGE_CURVE ( 'NONE', #4774, #2320, #1095, .T. ) ;
#2468 = LINE ( 'NONE', #4539, #5983 ) ;
#2469 = AXIS2_PLACEMENT_3D ( 'NONE', #5767, #6466, #3151 ) ;
#2470 = VERTEX_POINT ( 'NONE', #2517 ) ;
#2471 = CARTESIAN_POINT ( 'NONE',  ( -0.1696850393700787274, 0.06236220472440944657, -0.03543307086614566614 ) ) ;
#2472 = FACE_BOUND ( 'NONE', #1471, .T. ) ;
#2473 = DIRECTION ( 'NONE',  ( 1.000000000000000000, 0.000000000000000000, 0.000000000000000000 ) ) ;
#2474 = ORIENTED_EDGE ( 'NONE', *, *, #5970, .F. ) ;
#2475 = DIRECTION ( 'NONE',  ( -1.000000000000000000, 0.000000000000000000, 0.000000000000000000 ) ) ;
#2476 = AXIS2_PLACEMENT_3D ( 'NONE', #7548, #1606, #6894 ) ;
#2477 = DIRECTION ( 'NONE',  ( -1.000000000000000000, 0.000000000000000000, 0.000000000000000000 ) ) ;
#2478 = CARTESIAN_POINT ( 'NONE',  ( 0.1053149606299212532, -0.03602362204724409572, -0.05265748031496062659 ) ) ;
#2479 = ORIENTED_EDGE ( 'NONE', *, *, #2576, .F. ) ;
#2480 = EDGE_LOOP ( 'NONE', ( #3914, #5708, #8063, #1233 ) ) ;
#2481 = DIRECTION ( 'NONE',  ( -0.000000000000000000, 1.000000000000000000, 0.000000000000000000 ) ) ;
#2482 = ORIENTED_EDGE ( 'NONE', *, *, #5386, .F. ) ;
#2483 = DIRECTION ( 'NONE',  ( 0.000000000000000000, 1.000000000000000000, 0.000000000000000000 ) ) ;
#2484 = ORIENTED_EDGE ( 'NONE', *, *, #7009, .T. ) ;
#2485 = DIRECTION ( 'NONE',  ( 0.000000000000000000, 4.981908982573383908E-13, -1.000000000000000000 ) ) ;
#2486 = ORIENTED_EDGE ( 'NONE', *, *, #1114, .F. ) ;
#2487 = CYLINDRICAL_SURFACE ( 'NONE', #8160, 0.003937007874015747977 ) ;
#2488 = DIRECTION ( 'NONE',  ( 0.000000000000000000, 1.000000000000000000, 0.000000000000000000 ) ) ;
#2489 = VERTEX_POINT ( 'NONE', #3685 ) ;
#2490 = ADVANCED_FACE ( 'NONE', ( #3642 ), #360, .T. ) ;
#2491 = ADVANCED_FACE ( 'NONE', ( #2389 ), #7652, .T. ) ;
#2492 = DIRECTION ( 'NONE',  ( 0.000000000000000000, -1.000000000000000000, 0.000000000000000000 ) ) ;
#2493 = VERTEX_POINT ( 'NONE', #5776 ) ;
#2494 = ORIENTED_EDGE ( 'NONE', *, *, #1114, .T. ) ;
#2495 = CARTESIAN_POINT ( 'NONE',  ( 0.08661417322834646937, -0.01299212598425590615, 0.000000000000000000 ) ) ;
#2496 = DIRECTION ( 'NONE',  ( 0.000000000000000000, 0.000000000000000000, -1.000000000000000000 ) ) ;
#2497 = B_SPLINE_CURVE_WITH_KNOTS ( 'NONE', 3,
 ( #5272, #4623, #162, #7584, #6107, #2968 ),
 .UNSPECIFIED., .F., .F.,
 ( 4, 1, 1, 4 ),
 ( 0.000000000000000000, 0.3333333333333000081, 0.6666666666667000474, 1.000000000000000000 ),
 .UNSPECIFIED. ) ;
#2498 = CARTESIAN_POINT ( 'NONE',  ( 0.1706598510025984228, 0.02252903700314173169, -0.1377952755905511861 ) ) ;
#2499 = DIRECTION ( 'NONE',  ( 0.000000000000000000, 0.000000000000000000, 1.000000000000000000 ) ) ;
#2500 = CARTESIAN_POINT ( 'NONE',  ( -0.07086614173228346358, 0.07086614173228346358, -0.1023622047244094474 ) ) ;
#2501 = ORIENTED_EDGE ( 'NONE', *, *, #2280, .F. ) ;
#2502 = CARTESIAN_POINT ( 'NONE',  ( 0.1751968503937007815, 0.07874015748031495954, -0.03543307086614566614 ) ) ;
#2503 = VECTOR ( 'NONE', #421, 39.37007874015748143 ) ;
#2504 = FACE_OUTER_BOUND ( 'NONE', #4295, .T. ) ;
#2505 = CARTESIAN_POINT ( 'NONE',  ( 0.06978942972114172971, 0.07086614173228346358, -0.09842519685039370636 ) ) ;
#2506 = FACE_OUTER_BOUND ( 'NONE', #4880, .T. ) ;
#2507 = VECTOR ( 'NONE', #4341, 39.37007874015748143 ) ;
#2508 = LINE ( 'NONE', #2598, #3890 ) ;
#2509 = EDGE_CURVE ( 'NONE', #4384, #1813, #1708, .T. ) ;
#2510 = VERTEX_POINT ( 'NONE', #6993 ) ;
#2511 = LINE ( 'NONE', #5196, #5022 ) ;
#2512 = CARTESIAN_POINT ( 'NONE',  ( 0.1255320020798819103, 0.01968503937007873988, 0.000000000000000000 ) ) ;
#2513 = FACE_BOUND ( 'NONE', #2827, .T. ) ;
#2514 = ADVANCED_FACE ( 'NONE', ( #4379 ), #7038, .F. ) ;
#2515 = LINE ( 'NONE', #3077, #7276 ) ;
#2516 = ORIENTED_EDGE ( 'NONE', *, *, #6559, .F. ) ;
#2517 = CARTESIAN_POINT ( 'NONE',  ( -0.01710134031073622107, 0.01968503937007873988, -0.01265329940327165371 ) ) ;
#2518 = AXIS2_PLACEMENT_3D ( 'NONE', #4657, #1240, #7229 ) ;
#2519 = VECTOR ( 'NONE', #5980, 39.37007874015748143 ) ;
#2520 = CARTESIAN_POINT ( 'NONE',  ( 0.1210629921259842590, -0.05905511811023622659, -0.1161417322834645688 ) ) ;
#2521 = AXIS2_PLACEMENT_3D ( 'NONE', #3844, #6501, #3886 ) ;
#2522 = CARTESIAN_POINT ( 'NONE',  ( 0.01998681779692125862, 0.05287401574803150123, -0.01968503937007873988 ) ) ;
#2523 = ORIENTED_EDGE ( 'NONE', *, *, #1646, .T. ) ;
#2524 = VERTEX_POINT ( 'NONE', #5735 ) ;
#2525 = CARTESIAN_POINT ( 'NONE',  ( -0.01296449928234713438, 0.02677165354331604782, -0.01407504452968026849 ) ) ;
#2526 = ORIENTED_EDGE ( 'NONE', *, *, #925, .T. ) ;
#2527 = CARTESIAN_POINT ( 'NONE',  ( 0.1427165354330708902, -0.04724409448818897572, -0.09448818897637795144 ) ) ;
#2528 = VERTEX_POINT ( 'NONE', #2992 ) ;
#2529 = DIRECTION ( 'NONE',  ( 0.9999342502356429740, -0.01146713589710050135, -5.712822733015470420E-15 ) ) ;
#2530 = VERTEX_POINT ( 'NONE', #2350 ) ;
#2531 = DIRECTION ( 'NONE',  ( 0.000000000000000000, 1.000000000000000000, 0.000000000000000000 ) ) ;
#2532 = VECTOR ( 'NONE', #2570, 39.37007874015748854 ) ;
#2533 = CARTESIAN_POINT ( 'NONE',  ( 0.1651356080489763956, 0.07874015748031495954, -0.1377952755905511861 ) ) ;
#2534 = ORIENTED_EDGE ( 'NONE', *, *, #606, .T. ) ;
#2535 = VECTOR ( 'NONE', #3356, 39.37007874015748143 ) ;
#2536 = LINE ( 'NONE', #7097, #7653 ) ;
#2537 = ORIENTED_EDGE ( 'NONE', *, *, #5853, .F. ) ;
#2538 = EDGE_CURVE ( 'NONE', #5430, #4877, #5160, .T. ) ;
#2539 = ORIENTED_EDGE ( 'NONE', *, *, #6930, .T. ) ;
#2540 = CARTESIAN_POINT ( 'NONE',  ( -0.1712141755981102520, 0.07086614173228346358, -0.1023622047244094474 ) ) ;
#2541 = ADVANCED_FACE ( 'NONE', ( #6435 ), #3813, .F. ) ;
#2542 = CIRCLE ( 'NONE', #6980, 0.007874015748031495954 ) ;
#2543 = CARTESIAN_POINT ( 'NONE',  ( 0.08661417322834646937, -0.01299212598425196832, -0.1377952755905511861 ) ) ;
#2544 = PLANE ( 'NONE',  #6274 ) ;
#2545 = FACE_OUTER_BOUND ( 'NONE', #3916, .T. ) ;
#2546 = CARTESIAN_POINT ( 'NONE',  ( 0.01118340056266141705, 0.05236220472440945156, -0.01181102362206299175 ) ) ;
#2547 = AXIS2_PLACEMENT_3D ( 'NONE', #944, #5622, #5370 ) ;
#2548 = ORIENTED_EDGE ( 'NONE', *, *, #2189, .T. ) ;
#2549 = EDGE_CURVE ( 'NONE', #3593, #2915, #565, .T. ) ;
#2550 = DIRECTION ( 'NONE',  ( 0.000000000000000000, 0.000000000000000000, 1.000000000000000000 ) ) ;
#2551 = FACE_OUTER_BOUND ( 'NONE', #5480, .T. ) ;
#2552 = DIRECTION ( 'NONE',  ( 0.2676438637862958436, -0.9635179096298845947, 0.000000000000000000 ) ) ;
#2553 = EDGE_CURVE ( 'NONE', #1642, #5551, #2651, .T. ) ;
#2554 = ADVANCED_FACE ( 'NONE', ( #707 ), #2565, .T. ) ;
#2555 = EDGE_CURVE ( 'NONE', #1896, #272, #4044, .T. ) ;
#2556 = AXIS2_PLACEMENT_3D ( 'NONE', #890, #3600, #6181 ) ;
#2557 = LINE ( 'NONE', #7156, #6531 ) ;
#2558 = VERTEX_POINT ( 'NONE', #6567 ) ;
#2559 = DIRECTION ( 'NONE',  ( 1.000000000000000000, 0.000000000000000000, 0.000000000000000000 ) ) ;
#2560 = FACE_OUTER_BOUND ( 'NONE', #2973, .T. ) ;
#2561 = CARTESIAN_POINT ( 'NONE',  ( 0.04625984251968504046, -0.04724409448818897572, -0.09448818897637795144 ) ) ;
#2562 = VECTOR ( 'NONE', #2297, 39.37007874015748143 ) ;
#2563 = CARTESIAN_POINT ( 'NONE',  ( -0.1549212598425196985, -0.02480314960629921572, -0.1279527559055118058 ) ) ;
#2564 = VERTEX_POINT ( 'NONE', #4595 ) ;
#2565 = PLANE ( 'NONE',  #1645 ) ;
#2566 = DIRECTION ( 'NONE',  ( -1.000000000000000000, 0.000000000000000000, 0.000000000000000000 ) ) ;
#2567 = PLANE ( 'NONE',  #4180 ) ;
#2568 = VERTEX_POINT ( 'NONE', #8046 ) ;
#2569 = ORIENTED_EDGE ( 'NONE', *, *, #3996, .F. ) ;
#2570 = DIRECTION ( 'NONE',  ( 0.000000000000000000, 0.8133743720616745110, 0.5817406044563817602 ) ) ;
#2571 = ORIENTED_EDGE ( 'NONE', *, *, #6231, .F. ) ;
#2572 = DIRECTION ( 'NONE',  ( 1.000000000000000000, 0.000000000000000000, 0.000000000000000000 ) ) ;
#2573 = ORIENTED_EDGE ( 'NONE', *, *, #3351, .F. ) ;
#2574 = DIRECTION ( 'NONE',  ( 0.000000000000000000, 1.000000000000000000, 0.000000000000000000 ) ) ;
#2575 = VERTEX_POINT ( 'NONE', #1920 ) ;
#2576 = EDGE_CURVE ( 'NONE', #4861, #2918, #617, .T. ) ;
#2577 = FACE_OUTER_BOUND ( 'NONE', #4175, .T. ) ;
#2578 = DIRECTION ( 'NONE',  ( 0.9999342502356403095, -0.01146713589734046218, 9.992007221643402821E-14 ) ) ;
#2579 = ORIENTED_EDGE ( 'NONE', *, *, #774, .T. ) ;
#2580 = AXIS2_PLACEMENT_3D ( 'NONE', #63, #1416, #1329 ) ;
#2581 = VERTEX_POINT ( 'NONE', #4506 ) ;
#2582 = CARTESIAN_POINT ( 'NONE',  ( -0.06889763779527559306, -0.02480314960629921572, -0.06200787401574803237 ) ) ;
#2583 = EDGE_LOOP ( 'NONE', ( #1715, #2102, #811, #5709 ) ) ;
#2584 = EDGE_LOOP ( 'NONE', ( #7868, #5453, #5010, #1963 ) ) ;
#2585 = DIRECTION ( 'NONE',  ( 0.000000000000000000, 1.000000000000000000, 2.168404344971008868E-14 ) ) ;
#2586 = VECTOR ( 'NONE', #1113, 39.37007874015748854 ) ;
#2587 = EDGE_CURVE ( 'NONE', #4247, #6686, #5340, .T. ) ;
#2588 = FACE_OUTER_BOUND ( 'NONE', #7321, .T. ) ;
#2589 = DIRECTION ( 'NONE',  ( 0.000000000000000000, 1.000000000000000000, 0.000000000000000000 ) ) ;
#2590 = DIRECTION ( 'NONE',  ( 0.000000000000000000, -0.8133743720617218065, 0.5817406044563160350 ) ) ;
#2591 = AXIS2_PLACEMENT_3D ( 'NONE', #8025, #4067, #2797 ) ;
#2592 = DIRECTION ( 'NONE',  ( 0.000000000000000000, 0.000000000000000000, 1.000000000000000000 ) ) ;
#2593 = VERTEX_POINT ( 'NONE', #4002 ) ;
#2594 = LINE ( 'NONE', #5231, #6151 ) ;
#2595 = DIRECTION ( 'NONE',  ( 1.000000000000000000, 0.000000000000000000, 0.000000000000000000 ) ) ;
#2596 = CARTESIAN_POINT ( 'NONE',  ( 0.1210629921259842590, 0.02677165354331102406, -0.007874015748031495954 ) ) ;
#2597 = VECTOR ( 'NONE', #6333, 39.37007874015748143 ) ;
#2598 = CARTESIAN_POINT ( 'NONE',  ( 0.08661417322834646937, -0.05740842757657479978, -0.1604947548546062919 ) ) ;
#2599 = ADVANCED_FACE ( 'NONE', ( #6611 ), #2737, .F. ) ;
#2600 = EDGE_CURVE ( 'NONE', #1685, #5430, #5956, .T. ) ;
#2601 = ORIENTED_EDGE ( 'NONE', *, *, #7911, .F. ) ;
#2602 = DIRECTION ( 'NONE',  ( 1.000000000000000000, 0.000000000000000000, 0.000000000000000000 ) ) ;
#2603 = DIRECTION ( 'NONE',  ( 1.000000000000000000, 0.000000000000000000, 0.000000000000000000 ) ) ;
#2604 = VECTOR ( 'NONE', #5968, 39.37007874015748143 ) ;
#2605 = CARTESIAN_POINT ( 'NONE',  ( 0.01181102362202755829, -0.02480314960629921572, -0.1377952755905511861 ) ) ;
#2606 = DIRECTION ( 'NONE',  ( 0.000000000000000000, -0.8133743720617218065, 0.5817406044563160350 ) ) ;
#2607 = VERTEX_POINT ( 'NONE', #8 ) ;
#2608 = CARTESIAN_POINT ( 'NONE',  ( -0.1751968503937007815, 0.07874015748031495954, -0.1023622047244094474 ) ) ;
#2609 = CIRCLE ( 'NONE', #4139, 0.01968503937007873641 ) ;
#2610 = DIRECTION ( 'NONE',  ( 0.000000000000000000, 1.000000000000000000, 0.000000000000000000 ) ) ;
#2611 = FACE_OUTER_BOUND ( 'NONE', #3045, .T. ) ;
#2612 = ORIENTED_EDGE ( 'NONE', *, *, #7917, .T. ) ;
#2613 = VERTEX_POINT ( 'NONE', #1223 ) ;
#2614 = DIRECTION ( 'NONE',  ( 0.000000000000000000, -1.000000000000000000, 0.000000000000000000 ) ) ;
#2615 = ORIENTED_EDGE ( 'NONE', *, *, #7388, .T. ) ;
#2616 = CARTESIAN_POINT ( 'NONE',  ( 0.1696850393700787274, 0.02362204724409055004, 0.000000000000000000 ) ) ;
#2617 = VERTEX_POINT ( 'NONE', #6518 ) ;
#2618 = DIRECTION ( 'NONE',  ( 0.000000000000000000, 1.000000000000000000, 0.000000000000000000 ) ) ;
#2619 = ORIENTED_EDGE ( 'NONE', *, *, #7585, .F. ) ;
#2620 = FACE_OUTER_BOUND ( 'NONE', #8174, .T. ) ;
#2621 = VECTOR ( 'NONE', #7858, 39.37007874015748143 ) ;
#2622 = LINE ( 'NONE', #7365, #7379 ) ;
#2623 = EDGE_CURVE ( 'NONE', #4399, #3531, #3906, .T. ) ;
#2624 = EDGE_LOOP ( 'NONE', ( #4424, #3323, #4608, #3437 ) ) ;
#2625 = VECTOR ( 'NONE', #5415, 39.37007874015748143 ) ;
#2626 = EDGE_LOOP ( 'NONE', ( #5932, #6910, #6270, #898 ) ) ;
#2627 = PLANE ( 'NONE',  #1152 ) ;
#2628 = ORIENTED_EDGE ( 'NONE', *, *, #6933, .T. ) ;
#2629 = VERTEX_POINT ( 'NONE', #8514 ) ;
#2630 = ORIENTED_EDGE ( 'NONE', *, *, #6168, .F. ) ;
#2631 = PLANE ( 'NONE',  #4934 ) ;
#2632 = ADVANCED_FACE ( 'NONE', ( #56 ), #4686, .T. ) ;
#2633 = CARTESIAN_POINT ( 'NONE',  ( 0.1787245914263385915, 0.03911508103944094650, -0.03543307086614173179 ) ) ;
#2634 = DIRECTION ( 'NONE',  ( 0.000000000000000000, -2.900240811400174350E-13, -1.000000000000000000 ) ) ;
#2635 = CARTESIAN_POINT ( 'NONE',  ( -0.09842519685039370636, -0.01299212598425196832, 0.000000000000000000 ) ) ;
#2636 = CARTESIAN_POINT ( 'NONE',  ( 0.09842519685039370636, -0.01299212598425196832, 0.000000000000000000 ) ) ;
#2637 = ORIENTED_EDGE ( 'NONE', *, *, #3351, .T. ) ;
#2638 = DIRECTION ( 'NONE',  ( 0.000000000000000000, 1.000000000000000000, 0.000000000000000000 ) ) ;
#2639 = CARTESIAN_POINT ( 'NONE',  ( -0.1496062992125984370, 0.07086614173228346358, -0.1023622047244094474 ) ) ;
#2640 = DIRECTION ( 'NONE',  ( 0.000000000000000000, 0.000000000000000000, 1.000000000000000000 ) ) ;
#2641 = CARTESIAN_POINT ( 'NONE',  ( 0.1505905511811023723, 0.07874015748031495954, -0.03444881889764173089 ) ) ;
#2642 = DIRECTION ( 'NONE',  ( 0.9999342502356419748, -0.01146713589719048146, 0.000000000000000000 ) ) ;
#2643 = AXIS2_PLACEMENT_3D ( 'NONE', #7751, #3702, #8359 ) ;
#2644 = VERTEX_POINT ( 'NONE', #7869 ) ;
#2645 = FACE_BOUND ( 'NONE', #7186, .T. ) ;
#2646 = DIRECTION ( 'NONE',  ( 1.000000000000000000, 0.000000000000000000, 0.000000000000000000 ) ) ;
#2647 = CARTESIAN_POINT ( 'NONE',  ( -0.01181102362205905393, -0.04724409448818897572, 0.06692913385826770867 ) ) ;
#2648 = ADVANCED_FACE ( 'NONE', ( #4643 ), #4549, .T. ) ;
#2649 = PLANE ( 'NONE',  #8377 ) ;
#2650 = ORIENTED_EDGE ( 'NONE', *, *, #6034, .F. ) ;
#2651 = LINE ( 'NONE', #1267, #4965 ) ;
#2652 = EDGE_CURVE ( 'NONE', #712, #6482, #3347, .T. ) ;
#2653 = ADVANCED_FACE ( 'NONE', ( #7213 ), #8005, .T. ) ;
#2654 = DIRECTION ( 'NONE',  ( 0.000000000000000000, 1.000000000000000000, 0.000000000000000000 ) ) ;
#2655 = DIRECTION ( 'NONE',  ( -9.992007221625999918E-14, -1.000000000000000000, 6.658902782718600491E-26 ) ) ;
#2656 = VECTOR ( 'NONE', #2779, 39.37007874015748143 ) ;
#2657 = ORIENTED_EDGE ( 'NONE', *, *, #5091, .T. ) ;
#2658 = ORIENTED_EDGE ( 'NONE', *, *, #7827, .T. ) ;
#2659 = VECTOR ( 'NONE', #7575, 39.37007874015748143 ) ;
#2660 = DIRECTION ( 'NONE',  ( 0.9999342502356384221, -0.01146713589749043596, 0.000000000000000000 ) ) ;
#2661 = ORIENTED_EDGE ( 'NONE', *, *, #5414, .T. ) ;
#2662 = DIRECTION ( 'NONE',  ( -0.000000000000000000, 1.000000000000000000, 0.000000000000000000 ) ) ;
#2663 = ORIENTED_EDGE ( 'NONE', *, *, #5949, .F. ) ;
#2664 = CARTESIAN_POINT ( 'NONE',  ( 0.1102362204724409434, -0.04724409448818897572, 0.06692913385826770867 ) ) ;
#2665 = VERTEX_POINT ( 'NONE', #6044 ) ;
#2666 = CARTESIAN_POINT ( 'NONE',  ( 0.005314455739720472423, 0.05236220472440945156, -0.006561679790110235867 ) ) ;
#2667 = EDGE_CURVE ( 'NONE', #367, #305, #7392, .T. ) ;
#2668 = VECTOR ( 'NONE', #4071, 39.37007874015748143 ) ;
#2669 = AXIS2_PLACEMENT_3D ( 'NONE', #8368, #422, #7064 ) ;
#2670 = VERTEX_POINT ( 'NONE', #6208 ) ;
#2671 = DIRECTION ( 'NONE',  ( 0.000000000000000000, 1.000000000000000000, 0.000000000000000000 ) ) ;
#2672 = ORIENTED_EDGE ( 'NONE', *, *, #657, .F. ) ;
#2673 = ORIENTED_EDGE ( 'NONE', *, *, #5680, .T. ) ;
#2674 = ORIENTED_EDGE ( 'NONE', *, *, #6168, .T. ) ;
#2675 = AXIS2_PLACEMENT_3D ( 'NONE', #4142, #6225, #3610 ) ;
#2676 = DIRECTION ( 'NONE',  ( 0.000000000000000000, -1.000000000000000000, -8.153200337090990315E-13 ) ) ;
#2677 = EDGE_CURVE ( 'NONE', #2470, #2644, #2609, .T. ) ;
#2678 = CIRCLE ( 'NONE', #1580, 0.003937007874015749712 ) ;
#2679 = DIRECTION ( 'NONE',  ( 1.000000000000000000, 0.000000000000000000, 0.000000000000000000 ) ) ;
#2680 = CARTESIAN_POINT ( 'NONE',  ( -0.1712141755981102520, 0.07086614173228346358, -0.03543307086614566614 ) ) ;
#2681 = LINE ( 'NONE', #5408, #2519 ) ;
#2682 = CARTESIAN_POINT ( 'NONE',  ( 0.09153530139062991677, 0.07086582634271654246, -0.007874015748031495954 ) ) ;
#2683 = VERTEX_POINT ( 'NONE', #4862 ) ;
#2684 = PLANE ( 'NONE',  #7117 ) ;
#2685 = DIRECTION ( 'NONE',  ( 0.000000000000000000, 0.000000000000000000, 1.000000000000000000 ) ) ;
#2686 = EDGE_CURVE ( 'NONE', #998, #419, #6360, .T. ) ;
#2687 = AXIS2_PLACEMENT_3D ( 'NONE', #1779, #7068, #4407 ) ;
#2688 = CARTESIAN_POINT ( 'NONE',  ( -0.1696850393700787274, 0.02362204724409055004, -0.1023622047244094474 ) ) ;
#2689 = LINE ( 'NONE', #6038, #6508 ) ;
#2690 = EDGE_LOOP ( 'NONE', ( #5922, #2962, #7244, #1812, #1804, #8354 ) ) ;
#2691 = LINE ( 'NONE', #5288, #6149 ) ;
#2692 = CARTESIAN_POINT ( 'NONE',  ( 0.1496062992125984370, 0.07086614173228346358, -0.1023622047244094474 ) ) ;
#2693 = DIRECTION ( 'NONE',  ( 0.000000000000000000, 0.000000000000000000, 1.000000000000000000 ) ) ;
#2694 = FACE_OUTER_BOUND ( 'NONE', #5042, .T. ) ;
#2695 = ORIENTED_EDGE ( 'NONE', *, *, #2130, .T. ) ;
#2696 = DIRECTION ( 'NONE',  ( 0.000000000000000000, 1.000000000000000000, 0.000000000000000000 ) ) ;
#2697 = AXIS2_PLACEMENT_3D ( 'NONE', #5733, #2990, #7079 ) ;
#2698 = CARTESIAN_POINT ( 'NONE',  ( -0.1496062992125984370, 0.07874015748031495954, -0.03543307086614566614 ) ) ;
#2699 = AXIS2_PLACEMENT_3D ( 'NONE', #1083, #429, #1781 ) ;
#2700 = VERTEX_POINT ( 'NONE', #6084 ) ;
#2701 = EDGE_LOOP ( 'NONE', ( #693, #3733, #3276, #5360 ) ) ;
#2702 = PLANE ( 'NONE',  #878 ) ;
#2703 = ORIENTED_EDGE ( 'NONE', *, *, #6361, .T. ) ;
#2704 = CARTESIAN_POINT ( 'NONE',  ( -0.08661417322838584065, -0.02874015748031496023, -0.003225287050151574592 ) ) ;
#2705 = VERTEX_POINT ( 'NONE', #6905 ) ;
#2706 = PLANE ( 'NONE',  #8369 ) ;
#2707 = ORIENTED_EDGE ( 'NONE', *, *, #7170, .T. ) ;
#2708 = CARTESIAN_POINT ( 'NONE',  ( 0.1053149606299212532, -0.02480314960629921572, -0.06200787401574803237 ) ) ;
#2709 = FACE_OUTER_BOUND ( 'NONE', #3486, .T. ) ;
#2710 = ORIENTED_EDGE ( 'NONE', *, *, #5413, .T. ) ;
#2711 = CARTESIAN_POINT ( 'NONE',  ( 0.06978942972114172971, 0.1574803149606299191, -0.03937007874015747977 ) ) ;
#2712 = ADVANCED_FACE ( 'NONE', ( #961 ), #6172, .F. ) ;
#2713 = VECTOR ( 'NONE', #2398, 39.37007874015748143 ) ;
#2714 = EDGE_CURVE ( 'NONE', #6538, #5562, #6246, .T. ) ;
#2715 = ORIENTED_EDGE ( 'NONE', *, *, #4037, .T. ) ;
#2716 = VERTEX_POINT ( 'NONE', #140 ) ;
#2717 = VERTEX_POINT ( 'NONE', #1488 ) ;
#2718 = CARTESIAN_POINT ( 'NONE',  ( -0.1427165354330708902, -0.05314960629921260116, -0.03248031496062204343 ) ) ;
#2719 = AXIS2_PLACEMENT_3D ( 'NONE', #2704, #6748, #147 ) ;
#2720 = CARTESIAN_POINT ( 'NONE',  ( 0.05046285143362205100, 0.01968503937007873988, -0.009842819629633856385 ) ) ;
#2721 = CARTESIAN_POINT ( 'NONE',  ( 0.1102362204724015721, -0.01299212598425590615, 0.000000000000000000 ) ) ;
#2722 = DIRECTION ( 'NONE',  ( 1.000000000000000000, 0.000000000000000000, 0.000000000000000000 ) ) ;
#2723 = CARTESIAN_POINT ( 'NONE',  ( 0.01998681779692125862, 0.05236220472440945156, -0.01968503937007873988 ) ) ;
#2724 = ORIENTED_EDGE ( 'NONE', *, *, #1867, .T. ) ;
#2725 = DIRECTION ( 'NONE',  ( 1.000000000000000000, 0.000000000000000000, 0.000000000000000000 ) ) ;
#2726 = CARTESIAN_POINT ( 'NONE',  ( 0.08661417322834646937, -0.02480314960629921572, -0.009842519685031497767 ) ) ;
#2727 = VECTOR ( 'NONE', #4545, 39.37007874015748143 ) ;
#2728 = CARTESIAN_POINT ( 'NONE',  ( -0.02460629921259842659, 0.01968503937007873988, 0.000000000000000000 ) ) ;
#2729 = CARTESIAN_POINT ( 'NONE',  ( 0.09842519685035433508, -0.01299212598425196832, -0.06889763779527559306 ) ) ;
#2730 = AXIS2_PLACEMENT_3D ( 'NONE', #4107, #1385, #2676 ) ;
#2731 = ADVANCED_FACE ( 'NONE', ( #5599 ), #226, .T. ) ;
#2732 = VERTEX_POINT ( 'NONE', #6863 ) ;
#2733 = CARTESIAN_POINT ( 'NONE',  ( -0.01181102362206299175, -0.04559749532043306380, -0.1664016558098031506 ) ) ;
#2734 = LENGTH_MEASURE_WITH_UNIT ( LENGTH_MEASURE( 0.02539999999999999897 ), #4725 );
#2735 = DIRECTION ( 'NONE',  ( 0.000000000000000000, 0.000000000000000000, -1.000000000000000000 ) ) ;
#2736 = ORIENTED_EDGE ( 'NONE', *, *, #6958, .T. ) ;
#2737 = PLANE ( 'NONE',  #122 ) ;
#2738 = COLOUR_RGB ( '',0.7921568627450980005, 0.8196078431372548767, 0.9333333333333333481 ) ;
#2739 = VECTOR ( 'NONE', #3048, 39.37007874015748143 ) ;
#2740 = CARTESIAN_POINT ( 'NONE',  ( -0.1427165354330708902, -0.05905511811023622659, -0.04330708661417323468 ) ) ;
#2741 = VERTEX_POINT ( 'NONE', #2776 ) ;
#2742 = ORIENTED_EDGE ( 'NONE', *, *, #3668, .T. ) ;
#2743 = CARTESIAN_POINT ( 'NONE',  ( 0.1578630796150393978, 0.07874015748031495954, -0.1205708661417322913 ) ) ;
#2744 = ORIENTED_EDGE ( 'NONE', *, *, #6943, .T. ) ;
#2745 = FACE_OUTER_BOUND ( 'NONE', #5620, .T. ) ;
#2746 = ORIENTED_EDGE ( 'NONE', *, *, #8425, .T. ) ;
#2747 = DIRECTION ( 'NONE',  ( 0.000000000000000000, -1.000000000000000000, 0.000000000000000000 ) ) ;
#2748 = ORIENTED_EDGE ( 'NONE', *, *, #5994, .T. ) ;
#2749 = CARTESIAN_POINT ( 'NONE',  ( -0.005937216381196849628, 0.03956692913385827237, -0.01064594181410629878 ) ) ;
#2750 = VECTOR ( 'NONE', #1320, 39.37007874015748143 ) ;
#2751 = B_SPLINE_CURVE_WITH_KNOTS ( 'NONE', 3,
 ( #1366, #4555, #3910, #13 ),
 .UNSPECIFIED., .F., .F.,
 ( 4, 4 ),
 ( 5.417025632208524436E-17, 0.0001566490099635181805 ),
 .UNSPECIFIED. ) ;
#2752 = ORIENTED_EDGE ( 'NONE', *, *, #4099, .T. ) ;
#2753 = LINE ( 'NONE', #7326, #8222 ) ;
#2754 = VECTOR ( 'NONE', #268, 39.37007874015748143 ) ;
#2755 = ORIENTED_EDGE ( 'NONE', *, *, #3710, .F. ) ;
#2756 = ORIENTED_EDGE ( 'NONE', *, *, #6287, .F. ) ;
#2757 = EDGE_LOOP ( 'NONE', ( #843, #1367, #2451, #5544 ) ) ;
#2758 = DIRECTION ( 'NONE',  ( 0.000000000000000000, 0.000000000000000000, 1.000000000000000000 ) ) ;
#2759 = EDGE_CURVE ( 'NONE', #3378, #5657, #2093, .T. ) ;
#2760 = EDGE_CURVE ( 'NONE', #1806, #3561, #2860, .T. ) ;
#2761 = EDGE_CURVE ( 'NONE', #7463, #8393, #8585, .T. ) ;
#2762 = FACE_OUTER_BOUND ( 'NONE', #5785, .T. ) ;
#2763 = EDGE_CURVE ( 'NONE', #998, #901, #2822, .T. ) ;
#2764 = CARTESIAN_POINT ( 'NONE',  ( -0.01181102362205511611, -0.02480314960629921572, -0.1279527559055118058 ) ) ;
#2765 = DIRECTION ( 'NONE',  ( 0.000000000000000000, 1.000000000000000000, 0.000000000000000000 ) ) ;
#2766 = CARTESIAN_POINT ( 'NONE',  ( 0.1696850393700787274, -0.02480314960629921572, -0.1377952755905511861 ) ) ;
#2767 = ORIENTED_EDGE ( 'NONE', *, *, #722, .T. ) ;
#2768 = DIRECTION ( 'NONE',  ( 0.000000000000000000, -0.8133743720617218065, 0.5817406044563159240 ) ) ;
#2769 = LINE ( 'NONE', #2084, #8039 ) ;
#2770 = FACE_OUTER_BOUND ( 'NONE', #3529, .T. ) ;
#2771 = EDGE_LOOP ( 'NONE', ( #4001, #7972, #6474, #3285 ) ) ;
#2772 = LINE ( 'NONE', #4206, #1310 ) ;
#2773 = FACE_OUTER_BOUND ( 'NONE', #7874, .T. ) ;
#2774 = DIRECTION ( 'NONE',  ( 0.9999342502356429740, 0.01146713589710050135, -1.342730914396869947E-15 ) ) ;
#2775 = VERTEX_POINT ( 'NONE', #4167 ) ;
#2776 = CARTESIAN_POINT ( 'NONE',  ( 0.1496062992125984370, 0.07874015748031495954, 0.000000000000000000 ) ) ;
#2777 = EDGE_CURVE ( 'NONE', #2613, #8435, #796, .T. ) ;
#2778 = EDGE_CURVE ( 'NONE', #1274, #3083, #8169, .T. ) ;
#2779 = DIRECTION ( 'NONE',  ( 0.000000000000000000, 1.000000000000000000, 0.000000000000000000 ) ) ;
#2780 = ORIENTED_EDGE ( 'NONE', *, *, #4728, .T. ) ;
#2781 = ORIENTED_EDGE ( 'NONE', *, *, #502, .F. ) ;
#2782 = PLANE ( 'NONE',  #6283 ) ;
#2783 = EDGE_LOOP ( 'NONE', ( #1719, #4078, #6838, #8475 ) ) ;
#2784 = DIRECTION ( 'NONE',  ( 0.000000000000000000, 0.000000000000000000, 1.000000000000000000 ) ) ;
#2785 = CARTESIAN_POINT ( 'NONE',  ( 0.1369563552857086808, 0.07086614173228346358, -0.009842519685039369942 ) ) ;
#2786 = AXIS2_PLACEMENT_3D ( 'NONE', #1214, #5809, #474 ) ;
#2787 = VERTEX_POINT ( 'NONE', #2136 ) ;
#2788 = LINE ( 'NONE', #1626, #7051 ) ;
#2789 = AXIS2_PLACEMENT_3D ( 'NONE', #6371, #2368, #6500 ) ;
#2790 = VECTOR ( 'NONE', #3039, 39.37007874015748143 ) ;
#2791 = CARTESIAN_POINT ( 'NONE',  ( 0.01181102362202755829, -0.01299212598425590615, 0.000000000000000000 ) ) ;
#2792 = VERTEX_POINT ( 'NONE', #4209 ) ;
#2793 = DIRECTION ( 'NONE',  ( -1.000000000000000000, 0.000000000000000000, 0.000000000000000000 ) ) ;
#2794 = ORIENTED_EDGE ( 'NONE', *, *, #1723, .T. ) ;
#2795 = ORIENTED_EDGE ( 'NONE', *, *, #8047, .F. ) ;
#2796 = ORIENTED_EDGE ( 'NONE', *, *, #4953, .T. ) ;
#2797 = DIRECTION ( 'NONE',  ( 1.000000000000000000, 0.000000000000000000, 0.000000000000000000 ) ) ;
#2798 = VECTOR ( 'NONE', #8399, 39.37007874015748143 ) ;
#2799 = VECTOR ( 'NONE', #5399, 39.37007874015748143 ) ;
#2800 = CARTESIAN_POINT ( 'NONE',  ( -0.01181102362206692784, -0.04724409448818897572, 0.03122817830516535359 ) ) ;
#2801 = DIRECTION ( 'NONE',  ( 0.000000000000000000, 1.947648391771000442E-14, -1.000000000000000000 ) ) ;
#2802 = ADVANCED_FACE ( 'NONE', ( #4775 ), #4126, .F. ) ;
#2803 = VECTOR ( 'NONE', #4020, 39.37007874015748143 ) ;
#2804 = VECTOR ( 'NONE', #5297, 39.37007874015748143 ) ;
#2805 = DIRECTION ( 'NONE',  ( 0.000000000000000000, 1.000000000000000000, 0.000000000000000000 ) ) ;
#2806 = FILL_AREA_STYLE_COLOUR ( '', #3689 ) ;
#2807 = ORIENTED_EDGE ( 'NONE', *, *, #5550, .F. ) ;
#2808 = DIRECTION ( 'NONE',  ( 0.000000000000000000, 0.000000000000000000, -1.000000000000000000 ) ) ;
#2809 = ADVANCED_FACE ( 'NONE', ( #5556 ), #8128, .T. ) ;
#2810 = CARTESIAN_POINT ( 'NONE',  ( -0.1427165354330708902, -0.05905511811023622659, -0.1161417322834645688 ) ) ;
#2811 = VECTOR ( 'NONE', #2660, 39.37007874015748143 ) ;
#2812 = DIRECTION ( 'NONE',  ( -3.200387142547999865E-13, 0.000000000000000000, 1.000000000000000000 ) ) ;
#2813 = LINE ( 'NONE', #5460, #444 ) ;
#2814 = EDGE_CURVE ( 'NONE', #7615, #4344, #7559, .T. ) ;
#2815 = AXIS2_PLACEMENT_3D ( 'NONE', #8509, #2559, #1914 ) ;
#2816 = ORIENTED_EDGE ( 'NONE', *, *, #2677, .F. ) ;
#2817 =( NAMED_UNIT ( * ) SI_UNIT ( $, .STERADIAN. ) SOLID_ANGLE_UNIT ( ) );
#2818 = EDGE_CURVE ( 'NONE', #3561, #2470, #7601, .T. ) ;
#2819 = EDGE_CURVE ( 'NONE', #8479, #611, #1085, .T. ) ;
#2820 = DIRECTION ( 'NONE',  ( -1.000000000000000000, 0.000000000000000000, 0.000000000000000000 ) ) ;
#2821 = VERTEX_POINT ( 'NONE', #4372 ) ;
#2822 = LINE ( 'NONE', #6741, #5239 ) ;
#2823 = CIRCLE ( 'NONE', #5321, 0.003937007874015741038 ) ;
#2824 = EDGE_CURVE ( 'NONE', #7122, #4917, #1656, .T. ) ;
#2825 = FACE_OUTER_BOUND ( 'NONE', #2944, .T. ) ;
#2826 = ORIENTED_EDGE ( 'NONE', *, *, #441, .T. ) ;
#2827 = EDGE_LOOP ( 'NONE', ( #6111, #1057, #2222, #7706 ) ) ;
#2828 = CARTESIAN_POINT ( 'NONE',  ( -0.1053149606299212532, -0.02480314960629921572, -0.06200787401574803237 ) ) ;
#2829 = ORIENTED_EDGE ( 'NONE', *, *, #647, .F. ) ;
#2830 = CARTESIAN_POINT ( 'NONE',  ( -0.1706598510025984228, 0.02252903700314173169, 0.000000000000000000 ) ) ;
#2831 = VECTOR ( 'NONE', #2910, 39.37007874015748143 ) ;
#2832 = DIRECTION ( 'NONE',  ( 1.000000000000000000, 0.000000000000000000, -1.456454504160000130E-14 ) ) ;
#2833 = ORIENTED_EDGE ( 'NONE', *, *, #766, .T. ) ;
#2834 = CARTESIAN_POINT ( 'NONE',  ( 0.08661417322834646937, -0.05905511811023622659, -0.2047244094488188948 ) ) ;
#2835 = LINE ( 'NONE', #2791, #8485 ) ;
#2836 = ORIENTED_EDGE ( 'NONE', *, *, #982, .F. ) ;
#2837 = EDGE_CURVE ( 'NONE', #5894, #2435, #6783, .T. ) ;
#2838 = PLANE ( 'NONE',  #5153 ) ;
#2839 = ORIENTED_EDGE ( 'NONE', *, *, #3120, .T. ) ;
#2840 = PLANE ( 'NONE',  #7433 ) ;
#2841 = ORIENTED_EDGE ( 'NONE', *, *, #6816, .T. ) ;
#2842 = CARTESIAN_POINT ( 'NONE',  ( 0.01181102362202755829, -0.02644984013993700520, -0.1383525925402755985 ) ) ;
#2843 = VECTOR ( 'NONE', #3196, 39.37007874015748143 ) ;
#2844 = DIRECTION ( 'NONE',  ( 0.000000000000000000, 1.000000000000000000, 2.746581960645000162E-14 ) ) ;
#2845 = CLOSED_SHELL ( 'NONE', ( #6690, #3457, #7540, #4993, #540, #5577, #4144, #882, #8343, #382, #6472, #585, #484, #7997, #7518, #3307, #1079, #919, #6743, #3060, #6384, #5206 ) ) ;
#2846 = CARTESIAN_POINT ( 'NONE',  ( 0.1102362204724015721, -0.02480314960629921572, -0.1279527559055118058 ) ) ;
#2847 = DIRECTION ( 'NONE',  ( -0.000000000000000000, 1.000000000000000000, 0.000000000000000000 ) ) ;
#2848 = ORIENTED_EDGE ( 'NONE', *, *, #8561, .F. ) ;
#2849 = CARTESIAN_POINT ( 'NONE',  ( 0.1496062992125984370, 0.07086614173228346358, -0.1377952755905511861 ) ) ;
#2850 = CARTESIAN_POINT ( 'NONE',  ( 0.1739173228346456990, 0.04299212598421259940, -0.1023622047244094474 ) ) ;
#2851 = DIRECTION ( 'NONE',  ( 0.000000000000000000, 1.000000000000000000, 0.000000000000000000 ) ) ;
#2852 = AXIS2_PLACEMENT_3D ( 'NONE', #190, #931, #1498 ) ;
#2853 = CARTESIAN_POINT ( 'NONE',  ( 0.07283464566929134798, 0.07874015748031495954, -0.1003937007874015908 ) ) ;
#2854 = PLANE ( 'NONE',  #1570 ) ;
#2855 = ORIENTED_EDGE ( 'NONE', *, *, #3805, .F. ) ;
#2856 = DIRECTION ( 'NONE',  ( 0.000000000000000000, -1.000000000000000000, 0.000000000000000000 ) ) ;
#2857 = DIRECTION ( 'NONE',  ( -3.062844862695999869E-09, -1.000000000000000000, 3.551312250269000031E-13 ) ) ;
#2858 = CARTESIAN_POINT ( 'NONE',  ( 0.1696850393700787274, 0.02362204724409055004, -0.1377952755905511861 ) ) ;
#2859 = ORIENTED_EDGE ( 'NONE', *, *, #6911, .T. ) ;
#2860 = LINE ( 'NONE', #4084, #3317 ) ;
#2861 = VECTOR ( 'NONE', #4491, 39.37007874015748143 ) ;
#2862 = EDGE_CURVE ( 'NONE', #5616, #6378, #999, .T. ) ;
#2863 = ADVANCED_FACE ( 'NONE', ( #2342 ), #7639, .T. ) ;
#2864 = CARTESIAN_POINT ( 'NONE',  ( -0.1240157480314960647, 0.07086614173228346358, 0.000000000000000000 ) ) ;
#2865 = EDGE_LOOP ( 'NONE', ( #5746, #1757, #8444, #3734 ) ) ;
#2866 = VERTEX_POINT ( 'NONE', #1698 ) ;
#2867 = FACE_OUTER_BOUND ( 'NONE', #518, .T. ) ;
#2868 = VECTOR ( 'NONE', #3661, 39.37007874015748143 ) ;
#2869 = VERTEX_POINT ( 'NONE', #7029 ) ;
#2870 = DIRECTION ( 'NONE',  ( 0.000000000000000000, -1.000000000000000000, -2.368475785867000094E-14 ) ) ;
#2871 = DIRECTION ( 'NONE',  ( 1.310063169058000010E-13, -1.179611963665000015E-14, 1.000000000000000000 ) ) ;
#2872 = ORIENTED_EDGE ( 'NONE', *, *, #1454, .T. ) ;
#2873 = DIRECTION ( 'NONE',  ( 0.000000000000000000, 0.000000000000000000, 1.000000000000000000 ) ) ;
#2874 = AXIS2_PLACEMENT_3D ( 'NONE', #4804, #129, #2768 ) ;
#2875 = LINE ( 'NONE', #5530, #1563 ) ;
#2876 = EDGE_CURVE ( 'NONE', #3449, #4729, #8415, .T. ) ;
#2877 = ORIENTED_EDGE ( 'NONE', *, *, #774, .F. ) ;
#2878 = LINE ( 'NONE', #5487, #5439 ) ;
#2879 = ORIENTED_EDGE ( 'NONE', *, *, #1175, .T. ) ;
#2880 = DIRECTION ( 'NONE',  ( 2.326181575402999921E-13, 1.000000000000000000, 0.000000000000000000 ) ) ;
#2881 = EDGE_LOOP ( 'NONE', ( #4184, #55, #759, #6102 ) ) ;
#2882 = CARTESIAN_POINT ( 'NONE',  ( -0.1427165354330708902, -0.04724409448818897572, -0.02165354330707086952 ) ) ;
#2883 = PLANE ( 'NONE',  #5503 ) ;
#2884 = VECTOR ( 'NONE', #8117, 39.37007874015748143 ) ;
#2885 = EDGE_CURVE ( 'NONE', #8255, #1146, #6425, .T. ) ;
#2886 = LINE ( 'NONE', #906, #989 ) ;
#2887 = VECTOR ( 'NONE', #181, 39.37007874015748143 ) ;
#2888 = DIRECTION ( 'NONE',  ( 0.000000000000000000, -1.000000000000000000, 1.734723475976806463E-14 ) ) ;
#2889 = ORIENTED_EDGE ( 'NONE', *, *, #2824, .F. ) ;
#2890 = CARTESIAN_POINT ( 'NONE',  ( 0.08267716535433070058, -0.02480314960629921572, -0.06200787401574803237 ) ) ;
#2891 = DIRECTION ( 'NONE',  ( 0.000000000000000000, 1.000000000000000000, 0.000000000000000000 ) ) ;
#2892 = VECTOR ( 'NONE', #2552, 39.37007874015748854 ) ;
#2893 = ADVANCED_FACE ( 'NONE', ( #5684 ), #1783, .F. ) ;
#2894 = DIRECTION ( 'NONE',  ( 0.000000000000000000, 0.000000000000000000, 1.000000000000000000 ) ) ;
#2895 = LINE ( 'NONE', #4933, #593 ) ;
#2896 = VECTOR ( 'NONE', #520, 39.37007874015748143 ) ;
#2897 = ORIENTED_EDGE ( 'NONE', *, *, #7724, .F. ) ;
#2898 =( LENGTH_UNIT ( ) NAMED_UNIT ( * ) SI_UNIT ( $, .METRE. ) );
#2899 = CARTESIAN_POINT ( 'NONE',  ( -0.1200787401574803237, 0.07086614173228346358, -0.1318897637795275746 ) ) ;
#2900 = DIRECTION ( 'NONE',  ( 0.000000000000000000, 0.000000000000000000, -1.000000000000000000 ) ) ;
#2901 = ORIENTED_EDGE ( 'NONE', *, *, #6771, .F. ) ;
#2902 = DIRECTION ( 'NONE',  ( 1.000000000000000000, 0.000000000000000000, 0.000000000000000000 ) ) ;
#2903 = DIRECTION ( 'NONE',  ( 9.984571880448879475E-14, 1.000000000000000000, 6.650371322190369123E-17 ) ) ;
#2904 = EDGE_CURVE ( 'NONE', #4990, #4692, #6085, .T. ) ;
#2905 = VERTEX_POINT ( 'NONE', #2465 ) ;
#2906 = ORIENTED_EDGE ( 'NONE', *, *, #1646, .F. ) ;
#2907 = DIRECTION ( 'NONE',  ( -1.000000000000000000, 0.000000000000000000, 0.000000000000000000 ) ) ;
#2908 = ORIENTED_EDGE ( 'NONE', *, *, #1579, .T. ) ;
#2909 = FACE_OUTER_BOUND ( 'NONE', #1084, .T. ) ;
#2910 = DIRECTION ( 'NONE',  ( 0.000000000000000000, 0.000000000000000000, -1.000000000000000000 ) ) ;
#2911 = ORIENTED_EDGE ( 'NONE', *, *, #2818, .F. ) ;
#2912 = DIRECTION ( 'NONE',  ( -0.9999342502356429740, -0.01146713589709938072, 2.982079111010085082E-27 ) ) ;
#2913 = EDGE_CURVE ( 'NONE', #8435, #4774, #348, .T. ) ;
#2914 = CARTESIAN_POINT ( 'NONE',  ( 0.1786236414445669385, 0.03031224262785648174, -0.03937007874015753528 ) ) ;
#2915 = VERTEX_POINT ( 'NONE', #6336 ) ;
#2916 = VECTOR ( 'NONE', #1203, 39.37007874015748854 ) ;
#2917 = DIRECTION ( 'NONE',  ( -1.000000000000000000, 0.000000000000000000, 0.000000000000000000 ) ) ;
#2918 = VERTEX_POINT ( 'NONE', #1740 ) ;
#2919 = EDGE_LOOP ( 'NONE', ( #1441, #6179, #4919, #4629 ) ) ;
#2920 = VERTEX_POINT ( 'NONE', #5641 ) ;
#2921 = CYLINDRICAL_SURFACE ( 'NONE', #1313, 0.007874015748031495954 ) ;
#2922 = EDGE_CURVE ( 'NONE', #2459, #5873, #7768, .T. ) ;
#2923 = EDGE_CURVE ( 'NONE', #5134, #3084, #3017, .T. ) ;
#2924 = VECTOR ( 'NONE', #506, 39.37007874015748854 ) ;
#2925 = PLANE ( 'NONE',  #5130 ) ;
#2926 = DIRECTION ( 'NONE',  ( 0.000000000000000000, 1.000000000000000000, 0.000000000000000000 ) ) ;
#2927 = DIRECTION ( 'NONE',  ( -0.000000000000000000, 1.000000000000000000, 0.000000000000000000 ) ) ;
#2928 = ORIENTED_EDGE ( 'NONE', *, *, #6957, .F. ) ;
#2929 = AXIS2_PLACEMENT_3D ( 'NONE', #8171, #2903, #2221 ) ;
#2930 = EDGE_CURVE ( 'NONE', #406, #5617, #1826, .T. ) ;
#2931 = CARTESIAN_POINT ( 'NONE',  ( -0.1651356080489763956, 0.07874015748031495954, -0.1377952755905511861 ) ) ;
#2932 = PLANE ( 'NONE',  #4971 ) ;
#2933 = AXIS2_PLACEMENT_3D ( 'NONE', #6848, #6196, #2888 ) ;
#2934 = DIRECTION ( 'NONE',  ( 0.000000000000000000, 1.000000000000000000, 0.000000000000000000 ) ) ;
#2935 = VECTOR ( 'NONE', #4203, 39.37007874015748854 ) ;
#2936 = DIRECTION ( 'NONE',  ( 0.000000000000000000, 0.000000000000000000, -1.000000000000000000 ) ) ;
#2937 = EDGE_CURVE ( 'NONE', #3131, #1540, #8376, .T. ) ;
#2938 = ORIENTED_EDGE ( 'NONE', *, *, #7915, .F. ) ;
#2939 = EDGE_CURVE ( 'NONE', #2528, #5575, #7729, .T. ) ;
#2940 = DIRECTION ( 'NONE',  ( -1.000000000000000000, 0.000000000000000000, 0.000000000000000000 ) ) ;
#2941 = DIRECTION ( 'NONE',  ( 0.000000000000000000, 1.000000000000000000, 0.000000000000000000 ) ) ;
#2942 = DIRECTION ( 'NONE',  ( 0.000000000000000000, -1.875060376459000053E-14, -1.000000000000000000 ) ) ;
#2943 = AXIS2_PLACEMENT_3D ( 'NONE', #7232, #7367, #2109 ) ;
#2944 = EDGE_LOOP ( 'NONE', ( #6093, #1188, #7174, #3172 ) ) ;
#2945 = DIRECTION ( 'NONE',  ( 0.000000000000000000, 0.000000000000000000, 1.000000000000000000 ) ) ;
#2946 = VECTOR ( 'NONE', #3261, 39.37007874015748854 ) ;
#2947 = DIRECTION ( 'NONE',  ( 1.000000000000000000, 0.000000000000000000, 0.000000000000000000 ) ) ;
#2948 = ORIENTED_EDGE ( 'NONE', *, *, #1936, .T. ) ;
#2949 = DIRECTION ( 'NONE',  ( 0.000000000000000000, 1.000000000000000000, 0.000000000000000000 ) ) ;
#2950 = ORIENTED_EDGE ( 'NONE', *, *, #2045, .T. ) ;
#2951 = LINE ( 'NONE', #8218, #227 ) ;
#2952 = CARTESIAN_POINT ( 'NONE',  ( 0.005314455738866141060, 0.02677165354331102406, -0.006561679791114173252 ) ) ;
#2953 = EDGE_LOOP ( 'NONE', ( #6862, #480, #6267, #8572 ) ) ;
#2954 = PLANE ( 'NONE',  #2201 ) ;
#2955 = EDGE_CURVE ( 'NONE', #3313, #8433, #6648, .T. ) ;
#2956 = CARTESIAN_POINT ( 'NONE',  ( -0.01181102362206299175, -0.04724409448818897572, -0.1696038517685826696 ) ) ;
#2957 = CARTESIAN_POINT ( 'NONE',  ( -0.1781496062992126150, 0.02362204724409055004, -0.1023622047244094474 ) ) ;
#2958 = AXIS2_PLACEMENT_3D ( 'NONE', #5537, #5329, #248 ) ;
#2959 = ORIENTED_EDGE ( 'NONE', *, *, #3503, .F. ) ;
#2960 = EDGE_LOOP ( 'NONE', ( #7745, #7657 ) ) ;
#2961 = DIRECTION ( 'NONE',  ( -1.000000000000000000, 0.000000000000000000, 0.000000000000000000 ) ) ;
#2962 = ORIENTED_EDGE ( 'NONE', *, *, #1247, .T. ) ;
#2963 = LINE ( 'NONE', #4920, #4498 ) ;
#2964 = ORIENTED_EDGE ( 'NONE', *, *, #5900, .T. ) ;
#2965 = DIRECTION ( 'NONE',  ( 0.000000000000000000, 4.987329993433320396E-13, 1.000000000000000000 ) ) ;
#2966 = ORIENTED_EDGE ( 'NONE', *, *, #1111, .T. ) ;
#2967 = VECTOR ( 'NONE', #5338, 39.37007874015748143 ) ;
#2968 = CARTESIAN_POINT ( 'NONE',  ( 0.09153542054980315368, 0.07086608800586613466, -5.484111974169291224E-05 ) ) ;
#2969 = EDGE_CURVE ( 'NONE', #1472, #2700, #4967, .T. ) ;
#2970 = EDGE_CURVE ( 'NONE', #2370, #5101, #4585, .T. ) ;
#2971 = CARTESIAN_POINT ( 'NONE',  ( -0.06889763779527559306, -0.04724409448818897572, -0.06200787401574803237 ) ) ;
#2972 = CARTESIAN_POINT ( 'NONE',  ( -0.06889763779527559306, -0.04724409448818897572, -0.04330708661417323468 ) ) ;
#2973 = EDGE_LOOP ( 'NONE', ( #4969, #8187, #7522, #7581 ) ) ;
#2974 = CARTESIAN_POINT ( 'NONE',  ( 0.01181102362202755829, -0.05740842757661417800, 0.02211913657151574897 ) ) ;
#2975 = CARTESIAN_POINT ( 'NONE',  ( 0.1240157480314960647, 0.07086614173228346358, -0.1377952755905511861 ) ) ;
#2976 = LINE ( 'NONE', #2334, #2378 ) ;
#2977 = ORIENTED_EDGE ( 'NONE', *, *, #2970, .F. ) ;
#2978 = DIRECTION ( 'NONE',  ( -1.000000000000000000, 0.000000000000000000, 0.000000000000000000 ) ) ;
#2979 = CARTESIAN_POINT ( 'NONE',  ( 0.05489980058732284174, 0.02677165354331102406, -0.008861003061858267749 ) ) ;
#2980 = CARTESIAN_POINT ( 'NONE',  ( -0.1102362204724409434, -0.01299212598425590615, 0.000000000000000000 ) ) ;
#2981 = VERTEX_POINT ( 'NONE', #8594 ) ;
#2982 = CARTESIAN_POINT ( 'NONE',  ( -0.08661417322838584065, -0.05905511811023622659, 0.06692913385826770867 ) ) ;
#2983 = EDGE_CURVE ( 'NONE', #434, #5616, #1258, .T. ) ;
#2984 = AXIS2_PLACEMENT_3D ( 'NONE', #4742, #6052, #7220 ) ;
#2985 = FACE_OUTER_BOUND ( 'NONE', #5369, .T. ) ;
#2986 = VERTEX_POINT ( 'NONE', #7154 ) ;
#2987 = CARTESIAN_POINT ( 'NONE',  ( -0.01181102362206299175, -0.05740842757657479978, -0.1604947548546062919 ) ) ;
#2988 = EDGE_LOOP ( 'NONE', ( #2715, #969, #943, #622 ) ) ;
#2989 = DIRECTION ( 'NONE',  ( 1.000000000000000000, 0.000000000000000000, 0.000000000000000000 ) ) ;
#2990 = DIRECTION ( 'NONE',  ( -0.000000000000000000, 1.000000000000000000, 0.000000000000000000 ) ) ;
#2991 = VERTEX_POINT ( 'NONE', #2688 ) ;
#2992 = CARTESIAN_POINT ( 'NONE',  ( -0.01181102362205511611, -0.02480314960629921572, 0.000000000000000000 ) ) ;
#2993 = VECTOR ( 'NONE', #4199, 39.37007874015748143 ) ;
#2994 = LINE ( 'NONE', #3038, #4748 ) ;
#2995 = PRESENTATION_LAYER_ASSIGNMENT (  '', '', ( #6762 ) ) ;
#2996 = CARTESIAN_POINT ( 'NONE',  ( -0.08661417322838584065, -0.02644984013988582738, -2.302574285824015573E-05 ) ) ;
#2997 = ORIENTED_EDGE ( 'NONE', *, *, #5884, .F. ) ;
#2998 = VERTEX_POINT ( 'NONE', #6555 ) ;
#2999 = CARTESIAN_POINT ( 'NONE',  ( -0.1781496062992126150, 0.03188976377951967950, -0.1377952755905511861 ) ) ;
#3000 = ORIENTED_EDGE ( 'NONE', *, *, #324, .F. ) ;
#3001 = DIRECTION ( 'NONE',  ( 1.000000000000000000, 0.000000000000000000, 0.000000000000000000 ) ) ;
#3002 = ORIENTED_EDGE ( 'NONE', *, *, #2876, .T. ) ;
#3003 = CARTESIAN_POINT ( 'NONE',  ( 0.1785333490359448938, 0.02243874459450393571, -0.03149606299211023946 ) ) ;
#3004 = ORIENTED_EDGE ( 'NONE', *, *, #3120, .F. ) ;
#3005 = FACE_OUTER_BOUND ( 'NONE', #5701, .T. ) ;
#3006 = VECTOR ( 'NONE', #2420, 39.37007874015748143 ) ;
#3007 = EDGE_CURVE ( 'NONE', #6382, #4704, #5533, .T. ) ;
#3008 = DIRECTION ( 'NONE',  ( 0.000000000000000000, -1.000000000000000000, 0.000000000000000000 ) ) ;
#3009 = DIRECTION ( 'NONE',  ( 0.000000000000000000, 1.000000000000000000, 0.000000000000000000 ) ) ;
#3010 = AXIS2_PLACEMENT_3D ( 'NONE', #1976, #4056, #4096 ) ;
#3011 = CARTESIAN_POINT ( 'NONE',  ( -0.1102362204724409434, -0.04724409448818897572, -0.1696038517685826696 ) ) ;
#3012 = EDGE_CURVE ( 'NONE', #3808, #846, #5283, .T. ) ;
#3013 = ORIENTED_EDGE ( 'NONE', *, *, #7710, .F. ) ;
#3014 = CARTESIAN_POINT ( 'NONE',  ( 0.09021402252700788660, 0.06988188976377952832, -0.008858267716535432948 ) ) ;
#3015 = ADVANCED_FACE ( 'NONE', ( #2506 ), #7953, .T. ) ;
#3016 = EDGE_CURVE ( 'NONE', #5489, #5942, #741, .T. ) ;
#3017 =( BOUNDED_CURVE ( )  B_SPLINE_CURVE ( 3, ( #8292, #431, #6985, #5025 ),
 .UNSPECIFIED., .F., .F. ) 
 B_SPLINE_CURVE_WITH_KNOTS ( ( 4, 4 ),
 ( 1.461149133701129754, 1.570796326794527742 ),
 .UNSPECIFIED. ) 
 CURVE ( )  GEOMETRIC_REPRESENTATION_ITEM ( )  RATIONAL_B_SPLINE_CURVE ( ( 1.000000000000000000, 0.9989983753340911932, 0.9989983753340911932, 1.000000000000000000 ) ) 
 REPRESENTATION_ITEM ( '' )  );
#3018 = VECTOR ( 'NONE', #5863, 39.37007874015748143 ) ;
#3019 = DIRECTION ( 'NONE',  ( -1.000000000000000000, 0.000000000000000000, 0.000000000000000000 ) ) ;
#3020 = DIRECTION ( 'NONE',  ( 0.000000000000000000, 0.000000000000000000, 1.000000000000000000 ) ) ;
#3021 = ORIENTED_EDGE ( 'NONE', *, *, #4157, .T. ) ;
#3022 = CARTESIAN_POINT ( 'NONE',  ( 0.1742128572825196731, -0.01097847584292126026, -0.06889763779527559306 ) ) ;
#3023 = CARTESIAN_POINT ( 'NONE',  ( 0.01181102362202755829, -0.05740842757657479978, -0.1604947548546062919 ) ) ;
#3024 = VECTOR ( 'NONE', #5423, 39.37007874015748143 ) ;
#3025 = CARTESIAN_POINT ( 'NONE',  ( 0.1702761082658661718, -0.01093332963860236401, -0.1377952755905511861 ) ) ;
#3026 = VERTEX_POINT ( 'NONE', #2641 ) ;
#3027 = DIRECTION ( 'NONE',  ( 1.000000000000000000, 0.000000000000000000, 0.000000000000000000 ) ) ;
#3028 = EDGE_CURVE ( 'NONE', #801, #1919, #605, .T. ) ;
#3029 = VERTEX_POINT ( 'NONE', #4537 ) ;
#3030 = DIRECTION ( 'NONE',  ( -0.2676438637862958436, 0.9635179096298845947, 0.000000000000000000 ) ) ;
#3031 = ADVANCED_FACE ( 'NONE', ( #3337 ), #4495, .T. ) ;
#3032 = DIRECTION ( 'NONE',  ( 0.000000000000000000, 1.000000000000000000, 0.000000000000000000 ) ) ;
#3033 = CARTESIAN_POINT ( 'NONE',  ( 0.1053149606299212532, -0.04724409448818897572, -0.09448818897637795144 ) ) ;
#3034 = VERTEX_POINT ( 'NONE', #557 ) ;
#3035 = EDGE_CURVE ( 'NONE', #6981, #4091, #1398, .T. ) ;
#3036 = DIRECTION ( 'NONE',  ( -0.000000000000000000, 1.000000000000000000, 0.000000000000000000 ) ) ;
#3037 = EDGE_CURVE ( 'NONE', #8156, #7302, #5850, .T. ) ;
#3038 = CARTESIAN_POINT ( 'NONE',  ( -0.08267716535433070058, -0.04724409448818897572, -0.09448818897637795144 ) ) ;
#3039 = DIRECTION ( 'NONE',  ( 0.000000000000000000, -1.000000000000000000, 0.000000000000000000 ) ) ;
#3040 = VERTEX_POINT ( 'NONE', #3944 ) ;
#3041 = PLANE ( 'NONE',  #6276 ) ;
#3042 = ORIENTED_EDGE ( 'NONE', *, *, #5161, .T. ) ;
#3043 = EDGE_CURVE ( 'NONE', #4902, #7005, #1352, .T. ) ;
#3044 = FACE_OUTER_BOUND ( 'NONE', #7435, .T. ) ;
#3045 = EDGE_LOOP ( 'NONE', ( #6224, #3899, #4957, #5960 ) ) ;
#3046 = DIRECTION ( 'NONE',  ( 0.000000000000000000, 1.000000000000000000, 0.000000000000000000 ) ) ;
#3047 = ORIENTED_EDGE ( 'NONE', *, *, #5023, .F. ) ;
#3048 = DIRECTION ( 'NONE',  ( 0.9999342502356429740, -0.01146713589710050135, -5.712822733015470420E-15 ) ) ;
#3049 = DIRECTION ( 'NONE',  ( -5.684341886080999649E-14, 0.000000000000000000, 1.000000000000000000 ) ) ;
#3050 = VECTOR ( 'NONE', #4577, 39.37007874015748143 ) ;
#3051 = CARTESIAN_POINT ( 'NONE',  ( -0.1549212598425196985, -0.04724409448818897572, -0.009842519685031497767 ) ) ;
#3052 = ORIENTED_EDGE ( 'NONE', *, *, #8446, .T. ) ;
#3053 = ORIENTED_EDGE ( 'NONE', *, *, #609, .F. ) ;
#3054 = CYLINDRICAL_SURFACE ( 'NONE', #5066, 0.008858267716535431213 ) ;
#3055 = VECTOR ( 'NONE', #3374, 39.37007874015748143 ) ;
#3056 = ADVANCED_FACE ( 'NONE', ( #6645 ), #5234, .F. ) ;
#3057 = DIRECTION ( 'NONE',  ( 0.000000000000000000, 1.534146074066988269E-13, 1.000000000000000000 ) ) ;
#3058 = DIRECTION ( 'NONE',  ( 0.000000000000000000, 0.000000000000000000, 1.000000000000000000 ) ) ;
#3059 = CIRCLE ( 'NONE', #5005, 0.008858267716535432948 ) ;
#3060 = ADVANCED_FACE ( 'NONE', ( #1908 ), #3291, .T. ) ;
#3061 = VERTEX_POINT ( 'NONE', #46 ) ;
#3062 = ORIENTED_EDGE ( 'NONE', *, *, #4975, .T. ) ;
#3063 = DIRECTION ( 'NONE',  ( 1.000000000000000000, 0.000000000000000000, 0.000000000000000000 ) ) ;
#3064 = LINE ( 'NONE', #2372, #3006 ) ;
#3065 = CARTESIAN_POINT ( 'NONE',  ( 0.1210629921259842590, -0.04724409448818897572, -0.1161417322834645688 ) ) ;
#3066 = EDGE_LOOP ( 'NONE', ( #5924, #3078, #4302, #114 ) ) ;
#3067 = DIRECTION ( 'NONE',  ( -2.410769996329000283E-14, 0.000000000000000000, 1.000000000000000000 ) ) ;
#3068 = VECTOR ( 'NONE', #6203, 39.37007874015748143 ) ;
#3069 = ADVANCED_FACE ( 'NONE', ( #7995 ), #2043, .T. ) ;
#3070 = DIRECTION ( 'NONE',  ( 1.000000000000000000, 0.000000000000000000, 0.000000000000000000 ) ) ;
#3071 = EDGE_CURVE ( 'NONE', #2524, #1872, #4541, .T. ) ;
#3072 = EDGE_CURVE ( 'NONE', #5240, #4006, #8198, .T. ) ;
#3073 = CIRCLE ( 'NONE', #8086, 0.003937007874015753181 ) ;
#3074 = ORIENTED_EDGE ( 'NONE', *, *, #3650, .F. ) ;
#3075 = DIRECTION ( 'NONE',  ( -9.992007221625999918E-14, -1.000000000000000000, 4.423620341014254993E-26 ) ) ;
#3076 = FACE_BOUND ( 'NONE', #4350, .T. ) ;
#3077 = CARTESIAN_POINT ( 'NONE',  ( 0.1102362204724015721, -0.02480314960629921572, -0.1377952755905511861 ) ) ;
#3078 = ORIENTED_EDGE ( 'NONE', *, *, #7354, .T. ) ;
#3079 = DIRECTION ( 'NONE',  ( 0.000000000000000000, -1.000000000000000000, -8.153200337090990315E-13 ) ) ;
#3080 = ADVANCED_FACE ( 'NONE', ( #1481 ), #5457, .F. ) ;
#3081 = CARTESIAN_POINT ( 'NONE',  ( -0.09399606299212598381, -0.03602362204724409572, -0.07578740157480315376 ) ) ;
#3082 = CARTESIAN_POINT ( 'NONE',  ( -0.1505905511811023723, 0.07874015748031495954, -0.03444881889764173089 ) ) ;
#3083 = VERTEX_POINT ( 'NONE', #6075 ) ;
#3084 = VERTEX_POINT ( 'NONE', #1566 ) ;
#3085 = CARTESIAN_POINT ( 'NONE',  ( -0.01444319361171887868, 0.02720257680287542154, -0.01275870680339243057 ) ) ;
#3086 = EDGE_LOOP ( 'NONE', ( #471, #5910, #7108, #1150 ) ) ;
#3087 = CYLINDRICAL_SURFACE ( 'NONE', #4237, 0.007874015748031499423 ) ;
#3088 = ORIENTED_EDGE ( 'NONE', *, *, #7129, .F. ) ;
#3089 = VECTOR ( 'NONE', #2856, 39.37007874015748143 ) ;
#3090 = DIRECTION ( 'NONE',  ( -1.000000000000000000, 0.000000000000000000, 0.000000000000000000 ) ) ;
#3091 = EDGE_LOOP ( 'NONE', ( #1144, #3740, #2072, #4839 ) ) ;
#3092 = DIRECTION ( 'NONE',  ( 1.000000000000000000, 0.000000000000000000, 0.000000000000000000 ) ) ;
#3093 = VECTOR ( 'NONE', #3360, 39.37007874015748143 ) ;
#3094 = CARTESIAN_POINT ( 'NONE',  ( 0.05757874015748031676, -0.03602362204724409572, -0.06200787401574803237 ) ) ;
#3095 = ADVANCED_FACE ( 'NONE', ( #4200 ), #7424, .T. ) ;
#3096 = CARTESIAN_POINT ( 'NONE',  ( -0.1707501434112204952, 0.03040253503649500977, -0.09842519685039370636 ) ) ;
#3097 = ORIENTED_EDGE ( 'NONE', *, *, #2289, .F. ) ;
#3098 = ORIENTED_EDGE ( 'NONE', *, *, #35, .T. ) ;
#3099 = CARTESIAN_POINT ( 'NONE',  ( 0.01181102362202755829, -0.05511811023622047168, -0.1636970161619684949 ) ) ;
#3100 = ADVANCED_FACE ( 'NONE', ( #8159 ), #4853, .T. ) ;
#3101 = AXIS2_PLACEMENT_3D ( 'NONE', #1746, #1009, #8421 ) ;
#3102 = DIRECTION ( 'NONE',  ( 1.000000000000000000, 0.000000000000000000, 0.000000000000000000 ) ) ;
#3103 = DIRECTION ( 'NONE',  ( 0.000000000000000000, 1.603865584551000345E-14, -1.000000000000000000 ) ) ;
#3104 = CARTESIAN_POINT ( 'NONE',  ( -0.1505905511811023723, 0.07874015748031495954, 0.000000000000000000 ) ) ;
#3105 = ORIENTED_EDGE ( 'NONE', *, *, #3679, .F. ) ;
#3106 = ORIENTED_EDGE ( 'NONE', *, *, #2623, .T. ) ;
#3107 =( LENGTH_UNIT ( ) NAMED_UNIT ( * ) SI_UNIT ( $, .METRE. ) );
#3108 = LINE ( 'NONE', #1737, #7872 ) ;
#3109 = CARTESIAN_POINT ( 'NONE',  ( 0.1496062992125984370, 0.07874015748031495954, -0.1023622047244094474 ) ) ;
#3110 = DIRECTION ( 'NONE',  ( -1.000000000000000000, 0.000000000000000000, 0.000000000000000000 ) ) ;
#3111 = CARTESIAN_POINT ( 'NONE',  ( 0.1053149606299212532, -0.04724409448818897572, -0.06200787401574803237 ) ) ;
#3112 = ORIENTED_EDGE ( 'NONE', *, *, #6140, .F. ) ;
#3113 = LINE ( 'NONE', #2471, #1447 ) ;
#3114 = LINE ( 'NONE', #8465, #791 ) ;
#3115 = DIRECTION ( 'NONE',  ( -0.01146713589744044123, 0.9999342502356389772, -3.674059350372144843E-14 ) ) ;
#3116 = ORIENTED_EDGE ( 'NONE', *, *, #6642, .T. ) ;
#3117 = DIRECTION ( 'NONE',  ( 0.000000000000000000, 1.000000000000000000, 1.628298888370000313E-14 ) ) ;
#3118 = VECTOR ( 'NONE', #6253, 39.37007874015748143 ) ;
#3119 = EDGE_CURVE ( 'NONE', #2306, #8479, #258, .T. ) ;
#3120 = EDGE_CURVE ( 'NONE', #2732, #7274, #868, .T. ) ;
#3121 = DIRECTION ( 'NONE',  ( 0.000000000000000000, 0.000000000000000000, -1.000000000000000000 ) ) ;
#3122 = DIRECTION ( 'NONE',  ( 1.000000000000000000, 0.000000000000000000, 0.000000000000000000 ) ) ;
#3123 = ORIENTED_EDGE ( 'NONE', *, *, #1529, .F. ) ;
#3124 = VERTEX_POINT ( 'NONE', #4158 ) ;
#3125 = CARTESIAN_POINT ( 'NONE',  ( 0.01181102362202755829, -0.02480314960629921572, -0.1279527559055118058 ) ) ;
#3126 = VECTOR ( 'NONE', #4418, 39.37007874015748143 ) ;
#3127 = EDGE_LOOP ( 'NONE', ( #1634, #256, #4470, #6215 ) ) ;
#3128 = LINE ( 'NONE', #2440, #8125 ) ;
#3129 = ORIENTED_EDGE ( 'NONE', *, *, #4831, .F. ) ;
#3130 = FACE_OUTER_BOUND ( 'NONE', #5200, .T. ) ;
#3131 = VERTEX_POINT ( 'NONE', #2728 ) ;
#3132 = DIRECTION ( 'NONE',  ( 0.000000000000000000, -0.8133577735318218149, 0.5817638113834148195 ) ) ;
#3133 = VECTOR ( 'NONE', #3411, 39.37007874015748143 ) ;
#3134 = CARTESIAN_POINT ( 'NONE',  ( -0.1210629921259842590, -0.05905511811023622659, -0.1161417322834645688 ) ) ;
#3135 = ORIENTED_EDGE ( 'NONE', *, *, #2824, .T. ) ;
#3136 = DIRECTION ( 'NONE',  ( 0.000000000000000000, 1.000000000000000000, 0.000000000000000000 ) ) ;
#3137 = ORIENTED_EDGE ( 'NONE', *, *, #8196, .T. ) ;
#3138 = ORIENTED_EDGE ( 'NONE', *, *, #5385, .F. ) ;
#3139 = LINE ( 'NONE', #6589, #3420 ) ;
#3140 = VECTOR ( 'NONE', #5510, 39.37007874015748143 ) ;
#3141 = EDGE_CURVE ( 'NONE', #5917, #5277, #5372, .T. ) ;
#3142 = LINE ( 'NONE', #1817, #3743 ) ;
#3143 = CARTESIAN_POINT ( 'NONE',  ( -0.1673228346456692994, 0.07086614173228346358, -0.1033464566929133965 ) ) ;
#3144 = EDGE_CURVE ( 'NONE', #8309, #3270, #8038, .T. ) ;
#3145 = DIRECTION ( 'NONE',  ( 0.000000000000000000, 0.000000000000000000, -1.000000000000000000 ) ) ;
#3146 = DIRECTION ( 'NONE',  ( 0.000000000000000000, 1.000000000000000000, 0.000000000000000000 ) ) ;
#3147 = ORIENTED_EDGE ( 'NONE', *, *, #4201, .F. ) ;
#3148 = CARTESIAN_POINT ( 'NONE',  ( 0.1240157480314960647, 0.07086614173228346358, -0.1377952755905511861 ) ) ;
#3149 = DIRECTION ( 'NONE',  ( 1.000000000000000000, 0.000000000000000000, 0.000000000000000000 ) ) ;
#3150 = EDGE_CURVE ( 'NONE', #305, #7615, #2769, .T. ) ;
#3151 = DIRECTION ( 'NONE',  ( 0.000000000000000000, -2.900240811400174350E-13, -1.000000000000000000 ) ) ;
#3152 = VECTOR ( 'NONE', #194, 39.37007874015748143 ) ;
#3153 = DIRECTION ( 'NONE',  ( 0.000000000000000000, -1.000000000000000000, 0.000000000000000000 ) ) ;
#3154 = AXIS2_PLACEMENT_3D ( 'NONE', #2207, #4117, #6773 ) ;
#3155 = ORIENTED_EDGE ( 'NONE', *, *, #7585, .T. ) ;
#3156 = PLANE ( 'NONE',  #3782 ) ;
#3157 = LINE ( 'NONE', #8001, #1242 ) ;
#3158 = LINE ( 'NONE', #1705, #2032 ) ;
#3159 = LINE ( 'NONE', #6473, #5038 ) ;
#3160 = VERTEX_POINT ( 'NONE', #6201 ) ;
#3161 = DIRECTION ( 'NONE',  ( 1.000000000000000000, 0.000000000000000000, 0.000000000000000000 ) ) ;
#3162 = VECTOR ( 'NONE', #1162, 39.37007874015748143 ) ;
#3163 = ADVANCED_FACE ( 'NONE', ( #7381 ), #3502, .F. ) ;
#3164 = LINE ( 'NONE', #7696, #2119 ) ;
#3165 = DIRECTION ( 'NONE',  ( 0.000000000000000000, -1.000000000000000000, 1.734723475976806463E-14 ) ) ;
#3166 = ORIENTED_EDGE ( 'NONE', *, *, #5437, .F. ) ;
#3167 = ORIENTED_EDGE ( 'NONE', *, *, #5680, .F. ) ;
#3168 = CARTESIAN_POINT ( 'NONE',  ( 0.1102362204724409434, -0.04724409448818897572, -0.2047244094488188948 ) ) ;
#3169 = ORIENTED_EDGE ( 'NONE', *, *, #4161, .F. ) ;
#3170 = LINE ( 'NONE', #1844, #2166 ) ;
#3171 = EDGE_CURVE ( 'NONE', #825, #2235, #1443, .T. ) ;
#3172 = ORIENTED_EDGE ( 'NONE', *, *, #2103, .T. ) ;
#3173 = CARTESIAN_POINT ( 'NONE',  ( 0.1210629921259842590, -0.04724409448818897572, -0.09448818897637795144 ) ) ;
#3174 = ORIENTED_EDGE ( 'NONE', *, *, #1815, .F. ) ;
#3175 = DIRECTION ( 'NONE',  ( 1.000000000000000000, 0.000000000000000000, 0.000000000000000000 ) ) ;
#3176 = EDGE_CURVE ( 'NONE', #128, #1073, #4236, .T. ) ;
#3177 = CARTESIAN_POINT ( 'NONE',  ( 0.1751968503937007815, 0.07480314960629921850, -0.03543307086614566614 ) ) ;
#3178 = ORIENTED_EDGE ( 'NONE', *, *, #1922, .F. ) ;
#3179 = CARTESIAN_POINT ( 'NONE',  ( -0.1427165354330708902, -0.04724409448818897572, -0.02165354330707086952 ) ) ;
#3180 = EDGE_CURVE ( 'NONE', #4309, #902, #827, .T. ) ;
#3181 = ORIENTED_EDGE ( 'NONE', *, *, #2445, .T. ) ;
#3182 = ORIENTED_EDGE ( 'NONE', *, *, #6855, .T. ) ;
#3183 = EDGE_CURVE ( 'NONE', #3821, #3294, #2245, .T. ) ;
#3184 = FACE_OUTER_BOUND ( 'NONE', #2771, .T. ) ;
#3185 = CARTESIAN_POINT ( 'NONE',  ( 0.08661417322834646937, -0.02480314960629921572, -0.1377952755905511861 ) ) ;
#3186 = DIRECTION ( 'NONE',  ( 0.000000000000000000, -1.000000000000000000, -1.603865584551000345E-14 ) ) ;
#3187 = ADVANCED_FACE ( 'NONE', ( #5546 ), #4893, .F. ) ;
#3188 = CARTESIAN_POINT ( 'NONE',  ( -0.1240157480314960647, 0.07480314960629921850, -0.1368110236220472509 ) ) ;
#3189 = EDGE_CURVE ( 'NONE', #2388, #4178, #3382, .T. ) ;
#3190 = DIRECTION ( 'NONE',  ( 1.000000000000000000, 0.000000000000000000, 0.000000000000000000 ) ) ;
#3191 = ORIENTED_EDGE ( 'NONE', *, *, #1454, .F. ) ;
#3192 = LINE ( 'NONE', #3148, #2269 ) ;
#3193 = AXIS2_PLACEMENT_3D ( 'NONE', #5450, #7625, #6971 ) ;
#3194 = FACE_OUTER_BOUND ( 'NONE', #8144, .T. ) ;
#3195 = EDGE_CURVE ( 'NONE', #8370, #6496, #2288, .T. ) ;
#3196 = DIRECTION ( 'NONE',  ( -1.000000000000000000, 0.000000000000000000, 0.000000000000000000 ) ) ;
#3197 = DIRECTION ( 'NONE',  ( 0.000000000000000000, 1.000000000000000000, 0.000000000000000000 ) ) ;
#3198 = AXIS2_PLACEMENT_3D ( 'NONE', #2478, #5117, #7782 ) ;
#3199 = LINE ( 'NONE', #1173, #988 ) ;
#3200 = EDGE_CURVE ( 'NONE', #2470, #916, #3585, .T. ) ;
#3201 = ORIENTED_EDGE ( 'NONE', *, *, #777, .F. ) ;
#3202 = FACE_OUTER_BOUND ( 'NONE', #3912, .T. ) ;
#3203 = LINE ( 'NONE', #7304, #2076 ) ;
#3204 = DIRECTION ( 'NONE',  ( 0.000000000000000000, 0.000000000000000000, 1.000000000000000000 ) ) ;
#3205 = DIRECTION ( 'NONE',  ( 0.9759815859906511015, -0.2178530325865890294, 0.000000000000000000 ) ) ;
#3206 = VECTOR ( 'NONE', #2926, 39.37007874015748143 ) ;
#3207 = VERTEX_POINT ( 'NONE', #952 ) ;
#3208 = DIRECTION ( 'NONE',  ( 0.000000000000000000, -1.000000000000000000, 2.442490654174999814E-14 ) ) ;
#3209 = AXIS2_PLACEMENT_3D ( 'NONE', #4357, #3703, #3744 ) ;
#3210 = FACE_OUTER_BOUND ( 'NONE', #6123, .T. ) ;
#3211 = VECTOR ( 'NONE', #6996, 39.37007874015748143 ) ;
#3212 = LINE ( 'NONE', #5867, #1562 ) ;
#3213 = ORIENTED_EDGE ( 'NONE', *, *, #8172, .F. ) ;
#3214 = ORIENTED_EDGE ( 'NONE', *, *, #2549, .F. ) ;
#3215 = CARTESIAN_POINT ( 'NONE',  ( -0.07086614173228346358, 0.07874015748031495954, -0.1023622047244094474 ) ) ;
#3216 = ORIENTED_EDGE ( 'NONE', *, *, #2250, .F. ) ;
#3217 = CARTESIAN_POINT ( 'NONE',  ( 0.01265063676916141668, 0.07086614173228346358, -0.01312335957918897740 ) ) ;
#3218 = ORIENTED_EDGE ( 'NONE', *, *, #6046, .F. ) ;
#3219 = DIRECTION ( 'NONE',  ( 0.000000000000000000, 0.000000000000000000, 1.000000000000000000 ) ) ;
#3220 = EDGE_LOOP ( 'NONE', ( #5475, #7278, #2020, #3572 ) ) ;
#3221 = DIRECTION ( 'NONE',  ( 1.000000000000000000, 0.000000000000000000, 0.000000000000000000 ) ) ;
#3222 = VECTOR ( 'NONE', #4705, 39.37007874015748143 ) ;
#3223 = ADVANCED_FACE ( 'NONE', ( #6238 ), #2932, .T. ) ;
#3224 = VERTEX_POINT ( 'NONE', #5336 ) ;
#3225 = VECTOR ( 'NONE', #1790, 39.37007874015748854 ) ;
#3226 = ORIENTED_EDGE ( 'NONE', *, *, #1558, .T. ) ;
#3227 = DIRECTION ( 'NONE',  ( 1.000000000000000000, 0.000000000000000000, 0.000000000000000000 ) ) ;
#3228 = ORIENTED_EDGE ( 'NONE', *, *, #2354, .T. ) ;
#3229 = ORIENTED_EDGE ( 'NONE', *, *, #6388, .T. ) ;
#3230 = CARTESIAN_POINT ( 'NONE',  ( 0.1706598510025984228, 0.02252903700314173169, 0.000000000000000000 ) ) ;
#3231 = AXIS2_PLACEMENT_3D ( 'NONE', #1307, #3941, #2638 ) ;
#3232 = EDGE_CURVE ( 'NONE', #347, #5287, #5197, .T. ) ;
#3233 = EDGE_CURVE ( 'NONE', #7463, #3449, #5859, .T. ) ;
#3234 = CARTESIAN_POINT ( 'NONE',  ( -0.002021725288701575057, 0.02677165354331102406, 0.000000000000000000 ) ) ;
#3235 = B_SPLINE_CURVE_WITH_KNOTS ( 'NONE', 3,
 ( #531, #3085, #2525, #4426 ),
 .UNSPECIFIED., .F., .F.,
 ( 4, 4 ),
 ( 8.387339233926322486E-18, 0.0001497563739170119305 ),
 .UNSPECIFIED. ) ;
#3236 = CARTESIAN_POINT ( 'NONE',  ( 0.08661417322834646937, -0.04724409448818897572, 0.03122817830516141924 ) ) ;
#3237 = LINE ( 'NONE', #7604, #3363 ) ;
#3238 = CARTESIAN_POINT ( 'NONE',  ( 0.1102362204724409434, -0.05905511811023622659, 0.02532139787884645984 ) ) ;
#3239 = AXIS2_PLACEMENT_3D ( 'NONE', #5747, #2442, #7839 ) ;
#3240 = ORIENTED_EDGE ( 'NONE', *, *, #2074, .F. ) ;
#3241 = LINE ( 'NONE', #3801, #6717 ) ;
#3242 = DIRECTION ( 'NONE',  ( 0.000000000000000000, 1.000000000000000000, 0.000000000000000000 ) ) ;
#3243 =( LENGTH_UNIT ( ) NAMED_UNIT ( * ) SI_UNIT ( $, .METRE. ) );
#3244 = CARTESIAN_POINT ( 'NONE',  ( -0.1102362204724409434, -0.04724409448818897572, -0.1696038517685826696 ) ) ;
#3245 = AXIS2_PLACEMENT_3D ( 'NONE', #7609, #7527, #5479 ) ;
#3246 = DIRECTION ( 'NONE',  ( 1.000000000000000000, 0.000000000000000000, 0.000000000000000000 ) ) ;
#3247 = EDGE_CURVE ( 'NONE', #6051, #3131, #3157, .T. ) ;
#3248 = ORIENTED_EDGE ( 'NONE', *, *, #2376, .T. ) ;
#3249 = DIRECTION ( 'NONE',  ( 0.000000000000000000, 0.000000000000000000, 1.000000000000000000 ) ) ;
#3250 = LINE ( 'NONE', #2512, #279 ) ;
#3251 = CARTESIAN_POINT ( 'NONE',  ( 0.1496062992125984370, 0.07874015748031495954, -0.1377952755905511861 ) ) ;
#3252 = DIRECTION ( 'NONE',  ( 0.000000000000000000, 0.000000000000000000, -1.000000000000000000 ) ) ;
#3253 = EDGE_LOOP ( 'NONE', ( #3964, #7605, #7452, #4770 ) ) ;
#3254 = DIRECTION ( 'NONE',  ( 1.000000000000000000, 0.000000000000000000, 0.000000000000000000 ) ) ;
#3255 = ADVANCED_FACE ( 'NONE', ( #6651 ), #5242, .T. ) ;
#3256 = VECTOR ( 'NONE', #3001, 39.37007874015748143 ) ;
#3257 = DIRECTION ( 'NONE',  ( 1.000000000000000000, 0.000000000000000000, 0.000000000000000000 ) ) ;
#3258 = CARTESIAN_POINT ( 'NONE',  ( 0.1210629921259842590, -0.05905511811023622659, -0.04330708661417323468 ) ) ;
#3259 = ORIENTED_EDGE ( 'NONE', *, *, #2339, .T. ) ;
#3260 = ORIENTED_EDGE ( 'NONE', *, *, #7407, .F. ) ;
#3261 = DIRECTION ( 'NONE',  ( 0.9999342502356438622, 0.01146713589702049937, 0.000000000000000000 ) ) ;
#3262 = EDGE_LOOP ( 'NONE', ( #981, #577, #3260, #4708 ) ) ;
#3263 = CARTESIAN_POINT ( 'NONE',  ( -0.07283464566929134798, 0.07874015748031495954, -0.1003937007874015908 ) ) ;
#3264 = ORIENTED_EDGE ( 'NONE', *, *, #5724, .T. ) ;
#3265 = DIRECTION ( 'NONE',  ( 0.000000000000000000, -1.000000000000000000, 0.000000000000000000 ) ) ;
#3266 = ORIENTED_EDGE ( 'NONE', *, *, #8049, .T. ) ;
#3267 = LINE ( 'NONE', #2708, #6774 ) ;
#3268 = VECTOR ( 'NONE', #6136, 39.37007874015747433 ) ;
#3269 = CARTESIAN_POINT ( 'NONE',  ( -0.01181102362206692784, -0.04330708661417323468, -0.1696038517685826696 ) ) ;
#3270 = VERTEX_POINT ( 'NONE', #3952 ) ;
#3271 = VECTOR ( 'NONE', #3204, 39.37007874015748143 ) ;
#3272 = VERTEX_POINT ( 'NONE', #3901 ) ;
#3273 = DIRECTION ( 'NONE',  ( 0.000000000000000000, -1.000000000000000000, 0.000000000000000000 ) ) ;
#3274 = ORIENTED_EDGE ( 'NONE', *, *, #1390, .F. ) ;
#3275 = ORIENTED_EDGE ( 'NONE', *, *, #7155, .F. ) ;
#3276 = ORIENTED_EDGE ( 'NONE', *, *, #2600, .T. ) ;
#3277 = CARTESIAN_POINT ( 'NONE',  ( 0.07283464566929134798, 0.07874015748031495954, -0.1003937007874015908 ) ) ;
#3278 = VECTOR ( 'NONE', #6325, 39.37007874015748143 ) ;
#3279 = DIRECTION ( 'NONE',  ( 1.000000000000000000, 0.000000000000000000, 0.000000000000000000 ) ) ;
#3280 = DIRECTION ( 'NONE',  ( 0.000000000000000000, -1.000000000000000000, 0.000000000000000000 ) ) ;
#3281 = EDGE_CURVE ( 'NONE', #3061, #2613, #1960, .T. ) ;
#3282 = DIRECTION ( 'NONE',  ( 1.000000000000000000, 0.000000000000000000, 0.000000000000000000 ) ) ;
#3283 = VECTOR ( 'NONE', #6549, 39.37007874015748143 ) ;
#3284 = DIRECTION ( 'NONE',  ( 0.000000000000000000, 1.000000000000000000, 7.134050294954621195E-13 ) ) ;
#3285 = ORIENTED_EDGE ( 'NONE', *, *, #2406, .T. ) ;
#3286 = CARTESIAN_POINT ( 'NONE',  ( 0.000000000000000000, 0.07086614173228346358, 0.000000000000000000 ) ) ;
#3287 = CARTESIAN_POINT ( 'NONE',  ( -0.01181102362206692784, -0.05511811023622047168, 0.02532139787885039420 ) ) ;
#3288 = EDGE_CURVE ( 'NONE', #3820, #180, #4639, .T. ) ;
#3289 = ADVANCED_FACE ( 'NONE', ( #2560 ), #7823, .F. ) ;
#3290 = LINE ( 'NONE', #6554, #2843 ) ;
#3291 = PLANE ( 'NONE',  #3448 ) ;
#3292 = VECTOR ( 'NONE', #3987, 39.37007874015748143 ) ;
#3293 = DIRECTION ( 'NONE',  ( 0.000000000000000000, 0.000000000000000000, -1.000000000000000000 ) ) ;
#3294 = VERTEX_POINT ( 'NONE', #561 ) ;
#3295 = FACE_OUTER_BOUND ( 'NONE', #4053, .T. ) ;
#3296 = DIRECTION ( 'NONE',  ( 1.000000000000000000, 0.000000000000000000, 0.000000000000000000 ) ) ;
#3297 = AXIS2_PLACEMENT_3D ( 'NONE', #6810, #4114, #4031 ) ;
#3298 = ADVANCED_FACE ( 'NONE', ( #7209 ), #613, .T. ) ;
#3299 = LINE ( 'NONE', #212, #1755 ) ;
#3300 = CARTESIAN_POINT ( 'NONE',  ( -0.1102362204724409434, -0.02480314960629921572, -0.1279527559055118058 ) ) ;
#3301 = ORIENTED_EDGE ( 'NONE', *, *, #4984, .T. ) ;
#3302 = DIRECTION ( 'NONE',  ( 0.000000000000000000, -2.442490654174999814E-14, -1.000000000000000000 ) ) ;
#3303 = AXIS2_PLACEMENT_3D ( 'NONE', #7443, #1544, #4258 ) ;
#3304 = CARTESIAN_POINT ( 'NONE',  ( -0.01559337880853548831, 0.05105288245014968918, -0.01138796946295100865 ) ) ;
#3305 = DIRECTION ( 'NONE',  ( 0.9999342502356429740, -0.01146713589710050135, -5.153351518683160539E-15 ) ) ;
#3306 = ORIENTED_EDGE ( 'NONE', *, *, #1546, .T. ) ;
#3307 = ADVANCED_FACE ( 'NONE', ( #5289 ), #7959, .F. ) ;
#3309 = ORIENTED_EDGE ( 'NONE', *, *, #5238, .T. ) ;
#3308 = EDGE_CURVE ( 'NONE', #1540, #5343, #3250, .T. ) ;
#3310 = CARTESIAN_POINT ( 'NONE',  ( -0.08661417322838584065, -0.05905511811023622659, -0.2047244094488188948 ) ) ;
#3311 = EDGE_LOOP ( 'NONE', ( #7659, #3800, #5024, #7207, #3770, #15, #6486, #7307, #3169, #1769, #2516, #3523, #5973 ) ) ;
#3312 = DIRECTION ( 'NONE',  ( 0.000000000000000000, 1.000000000000000000, 0.000000000000000000 ) ) ;
#3313 = VERTEX_POINT ( 'NONE', #5907 ) ;
#3314 = DIRECTION ( 'NONE',  ( -1.000000000000000000, 0.000000000000000000, 0.000000000000000000 ) ) ;
#3315 = ORIENTED_EDGE ( 'NONE', *, *, #7861, .T. ) ;
#3316 = CARTESIAN_POINT ( 'NONE',  ( 0.1210629921259842590, -0.05314960629921260116, -0.03248031496062204343 ) ) ;
#3317 = VECTOR ( 'NONE', #3513, 39.37007874015748143 ) ;
#3318 = UNCERTAINTY_MEASURE_WITH_UNIT (LENGTH_MEASURE( 1.000000000000000082E-05 ), #4039, 'distance_accuracy_value', 'NONE');
#3319 = LINE ( 'NONE', #4703, #168 ) ;
#3320 = AXIS2_PLACEMENT_3D ( 'NONE', #3993, #5988, #5459 ) ;
#3321 = EDGE_CURVE ( 'NONE', #5562, #1650, #6607, .T. ) ;
#3322 = EDGE_CURVE ( 'NONE', #8371, #7159, #7161, .T. ) ;
#3323 = ORIENTED_EDGE ( 'NONE', *, *, #7012, .F. ) ;
#3324 = DIRECTION ( 'NONE',  ( -1.000000000000000000, 0.000000000000000000, 0.000000000000000000 ) ) ;
#3325 = VERTEX_POINT ( 'NONE', #2692 ) ;
#3326 = ORIENTED_EDGE ( 'NONE', *, *, #7167, .T. ) ;
#3327 = ORIENTED_EDGE ( 'NONE', *, *, #2759, .T. ) ;
#3328 = LINE ( 'NONE', #3978, #4120 ) ;
#3329 = DIRECTION ( 'NONE',  ( -0.000000000000000000, 1.000000000000000000, 0.000000000000000000 ) ) ;
#3330 = DIRECTION ( 'NONE',  ( 0.000000000000000000, 0.000000000000000000, -1.000000000000000000 ) ) ;
#3331 = FACE_OUTER_BOUND ( 'NONE', #754, .T. ) ;
#3332 = DIRECTION ( 'NONE',  ( 0.000000000000000000, 1.000000000000000000, 0.000000000000000000 ) ) ;
#3333 = VERTEX_POINT ( 'NONE', #6514 ) ;
#3334 = LINE ( 'NONE', #694, #7819 ) ;
#3335 = DIRECTION ( 'NONE',  ( 1.000000000000000000, 0.000000000000000000, 0.000000000000000000 ) ) ;
#3336 = SHAPE_DEFINITION_REPRESENTATION ( #4452, #3677 ) ;
#3337 = FACE_OUTER_BOUND ( 'NONE', #4229, .T. ) ;
#3338 = EDGE_CURVE ( 'NONE', #2775, #6048, #4681, .T. ) ;
#3339 = CARTESIAN_POINT ( 'NONE',  ( -0.1496062992125984370, 0.07086614173228346358, -0.1023622047244094474 ) ) ;
#3340 = AXIS2_PLACEMENT_3D ( 'NONE', #6067, #36, #6633 ) ;
#3341 = VERTEX_POINT ( 'NONE', #5952 ) ;
#3342 = FACE_OUTER_BOUND ( 'NONE', #5623, .T. ) ;
#3343 = DIRECTION ( 'NONE',  ( 1.000000000000000000, 0.000000000000000000, 0.000000000000000000 ) ) ;
#3344 = LINE ( 'NONE', #1961, #2993 ) ;
#3345 = DIRECTION ( 'NONE',  ( 0.000000000000000000, 0.000000000000000000, -1.000000000000000000 ) ) ;
#3346 = VERTEX_POINT ( 'NONE', #2007 ) ;
#3347 = LINE ( 'NONE', #6699, #8294 ) ;
#3348 = AXIS2_PLACEMENT_3D ( 'NONE', #1259, #7731, #3070 ) ;
#3349 = STYLED_ITEM ( 'NONE', ( #8019 ), #4171 ) ;
#3350 = EDGE_CURVE ( 'NONE', #4134, #8189, #3203, .T. ) ;
#3351 = EDGE_CURVE ( 'NONE', #2705, #2905, #3997, .T. ) ;
#3352 = CARTESIAN_POINT ( 'NONE',  ( 0.01181102362202755829, -0.02480314960629921572, -0.003225287050151574592 ) ) ;
#3353 = AXIS2_PLACEMENT_3D ( 'NONE', #6213, #3515, #270 ) ;
#3354 = ORIENTED_EDGE ( 'NONE', *, *, #6280, .F. ) ;
#3355 = ORIENTED_EDGE ( 'NONE', *, *, #676, .F. ) ;
#3356 = DIRECTION ( 'NONE',  ( -1.000000000000000000, 0.000000000000000000, 0.000000000000000000 ) ) ;
#3357 = ORIENTED_EDGE ( 'NONE', *, *, #1069, .F. ) ;
#3358 = CARTESIAN_POINT ( 'NONE',  ( -0.1053149606299212532, -0.02480314960629921572, -0.09448818897637795144 ) ) ;
#3359 = ORIENTED_EDGE ( 'NONE', *, *, #920, .F. ) ;
#3360 = DIRECTION ( 'NONE',  ( -1.000000000000000000, 0.000000000000000000, 0.000000000000000000 ) ) ;
#3361 = EDGE_LOOP ( 'NONE', ( #3589, #1551, #5689, #8296 ) ) ;
#3362 = CARTESIAN_POINT ( 'NONE',  ( 0.07086614173228346358, 0.07086614173228346358, -0.1023622047244094474 ) ) ;
#3363 = VECTOR ( 'NONE', #5892, 39.37007874015748143 ) ;
#3364 = AXIS2_PLACEMENT_3D ( 'NONE', #8201, #2249, #6898 ) ;
#3365 = ORIENTED_EDGE ( 'NONE', *, *, #5190, .T. ) ;
#3366 = LINE ( 'NONE', #634, #7804 ) ;
#3367 = VERTEX_POINT ( 'NONE', #7996 ) ;
#3368 = ORIENTED_EDGE ( 'NONE', *, *, #2778, .T. ) ;
#3369 = VERTEX_POINT ( 'NONE', #1312 ) ;
#3370 = AXIS2_PLACEMENT_3D ( 'NONE', #5078, #1754, #4386 ) ;
#3371 = PLANE ( 'NONE',  #8407 ) ;
#3372 = VECTOR ( 'NONE', #6618, 39.37007874015748143 ) ;
#3373 = CARTESIAN_POINT ( 'NONE',  ( 0.1505905511811023723, 0.07874015748031495954, 0.000000000000000000 ) ) ;
#3374 = DIRECTION ( 'NONE',  ( 0.000000000000000000, 1.000000000000000000, 0.000000000000000000 ) ) ;
#3375 = LINE ( 'NONE', #3938, #4454 ) ;
#3376 = EDGE_CURVE ( 'NONE', #3781, #4011, #5333, .T. ) ;
#3377 = CARTESIAN_POINT ( 'NONE',  ( 0.1702761082658661718, -0.01093332963860236401, 0.000000000000000000 ) ) ;
#3378 = VERTEX_POINT ( 'NONE', #3466 ) ;
#3379 = LINE ( 'NONE', #903, #466 ) ;
#3380 = LINE ( 'NONE', #7340, #6076 ) ;
#3381 = VECTOR ( 'NONE', #1822, 39.37007874015748143 ) ;
#3382 = LINE ( 'NONE', #294, #963 ) ;
#3383 = CARTESIAN_POINT ( 'NONE',  ( -0.04625984251968504046, -0.04724409448818897572, -0.04330708661417323468 ) ) ;
#3384 = VECTOR ( 'NONE', #4963, 39.37007874015748143 ) ;
#3385 = ORIENTED_EDGE ( 'NONE', *, *, #6273, .F. ) ;
#3386 = CARTESIAN_POINT ( 'NONE',  ( 0.1255320020798819103, 0.01968503937007873988, 0.000000000000000000 ) ) ;
#3387 = PLANE ( 'NONE',  #6438 ) ;
#3388 = VERTEX_POINT ( 'NONE', #1446 ) ;
#3389 = DIRECTION ( 'NONE',  ( 0.000000000000000000, -1.000000000000000000, 0.000000000000000000 ) ) ;
#3390 = VECTOR ( 'NONE', #3954, 39.37007874015748143 ) ;
#3391 = FACE_OUTER_BOUND ( 'NONE', #7, .T. ) ;
#3392 = VECTOR ( 'NONE', #7599, 39.37007874015748143 ) ;
#3393 = EDGE_CURVE ( 'NONE', #5508, #1642, #2689, .T. ) ;
#3394 = ORIENTED_EDGE ( 'NONE', *, *, #7407, .T. ) ;
#3395 = ORIENTED_EDGE ( 'NONE', *, *, #3807, .F. ) ;
#3396 = CARTESIAN_POINT ( 'NONE',  ( -0.08661417322838584065, -0.02480314960629921572, -0.1279527559055118058 ) ) ;
#3397 = ORIENTED_EDGE ( 'NONE', *, *, #218, .T. ) ;
#3398 = CARTESIAN_POINT ( 'NONE',  ( -0.08267716535429132929, -0.04724409448818897572, -0.04330708661417323468 ) ) ;
#3399 = ORIENTED_EDGE ( 'NONE', *, *, #5568, .T. ) ;
#3400 = DIRECTION ( 'NONE',  ( -1.000000000000000000, 0.000000000000000000, 0.000000000000000000 ) ) ;
#3401 = EDGE_LOOP ( 'NONE', ( #5648, #817, #5930, #5058 ) ) ;
#3402 = DIRECTION ( 'NONE',  ( 1.000000000000000000, 0.000000000000000000, 0.000000000000000000 ) ) ;
#3403 = EDGE_CURVE ( 'NONE', #1806, #1058, #6603, .T. ) ;
#3404 = EDGE_CURVE ( 'NONE', #846, #5744, #7202, .T. ) ;
#3405 = EDGE_CURVE ( 'NONE', #1883, #3866, #7299, .T. ) ;
#3406 = VERTEX_POINT ( 'NONE', #2128 ) ;
#3407 = DIRECTION ( 'NONE',  ( 1.000000000000000000, 0.000000000000000000, 0.000000000000000000 ) ) ;
#3408 = ORIENTED_EDGE ( 'NONE', *, *, #4666, .F. ) ;
#3409 = ORIENTED_EDGE ( 'NONE', *, *, #5275, .F. ) ;
#3410 = ORIENTED_EDGE ( 'NONE', *, *, #965, .F. ) ;
#3411 = DIRECTION ( 'NONE',  ( 0.000000000000000000, 0.000000000000000000, -1.000000000000000000 ) ) ;
#3412 = CIRCLE ( 'NONE', #6882, 0.003937007874015748844 ) ;
#3413 = CARTESIAN_POINT ( 'NONE',  ( -0.01181102362205511611, -0.02480314960629921572, -0.1377952755905511861 ) ) ;
#3414 = DIRECTION ( 'NONE',  ( 0.01146713589756043900, -0.9999342502356377560, 3.810093121261144299E-14 ) ) ;
#3415 = DIRECTION ( 'NONE',  ( 4.250072516143184954E-13, -3.748737431585887240E-11, -1.000000000000000000 ) ) ;
#3416 = DIRECTION ( 'NONE',  ( 0.000000000000000000, 1.000000000000000000, 0.000000000000000000 ) ) ;
#3417 = EDGE_LOOP ( 'NONE', ( #8050, #6446, #2736, #4736 ) ) ;
#3418 = ADVANCED_FACE ( 'NONE', ( #2770 ), #4034, .T. ) ;
#3419 = CARTESIAN_POINT ( 'NONE',  ( -0.1102362204724803146, -0.05511811023622047168, -0.1636970161619684949 ) ) ;
#3420 = VECTOR ( 'NONE', #7939, 39.37007874015748143 ) ;
#3421 = DIRECTION ( 'NONE',  ( 1.000000000000000000, 0.000000000000000000, 0.000000000000000000 ) ) ;
#3422 = EDGE_CURVE ( 'NONE', #4420, #5971, #8595, .T. ) ;
#3423 = LINE ( 'NONE', #296, #5539 ) ;
#3424 = AXIS2_PLACEMENT_3D ( 'NONE', #2842, #7371, #4024 ) ;
#3425 = VERTEX_POINT ( 'NONE', #7345 ) ;
#3426 = FILL_AREA_STYLE ('',( #6737 ) ) ;
#3427 = SURFACE_STYLE_FILL_AREA ( #7472 ) ;
#3428 = LINE ( 'NONE', #4207, #7560 ) ;
#3429 = ORIENTED_EDGE ( 'NONE', *, *, #4777, .T. ) ;
#3430 = CARTESIAN_POINT ( 'NONE',  ( -0.08661417322838584065, -0.05905511811023622659, 0.02532139787885039420 ) ) ;
#3431 = AXIS2_PLACEMENT_3D ( 'NONE', #8194, #2927, #1072 ) ;
#3432 = CIRCLE ( 'NONE', #7602, 0.003937007874015749712 ) ;
#3433 = DIRECTION ( 'NONE',  ( -1.110223024625999991E-14, 1.526556658860000135E-14, 1.000000000000000000 ) ) ;
#3434 = VERTEX_POINT ( 'NONE', #1399 ) ;
#3435 = EDGE_LOOP ( 'NONE', ( #8312, #8110, #2251, #5660, #7638, #4523, #6418, #8551, #4868, #5145, #1290, #4472, #5446, #4241, #950, #28, #1374, #2356, #4848, #1619 ) ) ;
#3436 = DIRECTION ( 'NONE',  ( 0.000000000000000000, 0.000000000000000000, 1.000000000000000000 ) ) ;
#3437 = ORIENTED_EDGE ( 'NONE', *, *, #7129, .T. ) ;
#3438 = CARTESIAN_POINT ( 'NONE',  ( 0.05757874015748031676, -0.02480314960629921572, -0.08513779527559055260 ) ) ;
#3439 = LINE ( 'NONE', #6092, #2412 ) ;
#3440 = ORIENTED_EDGE ( 'NONE', *, *, #229, .T. ) ;
#3441 = LINE ( 'NONE', #5611, #6494 ) ;
#3442 = VECTOR ( 'NONE', #4466, 39.37007874015748143 ) ;
#3443 = ADVANCED_FACE ( 'NONE', ( #2002 ), #743, .T. ) ;
#3444 = FACE_OUTER_BOUND ( 'NONE', #5154, .T. ) ;
#3445 = EDGE_CURVE ( 'NONE', #2581, #3705, #7955, .T. ) ;
#3446 = ORIENTED_EDGE ( 'NONE', *, *, #447, .T. ) ;
#3447 = DIRECTION ( 'NONE',  ( 1.000000000000000000, 0.000000000000000000, 0.000000000000000000 ) ) ;
#3448 = AXIS2_PLACEMENT_3D ( 'NONE', #5945, #698, #5986 ) ;
#3449 = VERTEX_POINT ( 'NONE', #6115 ) ;
#3450 = ORIENTED_EDGE ( 'NONE', *, *, #5884, .T. ) ;
#3451 = ORIENTED_EDGE ( 'NONE', *, *, #3990, .T. ) ;
#3452 = FACE_OUTER_BOUND ( 'NONE', #396, .T. ) ;
#3453 = EDGE_CURVE ( 'NONE', #5359, #4838, #7253, .T. ) ;
#3454 = VECTOR ( 'NONE', #6113, 39.37007874015748143 ) ;
#3455 = DIRECTION ( 'NONE',  ( 0.000000000000000000, 1.000000000000000000, 0.000000000000000000 ) ) ;
#3456 = EDGE_CURVE ( 'NONE', #1793, #979, #829, .T. ) ;
#3457 = ADVANCED_FACE ( 'NONE', ( #90 ), #4635, .T. ) ;
#3458 = DIRECTION ( 'NONE',  ( 0.000000000000000000, 1.000000000000000000, 0.000000000000000000 ) ) ;
#3459 = EDGE_CURVE ( 'NONE', #7409, #285, #6735, .T. ) ;
#3460 = CARTESIAN_POINT ( 'NONE',  ( 0.08661417322834646937, -0.01692913385826771630, 0.002680158189764960449 ) ) ;
#3461 = DIRECTION ( 'NONE',  ( 0.000000000000000000, 1.000000000000000000, 0.000000000000000000 ) ) ;
#3462 = ORIENTED_EDGE ( 'NONE', *, *, #441, .F. ) ;
#3463 = CARTESIAN_POINT ( 'NONE',  ( -0.1240157480314960647, 0.07086614173228346358, -0.1377952755905511861 ) ) ;
#3464 = CARTESIAN_POINT ( 'NONE',  ( -0.1651356080489763956, 0.07874015748031495954, -0.1377952755905511861 ) ) ;
#3465 = ADVANCED_FACE ( 'NONE', ( #699 ), #5374, .F. ) ;
#3466 = CARTESIAN_POINT ( 'NONE',  ( -0.1496062992125984370, 0.07086614173228346358, -0.1377952755905511861 ) ) ;
#3467 = CARTESIAN_POINT ( 'NONE',  ( -0.1053149606299212532, -0.04724409448818897572, -0.07578740157480315376 ) ) ;
#3468 = ORIENTED_EDGE ( 'NONE', *, *, #990, .F. ) ;
#3469 = DIRECTION ( 'NONE',  ( 1.000000000000000000, 0.000000000000000000, 0.000000000000000000 ) ) ;
#3470 = CARTESIAN_POINT ( 'NONE',  ( -0.1200787401574803237, 0.07086614169350392844, -0.008858267716527559038 ) ) ;
#3471 = ORIENTED_EDGE ( 'NONE', *, *, #785, .F. ) ;
#3472 = DIRECTION ( 'NONE',  ( 1.000000000000000000, 0.000000000000000000, 0.000000000000000000 ) ) ;
#3473 = EDGE_CURVE ( 'NONE', #874, #3040, #2087, .T. ) ;
#3474 = CIRCLE ( 'NONE', #1422, 0.001968503937007870519 ) ;
#3475 = LINE ( 'NONE', #2260, #8340 ) ;
#3476 = ORIENTED_EDGE ( 'NONE', *, *, #4310, .T. ) ;
#3477 = VERTEX_POINT ( 'NONE', #4077 ) ;
#3478 = DIRECTION ( 'NONE',  ( 0.000000000000000000, -1.000000000000000000, -7.274996577377731723E-13 ) ) ;
#3479 = VERTEX_POINT ( 'NONE', #790 ) ;
#3480 = CARTESIAN_POINT ( 'NONE',  ( -0.08661417322838584065, -0.01299212598425590615, 0.000000000000000000 ) ) ;
#3481 = CARTESIAN_POINT ( 'NONE',  ( 0.06889763779527559306, -0.02480314960629921572, -0.06200787401574803237 ) ) ;
#3482 = ORIENTED_EDGE ( 'NONE', *, *, #241, .T. ) ;
#3483 = LINE ( 'NONE', #4788, #7739 ) ;
#3484 = VECTOR ( 'NONE', #753, 39.37007874015748143 ) ;
#3485 = CARTESIAN_POINT ( 'NONE',  ( 0.06889763779527559306, -0.02480314960629921572, -0.06200787401574803237 ) ) ;
#3486 = EDGE_LOOP ( 'NONE', ( #1261, #6616, #7057, #8474 ) ) ;
#3487 = FACE_OUTER_BOUND ( 'NONE', #7656, .T. ) ;
#3488 = ORIENTED_EDGE ( 'NONE', *, *, #2152, .F. ) ;
#3489 = EDGE_LOOP ( 'NONE', ( #1798, #5996, #2479, #2673 ) ) ;
#3490 = ORIENTED_EDGE ( 'NONE', *, *, #6832, .F. ) ;
#3491 = EDGE_CURVE ( 'NONE', #7071, #3333, #3423, .T. ) ;
#3492 = FACE_OUTER_BOUND ( 'NONE', #3220, .T. ) ;
#3493 = VECTOR ( 'NONE', #2492, 39.37007874015748143 ) ;
#3494 = VECTOR ( 'NONE', #7264, 39.37007874015748143 ) ;
#3495 = DIRECTION ( 'NONE',  ( 0.000000000000000000, 1.000000000000000000, 0.000000000000000000 ) ) ;
#3496 = DIRECTION ( 'NONE',  ( 0.9999342502356411977, 0.01146713589725046473, 0.000000000000000000 ) ) ;
#3497 = VECTOR ( 'NONE', #1800, 39.37007874015748143 ) ;
#3498 = DIRECTION ( 'NONE',  ( 1.000000000000000000, 3.546035645573000010E-14, 0.000000000000000000 ) ) ;
#3499 = ORIENTED_EDGE ( 'NONE', *, *, #3925, .T. ) ;
#3500 = DIRECTION ( 'NONE',  ( 1.000000000000000000, 0.000000000000000000, 0.000000000000000000 ) ) ;
#3501 = CARTESIAN_POINT ( 'NONE',  ( -0.1505905511811023723, 0.07086614173228346358, -0.03444881889764173089 ) ) ;
#3502 = PLANE ( 'NONE',  #3154 ) ;
#3503 = EDGE_CURVE ( 'NONE', #6087, #8500, #1609, .T. ) ;
#3504 = EDGE_CURVE ( 'NONE', #3425, #3866, #2210, .T. ) ;
#3505 = VECTOR ( 'NONE', #8000, 39.37007874015748143 ) ;
#3506 = CARTESIAN_POINT ( 'NONE',  ( 0.08661417322834646937, -0.05905511811023622659, -0.1636970161619684949 ) ) ;
#3507 = CARTESIAN_POINT ( 'NONE',  ( -0.01181102362205511611, -0.02480314960629921572, -0.009842519685031497767 ) ) ;
#3508 = AXIS2_PLACEMENT_3D ( 'NONE', #8288, #2419, #302 ) ;
#3509 = ORIENTED_EDGE ( 'NONE', *, *, #731, .F. ) ;
#3510 = DIRECTION ( 'NONE',  ( 0.000000000000000000, 0.8133577735317738533, 0.5817638113834818769 ) ) ;
#3511 = CARTESIAN_POINT ( 'NONE',  ( -0.1210629921259842590, -0.04724409448818897572, -0.1161417322834645688 ) ) ;
#3512 = ORIENTED_EDGE ( 'NONE', *, *, #4821, .T. ) ;
#3513 = DIRECTION ( 'NONE',  ( 1.000000000000000000, 0.000000000000000000, -1.851512046685999655E-13 ) ) ;
#3514 = VECTOR ( 'NONE', #3314, 39.37007874015748143 ) ;
#3515 = DIRECTION ( 'NONE',  ( 1.000000000000000000, 0.000000000000000000, 0.000000000000000000 ) ) ;
#3516 = ORIENTED_EDGE ( 'NONE', *, *, #5836, .T. ) ;
#3517 = VERTEX_POINT ( 'NONE', #3506 ) ;
#3518 = LINE ( 'NONE', #5520, #2131 ) ;
#3519 = ORIENTED_EDGE ( 'NONE', *, *, #4752, .F. ) ;
#3520 = CARTESIAN_POINT ( 'NONE',  ( 0.08661417322834646937, -0.04559749532043306380, -0.1664016558098031506 ) ) ;
#3521 = VECTOR ( 'NONE', #2145, 39.37007874015748143 ) ;
#3522 = FACE_OUTER_BOUND ( 'NONE', #5685, .T. ) ;
#3523 = ORIENTED_EDGE ( 'NONE', *, *, #11, .T. ) ;
#3524 = ADVANCED_FACE ( 'NONE', ( #4238 ), #7630, .T. ) ;
#3525 = LINE ( 'NONE', #2834, #8424 ) ;
#3526 = CARTESIAN_POINT ( 'NONE',  ( -0.08661417322838584065, -0.05511811023622047168, 0.02532139787885039420 ) ) ;
#3527 = ORIENTED_EDGE ( 'NONE', *, *, #7170, .F. ) ;
#3528 = LINE ( 'NONE', #3571, #5296 ) ;
#3529 = EDGE_LOOP ( 'NONE', ( #2523, #1081, #6331, #5837 ) ) ;
#3530 = VERTEX_POINT ( 'NONE', #6896 ) ;
#3531 = VERTEX_POINT ( 'NONE', #4320 ) ;
#3532 = DIRECTION ( 'NONE',  ( 0.000000000000000000, 0.000000000000000000, -1.000000000000000000 ) ) ;
#3533 = DIRECTION ( 'NONE',  ( 0.000000000000000000, 0.000000000000000000, 1.000000000000000000 ) ) ;
#3534 = LINE ( 'NONE', #1638, #295 ) ;
#3535 = AXIS2_PLACEMENT_3D ( 'NONE', #4228, #6884, #6313 ) ;
#3536 = DIRECTION ( 'NONE',  ( 1.000000000000000000, 0.000000000000000000, 0.000000000000000000 ) ) ;
#3537 = DIRECTION ( 'NONE',  ( 1.000000000000000000, 0.000000000000000000, 0.000000000000000000 ) ) ;
#3538 = ORIENTED_EDGE ( 'NONE', *, *, #3925, .F. ) ;
#3539 = CARTESIAN_POINT ( 'NONE',  ( -0.1708510933929921483, 0.03920537344811417246, -0.03543307086614566614 ) ) ;
#3540 = CARTESIAN_POINT ( 'NONE',  ( -0.1781496062992126150, 0.03188976377952755514, -0.1023622047244094474 ) ) ;
#3541 = CARTESIAN_POINT ( 'NONE',  ( -0.01181102362206299175, -0.04724409448818897572, -0.1696038517685826696 ) ) ;
#3542 = ADVANCED_FACE ( 'NONE', ( #3665 ), #1647, .T. ) ;
#3543 = CARTESIAN_POINT ( 'NONE',  ( -0.08661417322838584065, -0.05905511811023622659, -0.1636970161619684949 ) ) ;
#3544 = CARTESIAN_POINT ( 'NONE',  ( 0.1102362204724409434, -0.04724409448818897572, -0.1696038517685826696 ) ) ;
#3545 = CIRCLE ( 'NONE', #5919, 0.003937007874015747977 ) ;
#3546 = EDGE_CURVE ( 'NONE', #1582, #8532, #5590, .T. ) ;
#3547 = ADVANCED_FACE ( 'NONE', ( #3587 ), #6978, .T. ) ;
#3548 = EDGE_LOOP ( 'NONE', ( #1415, #5217, #7500, #2748 ) ) ;
#3549 = SURFACE_STYLE_USAGE ( .BOTH. , #5509 ) ;
#3550 = DIRECTION ( 'NONE',  ( 0.000000000000000000, 0.000000000000000000, 1.000000000000000000 ) ) ;
#3551 = ADVANCED_FACE ( 'NONE', ( #1526 ), #4807, .T. ) ;
#3552 = DIRECTION ( 'NONE',  ( 0.000000000000000000, 1.603865584551000345E-14, -1.000000000000000000 ) ) ;
#3553 = ORIENTED_EDGE ( 'NONE', *, *, #4395, .T. ) ;
#3554 = DIRECTION ( 'NONE',  ( 1.000000000000000000, 0.000000000000000000, 0.000000000000000000 ) ) ;
#3555 = AXIS2_PLACEMENT_3D ( 'NONE', #692, #5276, #3461 ) ;
#3556 = DIRECTION ( 'NONE',  ( 1.000000000000000000, 0.000000000000000000, 0.000000000000000000 ) ) ;
#3557 = EDGE_CURVE ( 'NONE', #2510, #2564, #4159, .T. ) ;
#3558 = ORIENTED_EDGE ( 'NONE', *, *, #5737, .F. ) ;
#3559 = VERTEX_POINT ( 'NONE', #6327 ) ;
#3560 = DIRECTION ( 'NONE',  ( 1.000000000000000000, 0.000000000000000000, 0.000000000000000000 ) ) ;
#3561 = VERTEX_POINT ( 'NONE', #5548 ) ;
#3562 = LINE ( 'NONE', #970, #3118 ) ;
#3563 = LINE ( 'NONE', #1587, #2831 ) ;
#3564 = ORIENTED_EDGE ( 'NONE', *, *, #6813, .F. ) ;
#3565 = LINE ( 'NONE', #6221, #8031 ) ;
#3566 = EDGE_CURVE ( 'NONE', #4055, #5920, #5505, .T. ) ;
#3567 = VECTOR ( 'NONE', #2444, 39.37007874015748143 ) ;
#3568 = FACE_OUTER_BOUND ( 'NONE', #6387, .T. ) ;
#3569 = ADVANCED_FACE ( 'NONE', ( #8161 ), #2290, .T. ) ;
#3570 = ORIENTED_EDGE ( 'NONE', *, *, #371, .T. ) ;
#3571 = CARTESIAN_POINT ( 'NONE',  ( 0.06889763779527559306, -0.04724409448818897572, -0.04330708661417323468 ) ) ;
#3572 = ORIENTED_EDGE ( 'NONE', *, *, #8076, .T. ) ;
#3573 = LINE ( 'NONE', #8228, #6456 ) ;
#3574 = ORIENTED_EDGE ( 'NONE', *, *, #5906, .T. ) ;
#3575 = PLANE ( 'NONE',  #4769 ) ;
#3576 = CIRCLE ( 'NONE', #2466, 0.003937007874015749712 ) ;
#3577 = EDGE_CURVE ( 'NONE', #1073, #7882, #6202, .T. ) ;
#3578 = EDGE_CURVE ( 'NONE', #8299, #6481, #954, .T. ) ;
#3579 = CARTESIAN_POINT ( 'NONE',  ( 0.1053149606299212532, -0.04724409448818897572, -0.09448818897637795144 ) ) ;
#3580 = ADVANCED_FACE ( 'NONE', ( #7550 ), #4895, .T. ) ;
#3581 = LINE ( 'NONE', #7460, #442 ) ;
#3582 = CARTESIAN_POINT ( 'NONE',  ( 0.08661417322834646937, -0.05740842757657479978, 0.02211913657150000115 ) ) ;
#3583 = ORIENTED_EDGE ( 'NONE', *, *, #7510, .T. ) ;
#3584 = DIRECTION ( 'NONE',  ( 0.000000000000000000, 0.000000000000000000, -1.000000000000000000 ) ) ;
#3585 = LINE ( 'NONE', #1644, #135 ) ;
#3586 = VECTOR ( 'NONE', #1689, 39.37007874015748143 ) ;
#3587 = FACE_OUTER_BOUND ( 'NONE', #116, .T. ) ;
#3588 = CARTESIAN_POINT ( 'NONE',  ( 0.1102362204724409434, -0.04559749532039369946, 0.02802598234636220417 ) ) ;
#3589 = ORIENTED_EDGE ( 'NONE', *, *, #4338, .F. ) ;
#3590 = CARTESIAN_POINT ( 'NONE',  ( 0.1427165354330708902, -0.04724409448818897572, -0.02165354330707086952 ) ) ;
#3591 = CARTESIAN_POINT ( 'NONE',  ( -0.04625984251968504046, -0.04724409448818897572, -0.07578740157480315376 ) ) ;
#3592 = ADVANCED_FACE ( 'NONE', ( #4932 ), #7592, .T. ) ;
#3593 = VERTEX_POINT ( 'NONE', #2333 ) ;
#3594 = CARTESIAN_POINT ( 'NONE',  ( 0.1102362204724409434, -0.04724409448818897572, -0.2047244094488188948 ) ) ;
#3595 = PLANE ( 'NONE',  #38 ) ;
#3596 = VERTEX_POINT ( 'NONE', #1116 ) ;
#3597 = CARTESIAN_POINT ( 'NONE',  ( -0.01181102362206692784, -0.02644984013988976174, -0.1383525925402362411 ) ) ;
#3598 = EDGE_LOOP ( 'NONE', ( #7470, #2534, #4548, #2010, #3745, #4073, #6705, #2826, #42, #8422, #2071, #5159 ) ) ;
#3599 = CARTESIAN_POINT ( 'NONE',  ( -0.1053149606299212532, -0.02480314960629921572, -0.07578740157480315376 ) ) ;
#3600 = DIRECTION ( 'NONE',  ( 0.9999342502356429740, -0.01146713589710050135, -5.712822733015470420E-15 ) ) ;
#3601 = ORIENTED_EDGE ( 'NONE', *, *, #5007, .F. ) ;
#3602 = LINE ( 'NONE', #7611, #5666 ) ;
#3603 = EDGE_CURVE ( 'NONE', #4022, #1190, #6415, .T. ) ;
#3604 = EDGE_CURVE ( 'NONE', #4420, #5318, #8041, .T. ) ;
#3605 = PLANE ( 'NONE',  #2115 ) ;
#3606 = CARTESIAN_POINT ( 'NONE',  ( 0.1102362204724409434, -0.01463872515205118068, -0.1442580276120078997 ) ) ;
#3607 = VECTOR ( 'NONE', #7897, 39.37007874015748143 ) ;
#3608 = ORIENTED_EDGE ( 'NONE', *, *, #8537, .F. ) ;
#3609 = CIRCLE ( 'NONE', #1823, 0.009842519685039371677 ) ;
#3610 = DIRECTION ( 'NONE',  ( 0.000000000000000000, 1.000000000000000000, 0.000000000000000000 ) ) ;
#3611 = ORIENTED_EDGE ( 'NONE', *, *, #7686, .F. ) ;
#3612 = ORIENTED_EDGE ( 'NONE', *, *, #1989, .T. ) ;
#3613 = ORIENTED_EDGE ( 'NONE', *, *, #5888, .F. ) ;
#3614 = CARTESIAN_POINT ( 'NONE',  ( 0.000000000000000000, -0.02480314960629921572, 0.000000000000000000 ) ) ;
#3615 = ORIENTED_EDGE ( 'NONE', *, *, #1742, .T. ) ;
#3616 = VECTOR ( 'NONE', #7116, 39.37007874015748143 ) ;
#3617 = DIRECTION ( 'NONE',  ( 0.000000000000000000, 0.000000000000000000, 1.000000000000000000 ) ) ;
#3618 = CYLINDRICAL_SURFACE ( 'NONE', #7800, 0.003937007874015749712 ) ;
#3619 = PLANE ( 'NONE',  #3431 ) ;
#3620 = VECTOR ( 'NONE', #4995, 39.37007874015748143 ) ;
#3621 = VECTOR ( 'NONE', #848, 39.37007874015748143 ) ;
#3622 = DIRECTION ( 'NONE',  ( 1.000000000000000000, 0.000000000000000000, 0.000000000000000000 ) ) ;
#3623 = EDGE_CURVE ( 'NONE', #2986, #7925, #3609, .T. ) ;
#3624 = CARTESIAN_POINT ( 'NONE',  ( -0.08661417322838584065, -0.05905511811023622659, -0.1636970161619684949 ) ) ;
#3625 = AXIS2_PLACEMENT_3D ( 'NONE', #8325, #5635, #1571 ) ;
#3626 = LINE ( 'NONE', #297, #5440 ) ;
#3627 = ORIENTED_EDGE ( 'NONE', *, *, #3830, .F. ) ;
#3628 = DIRECTION ( 'NONE',  ( 0.000000000000000000, 0.000000000000000000, 1.000000000000000000 ) ) ;
#3629 = FACE_OUTER_BOUND ( 'NONE', #418, .T. ) ;
#3630 = DIRECTION ( 'NONE',  ( 0.000000000000000000, 1.000000000000000000, 0.000000000000000000 ) ) ;
#3631 = AXIS2_PLACEMENT_3D ( 'NONE', #8021, #4753, #3227 ) ;
#3632 = ORIENTED_EDGE ( 'NONE', *, *, #1529, .T. ) ;
#3633 = DIRECTION ( 'NONE',  ( 0.000000000000000000, 1.000000000000000000, 0.000000000000000000 ) ) ;
#3634 = VECTOR ( 'NONE', #5432, 39.37007874015748143 ) ;
#3635 = PLANE ( 'NONE',  #7793 ) ;
#3636 = EDGE_LOOP ( 'NONE', ( #5868, #7132, #423, #3098 ) ) ;
#3637 = DIRECTION ( 'NONE',  ( 1.000000000000000000, 0.000000000000000000, 0.000000000000000000 ) ) ;
#3638 = ORIENTED_EDGE ( 'NONE', *, *, #4972, .F. ) ;
#3639 = PLANE ( 'NONE',  #8268 ) ;
#3640 = LINE ( 'NONE', #1180, #4085 ) ;
#3641 = VERTEX_POINT ( 'NONE', #7849 ) ;
#3642 = FACE_OUTER_BOUND ( 'NONE', #3435, .T. ) ;
#3643 = ADVANCED_FACE ( 'NONE', ( #7017 ), #505, .F. ) ;
#3644 = EDGE_CURVE ( 'NONE', #4698, #2345, #7805, .T. ) ;
#3645 = DIRECTION ( 'NONE',  ( 0.000000000000000000, 0.000000000000000000, -1.000000000000000000 ) ) ;
#3646 = DIRECTION ( 'NONE',  ( 0.000000000000000000, -0.8133743720616745110, -0.5817406044563817602 ) ) ;
#3647 = AXIS2_PLACEMENT_3D ( 'NONE', #7179, #1761, #4390 ) ;
#3648 = ORIENTED_EDGE ( 'NONE', *, *, #3945, .F. ) ;
#3649 = CARTESIAN_POINT ( 'NONE',  ( -0.08267716535433070058, -0.03602362204724409572, -0.08513779527559055260 ) ) ;
#3650 = EDGE_CURVE ( 'NONE', #8578, #1561, #3474, .T. ) ;
#3651 = ORIENTED_EDGE ( 'NONE', *, *, #7382, .F. ) ;
#3652 = CARTESIAN_POINT ( 'NONE',  ( -0.01181102362206299175, -0.02644984013992125738, -2.302574283772047088E-05 ) ) ;
#3653 = EDGE_CURVE ( 'NONE', #31, #6571, #4402, .T. ) ;
#3654 = EDGE_LOOP ( 'NONE', ( #8327, #2539, #7764, #7728 ) ) ;
#3655 = DIRECTION ( 'NONE',  ( 1.000000000000000000, 0.000000000000000000, 0.000000000000000000 ) ) ;
#3656 = ORIENTED_EDGE ( 'NONE', *, *, #5193, .T. ) ;
#3657 = ADVANCED_FACE ( 'NONE', ( #7104 ), #1076, .T. ) ;
#3658 = CIRCLE ( 'NONE', #7690, 0.003937007874015747977 ) ;
#3659 = CARTESIAN_POINT ( 'NONE',  ( -0.01710134031074015890, 0.07086614173228346358, -0.01265329940326377980 ) ) ;
#3660 = FACE_OUTER_BOUND ( 'NONE', #6079, .T. ) ;
#3661 = DIRECTION ( 'NONE',  ( 0.000000000000000000, 0.000000000000000000, -1.000000000000000000 ) ) ;
#3662 = VECTOR ( 'NONE', #8207, 39.37007874015748143 ) ;
#3663 = ORIENTED_EDGE ( 'NONE', *, *, #1649, .T. ) ;
#3664 = CARTESIAN_POINT ( 'NONE',  ( -0.1102362204724409434, -0.04724409448818897572, -0.2047244094488188948 ) ) ;
#3665 = FACE_OUTER_BOUND ( 'NONE', #3401, .T. ) ;
#3666 = ADVANCED_FACE ( 'NONE', ( #3885 ), #4487, .T. ) ;
#3667 = DIRECTION ( 'NONE',  ( 0.01146713589723048765, 0.9999342502356415308, 0.000000000000000000 ) ) ;
#3668 = EDGE_CURVE ( 'NONE', #7692, #2335, #463, .T. ) ;
#3669 = EDGE_CURVE ( 'NONE', #8467, #801, #3749, .T. ) ;
#3670 = ORIENTED_EDGE ( 'NONE', *, *, #6592, .T. ) ;
#3671 = DIRECTION ( 'NONE',  ( -1.000000000000000000, 0.000000000000000000, 0.000000000000000000 ) ) ;
#3672 = LINE ( 'NONE', #3590, #2597 ) ;
#3673 = VECTOR ( 'NONE', #2880, 39.37007874015748143 ) ;
#3674 = PLANE ( 'NONE',  #1603 ) ;
#3675 = EDGE_LOOP ( 'NONE', ( #1747, #4021, #1611, #7863 ) ) ;
#3676 = DIRECTION ( 'NONE',  ( 1.000000000000000000, 0.000000000000000000, 0.000000000000000000 ) ) ;
#3677 = ADVANCED_BREP_SHAPE_REPRESENTATION ( 'Same_Sky_SLW-913535-2A-SMT', ( #1436, #1505, #4171, #7124, #1423, #7250, #776 ), #6173 ) ;
#3678 = AXIS2_PLACEMENT_3D ( 'NONE', #758, #4695, #6620 ) ;
#3679 = EDGE_CURVE ( 'NONE', #285, #4264, #3142, .T. ) ;
#3680 = ORIENTED_EDGE ( 'NONE', *, *, #6920, .F. ) ;
#3681 = LINE ( 'NONE', #7733, #3225 ) ;
#3682 = FACE_BOUND ( 'NONE', #4707, .T. ) ;
#3683 = DIRECTION ( 'NONE',  ( 0.000000000000000000, 1.000000000000000000, 0.000000000000000000 ) ) ;
#3684 = ORIENTED_EDGE ( 'NONE', *, *, #7632, .F. ) ;
#3685 = CARTESIAN_POINT ( 'NONE',  ( -0.1496062992125984370, 0.07086614173228346358, 0.000000000000000000 ) ) ;
#3686 = VECTOR ( 'NONE', #8279, 39.37007874015748143 ) ;
#3687 = ORIENTED_EDGE ( 'NONE', *, *, #8183, .F. ) ;
#3688 = CARTESIAN_POINT ( 'NONE',  ( 0.1745966000192913370, 0.02248389079882283370, -0.1220472440944881942 ) ) ;
#3689 = COLOUR_RGB ( '',0.7921568627450980005, 0.8196078431372548767, 0.9333333333333333481 ) ;
#3690 = CARTESIAN_POINT ( 'NONE',  ( -0.06889763779527559306, -0.04724409448818897572, -0.09448818897637795144 ) ) ;
#3691 = ORIENTED_EDGE ( 'NONE', *, *, #7911, .T. ) ;
#3692 = ORIENTED_EDGE ( 'NONE', *, *, #7111, .F. ) ;
#3693 = DIRECTION ( 'NONE',  ( -2.199298944019999926E-13, -1.000000000000000000, 0.000000000000000000 ) ) ;
#3694 = ORIENTED_EDGE ( 'NONE', *, *, #2291, .T. ) ;
#3695 = LINE ( 'NONE', #6485, #2713 ) ;
#3696 = ORIENTED_EDGE ( 'NONE', *, *, #4949, .T. ) ;
#3697 = LINE ( 'NONE', #5084, #2144 ) ;
#3698 = VERTEX_POINT ( 'NONE', #5758 ) ;
#3699 = LINE ( 'NONE', #2361, #2456 ) ;
#3700 = VECTOR ( 'NONE', #3550, 39.37007874015748143 ) ;
#3701 = ADVANCED_FACE ( 'NONE', ( #5799 ), #548, .F. ) ;
#3702 = DIRECTION ( 'NONE',  ( -0.000000000000000000, 1.000000000000000000, 0.000000000000000000 ) ) ;
#3703 = DIRECTION ( 'NONE',  ( 1.000000000000000000, 0.000000000000000000, 0.000000000000000000 ) ) ;
#3704 = VECTOR ( 'NONE', #8545, 39.37007874015748143 ) ;
#3705 = VERTEX_POINT ( 'NONE', #5139 ) ;
#3706 = CARTESIAN_POINT ( 'NONE',  ( 0.01998681779692519644, 0.02677165354331102406, 0.000000000000000000 ) ) ;
#3707 = EDGE_CURVE ( 'NONE', #2670, #17, #6543, .T. ) ;
#3708 = AXIS2_PLACEMENT_3D ( 'NONE', #1453, #7516, #2945 ) ;
#3709 = EDGE_CURVE ( 'NONE', #5178, #6165, #3711, .T. ) ;
#3710 = EDGE_CURVE ( 'NONE', #1190, #7216, #8367, .T. ) ;
#3711 = LINE ( 'NONE', #7146, #2916 ) ;
#3712 = CARTESIAN_POINT ( 'NONE',  ( 0.1673228346456692994, 0.07086614173228346358, -0.1033464566929133965 ) ) ;
#3713 = EDGE_LOOP ( 'NONE', ( #745, #2794, #978, #2142 ) ) ;
#3714 = VERTEX_POINT ( 'NONE', #596 ) ;
#3715 = CARTESIAN_POINT ( 'NONE',  ( 0.04625984251968504046, -0.04724409448818897572, -0.07578740157480315376 ) ) ;
#3716 = DIRECTION ( 'NONE',  ( 1.000000000000000000, 0.000000000000000000, 0.000000000000000000 ) ) ;
#3717 = VECTOR ( 'NONE', #3067, 39.37007874015748143 ) ;
#3718 = DIRECTION ( 'NONE',  ( 0.000000000000000000, -1.000000000000000000, 0.000000000000000000 ) ) ;
#3719 = ORIENTED_EDGE ( 'NONE', *, *, #7816, .T. ) ;
#3720 = CARTESIAN_POINT ( 'NONE',  ( -0.1702761082658661718, -0.01093332963860236401, -0.1377952755905511861 ) ) ;
#3721 = EDGE_CURVE ( 'NONE', #8287, #347, #8496, .T. ) ;
#3722 = CARTESIAN_POINT ( 'NONE',  ( 0.01181102362202755829, -0.01692913385826771630, 0.002680158189764960449 ) ) ;
#3723 = VECTOR ( 'NONE', #4854, 39.37007874015748143 ) ;
#3724 = ORIENTED_EDGE ( 'NONE', *, *, #7941, .F. ) ;
#3725 = CARTESIAN_POINT ( 'NONE',  ( -0.01181102362206299175, -0.05905511811023622659, 0.02532139787885039420 ) ) ;
#3726 = PLANE ( 'NONE',  #6468 ) ;
#3727 = FACE_OUTER_BOUND ( 'NONE', #1334, .T. ) ;
#3728 = ORIENTED_EDGE ( 'NONE', *, *, #342, .F. ) ;
#3729 = LINE ( 'NONE', #481, #526 ) ;
#3730 = ADVANCED_FACE ( 'NONE', ( #1434 ), #5364, .T. ) ;
#3731 = FACE_OUTER_BOUND ( 'NONE', #2583, .T. ) ;
#3732 = DIRECTION ( 'NONE',  ( -0.000000000000000000, 0.5817638113834149305, 0.8133577735318219259 ) ) ;
#3733 = ORIENTED_EDGE ( 'NONE', *, *, #6536, .F. ) ;
#3734 = ORIENTED_EDGE ( 'NONE', *, *, #5099, .T. ) ;
#3735 = CARTESIAN_POINT ( 'NONE',  ( 0.04625984251968504046, -0.02480314960629921572, -0.09448818897637795144 ) ) ;
#3736 = ORIENTED_EDGE ( 'NONE', *, *, #7708, .T. ) ;
#3737 = CARTESIAN_POINT ( 'NONE',  ( -0.1708510933929921483, 0.03920537344813385811, -0.1023622047244094474 ) ) ;
#3738 = ORIENTED_EDGE ( 'NONE', *, *, #6074, .T. ) ;
#3739 = CYLINDRICAL_SURFACE ( 'NONE', #7679, 0.007874015748027559866 ) ;
#3740 = ORIENTED_EDGE ( 'NONE', *, *, #24, .T. ) ;
#3741 = DIRECTION ( 'NONE',  ( 0.000000000000000000, -1.000000000000000000, 5.843849709696866880E-13 ) ) ;
#3742 = DIRECTION ( 'NONE',  ( 0.000000000000000000, 0.000000000000000000, -1.000000000000000000 ) ) ;
#3743 = VECTOR ( 'NONE', #5714, 39.37007874015748854 ) ;
#3744 = DIRECTION ( 'NONE',  ( 0.000000000000000000, 1.000000000000000000, 0.000000000000000000 ) ) ;
#3745 = ORIENTED_EDGE ( 'NONE', *, *, #5193, .F. ) ;
#3746 = ORIENTED_EDGE ( 'NONE', *, *, #3644, .T. ) ;
#3747 = FACE_OUTER_BOUND ( 'NONE', #1721, .T. ) ;
#3748 = VECTOR ( 'NONE', #8575, 39.37007874015748143 ) ;
#3749 = LINE ( 'NONE', #3842, #6681 ) ;
#3750 = DIRECTION ( 'NONE',  ( 0.000000000000000000, 0.000000000000000000, -1.000000000000000000 ) ) ;
#3751 = AXIS2_PLACEMENT_3D ( 'NONE', #4820, #3556, #4170 ) ;
#3752 = DIRECTION ( 'NONE',  ( 0.000000000000000000, 0.000000000000000000, -1.000000000000000000 ) ) ;
#3753 = ORIENTED_EDGE ( 'NONE', *, *, #1341, .F. ) ;
#3754 = ORIENTED_EDGE ( 'NONE', *, *, #5191, .T. ) ;
#3755 = CARTESIAN_POINT ( 'NONE',  ( -0.1742128572825196731, -0.01097847584292126026, -0.06889763779527559306 ) ) ;
#3756 = FACE_OUTER_BOUND ( 'NONE', #2088, .T. ) ;
#3757 = EDGE_CURVE ( 'NONE', #738, #933, #8538, .T. ) ;
#3758 = EDGE_CURVE ( 'NONE', #6266, #4861, #1475, .T. ) ;
#3759 = CARTESIAN_POINT ( 'NONE',  ( -0.1102362204724803146, -0.05740842757657479978, 0.02211913657150000115 ) ) ;
#3760 = ORIENTED_EDGE ( 'NONE', *, *, #6659, .T. ) ;
#3761 = DIRECTION ( 'NONE',  ( 1.000000000000000000, 0.000000000000000000, 0.000000000000000000 ) ) ;
#3762 = VECTOR ( 'NONE', #1198, 39.37007874015748143 ) ;
#3763 = AXIS2_PLACEMENT_3D ( 'NONE', #8449, #7196, #597 ) ;
#3764 = CARTESIAN_POINT ( 'NONE',  ( 0.1309051772310629858, 0.07085306957173229114, -3.040523975374016065E-05 ) ) ;
#3765 = VECTOR ( 'NONE', #3693, 39.37007874015748143 ) ;
#3766 = ORIENTED_EDGE ( 'NONE', *, *, #3405, .T. ) ;
#3767 = LINE ( 'NONE', #2427, #6560 ) ;
#3768 = LINE ( 'NONE', #2008, #650 ) ;
#3769 = CARTESIAN_POINT ( 'NONE',  ( 0.04625984251968504046, -0.04724409448818897572, -0.09448818897637795144 ) ) ;
#3770 = ORIENTED_EDGE ( 'NONE', *, *, #664, .F. ) ;
#3771 = LINE ( 'NONE', #6475, #395 ) ;
#3772 = ADVANCED_FACE ( 'NONE', ( #4069 ), #5406, .T. ) ;
#3773 = VECTOR ( 'NONE', #8380, 39.37007874015748143 ) ;
#3774 = CARTESIAN_POINT ( 'NONE',  ( 0.1102362204724015721, -0.01299212598425196832, -0.1377952755905511861 ) ) ;
#3775 = CARTESIAN_POINT ( 'NONE',  ( -0.07086614173228346358, 0.07874015748031495954, -0.1003937007874015908 ) ) ;
#3776 = VERTEX_POINT ( 'NONE', #7333 ) ;
#3777 = ADVANCED_FACE ( 'NONE', ( #1991 ), #7238, .F. ) ;
#3778 = LINE ( 'NONE', #7658, #6703 ) ;
#3779 = VERTEX_POINT ( 'NONE', #2033 ) ;
#3780 = CARTESIAN_POINT ( 'NONE',  ( -0.04625984251968504046, -0.02480314960629921572, -0.04330708661417323468 ) ) ;
#3781 = VERTEX_POINT ( 'NONE', #3413 ) ;
#3782 = AXIS2_PLACEMENT_3D ( 'NONE', #612, #3249, #6513 ) ;
#3783 = LINE ( 'NONE', #6445, #1724 ) ;
#3784 = ORIENTED_EDGE ( 'NONE', *, *, #4499, .T. ) ;
#3785 = PLANE ( 'NONE',  #4952 ) ;
#3786 = VECTOR ( 'NONE', #8036, 39.37007874015748143 ) ;
#3787 = DIRECTION ( 'NONE',  ( 0.000000000000000000, 0.000000000000000000, 1.000000000000000000 ) ) ;
#3788 = VERTEX_POINT ( 'NONE', #7896 ) ;
#3789 = ADVANCED_FACE ( 'NONE', ( #4667 ), #1343, .F. ) ;
#3790 = LINE ( 'NONE', #1766, #7944 ) ;
#3791 = VERTEX_POINT ( 'NONE', #1301 ) ;
#3792 = ORIENTED_EDGE ( 'NONE', *, *, #2763, .T. ) ;
#3793 = CARTESIAN_POINT ( 'NONE',  ( -0.1053149606299212532, -0.03602362204724409572, -0.05265748031496062659 ) ) ;
#3794 = AXIS2_PLACEMENT_3D ( 'NONE', #5554, #2134, #7514 ) ;
#3795 = DIRECTION ( 'NONE',  ( -0.2596575583450989599, 1.561251128379126385E-14, -0.9657007571676959889 ) ) ;
#3796 = DIRECTION ( 'NONE',  ( -1.000000000000000000, 0.000000000000000000, 0.000000000000000000 ) ) ;
#3797 = VECTOR ( 'NONE', #4584, 39.37007874015748143 ) ;
#3798 = CARTESIAN_POINT ( 'NONE',  ( -0.08661417322838584065, -0.02480314960629921572, -0.04330708661417323468 ) ) ;
#3799 = CARTESIAN_POINT ( 'NONE',  ( 0.1496062992125984370, 0.07480314960629921850, -0.1200787401574803237 ) ) ;
#3800 = ORIENTED_EDGE ( 'NONE', *, *, #1657, .T. ) ;
#3801 = CARTESIAN_POINT ( 'NONE',  ( 0.1369563552857086808, 0.07086614173228346358, 0.000000000000000000 ) ) ;
#3802 = DIRECTION ( 'NONE',  ( 0.2178530325870124129, 0.9759815859905565105, 0.000000000000000000 ) ) ;
#3803 = DIRECTION ( 'NONE',  ( -1.000000000000000000, 0.000000000000000000, 0.000000000000000000 ) ) ;
#3804 = CARTESIAN_POINT ( 'NONE',  ( -0.1210629921259842590, -0.04724409448818897572, -0.09448818897637795144 ) ) ;
#3805 = EDGE_CURVE ( 'NONE', #6584, #8535, #1388, .T. ) ;
#3806 = LINE ( 'NONE', #6426, #1827 ) ;
#3807 = EDGE_CURVE ( 'NONE', #354, #5894, #732, .T. ) ;
#3808 = VERTEX_POINT ( 'NONE', #2633 ) ;
#3809 = DIRECTION ( 'NONE',  ( 0.7453559924651036450, -4.423544863740855566E-14, -0.6666666667056037054 ) ) ;
#3810 = DIRECTION ( 'NONE',  ( 1.000000000000000000, 0.000000000000000000, 0.000000000000000000 ) ) ;
#3811 = CARTESIAN_POINT ( 'NONE',  ( 0.1210629921259842590, 0.02677165354331102406, -0.007874015748031495954 ) ) ;
#3812 = ORIENTED_EDGE ( 'NONE', *, *, #4098, .F. ) ;
#3813 = CYLINDRICAL_SURFACE ( 'NONE', #1089, 0.003937007874015749712 ) ;
#3814 = EDGE_CURVE ( 'NONE', #2915, #3026, #6593, .T. ) ;
#3815 = CIRCLE ( 'NONE', #3970, 0.007874015748031495954 ) ;
#3816 = ADVANCED_FACE ( 'NONE', ( #2762 ), #7417, .F. ) ;
#3817 = CARTESIAN_POINT ( 'NONE',  ( 0.08661417322834646937, -0.05740842757661417800, 0.02211913657152362461 ) ) ;
#3818 = ADVANCED_FACE ( 'NONE', ( #2588 ), #7942, .T. ) ;
#3819 = CARTESIAN_POINT ( 'NONE',  ( 0.01998681779692125862, 0.05287401574803150123, -0.01968503937007873988 ) ) ;
#3820 = VERTEX_POINT ( 'NONE', #2077 ) ;
#3821 = VERTEX_POINT ( 'NONE', #7373 ) ;
#3822 = CARTESIAN_POINT ( 'NONE',  ( -0.1240157480314960647, 0.07874015748031495954, -0.004921259842511811061 ) ) ;
#3823 = AXIS2_PLACEMENT_3D ( 'NONE', #2850, #704, #53 ) ;
#3824 = ORIENTED_EDGE ( 'NONE', *, *, #1031, .F. ) ;
#3825 = DIRECTION ( 'NONE',  ( 1.000000000000000000, 0.000000000000000000, 0.000000000000000000 ) ) ;
#3826 = ORIENTED_EDGE ( 'NONE', *, *, #915, .T. ) ;
#3827 = LINE ( 'NONE', #8394, #5878 ) ;
#3828 = ORIENTED_EDGE ( 'NONE', *, *, #1039, .T. ) ;
#3829 = FACE_OUTER_BOUND ( 'NONE', #1702, .T. ) ;
#3830 = EDGE_CURVE ( 'NONE', #2435, #2238, #689, .T. ) ;
#3831 = VECTOR ( 'NONE', #599, 39.37007874015748143 ) ;
#3832 = EDGE_CURVE ( 'NONE', #8127, #7784, #8069, .T. ) ;
#3833 = DIRECTION ( 'NONE',  ( -7.216449624536999786E-13, -1.000000000000000000, 1.140754152185999993E-13 ) ) ;
#3834 = EDGE_LOOP ( 'NONE', ( #2383, #686, #6039, #714 ) ) ;
#3835 = DIRECTION ( 'NONE',  ( 1.000000000000000000, 0.000000000000000000, 0.000000000000000000 ) ) ;
#3836 = ORIENTED_EDGE ( 'NONE', *, *, #6078, .T. ) ;
#3837 = ORIENTED_EDGE ( 'NONE', *, *, #3876, .T. ) ;
#3838 = CARTESIAN_POINT ( 'NONE',  ( 0.1309055118109866134, 0.07086614173228346358, -0.003937007874015747977 ) ) ;
#3839 = VECTOR ( 'NONE', #8082, 39.37007874015748143 ) ;
#3840 = EDGE_CURVE ( 'NONE', #8370, #7047, #6532, .T. ) ;
#3841 = EDGE_CURVE ( 'NONE', #7882, #8260, #2497, .T. ) ;
#3842 = CARTESIAN_POINT ( 'NONE',  ( -0.1102362204724409434, -0.02480314960629921572, -0.1351503312329527529 ) ) ;
#3843 = VECTOR ( 'NONE', #1890, 39.37007874015748143 ) ;
#3844 = CARTESIAN_POINT ( 'NONE',  ( 0.1312441786827952817, 0.04527559055118110520, -0.004921259842519684971 ) ) ;
#3845 = CARTESIAN_POINT ( 'NONE',  ( -0.1786909414324015788, 0.03618080156893700716, -0.03674540682413779402 ) ) ;
#3846 = LINE ( 'NONE', #4532, #5777 ) ;
#3847 = ORIENTED_EDGE ( 'NONE', *, *, #3350, .T. ) ;
#3848 = CARTESIAN_POINT ( 'NONE',  ( 0.06889763779527559306, -0.02480314960629921572, -0.09448818897637795144 ) ) ;
#3849 = DIRECTION ( 'NONE',  ( 0.000000000000000000, 0.000000000000000000, -1.000000000000000000 ) ) ;
#3850 = CARTESIAN_POINT ( 'NONE',  ( 0.01181102362202755829, -0.04330708661417323468, -0.1696038517685826696 ) ) ;
#3851 = CARTESIAN_POINT ( 'NONE',  ( 0.1787245914263385915, 0.03911508103946850778, -0.03543307086614566614 ) ) ;
#3852 = VECTOR ( 'NONE', #6580, 39.37007874015748143 ) ;
#3853 = DIRECTION ( 'NONE',  ( -1.000000000000000000, 0.000000000000000000, -2.203328073098000153E-14 ) ) ;
#3854 = VECTOR ( 'NONE', #3761, 39.37007874015748143 ) ;
#3855 = EDGE_CURVE ( 'NONE', #8023, #6800, #4231, .T. ) ;
#3856 = ORIENTED_EDGE ( 'NONE', *, *, #3814, .F. ) ;
#3857 = DIRECTION ( 'NONE',  ( 1.000000000000000000, 0.000000000000000000, 0.000000000000000000 ) ) ;
#3858 = DIRECTION ( 'NONE',  ( -1.000000000000000000, 0.000000000000000000, 0.000000000000000000 ) ) ;
#3859 = FACE_BOUND ( 'NONE', #6492, .T. ) ;
#3860 = CARTESIAN_POINT ( 'NONE',  ( -0.04625984251968504046, -0.04724409448818897572, -0.09448818897637795144 ) ) ;
#3861 = ORIENTED_EDGE ( 'NONE', *, *, #7385, .F. ) ;
#3862 = CARTESIAN_POINT ( 'NONE',  ( 0.1716426071740944914, 0.05531496062992126428, -0.06889763779527559306 ) ) ;
#3863 = VECTOR ( 'NONE', #2891, 39.37007874015748143 ) ;
#3864 = PLANE ( 'NONE',  #8090 ) ;
#3865 = CARTESIAN_POINT ( 'NONE',  ( 0.1053149606299212532, -0.04724409448818897572, -0.04330708661417323468 ) ) ;
#3866 = VERTEX_POINT ( 'NONE', #205 ) ;
#3867 = VERTEX_POINT ( 'NONE', #3579 ) ;
#3868 = CARTESIAN_POINT ( 'NONE',  ( 0.08661417322834646937, -0.04330708661417323468, 0.03122817830516141924 ) ) ;
#3869 = ORIENTED_EDGE ( 'NONE', *, *, #6105, .T. ) ;
#3870 = DIRECTION ( 'NONE',  ( -0.9999342502356429740, -0.01146713589710050135, 5.712822733012610799E-15 ) ) ;
#3871 = ORIENTED_EDGE ( 'NONE', *, *, #3288, .F. ) ;
#3872 = DIRECTION ( 'NONE',  ( 0.000000000000000000, 0.000000000000000000, 1.000000000000000000 ) ) ;
#3873 = ORIENTED_EDGE ( 'NONE', *, *, #7816, .F. ) ;
#3874 = CYLINDRICAL_SURFACE ( 'NONE', #4529, 0.01771653543307086590 ) ;
#3875 = EDGE_CURVE ( 'NONE', #5304, #6745, #6847, .T. ) ;
#3876 = EDGE_CURVE ( 'NONE', #3346, #3026, #8275, .T. ) ;
#3877 = CARTESIAN_POINT ( 'NONE',  ( -0.01181102362206299175, -0.02480314960629921572, -0.1351503312329527529 ) ) ;
#3878 = VERTEX_POINT ( 'NONE', #6275 ) ;
#3879 = ORIENTED_EDGE ( 'NONE', *, *, #6581, .T. ) ;
#3880 = PLANE ( 'NONE',  #2943 ) ;
#3881 = ORIENTED_EDGE ( 'NONE', *, *, #3578, .T. ) ;
#3882 = EDGE_LOOP ( 'NONE', ( #2029, #1829, #76, #5392 ) ) ;
#3883 = LINE ( 'NONE', #3230, #2586 ) ;
#3884 = EDGE_CURVE ( 'NONE', #1326, #2489, #3534, .T. ) ;
#3885 = FACE_OUTER_BOUND ( 'NONE', #2480, .T. ) ;
#3886 = DIRECTION ( 'NONE',  ( 0.000000000000000000, 0.000000000000000000, -1.000000000000000000 ) ) ;
#3887 = DIRECTION ( 'NONE',  ( 1.000000000000000000, 0.000000000000000000, 0.000000000000000000 ) ) ;
#3888 = CARTESIAN_POINT ( 'NONE',  ( -0.1053149606299212532, -0.04724409448818897572, -0.06200787401574803237 ) ) ;
#3889 = ORIENTED_EDGE ( 'NONE', *, *, #5109, .F. ) ;
#3890 = VECTOR ( 'NONE', #7818, 39.37007874015748143 ) ;
#3891 = EDGE_CURVE ( 'NONE', #8500, #1472, #2886, .T. ) ;
#3892 = DIRECTION ( 'NONE',  ( -0.000000000000000000, 1.000000000000000000, 0.000000000000000000 ) ) ;
#3893 = AXIS2_PLACEMENT_3D ( 'NONE', #6152, #4966, #8233 ) ;
#3894 = PLANE ( 'NONE',  #2199 ) ;
#3895 = DIRECTION ( 'NONE',  ( 0.000000000000000000, -0.5817638114056934429, 0.8133577735158868949 ) ) ;
#3896 = DIRECTION ( 'NONE',  ( 1.000000000000000000, 0.000000000000000000, 0.000000000000000000 ) ) ;
#3897 = VECTOR ( 'NONE', #4005, 39.37007874015748143 ) ;
#3898 = LINE ( 'NONE', #5768, #25 ) ;
#3899 = ORIENTED_EDGE ( 'NONE', *, *, #1025, .F. ) ;
#3900 = CYLINDRICAL_SURFACE ( 'NONE', #4610, 0.01279527559055118092 ) ;
#3901 = CARTESIAN_POINT ( 'NONE',  ( -0.07086614173228346358, 0.07874015748031495954, -0.1023622047244094474 ) ) ;
#3902 = LINE ( 'NONE', #3501, #8007 ) ;
#3903 = CARTESIAN_POINT ( 'NONE',  ( 0.01181102362202755829, -0.01299212598425590615, 0.000000000000000000 ) ) ;
#3904 = VECTOR ( 'NONE', #3145, 39.37007874015748143 ) ;
#3905 = ORIENTED_EDGE ( 'NONE', *, *, #3578, .F. ) ;
#3906 = LINE ( 'NONE', #5294, #1227 ) ;
#3907 = VECTOR ( 'NONE', #7577, 39.37007874015748143 ) ;
#3908 = CARTESIAN_POINT ( 'NONE',  ( -0.004577409918051181248, 0.05236220472440945156, -0.009504928712291338053 ) ) ;
#3909 = VECTOR ( 'NONE', #5800, 39.37007874015748143 ) ;
#3910 = CARTESIAN_POINT ( 'NONE',  ( -0.006590504494898118647, 0.02677165354331493413, -0.008963647970146823921 ) ) ;
#3911 = ORIENTED_EDGE ( 'NONE', *, *, #5309, .F. ) ;
#3912 = EDGE_LOOP ( 'NONE', ( #727, #1106, #92, #4603 ) ) ;
#3913 = CARTESIAN_POINT ( 'NONE',  ( -0.06889763779527559306, -0.04724409448818897572, -0.06200787401574803237 ) ) ;
#3914 = ORIENTED_EDGE ( 'NONE', *, *, #4310, .F. ) ;
#3915 = CARTESIAN_POINT ( 'NONE',  ( -0.1791338582677165503, 0.07480314960618110465, -0.1023622047244094474 ) ) ;
#3916 = EDGE_LOOP ( 'NONE', ( #2236, #2262, #3174, #274 ) ) ;
#3917 = DIRECTION ( 'NONE',  ( 0.000000000000000000, -1.000000000000000000, 0.000000000000000000 ) ) ;
#3918 = ORIENTED_EDGE ( 'NONE', *, *, #1504, .T. ) ;
#3919 = CARTESIAN_POINT ( 'NONE',  ( 0.08661417322834646937, -0.04559749532043306380, -0.1664016558098031506 ) ) ;
#3920 = VECTOR ( 'NONE', #4375, 39.37007874015748143 ) ;
#3921 = ADVANCED_FACE ( 'NONE', ( #947 ), #1556, .T. ) ;
#3922 = SURFACE_STYLE_USAGE ( .BOTH. , #4565 ) ;
#3923 = ORIENTED_EDGE ( 'NONE', *, *, #6290, .F. ) ;
#3924 = ADVANCED_FACE ( 'NONE', ( #2326 ), #8112, .F. ) ;
#3925 = EDGE_CURVE ( 'NONE', #4399, #4121, #289, .T. ) ;
#3926 = STYLED_ITEM ( 'NONE', ( #957 ), #7250 ) ;
#3927 = ORIENTED_EDGE ( 'NONE', *, *, #5034, .F. ) ;
#3928 = FACE_OUTER_BOUND ( 'NONE', #1061, .T. ) ;
#3929 = ADVANCED_FACE ( 'NONE', ( #7497 ), #5541, .T. ) ;
#3930 = ORIENTED_EDGE ( 'NONE', *, *, #5363, .F. ) ;
#3931 = ORIENTED_EDGE ( 'NONE', *, *, #6061, .F. ) ;
#3932 = ORIENTED_EDGE ( 'NONE', *, *, #2127, .T. ) ;
#3933 = LINE ( 'NONE', #7145, #797 ) ;
#3934 = VECTOR ( 'NONE', #3532, 39.37007874015748143 ) ;
#3935 = DIRECTION ( 'NONE',  ( -0.000000000000000000, 1.000000000000000000, 0.000000000000000000 ) ) ;
#3936 = ADVANCED_FACE ( 'NONE', ( #4313 ), #2925, .F. ) ;
#3937 = FACE_OUTER_BOUND ( 'NONE', #6834, .T. ) ;
#3938 = CARTESIAN_POINT ( 'NONE',  ( -0.01181102362206299175, -0.01299212598425196832, 0.002680158189764960449 ) ) ;
#3939 = CARTESIAN_POINT ( 'NONE',  ( -0.08661417322838584065, -0.05740842757649606415, -0.1604947548545669067 ) ) ;
#3940 = VERTEX_POINT ( 'NONE', #2800 ) ;
#3941 = DIRECTION ( 'NONE',  ( 1.000000000000000000, 0.000000000000000000, 0.000000000000000000 ) ) ;
#3942 = CARTESIAN_POINT ( 'NONE',  ( -0.01181102362206692784, -0.02874015748031496023, -0.1351503312329527529 ) ) ;
#3943 = DIRECTION ( 'NONE',  ( 1.000000000000000000, 0.000000000000000000, 0.000000000000000000 ) ) ;
#3944 = CARTESIAN_POINT ( 'NONE',  ( -0.04625984251968504046, -0.02480314960629921572, -0.06200787401574803237 ) ) ;
#3945 = EDGE_CURVE ( 'NONE', #795, #8246, #6247, .T. ) ;
#3946 = CIRCLE ( 'NONE', #4915, 0.001968503937007870519 ) ;
#3947 = CARTESIAN_POINT ( 'NONE',  ( 0.1786417322834645549, 0.03188976377954724772, -0.06889763779527559306 ) ) ;
#3948 = EDGE_CURVE ( 'NONE', #4257, #4104, #5496, .T. ) ;
#3949 = ADVANCED_FACE ( 'NONE', ( #2281 ), #983, .T. ) ;
#3950 = ORIENTED_EDGE ( 'NONE', *, *, #3376, .F. ) ;
#3951 = CARTESIAN_POINT ( 'NONE',  ( -0.01828060242317716341, 0.04527559055118110520, -0.01124790954416141943 ) ) ;
#3952 = CARTESIAN_POINT ( 'NONE',  ( 0.01181102362202755829, -0.04724409448818897572, -0.1696038517685826696 ) ) ;
#3953 = CARTESIAN_POINT ( 'NONE',  ( -0.1102362204724409434, -0.01299212598425196832, 0.002680158189764960449 ) ) ;
#3954 = DIRECTION ( 'NONE',  ( 0.000000000000000000, -1.000000000000000000, 0.000000000000000000 ) ) ;
#3955 = ORIENTED_EDGE ( 'NONE', *, *, #447, .F. ) ;
#3956 = DIRECTION ( 'NONE',  ( 1.000000000000000000, 0.000000000000000000, 0.000000000000000000 ) ) ;
#3957 = ADVANCED_FACE ( 'NONE', ( #1029 ), #2159, .F. ) ;
#3958 = VECTOR ( 'NONE', #7133, 39.37007874015748143 ) ;
#3959 = CARTESIAN_POINT ( 'NONE',  ( -0.08661417322838584065, -0.01463872515205118068, -0.1442580276120078997 ) ) ;
#3960 = CYLINDRICAL_SURFACE ( 'NONE', #1273, 0.01181102362204724393 ) ;
#3961 = ORIENTED_EDGE ( 'NONE', *, *, #3948, .F. ) ;
#3962 = ORIENTED_EDGE ( 'NONE', *, *, #7708, .F. ) ;
#3963 = PLANE ( 'NONE',  #8504 ) ;
#3964 = ORIENTED_EDGE ( 'NONE', *, *, #4221, .T. ) ;
#3965 = FACE_OUTER_BOUND ( 'NONE', #1099, .T. ) ;
#3966 = ORIENTED_EDGE ( 'NONE', *, *, #5834, .T. ) ;
#3967 = CARTESIAN_POINT ( 'NONE',  ( 0.1210629921259842590, -0.04724409448818897572, -0.02165354330707086952 ) ) ;
#3968 = ORIENTED_EDGE ( 'NONE', *, *, #3604, .F. ) ;
#3969 = DIRECTION ( 'NONE',  ( 0.000000000000000000, 1.000000000000000000, 0.000000000000000000 ) ) ;
#3970 = AXIS2_PLACEMENT_3D ( 'NONE', #4255, #4216, #4135 ) ;
#3971 = FACE_OUTER_BOUND ( 'NONE', #189, .T. ) ;
#3972 = VECTOR ( 'NONE', #6936, 39.37007874015748143 ) ;
#3973 = ORIENTED_EDGE ( 'NONE', *, *, #4553, .T. ) ;
#3974 = DIRECTION ( 'NONE',  ( 0.000000000000000000, 0.000000000000000000, 1.000000000000000000 ) ) ;
#3975 = ORIENTED_EDGE ( 'NONE', *, *, #3189, .F. ) ;
#3976 = ORIENTED_EDGE ( 'NONE', *, *, #1502, .F. ) ;
#3977 = ORIENTED_EDGE ( 'NONE', *, *, #324, .T. ) ;
#3978 = CARTESIAN_POINT ( 'NONE',  ( 0.1706598510025984228, 0.02252903700314173169, -0.03149606299212992511 ) ) ;
#3979 = VECTOR ( 'NONE', #8155, 39.37007874015748143 ) ;
#3980 = CARTESIAN_POINT ( 'NONE',  ( 0.06978942972114172971, 0.07086614173228346358, -0.03937007874015747977 ) ) ;
#3981 = DIRECTION ( 'NONE',  ( -1.000000000000000000, -1.893016993159685491E-12, 0.000000000000000000 ) ) ;
#3982 = CARTESIAN_POINT ( 'NONE',  ( 0.09153530139062991677, 0.07086582634271654246, -0.007874015748031495954 ) ) ;
#3983 = VECTOR ( 'NONE', #4281, 39.37007874015748143 ) ;
#3984 = DIRECTION ( 'NONE',  ( 1.000000000000000000, 0.000000000000000000, 0.000000000000000000 ) ) ;
#3985 = ORIENTED_EDGE ( 'NONE', *, *, #2339, .F. ) ;
#3986 = LINE ( 'NONE', #5984, #604 ) ;
#3987 = DIRECTION ( 'NONE',  ( 0.000000000000000000, -1.000000000000000000, 0.000000000000000000 ) ) ;
#3988 = CARTESIAN_POINT ( 'NONE',  ( -0.08661417322838584065, -0.01299212598425196832, -0.1377952755905511861 ) ) ;
#3989 = CARTESIAN_POINT ( 'NONE',  ( 0.1318897637795275746, -0.05314960629921260116, -0.09448818897637795144 ) ) ;
#3990 = EDGE_CURVE ( 'NONE', #4660, #675, #6803, .T. ) ;
#3991 = ADVANCED_FACE ( 'NONE', ( #374 ), #5088, .F. ) ;
#3992 = AXIS2_PLACEMENT_3D ( 'NONE', #3419, #1523, #6112 ) ;
#3993 = CARTESIAN_POINT ( 'NONE',  ( 0.01181102362202755829, -0.02480314960629921572, -0.009842519685039369942 ) ) ;
#3994 = ORIENTED_EDGE ( 'NONE', *, *, #8084, .F. ) ;
#3995 = DIRECTION ( 'NONE',  ( 0.000000000000000000, 0.000000000000000000, 1.000000000000000000 ) ) ;
#3996 = EDGE_CURVE ( 'NONE', #1148, #4741, #8328, .T. ) ;
#3997 = LINE ( 'NONE', #7349, #5398 ) ;
#3998 = VECTOR ( 'NONE', #6670, 39.37007874015748143 ) ;
#3999 = DIRECTION ( 'NONE',  ( 0.000000000000000000, 1.000000000000000000, -1.332267629550000100E-14 ) ) ;
#4000 = DIRECTION ( 'NONE',  ( 0.000000000000000000, 1.000000000000000000, 0.000000000000000000 ) ) ;
#4001 = ORIENTED_EDGE ( 'NONE', *, *, #6958, .F. ) ;
#4002 = CARTESIAN_POINT ( 'NONE',  ( 0.1751968503937007815, 0.07874015748031495954, -0.1023622047244094474 ) ) ;
#4003 = VECTOR ( 'NONE', #8573, 39.37007874015748143 ) ;
#4004 = CARTESIAN_POINT ( 'NONE',  ( 0.07086614173228346358, 0.07874015748031495954, -0.03740157480314960925 ) ) ;
#4005 = DIRECTION ( 'NONE',  ( 0.000000000000000000, 0.000000000000000000, -1.000000000000000000 ) ) ;
#4006 = VERTEX_POINT ( 'NONE', #3134 ) ;
#4007 = ORIENTED_EDGE ( 'NONE', *, *, #1672, .T. ) ;
#4008 = CARTESIAN_POINT ( 'NONE',  ( -0.1673228346456692994, 0.07086614173228346358, -0.1033464566929133965 ) ) ;
#4009 = ORIENTED_EDGE ( 'NONE', *, *, #2467, .T. ) ;
#4010 = CARTESIAN_POINT ( 'NONE',  ( -0.1240157480314960647, 0.07874015748031495954, -0.1377952755905511861 ) ) ;
#4011 = VERTEX_POINT ( 'NONE', #7184 ) ;
#4012 = DIRECTION ( 'NONE',  ( 1.000000000000000000, 0.000000000000000000, 0.000000000000000000 ) ) ;
#4013 = ORIENTED_EDGE ( 'NONE', *, *, #7817, .F. ) ;
#4014 = EDGE_CURVE ( 'NONE', #7563, #4006, #7139, .T. ) ;
#4015 = CARTESIAN_POINT ( 'NONE',  ( 0.08267716535433070058, -0.04724409448818897572, -0.04330708661417323468 ) ) ;
#4016 = EDGE_CURVE ( 'NONE', #916, #2792, #4481, .T. ) ;
#4017 = CARTESIAN_POINT ( 'NONE',  ( 0.01181102362202755829, -0.01463872515203543286, 0.005882354148551180266 ) ) ;
#4018 = VECTOR ( 'NONE', #174, 39.37007874015748143 ) ;
#4019 = ORIENTED_EDGE ( 'NONE', *, *, #5384, .T. ) ;
#4020 = DIRECTION ( 'NONE',  ( 1.000000000000000000, 0.000000000000000000, 0.000000000000000000 ) ) ;
#4021 = ORIENTED_EDGE ( 'NONE', *, *, #7428, .T. ) ;
#4022 = VERTEX_POINT ( 'NONE', #541 ) ;
#4023 = EDGE_LOOP ( 'NONE', ( #4429, #166, #8379, #3932 ) ) ;
#4024 = DIRECTION ( 'NONE',  ( -1.000000000000000000, 0.000000000000000000, 0.000000000000000000 ) ) ;
#4025 = CARTESIAN_POINT ( 'NONE',  ( 0.01181102362202755829, -0.04724409448818897572, 0.06692913385826770867 ) ) ;
#4026 = DIRECTION ( 'NONE',  ( 0.000000000000000000, -1.000000000000000000, 0.000000000000000000 ) ) ;
#4027 = LINE ( 'NONE', #8033, #1003 ) ;
#4028 = LINE ( 'NONE', #3377, #5362 ) ;
#4029 = ORIENTED_EDGE ( 'NONE', *, *, #5834, .F. ) ;
#4030 = CARTESIAN_POINT ( 'NONE',  ( -0.1427165354330708902, -0.05905511811023622659, -0.1161417322834645688 ) ) ;
#4031 = DIRECTION ( 'NONE',  ( 0.000000000000000000, 0.000000000000000000, 1.000000000000000000 ) ) ;
#4032 = LENGTH_MEASURE_WITH_UNIT ( LENGTH_MEASURE( 0.02539999999999999897 ), #3243 );
#4033 = DIRECTION ( 'NONE',  ( 1.000000000000000000, 0.000000000000000000, 0.000000000000000000 ) ) ;
#4034 = PLANE ( 'NONE',  #8593 ) ;
#4035 = VECTOR ( 'NONE', #3495, 39.37007874015748143 ) ;
#4036 = EDGE_CURVE ( 'NONE', #7005, #763, #4356, .T. ) ;
#4037 = EDGE_CURVE ( 'NONE', #2981, #6809, #7095, .T. ) ;
#4038 = ORIENTED_EDGE ( 'NONE', *, *, #2885, .F. ) ;
#4039 =( CONVERSION_BASED_UNIT ( 'INCH', #6205 ) LENGTH_UNIT ( ) NAMED_UNIT ( #4701 ) );
#4040 = DIRECTION ( 'NONE',  ( 1.000000000000000000, 0.000000000000000000, 0.000000000000000000 ) ) ;
#4041 = CYLINDRICAL_SURFACE ( 'NONE', #4240, 0.009842519685039369942 ) ;
#4042 = LINE ( 'NONE', #705, #6990 ) ;
#4043 = ORIENTED_EDGE ( 'NONE', *, *, #5054, .F. ) ;
#4044 = LINE ( 'NONE', #5383, #3018 ) ;
#4045 = VECTOR ( 'NONE', #5107, 39.37007874015748854 ) ;
#4046 = DIRECTION ( 'NONE',  ( 1.000000000000000000, 0.000000000000000000, 0.000000000000000000 ) ) ;
#4047 = AXIS2_PLACEMENT_3D ( 'NONE', #1617, #550, #4250 ) ;
#4048 = EDGE_LOOP ( 'NONE', ( #3355, #7080, #709, #7486 ) ) ;
#4049 = EDGE_LOOP ( 'NONE', ( #77, #7887, #7984, #7880 ) ) ;
#4050 = LINE ( 'NONE', #3396, #3372 ) ;
#4051 = ORIENTED_EDGE ( 'NONE', *, *, #8537, .T. ) ;
#4052 = CARTESIAN_POINT ( 'NONE',  ( 0.01181102362202755829, -0.04724409448818897572, 0.06692913385826770867 ) ) ;
#4053 = EDGE_LOOP ( 'NONE', ( #3471, #3488, #5382, #7663, #8270, #6667, #587, #6891, #4051, #5067, #726, #7566, #4956, #233, #2275, #8576, #930, #783, #4654, #6020, #4823, #5975, #1521, #629, #3687, #1065 ) ) ;
#4054 = PLANE ( 'NONE',  #338 ) ;
#4055 = VERTEX_POINT ( 'NONE', #6491 ) ;
#4056 = DIRECTION ( 'NONE',  ( 1.000000000000000000, 0.000000000000000000, 0.000000000000000000 ) ) ;
#4057 = VECTOR ( 'NONE', #5228, 39.37007874015748143 ) ;
#4058 = AXIS2_PLACEMENT_3D ( 'NONE', #4160, #1924, #666 ) ;
#4059 = CARTESIAN_POINT ( 'NONE',  ( -0.1651356080489763956, 0.07874015748031495954, 0.000000000000000000 ) ) ;
#4060 = ADVANCED_FACE ( 'NONE', ( #457 ), #1725, .T. ) ;
#4061 = ORIENTED_EDGE ( 'NONE', *, *, #1709, .F. ) ;
#4062 = CARTESIAN_POINT ( 'NONE',  ( -0.08661417322838584065, -0.02480314960629921572, -0.009842519685031497767 ) ) ;
#4063 = ORIENTED_EDGE ( 'NONE', *, *, #4353, .F. ) ;
#4064 = ORIENTED_EDGE ( 'NONE', *, *, #8298, .F. ) ;
#4065 = ORIENTED_EDGE ( 'NONE', *, *, #4455, .T. ) ;
#4066 = VECTOR ( 'NONE', #2193, 39.37007874015748143 ) ;
#4067 = DIRECTION ( 'NONE',  ( -0.000000000000000000, 1.000000000000000000, 0.000000000000000000 ) ) ;
#4068 = VECTOR ( 'NONE', #16, 39.37007874015748143 ) ;
#4069 = FACE_OUTER_BOUND ( 'NONE', #8108, .T. ) ;
#4070 = DIRECTION ( 'NONE',  ( 1.000000000000000000, 0.000000000000000000, 0.000000000000000000 ) ) ;
#4071 = DIRECTION ( 'NONE',  ( 7.582010899878999931E-14, 1.000000000000000000, 0.000000000000000000 ) ) ;
#4072 = LINE ( 'NONE', #4802, #7590 ) ;
#4073 = ORIENTED_EDGE ( 'NONE', *, *, #3875, .T. ) ;
#4074 = CARTESIAN_POINT ( 'NONE',  ( -0.1210629921259842590, -0.05905511811023622659, -0.1161417322834645688 ) ) ;
#4075 = VECTOR ( 'NONE', #1209, 39.37007874015748143 ) ;
#4076 = CARTESIAN_POINT ( 'NONE',  ( 0.08169291338582677919, 0.05236220472440945156, -0.007874015748031495954 ) ) ;
#4077 = CARTESIAN_POINT ( 'NONE',  ( -0.1696850393700787274, 0.02362204724409055004, -0.1377952755905511861 ) ) ;
#4078 = ORIENTED_EDGE ( 'NONE', *, *, #3403, .F. ) ;
#4079 =( NAMED_UNIT ( * ) PLANE_ANGLE_UNIT ( ) SI_UNIT ( $, .RADIAN. ) );
#4080 = LINE ( 'NONE', #6860, #3839 ) ;
#4081 = ADVANCED_FACE ( 'NONE', ( #1108 ), #5176, .T. ) ;
#4082 = DIRECTION ( 'NONE',  ( 0.000000000000000000, 1.000000000000000000, -1.875060376459000053E-14 ) ) ;
#4083 = ORIENTED_EDGE ( 'NONE', *, *, #920, .T. ) ;
#4084 = CARTESIAN_POINT ( 'NONE',  ( -0.02460629921259842659, 0.01968503937007873988, -0.009842519685039369942 ) ) ;
#4085 = VECTOR ( 'NONE', #4989, 39.37007874015748143 ) ;
#4086 = ADVANCED_FACE ( 'NONE', ( #7010 ), #1068, .F. ) ;
#4087 = CARTESIAN_POINT ( 'NONE',  ( 0.1102362204724409434, -0.05905511811023622659, -0.2047244094488188948 ) ) ;
#4088 = ORIENTED_EDGE ( 'NONE', *, *, #7192, .F. ) ;
#4089 = ORIENTED_EDGE ( 'NONE', *, *, #8438, .T. ) ;
#4090 = CARTESIAN_POINT ( 'NONE',  ( 0.1102362204724409434, -0.05740842757661417800, 0.02211913657151574897 ) ) ;
#4091 = VERTEX_POINT ( 'NONE', #8318 ) ;
#4092 = DIRECTION ( 'NONE',  ( -1.000000000000000000, 5.485807886383999936E-14, 0.000000000000000000 ) ) ;
#4093 = CARTESIAN_POINT ( 'NONE',  ( -0.08661417322838584065, -0.04724409448818897572, -0.2047244094488188948 ) ) ;
#4094 = EDGE_CURVE ( 'NONE', #5562, #6617, #5129, .T. ) ;
#4095 = ORIENTED_EDGE ( 'NONE', *, *, #6450, .F. ) ;
#4096 = DIRECTION ( 'NONE',  ( 0.000000000000000000, 1.000000000000000000, 0.000000000000000000 ) ) ;
#4097 = EDGE_CURVE ( 'NONE', #4178, #8022, #6449, .T. ) ;
#4098 = EDGE_CURVE ( 'NONE', #5795, #2920, #6318, .T. ) ;
#4099 = EDGE_CURVE ( 'NONE', #7234, #7045, #2407, .T. ) ;
#4100 = DIRECTION ( 'NONE',  ( 0.000000000000000000, 1.000000000000000000, 0.000000000000000000 ) ) ;
#4101 = VERTEX_POINT ( 'NONE', #5752 ) ;
#4102 = CARTESIAN_POINT ( 'NONE',  ( 0.1369563552857086808, 0.07086614173228346358, -0.009842519685039369942 ) ) ;
#4103 = ORIENTED_EDGE ( 'NONE', *, *, #7810, .F. ) ;
#4104 = VERTEX_POINT ( 'NONE', #5792 ) ;
#4105 = ORIENTED_EDGE ( 'NONE', *, *, #7330, .F. ) ;
#4106 = EDGE_CURVE ( 'NONE', #5621, #1022, #8398, .T. ) ;
#4107 = CARTESIAN_POINT ( 'NONE',  ( 0.1102362204724409434, -0.05511811023622047168, -0.1636970161619684949 ) ) ;
#4108 = VECTOR ( 'NONE', #2347, 39.37007874015748143 ) ;
#4109 = CARTESIAN_POINT ( 'NONE',  ( 0.08661417322834646937, -0.01463872515205118068, -0.1442580276120078997 ) ) ;
#4110 = DIRECTION ( 'NONE',  ( 0.000000000000000000, 0.000000000000000000, 1.000000000000000000 ) ) ;
#4111 = FACE_OUTER_BOUND ( 'NONE', #1337, .T. ) ;
#4112 = CARTESIAN_POINT ( 'NONE',  ( 0.1309048454575984233, 0.07086426395291338387, -0.007874015748031495954 ) ) ;
#4113 = ORIENTED_EDGE ( 'NONE', *, *, #5247, .F. ) ;
#4114 = DIRECTION ( 'NONE',  ( 0.000000000000000000, -1.000000000000000000, 0.000000000000000000 ) ) ;
#4115 = ADVANCED_FACE ( 'NONE', ( #2362 ), #5006, .T. ) ;
#4116 = VECTOR ( 'NONE', #1814, 39.37007874015748143 ) ;
#4117 = DIRECTION ( 'NONE',  ( 0.000000000000000000, -0.5817638113834149305, -0.8133577735318219259 ) ) ;
#4118 = EDGE_CURVE ( 'NONE', #1552, #4704, #7794, .T. ) ;
#4119 = DIRECTION ( 'NONE',  ( 0.9999342502356441953, -0.01146713589700050148, -7.166204611747452658E-15 ) ) ;
#4120 = VECTOR ( 'NONE', #855, 39.37007874015748143 ) ;
#4121 = VERTEX_POINT ( 'NONE', #5879 ) ;
#4122 = DIRECTION ( 'NONE',  ( -1.000000000000000000, 0.000000000000000000, 0.000000000000000000 ) ) ;
#4123 = CARTESIAN_POINT ( 'NONE',  ( -0.1496062992125984370, 0.07086614173228346358, -0.1377952755905511861 ) ) ;
#4124 = DIRECTION ( 'NONE',  ( 1.000000000000000000, 0.000000000000000000, 0.000000000000000000 ) ) ;
#4125 = ORIENTED_EDGE ( 'NONE', *, *, #7940, .F. ) ;
#4126 = PLANE ( 'NONE',  #4837 ) ;
#4127 = VECTOR ( 'NONE', #6376, 39.37007874015748143 ) ;
#4128 = ADVANCED_FACE ( 'NONE', ( #3971 ), #4612, .F. ) ;
#4129 = CIRCLE ( 'NONE', #6347, 0.007874015748027559866 ) ;
#4130 = PLANE ( 'NONE',  #4875 ) ;
#4131 = ORIENTED_EDGE ( 'NONE', *, *, #5250, .F. ) ;
#4132 = ORIENTED_EDGE ( 'NONE', *, *, #393, .T. ) ;
#4133 = CARTESIAN_POINT ( 'NONE',  ( 0.1200787401574803237, 0.07039296616574802767, -0.1358267716535433156 ) ) ;
#4134 = VERTEX_POINT ( 'NONE', #1378 ) ;
#4135 = DIRECTION ( 'NONE',  ( 0.01146713589709937725, -0.9999342502356429740, -2.662800535624398890E-12 ) ) ;
#4136 = LINE ( 'NONE', #2785, #3521 ) ;
#4137 = ORIENTED_EDGE ( 'NONE', *, *, #5463, .F. ) ;
#4138 = DIRECTION ( 'NONE',  ( 1.000000000000000000, 0.000000000000000000, 0.000000000000000000 ) ) ;
#4139 = AXIS2_PLACEMENT_3D ( 'NONE', #4730, #923, #2257 ) ;
#4140 = DIRECTION ( 'NONE',  ( 0.000000000000000000, 0.000000000000000000, 1.000000000000000000 ) ) ;
#4141 = VERTEX_POINT ( 'NONE', #7277 ) ;
#4142 = CARTESIAN_POINT ( 'NONE',  ( -0.08661417322838584065, -0.05511811023622047168, -0.1636970161619684949 ) ) ;
#4143 = VECTOR ( 'NONE', #392, 39.37007874015748854 ) ;
#4144 = ADVANCED_FACE ( 'NONE', ( #2709 ), #6716, .T. ) ;
#4145 = EDGE_CURVE ( 'NONE', #7267, #712, #3319, .T. ) ;
#4146 = ORIENTED_EDGE ( 'NONE', *, *, #4210, .F. ) ;
#4147 = DIRECTION ( 'NONE',  ( -2.467162276945000326E-14, -2.549812213221999914E-13, 1.000000000000000000 ) ) ;
#4148 = ORIENTED_EDGE ( 'NONE', *, *, #4094, .T. ) ;
#4149 = LINE ( 'NONE', #818, #102 ) ;
#4150 = AXIS2_PLACEMENT_3D ( 'NONE', #5675, #8242, #1036 ) ;
#4151 = DIRECTION ( 'NONE',  ( 1.000000000000000000, 0.000000000000000000, 0.000000000000000000 ) ) ;
#4152 = CARTESIAN_POINT ( 'NONE',  ( 0.1210629921259842590, -0.05905511811023622659, -0.02165354330707086952 ) ) ;
#4153 = PLANE ( 'NONE',  #1699 ) ;
#4154 = FACE_OUTER_BOUND ( 'NONE', #4049, .T. ) ;
#4155 = VERTEX_POINT ( 'NONE', #6671 ) ;
#4156 = CARTESIAN_POINT ( 'NONE',  ( 0.1053149606299212532, -0.02480314960629921572, -0.07578740157480315376 ) ) ;
#4157 = EDGE_CURVE ( 'NONE', #681, #8246, #6014, .T. ) ;
#4158 = CARTESIAN_POINT ( 'NONE',  ( -0.1781496062992126150, 0.03188976377953149643, -0.03543307086614566614 ) ) ;
#4159 = LINE ( 'NONE', #2247, #7488 ) ;
#4160 = CARTESIAN_POINT ( 'NONE',  ( -0.1102362204724803146, -0.05511811023622047168, 0.02532139787885039420 ) ) ;
#4161 = EDGE_CURVE ( 'NONE', #2629, #6165, #2622, .T. ) ;
#4162 = ORIENTED_EDGE ( 'NONE', *, *, #240, .F. ) ;
#4163 = CARTESIAN_POINT ( 'NONE',  ( 0.01073431161089763788, 0.07086614173228346358, -0.09842519685039370636 ) ) ;
#4164 = CARTESIAN_POINT ( 'NONE',  ( -0.1053149606299212532, -0.02480314960629921572, -0.04330708661417323468 ) ) ;
#4165 = DIRECTION ( 'NONE',  ( 0.000000000000000000, -0.8133743720616745110, -0.5817406044563817602 ) ) ;
#4166 = ORIENTED_EDGE ( 'NONE', *, *, #5789, .T. ) ;
#4167 = CARTESIAN_POINT ( 'NONE',  ( 0.08661417322834646937, -0.02480314960629921572, -0.1351503312329527529 ) ) ;
#4168 = VECTOR ( 'NONE', #496, 39.37007874015748854 ) ;
#4169 = EDGE_CURVE ( 'NONE', #8309, #4435, #1130, .T. ) ;
#4170 = DIRECTION ( 'NONE',  ( 0.000000000000000000, 1.000000000000000000, 0.000000000000000000 ) ) ;
#4171 = MANIFOLD_SOLID_BREP ( 'NONE', #2845 ) ;
#4172 = ORIENTED_EDGE ( 'NONE', *, *, #2055, .T. ) ;
#4173 = ORIENTED_EDGE ( 'NONE', *, *, #5236, .F. ) ;
#4174 = DIRECTION ( 'NONE',  ( -1.000000000000000000, 0.000000000000000000, 0.000000000000000000 ) ) ;
#4175 = EDGE_LOOP ( 'NONE', ( #7396, #2030, #5302, #5123 ) ) ;
#4176 = CARTESIAN_POINT ( 'NONE',  ( 0.1781496062992126150, -0.01102362204724409434, -0.1377952755905511861 ) ) ;
#4177 = DIRECTION ( 'NONE',  ( 0.000000000000000000, 1.000000000000000000, 0.000000000000000000 ) ) ;
#4178 = VERTEX_POINT ( 'NONE', #5312 ) ;
#4179 = CARTESIAN_POINT ( 'NONE',  ( -0.01945986453562204704, 0.07086614173228346358, -0.009842519685039369942 ) ) ;
#4180 = AXIS2_PLACEMENT_3D ( 'NONE', #5164, #708, #1272 ) ;
#4181 = DIRECTION ( 'NONE',  ( 0.000000000000000000, 0.000000000000000000, 1.000000000000000000 ) ) ;
#4182 = ORIENTED_EDGE ( 'NONE', *, *, #1490, .F. ) ;
#4183 = DIRECTION ( 'NONE',  ( 1.000000000000000000, 0.000000000000000000, 0.000000000000000000 ) ) ;
#4184 = ORIENTED_EDGE ( 'NONE', *, *, #2301, .T. ) ;
#4185 = CARTESIAN_POINT ( 'NONE',  ( 0.1785333490359448938, 0.02243874459449999789, -0.1377952755905511861 ) ) ;
#4186 = ORIENTED_EDGE ( 'NONE', *, *, #6329, .T. ) ;
#4187 = CYLINDRICAL_SURFACE ( 'NONE', #5175, 0.003937007874015749712 ) ;
#4188 = CARTESIAN_POINT ( 'NONE',  ( -0.1496062992125984370, 0.07480314960629921850, -0.1200787401574803237 ) ) ;
#4189 = EDGE_CURVE ( 'NONE', #2558, #3207, #1286, .T. ) ;
#4190 = VECTOR ( 'NONE', #4396, 39.37007874015748143 ) ;
#4191 = VECTOR ( 'NONE', #1966, 39.37007874015748143 ) ;
#4192 = EDGE_CURVE ( 'NONE', #6745, #5085, #1980, .T. ) ;
#4193 = EDGE_CURVE ( 'NONE', #8173, #938, #583, .T. ) ;
#4194 = CARTESIAN_POINT ( 'NONE',  ( 0.1505905511811023723, 0.07086614173228346358, -0.1377952755905511861 ) ) ;
#4195 = AXIS2_PLACEMENT_3D ( 'NONE', #588, #2069, #2671 ) ;
#4196 = FACE_OUTER_BOUND ( 'NONE', #8229, .T. ) ;
#4197 = ORIENTED_EDGE ( 'NONE', *, *, #1293, .F. ) ;
#4198 = CARTESIAN_POINT ( 'NONE',  ( -0.02460629921259842659, 0.01968503937007873988, 0.000000000000000000 ) ) ;
#4199 = DIRECTION ( 'NONE',  ( 0.000000000000000000, 0.000000000000000000, -1.000000000000000000 ) ) ;
#4200 = FACE_OUTER_BOUND ( 'NONE', #3127, .T. ) ;
#4201 = EDGE_CURVE ( 'NONE', #5318, #3160, #8060, .T. ) ;
#4202 = CARTESIAN_POINT ( 'NONE',  ( 0.08169291338582677919, 0.05236220472440945156, 0.000000000000000000 ) ) ;
#4203 = DIRECTION ( 'NONE',  ( -0.7660444431185948755, 1.602563761202989713E-14, -0.6427876096869958866 ) ) ;
#4204 = MECHANICAL_DESIGN_GEOMETRIC_PRESENTATION_REPRESENTATION (  '', ( #332 ), #5728 ) ;
#4205 = ORIENTED_EDGE ( 'NONE', *, *, #3603, .F. ) ;
#4206 = CARTESIAN_POINT ( 'NONE',  ( 0.08169291338582677919, 0.05236220472440945156, -0.007874015748031495954 ) ) ;
#4207 = CARTESIAN_POINT ( 'NONE',  ( -0.07086614173228346358, 0.07874015748031495954, -0.03543307086614173179 ) ) ;
#4208 = ORIENTED_EDGE ( 'NONE', *, *, #5529, .F. ) ;
#4209 = CARTESIAN_POINT ( 'NONE',  ( -0.01945986453562204704, 0.07086614173228346358, -0.009842519685039369942 ) ) ;
#4210 = EDGE_CURVE ( 'NONE', #6992, #4483, #5928, .T. ) ;
#4211 = DIRECTION ( 'NONE',  ( -1.000000000000000000, 0.000000000000000000, 0.000000000000000000 ) ) ;
#4212 = EDGE_LOOP ( 'NONE', ( #95, #4459, #5125, #446, #7285, #4951, #3385, #1847, #7554, #1458, #7361, #900 ) ) ;
#4213 = ORIENTED_EDGE ( 'NONE', *, *, #6816, .F. ) ;
#4214 = CARTESIAN_POINT ( 'NONE',  ( 0.01998681779692519644, 0.05236220472440945156, -0.007874015748031495954 ) ) ;
#4215 = ORIENTED_EDGE ( 'NONE', *, *, #652, .F. ) ;
#4216 = DIRECTION ( 'NONE',  ( -0.9999342502356429740, -0.01146713589709938072, 2.982079111010085082E-27 ) ) ;
#4217 = VECTOR ( 'NONE', #1542, 39.37007874015748143 ) ;
#4218 = CARTESIAN_POINT ( 'NONE',  ( 0.01181102362202755829, -0.02480314960629921572, -0.003225287050151574592 ) ) ;
#4219 = ORIENTED_EDGE ( 'NONE', *, *, #4287, .T. ) ;
#4220 = LINE ( 'NONE', #4950, #259 ) ;
#4221 = EDGE_CURVE ( 'NONE', #3820, #5347, #6184, .T. ) ;
#4222 = ADVANCED_FACE ( 'NONE', ( #4876 ), #4916, .T. ) ;
#4223 = VECTOR ( 'NONE', #3718, 39.37007874015748143 ) ;
#4224 = CARTESIAN_POINT ( 'NONE',  ( 0.06889763779527559306, -0.04724409448818897572, -0.04330708661417323468 ) ) ;
#4225 = VERTEX_POINT ( 'NONE', #2914 ) ;
#4226 = CARTESIAN_POINT ( 'NONE',  ( -0.08661417322838584065, -0.04559749532039369946, -0.1664016558098031506 ) ) ;
#4227 = VERTEX_POINT ( 'NONE', #6919 ) ;
#4228 = CARTESIAN_POINT ( 'NONE',  ( -0.1708510933929921483, 0.03920537344809449376, -0.03937007874015747977 ) ) ;
#4229 = EDGE_LOOP ( 'NONE', ( #6005, #5474, #2501, #1971 ) ) ;
#4230 = CARTESIAN_POINT ( 'NONE',  ( -0.1102362204724409434, -0.04559749532039369946, 0.02802598234636220417 ) ) ;
#4231 = LINE ( 'NONE', #6888, #6391 ) ;
#4232 = EDGE_CURVE ( 'NONE', #8213, #2564, #2835, .T. ) ;
#4233 = LINE ( 'NONE', #2971, #3206 ) ;
#4234 = ORIENTED_EDGE ( 'NONE', *, *, #1530, .F. ) ;
#4235 = CARTESIAN_POINT ( 'NONE',  ( 0.1708510933929921483, 0.03920537344811417246, -0.03543307086614566614 ) ) ;
#4236 = LINE ( 'NONE', #4076, #4700 ) ;
#4237 = AXIS2_PLACEMENT_3D ( 'NONE', #1103, #3870, #5211 ) ;
#4238 = FACE_OUTER_BOUND ( 'NONE', #8055, .T. ) ;
#4239 = DIRECTION ( 'NONE',  ( 1.000000000000000000, 0.000000000000000000, 0.000000000000000000 ) ) ;
#4240 = AXIS2_PLACEMENT_3D ( 'NONE', #5502, #7502, #1565 ) ;
#4241 = ORIENTED_EDGE ( 'NONE', *, *, #2467, .F. ) ;
#4242 = LINE ( 'NONE', #6332, #7676 ) ;
#4243 = CARTESIAN_POINT ( 'NONE',  ( -0.08661417322838584065, -0.04330708661417323468, -0.1696038517685826696 ) ) ;
#4244 = EDGE_CURVE ( 'NONE', #1246, #8265, #2875, .T. ) ;
#4245 = EDGE_CURVE ( 'NONE', #6165, #7564, #8224, .T. ) ;
#4246 = CARTESIAN_POINT ( 'NONE',  ( 0.1781496062992126150, 0.02362204724409055004, -0.1023622047244094474 ) ) ;
#4247 = VERTEX_POINT ( 'NONE', #2270 ) ;
#4248 = CARTESIAN_POINT ( 'NONE',  ( 0.1739173228346456990, 0.02362204724409055004, -0.1200787401574803237 ) ) ;
#4249 = VECTOR ( 'NONE', #6460, 39.37007874015748143 ) ;
#4250 = DIRECTION ( 'NONE',  ( 1.000000000000000000, 0.000000000000000000, 0.000000000000000000 ) ) ;
#4251 = ORIENTED_EDGE ( 'NONE', *, *, #6675, .F. ) ;
#4252 = ORIENTED_EDGE ( 'NONE', *, *, #1815, .T. ) ;
#4253 = CARTESIAN_POINT ( 'NONE',  ( 0.04921259842519685318, -0.02480314960629921572, -0.004921259842515747149 ) ) ;
#4254 = ORIENTED_EDGE ( 'NONE', *, *, #171, .T. ) ;
#4255 = CARTESIAN_POINT ( 'NONE',  ( -0.1786236414445669385, 0.03031224262785433415, -0.1062992125984252023 ) ) ;
#4256 = CARTESIAN_POINT ( 'NONE',  ( 0.1210629921259842590, -0.04724409448818897572, -0.04330708661417323468 ) ) ;
#4257 = VERTEX_POINT ( 'NONE', #6097 ) ;
#4258 = DIRECTION ( 'NONE',  ( -0.2832542677856075275, 0.8976714284111230180, 0.3375692912508085897 ) ) ;
#4259 = VECTOR ( 'NONE', #866, 39.37007874015748854 ) ;
#4260 = FACE_OUTER_BOUND ( 'NONE', #6968, .T. ) ;
#4261 = ORIENTED_EDGE ( 'NONE', *, *, #1668, .T. ) ;
#4262 = EDGE_CURVE ( 'NONE', #2493, #7369, #5441, .T. ) ;
#4263 = LINE ( 'NONE', #6145, #7530 ) ;
#4264 = VERTEX_POINT ( 'NONE', #5614 ) ;
#4265 = LINE ( 'NONE', #366, #3256 ) ;
#4266 = EDGE_LOOP ( 'NONE', ( #6576, #4234, #4013, #3451 ) ) ;
#4267 = DIRECTION ( 'NONE',  ( 1.000000000000000000, 0.000000000000000000, 0.000000000000000000 ) ) ;
#4268 = ORIENTED_EDGE ( 'NONE', *, *, #1474, .T. ) ;
#4269 = AXIS2_PLACEMENT_3D ( 'NONE', #7570, #6792, #2229 ) ;
#4270 = DIRECTION ( 'NONE',  ( 1.000000000000000000, 0.000000000000000000, 0.000000000000000000 ) ) ;
#4271 = VECTOR ( 'NONE', #6379, 39.37007874015748143 ) ;
#4272 = LINE ( 'NONE', #6934, #5580 ) ;
#4273 = VERTEX_POINT ( 'NONE', #1467 ) ;
#4274 = CARTESIAN_POINT ( 'NONE',  ( 0.06978942972114172971, 0.1574803149606299191, -0.09842519685039370636 ) ) ;
#4275 = DIRECTION ( 'NONE',  ( -1.105525927212999985E-13, 1.000000000000000000, 1.379665612524999856E-13 ) ) ;
#4276 = VECTOR ( 'NONE', #8510, 39.37007874015748143 ) ;
#4277 = CARTESIAN_POINT ( 'NONE',  ( -1.378599771522834762E-14, -0.02480314960629921572, -0.06889763779527559306 ) ) ;
#4278 = LINE ( 'NONE', #6328, #3068 ) ;
#4279 = ORIENTED_EDGE ( 'NONE', *, *, #7675, .T. ) ;
#4280 = FACE_OUTER_BOUND ( 'NONE', #5018, .T. ) ;
#4281 = DIRECTION ( 'NONE',  ( 0.000000000000000000, 0.000000000000000000, 1.000000000000000000 ) ) ;
#4282 = CARTESIAN_POINT ( 'NONE',  ( 0.1708510933929921483, 0.03920537344809449376, -0.09842519685039370636 ) ) ;
#4283 = ORIENTED_EDGE ( 'NONE', *, *, #5082, .T. ) ;
#4284 = DIRECTION ( 'NONE',  ( 0.000000000000000000, 0.8133577735318218149, -0.5817638113834148195 ) ) ;
#4285 = ADVANCED_FACE ( 'NONE', ( #4260 ), #3605, .T. ) ;
#4286 = EDGE_CURVE ( 'NONE', #6087, #2613, #5989, .T. ) ;
#4287 = EDGE_CURVE ( 'NONE', #6731, #7143, #810, .T. ) ;
#4288 = ADVANCED_FACE ( 'NONE', ( #3444 ), #974, .T. ) ;
#4289 = CARTESIAN_POINT ( 'NONE',  ( 0.1053149606299212532, -0.04724409448818897572, -0.09448818897637795144 ) ) ;
#4290 = ORIENTED_EDGE ( 'NONE', *, *, #6673, .F. ) ;
#4291 = CARTESIAN_POINT ( 'NONE',  ( -0.1578630796150393978, 0.07874015748031495954, -0.01722440944881889827 ) ) ;
#4292 = ORIENTED_EDGE ( 'NONE', *, *, #8385, .T. ) ;
#4293 = CARTESIAN_POINT ( 'NONE',  ( -0.01181102362206692784, -0.05511811023622047168, -0.1636970161619684949 ) ) ;
#4294 = DIRECTION ( 'NONE',  ( 1.000000000000000000, 0.000000000000000000, 0.000000000000000000 ) ) ;
#4295 = EDGE_LOOP ( 'NONE', ( #6840, #1090, #8004, #3306 ) ) ;
#4296 = DIRECTION ( 'NONE',  ( -1.000000000000000000, 0.000000000000000000, 0.000000000000000000 ) ) ;
#4297 = ORIENTED_EDGE ( 'NONE', *, *, #5238, .F. ) ;
#4298 = CARTESIAN_POINT ( 'NONE',  ( 0.1210629921259842590, -0.04724409448818897572, -0.02165354330707086952 ) ) ;
#4299 = DIRECTION ( 'NONE',  ( 0.000000000000000000, 1.000000000000000000, 0.000000000000000000 ) ) ;
#4300 = AXIS2_PLACEMENT_3D ( 'NONE', #733, #8032, #3981 ) ;
#4301 = VERTEX_POINT ( 'NONE', #4224 ) ;
#4302 = ORIENTED_EDGE ( 'NONE', *, *, #638, .F. ) ;
#4303 = VECTOR ( 'NONE', #3833, 39.37007874015748143 ) ;
#4304 = DIRECTION ( 'NONE',  ( 0.000000000000000000, -1.000000000000000000, -1.628298888370000313E-14 ) ) ;
#4305 = ORIENTED_EDGE ( 'NONE', *, *, #8084, .T. ) ;
#4306 = ORIENTED_EDGE ( 'NONE', *, *, #7168, .T. ) ;
#4307 = ORIENTED_EDGE ( 'NONE', *, *, #6127, .F. ) ;
#4308 = PLANE ( 'NONE',  #7415 ) ;
#4309 = VERTEX_POINT ( 'NONE', #2230 ) ;
#4310 = EDGE_CURVE ( 'NONE', #3029, #8435, #4789, .T. ) ;
#4311 = VECTOR ( 'NONE', #3646, 39.37007874015748854 ) ;
#4312 = ADVANCED_FACE ( 'NONE', ( #936 ), #6260, .T. ) ;
#4313 = FACE_OUTER_BOUND ( 'NONE', #7525, .T. ) ;
#4314 = CARTESIAN_POINT ( 'NONE',  ( 0.04625984251968504046, -0.02480314960629921572, -0.09448818897637795144 ) ) ;
#4315 = EDGE_LOOP ( 'NONE', ( #6534, #59, #1110, #1332 ) ) ;
#4316 = VECTOR ( 'NONE', #1002, 39.37007874015748143 ) ;
#4317 = LINE ( 'NONE', #3664, #3278 ) ;
#4318 = EDGE_CURVE ( 'NONE', #4483, #1597, #320, .T. ) ;
#4319 = VECTOR ( 'NONE', #940, 39.37007874015748143 ) ;
#4320 = CARTESIAN_POINT ( 'NONE',  ( -0.1505905511811023723, 0.07086614173228346358, -0.1377952755905511861 ) ) ;
#4321 = VECTOR ( 'NONE', #8121, 39.37007874015748143 ) ;
#4322 = CARTESIAN_POINT ( 'NONE',  ( 0.1696850393700787274, 0.06236220472437007528, -0.1023622047244094474 ) ) ;
#4323 = ORIENTED_EDGE ( 'NONE', *, *, #7138, .T. ) ;
#4324 = PLANE ( 'NONE',  #5593 ) ;
#4325 = DIRECTION ( 'NONE',  ( 0.000000000000000000, 0.8133743720616745110, 0.5817406044563817602 ) ) ;
#4326 = FACE_OUTER_BOUND ( 'NONE', #7536, .T. ) ;
#4327 = AXIS2_PLACEMENT_3D ( 'NONE', #2743, #6869, #7482 ) ;
#4328 = ORIENTED_EDGE ( 'NONE', *, *, #4632, .F. ) ;
#4329 = DIRECTION ( 'NONE',  ( 0.000000000000000000, 1.000000000000000000, 0.000000000000000000 ) ) ;
#4330 = VECTOR ( 'NONE', #4543, 39.37007874015748143 ) ;
#4331 = EDGE_CURVE ( 'NONE', #8309, #1685, #6794, .T. ) ;
#4332 = ORIENTED_EDGE ( 'NONE', *, *, #4574, .T. ) ;
#4333 = CARTESIAN_POINT ( 'NONE',  ( 0.09153543304673227021, 0.07086611146787401283, -0.008858267716527559038 ) ) ;
#4334 = CARTESIAN_POINT ( 'NONE',  ( -0.1200787401574803237, 0.07874015748031495954, -0.004921259842511811061 ) ) ;
#4335 = PLANE ( 'NONE',  #2697 ) ;
#4336 = ORIENTED_EDGE ( 'NONE', *, *, #8182, .F. ) ;
#4337 = CARTESIAN_POINT ( 'NONE',  ( 0.01181102362202755829, -0.04724409448818897572, -0.2047244094488188948 ) ) ;
#4338 = EDGE_CURVE ( 'NONE', #7938, #2821, #2191, .T. ) ;
#4339 = CIRCLE ( 'NONE', #1160, 0.003937007874015749712 ) ;
#4340 = CARTESIAN_POINT ( 'NONE',  ( -0.1505905511811023723, 0.07874015748031495954, -0.1377952755905511861 ) ) ;
#4341 = DIRECTION ( 'NONE',  ( -1.000000000000000000, 0.000000000000000000, 0.000000000000000000 ) ) ;
#4342 = ADVANCED_FACE ( 'NONE', ( #3568 ), #5036, .F. ) ;
#4343 = ORIENTED_EDGE ( 'NONE', *, *, #6321, .T. ) ;
#4344 = VERTEX_POINT ( 'NONE', #6960 ) ;
#4345 = DIRECTION ( 'NONE',  ( 1.000000000000000000, 0.000000000000000000, 0.000000000000000000 ) ) ;
#4346 = ORIENTED_EDGE ( 'NONE', *, *, #1504, .F. ) ;
#4347 = CARTESIAN_POINT ( 'NONE',  ( 0.1496062992125984370, 0.07874015748031495954, -0.03543307086614566614 ) ) ;
#4348 = VERTEX_POINT ( 'NONE', #1751 ) ;
#4349 = CYLINDRICAL_SURFACE ( 'NONE', #8515, 0.001968503937007870519 ) ;
#4350 = EDGE_LOOP ( 'NONE', ( #8531, #6663, #6756, #7521 ) ) ;
#4351 = LINE ( 'NONE', #1151, #1513 ) ;
#4352 = EDGE_CURVE ( 'NONE', #536, #7933, #1669, .T. ) ;
#4353 = EDGE_CURVE ( 'NONE', #816, #7715, #5116, .T. ) ;
#4354 = ADVANCED_FACE ( 'NONE', ( #6307 ), #1183, .T. ) ;
#4355 = CIRCLE ( 'NONE', #7421, 0.003937007874015741038 ) ;
#4356 = LINE ( 'NONE', #7670, #1688 ) ;
#4357 = CARTESIAN_POINT ( 'NONE',  ( -0.08661417322838584065, -0.01889763779527559029, -0.06889763779527559306 ) ) ;
#4358 = EDGE_CURVE ( 'NONE', #3029, #8349, #361, .T. ) ;
#4359 = SURFACE_STYLE_USAGE ( .BOTH. , #7013 ) ;
#4360 = VERTEX_POINT ( 'NONE', #6392 ) ;
#4361 = CARTESIAN_POINT ( 'NONE',  ( -0.009561532799711766617, 0.05105288245014250048, -0.006326649701643732859 ) ) ;
#4362 = EDGE_CURVE ( 'NONE', #1500, #2607, #2994, .T. ) ;
#4363 = AXIS2_PLACEMENT_3D ( 'NONE', #5081, #7746, #6443 ) ;
#4364 = DIRECTION ( 'NONE',  ( -6.000915778618810091E-14, -1.000000000000000000, -3.176956676916604562E-17 ) ) ;
#4365 = DIRECTION ( 'NONE',  ( 0.000000000000000000, 0.8133577735318218149, -0.5817638113834148195 ) ) ;
#4366 = ORIENTED_EDGE ( 'NONE', *, *, #7192, .T. ) ;
#4367 = EDGE_CURVE ( 'NONE', #4104, #2204, #3164, .T. ) ;
#4368 = DIRECTION ( 'NONE',  ( -1.000000000000000000, 0.000000000000000000, 0.000000000000000000 ) ) ;
#4369 = VECTOR ( 'NONE', #6831, 39.37007874015748854 ) ;
#4370 = FACE_OUTER_BOUND ( 'NONE', #773, .T. ) ;
#4371 = VERTEX_POINT ( 'NONE', #3774 ) ;
#4372 = CARTESIAN_POINT ( 'NONE',  ( 0.06889763779527559306, -0.04724409448818897572, -0.06200787401574803237 ) ) ;
#4373 = CIRCLE ( 'NONE', #238, 0.003937007874015747109 ) ;
#4374 = ORIENTED_EDGE ( 'NONE', *, *, #7446, .F. ) ;
#4375 = DIRECTION ( 'NONE',  ( -2.486899575162000064E-13, 0.000000000000000000, -1.000000000000000000 ) ) ;
#4376 = CARTESIAN_POINT ( 'NONE',  ( 0.1210629921259842590, -0.04724409448818897572, -0.02165354330707086952 ) ) ;
#4377 = CARTESIAN_POINT ( 'NONE',  ( 0.01181102362202755829, -0.02874015748031496023, -0.003225287050151574592 ) ) ;
#4378 = ORIENTED_EDGE ( 'NONE', *, *, #7817, .T. ) ;
#4379 = FACE_OUTER_BOUND ( 'NONE', #3882, .T. ) ;
#4380 = CIRCLE ( 'NONE', #4808, 0.003937007874015749712 ) ;
#4381 = LINE ( 'NONE', #7654, #1838 ) ;
#4382 =( GEOMETRIC_REPRESENTATION_CONTEXT ( 3 ) GLOBAL_UNCERTAINTY_ASSIGNED_CONTEXT ( ( #6876 ) ) GLOBAL_UNIT_ASSIGNED_CONTEXT ( ( #985, #6890, #1641 ) ) REPRESENTATION_CONTEXT ( 'NONE', 'WORKASPACE' ) );
#4383 = DIRECTION ( 'NONE',  ( 4.336808689942006376E-14, 0.000000000000000000, -1.000000000000000000 ) ) ;
#4384 = VERTEX_POINT ( 'NONE', #7082 ) ;
#4385 = ORIENTED_EDGE ( 'NONE', *, *, #4546, .F. ) ;
#4386 = DIRECTION ( 'NONE',  ( 0.000000000000000000, 1.000000000000000000, 0.000000000000000000 ) ) ;
#4387 = VERTEX_POINT ( 'NONE', #8471 ) ;
#4388 = DIRECTION ( 'NONE',  ( -1.000000000000000000, 0.000000000000000000, 0.000000000000000000 ) ) ;
#4389 = VERTEX_POINT ( 'NONE', #7781 ) ;
#4390 = DIRECTION ( 'NONE',  ( 0.000000000000000000, -0.5817406044485053940, -0.8133743720673080047 ) ) ;
#4391 = ORIENTED_EDGE ( 'NONE', *, *, #5328, .F. ) ;
#4392 = LINE ( 'NONE', #4479, #4677 ) ;
#4393 = AXIS2_PLACEMENT_3D ( 'NONE', #3942, #602, #3242 ) ;
#4394 = DIRECTION ( 'NONE',  ( 1.000000000000000000, 0.000000000000000000, 0.000000000000000000 ) ) ;
#4395 = EDGE_CURVE ( 'NONE', #5489, #1511, #4381, .T. ) ;
#4396 = DIRECTION ( 'NONE',  ( 0.000000000000000000, 0.000000000000000000, -1.000000000000000000 ) ) ;
#4397 = VECTOR ( 'NONE', #1952, 39.37007874015748143 ) ;
#4398 = ORIENTED_EDGE ( 'NONE', *, *, #8234, .T. ) ;
#4399 = VERTEX_POINT ( 'NONE', #2351 ) ;
#4400 = CARTESIAN_POINT ( 'NONE',  ( 0.1781496062992126150, 0.03188976377952362079, 0.000000000000000000 ) ) ;
#4401 = VECTOR ( 'NONE', #8384, 39.37007874015748143 ) ;
#4402 = LINE ( 'NONE', #5015, #7372 ) ;
#4403 = CARTESIAN_POINT ( 'NONE',  ( -0.1102362204724409434, -0.02480314960629921572, -0.009842519685031497767 ) ) ;
#4404 = DIRECTION ( 'NONE',  ( 1.000000000000000000, 0.000000000000000000, 0.000000000000000000 ) ) ;
#4405 = ORIENTED_EDGE ( 'NONE', *, *, #5592, .T. ) ;
#4406 = ORIENTED_EDGE ( 'NONE', *, *, #638, .T. ) ;
#4407 = DIRECTION ( 'NONE',  ( 1.000000000000000000, 0.000000000000000000, 0.000000000000000000 ) ) ;
#4408 = CARTESIAN_POINT ( 'NONE',  ( -0.02460629921259842659, 0.04527559055118110520, -0.004921259842519684971 ) ) ;
#4409 = VECTOR ( 'NONE', #2423, 39.37007874015748143 ) ;
#4410 = CARTESIAN_POINT ( 'NONE',  ( -0.1781496062992126150, 0.02362204724409055004, -0.1377952755905511861 ) ) ;
#4411 = ORIENTED_EDGE ( 'NONE', *, *, #4192, .F. ) ;
#4412 = CARTESIAN_POINT ( 'NONE',  ( -0.01181102362205511611, -0.02480314960629921572, 0.000000000000000000 ) ) ;
#4413 = CARTESIAN_POINT ( 'NONE',  ( -0.1781496062992126150, -0.01102362204724409434, 0.000000000000000000 ) ) ;
#4414 = ADVANCED_FACE ( 'NONE', ( #7040 ), #8345, .T. ) ;
#4415 = AXIS2_PLACEMENT_3D ( 'NONE', #7258, #2646, #6563 ) ;
#4416 = ORIENTED_EDGE ( 'NONE', *, *, #7388, .F. ) ;
#4417 = CARTESIAN_POINT ( 'NONE',  ( -0.1696850393700787274, 0.06236220472440944657, -0.03543307086614566614 ) ) ;
#4418 = DIRECTION ( 'NONE',  ( 0.000000000000000000, 0.000000000000000000, 1.000000000000000000 ) ) ;
#4419 = CARTESIAN_POINT ( 'NONE',  ( -0.1781496062992126150, 0.02775590551181102497, -0.1200787401574803237 ) ) ;
#4420 = VERTEX_POINT ( 'NONE', #1712 ) ;
#4421 = CARTESIAN_POINT ( 'NONE',  ( -0.06889763779527559306, -0.04724409448818897572, -0.09448818897637795144 ) ) ;
#4422 = DIRECTION ( 'NONE',  ( 0.000000000000000000, 0.000000000000000000, 1.000000000000000000 ) ) ;
#4423 = DIRECTION ( 'NONE',  ( 0.000000000000000000, 0.000000000000000000, -1.000000000000000000 ) ) ;
#4424 = ORIENTED_EDGE ( 'NONE', *, *, #1866, .T. ) ;
#4425 = VERTEX_POINT ( 'NONE', #1097 ) ;
#4426 = CARTESIAN_POINT ( 'NONE',  ( -0.01126339095132051007, 0.02677165354330451885, -0.01511513293132684017 ) ) ;
#4427 = ORIENTED_EDGE ( 'NONE', *, *, #2837, .F. ) ;
#4428 = LINE ( 'NONE', #5169, #6326 ) ;
#4429 = ORIENTED_EDGE ( 'NONE', *, *, #2600, .F. ) ;
#4430 = CARTESIAN_POINT ( 'NONE',  ( 0.08661417322834646937, -0.04330708661417323468, 0.03122817830516141924 ) ) ;
#4431 = EDGE_LOOP ( 'NONE', ( #3648, #6133, #2157, #5205, #2015, #5606, #1595, #6300, #4197, #1017, #5699, #3627, #4427, #3395, #3191, #5339, #1621, #7787, #2928, #6718 ) ) ;
#4432 = CARTESIAN_POINT ( 'NONE',  ( -0.1240157480314960647, 0.07086614173228346358, 0.000000000000000000 ) ) ;
#4433 = DIRECTION ( 'NONE',  ( 0.000000000000000000, 0.000000000000000000, 1.000000000000000000 ) ) ;
#4434 = VECTOR ( 'NONE', #3279, 39.37007874015748143 ) ;
#4435 = VERTEX_POINT ( 'NONE', #5738 ) ;
#4436 = LINE ( 'NONE', #7055, #5011 ) ;
#4437 = ORIENTED_EDGE ( 'NONE', *, *, #5384, .F. ) ;
#4438 = EDGE_CURVE ( 'NONE', #6830, #8391, #7613, .T. ) ;
#4439 = ORIENTED_EDGE ( 'NONE', *, *, #2763, .F. ) ;
#4440 = CARTESIAN_POINT ( 'NONE',  ( -0.01181102362206692784, -0.01692913385826771630, 0.002680158189764960449 ) ) ;
#4441 = VECTOR ( 'NONE', #3414, 39.37007874015748143 ) ;
#4442 = ADVANCED_FACE ( 'NONE', ( #3731 ), #1055, .T. ) ;
#4443 = DIRECTION ( 'NONE',  ( 0.000000000000000000, -1.000000000000000000, 0.000000000000000000 ) ) ;
#4444 = CARTESIAN_POINT ( 'NONE',  ( -0.01181102362205511611, -0.02480314960629921572, 0.000000000000000000 ) ) ;
#4445 = CARTESIAN_POINT ( 'NONE',  ( -0.1496062992125984370, 0.07874015748031495954, -0.1377952755905511861 ) ) ;
#4446 = CARTESIAN_POINT ( 'NONE',  ( -0.1427165354330708902, -0.04724409448818897572, -0.09448818897637795144 ) ) ;
#4447 = VERTEX_POINT ( 'NONE', #5778 ) ;
#4448 = DIRECTION ( 'NONE',  ( 0.9999342502356429740, -0.01146713589709866081, 1.624045810044704942E-15 ) ) ;
#4449 = DIRECTION ( 'NONE',  ( 0.000000000000000000, 0.000000000000000000, -1.000000000000000000 ) ) ;
#4450 = LINE ( 'NONE', #4410, #8252 ) ;
#4451 = DIRECTION ( 'NONE',  ( 0.000000000000000000, -1.000000000000000000, 5.843849709696866880E-13 ) ) ;
#4452 = PRODUCT_DEFINITION_SHAPE ( 'NONE', 'NONE',  #8106 ) ;
#4453 = EDGE_CURVE ( 'NONE', #201, #2644, #8386, .T. ) ;
#4454 = VECTOR ( 'NONE', #8588, 39.37007874015748143 ) ;
#4455 = EDGE_CURVE ( 'NONE', #6312, #3530, #5075, .T. ) ;
#4456 = AXIS2_PLACEMENT_3D ( 'NONE', #4994, #7125, #4954 ) ;
#4457 = CARTESIAN_POINT ( 'NONE',  ( 0.1706598510025984228, 0.02252903700314173169, 0.000000000000000000 ) ) ;
#4458 = VECTOR ( 'NONE', #8062, 39.37007874015748143 ) ;
#4459 = ORIENTED_EDGE ( 'NONE', *, *, #1514, .F. ) ;
#4460 = DIRECTION ( 'NONE',  ( -0.0001337625943826949973, -0.0002896871408522894739, 0.9999999490944629921 ) ) ;
#4461 = ADVANCED_FACE ( 'NONE', ( #8426 ), #1837, .F. ) ;
#4462 = CARTESIAN_POINT ( 'NONE',  ( -0.1708510933929921483, 0.03920537344813385811, -0.1023622047244094474 ) ) ;
#4463 = DIRECTION ( 'NONE',  ( 1.000000000000000000, 0.000000000000000000, 0.000000000000000000 ) ) ;
#4464 = ORIENTED_EDGE ( 'NONE', *, *, #4161, .T. ) ;
#4465 = EDGE_CURVE ( 'NONE', #6586, #1266, #5817, .T. ) ;
#4466 = DIRECTION ( 'NONE',  ( 0.000000000000000000, 0.000000000000000000, -1.000000000000000000 ) ) ;
#4467 = AXIS2_PLACEMENT_3D ( 'NONE', #4291, #1048, #397 ) ;
#4468 = DIRECTION ( 'NONE',  ( 0.000000000000000000, 0.000000000000000000, -1.000000000000000000 ) ) ;
#4469 = LINE ( 'NONE', #5739, #4311 ) ;
#4470 = ORIENTED_EDGE ( 'NONE', *, *, #7446, .T. ) ;
#4471 = CARTESIAN_POINT ( 'NONE',  ( 0.1102362204724015721, -0.02480314960629921572, -0.009842519685031497767 ) ) ;
#4472 = ORIENTED_EDGE ( 'NONE', *, *, #2876, .F. ) ;
#4473 = CARTESIAN_POINT ( 'NONE',  ( 0.04625984251968504046, -0.03602362204724409572, -0.08513779527559055260 ) ) ;
#4474 = ORIENTED_EDGE ( 'NONE', *, *, #8323, .T. ) ;
#4475 = VECTOR ( 'NONE', #601, 39.37007874015748143 ) ;
#4476 = FACE_OUTER_BOUND ( 'NONE', #152, .T. ) ;
#4477 = ORIENTED_EDGE ( 'NONE', *, *, #6498, .T. ) ;
#4478 = EDGE_CURVE ( 'NONE', #7047, #2981, #1322, .T. ) ;
#4479 = CARTESIAN_POINT ( 'NONE',  ( 0.08661417322834646937, -0.04724409448818897572, -0.2047244094488188948 ) ) ;
#4480 = VECTOR ( 'NONE', #3917, 39.37007874015748143 ) ;
#4481 = LINE ( 'NONE', #3659, #5417 ) ;
#4482 = CARTESIAN_POINT ( 'NONE',  ( -0.002021725288699999928, 0.05236220472440945156, 0.000000000000000000 ) ) ;
#4483 = VERTEX_POINT ( 'NONE', #830 ) ;
#4484 = ORIENTED_EDGE ( 'NONE', *, *, #380, .T. ) ;
#4485 = DIRECTION ( 'NONE',  ( 1.000000000000000000, 0.000000000000000000, 0.000000000000000000 ) ) ;
#4486 = AXIS2_PLACEMENT_3D ( 'NONE', #6244, #4124, #6082 ) ;
#4487 = PLANE ( 'NONE',  #2789 ) ;
#4488 = FACE_OUTER_BOUND ( 'NONE', #8534, .T. ) ;
#4489 = VECTOR ( 'NONE', #3803, 39.37007874015748143 ) ;
#4490 = LINE ( 'NONE', #1252, #7100 ) ;
#4491 = DIRECTION ( 'NONE',  ( 0.000000000000000000, 0.000000000000000000, 1.000000000000000000 ) ) ;
#4492 = ORIENTED_EDGE ( 'NONE', *, *, #5190, .F. ) ;
#4493 = CARTESIAN_POINT ( 'NONE',  ( -0.08267716535429132929, -0.04724409448818897572, -0.06200787401574803237 ) ) ;
#4494 = CARTESIAN_POINT ( 'NONE',  ( 0.1102362204724409434, -0.02480314960629921572, -0.003225287050151574592 ) ) ;
#4495 = PLANE ( 'NONE',  #1239 ) ;
#4496 = CYLINDRICAL_SURFACE ( 'NONE', #2240, 0.001968503937007870519 ) ;
#4497 = EDGE_CURVE ( 'NONE', #8213, #8156, #7469, .T. ) ;
#4498 = VECTOR ( 'NONE', #7580, 39.37007874015748143 ) ;
#4499 = EDGE_CURVE ( 'NONE', #2665, #1494, #1879, .T. ) ;
#4500 = ORIENTED_EDGE ( 'NONE', *, *, #1894, .F. ) ;
#4501 = DIRECTION ( 'NONE',  ( -0.000000000000000000, 1.000000000000000000, 0.000000000000000000 ) ) ;
#4502 = DIRECTION ( 'NONE',  ( -4.352074256530999360E-13, -2.131628207280000159E-14, -1.000000000000000000 ) ) ;
#4503 = LINE ( 'NONE', #8338, #5494 ) ;
#4504 = DIRECTION ( 'NONE',  ( 0.000000000000000000, 0.000000000000000000, 1.000000000000000000 ) ) ;
#4505 = ORIENTED_EDGE ( 'NONE', *, *, #1031, .T. ) ;
#4506 = CARTESIAN_POINT ( 'NONE',  ( -0.04625984251968504046, -0.04724409448818897572, -0.04330708661417323468 ) ) ;
#4507 = AXIS2_PLACEMENT_3D ( 'NONE', #7120, #7735, #4988 ) ;
#4508 = CARTESIAN_POINT ( 'NONE',  ( -0.1708510933929921483, 0.03920537344811417246, -0.03543307086614566614 ) ) ;
#4509 = DIRECTION ( 'NONE',  ( -1.000000000000000000, 0.000000000000000000, 0.000000000000000000 ) ) ;
#4510 = ORIENTED_EDGE ( 'NONE', *, *, #553, .T. ) ;
#4511 = VERTEX_POINT ( 'NONE', #619 ) ;
#4512 = CARTESIAN_POINT ( 'NONE',  ( -0.1787245914263385915, 0.03911508103949606907, -0.1023622047244094474 ) ) ;
#4513 = VECTOR ( 'NONE', #2331, 39.37007874015748143 ) ;
#4514 = VERTEX_POINT ( 'NONE', #3304 ) ;
#4515 = DIRECTION ( 'NONE',  ( 1.000000000000000000, 0.000000000000000000, 0.000000000000000000 ) ) ;
#4516 = VERTEX_POINT ( 'NONE', #4508 ) ;
#4517 = DIRECTION ( 'NONE',  ( 0.000000000000000000, -0.5817406044283967015, 0.8133743720816901668 ) ) ;
#4518 = ORIENTED_EDGE ( 'NONE', *, *, #2714, .T. ) ;
#4519 = FACE_OUTER_BOUND ( 'NONE', #8488, .T. ) ;
#4520 = DIRECTION ( 'NONE',  ( 1.000000000000000000, 0.000000000000000000, 0.000000000000000000 ) ) ;
#4521 = ADVANCED_FACE ( 'NONE', ( #6569 ), #7830, .F. ) ;
#4522 = ORIENTED_EDGE ( 'NONE', *, *, #1567, .T. ) ;
#4523 = ORIENTED_EDGE ( 'NONE', *, *, #1111, .F. ) ;
#4524 = LINE ( 'NONE', #1726, #2798 ) ;
#4525 = EDGE_LOOP ( 'NONE', ( #6955, #864, #6157, #3315 ) ) ;
#4526 = VERTEX_POINT ( 'NONE', #5914 ) ;
#4527 = DIRECTION ( 'NONE',  ( -1.000000000000000000, 0.000000000000000000, 0.000000000000000000 ) ) ;
#4528 = DIRECTION ( 'NONE',  ( 0.000000000000000000, 1.000000000000000000, 0.000000000000000000 ) ) ;
#4529 = AXIS2_PLACEMENT_3D ( 'NONE', #6530, #2403, #8317 ) ;
#4530 = CARTESIAN_POINT ( 'NONE',  ( -0.08661417322838584065, -0.02480314960629921572, -0.04330708661417323468 ) ) ;
#4531 = CARTESIAN_POINT ( 'NONE',  ( -0.1781496062992126150, 0.02362204724409055004, -0.03543307086614566614 ) ) ;
#4532 = CARTESIAN_POINT ( 'NONE',  ( -0.08267716535433070058, -0.04724409448818897572, -0.07578740157480315376 ) ) ;
#4533 = ORIENTED_EDGE ( 'NONE', *, *, #9, .T. ) ;
#4534 = DIRECTION ( 'NONE',  ( 0.000000000000000000, 1.000000000000000000, 0.000000000000000000 ) ) ;
#4535 = DIRECTION ( 'NONE',  ( 1.000000000000000000, 0.000000000000000000, 0.000000000000000000 ) ) ;
#4536 = CARTESIAN_POINT ( 'NONE',  ( 0.1102362204724015721, -0.01299212598425196832, -0.1377952755905511861 ) ) ;
#4537 = CARTESIAN_POINT ( 'NONE',  ( -0.1102362204724409434, -0.05905511811023622659, 0.06692913385826770867 ) ) ;
#4538 = VECTOR ( 'NONE', #7487, 39.37007874015748143 ) ;
#4539 = CARTESIAN_POINT ( 'NONE',  ( 0.08661417322834646937, -0.02480314960629921572, -0.04330708661417323468 ) ) ;
#4540 = ADVANCED_FACE ( 'NONE', ( #7169 ), #3864, .F. ) ;
#4541 = CIRCLE ( 'NONE', #828, 0.001968503937007870519 ) ;
#4542 = ORIENTED_EDGE ( 'NONE', *, *, #5592, .F. ) ;
#4543 = DIRECTION ( 'NONE',  ( 0.000000000000000000, 0.000000000000000000, 1.000000000000000000 ) ) ;
#4544 = CARTESIAN_POINT ( 'NONE',  ( 0.08661417322834646937, -0.02480314960629921572, -0.04330708661417323468 ) ) ;
#4545 = DIRECTION ( 'NONE',  ( 1.000000000000000000, 0.000000000000000000, 0.000000000000000000 ) ) ;
#4546 = EDGE_CURVE ( 'NONE', #3061, #8500, #2248, .T. ) ;
#4547 = CARTESIAN_POINT ( 'NONE',  ( -0.1102362204724409434, -0.05740842757657479978, -0.1604947548546062919 ) ) ;
#4548 = ORIENTED_EDGE ( 'NONE', *, *, #4712, .F. ) ;
#4549 = PLANE ( 'NONE',  #2332 ) ;
#4550 = VECTOR ( 'NONE', #3293, 39.37007874015748143 ) ;
#4551 = ADVANCED_FACE ( 'NONE', ( #6520 ), #6815, .F. ) ;
#4552 = ADVANCED_FACE ( 'NONE', ( #3210 ), #7965, .T. ) ;
#4553 = EDGE_CURVE ( 'NONE', #5222, #2866, #4645, .T. ) ;
#4554 = CARTESIAN_POINT ( 'NONE',  ( -0.08661417322838584065, -0.02480314960629921572, -0.06200787401574803237 ) ) ;
#4555 = CARTESIAN_POINT ( 'NONE',  ( -0.008359067827088241184, 0.02716265062081567663, -0.007759691652733585049 ) ) ;
#4556 = ORIENTED_EDGE ( 'NONE', *, *, #4949, .F. ) ;
#4557 = ORIENTED_EDGE ( 'NONE', *, *, #4232, .T. ) ;
#4558 = DIRECTION ( 'NONE',  ( 0.000000000000000000, 0.000000000000000000, 1.000000000000000000 ) ) ;
#4559 = ORIENTED_EDGE ( 'NONE', *, *, #3308, .F. ) ;
#4560 = LINE ( 'NONE', #3398, #8130 ) ;
#4561 = ORIENTED_EDGE ( 'NONE', *, *, #2413, .T. ) ;
#4562 = LINE ( 'NONE', #2664, #4904 ) ;
#4563 = VERTEX_POINT ( 'NONE', #1364 ) ;
#4564 = LINE ( 'NONE', #4015, #3998 ) ;
#4565 = SURFACE_SIDE_STYLE ('',( #721 ) ) ;
#4566 = ORIENTED_EDGE ( 'NONE', *, *, #2778, .F. ) ;
#4567 = ORIENTED_EDGE ( 'NONE', *, *, #2354, .F. ) ;
#4568 = LINE ( 'NONE', #2582, #6836 ) ;
#4569 = ORIENTED_EDGE ( 'NONE', *, *, #6282, .T. ) ;
#4570 = ORIENTED_EDGE ( 'NONE', *, *, #3176, .F. ) ;
#4571 = EDGE_LOOP ( 'NONE', ( #2186, #3570, #5051, #6353 ) ) ;
#4572 = EDGE_CURVE ( 'NONE', #6880, #7066, #1298, .T. ) ;
#4573 = LINE ( 'NONE', #4400, #503 ) ;
#4574 = EDGE_CURVE ( 'NONE', #4948, #1241, #5251, .T. ) ;
#4575 = EDGE_CURVE ( 'NONE', #3791, #7563, #5163, .T. ) ;
#4576 = VECTOR ( 'NONE', #3008, 39.37007874015748143 ) ;
#4577 = DIRECTION ( 'NONE',  ( 1.000000000000000000, 0.000000000000000000, 0.000000000000000000 ) ) ;
#4578 = DIRECTION ( 'NONE',  ( 6.883382752681000328E-14, 0.000000000000000000, -1.000000000000000000 ) ) ;
#4579 = LINE ( 'NONE', #5940, #734 ) ;
#4580 = CARTESIAN_POINT ( 'NONE',  ( 0.1751968503937007815, 0.07874015748031495954, -0.03543307086614566614 ) ) ;
#4581 = EDGE_LOOP ( 'NONE', ( #4173, #4601, #139, #524, #6962, #1510, #2194, #6785 ) ) ;
#4582 = DIRECTION ( 'NONE',  ( 1.000000000000000000, 0.000000000000000000, 0.000000000000000000 ) ) ;
#4583 = CARTESIAN_POINT ( 'NONE',  ( -0.1744047286509055328, 0.005752707477948818676, -0.1377952755905511861 ) ) ;
#4584 = DIRECTION ( 'NONE',  ( -1.000000000000000000, 0.000000000000000000, 0.000000000000000000 ) ) ;
#4585 = LINE ( 'NONE', #5149, #2621 ) ;
#4586 = VECTOR ( 'NONE', #4864, 39.37007874015748143 ) ;
#4587 = FACE_OUTER_BOUND ( 'NONE', #7217, .T. ) ;
#4588 = ORIENTED_EDGE ( 'NONE', *, *, #3072, .T. ) ;
#4589 = DIRECTION ( 'NONE',  ( -4.356366029130314013E-12, 1.000000000000000000, 5.191743803030395179E-12 ) ) ;
#4590 = CARTESIAN_POINT ( 'NONE',  ( 0.01181102362202755829, -0.02874015748031496023, -0.1351503312329527529 ) ) ;
#4591 = LINE ( 'NONE', #5993, #1489 ) ;
#4592 = DIRECTION ( 'NONE',  ( 0.000000000000000000, -0.8133577735318218149, 0.5817638113834148195 ) ) ;
#4593 = AXIS2_PLACEMENT_3D ( 'NONE', #6277, #2847, #8236 ) ;
#4594 = ORIENTED_EDGE ( 'NONE', *, *, #6074, .F. ) ;
#4595 = CARTESIAN_POINT ( 'NONE',  ( 0.01181102362202755829, -0.01299212598425196832, -0.1377952755905511861 ) ) ;
#4596 = AXIS2_PLACEMENT_3D ( 'NONE', #1228, #2168, #5958 ) ;
#4597 = VECTOR ( 'NONE', #7744, 39.37007874015748854 ) ;
#4598 = CARTESIAN_POINT ( 'NONE',  ( -0.1673228346456692994, 0.07086614173228346358, -0.1033464566929133965 ) ) ;
#4599 = CARTESIAN_POINT ( 'NONE',  ( 0.1786236414445669385, 0.03031224262785433415, -0.03149606299212992511 ) ) ;
#4600 = ORIENTED_EDGE ( 'NONE', *, *, #6854, .T. ) ;
#4601 = ORIENTED_EDGE ( 'NONE', *, *, #6428, .F. ) ;
#4602 = FACE_OUTER_BOUND ( 'NONE', #807, .T. ) ;
#4603 = ORIENTED_EDGE ( 'NONE', *, *, #2197, .T. ) ;
#4604 = LINE ( 'NONE', #6006, #6188 ) ;
#4605 = EDGE_CURVE ( 'NONE', #7620, #7985, #6116, .T. ) ;
#4606 = ORIENTED_EDGE ( 'NONE', *, *, #24, .F. ) ;
#4607 = LINE ( 'NONE', #7974, #6852 ) ;
#4608 = ORIENTED_EDGE ( 'NONE', *, *, #223, .F. ) ;
#4609 = PLANE ( 'NONE',  #5938 ) ;
#4610 = AXIS2_PLACEMENT_3D ( 'NONE', #7303, #1216, #4589 ) ;
#4611 = EDGE_CURVE ( 'NONE', #4425, #2493, #2813, .T. ) ;
#4612 = PLANE ( 'NONE',  #5425 ) ;
#4613 = VERTEX_POINT ( 'NONE', #7214 ) ;
#4614 = VECTOR ( 'NONE', #739, 39.37007874015748854 ) ;
#4615 = ORIENTED_EDGE ( 'NONE', *, *, #7698, .T. ) ;
#4616 = DIRECTION ( 'NONE',  ( 0.000000000000000000, 1.000000000000000000, 0.000000000000000000 ) ) ;
#4617 = EDGE_CURVE ( 'NONE', #4526, #5621, #5202, .T. ) ;
#4618 = EDGE_CURVE ( 'NONE', #454, #7588, #1271, .T. ) ;
#4619 = EDGE_LOOP ( 'NONE', ( #3021, #4254, #8331, #5838 ) ) ;
#4620 = ORIENTED_EDGE ( 'NONE', *, *, #6643, .F. ) ;
#4621 = ORIENTED_EDGE ( 'NONE', *, *, #5328, .T. ) ;
#4622 = CARTESIAN_POINT ( 'NONE',  ( -0.08267716535429132929, -0.04724409448818897572, -0.04330708661417323468 ) ) ;
#4623 = CARTESIAN_POINT ( 'NONE',  ( 0.09107026126251967224, 0.06999161873259843181, 0.000000000000000000 ) ) ;
#4624 = EDGE_CURVE ( 'NONE', #2617, #3641, #2292, .T. ) ;
#4625 = LINE ( 'NONE', #7943, #3055 ) ;
#4626 = LINE ( 'NONE', #1345, #2668 ) ;
#4627 = DIRECTION ( 'NONE',  ( 0.000000000000000000, 0.8133743720617218065, -0.5817406044563160350 ) ) ;
#4628 = VECTOR ( 'NONE', #3345, 39.37007874015748143 ) ;
#4629 = ORIENTED_EDGE ( 'NONE', *, *, #4145, .T. ) ;
#4630 = DIRECTION ( 'NONE',  ( -1.000000000000000000, 0.000000000000000000, 0.000000000000000000 ) ) ;
#4631 = CARTESIAN_POINT ( 'NONE',  ( 0.1200787401574803237, 0.07086614173228346358, -0.1358267716535433156 ) ) ;
#4632 = EDGE_CURVE ( 'NONE', #6550, #365, #5017, .T. ) ;
#4633 = CARTESIAN_POINT ( 'NONE',  ( -0.1210629921259842590, -0.04724409448818897572, -0.04330708661417323468 ) ) ;
#4634 = DIRECTION ( 'NONE',  ( -1.000000000000000000, 0.000000000000000000, 0.000000000000000000 ) ) ;
#4635 = PLANE ( 'NONE',  #3320 ) ;
#4636 = EDGE_CURVE ( 'NONE', #6571, #852, #4896, .T. ) ;
#4637 = ORIENTED_EDGE ( 'NONE', *, *, #2446, .T. ) ;
#4638 = DIRECTION ( 'NONE',  ( 0.9999342502356409756, -0.01146713589727046088, 0.000000000000000000 ) ) ;
#4639 = LINE ( 'NONE', #4544, #5957 ) ;
#4640 = CARTESIAN_POINT ( 'NONE',  ( -0.1496062992125984370, 0.07086614173228346358, -0.03543307086614566614 ) ) ;
#4641 = LINE ( 'NONE', #5954, #71 ) ;
#4642 = EDGE_LOOP ( 'NONE', ( #4252, #1577, #6488, #2938 ) ) ;
#4643 = FACE_OUTER_BOUND ( 'NONE', #6639, .T. ) ;
#4644 = ADVANCED_FACE ( 'NONE', ( #6857 ), #261, .T. ) ;
#4645 = LINE ( 'NONE', #3507, #5711 ) ;
#4646 = DIRECTION ( 'NONE',  ( -9.992007221625999918E-14, -1.000000000000000000, 3.995341669631160065E-26 ) ) ;
#4647 = ORIENTED_EDGE ( 'NONE', *, *, #1661, .T. ) ;
#4648 = ORIENTED_EDGE ( 'NONE', *, *, #2024, .T. ) ;
#4649 = DIRECTION ( 'NONE',  ( 1.000000000000000000, 0.000000000000000000, 0.000000000000000000 ) ) ;
#4650 = ORIENTED_EDGE ( 'NONE', *, *, #3945, .T. ) ;
#4651 = CARTESIAN_POINT ( 'NONE',  ( 0.1427165354330708902, -0.05905511811023622659, -0.04330708661417323468 ) ) ;
#4652 = ORIENTED_EDGE ( 'NONE', *, *, #5485, .T. ) ;
#4653 = LINE ( 'NONE', #8056, #2003 ) ;
#4654 = ORIENTED_EDGE ( 'NONE', *, *, #4611, .T. ) ;
#4655 = PLANE ( 'NONE',  #678 ) ;
#4656 = AXIS2_PLACEMENT_3D ( 'NONE', #7270, #713, #1279 ) ;
#4657 = CARTESIAN_POINT ( 'NONE',  ( -0.1102362204724803146, -0.01692913385826771630, 0.002680158189764960449 ) ) ;
#4658 = ORIENTED_EDGE ( 'NONE', *, *, #4830, .T. ) ;
#4659 = CARTESIAN_POINT ( 'NONE',  ( -0.08661417322838584065, -0.02644984013993700520, -0.1383525925402755985 ) ) ;
#4660 = VERTEX_POINT ( 'NONE', #6240 ) ;
#4661 = ORIENTED_EDGE ( 'NONE', *, *, #6397, .F. ) ;
#4662 = ORIENTED_EDGE ( 'NONE', *, *, #4818, .F. ) ;
#4663 = DIRECTION ( 'NONE',  ( 1.000000000000000000, 0.000000000000000000, 0.000000000000000000 ) ) ;
#4664 = VECTOR ( 'NONE', #737, 39.37007874015748143 ) ;
#4665 = ADVANCED_FACE ( 'NONE', ( #1037 ), #2854, .T. ) ;
#4666 = EDGE_CURVE ( 'NONE', #1146, #3791, #4974, .T. ) ;
#4667 = FACE_OUTER_BOUND ( 'NONE', #6357, .T. ) ;
#4668 = DIRECTION ( 'NONE',  ( 0.000000000000000000, 0.000000000000000000, 1.000000000000000000 ) ) ;
#4669 = DIRECTION ( 'NONE',  ( 1.000000000000000000, 0.000000000000000000, 0.000000000000000000 ) ) ;
#4670 = AXIS2_PLACEMENT_3D ( 'NONE', #4408, #4977, #7726 ) ;
#4671 = LINE ( 'NONE', #6071, #4664 ) ;
#4672 = EDGE_LOOP ( 'NONE', ( #1420, #5651, #2058, #5316 ) ) ;
#4673 = CARTESIAN_POINT ( 'NONE',  ( 0.000000000000000000, 0.1574803149606299191, 0.000000000000000000 ) ) ;
#4674 = DIRECTION ( 'NONE',  ( 0.000000000000000000, 0.000000000000000000, 1.000000000000000000 ) ) ;
#4675 = CARTESIAN_POINT ( 'NONE',  ( -0.1549212598425196985, -0.03602362204724409572, -0.06889763779527559306 ) ) ;
#4676 = CARTESIAN_POINT ( 'NONE',  ( -0.08661417322838584065, -0.01692913385826771630, 0.002680158189764960449 ) ) ;
#4677 = VECTOR ( 'NONE', #5126, 39.37007874015748143 ) ;
#4678 = CARTESIAN_POINT ( 'NONE',  ( 0.1706598510025984228, 0.02252903700314173169, -0.1062992125984252023 ) ) ;
#4679 = EDGE_LOOP ( 'NONE', ( #7328, #8065, #1673, #5885, #3229 ) ) ;
#4680 = CARTESIAN_POINT ( 'NONE',  ( 0.1102362204724015721, -0.02480314960629921572, 0.000000000000000000 ) ) ;
#4681 = LINE ( 'NONE', #658, #2343 ) ;
#4682 = VECTOR ( 'NONE', #6305, 39.37007874015748143 ) ;
#4683 = DIRECTION ( 'NONE',  ( 0.000000000000000000, -1.000000000000000000, 0.000000000000000000 ) ) ;
#4684 = LINE ( 'NONE', #1318, #6302 ) ;
#4685 = EDGE_LOOP ( 'NONE', ( #1958, #7853, #1045, #5640, #5950, #3766, #7716, #5781, #2430, #7569, #328, #7833, #4385, #236, #7411, #4007, #5683, #6185, #5170, #5267 ) ) ;
#4686 = PLANE ( 'NONE',  #5946 ) ;
#4687 = ADVANCED_FACE ( 'NONE', ( #5591 ), #6285, .F. ) ;
#4688 = VECTOR ( 'NONE', #213, 39.37007874015748143 ) ;
#4689 = CARTESIAN_POINT ( 'NONE',  ( 0.1309055118110236116, 0.06988188976377952832, -0.008858267716535432948 ) ) ;
#4690 = EDGE_CURVE ( 'NONE', #1663, #3034, #2895, .T. ) ;
#4691 = ORIENTED_EDGE ( 'NONE', *, *, #6895, .F. ) ;
#4692 = VERTEX_POINT ( 'NONE', #3544 ) ;
#4693 = CARTESIAN_POINT ( 'NONE',  ( -0.1318897637795275746, -0.05905511811023622659, -0.1053149606299212532 ) ) ;
#4694 = ORIENTED_EDGE ( 'NONE', *, *, #8577, .T. ) ;
#4695 = DIRECTION ( 'NONE',  ( 0.000000000000000000, 0.000000000000000000, 1.000000000000000000 ) ) ;
#4696 = EDGE_LOOP ( 'NONE', ( #176, #8278, #6090, #8088 ) ) ;
#4697 = LINE ( 'NONE', #5875, #897 ) ;
#4698 = VERTEX_POINT ( 'NONE', #8286 ) ;
#4699 = CARTESIAN_POINT ( 'NONE',  ( 0.08661417322834646937, -0.02644984013988976174, -0.1383525925402362411 ) ) ;
#4700 = VECTOR ( 'NONE', #7504, 39.37007874015748143 ) ;
#4701 = DIMENSIONAL_EXPONENTS ( 1.000000000000000000, 0.000000000000000000, 0.000000000000000000, 0.000000000000000000, 0.000000000000000000, 0.000000000000000000, 0.000000000000000000 ) ;
#4702 = UNCERTAINTY_MEASURE_WITH_UNIT (LENGTH_MEASURE( 1.000000000000000082E-05 ), #6695, 'distance_accuracy_value', 'NONE');
#4703 = CARTESIAN_POINT ( 'NONE',  ( 0.04625984251968504046, -0.04724409448818897572, -0.07578740157480315376 ) ) ;
#4704 = VERTEX_POINT ( 'NONE', #1648 ) ;
#4705 = DIRECTION ( 'NONE',  ( 0.000000000000000000, 1.000000000000000000, 0.000000000000000000 ) ) ;
#4706 = ORIENTED_EDGE ( 'NONE', *, *, #6390, .T. ) ;
#4707 = EDGE_LOOP ( 'NONE', ( #530, #8513, #4822, #6665 ) ) ;
#4708 = ORIENTED_EDGE ( 'NONE', *, *, #6591, .F. ) ;
#4709 = PLANE ( 'NONE',  #3424 ) ;
#4710 = CARTESIAN_POINT ( 'NONE',  ( -0.04921259842523622446, -0.02480314960629921572, -0.004921259842515747149 ) ) ;
#4711 = CARTESIAN_POINT ( 'NONE',  ( -0.1549212598425196985, -0.04724409448818897572, -0.1279527559055118058 ) ) ;
#4712 = EDGE_CURVE ( 'NONE', #6867, #6189, #1610, .T. ) ;
#4713 = CARTESIAN_POINT ( 'NONE',  ( 0.1200787401574803237, 0.07874015748031495954, -0.1318897637795275746 ) ) ;
#4714 = SURFACE_STYLE_FILL_AREA ( #2080 ) ;
#4715 = ORIENTED_EDGE ( 'NONE', *, *, #4157, .F. ) ;
#4716 = DIRECTION ( 'NONE',  ( -0.000000000000000000, 1.000000000000000000, 0.000000000000000000 ) ) ;
#4717 = LINE ( 'NONE', #5454, #254 ) ;
#4718 = EDGE_CURVE ( 'NONE', #2905, #3779, #2976, .T. ) ;
#4719 = DIRECTION ( 'NONE',  ( 5.984795992119979427E-14, 1.000000000000000000, 0.000000000000000000 ) ) ;
#4720 = CARTESIAN_POINT ( 'NONE',  ( -0.04625984251968504046, -0.04724409448818897572, -0.06200787401574803237 ) ) ;
#4721 = EDGE_CURVE ( 'NONE', #8081, #4563, #4278, .T. ) ;
#4722 = VECTOR ( 'NONE', #5582, 39.37007874015748854 ) ;
#4723 = ORIENTED_EDGE ( 'NONE', *, *, #5308, .F. ) ;
#4724 = LINE ( 'NONE', #7387, #8366 ) ;
#4725 =( LENGTH_UNIT ( ) NAMED_UNIT ( * ) SI_UNIT ( $, .METRE. ) );
#4726 = ADVANCED_FACE ( 'NONE', ( #1690 ), #6938, .T. ) ;
#4727 = DIRECTION ( 'NONE',  ( 0.000000000000000000, 1.170938346284344284E-13, 1.000000000000000000 ) ) ;
#4728 = EDGE_CURVE ( 'NONE', #2644, #4141, #7666, .T. ) ;
#4729 = VERTEX_POINT ( 'NONE', #7678 ) ;
#4730 = CARTESIAN_POINT ( 'NONE',  ( -0.002021725288699999928, 0.01968503937007873988, 0.000000000000000000 ) ) ;
#4731 = CIRCLE ( 'NONE', #438, 0.003937007874015749712 ) ;
#4732 = VECTOR ( 'NONE', #5262, 39.37007874015748143 ) ;
#4733 = EDGE_CURVE ( 'NONE', #1813, #3479, #1733, .T. ) ;
#4734 = DIRECTION ( 'NONE',  ( 1.523935460386924375E-05, 3.346428934273839125E-05, 0.9999999993239515605 ) ) ;
#4735 = AXIS2_PLACEMENT_3D ( 'NONE', #4599, #3305, #7312 ) ;
#4736 = ORIENTED_EDGE ( 'NONE', *, *, #1572, .T. ) ;
#4737 = ADVANCED_FACE ( 'NONE', ( #7507 ), #7019, .T. ) ;
#4738 = ORIENTED_EDGE ( 'NONE', *, *, #6399, .T. ) ;
#4739 = VECTOR ( 'NONE', #896, 39.37007874015748143 ) ;
#4740 = CARTESIAN_POINT ( 'NONE',  ( 0.08661417322834646937, -0.05511811023622047168, 0.02532139787885039420 ) ) ;
#4741 = VERTEX_POINT ( 'NONE', #955 ) ;
#4742 = CARTESIAN_POINT ( 'NONE',  ( 0.1702769989558661490, 0.03040796100501574548, -0.1062992125984252023 ) ) ;
#4743 = EDGE_CURVE ( 'NONE', #8578, #3559, #3626, .T. ) ;
#4744 = DIRECTION ( 'NONE',  ( 1.000000000000000000, 0.000000000000000000, 0.000000000000000000 ) ) ;
#4745 = EDGE_LOOP ( 'NONE', ( #3881, #6072, #243, #4484 ) ) ;
#4746 = DIRECTION ( 'NONE',  ( -0.7660444431187323211, 8.112357350635905144E-15, -0.6427876096868323508 ) ) ;
#4747 = AXIS2_PLACEMENT_3D ( 'NONE', #7419, #40, #5324 ) ;
#4748 = VECTOR ( 'NONE', #4422, 39.37007874015748143 ) ;
#4749 = DIRECTION ( 'NONE',  ( 0.000000000000000000, -1.000000000000000000, 1.734723475976806463E-14 ) ) ;
#4750 = ADVANCED_FACE ( 'NONE', ( #1947 ), #1163, .T. ) ;
#4751 = ORIENTED_EDGE ( 'NONE', *, *, #172, .T. ) ;
#4752 = EDGE_CURVE ( 'NONE', #3479, #7274, #7523, .T. ) ;
#4753 = DIRECTION ( 'NONE',  ( 0.000000000000000000, 0.000000000000000000, 1.000000000000000000 ) ) ;
#4754 = ORIENTED_EDGE ( 'NONE', *, *, #6106, .F. ) ;
#4755 = ORIENTED_EDGE ( 'NONE', *, *, #3832, .F. ) ;
#4756 = ORIENTED_EDGE ( 'NONE', *, *, #606, .F. ) ;
#4757 = CIRCLE ( 'NONE', #5014, 0.007874015748031499423 ) ;
#4758 = DIRECTION ( 'NONE',  ( 0.000000000000000000, 0.5817406044676912691, -0.8133743720535858701 ) ) ;
#4759 = CIRCLE ( 'NONE', #7404, 0.003937007874015749712 ) ;
#4760 = CARTESIAN_POINT ( 'NONE',  ( -0.06889763779527559306, -0.03602362204724409572, -0.08513779527559055260 ) ) ;
#4761 = DIRECTION ( 'NONE',  ( -1.000000000000000000, 0.000000000000000000, 0.000000000000000000 ) ) ;
#4762 = FACE_OUTER_BOUND ( 'NONE', #4642, .T. ) ;
#4763 = LINE ( 'NONE', #1684, #3979 ) ;
#4764 = ORIENTED_EDGE ( 'NONE', *, *, #4930, .F. ) ;
#4765 = CARTESIAN_POINT ( 'NONE',  ( 0.1549212598425196985, -0.04724409448818897572, -0.009842519685031497767 ) ) ;
#4766 = DIRECTION ( 'NONE',  ( 1.000000000000000000, -5.984795992119984476E-14, 0.000000000000000000 ) ) ;
#4767 = EDGE_CURVE ( 'NONE', #5826, #2274, #1251, .T. ) ;
#4768 = CARTESIAN_POINT ( 'NONE',  ( -0.1102362204724409434, -0.05905511811023622659, -0.2047244094488188948 ) ) ;
#4769 = AXIS2_PLACEMENT_3D ( 'NONE', #3614, #4716, #4267 ) ;
#4770 = ORIENTED_EDGE ( 'NONE', *, *, #1412, .T. ) ;
#4771 = DIRECTION ( 'NONE',  ( -5.176811360538000804E-14, 0.000000000000000000, 1.000000000000000000 ) ) ;
#4772 = SURFACE_SIDE_STYLE ('',( #3427 ) ) ;
#4773 = FACE_OUTER_BOUND ( 'NONE', #5114, .T. ) ;
#4774 = VERTEX_POINT ( 'NONE', #1818 ) ;
#4775 = FACE_OUTER_BOUND ( 'NONE', #8291, .T. ) ;
#4776 = VECTOR ( 'NONE', #8259, 39.37007874015748143 ) ;
#4777 = EDGE_CURVE ( 'NONE', #4155, #5345, #8497, .T. ) ;
#4778 = EDGE_CURVE ( 'NONE', #6885, #6451, #7719, .T. ) ;
#4779 = CARTESIAN_POINT ( 'NONE',  ( -0.1102362204724409434, -0.02644984013992125738, -2.302574283772047088E-05 ) ) ;
#4780 = VECTOR ( 'NONE', #7683, 39.37007874015748143 ) ;
#4781 = VERTEX_POINT ( 'NONE', #2498 ) ;
#4782 = EDGE_LOOP ( 'NONE', ( #1104, #5195, #1102, #5342, #2628, #4328, #3574, #4979, #5356, #2752, #8266, #6245 ) ) ;
#4783 = CARTESIAN_POINT ( 'NONE',  ( 0.01181102362202755829, -0.05905511811023622659, -0.1636970161619684949 ) ) ;
#4784 = VERTEX_POINT ( 'NONE', #7850 ) ;
#4785 = DIRECTION ( 'NONE',  ( 0.000000000000000000, -0.5817406044283967015, 0.8133743720816901668 ) ) ;
#4786 = LINE ( 'NONE', #8099, #2279 ) ;
#4787 = ORIENTED_EDGE ( 'NONE', *, *, #7598, .T. ) ;
#4788 = CARTESIAN_POINT ( 'NONE',  ( 0.01181102362202755829, -0.05905511811023622659, -0.2047244094488188948 ) ) ;
#4789 = LINE ( 'NONE', #1545, #5431 ) ;
#4790 = EDGE_LOOP ( 'NONE', ( #4715, #3615, #7347, #4650 ) ) ;
#4791 = CARTESIAN_POINT ( 'NONE',  ( -0.1200787401574803237, 0.07086614173228346358, -0.004921259842511811061 ) ) ;
#4792 = AXIS2_PLACEMENT_3D ( 'NONE', #7177, #8392, #6354 ) ;
#4793 = EDGE_LOOP ( 'NONE', ( #710, #1063, #2016, #7150 ) ) ;
#4794 = ORIENTED_EDGE ( 'NONE', *, *, #4925, .F. ) ;
#4795 = ORIENTED_EDGE ( 'NONE', *, *, #5568, .F. ) ;
#4796 = DIRECTION ( 'NONE',  ( 1.000000000000000000, 0.000000000000000000, 0.000000000000000000 ) ) ;
#4797 = ADVANCED_FACE ( 'NONE', ( #464 ), #1773, .T. ) ;
#4798 = CIRCLE ( 'NONE', #2169, 0.003937007874015741038 ) ;
#4799 = DIRECTION ( 'NONE',  ( 0.000000000000000000, 1.000000000000000000, 0.000000000000000000 ) ) ;
#4800 = CARTESIAN_POINT ( 'NONE',  ( -0.01181102362205511611, -0.01299212598425590615, 0.000000000000000000 ) ) ;
#4801 = DIRECTION ( 'NONE',  ( 0.000000000000000000, -1.000000000000000000, 0.000000000000000000 ) ) ;
#4802 = CARTESIAN_POINT ( 'NONE',  ( 0.1210629921259842590, -0.04724409448818897572, -0.04330708661417323468 ) ) ;
#4803 = EDGE_LOOP ( 'NONE', ( #7028, #5755, #3738, #4009 ) ) ;
#4804 = CARTESIAN_POINT ( 'NONE',  ( -0.08661417322838584065, -0.05740842757661417800, 0.02211913657152362461 ) ) ;
#4805 = CIRCLE ( 'NONE', #7583, 0.003937007874015741038 ) ;
#4806 = DIRECTION ( 'NONE',  ( -0.01146713589723048765, 0.9999342502356415308, 0.000000000000000000 ) ) ;
#4807 = PLANE ( 'NONE',  #1528 ) ;
#4808 = AXIS2_PLACEMENT_3D ( 'NONE', #83, #3984, #7947 ) ;
#4809 = CARTESIAN_POINT ( 'NONE',  ( 0.01181102362202755829, -0.01299212598425590615, 0.000000000000000000 ) ) ;
#4810 = DIMENSIONAL_EXPONENTS ( 1.000000000000000000, 0.000000000000000000, 0.000000000000000000, 0.000000000000000000, 0.000000000000000000, 0.000000000000000000, 0.000000000000000000 ) ;
#4811 = ORIENTED_EDGE ( 'NONE', *, *, #8234, .F. ) ;
#4812 = DIRECTION ( 'NONE',  ( -1.000000000000000000, 0.000000000000000000, 0.000000000000000000 ) ) ;
#4813 = FILL_AREA_STYLE_COLOUR ( '', #2738 ) ;
#4814 = DIRECTION ( 'NONE',  ( 0.000000000000000000, 1.000000000000000000, 1.603865584551000345E-14 ) ) ;
#4815 = ORIENTED_EDGE ( 'NONE', *, *, #3393, .T. ) ;
#4816 = DIRECTION ( 'NONE',  ( 0.000000000000000000, 1.000000000000000000, 1.603865584551000345E-14 ) ) ;
#4817 = AXIS2_PLACEMENT_3D ( 'NONE', #2365, #5499, #4847 ) ;
#4818 = EDGE_CURVE ( 'NONE', #3388, #2741, #7806, .T. ) ;
#4819 = AXIS2_PLACEMENT_3D ( 'NONE', #3316, #3221, #7976 ) ;
#4820 = CARTESIAN_POINT ( 'NONE',  ( -0.08661417322838584065, -0.04330708661417323468, 0.03122817830516141924 ) ) ;
#4821 = EDGE_CURVE ( 'NONE', #156, #4511, #7147, .T. ) ;
#4822 = ORIENTED_EDGE ( 'NONE', *, *, #1579, .F. ) ;
#4823 = ORIENTED_EDGE ( 'NONE', *, *, #6321, .F. ) ;
#4824 = DIRECTION ( 'NONE',  ( 0.000000000000000000, -1.000000000000000000, 1.875060376459000053E-14 ) ) ;
#4825 = ORIENTED_EDGE ( 'NONE', *, *, #7698, .F. ) ;
#4826 = CARTESIAN_POINT ( 'NONE',  ( -0.1427165354330708902, -0.04724409448818897572, -0.04330708661417323468 ) ) ;
#4827 = CARTESIAN_POINT ( 'NONE',  ( 0.1200787401574803237, 0.07874015748031495954, -0.1358267716535433156 ) ) ;
#4828 = ORIENTED_EDGE ( 'NONE', *, *, #3503, .T. ) ;
#4829 = DIRECTION ( 'NONE',  ( -1.000000000000000000, 0.000000000000000000, 0.000000000000000000 ) ) ;
#4830 = EDGE_CURVE ( 'NONE', #3346, #3593, #5056, .T. ) ;
#4831 = EDGE_CURVE ( 'NONE', #2528, #5222, #1858, .T. ) ;
#4832 = EDGE_CURVE ( 'NONE', #1073, #105, #6416, .T. ) ;
#4833 = CIRCLE ( 'NONE', #5090, 0.007874015748031495954 ) ;
#4834 = DIRECTION ( 'NONE',  ( 1.000000000000000000, 0.000000000000000000, 0.000000000000000000 ) ) ;
#4835 = ORIENTED_EDGE ( 'NONE', *, *, #2287, .T. ) ;
#4836 = DIRECTION ( 'NONE',  ( 0.000000000000000000, 1.170938346284344284E-13, 1.000000000000000000 ) ) ;
#4837 = AXIS2_PLACEMENT_3D ( 'NONE', #7431, #5469, #2902 ) ;
#4838 = VERTEX_POINT ( 'NONE', #6545 ) ;
#4839 = ORIENTED_EDGE ( 'NONE', *, *, #618, .F. ) ;
#4840 = ORIENTED_EDGE ( 'NONE', *, *, #8450, .F. ) ;
#4841 = DIRECTION ( 'NONE',  ( 0.000000000000000000, 1.000000000000000000, 0.000000000000000000 ) ) ;
#4842 = ADVANCED_FACE ( 'NONE', ( #4488 ), #2544, .F. ) ;
#4843 = AXIS2_PLACEMENT_3D ( 'NONE', #3947, #2642, #6692 ) ;
#4844 = CARTESIAN_POINT ( 'NONE',  ( -0.1781496062992126150, 0.03188976377952755514, 0.000000000000000000 ) ) ;
#4845 = CARTESIAN_POINT ( 'NONE',  ( -0.1785333490359448938, 0.02243874459450393571, 0.000000000000000000 ) ) ;
#4846 = CARTESIAN_POINT ( 'NONE',  ( 0.01073431161089763788, 0.07086614173228346358, -0.03937007874015747977 ) ) ;
#4847 = DIRECTION ( 'NONE',  ( 1.000000000000000000, 0.000000000000000000, 0.000000000000000000 ) ) ;
#4848 = ORIENTED_EDGE ( 'NONE', *, *, #280, .F. ) ;
#4849 = ADVANCED_FACE ( 'NONE', ( #6458 ), #1901, .F. ) ;
#4850 = EDGE_CURVE ( 'NONE', #6294, #8250, #5098, .T. ) ;
#4851 = CARTESIAN_POINT ( 'NONE',  ( -0.1210629921259842590, -0.04724409448818897572, -0.02165354330707086952 ) ) ;
#4852 = LINE ( 'NONE', #8158, #97 ) ;
#4853 = PLANE ( 'NONE',  #403 ) ;
#4854 = DIRECTION ( 'NONE',  ( 0.000000000000000000, 0.000000000000000000, -1.000000000000000000 ) ) ;
#4855 = DIRECTION ( 'NONE',  ( 1.000000000000000000, 0.000000000000000000, 0.000000000000000000 ) ) ;
#4856 = EDGE_CURVE ( 'NONE', #6586, #4273, #8406, .T. ) ;
#4857 = EDGE_LOOP ( 'NONE', ( #4997, #1007, #4962, #4658 ) ) ;
#4858 = DIRECTION ( 'NONE',  ( 5.851528412141999675E-14, 0.000000000000000000, 1.000000000000000000 ) ) ;
#4859 = LINE ( 'NONE', #2253, #3140 ) ;
#4860 = LINE ( 'NONE', #3511, #5473 ) ;
#4861 = VERTEX_POINT ( 'NONE', #4530 ) ;
#4862 = CARTESIAN_POINT ( 'NONE',  ( 0.01073431161089763788, 0.1574803149606299191, -0.09842519685039370636 ) ) ;
#4863 = VECTOR ( 'NONE', #3617, 39.37007874015748143 ) ;
#4864 = DIRECTION ( 'NONE',  ( -1.000000000000000000, 0.000000000000000000, 0.000000000000000000 ) ) ;
#4865 = ORIENTED_EDGE ( 'NONE', *, *, #3308, .T. ) ;
#4866 = ORIENTED_EDGE ( 'NONE', *, *, #6210, .F. ) ;
#4867 = LINE ( 'NONE', #7524, #3634 ) ;
#4868 = ORIENTED_EDGE ( 'NONE', *, *, #3840, .F. ) ;
#4869 = DIRECTION ( 'NONE',  ( 0.000000000000000000, 1.000000000000000000, 0.000000000000000000 ) ) ;
#4870 = DIRECTION ( 'NONE',  ( 1.000000000000000000, 0.000000000000000000, 0.000000000000000000 ) ) ;
#4871 = AXIS2_PLACEMENT_3D ( 'NONE', #3722, #8506, #6558 ) ;
#4872 = EDGE_LOOP ( 'NONE', ( #4505, #833, #2051, #5559 ) ) ;
#4873 = DIRECTION ( 'NONE',  ( -0.2676438637873015391, 0.9635179096296053736, 0.000000000000000000 ) ) ;
#4874 = EDGE_CURVE ( 'NONE', #3294, #8336, #5183, .T. ) ;
#4875 = AXIS2_PLACEMENT_3D ( 'NONE', #8132, #7519, #7479 ) ;
#4876 = FACE_OUTER_BOUND ( 'NONE', #1905, .T. ) ;
#4877 = VERTEX_POINT ( 'NONE', #7239 ) ;
#4878 = CARTESIAN_POINT ( 'NONE',  ( 0.01181102362202755829, -0.04724409448818897572, 0.03122817830516141924 ) ) ;
#4879 = ORIENTED_EDGE ( 'NONE', *, *, #7981, .F. ) ;
#4880 = EDGE_LOOP ( 'NONE', ( #6419, #6229, #6252, #2395 ) ) ;
#4881 = VERTEX_POINT ( 'NONE', #6372 ) ;
#4882 = FACE_OUTER_BOUND ( 'NONE', #1927, .T. ) ;
#4883 = AXIS2_PLACEMENT_3D ( 'NONE', #7851, #7148, #3887 ) ;
#4884 = VECTOR ( 'NONE', #549, 39.37007874015748143 ) ;
#4885 = DIRECTION ( 'NONE',  ( 1.000000000000000000, 0.000000000000000000, 0.000000000000000000 ) ) ;
#4886 = EDGE_CURVE ( 'NONE', #5027, #6312, #6683, .T. ) ;
#4887 = ADVANCED_FACE ( 'NONE', ( #5407 ), #1435, .F. ) ;
#4888 = VECTOR ( 'NONE', #2355, 39.37007874015748143 ) ;
#4889 = CARTESIAN_POINT ( 'NONE',  ( 0.1053149606299212532, -0.02480314960629921572, -0.06200787401574803237 ) ) ;
#4890 = CARTESIAN_POINT ( 'NONE',  ( -0.08267716535433070058, -0.04724409448818897572, -0.09448818897637795144 ) ) ;
#4891 = EDGE_LOOP ( 'NONE', ( #1789, #4065, #6250, #6345 ) ) ;
#4892 = DIRECTION ( 'NONE',  ( -1.000000000000000000, 0.000000000000000000, 0.000000000000000000 ) ) ;
#4893 = PLANE ( 'NONE',  #2476 ) ;
#4894 = VECTOR ( 'NONE', #2614, 39.37007874015748143 ) ;
#4895 = PLANE ( 'NONE',  #5806 ) ;
#4896 = LINE ( 'NONE', #386, #6142 ) ;
#4897 = AXIS2_PLACEMENT_3D ( 'NONE', #3755, #995, #3628 ) ;
#4898 = VERTEX_POINT ( 'NONE', #8113 ) ;
#4899 = CARTESIAN_POINT ( 'NONE',  ( -0.1505905511811023723, 0.07086614173228346358, -0.1033464566929133965 ) ) ;
#4900 = CARTESIAN_POINT ( 'NONE',  ( 0.08267716535433070058, -0.02480314960629921572, -0.07578740157480315376 ) ) ;
#4901 = DIRECTION ( 'NONE',  ( 0.000000000000000000, -1.000000000000000000, 0.000000000000000000 ) ) ;
#4902 = VERTEX_POINT ( 'NONE', #690 ) ;
#4903 = DIRECTION ( 'NONE',  ( 0.000000000000000000, -0.5817638113781103959, -0.8133577735356161131 ) ) ;
#4904 = VECTOR ( 'NONE', #3400, 39.37007874015748143 ) ;
#4905 = CARTESIAN_POINT ( 'NONE',  ( -0.08267716535433070058, -0.02480314960629921572, -0.09448818897637795144 ) ) ;
#4906 = ORIENTED_EDGE ( 'NONE', *, *, #3012, .F. ) ;
#4907 = EDGE_LOOP ( 'NONE', ( #4828, #5442, #5810, #3516 ) ) ;
#4908 = DIRECTION ( 'NONE',  ( 5.963809698531859869E-14, 1.000000000000000000, 3.242464947016255241E-16 ) ) ;
#4909 = ORIENTED_EDGE ( 'NONE', *, *, #5108, .T. ) ;
#4910 = CARTESIAN_POINT ( 'NONE',  ( -0.1712141755981102520, 0.07086614173228346358, -0.03543307086614566614 ) ) ;
#4911 = CIRCLE ( 'NONE', #4486, 0.003937007874015753181 ) ;
#4912 = CARTESIAN_POINT ( 'NONE',  ( 0.1318897637795275746, -0.05905511811023622659, -0.1053149606299212532 ) ) ;
#4913 = ORIENTED_EDGE ( 'NONE', *, *, #6154, .T. ) ;
#4914 = LINE ( 'NONE', #6257, #7473 ) ;
#4915 = AXIS2_PLACEMENT_3D ( 'NONE', #2091, #5421, #2820 ) ;
#4916 = PLANE ( 'NONE',  #1139 ) ;
#4917 = VERTEX_POINT ( 'NONE', #163 ) ;
#4918 = DIRECTION ( 'NONE',  ( -0.000000000000000000, 1.000000000000000000, 0.000000000000000000 ) ) ;
#4919 = ORIENTED_EDGE ( 'NONE', *, *, #5681, .F. ) ;
#4920 = CARTESIAN_POINT ( 'NONE',  ( 0.01998681779692913427, 0.01968503937007873988, -0.009842519685039369942 ) ) ;
#4921 = ORIENTED_EDGE ( 'NONE', *, *, #5925, .T. ) ;
#4922 = CARTESIAN_POINT ( 'NONE',  ( 0.01181102362202755829, -0.01692913385826771630, -0.1410558316531889678 ) ) ;
#4923 = CARTESIAN_POINT ( 'NONE',  ( 0.1505905511811023723, 0.07086614173228346358, -0.03444881889764173089 ) ) ;
#4924 = DIRECTION ( 'NONE',  ( -1.000000000000000000, 0.000000000000000000, 0.000000000000000000 ) ) ;
#4925 = EDGE_CURVE ( 'NONE', #4101, #4741, #7374, .T. ) ;
#4926 = ORIENTED_EDGE ( 'NONE', *, *, #5249, .T. ) ;
#4927 = LINE ( 'NONE', #1034, #2438 ) ;
#4928 = CARTESIAN_POINT ( 'NONE',  ( -0.08661417322838584065, -0.01299212598425196832, -0.1410558316531889678 ) ) ;
#4929 = VECTOR ( 'NONE', #626, 39.37007874015748143 ) ;
#4930 = EDGE_CURVE ( 'NONE', #8136, #8287, #7335, .T. ) ;
#4931 = EDGE_CURVE ( 'NONE', #8467, #6481, #5695, .T. ) ;
#4932 = FACE_OUTER_BOUND ( 'NONE', #6679, .T. ) ;
#4933 = CARTESIAN_POINT ( 'NONE',  ( 0.1053149606299212532, -0.02480314960629921572, -0.07578740157480315376 ) ) ;
#4934 = AXIS2_PLACEMENT_3D ( 'NONE', #7847, #640, #5270 ) ;
#4935 = EDGE_LOOP ( 'NONE', ( #3869, #5716, #3955, #267 ) ) ;
#4936 = CARTESIAN_POINT ( 'NONE',  ( 0.1744047286509055328, 0.005752707477948818676, 0.000000000000000000 ) ) ;
#4937 = DIRECTION ( 'NONE',  ( -0.008547098457861026372, -0.7453069855123132248, -0.6666666666742084857 ) ) ;
#4938 = ORIENTED_EDGE ( 'NONE', *, *, #7597, .F. ) ;
#4939 = DIRECTION ( 'NONE',  ( 1.000000000000000000, 0.000000000000000000, 0.000000000000000000 ) ) ;
#4940 = AXIS2_PLACEMENT_3D ( 'NONE', #4188, #6845, #904 ) ;
#4941 = LINE ( 'NONE', #4289, #4316 ) ;
#4942 = ORIENTED_EDGE ( 'NONE', *, *, #5624, .T. ) ;
#4943 = CARTESIAN_POINT ( 'NONE',  ( 0.07086614173228346358, 0.07086614173228346358, -0.1023622047244094474 ) ) ;
#4944 = AXIS2_PLACEMENT_3D ( 'NONE', #6421, #5020, #958 ) ;
#4945 = ORIENTED_EDGE ( 'NONE', *, *, #1406, .F. ) ;
#4946 = LINE ( 'NONE', #8177, #7712 ) ;
#4947 = LINE ( 'NONE', #6137, #6029 ) ;
#4948 = VERTEX_POINT ( 'NONE', #2117 ) ;
#4949 = EDGE_CURVE ( 'NONE', #369, #4516, #1389, .T. ) ;
#4950 = CARTESIAN_POINT ( 'NONE',  ( 0.01181102362202755829, -0.01299212598425196832, -0.1410558316531889678 ) ) ;
#4951 = ORIENTED_EDGE ( 'NONE', *, *, #2667, .F. ) ;
#4952 = AXIS2_PLACEMENT_3D ( 'NONE', #1848, #5047, #1722 ) ;
#4953 = EDGE_CURVE ( 'NONE', #3333, #4371, #2160, .T. ) ;
#4954 = DIRECTION ( 'NONE',  ( 0.000000000000000000, 0.000000000000000000, 1.000000000000000000 ) ) ;
#4955 = LINE ( 'NONE', #7126, #2790 ) ;
#4956 = ORIENTED_EDGE ( 'NONE', *, *, #6369, .T. ) ;
#4957 = ORIENTED_EDGE ( 'NONE', *, *, #4098, .T. ) ;
#4958 = FACE_OUTER_BOUND ( 'NONE', #4023, .T. ) ;
#4959 = ORIENTED_EDGE ( 'NONE', *, *, #4617, .F. ) ;
#4960 = EDGE_CURVE ( 'NONE', #8156, #2528, #6026, .T. ) ;
#4961 = FACE_OUTER_BOUND ( 'NONE', #6171, .T. ) ;
#4962 = ORIENTED_EDGE ( 'NONE', *, *, #3876, .F. ) ;
#4963 = DIRECTION ( 'NONE',  ( 0.000000000000000000, 1.000000000000000000, 0.000000000000000000 ) ) ;
#4964 = ORIENTED_EDGE ( 'NONE', *, *, #7344, .T. ) ;
#4965 = VECTOR ( 'NONE', #7165, 39.37007874015748143 ) ;
#4966 = DIRECTION ( 'NONE',  ( 1.000000000000000000, 0.000000000000000000, 0.000000000000000000 ) ) ;
#4967 = CIRCLE ( 'NONE', #1096, 0.003937007874015748844 ) ;
#4968 = CARTESIAN_POINT ( 'NONE',  ( -0.08661417322838584065, -0.02480314960629921572, -0.06200787401574803237 ) ) ;
#4969 = ORIENTED_EDGE ( 'NONE', *, *, #539, .T. ) ;
#4970 = CARTESIAN_POINT ( 'NONE',  ( -0.06889763779527559306, -0.02480314960629921572, -0.04330708661417323468 ) ) ;
#4971 = AXIS2_PLACEMENT_3D ( 'NONE', #5588, #4, #2603 ) ;
#4972 = EDGE_CURVE ( 'NONE', #7409, #8014, #1965, .T. ) ;
#4973 = DIRECTION ( 'NONE',  ( 0.000000000000000000, 1.000000000000000000, 0.000000000000000000 ) ) ;
#4974 = LINE ( 'NONE', #8243, #5852 ) ;
#4975 = EDGE_CURVE ( 'NONE', #5744, #3313, #2367, .T. ) ;
#4976 = VERTEX_POINT ( 'NONE', #4711 ) ;
#4977 = DIRECTION ( 'NONE',  ( 1.000000000000000000, 0.000000000000000000, 0.000000000000000000 ) ) ;
#4978 = CARTESIAN_POINT ( 'NONE',  ( -0.01181102362205905393, -0.05905511811023622659, 0.06692913385826770867 ) ) ;
#4979 = ORIENTED_EDGE ( 'NONE', *, *, #7405, .F. ) ;
#4980 = CARTESIAN_POINT ( 'NONE',  ( 0.01181102362202755829, -0.04330708661417323468, 0.03122817830516141924 ) ) ;
#4981 = EDGE_CURVE ( 'NONE', #1319, #2787, #4625, .T. ) ;
#4983 = ADVANCED_FACE ( 'NONE', ( #6727 ), #5273, .F. ) ;
#4982 = LINE ( 'NONE', #4531, #6691 ) ;
#4984 = EDGE_CURVE ( 'NONE', #367, #2665, #6635, .T. ) ;
#4985 = ORIENTED_EDGE ( 'NONE', *, *, #402, .F. ) ;
#4986 = EDGE_CURVE ( 'NONE', #2918, #5621, #6068, .T. ) ;
#4987 = LINE ( 'NONE', #1704, #3920 ) ;
#4988 = DIRECTION ( 'NONE',  ( 1.000000000000000000, 0.000000000000000000, 0.000000000000000000 ) ) ;
#4989 = DIRECTION ( 'NONE',  ( 0.000000000000000000, 0.000000000000000000, 1.000000000000000000 ) ) ;
#4990 = VERTEX_POINT ( 'NONE', #1992 ) ;
#4991 = CARTESIAN_POINT ( 'NONE',  ( -0.1102362204724409434, -0.01299212598425196832, -0.1377952755905511861 ) ) ;
#4992 = VECTOR ( 'NONE', #779, 39.37007874015748143 ) ;
#4993 = ADVANCED_FACE ( 'NONE', ( #3937 ), #5939, .T. ) ;
#4994 = CARTESIAN_POINT ( 'NONE',  ( -0.1102362204724409434, -0.02480314960629921572, -0.1279527559055118058 ) ) ;
#4995 = DIRECTION ( 'NONE',  ( 1.000000000000000000, 0.000000000000000000, 0.000000000000000000 ) ) ;
#4996 = ORIENTED_EDGE ( 'NONE', *, *, #3247, .T. ) ;
#4997 = ORIENTED_EDGE ( 'NONE', *, *, #2549, .T. ) ;
#4998 = CARTESIAN_POINT ( 'NONE',  ( -0.1102362204724409434, -0.01299212598425196832, -0.1410558316531889678 ) ) ;
#4999 = EDGE_LOOP ( 'NONE', ( #4103, #2038, #2402, #137 ) ) ;
#5000 = CARTESIAN_POINT ( 'NONE',  ( 0.01181102362202755829, -0.05740842757649606415, -0.1604947548545669067 ) ) ;
#5001 = VERTEX_POINT ( 'NONE', #7418 ) ;
#5002 = CARTESIAN_POINT ( 'NONE',  ( -0.01126339095128798574, 0.05236220472440948626, -0.01511513293134393414 ) ) ;
#5003 = ORIENTED_EDGE ( 'NONE', *, *, #8059, .F. ) ;
#5004 = CARTESIAN_POINT ( 'NONE',  ( 0.08661417322834646937, -0.01692913385826771630, -0.1410558316531889678 ) ) ;
#5005 = AXIS2_PLACEMENT_3D ( 'NONE', #4689, #6521, #569 ) ;
#5006 = PLANE ( 'NONE',  #27 ) ;
#5007 = EDGE_CURVE ( 'NONE', #3083, #8566, #8469, .T. ) ;
#5008 = CARTESIAN_POINT ( 'NONE',  ( 0.04625984251968504046, -0.02480314960629921572, -0.07578740157480315376 ) ) ;
#5009 = CARTESIAN_POINT ( 'NONE',  ( 0.1053149606299212532, -0.04724409448818897572, -0.04330708661417323468 ) ) ;
#5010 = ORIENTED_EDGE ( 'NONE', *, *, #4232, .F. ) ;
#5011 = VECTOR ( 'NONE', #3136, 39.37007874015748143 ) ;
#5012 = VECTOR ( 'NONE', #4140, 39.37007874015748143 ) ;
#5013 = DIRECTION ( 'NONE',  ( 0.000000000000000000, 1.000000000000000000, 0.000000000000000000 ) ) ;
#5014 = AXIS2_PLACEMENT_3D ( 'NONE', #8186, #1633, #4836 ) ;
#5015 = CARTESIAN_POINT ( 'NONE',  ( -0.01181102362206299175, -0.02644984013992125738, -2.302574283772047088E-05 ) ) ;
#5016 = AXIS2_PLACEMENT_3D ( 'NONE', #4004, #2610, #6658 ) ;
#5017 = LINE ( 'NONE', #4322, #2384 ) ;
#5018 = EDGE_LOOP ( 'NONE', ( #2321, #4283, #6236, #2267 ) ) ;
#5019 = PLANE ( 'NONE',  #1028 ) ;
#5020 = DIRECTION ( 'NONE',  ( 0.9999342502356435292, -0.01146713589705049448, 0.000000000000000000 ) ) ;
#5021 = LINE ( 'NONE', #1044, #4489 ) ;
#5022 = VECTOR ( 'NONE', #5951, 39.37007874015748143 ) ;
#5023 = EDGE_CURVE ( 'NONE', #3333, #3821, #643, .T. ) ;
#5024 = ORIENTED_EDGE ( 'NONE', *, *, #4925, .T. ) ;
#5025 = CARTESIAN_POINT ( 'NONE',  ( 0.1306858127108901368, 0.06988188976377952832, 0.000000000000000000 ) ) ;
#5026 = VECTOR ( 'NONE', #1736, 39.37007874015748143 ) ;
#5027 = VERTEX_POINT ( 'NONE', #8152 ) ;
#5028 = CARTESIAN_POINT ( 'NONE',  ( -0.1102362204724409434, -0.04724409448818897572, -0.1696038517685826696 ) ) ;
#5029 = DIRECTION ( 'NONE',  ( 0.000000000000000000, 1.000000000000000000, 0.000000000000000000 ) ) ;
#5030 = CYLINDRICAL_SURFACE ( 'NONE', #341, 0.003937007874015749712 ) ;
#5031 = ORIENTED_EDGE ( 'NONE', *, *, #5034, .T. ) ;
#5032 = CARTESIAN_POINT ( 'NONE',  ( 0.1578630796150393978, 0.07874015748031495954, -0.01722440944882283609 ) ) ;
#5033 = VECTOR ( 'NONE', #66, 39.37007874015748143 ) ;
#5034 = EDGE_CURVE ( 'NONE', #7979, #738, #6153, .T. ) ;
#5035 = EDGE_CURVE ( 'NONE', #2417, #492, #1517, .T. ) ;
#5036 = PLANE ( 'NONE',  #6557 ) ;
#5037 = DIRECTION ( 'NONE',  ( 1.677670348322000321E-14, -2.131628207280000159E-13, -1.000000000000000000 ) ) ;
#5038 = VECTOR ( 'NONE', #7649, 39.37007874015748143 ) ;
#5039 = ORIENTED_EDGE ( 'NONE', *, *, #6106, .T. ) ;
#5040 = ORIENTED_EDGE ( 'NONE', *, *, #5906, .F. ) ;
#5041 = CARTESIAN_POINT ( 'NONE',  ( -0.1102362204724803146, -0.02644984013988976174, -0.1383525925402362411 ) ) ;
#5042 = EDGE_LOOP ( 'NONE', ( #5787, #5645, #8214, #6759 ) ) ;
#5043 = PLANE ( 'NONE',  #4363 ) ;
#5044 = ORIENTED_EDGE ( 'NONE', *, *, #5970, .T. ) ;
#5045 = DIRECTION ( 'NONE',  ( 1.000000000000000000, 3.485933346496000332E-14, 0.000000000000000000 ) ) ;
#5046 = ORIENTED_EDGE ( 'NONE', *, *, #6907, .F. ) ;
#5047 = DIRECTION ( 'NONE',  ( 1.000000000000000000, 0.000000000000000000, 0.000000000000000000 ) ) ;
#5048 = VECTOR ( 'NONE', #1257, 39.37007874015748143 ) ;
#5049 = DIRECTION ( 'NONE',  ( -0.6427876096867213285, 0.000000000000000000, 0.7660444431188253578 ) ) ;
#5050 = CARTESIAN_POINT ( 'NONE',  ( -0.02460629921259842659, 0.07086614173228346358, 0.000000000000000000 ) ) ;
#5051 = ORIENTED_EDGE ( 'NONE', *, *, #3653, .T. ) ;
#5052 = ORIENTED_EDGE ( 'NONE', *, *, #2189, .F. ) ;
#5053 = LINE ( 'NONE', #4274, #7860 ) ;
#5054 = EDGE_CURVE ( 'NONE', #1582, #7216, #6806, .T. ) ;
#5055 = CARTESIAN_POINT ( 'NONE',  ( -0.08661417322838584065, -0.05511811023622047168, 0.02532139787885039420 ) ) ;
#5056 = LINE ( 'NONE', #1117, #735 ) ;
#5057 = VERTEX_POINT ( 'NONE', #862 ) ;
#5058 = ORIENTED_EDGE ( 'NONE', *, *, #4972, .T. ) ;
#5059 = CARTESIAN_POINT ( 'NONE',  ( 0.08661417322834646937, -0.02874015748031496023, -0.1351503312329527529 ) ) ;
#5060 = DIRECTION ( 'NONE',  ( 0.000000000000000000, 0.000000000000000000, 1.000000000000000000 ) ) ;
#5061 = AXIS2_PLACEMENT_3D ( 'NONE', #5872, #8524, #1718 ) ;
#5062 = LINE ( 'NONE', #1695, #4780 ) ;
#5063 = ORIENTED_EDGE ( 'NONE', *, *, #2034, .T. ) ;
#5064 = DIRECTION ( 'NONE',  ( 1.000000000000000000, 0.000000000000000000, 0.000000000000000000 ) ) ;
#5065 = LINE ( 'NONE', #5903, #3616 ) ;
#5066 = AXIS2_PLACEMENT_3D ( 'NONE', #3014, #1643, #987 ) ;
#5067 = ORIENTED_EDGE ( 'NONE', *, *, #3603, .T. ) ;
#5068 = LINE ( 'NONE', #2987, #2390 ) ;
#5069 = FACE_BOUND ( 'NONE', #3262, .T. ) ;
#5070 = DIRECTION ( 'NONE',  ( 0.000000000000000000, 0.000000000000000000, 1.000000000000000000 ) ) ;
#5071 = ORIENTED_EDGE ( 'NONE', *, *, #5524, .T. ) ;
#5072 = CARTESIAN_POINT ( 'NONE',  ( 0.08661417322834646937, -0.05905511811023622659, 0.06692913385826770867 ) ) ;
#5073 = CIRCLE ( 'NONE', #6200, 0.01181102362204724567 ) ;
#5074 = ADVANCED_FACE ( 'NONE', ( #2202 ), #6467, .F. ) ;
#5075 = LINE ( 'NONE', #1796, #872 ) ;
#5076 = CARTESIAN_POINT ( 'NONE',  ( 0.1696850393700787274, -0.02480314960629921572, -0.1377952755905511861 ) ) ;
#5077 = EDGE_LOOP ( 'NONE', ( #7281, #542, #7795, #67, #7574, #5604, #2997, #1840 ) ) ;
#5078 = CARTESIAN_POINT ( 'NONE',  ( -0.1696850393700787274, 0.01877952755905511889, -0.06889763779527559306 ) ) ;
#5079 = EDGE_CURVE ( 'NONE', #2716, #6378, #5725, .T. ) ;
#5080 = ORIENTED_EDGE ( 'NONE', *, *, #7004, .F. ) ;
#5081 = CARTESIAN_POINT ( 'NONE',  ( 0.000000000000000000, -0.03602362204724409572, -0.1279527559055118058 ) ) ;
#5082 = EDGE_CURVE ( 'NONE', #2716, #434, #1785, .T. ) ;
#5083 = ORIENTED_EDGE ( 'NONE', *, *, #5466, .T. ) ;
#5084 = CARTESIAN_POINT ( 'NONE',  ( 0.1102362204724409434, -0.01299212598425196832, -0.1410558316531889678 ) ) ;
#5085 = VERTEX_POINT ( 'NONE', #1955 ) ;
#5086 = DIRECTION ( 'NONE',  ( 1.000000000000000000, 0.000000000000000000, 0.000000000000000000 ) ) ;
#5087 = VECTOR ( 'NONE', #2123, 39.37007874015748143 ) ;
#5088 = PLANE ( 'NONE',  #2643 ) ;
#5089 = FACE_OUTER_BOUND ( 'NONE', #2095, .T. ) ;
#5090 = AXIS2_PLACEMENT_3D ( 'NONE', #317, #2912, #6917 ) ;
#5091 = EDGE_CURVE ( 'NONE', #414, #2112, #2508, .T. ) ;
#5092 = ORIENTED_EDGE ( 'NONE', *, *, #1786, .F. ) ;
#5093 = ORIENTED_EDGE ( 'NONE', *, *, #7644, .T. ) ;
#5094 = DIRECTION ( 'NONE',  ( 1.000000000000000000, 0.000000000000000000, 0.000000000000000000 ) ) ;
#5095 = AXIS2_PLACEMENT_3D ( 'NONE', #5331, #3197, #2001 ) ;
#5096 = CARTESIAN_POINT ( 'NONE',  ( -0.08661417322838584065, -0.01299212598425590615, 0.000000000000000000 ) ) ;
#5097 = EDGE_CURVE ( 'NONE', #3530, #5304, #3898, .T. ) ;
#5098 = LINE ( 'NONE', #5890, #1128 ) ;
#5099 = EDGE_CURVE ( 'NONE', #2238, #5775, #8202, .T. ) ;
#5100 = FACE_OUTER_BOUND ( 'NONE', #6649, .T. ) ;
#5101 = VERTEX_POINT ( 'NONE', #1871 ) ;
#5102 =( NAMED_UNIT ( * ) PLANE_ANGLE_UNIT ( ) SI_UNIT ( $, .RADIAN. ) );
#5103 = FACE_OUTER_BOUND ( 'NONE', #571, .T. ) ;
#5104 = AXIS2_PLACEMENT_3D ( 'NONE', #2220, #7476, #4903 ) ;
#5105 = LINE ( 'NONE', #3988, #1046 ) ;
#5106 = CARTESIAN_POINT ( 'NONE',  ( 0.09153543307086613179, 0.07480314925740158549, -0.004456559099405512162 ) ) ;
#5107 = DIRECTION ( 'NONE',  ( 0.2676438637873015391, -0.9635179096296053736, 0.000000000000000000 ) ) ;
#5108 = EDGE_CURVE ( 'NONE', #3820, #1885, #2468, .T. ) ;
#5109 = EDGE_CURVE ( 'NONE', #7045, #2617, #1129, .T. ) ;
#5110 = ORIENTED_EDGE ( 'NONE', *, *, #7466, .T. ) ;
#5111 = DIRECTION ( 'NONE',  ( -0.2676438637862028624, -0.9635179096299105739, 0.000000000000000000 ) ) ;
#5112 = CARTESIAN_POINT ( 'NONE',  ( -0.06889763779527559306, -0.02480314960629921572, -0.04330708661417323468 ) ) ;
#5113 = LINE ( 'NONE', #3811, #1466 ) ;
#5114 = EDGE_LOOP ( 'NONE', ( #1768, #2068, #1615, #5187 ) ) ;
#5115 = CARTESIAN_POINT ( 'NONE',  ( -0.1785333490359448938, 0.02243874459450393571, 0.000000000000000000 ) ) ;
#5116 = LINE ( 'NONE', #1014, #1142 ) ;
#5117 = DIRECTION ( 'NONE',  ( 1.000000000000000000, 0.000000000000000000, 0.000000000000000000 ) ) ;
#5118 = EDGE_LOOP ( 'NONE', ( #1655, #7402, #5846, #7610 ) ) ;
#5119 = ORIENTED_EDGE ( 'NONE', *, *, #4743, .F. ) ;
#5120 = FACE_OUTER_BOUND ( 'NONE', #1338, .T. ) ;
#5121 = ORIENTED_EDGE ( 'NONE', *, *, #1808, .T. ) ;
#5122 = LINE ( 'NONE', #1147, #6057 ) ;
#5123 = ORIENTED_EDGE ( 'NONE', *, *, #3721, .T. ) ;
#5124 = FACE_OUTER_BOUND ( 'NONE', #3548, .T. ) ;
#5125 = ORIENTED_EDGE ( 'NONE', *, *, #6263, .F. ) ;
#5126 = DIRECTION ( 'NONE',  ( 0.000000000000000000, -1.000000000000000000, 0.000000000000000000 ) ) ;
#5127 = ADVANCED_FACE ( 'NONE', ( #4587 ), #4496, .F. ) ;
#5128 = B_SPLINE_CURVE_WITH_KNOTS ( 'NONE', 3,
 ( #7647, #7077, #1177, #8256 ),
 .UNSPECIFIED., .F., .F.,
 ( 4, 4 ),
 ( 3.030349920940030879E-17, 0.0001497553586966031869 ),
 .UNSPECIFIED. ) ;
#5129 = LINE ( 'NONE', #6362, #7505 ) ;
#5130 = AXIS2_PLACEMENT_3D ( 'NONE', #2241, #4270, #7542 ) ;
#5131 = ORIENTED_EDGE ( 'NONE', *, *, #1558, .F. ) ;
#5132 = CARTESIAN_POINT ( 'NONE',  ( 0.01073431161089763788, 0.07086614173228346358, -0.09842519685039370636 ) ) ;
#5133 = ORIENTED_EDGE ( 'NONE', *, *, #7183, .F. ) ;
#5134 = VERTEX_POINT ( 'NONE', #3764 ) ;
#5135 = CARTESIAN_POINT ( 'NONE',  ( 0.1053149606299212532, -0.04724409448818897572, -0.04330708661417323468 ) ) ;
#5136 = CIRCLE ( 'NONE', #2786, 0.007874015748031495954 ) ;
#5137 = EDGE_CURVE ( 'NONE', #1146, #2022, #7769, .T. ) ;
#5138 = EDGE_CURVE ( 'NONE', #1494, #292, #2557, .T. ) ;
#5139 = CARTESIAN_POINT ( 'NONE',  ( -0.06889763779527559306, -0.04724409448818897572, -0.04330708661417323468 ) ) ;
#5140 = DIRECTION ( 'NONE',  ( 1.000000000000000000, 0.000000000000000000, 0.000000000000000000 ) ) ;
#5141 = VECTOR ( 'NONE', #7395, 39.37007874015748143 ) ;
#5142 = VECTOR ( 'NONE', #7324, 39.37007874015748143 ) ;
#5143 = CARTESIAN_POINT ( 'NONE',  ( 0.08661417322834646937, -0.01889763779527559029, -0.06889763779527559306 ) ) ;
#5144 = LINE ( 'NONE', #7243, #2861 ) ;
#5145 = ORIENTED_EDGE ( 'NONE', *, *, #2445, .F. ) ;
#5146 = DIRECTION ( 'NONE',  ( 0.000000000000000000, 0.5817406044676912691, -0.8133743720535858701 ) ) ;
#5147 = DIRECTION ( 'NONE',  ( 0.9999342502356411977, 0.01146713589725046473, 0.000000000000000000 ) ) ;
#5148 = CARTESIAN_POINT ( 'NONE',  ( 0.1427165354330708902, -0.05905511811023622659, -0.1161417322834645688 ) ) ;
#5149 = CARTESIAN_POINT ( 'NONE',  ( 0.1712141755981102520, 0.07086614173228346358, -0.03543307086614566614 ) ) ;
#5150 = VECTOR ( 'NONE', #8193, 39.37007874015748143 ) ;
#5151 = VECTOR ( 'NONE', #4578, 39.37007874015748143 ) ;
#5152 = LINE ( 'NONE', #8549, #6255 ) ;
#5153 = AXIS2_PLACEMENT_3D ( 'NONE', #6839, #2481, #5821 ) ;
#5154 = EDGE_LOOP ( 'NONE', ( #804, #6744, #7370, #2276 ) ) ;
#5155 = DIRECTION ( 'NONE',  ( 0.000000000000000000, 0.000000000000000000, -1.000000000000000000 ) ) ;
#5156 = CARTESIAN_POINT ( 'NONE',  ( -0.1102362204724409434, -0.04559749532039369946, 0.02802598234636220417 ) ) ;
#5157 = FACE_BOUND ( 'NONE', #1012, .T. ) ;
#5158 = CARTESIAN_POINT ( 'NONE',  ( -0.1785333490359448938, 0.02243874459449999789, -0.1377952755905511861 ) ) ;
#5159 = ORIENTED_EDGE ( 'NONE', *, *, #3171, .T. ) ;
#5160 = LINE ( 'NONE', #4337, #5794 ) ;
#5161 = EDGE_CURVE ( 'NONE', #6049, #7985, #3806, .T. ) ;
#5162 = AXIS2_PLACEMENT_3D ( 'NONE', #2263, #4908, #3809 ) ;
#5163 = LINE ( 'NONE', #5866, #1979 ) ;
#5164 = CARTESIAN_POINT ( 'NONE',  ( -0.07283464566929134798, 0.07874015748031495954, -0.03740157480314960925 ) ) ;
#5165 = ORIENTED_EDGE ( 'NONE', *, *, #3996, .T. ) ;
#5166 = ORIENTED_EDGE ( 'NONE', *, *, #2937, .F. ) ;
#5167 = CARTESIAN_POINT ( 'NONE',  ( 0.1102362204724409434, -0.05740842757657479978, -0.1604947548546062919 ) ) ;
#5168 = ORIENTED_EDGE ( 'NONE', *, *, #2819, .T. ) ;
#5169 = CARTESIAN_POINT ( 'NONE',  ( 0.01181102362202755829, -0.02480314960629921572, -0.1351503312329527529 ) ) ;
#5170 = ORIENTED_EDGE ( 'NONE', *, *, #4189, .F. ) ;
#5171 = VECTOR ( 'NONE', #1348, 39.37007874015748143 ) ;
#5172 = CYLINDRICAL_SURFACE ( 'NONE', #3239, 0.001968503937007870519 ) ;
#5173 = EDGE_LOOP ( 'NONE', ( #1926, #488, #1821, #1697 ) ) ;
#5174 = CARTESIAN_POINT ( 'NONE',  ( 0.1102362204724409434, -0.05740842757649606415, -0.1604947548545669067 ) ) ;
#5175 = AXIS2_PLACEMENT_3D ( 'NONE', #6844, #1394, #1553 ) ;
#5176 = PLANE ( 'NONE',  #7225 ) ;
#5177 = LINE ( 'NONE', #8487, #173 ) ;
#5178 = VERTEX_POINT ( 'NONE', #4457 ) ;
#5179 = EDGE_LOOP ( 'NONE', ( #7633, #4305, #6316, #3399 ) ) ;
#5180 = LINE ( 'NONE', #2453, #4116 ) ;
#5181 = AXIS2_PLACEMENT_3D ( 'NONE', #6991, #2473, #1093 ) ;
#5182 = CARTESIAN_POINT ( 'NONE',  ( -0.08661417322838584065, -0.04724409448818897572, -0.2047244094488188948 ) ) ;
#5183 = LINE ( 'NONE', #8539, #3607 ) ;
#5184 = EDGE_CURVE ( 'NONE', #8321, #4877, #3199, .T. ) ;
#5185 = DIRECTION ( 'NONE',  ( 0.000000000000000000, 1.000000000000000000, 0.000000000000000000 ) ) ;
#5186 = CARTESIAN_POINT ( 'NONE',  ( 0.06889763779527559306, -0.02480314960629921572, -0.04330708661417323468 ) ) ;
#5187 = ORIENTED_EDGE ( 'NONE', *, *, #6280, .T. ) ;
#5188 = CARTESIAN_POINT ( 'NONE',  ( 0.1505905511811023723, 0.07086614173228346358, -0.1033464566929133965 ) ) ;
#5189 = LINE ( 'NONE', #1998, #5516 ) ;
#5190 = EDGE_CURVE ( 'NONE', #5826, #406, #5136, .T. ) ;
#5191 = EDGE_CURVE ( 'NONE', #3084, #7882, #5065, .T. ) ;
#5192 = DIRECTION ( 'NONE',  ( 0.000000000000000000, 1.000000000000000000, 0.000000000000000000 ) ) ;
#5193 = EDGE_CURVE ( 'NONE', #5304, #3124, #1087, .T. ) ;
#5194 = DIRECTION ( 'NONE',  ( -1.000000000000000000, 0.000000000000000000, 0.000000000000000000 ) ) ;
#5195 = ORIENTED_EDGE ( 'NONE', *, *, #4395, .F. ) ;
#5196 = CARTESIAN_POINT ( 'NONE',  ( -0.1210629921259842590, -0.05905511811023622659, -0.04330708661417323468 ) ) ;
#5197 = LINE ( 'NONE', #703, #2896 ) ;
#5198 = CARTESIAN_POINT ( 'NONE',  ( -0.1200787401574803237, 0.07086614173228346358, -0.008858267716527559038 ) ) ;
#5199 = DIRECTION ( 'NONE',  ( 0.000000000000000000, 0.000000000000000000, 1.000000000000000000 ) ) ;
#5200 = EDGE_LOOP ( 'NONE', ( #4439, #1181, #2672, #3482 ) ) ;
#5201 = DIRECTION ( 'NONE',  ( -0.000000000000000000, 1.000000000000000000, 0.000000000000000000 ) ) ;
#5202 = LINE ( 'NONE', #4554, #4321 ) ;
#5203 = EDGE_CURVE ( 'NONE', #1597, #6454, #5152, .T. ) ;
#5204 = CARTESIAN_POINT ( 'NONE',  ( 0.08661417322834646937, -0.02874015748031496023, -0.003225287050151574592 ) ) ;
#5205 = ORIENTED_EDGE ( 'NONE', *, *, #2338, .F. ) ;
#5206 = ADVANCED_FACE ( 'NONE', ( #5237 ), #1911, .F. ) ;
#5207 = ORIENTED_EDGE ( 'NONE', *, *, #8150, .F. ) ;
#5208 = DIRECTION ( 'NONE',  ( 1.000000000000000000, 0.000000000000000000, 0.000000000000000000 ) ) ;
#5209 = AXIS2_PLACEMENT_3D ( 'NONE', #7058, #1339, #4758 ) ;
#5210 = VERTEX_POINT ( 'NONE', #3111 ) ;
#5211 = DIRECTION ( 'NONE',  ( 0.000000000000000000, 4.981908982570890855E-13, 1.000000000000000000 ) ) ;
#5212 = ORIENTED_EDGE ( 'NONE', *, *, #4778, .F. ) ;
#5213 = LINE ( 'NONE', #2064, #3514 ) ;
#5214 = DIRECTION ( 'NONE',  ( 1.000000000000000000, 0.000000000000000000, 0.000000000000000000 ) ) ;
#5215 = VECTOR ( 'NONE', #2158, 39.37007874015748143 ) ;
#5216 = DIRECTION ( 'NONE',  ( -0.000000000000000000, 0.5817638113834149305, 0.8133577735318219259 ) ) ;
#5217 = ORIENTED_EDGE ( 'NONE', *, *, #85, .F. ) ;
#5218 = EDGE_LOOP ( 'NONE', ( #1985, #6009, #363, #7732 ) ) ;
#5219 = DIRECTION ( 'NONE',  ( 1.000000000000000000, 0.000000000000000000, 0.000000000000000000 ) ) ;
#5220 = ORIENTED_EDGE ( 'NONE', *, *, #1175, .F. ) ;
#5221 = ORIENTED_EDGE ( 'NONE', *, *, #3669, .F. ) ;
#5222 = VERTEX_POINT ( 'NONE', #5615 ) ;
#5223 = CARTESIAN_POINT ( 'NONE',  ( 0.01181102362202755829, -0.04330708661417323468, 0.03122817830516141924 ) ) ;
#5224 = VECTOR ( 'NONE', #5147, 39.37007874015748854 ) ;
#5225 = DIRECTION ( 'NONE',  ( 1.000000000000000000, 0.000000000000000000, 0.000000000000000000 ) ) ;
#5226 = VECTOR ( 'NONE', #677, 39.37007874015748143 ) ;
#5227 = DIRECTION ( 'NONE',  ( 0.000000000000000000, 0.000000000000000000, -1.000000000000000000 ) ) ;
#5228 = DIRECTION ( 'NONE',  ( 0.000000000000000000, -1.000000000000000000, 0.000000000000000000 ) ) ;
#5229 = CARTESIAN_POINT ( 'NONE',  ( -0.1505905511811023723, 0.07086614173228346358, -0.1033464566929133965 ) ) ;
#5230 = ORIENTED_EDGE ( 'NONE', *, *, #1882, .F. ) ;
#5231 = CARTESIAN_POINT ( 'NONE',  ( 0.07086614173228346358, 0.07874015748031495954, -0.1023622047244094474 ) ) ;
#5232 = CARTESIAN_POINT ( 'NONE',  ( 0.1402556030835433176, 0.07874015748031495954, 0.000000000000000000 ) ) ;
#5233 = CARTESIAN_POINT ( 'NONE',  ( 0.07283464566929134798, 0.07086614173228346358, -0.03740157480314960925 ) ) ;
#5234 = CYLINDRICAL_SURFACE ( 'NONE', #5668, 0.001968503937007870519 ) ;
#5235 = VECTOR ( 'NONE', #2268, 39.37007874015748143 ) ;
#5236 = EDGE_CURVE ( 'NONE', #1382, #8532, #5656, .T. ) ;
#5237 = FACE_OUTER_BOUND ( 'NONE', #460, .T. ) ;
#5238 = EDGE_CURVE ( 'NONE', #3272, #2920, #5829, .T. ) ;
#5239 = VECTOR ( 'NONE', #1616, 39.37007874015748143 ) ;
#5240 = VERTEX_POINT ( 'NONE', #6262 ) ;
#5241 = CARTESIAN_POINT ( 'NONE',  ( -0.1786236414445669662, 0.03031224262785648174, -0.09842519685039365085 ) ) ;
#5242 = PLANE ( 'NONE',  #7759 ) ;
#5243 = DIRECTION ( 'NONE',  ( -0.9999342502356429740, -0.01146713589710050135, 5.712822733012610799E-15 ) ) ;
#5244 = LINE ( 'NONE', #3300, #1734 ) ;
#5245 = VERTEX_POINT ( 'NONE', #2996 ) ;
#5246 = CARTESIAN_POINT ( 'NONE',  ( -0.08661417322838584065, -0.05905511811023622659, -0.2047244094488188948 ) ) ;
#5247 = EDGE_CURVE ( 'NONE', #4514, #2998, #8307, .T. ) ;
#5248 = AXIS2_PLACEMENT_3D ( 'NONE', #7865, #1874, #5812 ) ;
#5249 = EDGE_CURVE ( 'NONE', #1883, #2335, #7655, .T. ) ;
#5250 = EDGE_CURVE ( 'NONE', #7784, #4990, #1143, .T. ) ;
#5251 = LINE ( 'NONE', #2520, #4191 ) ;
#5252 = CARTESIAN_POINT ( 'NONE',  ( 0.01998681779692519644, 0.02677165354331102406, -0.007874015748031495954 ) ) ;
#5253 = ORIENTED_EDGE ( 'NONE', *, *, #700, .T. ) ;
#5254 = EDGE_LOOP ( 'NONE', ( #4038, #637, #750, #3408 ) ) ;
#5255 = CARTESIAN_POINT ( 'NONE',  ( -0.1496062992125984370, 0.07874015748031495954, -0.1023622047244094474 ) ) ;
#5256 = EDGE_LOOP ( 'NONE', ( #6055, #7936, #7256, #7212 ) ) ;
#5257 = CARTESIAN_POINT ( 'NONE',  ( -0.06889763779527559306, -0.04724409448818897572, -0.07578740157480315376 ) ) ;
#5258 = VERTEX_POINT ( 'NONE', #7083 ) ;
#5259 = CARTESIAN_POINT ( 'NONE',  ( -0.1786909414324409362, 0.03618080156895669280, -0.1010498687664173195 ) ) ;
#5260 = ORIENTED_EDGE ( 'NONE', *, *, #8080, .T. ) ;
#5261 = LINE ( 'NONE', #7928, #4538 ) ;
#5262 = DIRECTION ( 'NONE',  ( 0.000000000000000000, 1.000000000000000000, 0.000000000000000000 ) ) ;
#5263 = ORIENTED_EDGE ( 'NONE', *, *, #2391, .F. ) ;
#5264 = EDGE_CURVE ( 'NONE', #6538, #3369, #1713, .T. ) ;
#5265 = EDGE_LOOP ( 'NONE', ( #1281, #6722, #6678, #2081 ) ) ;
#5266 = DIRECTION ( 'NONE',  ( 0.000000000000000000, -0.5817406044563159240, 0.8133743720617218065 ) ) ;
#5267 = ORIENTED_EDGE ( 'NONE', *, *, #7193, .F. ) ;
#5268 = ORIENTED_EDGE ( 'NONE', *, *, #4497, .F. ) ;
#5269 = ORIENTED_EDGE ( 'NONE', *, *, #4718, .F. ) ;
#5270 = DIRECTION ( 'NONE',  ( 0.000000000000000000, 0.000000000000000000, -1.000000000000000000 ) ) ;
#5271 = AXIS2_PLACEMENT_3D ( 'NONE', #8486, #1153, #5667 ) ;
#5272 = CARTESIAN_POINT ( 'NONE',  ( 0.09101189478972442071, 0.06988188976377952832, 0.000000000000000000 ) ) ;
#5273 = PLANE ( 'NONE',  #7931 ) ;
#5274 = DIRECTION ( 'NONE',  ( -1.000000000000000000, 0.000000000000000000, 0.000000000000000000 ) ) ;
#5275 = EDGE_CURVE ( 'NONE', #4348, #2991, #1056, .T. ) ;
#5276 = DIRECTION ( 'NONE',  ( 1.000000000000000000, 0.000000000000000000, 0.000000000000000000 ) ) ;
#5277 = VERTEX_POINT ( 'NONE', #2352 ) ;
#5278 = VECTOR ( 'NONE', #3280, 39.37007874015748143 ) ;
#5279 = CARTESIAN_POINT ( 'NONE',  ( -0.08661417322838584065, -0.02874015748031496023, -0.1351503312329527529 ) ) ;
#5280 = AXIS2_PLACEMENT_3D ( 'NONE', #4017, #5216, #680 ) ;
#5281 = PLANE ( 'NONE',  #7467 ) ;
#5282 = DIRECTION ( 'NONE',  ( 1.000000000000000000, 0.000000000000000000, 0.000000000000000000 ) ) ;
#5283 = LINE ( 'NONE', #3851, #131 ) ;
#5284 = VECTOR ( 'NONE', #2057, 39.37007874015748143 ) ;
#5285 = DIRECTION ( 'NONE',  ( 1.000000000000000000, 0.000000000000000000, 0.000000000000000000 ) ) ;
#5286 = VECTOR ( 'NONE', #4100, 39.37007874015748143 ) ;
#5287 = VERTEX_POINT ( 'NONE', #3690 ) ;
#5288 = CARTESIAN_POINT ( 'NONE',  ( -0.08661417322838584065, -0.02480314960629921572, -0.1377952755905511861 ) ) ;
#5289 = FACE_OUTER_BOUND ( 'NONE', #4790, .T. ) ;
#5290 = DIRECTION ( 'NONE',  ( 0.000000000000000000, 0.000000000000000000, -1.000000000000000000 ) ) ;
#5291 = DIRECTION ( 'NONE',  ( 0.000000000000000000, -1.000000000000000000, -2.368475785867000094E-14 ) ) ;
#5292 = VECTOR ( 'NONE', #3536, 39.37007874015748143 ) ;
#5293 = EDGE_LOOP ( 'NONE', ( #5418, #5933, #3611, #6395 ) ) ;
#5294 = CARTESIAN_POINT ( 'NONE',  ( 0.1505905511811023723, 0.07086614173228346358, -0.1377952755905511861 ) ) ;
#5295 = AXIS2_PLACEMENT_3D ( 'NONE', #3817, #6478, #527 ) ;
#5296 = VECTOR ( 'NONE', #2917, 39.37007874015748143 ) ;
#5297 = DIRECTION ( 'NONE',  ( 0.000000000000000000, 0.000000000000000000, -1.000000000000000000 ) ) ;
#5298 = CARTESIAN_POINT ( 'NONE',  ( 0.08661417322834646937, -0.04330708661417323468, -0.1696038517685826696 ) ) ;
#5299 = ORIENTED_EDGE ( 'NONE', *, *, #4352, .T. ) ;
#5300 = ORIENTED_EDGE ( 'NONE', *, *, #8076, .F. ) ;
#5301 = CARTESIAN_POINT ( 'NONE',  ( 0.08267716535433070058, -0.02480314960629921572, -0.04330708661417323468 ) ) ;
#5302 = ORIENTED_EDGE ( 'NONE', *, *, #1502, .T. ) ;
#5303 = DIRECTION ( 'NONE',  ( 1.000000000000000000, 0.000000000000000000, 0.000000000000000000 ) ) ;
#5304 = VERTEX_POINT ( 'NONE', #6349 ) ;
#5305 = DIRECTION ( 'NONE',  ( 0.000000000000000000, 1.000000000000000000, 0.000000000000000000 ) ) ;
#5306 = ORIENTED_EDGE ( 'NONE', *, *, #1417, .T. ) ;
#5307 = LINE ( 'NONE', #7403, #6906 ) ;
#5308 = EDGE_CURVE ( 'NONE', #2775, #4917, #6437, .T. ) ;
#5309 = EDGE_CURVE ( 'NONE', #8255, #1537, #4955, .T. ) ;
#5310 = VECTOR ( 'NONE', #2949, 39.37007874015748143 ) ;
#5311 = UNCERTAINTY_MEASURE_WITH_UNIT (LENGTH_MEASURE( 1.000000000000000082E-05 ), #5898, 'distance_accuracy_value', 'NONE');
#5312 = CARTESIAN_POINT ( 'NONE',  ( 0.01181102362202755829, -0.01463872515205118068, -0.1442580276120078997 ) ) ;
#5313 = VECTOR ( 'NONE', #3671, 39.37007874015748143 ) ;
#5314 = ORIENTED_EDGE ( 'NONE', *, *, #6046, .T. ) ;
#5315 = FACE_OUTER_BOUND ( 'NONE', #7490, .T. ) ;
#5316 = ORIENTED_EDGE ( 'NONE', *, *, #7571, .T. ) ;
#5317 = VERTEX_POINT ( 'NONE', #8264 ) ;
#5318 = VERTEX_POINT ( 'NONE', #1098 ) ;
#5319 = CARTESIAN_POINT ( 'NONE',  ( 0.1318897637795275746, -0.05314960629921260116, -0.1161417322834645688 ) ) ;
#5320 = ADVANCED_FACE ( 'NONE', ( #445 ), #485, .T. ) ;
#5321 = AXIS2_PLACEMENT_3D ( 'NONE', #413, #1846, #4517 ) ;
#5322 = DIRECTION ( 'NONE',  ( 0.000000000000000000, 1.000000000000000000, 0.000000000000000000 ) ) ;
#5323 = DIRECTION ( 'NONE',  ( 0.000000000000000000, 1.000000000000000000, 0.000000000000000000 ) ) ;
#5324 = DIRECTION ( 'NONE',  ( 0.000000000000000000, 0.000000000000000000, -1.000000000000000000 ) ) ;
#5325 = DIRECTION ( 'NONE',  ( -0.7453559925025907695, 7.444854917733796693E-14, 0.6666666666636917871 ) ) ;
#5326 = VECTOR ( 'NONE', #2871, 39.37007874015748143 ) ;
#5327 = VERTEX_POINT ( 'NONE', #2434 ) ;
#5328 = EDGE_CURVE ( 'NONE', #5345, #4613, #6393, .T. ) ;
#5329 = DIRECTION ( 'NONE',  ( 0.9999342502356441953, 0.01146713589699902176, -1.332024954610796336E-15 ) ) ;
#5330 = PLANE ( 'NONE',  #8562 ) ;
#5331 = CARTESIAN_POINT ( 'NONE',  ( -0.1200787401574803237, 0.07874015748031495954, -0.1358267716535433156 ) ) ;
#5332 = VECTOR ( 'NONE', #3630, 39.37007874015748143 ) ;
#5333 = LINE ( 'NONE', #1353, #2625 ) ;
#5334 = ORIENTED_EDGE ( 'NONE', *, *, #2814, .T. ) ;
#5335 = CARTESIAN_POINT ( 'NONE',  ( -0.1549212598425196985, -0.04724409448818897572, -0.1279527559055118058 ) ) ;
#5336 = CARTESIAN_POINT ( 'NONE',  ( 0.1781496062992126150, 0.03188976377951574515, -0.1023622047244094474 ) ) ;
#5337 = LINE ( 'NONE', #2049, #7157 ) ;
#5338 = DIRECTION ( 'NONE',  ( 0.000000000000000000, 1.000000000000000000, 0.000000000000000000 ) ) ;
#5339 = ORIENTED_EDGE ( 'NONE', *, *, #7644, .F. ) ;
#5340 = LINE ( 'NONE', #2608, #7603 ) ;
#5341 = CARTESIAN_POINT ( 'NONE',  ( 0.1696850393700787274, -0.02480314960629921572, 0.000000000000000000 ) ) ;
#5342 = ORIENTED_EDGE ( 'NONE', *, *, #9, .F. ) ;
#5343 = VERTEX_POINT ( 'NONE', #8347 ) ;
#5344 = CARTESIAN_POINT ( 'NONE',  ( -0.04625984251968504046, -0.04724409448818897572, -0.06200787401574803237 ) ) ;
#5345 = VERTEX_POINT ( 'NONE', #1671 ) ;
#5346 = CARTESIAN_POINT ( 'NONE',  ( -0.08661417322838584065, -0.02480314960629921572, -0.07578740157480315376 ) ) ;
#5347 = VERTEX_POINT ( 'NONE', #362 ) ;
#5348 = FACE_OUTER_BOUND ( 'NONE', #5519, .T. ) ;
#5349 = ORIENTED_EDGE ( 'NONE', *, *, #7330, .T. ) ;
#5350 = CARTESIAN_POINT ( 'NONE',  ( 0.1781496062992126150, 0.03188976377953149643, -0.03543307086614566614 ) ) ;
#5351 = VECTOR ( 'NONE', #7318, 39.37007874015748143 ) ;
#5352 = EDGE_CURVE ( 'NONE', #2225, #414, #4469, .T. ) ;
#5353 =( NAMED_UNIT ( * ) SI_UNIT ( $, .STERADIAN. ) SOLID_ANGLE_UNIT ( ) );
#5354 = VECTOR ( 'NONE', #4485, 39.37007874015748143 ) ;
#5355 = EDGE_CURVE ( 'NONE', #772, #2235, #1839, .T. ) ;
#5356 = ORIENTED_EDGE ( 'NONE', *, *, #384, .T. ) ;
#5357 = DIRECTION ( 'NONE',  ( 1.000000000000000000, 0.000000000000000000, 0.000000000000000000 ) ) ;
#5358 = VERTEX_POINT ( 'NONE', #7697 ) ;
#5359 = VERTEX_POINT ( 'NONE', #1752 ) ;
#5360 = ORIENTED_EDGE ( 'NONE', *, *, #2538, .T. ) ;
#5361 = CARTESIAN_POINT ( 'NONE',  ( 0.04625984251968504046, -0.02480314960629921572, -0.07578740157480315376 ) ) ;
#5362 = VECTOR ( 'NONE', #7991, 39.37007874015748143 ) ;
#5363 = EDGE_CURVE ( 'NONE', #4526, #305, #1797, .T. ) ;
#5364 = PLANE ( 'NONE',  #718 ) ;
#5365 = ADVANCED_FACE ( 'NONE', ( #5779 ), #8427, .F. ) ;
#5366 = DIRECTION ( 'NONE',  ( 0.000000000000000000, 1.000000000000000000, 0.000000000000000000 ) ) ;
#5367 = CYLINDRICAL_SURFACE ( 'NONE', #6272, 0.003937007874015747977 ) ;
#5368 = DIRECTION ( 'NONE',  ( 0.000000000000000000, 0.000000000000000000, 1.000000000000000000 ) ) ;
#5369 = EDGE_LOOP ( 'NONE', ( #6826, #5748, #1543, #8400, #8314, #3527, #2755, #4205, #84, #5883 ) ) ;
#5370 = DIRECTION ( 'NONE',  ( 0.000000000000000000, 1.000000000000000000, 0.000000000000000000 ) ) ;
#5371 = DIRECTION ( 'NONE',  ( -1.000000000000000000, 0.000000000000000000, 0.000000000000000000 ) ) ;
#5372 = LINE ( 'NONE', #912, #2070 ) ;
#5373 = AXIS2_PLACEMENT_3D ( 'NONE', #4631, #7295, #3335 ) ;
#5374 = PLANE ( 'NONE',  #6793 ) ;
#5375 = ADVANCED_FACE ( 'NONE', ( #7919 ), #3960, .F. ) ;
#5376 = ADVANCED_FACE ( 'NONE', ( #2611 ), #2567, .T. ) ;
#5377 = ORIENTED_EDGE ( 'NONE', *, *, #3150, .F. ) ;
#5378 = DIRECTION ( 'NONE',  ( 0.000000000000000000, 0.000000000000000000, -1.000000000000000000 ) ) ;
#5379 = CARTESIAN_POINT ( 'NONE',  ( 0.1309055037064358051, 0.07874015748028741213, -0.008858267716534605485 ) ) ;
#5380 = VECTOR ( 'NONE', #1964, 39.37007874015748143 ) ;
#5381 = CARTESIAN_POINT ( 'NONE',  ( 0.08661417322834646937, -0.02480314960629921572, -0.009842519685039369942 ) ) ;
#5382 = ORIENTED_EDGE ( 'NONE', *, *, #384, .F. ) ;
#5383 = CARTESIAN_POINT ( 'NONE',  ( -0.1240157480314960647, 0.07086614173228346358, -0.1377952755905511861 ) ) ;
#5384 = EDGE_CURVE ( 'NONE', #738, #7933, #7831, .T. ) ;
#5385 = EDGE_CURVE ( 'NONE', #8023, #4902, #7265, .T. ) ;
#5386 = EDGE_CURVE ( 'NONE', #6628, #410, #4731, .T. ) ;
#5387 = VECTOR ( 'NONE', #2299, 39.37007874015748143 ) ;
#5388 = LINE ( 'NONE', #2740, #2656 ) ;
#5389 = ORIENTED_EDGE ( 'NONE', *, *, #4210, .T. ) ;
#5390 = ORIENTED_EDGE ( 'NONE', *, *, #7031, .T. ) ;
#5391 = LINE ( 'NONE', #145, #6977 ) ;
#5392 = ORIENTED_EDGE ( 'NONE', *, *, #7951, .F. ) ;
#5393 = DIRECTION ( 'NONE',  ( 1.000000000000000000, 0.000000000000000000, 0.000000000000000000 ) ) ;
#5394 = ORIENTED_EDGE ( 'NONE', *, *, #3189, .T. ) ;
#5395 = FACE_OUTER_BOUND ( 'NONE', #3091, .T. ) ;
#5396 = ORIENTED_EDGE ( 'NONE', *, *, #3758, .F. ) ;
#5397 = CARTESIAN_POINT ( 'NONE',  ( -0.1785333490359448938, 0.02243874459449999789, -0.03149606299207874383 ) ) ;
#5398 = VECTOR ( 'NONE', #1402, 39.37007874015748143 ) ;
#5399 = DIRECTION ( 'NONE',  ( 1.000000000000000000, 0.000000000000000000, 0.000000000000000000 ) ) ;
#5400 = ORIENTED_EDGE ( 'NONE', *, *, #8460, .F. ) ;
#5401 = CARTESIAN_POINT ( 'NONE',  ( 0.1505905511811023723, 0.07874015748031495954, -0.1033464566929133965 ) ) ;
#5402 = VERTEX_POINT ( 'NONE', #8518 ) ;
#5403 = EDGE_LOOP ( 'NONE', ( #283, #1306, #3274, #2132 ) ) ;
#5404 = ORIENTED_EDGE ( 'NONE', *, *, #676, .T. ) ;
#5405 = LINE ( 'NONE', #775, #3133 ) ;
#5406 = PLANE ( 'NONE',  #1956 ) ;
#5407 = FACE_OUTER_BOUND ( 'NONE', #5218, .T. ) ;
#5408 = CARTESIAN_POINT ( 'NONE',  ( 0.06889763779527559306, -0.02480314960629921572, -0.04330708661417323468 ) ) ;
#5409 = CARTESIAN_POINT ( 'NONE',  ( 0.08661417322834646937, -0.02480314960629921572, -0.06200787401574803237 ) ) ;
#5410 = ORIENTED_EDGE ( 'NONE', *, *, #664, .T. ) ;
#5411 = LINE ( 'NONE', #4851, #5087 ) ;
#5412 = DIRECTION ( 'NONE',  ( 1.000000000000000000, 0.000000000000000000, 0.000000000000000000 ) ) ;
#5413 = EDGE_CURVE ( 'NONE', #5917, #2986, #2751, .T. ) ;
#5414 = EDGE_CURVE ( 'NONE', #5775, #6374, #1925, .T. ) ;
#5415 = DIRECTION ( 'NONE',  ( 3.286260152890000141E-14, 0.000000000000000000, 1.000000000000000000 ) ) ;
#5416 = VECTOR ( 'NONE', #3496, 39.37007874015748854 ) ;
#5417 = VECTOR ( 'NONE', #5049, 39.37007874015748854 ) ;
#5418 = ORIENTED_EDGE ( 'NONE', *, *, #6287, .T. ) ;
#5419 = LINE ( 'NONE', #6694, #2137 ) ;
#5420 = LINE ( 'NONE', #1532, #2325 ) ;
#5421 = DIRECTION ( 'NONE',  ( 0.000000000000000000, -1.000000000000000000, 0.000000000000000000 ) ) ;
#5422 = EDGE_LOOP ( 'NONE', ( #5525, #2780, #7532, #1507 ) ) ;
#5423 = DIRECTION ( 'NONE',  ( 0.000000000000000000, 0.000000000000000000, 1.000000000000000000 ) ) ;
#5424 = VECTOR ( 'NONE', #6570, 39.37007874015748143 ) ;
#5425 = AXIS2_PLACEMENT_3D ( 'NONE', #6625, #72, #5969 ) ;
#5426 = EDGE_CURVE ( 'NONE', #17, #7071, #8563, .T. ) ;
#5427 = LINE ( 'NONE', #185, #4586 ) ;
#5428 = CIRCLE ( 'NONE', #2933, 0.003937007874015749712 ) ;
#5429 = VERTEX_POINT ( 'NONE', #6480 ) ;
#5430 = VERTEX_POINT ( 'NONE', #5818 ) ;
#5431 = VECTOR ( 'NONE', #8263, 39.37007874015748143 ) ;
#5432 = DIRECTION ( 'NONE',  ( -1.000000000000000000, 0.000000000000000000, 0.000000000000000000 ) ) ;
#5433 = ORIENTED_EDGE ( 'NONE', *, *, #6061, .T. ) ;
#5434 = DIRECTION ( 'NONE',  ( 0.000000000000000000, -0.5817406044563159240, -0.8133743720617218065 ) ) ;
#5435 = DIRECTION ( 'NONE',  ( -9.992007221625999918E-14, -1.000000000000000000, 4.051675120504480400E-26 ) ) ;
#5436 = ORIENTED_EDGE ( 'NONE', *, *, #35, .F. ) ;
#5437 = EDGE_CURVE ( 'NONE', #1347, #1534, #6660, .T. ) ;
#5438 = CARTESIAN_POINT ( 'NONE',  ( -0.08661417322838584065, -0.01299212598425196832, -0.1377952755905511861 ) ) ;
#5439 = VECTOR ( 'NONE', #1508, 39.37007874015748143 ) ;
#5440 = VECTOR ( 'NONE', #2457, 39.37007874015748143 ) ;
#5441 = LINE ( 'NONE', #7447, #2659 ) ;
#5442 = ORIENTED_EDGE ( 'NONE', *, *, #3891, .T. ) ;
#5443 = CARTESIAN_POINT ( 'NONE',  ( -0.08267716535433070058, -0.02480314960629921572, -0.07578740157480315376 ) ) ;
#5444 = ORIENTED_EDGE ( 'NONE', *, *, #8131, .T. ) ;
#5445 = EDGE_LOOP ( 'NONE', ( #4208, #2795, #2426, #5433 ) ) ;
#5446 = ORIENTED_EDGE ( 'NONE', *, *, #2103, .F. ) ;
#5447 = VECTOR ( 'NONE', #7565, 39.37007874015748143 ) ;
#5448 = DIRECTION ( 'NONE',  ( 0.000000000000000000, 0.000000000000000000, 1.000000000000000000 ) ) ;
#5449 = VECTOR ( 'NONE', #2089, 39.37007874015748143 ) ;
#5450 = CARTESIAN_POINT ( 'NONE',  ( 0.1589566929133858497, 0.07480314960629921850, -0.1033464566929133965 ) ) ;
#5451 = CARTESIAN_POINT ( 'NONE',  ( 0.1210629921259842590, -0.05314960629921260116, -0.1053149606299212532 ) ) ;
#5452 = FACE_OUTER_BOUND ( 'NONE', #210, .T. ) ;
#5453 = ORIENTED_EDGE ( 'NONE', *, *, #6369, .F. ) ;
#5454 = CARTESIAN_POINT ( 'NONE',  ( -0.01181102362205511611, -0.01299212598425196832, -0.1377952755905511861 ) ) ;
#5455 = ADVANCED_FACE ( 'NONE', ( #58 ), #528, .T. ) ;
#5456 = VECTOR ( 'NONE', #917, 39.37007874015748143 ) ;
#5457 = CYLINDRICAL_SURFACE ( 'NONE', #8437, 0.009842519685039369942 ) ;
#5458 = EDGE_CURVE ( 'NONE', #8462, #4917, #307, .T. ) ;
#5459 = DIRECTION ( 'NONE',  ( 0.000000000000000000, 1.000000000000000000, 0.000000000000000000 ) ) ;
#5460 = CARTESIAN_POINT ( 'NONE',  ( -0.1102362204724409434, -0.02480314960629921572, -0.1377952755905511861 ) ) ;
#5461 = CIRCLE ( 'NONE', #5601, 0.003937007874015747977 ) ;
#5462 = EDGE_CURVE ( 'NONE', #7564, #4225, #730, .T. ) ;
#5463 = EDGE_CURVE ( 'NONE', #7923, #400, #6001, .T. ) ;
#5464 = ORIENTED_EDGE ( 'NONE', *, *, #8459, .F. ) ;
#5465 = CARTESIAN_POINT ( 'NONE',  ( -0.1102362204724409434, -0.01299212598425590615, 0.000000000000000000 ) ) ;
#5466 = EDGE_CURVE ( 'NONE', #6925, #3559, #6126, .T. ) ;
#5467 = LINE ( 'NONE', #921, #1870 ) ;
#5468 = ORIENTED_EDGE ( 'NONE', *, *, #4618, .F. ) ;
#5469 = DIRECTION ( 'NONE',  ( -0.000000000000000000, 1.000000000000000000, 0.000000000000000000 ) ) ;
#5470 = VECTOR ( 'NONE', #4463, 39.37007874015748143 ) ;
#5471 = DIRECTION ( 'NONE',  ( 1.000000000000000000, 0.000000000000000000, 0.000000000000000000 ) ) ;
#5472 = EDGE_CURVE ( 'NONE', #938, #5210, #2014, .T. ) ;
#5473 = VECTOR ( 'NONE', #1533, 39.37007874015748143 ) ;
#5474 = ORIENTED_EDGE ( 'NONE', *, *, #798, .F. ) ;
#5475 = ORIENTED_EDGE ( 'NONE', *, *, #8245, .F. ) ;
#5476 = CARTESIAN_POINT ( 'NONE',  ( -0.06889763779527559306, -0.02480314960629921572, -0.07578740157480315376 ) ) ;
#5477 = VERTEX_POINT ( 'NONE', #2698 ) ;
#5478 = LINE ( 'NONE', #4826, #91 ) ;
#5479 = DIRECTION ( 'NONE',  ( 0.000000000000000000, 1.000000000000000000, 0.000000000000000000 ) ) ;
#5480 = EDGE_LOOP ( 'NONE', ( #3135, #4723, #5692, #6403 ) ) ;
#5481 = DIRECTION ( 'NONE',  ( 1.083144414269000148E-14, 1.000000000000000000, 0.000000000000000000 ) ) ;
#5482 = EDGE_CURVE ( 'NONE', #4741, #3808, #7873, .T. ) ;
#5483 = CARTESIAN_POINT ( 'NONE',  ( 0.1549212598425196985, -0.03602362204724409572, -0.06889763779527559306 ) ) ;
#5484 = EDGE_CURVE ( 'NONE', #5134, #1534, #3059, .T. ) ;
#5485 = EDGE_CURVE ( 'NONE', #2274, #2417, #3212, .T. ) ;
#5486 = VERTEX_POINT ( 'NONE', #6784 ) ;
#5487 = CARTESIAN_POINT ( 'NONE',  ( 0.04625984251968504046, -0.02480314960629921572, -0.06200787401574803237 ) ) ;
#5488 = VECTOR ( 'NONE', #4092, 39.37007874015748143 ) ;
#5489 = VERTEX_POINT ( 'NONE', #8093 ) ;
#5490 = DIRECTION ( 'NONE',  ( 0.000000000000000000, 0.000000000000000000, 1.000000000000000000 ) ) ;
#5491 = ORIENTED_EDGE ( 'NONE', *, *, #2759, .F. ) ;
#5492 = PLANE ( 'NONE',  #6476 ) ;
#5493 = ADVANCED_FACE ( 'NONE', ( #3391 ), #1410, .F. ) ;
#5494 = VECTOR ( 'NONE', #2386, 39.37007874015748143 ) ;
#5495 = EDGE_CURVE ( 'NONE', #5057, #5754, #6086, .T. ) ;
#5496 = LINE ( 'NONE', #1600, #6947 ) ;
#5497 = DIRECTION ( 'NONE',  ( -1.000000000000000000, 0.000000000000000000, 0.000000000000000000 ) ) ;
#5498 = DIRECTION ( 'NONE',  ( 0.000000000000000000, 0.000000000000000000, 1.000000000000000000 ) ) ;
#5499 = DIRECTION ( 'NONE',  ( -0.000000000000000000, 1.000000000000000000, 0.000000000000000000 ) ) ;
#5500 = ORIENTED_EDGE ( 'NONE', *, *, #5528, .F. ) ;
#5501 = LINE ( 'NONE', #4074, #1784 ) ;
#5502 = CARTESIAN_POINT ( 'NONE',  ( 0.01998681779692913427, 0.01866141732283464402, -0.01968503937007873988 ) ) ;
#5503 = AXIS2_PLACEMENT_3D ( 'NONE', #8149, #3533, #6193 ) ;
#5504 = CARTESIAN_POINT ( 'NONE',  ( -0.1703779489376378020, 0.03921079941680708641, -0.09842519685039370636 ) ) ;
#5505 = LINE ( 'NONE', #2975, #1101 ) ;
#5506 = AXIS2_PLACEMENT_3D ( 'NONE', #2979, #5638, #3716 ) ;
#5507 = DIRECTION ( 'NONE',  ( 0.000000000000000000, 7.601762356846000252E-14, 1.000000000000000000 ) ) ;
#5508 = VERTEX_POINT ( 'NONE', #2094 ) ;
#5509 = SURFACE_SIDE_STYLE ('',( #177 ) ) ;
#5510 = DIRECTION ( 'NONE',  ( 0.000000000000000000, -1.000000000000000000, 0.000000000000000000 ) ) ;
#5511 = LINE ( 'NONE', #8167, #214 ) ;
#5512 = ORIENTED_EDGE ( 'NONE', *, *, #729, .F. ) ;
#5513 = CARTESIAN_POINT ( 'NONE',  ( -0.1496062992125984370, 0.07086614173228346358, -0.1377952755905511861 ) ) ;
#5514 = VECTOR ( 'NONE', #6167, 39.37007874015748854 ) ;
#5515 = ADVANCED_FACE ( 'NONE', ( #839 ), #6047, .F. ) ;
#5516 = VECTOR ( 'NONE', #3802, 39.37007874015748143 ) ;
#5517 = FACE_OUTER_BOUND ( 'NONE', #6298, .T. ) ;
#5518 = ORIENTED_EDGE ( 'NONE', *, *, #5097, .T. ) ;
#5519 = EDGE_LOOP ( 'NONE', ( #5212, #7920, #5063, #632 ) ) ;
#5520 = CARTESIAN_POINT ( 'NONE',  ( 0.1651356080489763956, 0.07874015748031495954, -0.1033464566929133965 ) ) ;
#5521 = ORIENTED_EDGE ( 'NONE', *, *, #1787, .F. ) ;
#5522 = PLANE ( 'NONE',  #1749 ) ;
#5523 = LINE ( 'NONE', #235, #5326 ) ;
#5524 = EDGE_CURVE ( 'NONE', #8566, #2986, #142, .T. ) ;
#5525 = ORIENTED_EDGE ( 'NONE', *, *, #4453, .T. ) ;
#5526 = CARTESIAN_POINT ( 'NONE',  ( 0.1643700787401574936, 0.05892761925988188737, -0.03543307086614566614 ) ) ;
#5527 = AXIS2_PLACEMENT_3D ( 'NONE', #5072, #3117, #6346 ) ;
#5528 = EDGE_CURVE ( 'NONE', #7066, #2524, #3475, .T. ) ;
#5529 = EDGE_CURVE ( 'NONE', #2459, #2717, #5388, .T. ) ;
#5530 = CARTESIAN_POINT ( 'NONE',  ( 0.1781496062992126150, 0.02362204724409055004, -0.1377952755905511861 ) ) ;
#5531 = ORIENTED_EDGE ( 'NONE', *, *, #6899, .F. ) ;
#5532 = FACE_OUTER_BOUND ( 'NONE', #4999, .T. ) ;
#5533 = CIRCLE ( 'NONE', #5095, 0.003937007874015741038 ) ;
#5534 = ORIENTED_EDGE ( 'NONE', *, *, #2289, .T. ) ;
#5535 = CARTESIAN_POINT ( 'NONE',  ( 0.1781496062992126150, 0.03188976377953149643, -0.03543307086614566614 ) ) ;
#5536 = ORIENTED_EDGE ( 'NONE', *, *, #8483, .F. ) ;
#5537 = CARTESIAN_POINT ( 'NONE',  ( -0.1787245914263385915, 0.03911508103964567162, -0.09842519685039370636 ) ) ;
#5538 = EDGE_CURVE ( 'NONE', #7927, #6731, #5427, .T. ) ;
#5539 = VECTOR ( 'NONE', #4973, 39.37007874015748143 ) ;
#5540 = EDGE_CURVE ( 'NONE', #5815, #8260, #6130, .T. ) ;
#5541 = PLANE ( 'NONE',  #426 ) ;
#5542 = LINE ( 'NONE', #907, #1836 ) ;
#5543 = DIRECTION ( 'NONE',  ( 0.000000000000000000, 1.000000000000000000, 0.000000000000000000 ) ) ;
#5544 = ORIENTED_EDGE ( 'NONE', *, *, #2152, .T. ) ;
#5545 = FACE_OUTER_BOUND ( 'NONE', #2624, .T. ) ;
#5546 = FACE_OUTER_BOUND ( 'NONE', #1200, .T. ) ;
#5547 = ADVANCED_FACE ( 'NONE', ( #2825 ), #2138, .F. ) ;
#5548 = CARTESIAN_POINT ( 'NONE',  ( -0.01945986453562204704, 0.01968503937007873988, -0.009842519685039369942 ) ) ;
#5549 = DIRECTION ( 'NONE',  ( 0.000000000000000000, 1.000000000000000000, 0.000000000000000000 ) ) ;
#5550 = EDGE_CURVE ( 'NONE', #1472, #5245, #799, .T. ) ;
#5551 = VERTEX_POINT ( 'NONE', #98 ) ;
#5552 = LINE ( 'NONE', #7471, #7263 ) ;
#5553 = LINE ( 'NONE', #4164, #6768 ) ;
#5554 = CARTESIAN_POINT ( 'NONE',  ( 0.1240157480314960647, 0.07480314960629921850, -0.1368110236220472509 ) ) ;
#5555 = ORIENTED_EDGE ( 'NONE', *, *, #1891, .F. ) ;
#5556 = FACE_OUTER_BOUND ( 'NONE', #4803, .T. ) ;
#5557 = AXIS2_PLACEMENT_3D ( 'NONE', #7718, #2455, #7195 ) ;
#5558 = PLANE ( 'NONE',  #8210 ) ;
#5559 = ORIENTED_EDGE ( 'NONE', *, *, #1225, .T. ) ;
#5560 = VERTEX_POINT ( 'NONE', #1456 ) ;
#5561 = CARTESIAN_POINT ( 'NONE',  ( 0.1210629921259842590, -0.05905511811023622659, -0.1161417322834645688 ) ) ;
#5562 = VERTEX_POINT ( 'NONE', #4087 ) ;
#5563 = CARTESIAN_POINT ( 'NONE',  ( -0.1781496062992126150, -0.01102362204724409434, -0.1377952755905511861 ) ) ;
#5564 = CARTESIAN_POINT ( 'NONE',  ( 0.1706598510025984228, 0.02252903700314173169, -0.1377952755905511861 ) ) ;
#5565 = EDGE_LOOP ( 'NONE', ( #5334, #6453, #6204, #2065 ) ) ;
#5566 = CARTESIAN_POINT ( 'NONE',  ( -0.01181102362206299175, -0.01463872515205118068, -0.1442580276120078997 ) ) ;
#5567 = UNCERTAINTY_MEASURE_WITH_UNIT (LENGTH_MEASURE( 1.000000000000000082E-05 ), #26, 'distance_accuracy_value', 'NONE');
#5568 = EDGE_CURVE ( 'NONE', #2417, #2716, #6742, .T. ) ;
#5569 = VECTOR ( 'NONE', #7762, 39.37007874015748143 ) ;
#5570 = CARTESIAN_POINT ( 'NONE',  ( 0.1549212598425196985, -0.04724409448818897572, -0.1279527559055118058 ) ) ;
#5571 =( GEOMETRIC_REPRESENTATION_CONTEXT ( 3 ) GLOBAL_UNCERTAINTY_ASSIGNED_CONTEXT ( ( #5567 ) ) GLOBAL_UNIT_ASSIGNED_CONTEXT ( ( #26, #7978, #5353 ) ) REPRESENTATION_CONTEXT ( 'NONE', 'WORKASPACE' ) );
#5572 = ORIENTED_EDGE ( 'NONE', *, *, #7940, .T. ) ;
#5573 = CARTESIAN_POINT ( 'NONE',  ( 0.08661417322834646937, -0.01692913385826771630, -0.1410558316531889678 ) ) ;
#5574 = ADVANCED_FACE ( 'NONE', ( #5517 ), #4130, .F. ) ;
#5575 = VERTEX_POINT ( 'NONE', #6704 ) ;
#5576 = DIRECTION ( 'NONE',  ( 0.000000000000000000, 0.000000000000000000, 1.000000000000000000 ) ) ;
#5577 = ADVANCED_FACE ( 'NONE', ( #1536 ), #6824, .T. ) ;
#5578 = ORIENTED_EDGE ( 'NONE', *, *, #3338, .F. ) ;
#5579 = CARTESIAN_POINT ( 'NONE',  ( -0.1702769989558661490, 0.03040796100501574548, -0.03149606299212992511 ) ) ;
#5580 = VECTOR ( 'NONE', #984, 39.37007874015748143 ) ;
#5581 = VECTOR ( 'NONE', #873, 39.37007874015748143 ) ;
#5582 = DIRECTION ( 'NONE',  ( 0.2676438637862958436, 0.9635179096298845947, 0.000000000000000000 ) ) ;
#5583 = AXIS2_PLACEMENT_3D ( 'NONE', #6585, #6017, #3407 ) ;
#5584 = LINE ( 'NONE', #253, #2114 ) ;
#5585 = FACE_OUTER_BOUND ( 'NONE', #8146, .T. ) ;
#5586 = VERTEX_POINT ( 'NONE', #2864 ) ;
#5587 = LINE ( 'NONE', #378, #7448 ) ;
#5588 = CARTESIAN_POINT ( 'NONE',  ( -0.05757874015748031676, -0.03602362204724409572, -0.09448818897637795144 ) ) ;
#5589 = AXIS2_PLACEMENT_3D ( 'NONE', #1006, #3075, #5605 ) ;
#5590 = LINE ( 'NONE', #6162, #3723 ) ;
#5591 = FACE_OUTER_BOUND ( 'NONE', #6398, .T. ) ;
#5592 = EDGE_CURVE ( 'NONE', #7925, #763, #7094, .T. ) ;
#5593 = AXIS2_PLACEMENT_3D ( 'NONE', #554, #648, #7901 ) ;
#5594 = ORIENTED_EDGE ( 'NONE', *, *, #1490, .T. ) ;
#5595 = DIRECTION ( 'NONE',  ( 0.000000000000000000, 1.000000000000000000, 0.000000000000000000 ) ) ;
#5596 = FACE_OUTER_BOUND ( 'NONE', #4315, .T. ) ;
#5597 = DIRECTION ( 'NONE',  ( 0.000000000000000000, 0.5817638113659883148, -0.8133577735442863998 ) ) ;
#5598 = ORIENTED_EDGE ( 'NONE', *, *, #5540, .F. ) ;
#5599 = FACE_OUTER_BOUND ( 'NONE', #1913, .T. ) ;
#5600 = ADVANCED_FACE ( 'NONE', ( #1581 ), #5558, .T. ) ;
#5601 = AXIS2_PLACEMENT_3D ( 'NONE', #4430, #7662, #5786 ) ;
#5602 = EDGE_CURVE ( 'NONE', #4344, #1500, #5644, .T. ) ;
#5603 = CARTESIAN_POINT ( 'NONE',  ( 0.08661417322834646937, -0.04330708661417323468, -0.1696038517685826696 ) ) ;
#5604 = ORIENTED_EDGE ( 'NONE', *, *, #4712, .T. ) ;
#5605 = DIRECTION ( 'NONE',  ( 4.427158870982477112E-13, 0.000000000000000000, 1.000000000000000000 ) ) ;
#5606 = ORIENTED_EDGE ( 'NONE', *, *, #2127, .F. ) ;
#5607 = CARTESIAN_POINT ( 'NONE',  ( 0.07533631525389763994, 0.04832677165354331422, 0.000000000000000000 ) ) ;
#5608 = AXIS2_PLACEMENT_3D ( 'NONE', #7036, #8466, #5688 ) ;
#5609 = CARTESIAN_POINT ( 'NONE',  ( 0.000000000000000000, 0.07086614173228346358, -0.007874015748031495954 ) ) ;
#5610 = ORIENTED_EDGE ( 'NONE', *, *, #5485, .F. ) ;
#5611 = CARTESIAN_POINT ( 'NONE',  ( 0.1673228346456692994, 0.07086614173228346358, -0.03444881889764173089 ) ) ;
#5612 = ORIENTED_EDGE ( 'NONE', *, *, #7004, .T. ) ;
#5613 = PRODUCT_DEFINITION_FORMATION_WITH_SPECIFIED_SOURCE ( 'ANY', '', #665, .NOT_KNOWN. ) ;
#5614 = CARTESIAN_POINT ( 'NONE',  ( -0.1787245914263385915, 0.03911508103949606907, -0.1023622047244094474 ) ) ;
#5615 = CARTESIAN_POINT ( 'NONE',  ( -0.01181102362205511611, -0.02480314960629921572, -0.009842519685031497767 ) ) ;
#5616 = VERTEX_POINT ( 'NONE', #5801 ) ;
#5617 = VERTEX_POINT ( 'NONE', #3845 ) ;
#5618 = DIRECTION ( 'NONE',  ( 0.000000000000000000, 1.000000000000000000, 0.000000000000000000 ) ) ;
#5619 = ORIENTED_EDGE ( 'NONE', *, *, #5902, .T. ) ;
#5620 = EDGE_LOOP ( 'NONE', ( #5349, #2859, #3828, #4921 ) ) ;
#5621 = VERTEX_POINT ( 'NONE', #8295 ) ;
#5622 = DIRECTION ( 'NONE',  ( 1.000000000000000000, 0.000000000000000000, 0.000000000000000000 ) ) ;
#5623 = EDGE_LOOP ( 'NONE', ( #6527, #627, #4251, #579, #7399 ) ) ;
#5624 = EDGE_CURVE ( 'NONE', #1094, #3714, #7197, .T. ) ;
#5625 = DIRECTION ( 'NONE',  ( 0.000000000000000000, 0.000000000000000000, 1.000000000000000000 ) ) ;
#5626 = VECTOR ( 'NONE', #489, 39.37007874015748854 ) ;
#5627 = LINE ( 'NONE', #1601, #7520 ) ;
#5628 = EDGE_LOOP ( 'NONE', ( #6064, #4985, #1981, #3499 ) ) ;
#5629 = CARTESIAN_POINT ( 'NONE',  ( 0.1505905511811023723, 0.07874015748031495954, -0.1377952755905511861 ) ) ;
#5630 = EDGE_CURVE ( 'NONE', #50, #5027, #4982, .T. ) ;
#5631 = AXIS2_PLACEMENT_3D ( 'NONE', #1831, #1875, #2989 ) ;
#5632 = ADVANCED_FACE ( 'NONE', ( #7562 ), #3635, .T. ) ;
#5633 = DIRECTION ( 'NONE',  ( 0.4696129729778281692, 0.8828723891995522433, 0.000000000000000000 ) ) ;
#5634 = ADVANCED_FACE ( 'NONE', ( #8451 ), #1860, .F. ) ;
#5635 = DIRECTION ( 'NONE',  ( 0.000000000000000000, 0.000000000000000000, 1.000000000000000000 ) ) ;
#5636 = VECTOR ( 'NONE', #3584, 39.37007874015748143 ) ;
#5637 = ORIENTED_EDGE ( 'NONE', *, *, #8450, .T. ) ;
#5638 = DIRECTION ( 'NONE',  ( -0.000000000000000000, 1.000000000000000000, 0.000000000000000000 ) ) ;
#5639 = DIRECTION ( 'NONE',  ( 0.9999342502356409756, -0.01146713589727046088, 0.000000000000000000 ) ) ;
#5640 = ORIENTED_EDGE ( 'NONE', *, *, #3035, .T. ) ;
#5641 = CARTESIAN_POINT ( 'NONE',  ( -0.07283464566929134798, 0.07874015748031495954, -0.1003937007874015908 ) ) ;
#5642 = AXIS2_PLACEMENT_3D ( 'NONE', #7337, #3332, #1994 ) ;
#5643 = ADVANCED_FACE ( 'NONE', ( #2985 ), #5844, .T. ) ;
#5644 = LINE ( 'NONE', #4905, #5569 ) ;
#5645 = ORIENTED_EDGE ( 'NONE', *, *, #6911, .F. ) ;
#5646 = CARTESIAN_POINT ( 'NONE',  ( -0.1496062992125984370, 0.07086614173228346358, -0.1023622047244094474 ) ) ;
#5647 = VECTOR ( 'NONE', #6738, 39.37007874015748143 ) ;
#5648 = ORIENTED_EDGE ( 'NONE', *, *, #5653, .F. ) ;
#5649 = LINE ( 'NONE', #4462, #4108 ) ;
#5650 = PLANE ( 'NONE',  #8115 ) ;
#5651 = ORIENTED_EDGE ( 'NONE', *, *, #1786, .T. ) ;
#5652 = CARTESIAN_POINT ( 'NONE',  ( 0.01181102362202755829, -0.04559749532039369946, 0.02802598234635826982 ) ) ;
#5653 = EDGE_CURVE ( 'NONE', #4247, #8014, #4490, .T. ) ;
#5654 = VECTOR ( 'NONE', #7501, 39.37007874015748143 ) ;
#5655 = DIRECTION ( 'NONE',  ( 0.000000000000000000, 1.000000000000000000, 0.000000000000000000 ) ) ;
#5656 = LINE ( 'NONE', #5076, #2507 ) ;
#5657 = VERTEX_POINT ( 'NONE', #4445 ) ;
#5658 = ORIENTED_EDGE ( 'NONE', *, *, #539, .F. ) ;
#5659 = LINE ( 'NONE', #2999, #3765 ) ;
#5660 = ORIENTED_EDGE ( 'NONE', *, *, #6652, .F. ) ;
#5661 = FACE_OUTER_BOUND ( 'NONE', #2919, .T. ) ;
#5662 = ORIENTED_EDGE ( 'NONE', *, *, #1225, .F. ) ;
#5663 = LINE ( 'NONE', #1191, #65 ) ;
#5664 = ORIENTED_EDGE ( 'NONE', *, *, #6767, .T. ) ;
#5665 = CARTESIAN_POINT ( 'NONE',  ( 0.1781496062992126150, 0.02362204724409055004, -0.1023622047244094474 ) ) ;
#5666 = VECTOR ( 'NONE', #1667, 39.37007874015748143 ) ;
#5667 = DIRECTION ( 'NONE',  ( 0.000000000000000000, 0.000000000000000000, -1.000000000000000000 ) ) ;
#5668 = AXIS2_PLACEMENT_3D ( 'NONE', #7342, #5192, #651 ) ;
#5669 = ADVANCED_FACE ( 'NONE', ( #1164 ), #8498, .F. ) ;
#5670 = DIRECTION ( 'NONE',  ( 1.000000000000000000, 0.000000000000000000, 0.000000000000000000 ) ) ;
#5671 = DIRECTION ( 'NONE',  ( 1.062113360225000093E-14, 0.000000000000000000, 1.000000000000000000 ) ) ;
#5672 = ORIENTED_EDGE ( 'NONE', *, *, #1396, .T. ) ;
#5673 = PLANE ( 'NONE',  #7310 ) ;
#5674 = VECTOR ( 'NONE', #3019, 39.37007874015748143 ) ;
#5675 = CARTESIAN_POINT ( 'NONE',  ( 0.08661417322834646937, -0.05511811023622047168, -0.1636970161619684949 ) ) ;
#5676 = CARTESIAN_POINT ( 'NONE',  ( 0.01998681779692913427, 0.01968503937007873988, -0.01968503937007873988 ) ) ;
#5677 = ORIENTED_EDGE ( 'NONE', *, *, #6021, .T. ) ;
#5678 = DIRECTION ( 'NONE',  ( 0.01146713589723048765, 0.9999342502356415308, 0.000000000000000000 ) ) ;
#5679 = LINE ( 'NONE', #8289, #3983 ) ;
#5680 = EDGE_CURVE ( 'NONE', #4861, #4526, #7106, .T. ) ;
#5681 = EDGE_CURVE ( 'NONE', #7267, #6053, #6548, .T. ) ;
#5682 = DIRECTION ( 'NONE',  ( 1.000000000000000000, 0.000000000000000000, 0.000000000000000000 ) ) ;
#5683 = ORIENTED_EDGE ( 'NONE', *, *, #2761, .F. ) ;
#5684 = FACE_OUTER_BOUND ( 'NONE', #3654, .T. ) ;
#5685 = EDGE_LOOP ( 'NONE', ( #3062, #3612, #2695, #633 ) ) ;
#5686 = FACE_OUTER_BOUND ( 'NONE', #3489, .T. ) ;
#5687 = CARTESIAN_POINT ( 'NONE',  ( 0.04625984251968504046, -0.04724409448818897572, -0.06200787401574803237 ) ) ;
#5688 = DIRECTION ( 'NONE',  ( 1.301042606982607593E-13, 1.099381002900303435E-11, -1.000000000000000000 ) ) ;
#5689 = ORIENTED_EDGE ( 'NONE', *, *, #1519, .F. ) ;
#5690 = DIRECTION ( 'NONE',  ( -1.000000000000000000, 0.000000000000000000, 0.000000000000000000 ) ) ;
#5691 = VECTOR ( 'NONE', #3049, 39.37007874015748143 ) ;
#5692 = ORIENTED_EDGE ( 'NONE', *, *, #3338, .T. ) ;
#5693 = DIRECTION ( 'NONE',  ( 0.000000000000000000, 0.000000000000000000, 1.000000000000000000 ) ) ;
#5694 = DIRECTION ( 'NONE',  ( 0.000000000000000000, -1.000000000000000000, 0.000000000000000000 ) ) ;
#5695 = CIRCLE ( 'NONE', #160, 0.003937007874015749712 ) ;
#5696 = ORIENTED_EDGE ( 'NONE', *, *, #1767, .T. ) ;
#5697 = ADVANCED_FACE ( 'NONE', ( #2545 ), #6908, .F. ) ;
#5698 = DIRECTION ( 'NONE',  ( 0.000000000000000000, -1.000000000000000000, -8.153200337090990315E-13 ) ) ;
#5699 = ORIENTED_EDGE ( 'NONE', *, *, #5099, .F. ) ;
#5700 = CARTESIAN_POINT ( 'NONE',  ( -0.1102362204724409434, -0.02644984013992125738, -0.1383525925402755985 ) ) ;
#5701 = EDGE_LOOP ( 'NONE', ( #5869, #6655, #8094, #2486 ) ) ;
#5702 = LINE ( 'NONE', #2401, #1462 ) ;
#5703 = ORIENTED_EDGE ( 'NONE', *, *, #5902, .F. ) ;
#5704 = DIRECTION ( 'NONE',  ( 1.000000000000000000, 0.000000000000000000, 0.000000000000000000 ) ) ;
#5705 = VECTOR ( 'NONE', #4734, 39.37007874015748854 ) ;
#5706 = CARTESIAN_POINT ( 'NONE',  ( -0.08267716535429132929, -0.02480314960629921572, -0.06200787401574803237 ) ) ;
#5707 = FACE_OUTER_BOUND ( 'NONE', #6712, .T. ) ;
#5708 = ORIENTED_EDGE ( 'NONE', *, *, #5750, .F. ) ;
#5709 = ORIENTED_EDGE ( 'NONE', *, *, #3422, .T. ) ;
#5710 = VECTOR ( 'NONE', #1811, 39.37007874015748143 ) ;
#5711 = VECTOR ( 'NONE', #568, 39.37007874015748143 ) ;
#5712 = CARTESIAN_POINT ( 'NONE',  ( -0.006590029506267703827, 0.05236220472440359514, -0.008963775685062949292 ) ) ;
#5713 = CIRCLE ( 'NONE', #4195, 0.003937007874015749712 ) ;
#5714 = DIRECTION ( 'NONE',  ( 0.01146713589748043702, -0.9999342502356386442, 0.000000000000000000 ) ) ;
#5715 = CARTESIAN_POINT ( 'NONE',  ( -0.1651356080489763956, 0.07874015748031495954, -0.03444881889764173089 ) ) ;
#5716 = ORIENTED_EDGE ( 'NONE', *, *, #172, .F. ) ;
#5717 = ORIENTED_EDGE ( 'NONE', *, *, #373, .F. ) ;
#5718 = SURFACE_STYLE_FILL_AREA ( #6420 ) ;
#5719 = CARTESIAN_POINT ( 'NONE',  ( 0.1549212598425196985, -0.02480314960629921572, -0.009842519685031497767 ) ) ;
#5720 = LINE ( 'NONE', #3025, #1741 ) ;
#5721 = AXIS2_PLACEMENT_3D ( 'NONE', #3951, #7908, #1959 ) ;
#5722 = ORIENTED_EDGE ( 'NONE', *, *, #7694, .F. ) ;
#5723 = CARTESIAN_POINT ( 'NONE',  ( -0.08661417322838584065, -0.04559749532039369946, 0.02802598234636220417 ) ) ;
#5724 = EDGE_CURVE ( 'NONE', #4976, #6992, #1658, .T. ) ;
#5725 = LINE ( 'NONE', #8416, #720 ) ;
#5726 = EDGE_CURVE ( 'NONE', #7436, #6182, #3237, .T. ) ;
#5727 = ADVANCED_FACE ( 'NONE', ( #8541 ), #3595, .F. ) ;
#5728 =( GEOMETRIC_REPRESENTATION_CONTEXT ( 3 ) GLOBAL_UNCERTAINTY_ASSIGNED_CONTEXT ( ( #3318 ) ) GLOBAL_UNIT_ASSIGNED_CONTEXT ( ( #4039, #4079, #2817 ) ) REPRESENTATION_CONTEXT ( 'NONE', 'WORKASPACE' ) );
#5729 = EDGE_CURVE ( 'NONE', #3867, #2096, #4941, .T. ) ;
#5730 = EDGE_LOOP ( 'NONE', ( #4594, #8122, #3476, #616 ) ) ;
#5731 = DIRECTION ( 'NONE',  ( 1.000000000000000000, 0.000000000000000000, 0.000000000000000000 ) ) ;
#5732 = DIRECTION ( 'NONE',  ( 1.000000000000000000, 0.000000000000000000, 0.000000000000000000 ) ) ;
#5733 = CARTESIAN_POINT ( 'NONE',  ( 0.1318897637795275746, -0.05905511811023622659, -0.03248031496062204343 ) ) ;
#5734 = ORIENTED_EDGE ( 'NONE', *, *, #5308, .T. ) ;
#5735 = CARTESIAN_POINT ( 'NONE',  ( 0.07283464566929134798, 0.07874015748031495954, -0.1003937007874015908 ) ) ;
#5736 = AXIS2_PLACEMENT_3D ( 'NONE', #7748, #6356, #1888 ) ;
#5737 = EDGE_CURVE ( 'NONE', #1266, #8391, #6297, .T. ) ;
#5738 = CARTESIAN_POINT ( 'NONE',  ( -0.01181102362206299175, -0.04559749532043306380, -0.1664016558098031506 ) ) ;
#5739 = CARTESIAN_POINT ( 'NONE',  ( 0.08661417322834646937, -0.02644984013992125738, -0.1383525925402755985 ) ) ;
#5740 = CIRCLE ( 'NONE', #5181, 0.003937007874015749712 ) ;
#5741 = ORIENTED_EDGE ( 'NONE', *, *, #3566, .F. ) ;
#5742 = EDGE_LOOP ( 'NONE', ( #1413, #2569, #4964, #1336, #4522, #4213, #4906 ) ) ;
#5743 = PLANE ( 'NONE',  #1013 ) ;
#5744 = VERTEX_POINT ( 'NONE', #644 ) ;
#5745 = LINE ( 'NONE', #5700, #5626 ) ;
#5746 = ORIENTED_EDGE ( 'NONE', *, *, #5751, .F. ) ;
#5747 = CARTESIAN_POINT ( 'NONE',  ( 0.07086614173228346358, 0.07874015748031495954, -0.03740157480314960925 ) ) ;
#5748 = ORIENTED_EDGE ( 'NONE', *, *, #5108, .F. ) ;
#5749 = FACE_OUTER_BOUND ( 'NONE', #661, .T. ) ;
#5750 = EDGE_CURVE ( 'NONE', #3061, #3029, #1391, .T. ) ;
#5751 = EDGE_CURVE ( 'NONE', #5955, #5775, #3375, .T. ) ;
#5752 = CARTESIAN_POINT ( 'NONE',  ( 0.1791338582677165503, 0.07480314960629921850, -0.1023622047244094474 ) ) ;
#5753 = PLANE ( 'NONE',  #3631 ) ;
#5754 = VERTEX_POINT ( 'NONE', #6596 ) ;
#5755 = ORIENTED_EDGE ( 'NONE', *, *, #1672, .F. ) ;
#5756 = DIRECTION ( 'NONE',  ( 0.000000000000000000, 1.000000000000000000, 0.000000000000000000 ) ) ;
#5757 = ADVANCED_FACE ( 'NONE', ( #3331 ), #82, .T. ) ;
#5758 = CARTESIAN_POINT ( 'NONE',  ( 0.1505905511811023723, 0.07874015748031495954, -0.1033464566929133965 ) ) ;
#5759 = DIRECTION ( 'NONE',  ( 0.000000000000000000, 0.000000000000000000, -1.000000000000000000 ) ) ;
#5760 = CARTESIAN_POINT ( 'NONE',  ( -0.1240157480314960647, 0.07086614173228346358, -0.1358267716535433156 ) ) ;
#5761 = ORIENTED_EDGE ( 'NONE', *, *, #3707, .T. ) ;
#5762 = EDGE_LOOP ( 'NONE', ( #3301, #3784, #6605, #1360 ) ) ;
#5763 = CARTESIAN_POINT ( 'NONE',  ( -0.1549212598425196985, -0.02480314960629921572, -0.009842519685031497767 ) ) ;
#5764 = FACE_OUTER_BOUND ( 'NONE', #5265, .T. ) ;
#5765 = AXIS2_PLACEMENT_3D ( 'NONE', #6432, #8420, #522 ) ;
#5766 = LINE ( 'NONE', #3065, #3392 ) ;
#5767 = CARTESIAN_POINT ( 'NONE',  ( 0.1707501434112204397, 0.03040253503649213013, -0.03149606299212992511 ) ) ;
#5768 = CARTESIAN_POINT ( 'NONE',  ( -0.1781496062992126150, 0.02362204724409055004, 0.000000000000000000 ) ) ;
#5769 = AXIS2_PLACEMENT_3D ( 'NONE', #3099, #6455, #5756 ) ;
#5770 = ADVANCED_FACE ( 'NONE', ( #8072 ), #5367, .T. ) ;
#5771 = ORIENTED_EDGE ( 'NONE', *, *, #6388, .F. ) ;
#5772 = LINE ( 'NONE', #1744, #2259 ) ;
#5773 = FACE_BOUND ( 'NONE', #1154, .T. ) ;
#5774 = CARTESIAN_POINT ( 'NONE',  ( 0.01181102362202755829, -0.04559749532043306380, -0.1664016558098031506 ) ) ;
#5775 = VERTEX_POINT ( 'NONE', #6637 ) ;
#5776 = CARTESIAN_POINT ( 'NONE',  ( -0.1696850393700787274, -0.02480314960629921572, -0.1377952755905511861 ) ) ;
#5777 = VECTOR ( 'NONE', #1253, 39.37007874015748143 ) ;
#5778 = CARTESIAN_POINT ( 'NONE',  ( 0.08267716535433070058, -0.04724409448818897572, -0.07578740157480315376 ) ) ;
#5779 = FACE_OUTER_BOUND ( 'NONE', #1762, .T. ) ;
#5780 = EDGE_LOOP ( 'NONE', ( #2358, #1051, #8147, #3583 ) ) ;
#5781 = ORIENTED_EDGE ( 'NONE', *, *, #113, .F. ) ;
#5782 = FACE_OUTER_BOUND ( 'NONE', #2783, .T. ) ;
#5783 = ORIENTED_EDGE ( 'NONE', *, *, #6636, .T. ) ;
#5784 = FACE_OUTER_BOUND ( 'NONE', #4048, .T. ) ;
#5785 = EDGE_LOOP ( 'NONE', ( #4088, #3129, #1854, #3836 ) ) ;
#5786 = DIRECTION ( 'NONE',  ( 0.000000000000000000, -0.5817638113781103959, -0.8133577735356161131 ) ) ;
#5787 = ORIENTED_EDGE ( 'NONE', *, *, #5681, .T. ) ;
#5788 = CARTESIAN_POINT ( 'NONE',  ( 0.1053149606299212532, -0.02480314960629921572, -0.09448818897637795144 ) ) ;
#5789 = EDGE_CURVE ( 'NONE', #1278, #8081, #2681, .T. ) ;
#5790 = EDGE_CURVE ( 'NONE', #922, #7979, #4579, .T. ) ;
#5791 = AXIS2_PLACEMENT_3D ( 'NONE', #7050, #3092, #7181 ) ;
#5792 = CARTESIAN_POINT ( 'NONE',  ( 0.1781496062992126150, 0.02362204724409055004, -0.03543307086614566614 ) ) ;
#5793 = CARTESIAN_POINT ( 'NONE',  ( 0.1102362204724409434, -0.04559749532043306380, -0.1664016558098031506 ) ) ;
#5794 = VECTOR ( 'NONE', #401, 39.37007874015748143 ) ;
#5795 = VERTEX_POINT ( 'NONE', #7946 ) ;
#5796 = ORIENTED_EDGE ( 'NONE', *, *, #6361, .F. ) ;
#5797 = DIRECTION ( 'NONE',  ( 0.000000000000000000, 1.000000000000000000, 0.000000000000000000 ) ) ;
#5798 = AXIS2_PLACEMENT_3D ( 'NONE', #5504, #2165, #8118 ) ;
#5799 = FACE_OUTER_BOUND ( 'NONE', #2397, .T. ) ;
#5800 = DIRECTION ( 'NONE',  ( 0.000000000000000000, 1.000000000000000000, 0.000000000000000000 ) ) ;
#5801 = CARTESIAN_POINT ( 'NONE',  ( -0.1702761082658661718, -0.01093332963860236401, -0.1377952755905511861 ) ) ;
#5802 = CARTESIAN_POINT ( 'NONE',  ( -0.04625984251968504046, -0.02480314960629921572, -0.09448818897637795144 ) ) ;
#5803 = ORIENTED_EDGE ( 'NONE', *, *, #2454, .T. ) ;
#5804 = CARTESIAN_POINT ( 'NONE',  ( -0.1791338582677165503, 0.07480314960625984722, -0.03543307086614566614 ) ) ;
#5805 = DIRECTION ( 'NONE',  ( 0.000000000000000000, 0.000000000000000000, -1.000000000000000000 ) ) ;
#5806 = AXIS2_PLACEMENT_3D ( 'NONE', #8284, #913, #2934 ) ;
#5807 = CARTESIAN_POINT ( 'NONE',  ( 0.1708510933929921483, 0.03920537344813779246, -0.1023622047244094474 ) ) ;
#5808 = DIRECTION ( 'NONE',  ( 0.9999342502356409756, 0.01146713589727046088, 0.000000000000000000 ) ) ;
#5809 = DIRECTION ( 'NONE',  ( 0.9999342502356429740, 0.01146713589710050135, 1.740577111255205005E-15 ) ) ;
#5810 = ORIENTED_EDGE ( 'NONE', *, *, #5550, .T. ) ;
#5811 = CARTESIAN_POINT ( 'NONE',  ( 0.1369563552857086808, 0.07086614173228346358, 0.000000000000000000 ) ) ;
#5812 = DIRECTION ( 'NONE',  ( 0.000000000000000000, 0.000000000000000000, -1.000000000000000000 ) ) ;
#5813 = LINE ( 'NONE', #7689, #7153 ) ;
#5814 = CARTESIAN_POINT ( 'NONE',  ( 0.01998681779692519644, 0.02677165354331102406, -0.007874015748031495954 ) ) ;
#5815 = VERTEX_POINT ( 'NONE', #3982 ) ;
#5816 = DIRECTION ( 'NONE',  ( 1.000000000000000000, 0.000000000000000000, 0.000000000000000000 ) ) ;
#5817 = LINE ( 'NONE', #4598, #3494 ) ;
#5818 = CARTESIAN_POINT ( 'NONE',  ( 0.01181102362202755829, -0.04724409448818897572, -0.2047244094488188948 ) ) ;
#5819 = EDGE_LOOP ( 'NONE', ( #500, #7286, #2959, #559 ) ) ;
#5820 = ORIENTED_EDGE ( 'NONE', *, *, #8334, .F. ) ;
#5821 = DIRECTION ( 'NONE',  ( 1.000000000000000000, 0.000000000000000000, 0.000000000000000000 ) ) ;
#5822 = ORIENTED_EDGE ( 'NONE', *, *, #1403, .T. ) ;
#5823 = FACE_OUTER_BOUND ( 'NONE', #625, .T. ) ;
#5824 = ORIENTED_EDGE ( 'NONE', *, *, #7138, .F. ) ;
#5825 = FACE_OUTER_BOUND ( 'NONE', #7164, .T. ) ;
#5826 = VERTEX_POINT ( 'NONE', #7990 ) ;
#5827 = LINE ( 'NONE', #4432, #1218 ) ;
#5828 = ADVANCED_FACE ( 'NONE', ( #4762 ), #736, .F. ) ;
#5829 = CIRCLE ( 'NONE', #1433, 0.001968503937007879193 ) ;
#5830 = DIRECTION ( 'NONE',  ( 0.000000000000000000, 0.000000000000000000, 1.000000000000000000 ) ) ;
#5831 = VECTOR ( 'NONE', #5841, 39.37007874015748143 ) ;
#5832 = ORIENTED_EDGE ( 'NONE', *, *, #5138, .F. ) ;
#5833 = EDGE_CURVE ( 'NONE', #6574, #7274, #4027, .T. ) ;
#5834 = EDGE_CURVE ( 'NONE', #1119, #4384, #1993, .T. ) ;
#5835 = LINE ( 'NONE', #5132, #2377 ) ;
#5836 = EDGE_CURVE ( 'NONE', #5245, #6087, #1948, .T. ) ;
#5837 = ORIENTED_EDGE ( 'NONE', *, *, #5495, .T. ) ;
#5838 = ORIENTED_EDGE ( 'NONE', *, *, #641, .T. ) ;
#5839 = CYLINDRICAL_SURFACE ( 'NONE', #5769, 0.003937007874015749712 ) ;
#5840 = VECTOR ( 'NONE', #4423, 39.37007874015748143 ) ;
#5841 = DIRECTION ( 'NONE',  ( -1.989519660128000065E-13, 0.000000000000000000, 1.000000000000000000 ) ) ;
#5842 = CARTESIAN_POINT ( 'NONE',  ( -0.1053149606299212532, -0.03602362204724409572, -0.08513779527559055260 ) ) ;
#5843 = AXIS2_PLACEMENT_3D ( 'NONE', #1439, #823, #7898 ) ;
#5844 = PLANE ( 'NONE',  #2118 ) ;
#5845 = LINE ( 'NONE', #7107, #1631 ) ;
#5846 = ORIENTED_EDGE ( 'NONE', *, *, #4014, .F. ) ;
#5847 = DIRECTION ( 'NONE',  ( 0.000000000000000000, -9.621932880085001354E-14, 1.000000000000000000 ) ) ;
#5848 = DIRECTION ( 'NONE',  ( 0.000000000000000000, 0.000000000000000000, 1.000000000000000000 ) ) ;
#5849 = DIRECTION ( 'NONE',  ( -1.000000000000000000, 0.000000000000000000, 0.000000000000000000 ) ) ;
#5850 = LINE ( 'NONE', #8505, #1381 ) ;
#5851 = VECTOR ( 'NONE', #2590, 39.37007874015747433 ) ;
#5852 = VECTOR ( 'NONE', #2936, 39.37007874015748143 ) ;
#5853 = EDGE_CURVE ( 'NONE', #5001, #4360, #691, .T. ) ;
#5854 = CARTESIAN_POINT ( 'NONE',  ( -0.1781496062992126150, 0.03188976377952755514, 0.000000000000000000 ) ) ;
#5855 = EDGE_CURVE ( 'NONE', #2489, #4389, #1477, .T. ) ;
#5856 = CIRCLE ( 'NONE', #2126, 0.003937007874015741038 ) ;
#5857 = ORIENTED_EDGE ( 'NONE', *, *, #7158, .F. ) ;
#5858 = CYLINDRICAL_SURFACE ( 'NONE', #2815, 0.003937007874015749712 ) ;
#5859 = LINE ( 'NONE', #5156, #4276 ) ;
#5860 = LINE ( 'NONE', #6564, #8550 ) ;
#5861 = LINE ( 'NONE', #1918, #473 ) ;
#5862 = EDGE_LOOP ( 'NONE', ( #6964, #1452, #8388, #2742 ) ) ;
#5863 = DIRECTION ( 'NONE',  ( 0.000000000000000000, 1.000000000000000000, 0.000000000000000000 ) ) ;
#5864 = ADVANCED_FACE ( 'NONE', ( #4111 ), #6766, .F. ) ;
#5865 = VECTOR ( 'NONE', #756, 39.37007874015748143 ) ;
#5866 = CARTESIAN_POINT ( 'NONE',  ( -0.1427165354330708902, -0.04724409448818897572, -0.1161417322834645688 ) ) ;
#5867 = CARTESIAN_POINT ( 'NONE',  ( -0.1785333490359448938, 0.02243874459449999789, -0.03149606299211023946 ) ) ;
#5868 = ORIENTED_EDGE ( 'NONE', *, *, #1891, .T. ) ;
#5869 = ORIENTED_EDGE ( 'NONE', *, *, #133, .F. ) ;
#5870 = FACE_OUTER_BOUND ( 'NONE', #4891, .T. ) ;
#5871 = ORIENTED_EDGE ( 'NONE', *, *, #5426, .F. ) ;
#5872 = CARTESIAN_POINT ( 'NONE',  ( 0.1102362204724409434, -0.05511811023622047168, 0.02532139787885039420 ) ) ;
#5873 = VERTEX_POINT ( 'NONE', #6684 ) ;
#5874 = VECTOR ( 'NONE', #1255, 39.37007874015748143 ) ;
#5875 = CARTESIAN_POINT ( 'NONE',  ( 0.1102362204724409434, -0.05905511811023622659, 0.06692913385826770867 ) ) ;
#5876 = ORIENTED_EDGE ( 'NONE', *, *, #3456, .F. ) ;
#5877 = LINE ( 'NONE', #8528, #1086 ) ;
#5878 = VECTOR ( 'NONE', #491, 39.37007874015748143 ) ;
#5879 = CARTESIAN_POINT ( 'NONE',  ( 0.1505905511811023723, 0.07086614173228346358, -0.1033464566929133965 ) ) ;
#5880 = ORIENTED_EDGE ( 'NONE', *, *, #1270, .T. ) ;
#5881 = EDGE_LOOP ( 'NONE', ( #4556, #356, #4406, #1881, #3638, #1717, #5555 ) ) ;
#5882 = PLANE ( 'NONE',  #1701 ) ;
#5883 = ORIENTED_EDGE ( 'NONE', *, *, #3183, .T. ) ;
#5884 = EDGE_CURVE ( 'NONE', #2991, #6189, #4626, .T. ) ;
#5885 = ORIENTED_EDGE ( 'NONE', *, *, #2185, .F. ) ;
#5886 = CARTESIAN_POINT ( 'NONE',  ( 0.1427165354330708902, -0.05905511811023622659, -0.02165354330707086952 ) ) ;
#5887 = VECTOR ( 'NONE', #148, 39.37007874015748143 ) ;
#5888 = EDGE_CURVE ( 'NONE', #144, #673, #582, .T. ) ;
#5889 = DIRECTION ( 'NONE',  ( 1.000000000000000000, 0.000000000000000000, 0.000000000000000000 ) ) ;
#5890 = CARTESIAN_POINT ( 'NONE',  ( 0.06978942972114172971, 0.1574803149606299191, -0.03937007874015747977 ) ) ;
#5891 = VECTOR ( 'NONE', #5849, 39.37007874015748143 ) ;
#5892 = DIRECTION ( 'NONE',  ( 0.000000000000000000, 1.000000000000000000, 0.000000000000000000 ) ) ;
#5893 = CARTESIAN_POINT ( 'NONE',  ( -0.08661417322838584065, -0.02874015748031496023, -0.003225287050151574592 ) ) ;
#5894 = VERTEX_POINT ( 'NONE', #1304 ) ;
#5895 = ADVANCED_FACE ( 'NONE', ( #6069, #4196 ), #7498, .F. ) ;
#5896 = FACE_OUTER_BOUND ( 'NONE', #7219, .T. ) ;
#5897 = DIRECTION ( 'NONE',  ( 1.000000000000000000, 0.000000000000000000, 0.000000000000000000 ) ) ;
#5898 =( CONVERSION_BASED_UNIT ( 'INCH', #4032 ) LENGTH_UNIT ( ) NAMED_UNIT ( #161 ) );
#5899 = DIRECTION ( 'NONE',  ( 0.000000000000000000, 1.947648391771000442E-14, -1.000000000000000000 ) ) ;
#5900 = EDGE_CURVE ( 'NONE', #5327, #156, #948, .T. ) ;
#5901 = EDGE_CURVE ( 'NONE', #2792, #3561, #5627, .T. ) ;
#5902 = EDGE_CURVE ( 'NONE', #8391, #4273, #3581, .T. ) ;
#5903 = CARTESIAN_POINT ( 'NONE',  ( 0.1306858127109055134, 0.06988188976377952832, 0.000000000000000000 ) ) ;
#5904 = ORIENTED_EDGE ( 'NONE', *, *, #581, .T. ) ;
#5905 = CARTESIAN_POINT ( 'NONE',  ( -0.01181102362206299175, -0.05740842757657479978, -0.1604947548546062919 ) ) ;
#5906 = EDGE_CURVE ( 'NONE', #6550, #3224, #8114, .T. ) ;
#5907 = CARTESIAN_POINT ( 'NONE',  ( 0.1707501434112205230, 0.03040253503649500977, -0.03937007874015747977 ) ) ;
#5908 = CARTESIAN_POINT ( 'NONE',  ( -0.1712141755981102520, 0.07086614173228346358, -0.1023622047244094474 ) ) ;
#5909 = CARTESIAN_POINT ( 'NONE',  ( 0.1781496062992126150, 0.02362204724409055004, -0.03543307086614566614 ) ) ;
#5910 = ORIENTED_EDGE ( 'NONE', *, *, #4189, .T. ) ;
#5911 = DIRECTION ( 'NONE',  ( 0.000000000000000000, 1.000000000000000000, 0.000000000000000000 ) ) ;
#5912 = EDGE_CURVE ( 'NONE', #8454, #2345, #5584, .T. ) ;
#5913 = CIRCLE ( 'NONE', #2719, 0.003937007874015749712 ) ;
#5914 = CARTESIAN_POINT ( 'NONE',  ( -0.08661417322838584065, -0.02480314960629921572, -0.06200787401574803237 ) ) ;
#5915 = DIRECTION ( 'NONE',  ( -1.000000000000000000, 0.000000000000000000, 0.000000000000000000 ) ) ;
#5916 = EDGE_LOOP ( 'NONE', ( #4694, #7913, #1973, #497, #8302 ) ) ;
#5917 = VERTEX_POINT ( 'NONE', #2242 ) ;
#5918 = FACE_OUTER_BOUND ( 'NONE', #6088, .T. ) ;
#5919 = AXIS2_PLACEMENT_3D ( 'NONE', #4440, #5094, #2585 ) ;
#5920 = VERTEX_POINT ( 'NONE', #1030 ) ;
#5921 = CARTESIAN_POINT ( 'NONE',  ( 0.08661417322834646937, -0.05905511811023622659, 0.02532139787885039420 ) ) ;
#5922 = ORIENTED_EDGE ( 'NONE', *, *, #1195, .F. ) ;
#5923 = CARTESIAN_POINT ( 'NONE',  ( -0.04625984251968504046, -0.03602362204724409572, -0.08513779527559055260 ) ) ;
#5924 = ORIENTED_EDGE ( 'NONE', *, *, #5855, .T. ) ;
#5925 = EDGE_CURVE ( 'NONE', #6482, #3596, #6889, .T. ) ;
#5926 = CARTESIAN_POINT ( 'NONE',  ( 0.1427165354330708902, -0.04724409448818897572, -0.04330708661417323468 ) ) ;
#5927 = AXIS2_PLACEMENT_3D ( 'NONE', #5319, #1432, #4796 ) ;
#5928 = LINE ( 'NONE', #5570, #5286 ) ;
#5929 = ORIENTED_EDGE ( 'NONE', *, *, #765, .F. ) ;
#5930 = ORIENTED_EDGE ( 'NONE', *, *, #3459, .F. ) ;
#5931 = CARTESIAN_POINT ( 'NONE',  ( 0.1240157480314960647, 0.07086614173228346358, -0.1358267716535433156 ) ) ;
#5932 = ORIENTED_EDGE ( 'NONE', *, *, #2280, .T. ) ;
#5933 = ORIENTED_EDGE ( 'NONE', *, *, #4850, .F. ) ;
#5934 = ORIENTED_EDGE ( 'NONE', *, *, #4733, .T. ) ;
#5935 = CARTESIAN_POINT ( 'NONE',  ( -0.1706598510025984228, 0.02252903700314173169, -0.1377952755905511861 ) ) ;
#5936 = MECHANICAL_DESIGN_GEOMETRIC_PRESENTATION_REPRESENTATION (  '', ( #7316 ), #6070 ) ;
#5937 = DIRECTION ( 'NONE',  ( 0.000000000000000000, 1.000000000000000000, 0.000000000000000000 ) ) ;
#5938 = AXIS2_PLACEMENT_3D ( 'NONE', #6713, #108, #5214 ) ;
#5939 = PLANE ( 'NONE',  #566 ) ;
#5940 = CARTESIAN_POINT ( 'NONE',  ( 0.1427165354330708902, -0.05905511811023622659, -0.02165354330707086952 ) ) ;
#5941 = LINE ( 'NONE', #1904, #663 ) ;
#5942 = VERTEX_POINT ( 'NONE', #1683 ) ;
#5943 = CARTESIAN_POINT ( 'NONE',  ( 0.1786236414445669385, 0.03031224262785433415, -0.1062992125984252023 ) ) ;
#5944 = LINE ( 'NONE', #8502, #2190 ) ;
#5945 = CARTESIAN_POINT ( 'NONE',  ( 0.01181102362202755829, -0.05905511811023622659, -0.2047244094488188948 ) ) ;
#5946 = AXIS2_PLACEMENT_3D ( 'NONE', #3862, #7963, #2011 ) ;
#5947 = CARTESIAN_POINT ( 'NONE',  ( -0.02460629921259842659, 0.01968503937007873988, -0.009842519685039369942 ) ) ;
#5948 = AXIS2_PLACEMENT_3D ( 'NONE', #3989, #7815, #3896 ) ;
#5949 = EDGE_CURVE ( 'NONE', #2915, #5489, #5542, .T. ) ;
#5950 = ORIENTED_EDGE ( 'NONE', *, *, #8282, .T. ) ;
#5951 = DIRECTION ( 'NONE',  ( 0.000000000000000000, 0.000000000000000000, 1.000000000000000000 ) ) ;
#5952 = CARTESIAN_POINT ( 'NONE',  ( 0.1785333490359448938, 0.02243874459449999789, -0.1377952755905511861 ) ) ;
#5953 = CARTESIAN_POINT ( 'NONE',  ( -0.1702769989558661490, 0.03040796100501966942, -0.09842519685039370636 ) ) ;
#5954 = CARTESIAN_POINT ( 'NONE',  ( -0.1102362204724409434, -0.04559749532043306380, -0.1664016558098031506 ) ) ;
#5955 = VERTEX_POINT ( 'NONE', #6233 ) ;
#5956 = LINE ( 'NONE', #662, #7890 ) ;
#5957 = VECTOR ( 'NONE', #4040, 39.37007874015748143 ) ;
#5958 = DIRECTION ( 'NONE',  ( 0.000000000000000000, 1.000000000000000000, 0.000000000000000000 ) ) ;
#5959 = CARTESIAN_POINT ( 'NONE',  ( 0.07086614173228346358, 0.07086614173228346358, -0.1003937007874015908 ) ) ;
#5960 = ORIENTED_EDGE ( 'NONE', *, *, #219, .T. ) ;
#5961 = ORIENTED_EDGE ( 'NONE', *, *, #1774, .F. ) ;
#5962 = CARTESIAN_POINT ( 'NONE',  ( 0.06978942972114172971, 0.07086614173228346358, -0.03937007874015747977 ) ) ;
#5963 = ORIENTED_EDGE ( 'NONE', *, *, #371, .F. ) ;
#5964 = CARTESIAN_POINT ( 'NONE',  ( 0.000000000000000000, 0.07086614173228346358, 0.000000000000000000 ) ) ;
#5965 = ORIENTED_EDGE ( 'NONE', *, *, #8150, .T. ) ;
#5966 = CARTESIAN_POINT ( 'NONE',  ( 0.1427165354330708902, -0.04724409448818897572, -0.09448818897637795144 ) ) ;
#5967 = ORIENTED_EDGE ( 'NONE', *, *, #1302, .T. ) ;
#5968 = DIRECTION ( 'NONE',  ( -8.591119268979001027E-12, -1.000000000000000000, -8.940540615537000223E-12 ) ) ;
#5969 = DIRECTION ( 'NONE',  ( 0.000000000000000000, 1.000000000000000000, 0.000000000000000000 ) ) ;
#5970 = EDGE_CURVE ( 'NONE', #8564, #5955, #6155, .T. ) ;
#5971 = VERTEX_POINT ( 'NONE', #1559 ) ;
#5972 = DIRECTION ( 'NONE',  ( 0.000000000000000000, 1.000000000000000000, 0.000000000000000000 ) ) ;
#5973 = ORIENTED_EDGE ( 'NONE', *, *, #7428, .F. ) ;
#5974 = ORIENTED_EDGE ( 'NONE', *, *, #1546, .F. ) ;
#5975 = ORIENTED_EDGE ( 'NONE', *, *, #6429, .F. ) ;
#5976 = CARTESIAN_POINT ( 'NONE',  ( 0.1102362204724409434, -0.05905511811023622659, 0.06692913385826770867 ) ) ;
#5977 = VECTOR ( 'NONE', #7063, 39.37007874015748143 ) ;
#5978 = CARTESIAN_POINT ( 'NONE',  ( 0.1210629921259842590, -0.05905511811023622659, -0.04330708661417323468 ) ) ;
#5979 = DIRECTION ( 'NONE',  ( -1.000000000000000000, 0.000000000000000000, 0.000000000000000000 ) ) ;
#5980 = DIRECTION ( 'NONE',  ( -1.000000000000000000, 0.000000000000000000, 0.000000000000000000 ) ) ;
#5981 = CARTESIAN_POINT ( 'NONE',  ( 0.1309055118110236116, 0.07874015748031495954, 0.000000000000000000 ) ) ;
#5982 = ORIENTED_EDGE ( 'NONE', *, *, #4984, .F. ) ;
#5983 = VECTOR ( 'NONE', #7074, 39.37007874015748143 ) ;
#5984 = CARTESIAN_POINT ( 'NONE',  ( 0.1712141755981102520, 0.07086614173228346358, -0.1023622047244094474 ) ) ;
#5985 = CARTESIAN_POINT ( 'NONE',  ( 0.1102362204724409434, -0.04559749532039369946, 0.02802598234635826982 ) ) ;
#5986 = DIRECTION ( 'NONE',  ( 0.000000000000000000, -1.000000000000000000, 2.442490654174999814E-14 ) ) ;
#5987 = AXIS2_PLACEMENT_3D ( 'NONE', #5204, #7966, #6615 ) ;
#5988 = DIRECTION ( 'NONE',  ( 1.000000000000000000, 0.000000000000000000, 0.000000000000000000 ) ) ;
#5989 = CIRCLE ( 'NONE', #2243, 0.003937007874015747977 ) ;
#5990 = ORIENTED_EDGE ( 'NONE', *, *, #6399, .F. ) ;
#5991 = FACE_OUTER_BOUND ( 'NONE', #1777, .T. ) ;
#5992 = CARTESIAN_POINT ( 'NONE',  ( 0.1696850393700787274, 0.02362204724409055004, -0.1377952755905511861 ) ) ;
#5993 = CARTESIAN_POINT ( 'NONE',  ( -0.1696850393700787274, 0.02362204724409055004, -0.03543307086614566614 ) ) ;
#5994 = EDGE_CURVE ( 'NONE', #7436, #6584, #334, .T. ) ;
#5995 = LINE ( 'NONE', #54, #2967 ) ;
#5996 = ORIENTED_EDGE ( 'NONE', *, *, #4986, .F. ) ;
#5997 = CARTESIAN_POINT ( 'NONE',  ( 0.1505905511811023723, 0.07086614173228346358, 0.000000000000000000 ) ) ;
#5998 = VECTOR ( 'NONE', #5655, 39.37007874015748143 ) ;
#5999 = EDGE_CURVE ( 'NONE', #6981, #6809, #5428, .T. ) ;
#6000 = VECTOR ( 'NONE', #851, 39.37007874015748143 ) ;
#6001 = LINE ( 'NONE', #3352, #7650 ) ;
#6002 = VERTEX_POINT ( 'NONE', #4889 ) ;
#6003 = ORIENTED_EDGE ( 'NONE', *, *, #2509, .F. ) ;
#6004 = CARTESIAN_POINT ( 'NONE',  ( -0.1786236414445669385, 0.03031224262785433415, -0.03149606299212992511 ) ) ;
#6005 = ORIENTED_EDGE ( 'NONE', *, *, #6012, .T. ) ;
#6006 = CARTESIAN_POINT ( 'NONE',  ( -0.08661417322838584065, -0.02480314960629921572, 0.000000000000000000 ) ) ;
#6007 = VERTEX_POINT ( 'NONE', #207 ) ;
#6008 = CARTESIAN_POINT ( 'NONE',  ( -0.07086614173228346358, 0.07874015748031495954, -0.1023622047244094474 ) ) ;
#6009 = ORIENTED_EDGE ( 'NONE', *, *, #7981, .T. ) ;
#6010 = DIRECTION ( 'NONE',  ( -1.000000000000000000, -3.485933346496000332E-14, 0.000000000000000000 ) ) ;
#6011 = CIRCLE ( 'NONE', #5162, 0.009842519685039375146 ) ;
#6012 = EDGE_CURVE ( 'NONE', #3367, #5486, #4233, .T. ) ;
#6013 = EDGE_CURVE ( 'NONE', #4526, #6760, #2282, .T. ) ;
#6014 = LINE ( 'NONE', #3877, #3748 ) ;
#6015 = AXIS2_PLACEMENT_3D ( 'NONE', #5279, #7294, #5146 ) ;
#6016 = ORIENTED_EDGE ( 'NONE', *, *, #7841, .T. ) ;
#6017 = DIRECTION ( 'NONE',  ( 0.000000000000000000, 0.000000000000000000, 1.000000000000000000 ) ) ;
#6018 = VERTEX_POINT ( 'NONE', #7586 ) ;
#6019 = VERTEX_POINT ( 'NONE', #1639 ) ;
#6020 = ORIENTED_EDGE ( 'NONE', *, *, #1731, .F. ) ;
#6021 = EDGE_CURVE ( 'NONE', #492, #5826, #4272, .T. ) ;
#6022 = PLANE ( 'NONE',  #2591 ) ;
#6023 = ADVANCED_FACE ( 'NONE', ( #3660 ), #3618, .F. ) ;
#6024 = VECTOR ( 'NONE', #5045, 39.37007874015748143 ) ;
#6025 = DIRECTION ( 'NONE',  ( 0.000000000000000000, 0.000000000000000000, -1.000000000000000000 ) ) ;
#6026 = LINE ( 'NONE', #4800, #7641 ) ;
#6027 = CARTESIAN_POINT ( 'NONE',  ( -0.1102362204724409434, -0.05905511811023622659, 0.02532139787885039420 ) ) ;
#6028 = CARTESIAN_POINT ( 'NONE',  ( 0.08661417322834646937, -0.05740842757661417800, 0.02211913657151574897 ) ) ;
#6029 = VECTOR ( 'NONE', #2832, 39.37007874015748143 ) ;
#6030 = EDGE_LOOP ( 'NONE', ( #7511, #100, #2111, #3691 ) ) ;
#6031 = DIRECTION ( 'NONE',  ( -0.2178530325868958950, -0.9759815859905824897, 0.000000000000000000 ) ) ;
#6032 = CARTESIAN_POINT ( 'NONE',  ( 0.1053149606299212532, -0.02480314960629921572, -0.04330708661417323468 ) ) ;
#6033 = ADVANCED_FACE ( 'NONE', ( #5452 ), #4153, .T. ) ;
#6034 = EDGE_CURVE ( 'NONE', #7615, #4387, #2203, .T. ) ;
#6035 = CARTESIAN_POINT ( 'NONE',  ( -0.002021725288701575057, 0.02625984251968897440, 0.000000000000000000 ) ) ;
#6036 = EDGE_CURVE ( 'NONE', #2981, #2153, #6546, .T. ) ;
#6037 = AXIS2_PLACEMENT_3D ( 'NONE', #4282, #1825, #4937 ) ;
#6038 = CARTESIAN_POINT ( 'NONE',  ( 0.08661417322834646937, -0.02480314960629921572, -0.09448818897637795144 ) ) ;
#6039 = ORIENTED_EDGE ( 'NONE', *, *, #5184, .T. ) ;
#6040 = CARTESIAN_POINT ( 'NONE',  ( 0.1702761082658661718, -0.01093332963860236401, -0.1377952755905511861 ) ) ;
#6041 = PLANE ( 'NONE',  #250 ) ;
#6042 = LINE ( 'NONE', #749, #8244 ) ;
#6043 = EDGE_LOOP ( 'NONE', ( #7480, #3182, #4137, #2108 ) ) ;
#6044 = CARTESIAN_POINT ( 'NONE',  ( -0.1053149606299212532, -0.04724409448818897572, -0.07578740157480315376 ) ) ;
#6045 = AXIS2_PLACEMENT_3D ( 'NONE', #4473, #2572, #2483 ) ;
#6046 = EDGE_CURVE ( 'NONE', #6579, #4011, #4524, .T. ) ;
#6047 = PLANE ( 'NONE',  #6405 ) ;
#6048 = VERTEX_POINT ( 'NONE', #2449 ) ;
#6049 = VERTEX_POINT ( 'NONE', #459 ) ;
#6050 = LINE ( 'NONE', #1884, #2811 ) ;
#6051 = VERTEX_POINT ( 'NONE', #5050 ) ;
#6052 = DIRECTION ( 'NONE',  ( 0.9999342502356429740, -0.01146713589710050135, -5.719039079838520278E-15 ) ) ;
#6053 = VERTEX_POINT ( 'NONE', #5008 ) ;
#6054 = LINE ( 'NONE', #3967, #760 ) ;
#6055 = ORIENTED_EDGE ( 'NONE', *, *, #6359, .F. ) ;
#6056 = CARTESIAN_POINT ( 'NONE',  ( -0.01181102362206692784, -0.04330708661417323468, 0.03122817830516141924 ) ) ;
#6057 = VECTOR ( 'NONE', #3825, 39.37007874015748143 ) ;
#6058 = ORIENTED_EDGE ( 'NONE', *, *, #5091, .F. ) ;
#6059 = FACE_OUTER_BOUND ( 'NONE', #5565, .T. ) ;
#6060 = EDGE_CURVE ( 'NONE', #7366, #2435, #2536, .T. ) ;
#6061 = EDGE_CURVE ( 'NONE', #7528, #2717, #1156, .T. ) ;
#6062 = ORIENTED_EDGE ( 'NONE', *, *, #7001, .T. ) ;
#6063 = ORIENTED_EDGE ( 'NONE', *, *, #4981, .T. ) ;
#6064 = ORIENTED_EDGE ( 'NONE', *, *, #6278, .F. ) ;
#6065 = LINE ( 'NONE', #2113, #1764 ) ;
#6066 = AXIS2_PLACEMENT_3D ( 'NONE', #6808, #2037, #3416 ) ;
#6067 = CARTESIAN_POINT ( 'NONE',  ( 0.1696850393700787274, 0.01877952755903543325, -0.06889763779527559306 ) ) ;
#6068 = LINE ( 'NONE', #124, #6117 ) ;
#6069 = FACE_BOUND ( 'NONE', #6228, .T. ) ;
#6070 =( GEOMETRIC_REPRESENTATION_CONTEXT ( 3 ) GLOBAL_UNCERTAINTY_ASSIGNED_CONTEXT ( ( #719 ) ) GLOBAL_UNIT_ASSIGNED_CONTEXT ( ( #7587, #8277, #1032 ) ) REPRESENTATION_CONTEXT ( 'NONE', 'WORKASPACE' ) );
#6071 = CARTESIAN_POINT ( 'NONE',  ( 0.1102362204724015721, -0.02480314960629921572, -0.009842519685031497767 ) ) ;
#6072 = ORIENTED_EDGE ( 'NONE', *, *, #113, .T. ) ;
#6073 = FACE_OUTER_BOUND ( 'NONE', #6176, .T. ) ;
#6074 = EDGE_CURVE ( 'NONE', #8349, #4774, #3790, .T. ) ;
#6075 = CARTESIAN_POINT ( 'NONE',  ( 0.01118340056264960705, 0.02677165354331102406, -0.01181102362207086566 ) ) ;
#6076 = VECTOR ( 'NONE', #6688, 39.37007874015748143 ) ;
#6077 = DIRECTION ( 'NONE',  ( 0.000000000000000000, 1.000000000000000000, 0.000000000000000000 ) ) ;
#6078 = EDGE_CURVE ( 'NONE', #5575, #6266, #5177, .T. ) ;
#6079 = EDGE_LOOP ( 'NONE', ( #7495, #1004, #5578, #1018 ) ) ;
#6080 = LINE ( 'NONE', #8123, #6288 ) ;
#6081 = AXIS2_PLACEMENT_3D ( 'NONE', #5032, #3036, #7693 ) ;
#6082 = DIRECTION ( 'NONE',  ( 0.000000000000000000, 0.5817638113659883148, -0.8133577735442863998 ) ) ;
#6083 = ORIENTED_EDGE ( 'NONE', *, *, #3459, .T. ) ;
#6084 = CARTESIAN_POINT ( 'NONE',  ( -0.1102362204724409434, -0.02480314960629921572, -0.003225287050151574592 ) ) ;
#6085 = CIRCLE ( 'NONE', #7054, 0.003937007874015741905 ) ;
#6086 = LINE ( 'NONE', #884, #5141 ) ;
#6087 = VERTEX_POINT ( 'NONE', #6322 ) ;
#6088 = EDGE_LOOP ( 'NONE', ( #4588, #8383, #4647, #7449 ) ) ;
#6089 = CARTESIAN_POINT ( 'NONE',  ( -0.01181102362206692784, -0.02874015748031496023, -0.003225287050151574592 ) ) ;
#6090 = ORIENTED_EDGE ( 'NONE', *, *, #8459, .T. ) ;
#6091 = LINE ( 'NONE', #6666, #5488 ) ;
#6092 = CARTESIAN_POINT ( 'NONE',  ( 0.01181102362202755829, -0.02480314960629921572, -0.1279527559055118058 ) ) ;
#6093 = ORIENTED_EDGE ( 'NONE', *, *, #3233, .F. ) ;
#6094 = CARTESIAN_POINT ( 'NONE',  ( -0.08661417322838584065, -0.05905511811023622659, -0.2047244094488188948 ) ) ;
#6095 = VECTOR ( 'NONE', #3858, 39.37007874015748143 ) ;
#6096 = UNCERTAINTY_MEASURE_WITH_UNIT (LENGTH_MEASURE( 1.000000000000000082E-05 ), #2294, 'distance_accuracy_value', 'NONE');
#6097 = CARTESIAN_POINT ( 'NONE',  ( 0.1781496062992126150, 0.02362204724409055004, 0.000000000000000000 ) ) ;
#6098 = ORIENTED_EDGE ( 'NONE', *, *, #1957, .F. ) ;
#6099 = CYLINDRICAL_SURFACE ( 'NONE', #2675, 0.003937007874015749712 ) ;
#6100 = ORIENTED_EDGE ( 'NONE', *, *, #2176, .T. ) ;
#6101 = ORIENTED_EDGE ( 'NONE', *, *, #123, .F. ) ;
#6102 = ORIENTED_EDGE ( 'NONE', *, *, #7155, .T. ) ;
#6103 = LINE ( 'NONE', #1473, #5215 ) ;
#6104 = EDGE_CURVE ( 'NONE', #1131, #1896, #1244, .T. ) ;
#6105 = EDGE_CURVE ( 'NONE', #8136, #1112, #4436, .T. ) ;
#6106 = EDGE_CURVE ( 'NONE', #4447, #1319, #375, .T. ) ;
#6107 = CARTESIAN_POINT ( 'NONE',  ( 0.09147751592771652396, 0.07075722731629921491, -4.267012464803149650E-05 ) ) ;
#6108 = CARTESIAN_POINT ( 'NONE',  ( -0.1696850393700787274, 0.02362204724409055004, -0.03543307086614566614 ) ) ;
#6109 = DIRECTION ( 'NONE',  ( 0.000000000000000000, 1.000000000000000000, 0.000000000000000000 ) ) ;
#6110 = CARTESIAN_POINT ( 'NONE',  ( -0.04625984251968504046, -0.03602362204724409572, -0.05265748031496062659 ) ) ;
#6111 = ORIENTED_EDGE ( 'NONE', *, *, #6659, .F. ) ;
#6112 = DIRECTION ( 'NONE',  ( 0.000000000000000000, -0.5817406044283967015, 0.8133743720816901668 ) ) ;
#6113 = DIRECTION ( 'NONE',  ( 0.000000000000000000, -1.000000000000000000, 0.000000000000000000 ) ) ;
#6114 = AXIS2_PLACEMENT_3D ( 'NONE', #4710, #3329, #2679 ) ;
#6115 = CARTESIAN_POINT ( 'NONE',  ( -0.08661417322838584065, -0.04559749532039369946, 0.02802598234635826982 ) ) ;
#6116 = LINE ( 'NONE', #8517, #5581 ) ;
#6117 = VECTOR ( 'NONE', #3330, 39.37007874015748143 ) ;
#6118 = MECHANICAL_DESIGN_GEOMETRIC_PRESENTATION_REPRESENTATION (  '', ( #3349 ), #5571 ) ;
#6119 = ORIENTED_EDGE ( 'NONE', *, *, #1403, .F. ) ;
#6120 = LINE ( 'NONE', #6040, #7964 ) ;
#6121 = LINE ( 'NONE', #4900, #6897 ) ;
#6122 = LINE ( 'NONE', #179, #6595 ) ;
#6123 = EDGE_LOOP ( 'NONE', ( #2964, #3512, #7084, #3112, #2879, #2746 ) ) ;
#6124 = CARTESIAN_POINT ( 'NONE',  ( -0.1053149606299212532, -0.02480314960629921572, -0.07578740157480315376 ) ) ;
#6125 = EDGE_CURVE ( 'NONE', #7144, #2683, #5835, .T. ) ;
#6126 = CIRCLE ( 'NONE', #993, 0.001968503937007879193 ) ;
#6127 = EDGE_CURVE ( 'NONE', #6617, #3517, #1071, .T. ) ;
#6128 = EDGE_CURVE ( 'NONE', #4990, #410, #7187, .T. ) ;
#6129 = VECTOR ( 'NONE', #6143, 39.37007874015748143 ) ;
#6130 = LINE ( 'NONE', #8048, #5705 ) ;
#6131 = VECTOR ( 'NONE', #7543, 39.37007874015748143 ) ;
#6132 = VERTEX_POINT ( 'NONE', #3096 ) ;
#6133 = ORIENTED_EDGE ( 'NONE', *, *, #1572, .F. ) ;
#6134 = PLANE ( 'NONE',  #1155 ) ;
#6135 = EDGE_LOOP ( 'NONE', ( #4756, #1931, #7359, #3450 ) ) ;
#6136 = DIRECTION ( 'NONE',  ( 0.000000000000000000, 0.8133743720617218065, -0.5817406044563160350 ) ) ;
#6137 = CARTESIAN_POINT ( 'NONE',  ( -0.1712141755981102520, 0.07086614173228346358, -0.03543307086614566614 ) ) ;
#6138 = ORIENTED_EDGE ( 'NONE', *, *, #3840, .T. ) ;
#6139 = CARTESIAN_POINT ( 'NONE',  ( -0.01181102362206299175, -0.05905511811023622659, 0.02532139787885039420 ) ) ;
#6140 = EDGE_CURVE ( 'NONE', #2436, #4425, #8442, .T. ) ;
#6141 = AXIS2_PLACEMENT_3D ( 'NONE', #4482, #6493, #544 ) ;
#6142 = VECTOR ( 'NONE', #217, 39.37007874015747433 ) ;
#6143 = DIRECTION ( 'NONE',  ( 0.000000000000000000, -1.000000000000000000, 0.000000000000000000 ) ) ;
#6144 = EDGE_LOOP ( 'NONE', ( #5672, #725, #2744, #4566 ) ) ;
#6145 = CARTESIAN_POINT ( 'NONE',  ( 0.1053149606299212532, -0.02480314960629921572, -0.06200787401574803237 ) ) ;
#6146 = ORIENTED_EDGE ( 'NONE', *, *, #3321, .F. ) ;
#6147 = ORIENTED_EDGE ( 'NONE', *, *, #5264, .F. ) ;
#6148 = ORIENTED_EDGE ( 'NONE', *, *, #7382, .T. ) ;
#6149 = VECTOR ( 'NONE', #3857, 39.37007874015748143 ) ;
#6150 = DIRECTION ( 'NONE',  ( 1.000000000000000000, 0.000000000000000000, 0.000000000000000000 ) ) ;
#6151 = VECTOR ( 'NONE', #4630, 39.37007874015748143 ) ;
#6152 = CARTESIAN_POINT ( 'NONE',  ( 0.01181102362202755829, -0.02874015748031496023, -0.1351503312329527529 ) ) ;
#6153 = LINE ( 'NONE', #4152, #299 ) ;
#6154 = EDGE_CURVE ( 'NONE', #105, #763, #7713, .T. ) ;
#6155 = LINE ( 'NONE', #290, #5150 ) ;
#6156 = LENGTH_MEASURE_WITH_UNIT ( LENGTH_MEASURE( 0.02539999999999999897 ), #1520 );
#6157 = ORIENTED_EDGE ( 'NONE', *, *, #1427, .T. ) ;
#6158 = CARTESIAN_POINT ( 'NONE',  ( 0.08661417322834646937, -0.04724409448818897572, -0.1696038517685826696 ) ) ;
#6159 = DIRECTION ( 'NONE',  ( 1.000000000000000000, -1.756407519426512538E-12, 0.000000000000000000 ) ) ;
#6160 = ADVANCED_FACE ( 'NONE', ( #5089 ), #8362, .F. ) ;
#6161 = CARTESIAN_POINT ( 'NONE',  ( 0.1102362204724409434, -0.01299212598425196832, -0.1410558316531889678 ) ) ;
#6162 = CARTESIAN_POINT ( 'NONE',  ( 0.1102362204724015721, -0.02480314960629921572, -0.1279527559055118058 ) ) ;
#6163 = CARTESIAN_POINT ( 'NONE',  ( -0.1643700787401574936, 0.05892761925992126559, -0.1023622047244094474 ) ) ;
#6164 = CIRCLE ( 'NONE', #7832, 0.01968503937007873988 ) ;
#6165 = VERTEX_POINT ( 'NONE', #2408 ) ;
#6166 = LINE ( 'NONE', #4899, #6568 ) ;
#6167 = DIRECTION ( 'NONE',  ( -0.01146713589732045388, 0.9999342502356404205, 0.000000000000000000 ) ) ;
#6168 = EDGE_CURVE ( 'NONE', #723, #7233, #6364, .T. ) ;
#6169 = EDGE_CURVE ( 'NONE', #7588, #1274, #1987, .T. ) ;
#6170 = CARTESIAN_POINT ( 'NONE',  ( -0.08661417322838584065, -0.01299212598425196832, -0.1410558316531889678 ) ) ;
#6171 = EDGE_LOOP ( 'NONE', ( #2063, #5796, #2658, #4787 ) ) ;
#6172 = PLANE ( 'NONE',  #6646 ) ;
#6173 =( GEOMETRIC_REPRESENTATION_CONTEXT ( 3 ) GLOBAL_UNCERTAINTY_ASSIGNED_CONTEXT ( ( #5311 ) ) GLOBAL_UNIT_ASSIGNED_CONTEXT ( ( #5898, #6601, #1351 ) ) REPRESENTATION_CONTEXT ( 'NONE', 'WORKASPACE' ) );
#6174 = ADVANCED_FACE ( 'NONE', ( #5707 ), #5753, .F. ) ;
#6175 = CARTESIAN_POINT ( 'NONE',  ( -0.01126339095131889852, 0.02677165354331102406, -0.01511513293132677252 ) ) ;
#6176 = EDGE_LOOP ( 'NONE', ( #3519, #2360, #623, #2573, #7007, #6817, #6566, #1393, #1330, #5696, #3468, #8590, #3357, #1407, #6309, #2394, #7230, #4131, #2781, #2839 ) ) ;
#6177 = ORIENTED_EDGE ( 'NONE', *, *, #4960, .F. ) ;
#6178 = CARTESIAN_POINT ( 'NONE',  ( -0.1651356080489763956, 0.07874015748031495954, 0.000000000000000000 ) ) ;
#6179 = ORIENTED_EDGE ( 'NONE', *, *, #1039, .F. ) ;
#6180 = CARTESIAN_POINT ( 'NONE',  ( -0.1708174433990551078, 0.03627109397756299314, -0.03674540682412992532 ) ) ;
#6181 = DIRECTION ( 'NONE',  ( 0.000000000000000000, 4.981908982573383908E-13, -1.000000000000000000 ) ) ;
#6182 = VERTEX_POINT ( 'NONE', #1291 ) ;
#6183 = CARTESIAN_POINT ( 'NONE',  ( -0.01181102362205905393, -0.05905511811023622659, 0.06692913385826770867 ) ) ;
#6184 = LINE ( 'NONE', #6754, #3621 ) ;
#6185 = ORIENTED_EDGE ( 'NONE', *, *, #8119, .F. ) ;
#6186 = ADVANCED_FACE ( 'NONE', ( #6059 ), #5882, .F. ) ;
#6187 = CARTESIAN_POINT ( 'NONE',  ( 0.01181102362202755829, -0.01299212598425196832, -0.1377952755905511861 ) ) ;
#6188 = VECTOR ( 'NONE', #3312, 39.37007874015748143 ) ;
#6189 = VERTEX_POINT ( 'NONE', #8533 ) ;
#6190 = LINE ( 'NONE', #4347, #7578 ) ;
#6191 = ORIENTED_EDGE ( 'NONE', *, *, #5007, .T. ) ;
#6192 = LINE ( 'NONE', #86, #3934 ) ;
#6193 = DIRECTION ( 'NONE',  ( 1.000000000000000000, 0.000000000000000000, 0.000000000000000000 ) ) ;
#6194 = AXIS2_PLACEMENT_3D ( 'NONE', #2366, #6199, #6851 ) ;
#6195 = DIRECTION ( 'NONE',  ( 5.021624142151000384E-14, 1.000000000000000000, 0.000000000000000000 ) ) ;
#6196 = DIRECTION ( 'NONE',  ( -1.000000000000000000, 0.000000000000000000, 0.000000000000000000 ) ) ;
#6197 = CARTESIAN_POINT ( 'NONE',  ( 0.1702761082658661718, -0.01093332963860236401, -0.1377952755905511861 ) ) ;
#6198 = EDGE_LOOP ( 'NONE', ( #6408, #1400, #669, #4959, #1680 ) ) ;
#6199 = DIRECTION ( 'NONE',  ( 0.000000000000000000, 0.000000000000000000, 1.000000000000000000 ) ) ;
#6200 = AXIS2_PLACEMENT_3D ( 'NONE', #2723, #6729, #5325 ) ;
#6201 = CARTESIAN_POINT ( 'NONE',  ( 0.1786909414324015788, 0.03618080156894094151, -0.1010498687664173195 ) ) ;
#6202 = LINE ( 'NONE', #4202, #6657 ) ;
#6203 = DIRECTION ( 'NONE',  ( 0.000000000000000000, 0.000000000000000000, -1.000000000000000000 ) ) ;
#6204 = ORIENTED_EDGE ( 'NONE', *, *, #6282, .F. ) ;
#6205 = LENGTH_MEASURE_WITH_UNIT ( LENGTH_MEASURE( 0.02539999999999999897 ), #2898 );
#6206 = DIRECTION ( 'NONE',  ( 0.000000000000000000, -1.000000000000000000, 0.000000000000000000 ) ) ;
#6207 = EDGE_LOOP ( 'NONE', ( #3105, #4866, #1497, #3680, #6841, #6587, #4290 ) ) ;
#6208 = CARTESIAN_POINT ( 'NONE',  ( 0.1696850393700787274, 0.02362204724409055004, 0.000000000000000000 ) ) ;
#6209 = VECTOR ( 'NONE', #1807, 39.37007874015748143 ) ;
#6210 = EDGE_CURVE ( 'NONE', #4247, #285, #5713, .T. ) ;
#6211 = ADVANCED_FACE ( 'NONE', ( #5315 ), #3880, .F. ) ;
#6212 = VECTOR ( 'NONE', #934, 39.37007874015748143 ) ;
#6213 = CARTESIAN_POINT ( 'NONE',  ( 0.01181102362202755829, -0.01692913385826771630, 0.002680158189764960449 ) ) ;
#6214 = ORIENTED_EDGE ( 'NONE', *, *, #858, .F. ) ;
#6215 = ORIENTED_EDGE ( 'NONE', *, *, #7454, .T. ) ;
#6216 = LINE ( 'NONE', #273, #5447 ) ;
#6217 = EDGE_LOOP ( 'NONE', ( #1799, #6610, #2139, #5965 ) ) ;
#6218 = CARTESIAN_POINT ( 'NONE',  ( -0.01181102362206299175, -0.05740842757661417800, 0.02211913657151574897 ) ) ;
#6219 = CARTESIAN_POINT ( 'NONE',  ( 0.1496062992125984370, 0.07086614173228346358, -0.03543307086614566614 ) ) ;
#6220 = ORIENTED_EDGE ( 'NONE', *, *, #7279, .F. ) ;
#6221 = CARTESIAN_POINT ( 'NONE',  ( -0.1673228346456692994, 0.07086614173228346358, -0.03444881889764173089 ) ) ;
#6222 = AXIS2_PLACEMENT_3D ( 'NONE', #5106, #5064, #3633 ) ;
#6223 = DIRECTION ( 'NONE',  ( 0.000000000000000000, 0.000000000000000000, -1.000000000000000000 ) ) ;
#6224 = ORIENTED_EDGE ( 'NONE', *, *, #657, .T. ) ;
#6225 = DIRECTION ( 'NONE',  ( 1.000000000000000000, 0.000000000000000000, 0.000000000000000000 ) ) ;
#6226 = AXIS2_PLACEMENT_3D ( 'NONE', #7506, #1569, #383 ) ;
#6227 = ORIENTED_EDGE ( 'NONE', *, *, #4465, .T. ) ;
#6228 = EDGE_LOOP ( 'NONE', ( #3074, #7076, #157, #6256, #6799, #6630, #1020, #6827 ) ) ;
#6229 = ORIENTED_EDGE ( 'NONE', *, *, #5161, .F. ) ;
#6230 = CARTESIAN_POINT ( 'NONE',  ( 0.04625984251968504046, -0.04724409448818897572, -0.04330708661417323468 ) ) ;
#6231 = EDGE_CURVE ( 'NONE', #5486, #3040, #4568, .T. ) ;
#6232 = CARTESIAN_POINT ( 'NONE',  ( -1.377944128004330717E-14, -0.01299212598425196832, -0.06889763779527559306 ) ) ;
#6233 = CARTESIAN_POINT ( 'NONE',  ( -0.01181102362206299175, -0.01299212598425196832, 0.002680158189764960449 ) ) ;
#6234 = EDGE_CURVE ( 'NONE', #1382, #8371, #770, .T. ) ;
#6235 = LINE ( 'NONE', #291, #1213 ) ;
#6236 = ORIENTED_EDGE ( 'NONE', *, *, #2983, .T. ) ;
#6237 = CARTESIAN_POINT ( 'NONE',  ( 0.1240157480314960647, 0.07874015748031495954, -0.1358267716535433156 ) ) ;
#6238 = FACE_OUTER_BOUND ( 'NONE', #4935, .T. ) ;
#6239 = DIRECTION ( 'NONE',  ( 0.000000000000000000, 0.000000000000000000, 1.000000000000000000 ) ) ;
#6240 = CARTESIAN_POINT ( 'NONE',  ( -0.1200787401574803237, 0.07874015748031495954, -0.008858267716527559038 ) ) ;
#6241 = ORIENTED_EDGE ( 'NONE', *, *, #8102, .T. ) ;
#6242 = LENGTH_MEASURE_WITH_UNIT ( LENGTH_MEASURE( 0.02539999999999999897 ), #3107 );
#6243 = CARTESIAN_POINT ( 'NONE',  ( -0.08661417322838584065, -0.02480314960629921572, -0.1279527559055118058 ) ) ;
#6244 = CARTESIAN_POINT ( 'NONE',  ( -0.01181102362206692784, -0.01692913385826771630, -0.1410558316531889678 ) ) ;
#6245 = ORIENTED_EDGE ( 'NONE', *, *, #4624, .T. ) ;
#6246 = LINE ( 'NONE', #3594, #2887 ) ;
#6247 = CIRCLE ( 'NONE', #3893, 0.003937007874015749712 ) ;
#6248 = CARTESIAN_POINT ( 'NONE',  ( 0.1399606299212204641, -0.02480314960629921572, -0.06889763779527559306 ) ) ;
#6249 = EDGE_CURVE ( 'NONE', #2489, #5586, #1940, .T. ) ;
#6250 = ORIENTED_EDGE ( 'NONE', *, *, #8483, .T. ) ;
#6251 = DIRECTION ( 'NONE',  ( 0.000000000000000000, 0.000000000000000000, 1.000000000000000000 ) ) ;
#6252 = ORIENTED_EDGE ( 'NONE', *, *, #7803, .F. ) ;
#6253 = DIRECTION ( 'NONE',  ( 0.000000000000000000, 0.000000000000000000, 1.000000000000000000 ) ) ;
#6254 = LINE ( 'NONE', #5564, #5887 ) ;
#6255 = VECTOR ( 'NONE', #3853, 39.37007874015748143 ) ;
#6256 = ORIENTED_EDGE ( 'NONE', *, *, #6339, .T. ) ;
#6257 = CARTESIAN_POINT ( 'NONE',  ( -0.1427165354330708902, -0.04724409448818897572, -0.02165354330707086952 ) ) ;
#6258 = ADVANCED_FACE ( 'NONE', ( #3928 ), #7410, .F. ) ;
#6259 = VECTOR ( 'NONE', #7041, 39.37007874015748143 ) ;
#6260 = PLANE ( 'NONE',  #6547 ) ;
#6261 = VECTOR ( 'NONE', #2578, 39.37007874015748143 ) ;
#6262 = CARTESIAN_POINT ( 'NONE',  ( -0.1427165354330708902, -0.05905511811023622659, -0.1161417322834645688 ) ) ;
#6263 = EDGE_CURVE ( 'NONE', #6760, #2869, #2026, .T. ) ;
#6264 = ORIENTED_EDGE ( 'NONE', *, *, #3144, .F. ) ;
#6265 = LINE ( 'NONE', #2233, #6556 ) ;
#6266 = VERTEX_POINT ( 'NONE', #4062 ) ;
#6267 = ORIENTED_EDGE ( 'NONE', *, *, #7549, .F. ) ;
#6268 = ORIENTED_EDGE ( 'NONE', *, *, #6865, .T. ) ;
#6269 = DIRECTION ( 'NONE',  ( -0.9999342502356429740, -0.01146713589710050135, 5.719039079838520278E-15 ) ) ;
#6270 = ORIENTED_EDGE ( 'NONE', *, *, #319, .T. ) ;
#6271 = EDGE_CURVE ( 'NONE', #4729, #3207, #3366, .T. ) ;
#6272 = AXIS2_PLACEMENT_3D ( 'NONE', #3460, #2722, #6109 ) ;
#6273 = EDGE_CURVE ( 'NONE', #292, #367, #2753, .T. ) ;
#6274 = AXIS2_PLACEMENT_3D ( 'NONE', #3236, #3186, #3103 ) ;
#6275 = CARTESIAN_POINT ( 'NONE',  ( 0.005314455739496062522, 0.05236220472440945156, -0.006561679790405511824 ) ) ;
#6276 = AXIS2_PLACEMENT_3D ( 'NONE', #408, #6396, #364 ) ;
#6277 = CARTESIAN_POINT ( 'NONE',  ( 0.000000000000000000, 0.07086614173228346358, -0.06889763779527559306 ) ) ;
#6278 = EDGE_CURVE ( 'NONE', #3698, #4121, #115, .T. ) ;
#6279 = LINE ( 'NONE', #2972, #2868 ) ;
#6280 = EDGE_CURVE ( 'NONE', #5920, #816, #6719, .T. ) ;
#6281 = CARTESIAN_POINT ( 'NONE',  ( -0.1210629921259842590, -0.05314960629921260116, -0.03248031496062204343 ) ) ;
#6282 = EDGE_CURVE ( 'NONE', #305, #6007, #1983, .T. ) ;
#6283 = AXIS2_PLACEMENT_3D ( 'NONE', #7437, #6912, #232 ) ;
#6284 = DIRECTION ( 'NONE',  ( -1.000000000000000000, 0.000000000000000000, 0.000000000000000000 ) ) ;
#6285 = PLANE ( 'NONE',  #3625 ) ;
#6286 = ADVANCED_FACE ( 'NONE', ( #1380 ), #2627, .T. ) ;
#6287 = EDGE_CURVE ( 'NONE', #8535, #8250, #7935, .T. ) ;
#6288 = VECTOR ( 'NONE', #834, 39.37007874015748143 ) ;
#6289 = VERTEX_POINT ( 'NONE', #7282 ) ;
#6290 = EDGE_CURVE ( 'NONE', #1986, #723, #6627, .T. ) ;
#6291 = FACE_OUTER_BOUND ( 'NONE', #4857, .T. ) ;
#6292 = PLANE ( 'NONE',  #945 ) ;
#6293 = CARTESIAN_POINT ( 'NONE',  ( -0.1102362204724409434, -0.02480314960629921572, -0.1351503312329527529 ) ) ;
#6294 = VERTEX_POINT ( 'NONE', #2711 ) ;
#6295 = DIRECTION ( 'NONE',  ( 0.000000000000000000, -0.5817638114056934429, 0.8133577735158868949 ) ) ;
#6296 = VECTOR ( 'NONE', #1665, 39.37007874015748143 ) ;
#6297 = LINE ( 'NONE', #2120, #1140 ) ;
#6298 = EDGE_LOOP ( 'NONE', ( #5390, #146, #6241, #3663 ) ) ;
#6299 = CARTESIAN_POINT ( 'NONE',  ( 0.01181102362202755829, -0.02874015748031496023, -0.003225287050151574592 ) ) ;
#6300 = ORIENTED_EDGE ( 'NONE', *, *, #4097, .F. ) ;
#6301 = CARTESIAN_POINT ( 'NONE',  ( 0.01181102362202755829, -0.05740842757661417800, 0.02211913657152362461 ) ) ;
#6302 = VECTOR ( 'NONE', #4592, 39.37007874015748854 ) ;
#6303 = FACE_OUTER_BOUND ( 'NONE', #412, .T. ) ;
#6304 = ORIENTED_EDGE ( 'NONE', *, *, #1661, .F. ) ;
#6305 = DIRECTION ( 'NONE',  ( 1.000000000000000000, 0.000000000000000000, 0.000000000000000000 ) ) ;
#6306 = EDGE_CURVE ( 'NONE', #673, #6132, #4757, .T. ) ;
#6307 = FACE_OUTER_BOUND ( 'NONE', #1080, .T. ) ;
#6308 = CARTESIAN_POINT ( 'NONE',  ( -0.1781496062992126150, 0.03188976377952755514, -0.1023622047244094474 ) ) ;
#6309 = ORIENTED_EDGE ( 'NONE', *, *, #2714, .F. ) ;
#6310 = ORIENTED_EDGE ( 'NONE', *, *, #4169, .F. ) ;
#6311 = DIRECTION ( 'NONE',  ( 0.000000000000000000, 1.628298888370000313E-14, -1.000000000000000000 ) ) ;
#6312 = VERTEX_POINT ( 'NONE', #154 ) ;
#6313 = DIRECTION ( 'NONE',  ( 0.008547098457887048958, -0.7453069855149079270, 0.6666666666713072509 ) ) ;
#6314 = ORIENTED_EDGE ( 'NONE', *, *, #5912, .F. ) ;
#6315 = CARTESIAN_POINT ( 'NONE',  ( -0.1210629921259842590, -0.04724409448818897572, -0.1161417322834645688 ) ) ;
#6316 = ORIENTED_EDGE ( 'NONE', *, *, #5035, .F. ) ;
#6317 = CARTESIAN_POINT ( 'NONE',  ( 0.08661417322834646937, -0.04724409448818897572, 0.06692913385826770867 ) ) ;
#6318 = LINE ( 'NONE', #7053, #23 ) ;
#6319 = EDGE_CURVE ( 'NONE', #4563, #7938, #2878, .T. ) ;
#6320 = CLOSED_SHELL ( 'NONE', ( #2405, #7877, #5895, #7798, #3289, #3255, #7021, #1681, #8546, #4737, #7457, #381, #3701, #3100, #1750, #7283, #4726, #4222, #7551, #3095, #4540, #1115, #6174, #5632, #1376, #3187, #6802, #8253, #6211, #1226, #3957, #8028, #1629, #4442, #298, #3443, #7492, #7227, #1659, #4665, #2731, #2311, #3298, #1557, #7616, #786, #8191, #4687, #5375, #2129, #7059, #2313, #1445, #893, #428, #1608, #3080, #5455, #2653, #2893, #813, #3542, #1696, #7640, #5376, #3056, #6702, #5127, #3547, #7667, #7643, #141 ) ) ;
#6321 = EDGE_CURVE ( 'NONE', #2073, #3477, #244, .T. ) ;
#6322 = CARTESIAN_POINT ( 'NONE',  ( -0.08661417322838584065, -0.05740842757661417800, 0.02211913657151574897 ) ) ;
#6323 = CARTESIAN_POINT ( 'NONE',  ( -0.1102362204724409434, -0.02644984013992125738, -2.302574283772047088E-05 ) ) ;
#6324 = ORIENTED_EDGE ( 'NONE', *, *, #8561, .T. ) ;
#6325 = DIRECTION ( 'NONE',  ( 1.000000000000000000, 0.000000000000000000, 0.000000000000000000 ) ) ;
#6326 = VECTOR ( 'NONE', #1189, 39.37007874015748143 ) ;
#6327 = CARTESIAN_POINT ( 'NONE',  ( 0.07283464566929134798, 0.07086614173228346358, -0.1003937007874015908 ) ) ;
#6328 = CARTESIAN_POINT ( 'NONE',  ( 0.04625984251968504046, -0.02480314960629921572, -0.04330708661417323468 ) ) ;
#6329 = EDGE_CURVE ( 'NONE', #8127, #7173, #3073, .T. ) ;
#6330 = VECTOR ( 'NONE', #5243, 39.37007874015748143 ) ;
#6331 = ORIENTED_EDGE ( 'NONE', *, *, #2278, .F. ) ;
#6332 = CARTESIAN_POINT ( 'NONE',  ( 0.1427165354330708902, -0.04724409448818897572, -0.02165354330707086952 ) ) ;
#6333 = DIRECTION ( 'NONE',  ( 0.000000000000000000, -1.000000000000000000, 0.000000000000000000 ) ) ;
#6334 = CARTESIAN_POINT ( 'NONE',  ( -0.08661417322838584065, -0.04724409448818897572, -0.2047244094488188948 ) ) ;
#6335 = ORIENTED_EDGE ( 'NONE', *, *, #4367, .T. ) ;
#6336 = CARTESIAN_POINT ( 'NONE',  ( 0.1505905511811023723, 0.07874015748031495954, 0.000000000000000000 ) ) ;
#6337 = VECTOR ( 'NONE', #159, 39.37007874015748143 ) ;
#6338 = EDGE_CURVE ( 'NONE', #5894, #3940, #284, .T. ) ;
#6339 = EDGE_CURVE ( 'NONE', #6925, #1176, #6265, .T. ) ;
#6340 = ORIENTED_EDGE ( 'NONE', *, *, #2379, .T. ) ;
#6341 = CARTESIAN_POINT ( 'NONE',  ( -0.08464566929133858497, -0.02480314960629921572, -0.05265748031496062659 ) ) ;
#6342 = PRESENTATION_LAYER_ASSIGNMENT (  '', '', ( #7034 ) ) ;
#6343 = CARTESIAN_POINT ( 'NONE',  ( 0.01181102362202755829, -0.05511811023622047168, 0.02532139787885039420 ) ) ;
#6344 = CARTESIAN_POINT ( 'NONE',  ( 0.04625984251968504046, -0.02480314960629921572, -0.04330708661417323468 ) ) ;
#6345 = ORIENTED_EDGE ( 'NONE', *, *, #5630, .T. ) ;
#6346 = DIRECTION ( 'NONE',  ( 0.000000000000000000, 1.628298888370000313E-14, -1.000000000000000000 ) ) ;
#6347 = AXIS2_PLACEMENT_3D ( 'NONE', #7664, #7008, #1066 ) ;
#6348 = DIRECTION ( 'NONE',  ( 0.000000000000000000, 1.000000000000000000, 0.000000000000000000 ) ) ;
#6349 = CARTESIAN_POINT ( 'NONE',  ( -0.1781496062992126150, 0.03188976377952755514, 0.000000000000000000 ) ) ;
#6350 = ORIENTED_EDGE ( 'NONE', *, *, #869, .T. ) ;
#6351 = ORIENTED_EDGE ( 'NONE', *, *, #1923, .F. ) ;
#6352 = DIRECTION ( 'NONE',  ( 0.000000000000000000, 0.000000000000000000, -1.000000000000000000 ) ) ;
#6353 = ORIENTED_EDGE ( 'NONE', *, *, #4636, .T. ) ;
#6354 = DIRECTION ( 'NONE',  ( 0.7453559925392747587, 0.000000000000000000, -0.6666666666226778171 ) ) ;
#6355 = ORIENTED_EDGE ( 'NONE', *, *, #240, .T. ) ;
#6356 = DIRECTION ( 'NONE',  ( -1.000000000000000000, 0.000000000000000000, 0.000000000000000000 ) ) ;
#6357 = EDGE_LOOP ( 'NONE', ( #3462, #3429, #4621, #2767 ) ) ;
#6358 = FACE_OUTER_BOUND ( 'NONE', #6736, .T. ) ;
#6359 = EDGE_CURVE ( 'NONE', #8578, #7066, #899, .T. ) ;
#6360 = CIRCLE ( 'NONE', #3708, 0.001968503937007874856 ) ;
#6361 = EDGE_CURVE ( 'NONE', #452, #5343, #1549, .T. ) ;
#6362 = CARTESIAN_POINT ( 'NONE',  ( 0.1102362204724409434, -0.05905511811023622659, -0.2047244094488188948 ) ) ;
#6363 = VECTOR ( 'NONE', #3472, 39.37007874015748143 ) ;
#6364 = LINE ( 'NONE', #3051, #1576 ) ;
#6365 = EDGE_CURVE ( 'NONE', #4301, #5359, #3528, .T. ) ;
#6366 = ORIENTED_EDGE ( 'NONE', *, *, #3232, .T. ) ;
#6367 = LINE ( 'NONE', #4970, #5636 ) ;
#6368 = AXIS2_PLACEMENT_3D ( 'NONE', #4590, #1316, #8464 ) ;
#6369 = EDGE_CURVE ( 'NONE', #2564, #7302, #7533, .T. ) ;
#6370 = ADVANCED_FACE ( 'NONE', ( #8107 ), #812, .T. ) ;
#6371 = CARTESIAN_POINT ( 'NONE',  ( -0.08661417322838584065, -0.05905511811023622659, 0.06692913385826770867 ) ) ;
#6372 = CARTESIAN_POINT ( 'NONE',  ( -0.1706598510025984228, 0.02252903700314173169, -0.1377952755905511861 ) ) ;
#6373 = ORIENTED_EDGE ( 'NONE', *, *, #6933, .F. ) ;
#6374 = VERTEX_POINT ( 'NONE', #8267 ) ;
#6375 = CARTESIAN_POINT ( 'NONE',  ( 0.1102362204724409434, -0.01299212598425196832, 0.002680158189764960449 ) ) ;
#6376 = DIRECTION ( 'NONE',  ( 0.000000000000000000, -1.000000000000000000, 0.000000000000000000 ) ) ;
#6377 = DIRECTION ( 'NONE',  ( -0.000000000000000000, 1.000000000000000000, 0.000000000000000000 ) ) ;
#6378 = VERTEX_POINT ( 'NONE', #8226 ) ;
#6379 = DIRECTION ( 'NONE',  ( 0.000000000000000000, 1.000000000000000000, 0.000000000000000000 ) ) ;
#6380 = ADVANCED_FACE ( 'NONE', ( #5532 ), #6099, .T. ) ;
#6381 = CARTESIAN_POINT ( 'NONE',  ( 0.01181102362202755829, -0.04330708661417323468, -0.1696038517685826696 ) ) ;
#6382 = VERTEX_POINT ( 'NONE', #2273 ) ;
#6383 = DIRECTION ( 'NONE',  ( 1.000000000000000000, 0.000000000000000000, 0.000000000000000000 ) ) ;
#6384 = ADVANCED_FACE ( 'NONE', ( #4958 ), #1469, .T. ) ;
#6385 = CARTESIAN_POINT ( 'NONE',  ( -0.1318897637795275746, -0.05905511811023622659, -0.03248031496062204343 ) ) ;
#6386 = DIRECTION ( 'NONE',  ( 0.000000000000000000, 0.000000000000000000, -1.000000000000000000 ) ) ;
#6387 = EDGE_LOOP ( 'NONE', ( #4569, #2441, #7968, #5982, #1468 ) ) ;
#6388 = EDGE_CURVE ( 'NONE', #6002, #5551, #4263, .T. ) ;
#6389 = CARTESIAN_POINT ( 'NONE',  ( 0.08661417322834646937, -0.04559749532039369946, 0.02802598234636220417 ) ) ;
#6390 = EDGE_CURVE ( 'NONE', #6007, #4344, #323, .T. ) ;
#6391 = VECTOR ( 'NONE', #6195, 39.37007874015748143 ) ;
#6392 = CARTESIAN_POINT ( 'NONE',  ( 0.1200787401574803237, 0.07086614173228346358, -0.1318897637795275746 ) ) ;
#6393 = LINE ( 'NONE', #3082, #7383 ) ;
#6394 = VECTOR ( 'NONE', #81, 39.37007874015748143 ) ;
#6395 = ORIENTED_EDGE ( 'NONE', *, *, #3805, .T. ) ;
#6396 = DIRECTION ( 'NONE',  ( 0.000000000000000000, 0.000000000000000000, 1.000000000000000000 ) ) ;
#6397 = EDGE_CURVE ( 'NONE', #2452, #675, #318, .T. ) ;
#6398 = EDGE_LOOP ( 'NONE', ( #5824, #8042, #5572, #590, #3138, #1125 ) ) ;
#6399 = EDGE_CURVE ( 'NONE', #1919, #2700, #199, .T. ) ;
#6400 = LINE ( 'NONE', #2527, #3958 ) ;
#6401 = ORIENTED_EDGE ( 'NONE', *, *, #2327, .F. ) ;
#6402 = LINE ( 'NONE', #453, #7272 ) ;
#6403 = ORIENTED_EDGE ( 'NONE', *, *, #1767, .F. ) ;
#6404 = DIRECTION ( 'NONE',  ( 1.000000000000000000, 0.000000000000000000, 0.000000000000000000 ) ) ;
#6405 = AXIS2_PLACEMENT_3D ( 'NONE', #6866, #2177, #4046 ) ;
#6406 = DIRECTION ( 'NONE',  ( 0.000000000000000000, 1.000000000000000000, 0.000000000000000000 ) ) ;
#6407 = DIRECTION ( 'NONE',  ( 0.000000000000000000, 1.000000000000000000, 0.000000000000000000 ) ) ;
#6408 = ORIENTED_EDGE ( 'NONE', *, *, #1280, .F. ) ;
#6409 = ORIENTED_EDGE ( 'NONE', *, *, #4618, .T. ) ;
#6410 = VECTOR ( 'NONE', #7142, 39.37007874015748143 ) ;
#6411 = AXIS2_PLACEMENT_3D ( 'NONE', #5676, #5549, #992 ) ;
#6412 = CARTESIAN_POINT ( 'NONE',  ( 0.08267716535433070058, -0.02480314960629921572, -0.06200787401574803237 ) ) ;
#6413 = VECTOR ( 'NONE', #5618, 39.37007874015748143 ) ;
#6414 = ADVANCED_FACE ( 'NONE', ( #3487 ), #2838, .T. ) ;
#6415 = LINE ( 'NONE', #2543, #3162 ) ;
#6416 = LINE ( 'NONE', #7105, #1438 ) ;
#6417 = CARTESIAN_POINT ( 'NONE',  ( -0.1427165354330708902, -0.05905511811023622659, -0.09448818897637795144 ) ) ;
#6418 = ORIENTED_EDGE ( 'NONE', *, *, #6036, .F. ) ;
#6419 = ORIENTED_EDGE ( 'NONE', *, *, #4605, .T. ) ;
#6420 = FILL_AREA_STYLE ('',( #344 ) ) ;
#6421 = CARTESIAN_POINT ( 'NONE',  ( 0.1707451419320078767, 0.02996640604683857914, -0.06889763779527559306 ) ) ;
#6422 = CARTESIAN_POINT ( 'NONE',  ( 0.1706598510025984228, 0.02252903700314173169, -0.03149606299213780075 ) ) ;
#6423 = AXIS2_PLACEMENT_3D ( 'NONE', #711, #7969, #2017 ) ;
#6424 = EDGE_LOOP ( 'NONE', ( #322, #3753, #2901, #6512, #2494, #6776, #4938, #4029, #2601, #6062, #7293, #960, #2482, #6929, #4172, #3228, #1593, #7090, #6220, #5734 ) ) ;
#6425 = LINE ( 'NONE', #3804, #6499 ) ;
#6426 = CARTESIAN_POINT ( 'NONE',  ( 0.1427165354330708902, -0.05905511811023622659, -0.09448818897637795144 ) ) ;
#6427 =( GEOMETRIC_REPRESENTATION_CONTEXT ( 3 ) GLOBAL_UNCERTAINTY_ASSIGNED_CONTEXT ( ( #6096 ) ) GLOBAL_UNIT_ASSIGNED_CONTEXT ( ( #2294, #5102, #425 ) ) REPRESENTATION_CONTEXT ( 'NONE', 'WORKASPACE' ) );
#6428 = EDGE_CURVE ( 'NONE', #17, #1382, #1187, .T. ) ;
#6429 = EDGE_CURVE ( 'NONE', #2235, #2073, #5659, .T. ) ;
#6430 = ORIENTED_EDGE ( 'NONE', *, *, #6428, .T. ) ;
#6431 = LINE ( 'NONE', #6988, #3773 ) ;
#6432 = CARTESIAN_POINT ( 'NONE',  ( 0.1102362204724409434, -0.01692913385826771630, -0.1410558316531889678 ) ) ;
#6433 = LINE ( 'NONE', #7825, #204 ) ;
#6434 = ORIENTED_EDGE ( 'NONE', *, *, #3321, .T. ) ;
#6435 = FACE_OUTER_BOUND ( 'NONE', #287, .T. ) ;
#6436 = DIRECTION ( 'NONE',  ( 5.176811360537000528E-14, 0.000000000000000000, -1.000000000000000000 ) ) ;
#6437 = LINE ( 'NONE', #405, #6823 ) ;
#6438 = AXIS2_PLACEMENT_3D ( 'NONE', #7912, #3205, #2735 ) ;
#6439 = ORIENTED_EDGE ( 'NONE', *, *, #4830, .F. ) ;
#6440 = ORIENTED_EDGE ( 'NONE', *, *, #7416, .F. ) ;
#6441 = CARTESIAN_POINT ( 'NONE',  ( 0.01181102362202755829, -0.02644984013988582738, -2.302574285824015573E-05 ) ) ;
#6442 = ORIENTED_EDGE ( 'NONE', *, *, #5529, .T. ) ;
#6443 = DIRECTION ( 'NONE',  ( 1.000000000000000000, 0.000000000000000000, 0.000000000000000000 ) ) ;
#6444 = ORIENTED_EDGE ( 'NONE', *, *, #3807, .T. ) ;
#6445 = CARTESIAN_POINT ( 'NONE',  ( 0.1210629921259842590, -0.05905511811023622659, -0.09448818897637795144 ) ) ;
#6446 = ORIENTED_EDGE ( 'NONE', *, *, #8334, .T. ) ;
#6447 = DIRECTION ( 'NONE',  ( 0.000000000000000000, 1.000000000000000000, 0.000000000000000000 ) ) ;
#6448 = CIRCLE ( 'NONE', #6037, 0.003937007874015749712 ) ;
#6449 = LINE ( 'NONE', #1892, #4168 ) ;
#6450 = EDGE_CURVE ( 'NONE', #1885, #2866, #1145, .T. ) ;
#6451 = VERTEX_POINT ( 'NONE', #3822 ) ;
#6452 = CARTESIAN_POINT ( 'NONE',  ( -0.1240157480314960647, 0.07086614173228346358, -0.1358267716535433156 ) ) ;
#6453 = ORIENTED_EDGE ( 'NONE', *, *, #6390, .F. ) ;
#6454 = VERTEX_POINT ( 'NONE', #4471 ) ;
#6455 = DIRECTION ( 'NONE',  ( 1.000000000000000000, 0.000000000000000000, 0.000000000000000000 ) ) ;
#6456 = VECTOR ( 'NONE', #2357, 39.37007874015748143 ) ;
#6457 = DIRECTION ( 'NONE',  ( 1.000000000000000000, 0.000000000000000000, 0.000000000000000000 ) ) ;
#6458 = FACE_OUTER_BOUND ( 'NONE', #8148, .T. ) ;
#6459 = CARTESIAN_POINT ( 'NONE',  ( 0.04625984251968504046, -0.04724409448818897572, -0.07578740157480315376 ) ) ;
#6460 = DIRECTION ( 'NONE',  ( 1.000000000000000000, 0.000000000000000000, -5.775937663644000014E-14 ) ) ;
#6461 = ORIENTED_EDGE ( 'NONE', *, *, #7632, .T. ) ;
#6462 = CARTESIAN_POINT ( 'NONE',  ( 0.1751968503937007815, 0.07874015748031495954, -0.03543307086614566614 ) ) ;
#6463 = LINE ( 'NONE', #5232, #4397 ) ;
#6464 = VECTOR ( 'NONE', #2784, 39.37007874015748143 ) ;
#6465 = CARTESIAN_POINT ( 'NONE',  ( -0.05757874015748031676, -0.02480314960629921572, -0.08513779527559055260 ) ) ;
#6466 = DIRECTION ( 'NONE',  ( -0.9999342502356429740, 0.01146713589710050135, -3.325745551864285461E-15 ) ) ;
#6467 = PLANE ( 'NONE',  #3348 ) ;
#6468 = AXIS2_PLACEMENT_3D ( 'NONE', #6385, #436, #5732 ) ;
#6469 = EDGE_LOOP ( 'NONE', ( #1984, #5207, #1158, #3116 ) ) ;
#6470 = CARTESIAN_POINT ( 'NONE',  ( -0.08661417322838584065, -0.01463872515205118068, -0.1442580276120078997 ) ) ;
#6471 = DIRECTION ( 'NONE',  ( -1.000000000000000000, 0.000000000000000000, 0.000000000000000000 ) ) ;
#6472 = ADVANCED_FACE ( 'NONE', ( #5120 ), #6483, .T. ) ;
#6473 = CARTESIAN_POINT ( 'NONE',  ( 0.1102362204724409434, -0.01463872515203149677, 0.005882354148551180266 ) ) ;
#6474 = ORIENTED_EDGE ( 'NONE', *, *, #7779, .F. ) ;
#6475 = CARTESIAN_POINT ( 'NONE',  ( -0.08661417322838584065, -0.01299212598425196832, 0.002680158189764960449 ) ) ;
#6476 = AXIS2_PLACEMENT_3D ( 'NONE', #1988, #2758, #6680 ) ;
#6477 = ADVANCED_FACE ( 'NONE', ( #5782 ), #3041, .T. ) ;
#6478 = DIRECTION ( 'NONE',  ( -0.000000000000000000, 0.5817406044563159240, 0.8133743720617218065 ) ) ;
#6479 = VECTOR ( 'NONE', #5543, 39.37007874015748143 ) ;
#6480 = CARTESIAN_POINT ( 'NONE',  ( 0.1696850393700787274, 0.02362204724409055004, -0.03543307086614566614 ) ) ;
#6481 = VERTEX_POINT ( 'NONE', #5041 ) ;
#6482 = VERTEX_POINT ( 'NONE', #3735 ) ;
#6483 = PLANE ( 'NONE',  #1444 ) ;
#6484 = ORIENTED_EDGE ( 'NONE', *, *, #6078, .F. ) ;
#6485 = CARTESIAN_POINT ( 'NONE',  ( -0.1781496062992126150, 0.02362204724409055004, -0.1023622047244094474 ) ) ;
#6486 = ORIENTED_EDGE ( 'NONE', *, *, #5462, .F. ) ;
#6487 = LINE ( 'NONE', #7705, #6024 ) ;
#6488 = ORIENTED_EDGE ( 'NONE', *, *, #5264, .T. ) ;
#6489 = LINE ( 'NONE', #537, #2329 ) ;
#6490 = VECTOR ( 'NONE', #87, 39.37007874015748143 ) ;
#6491 = CARTESIAN_POINT ( 'NONE',  ( 0.1240157480314960647, 0.07086614173228346358, -0.1377952755905511861 ) ) ;
#6492 = EDGE_LOOP ( 'NONE', ( #7049, #4754, #7096, #4879 ) ) ;
#6493 = DIRECTION ( 'NONE',  ( -6.001242236831020216E-14, -1.000000000000000000, -1.931048732444399886E-17 ) ) ;
#6494 = VECTOR ( 'NONE', #4873, 39.37007874015748854 ) ;
#6495 = ORIENTED_EDGE ( 'NONE', *, *, #6319, .T. ) ;
#6496 = VERTEX_POINT ( 'NONE', #4998 ) ;
#6497 = CYLINDRICAL_SURFACE ( 'NONE', #935, 0.003937007874015749712 ) ;
#6498 = EDGE_CURVE ( 'NONE', #584, #7838, #8310, .T. ) ;
#6499 = VECTOR ( 'NONE', #7072, 39.37007874015748143 ) ;
#6500 = DIRECTION ( 'NONE',  ( 0.000000000000000000, 1.628298888370000313E-14, -1.000000000000000000 ) ) ;
#6501 = DIRECTION ( 'NONE',  ( 0.9759815859904714674, -0.2178530325873935525, 0.000000000000000000 ) ) ;
#6502 = EDGE_CURVE ( 'NONE', #3425, #1243, #8358, .T. ) ;
#6503 = CARTESIAN_POINT ( 'NONE',  ( -0.08267716535429132929, -0.04724409448818897572, -0.04330708661417323468 ) ) ;
#6504 = DIRECTION ( 'NONE',  ( 0.000000000000000000, 0.000000000000000000, 1.000000000000000000 ) ) ;
#6505 = ORIENTED_EDGE ( 'NONE', *, *, #3232, .F. ) ;
#6506 = CARTESIAN_POINT ( 'NONE',  ( -0.1496062992125984370, 0.07874015748031495954, 0.000000000000000000 ) ) ;
#6507 = DIRECTION ( 'NONE',  ( 0.000000000000000000, 1.000000000000000000, 0.000000000000000000 ) ) ;
#6508 = VECTOR ( 'NONE', #48, 39.37007874015748143 ) ;
#6509 = CARTESIAN_POINT ( 'NONE',  ( -0.01126339095132051007, 0.02677165354330451885, -0.01511513293132684017 ) ) ;
#6510 = CARTESIAN_POINT ( 'NONE',  ( -0.06889763779527559306, -0.03602362204724409572, -0.05265748031496062659 ) ) ;
#6511 = CARTESIAN_POINT ( 'NONE',  ( 0.07086614173228346358, 0.07874015748031495954, -0.1003937007874015908 ) ) ;
#6512 = ORIENTED_EDGE ( 'NONE', *, *, #7951, .T. ) ;
#6513 = DIRECTION ( 'NONE',  ( 1.000000000000000000, 0.000000000000000000, 0.000000000000000000 ) ) ;
#6514 = CARTESIAN_POINT ( 'NONE',  ( 0.1102362204724015721, -0.01299212598425590615, 0.000000000000000000 ) ) ;
#6515 = PLANE ( 'NONE',  #4507 ) ;
#6516 = CARTESIAN_POINT ( 'NONE',  ( -0.1505905511811023723, 0.07086614173228346358, -0.1377952755905511861 ) ) ;
#6517 = ORIENTED_EDGE ( 'NONE', *, *, #1742, .F. ) ;
#6518 = CARTESIAN_POINT ( 'NONE',  ( 0.1673228346456692994, 0.07086614173228346358, -0.1033464566929133965 ) ) ;
#6519 = EDGE_CURVE ( 'NONE', #7377, #4898, #3778, .T. ) ;
#6520 = FACE_OUTER_BOUND ( 'NONE', #8570, .T. ) ;
#6521 = DIRECTION ( 'NONE',  ( -1.000000000000000000, 0.000000000000000000, 0.000000000000000000 ) ) ;
#6522 = ORIENTED_EDGE ( 'NONE', *, *, #3577, .F. ) ;
#6523 = EDGE_LOOP ( 'NONE', ( #4794, #7907, #6440, #5165 ) ) ;
#6524 = FACE_OUTER_BOUND ( 'NONE', #840, .T. ) ;
#6525 = ORIENTED_EDGE ( 'NONE', *, *, #2955, .T. ) ;
#6526 = CARTESIAN_POINT ( 'NONE',  ( -0.1210629921259842590, -0.05905511811023622659, -0.02165354330707086952 ) ) ;
#6527 = ORIENTED_EDGE ( 'NONE', *, *, #1425, .F. ) ;
#6528 = LINE ( 'NONE', #8526, #6724 ) ;
#6529 = ORIENTED_EDGE ( 'NONE', *, *, #2955, .F. ) ;
#6530 = CARTESIAN_POINT ( 'NONE',  ( -0.002021725288701575057, 0.02625984251968897440, 0.000000000000000000 ) ) ;
#6531 = VECTOR ( 'NONE', #2424, 39.37007874015748143 ) ;
#6532 = CIRCLE ( 'NONE', #2363, 0.003937007874015747977 ) ;
#6533 = ORIENTED_EDGE ( 'NONE', *, *, #962, .T. ) ;
#6534 = ORIENTED_EDGE ( 'NONE', *, *, #6832, .T. ) ;
#6535 = DIRECTION ( 'NONE',  ( -0.000000000000000000, 1.000000000000000000, 0.000000000000000000 ) ) ;
#6536 = EDGE_CURVE ( 'NONE', #1685, #8321, #7701, .T. ) ;
#6537 = EDGE_CURVE ( 'NONE', #2998, #8566, #3235, .T. ) ;
#6538 = VERTEX_POINT ( 'NONE', #3168 ) ;
#6539 = ORIENTED_EDGE ( 'NONE', *, *, #5602, .F. ) ;
#6540 = EDGE_CURVE ( 'NONE', #1582, #4483, #8476, .T. ) ;
#6541 = DIRECTION ( 'NONE',  ( 0.000000000000000000, 1.947648391771000442E-14, -1.000000000000000000 ) ) ;
#6542 = VECTOR ( 'NONE', #6997, 39.37007874015748143 ) ;
#6543 = LINE ( 'NONE', #1771, #5977 ) ;
#6544 = ADVANCED_FACE ( 'NONE', ( #1674 ), #5743, .F. ) ;
#6545 = CARTESIAN_POINT ( 'NONE',  ( 0.04625984251968504046, -0.04724409448818897572, -0.06200787401574803237 ) ) ;
#6546 = CIRCLE ( 'NONE', #1437, 0.003937007874015741905 ) ;
#6547 = AXIS2_PLACEMENT_3D ( 'NONE', #8142, #7489, #7406 ) ;
#6548 = LINE ( 'NONE', #6459, #6825 ) ;
#6549 = DIRECTION ( 'NONE',  ( 0.000000000000000000, 1.000000000000000000, 0.000000000000000000 ) ) ;
#6550 = VERTEX_POINT ( 'NONE', #7786 ) ;
#6551 = LINE ( 'NONE', #5188, #4475 ) ;
#6552 = LINE ( 'NONE', #7201, #5224 ) ;
#6553 = ADVANCED_FACE ( 'NONE', ( #2396 ), #8350, .F. ) ;
#6554 = CARTESIAN_POINT ( 'NONE',  ( 0.1200787401574803237, 0.07086614173228346358, -0.1318897637795275746 ) ) ;
#6555 = CARTESIAN_POINT ( 'NONE',  ( -0.01559337880851946294, 0.02808097581757336425, -0.01138796946295759539 ) ) ;
#6556 = VECTOR ( 'NONE', #2961, 39.37007874015748143 ) ;
#6557 = AXIS2_PLACEMENT_3D ( 'NONE', #3081, #5693, #483 ) ;
#6558 = DIRECTION ( 'NONE',  ( 0.000000000000000000, 0.5817638113855148063, 0.8133577735303199052 ) ) ;
#6559 = EDGE_CURVE ( 'NONE', #3341, #301, #7044, .T. ) ;
#6560 = VECTOR ( 'NONE', #3030, 39.37007874015748854 ) ;
#6561 = EDGE_LOOP ( 'NONE', ( #600, #2710, #1678, #7836, #6268, #6669 ) ) ;
#6562 = PLANE ( 'NONE',  #8361 ) ;
#6563 = DIRECTION ( 'NONE',  ( 0.000000000000000000, 1.000000000000000000, 0.000000000000000000 ) ) ;
#6564 = CARTESIAN_POINT ( 'NONE',  ( -0.07283464566929134798, 0.07874015748031495954, -0.03740157480314960925 ) ) ;
#6565 = CARTESIAN_POINT ( 'NONE',  ( 0.08661417322834646937, -0.01463872515205118068, -0.1442580276120078997 ) ) ;
#6566 = ORIENTED_EDGE ( 'NONE', *, *, #215, .F. ) ;
#6567 = CARTESIAN_POINT ( 'NONE',  ( -0.1102362204724409434, -0.01299212598425196832, 0.002680158189764960449 ) ) ;
#6568 = VECTOR ( 'NONE', #5378, 39.37007874015748143 ) ;
#6569 = FACE_OUTER_BOUND ( 'NONE', #5628, .T. ) ;
#6570 = DIRECTION ( 'NONE',  ( 0.000000000000000000, 1.000000000000000000, 0.000000000000000000 ) ) ;
#6571 = VERTEX_POINT ( 'NONE', #6441 ) ;
#6572 = ORIENTED_EDGE ( 'NONE', *, *, #3491, .F. ) ;
#6573 = DIRECTION ( 'NONE',  ( 0.000000000000000000, 4.212125440106185231E-13, -1.000000000000000000 ) ) ;
#6574 = VERTEX_POINT ( 'NONE', #487 ) ;
#6575 = LINE ( 'NONE', #4651, #6464 ) ;
#6576 = ORIENTED_EDGE ( 'NONE', *, *, #8298, .T. ) ;
#6577 = VECTOR ( 'NONE', #2747, 39.37007874015748143 ) ;
#6578 = CARTESIAN_POINT ( 'NONE',  ( 0.1240157480314960647, 0.07874015748031495954, -0.1377952755905511861 ) ) ;
#6579 = VERTEX_POINT ( 'NONE', #3125 ) ;
#6580 = DIRECTION ( 'NONE',  ( 0.000000000000000000, 1.000000000000000000, 0.000000000000000000 ) ) ;
#6581 = EDGE_CURVE ( 'NONE', #2112, #7722, #1842, .T. ) ;
#6582 = VECTOR ( 'NONE', #288, 39.37007874015748143 ) ;
#6583 =( LENGTH_UNIT ( ) NAMED_UNIT ( * ) SI_UNIT ( $, .METRE. ) );
#6584 = VERTEX_POINT ( 'NONE', #5962 ) ;
#6585 = CARTESIAN_POINT ( 'NONE',  ( -0.09399606299208661253, -0.03602362204724409572, -0.04330708661417323468 ) ) ;
#6586 = VERTEX_POINT ( 'NONE', #4008 ) ;
#6587 = ORIENTED_EDGE ( 'NONE', *, *, #581, .F. ) ;
#6588 = ORIENTED_EDGE ( 'NONE', *, *, #5528, .T. ) ;
#6589 = CARTESIAN_POINT ( 'NONE',  ( -0.1102362204724409434, -0.02480314960629921572, 0.000000000000000000 ) ) ;
#6590 = AXIS2_PLACEMENT_3D ( 'NONE', #6609, #5199, #2009 ) ;
#6591 = EDGE_CURVE ( 'NONE', #1660, #1022, #7358, .T. ) ;
#6592 = EDGE_CURVE ( 'NONE', #1552, #1131, #5856, .T. ) ;
#6593 = LINE ( 'NONE', #3373, #8470 ) ;
#6594 = DIRECTION ( 'NONE',  ( 5.988951103298699874E-14, 1.000000000000000000, 9.937493423474129483E-17 ) ) ;
#6595 = VECTOR ( 'NONE', #794, 39.37007874015748143 ) ;
#6596 = CARTESIAN_POINT ( 'NONE',  ( 0.1427165354330708902, -0.04724409448818897572, -0.02165354330707086952 ) ) ;
#6597 = CARTESIAN_POINT ( 'NONE',  ( 0.01181102362202755829, -0.05905511811023622659, 0.02532139787884645984 ) ) ;
#6598 = ORIENTED_EDGE ( 'NONE', *, *, #4874, .F. ) ;
#6599 = DIRECTION ( 'NONE',  ( 0.008547098457722253698, 0.7453069855199138116, 0.6666666666657129481 ) ) ;
#6600 = DIRECTION ( 'NONE',  ( 0.000000000000000000, -1.000000000000000000, 0.000000000000000000 ) ) ;
#6601 =( NAMED_UNIT ( * ) PLANE_ANGLE_UNIT ( ) SI_UNIT ( $, .RADIAN. ) );
#6602 = DIRECTION ( 'NONE',  ( 3.375077994860000294E-13, 0.000000000000000000, 1.000000000000000000 ) ) ;
#6603 = LINE ( 'NONE', #5947, #696 ) ;
#6604 = CIRCLE ( 'NONE', #5061, 0.003937007874015747977 ) ;
#6605 = ORIENTED_EDGE ( 'NONE', *, *, #5138, .T. ) ;
#6606 = LINE ( 'NONE', #3, #7255 ) ;
#6607 = LINE ( 'NONE', #8553, #6095 ) ;
#6608 = LINE ( 'NONE', #2605, #2727 ) ;
#6609 = CARTESIAN_POINT ( 'NONE',  ( 0.05757874015748031676, -0.03602362204724409572, -0.07578740157480315376 ) ) ;
#6610 = ORIENTED_EDGE ( 'NONE', *, *, #798, .T. ) ;
#6611 = FACE_OUTER_BOUND ( 'NONE', #941, .T. ) ;
#6612 = ADVANCED_FACE ( 'NONE', ( #5918 ), #2702, .F. ) ;
#6613 = VECTOR ( 'NONE', #5, 39.37007874015748143 ) ;
#6614 = DIRECTION ( 'NONE',  ( 1.000000000000000000, 0.000000000000000000, 0.000000000000000000 ) ) ;
#6615 = DIRECTION ( 'NONE',  ( 0.000000000000000000, 0.5817406044692027267, 0.8133743720525049570 ) ) ;
#6616 = ORIENTED_EDGE ( 'NONE', *, *, #2086, .T. ) ;
#6617 = VERTEX_POINT ( 'NONE', #1414 ) ;
#6618 = DIRECTION ( 'NONE',  ( -1.000000000000000000, 0.000000000000000000, 0.000000000000000000 ) ) ;
#6619 = ORIENTED_EDGE ( 'NONE', *, *, #6874, .T. ) ;
#6620 = DIRECTION ( 'NONE',  ( 1.000000000000000000, 0.000000000000000000, 0.000000000000000000 ) ) ;
#6621 = ORIENTED_EDGE ( 'NONE', *, *, #6519, .T. ) ;
#6622 = FACE_OUTER_BOUND ( 'NONE', #7266, .T. ) ;
#6623 = VERTEX_POINT ( 'NONE', #670 ) ;
#6624 = LINE ( 'NONE', #3919, #8293 ) ;
#6625 = CARTESIAN_POINT ( 'NONE',  ( 0.06889763779527559306, -0.03602362204724409572, -0.05265748031496062659 ) ) ;
#6626 = ORIENTED_EDGE ( 'NONE', *, *, #8452, .T. ) ;
#6627 = LINE ( 'NONE', #29, #8495 ) ;
#6628 = VERTEX_POINT ( 'NONE', #61 ) ;
#6629 = ORIENTED_EDGE ( 'NONE', *, *, #2034, .F. ) ;
#6630 = ORIENTED_EDGE ( 'NONE', *, *, #1025, .T. ) ;
#6631 = FACE_OUTER_BOUND ( 'NONE', #5445, .T. ) ;
#6632 = AXIS2_PLACEMENT_3D ( 'NONE', #7994, #5371, #4674 ) ;
#6633 = DIRECTION ( 'NONE',  ( 0.000000000000000000, 1.000000000000000000, 0.000000000000000000 ) ) ;
#6634 = AXIS2_PLACEMENT_3D ( 'NONE', #3287, #3149, #8592 ) ;
#6635 = LINE ( 'NONE', #780, #5278 ) ;
#6636 = EDGE_CURVE ( 'NONE', #5617, #2274, #6972, .T. ) ;
#6637 = CARTESIAN_POINT ( 'NONE',  ( 0.01181102362202755829, -0.01299212598425196832, 0.002680158189764960449 ) ) ;
#6638 = CYLINDRICAL_SURFACE ( 'NONE', #5642, 0.003937007874015741038 ) ;
#6639 = EDGE_LOOP ( 'NONE', ( #4391, #2018, #2005, #4398 ) ) ;
#6640 = DIRECTION ( 'NONE',  ( 0.000000000000000000, 0.000000000000000000, 1.000000000000000000 ) ) ;
#6641 = CARTESIAN_POINT ( 'NONE',  ( -0.1368110236220472509, 0.07480314960629921850, 0.000000000000000000 ) ) ;
#6642 = EDGE_CURVE ( 'NONE', #874, #2581, #7218, .T. ) ;
#6643 = EDGE_CURVE ( 'NONE', #4387, #4511, #4050, .T. ) ;
#6644 = CARTESIAN_POINT ( 'NONE',  ( -0.01181102362206299175, -0.01299212598425196832, -0.1410558316531889678 ) ) ;
#6645 = FACE_OUTER_BOUND ( 'NONE', #467, .T. ) ;
#6646 = AXIS2_PLACEMENT_3D ( 'NONE', #4248, #6822, #3554 ) ;
#6647 = DIRECTION ( 'NONE',  ( -1.724111050006000366E-14, -1.478686454327000165E-12, -1.000000000000000000 ) ) ;
#6648 = CIRCLE ( 'NONE', #2469, 0.007874015748027559866 ) ;
#6649 = EDGE_LOOP ( 'NONE', ( #591, #1411, #3684, #3632 ) ) ;
#6650 = CARTESIAN_POINT ( 'NONE',  ( 0.07283464566929134798, 0.07874015748031495954, -0.03740157480314960925 ) ) ;
#6651 = FACE_OUTER_BOUND ( 'NONE', #4266, .T. ) ;
#6652 = EDGE_CURVE ( 'NONE', #2335, #3425, #6707, .T. ) ;
#6653 = DIRECTION ( 'NONE',  ( 1.000000000000000000, 0.000000000000000000, 0.000000000000000000 ) ) ;
#6654 = CARTESIAN_POINT ( 'NONE',  ( -0.1505905511811023723, 0.07086614173228346358, 0.000000000000000000 ) ) ;
#6655 = ORIENTED_EDGE ( 'NONE', *, *, #7770, .T. ) ;
#6656 = CARTESIAN_POINT ( 'NONE',  ( -0.1505905511811023723, 0.07480314960629921850, -0.01722440944881889827 ) ) ;
#6657 = VECTOR ( 'NONE', #5633, 39.37007874015748854 ) ;
#6658 = DIRECTION ( 'NONE',  ( 0.000000000000000000, 0.000000000000000000, 1.000000000000000000 ) ) ;
#6659 = EDGE_CURVE ( 'NONE', #3367, #874, #1277, .T. ) ;
#6660 = LINE ( 'NONE', #1229, #1691 ) ;
#6661 = EDGE_LOOP ( 'NONE', ( #6214, #8163, #4268, #2966 ) ) ;
#6662 = EDGE_CURVE ( 'NONE', #2320, #8393, #624, .T. ) ;
#6663 = ORIENTED_EDGE ( 'NONE', *, *, #3350, .F. ) ;
#6664 = CARTESIAN_POINT ( 'NONE',  ( -0.1053149606299212532, -0.04724409448818897572, -0.06200787401574803237 ) ) ;
#6665 = ORIENTED_EDGE ( 'NONE', *, *, #586, .F. ) ;
#6666 = CARTESIAN_POINT ( 'NONE',  ( 0.1673228346456692994, 0.07086614173228346358, -0.03444881889764173089 ) ) ;
#6667 = ORIENTED_EDGE ( 'NONE', *, *, #6234, .F. ) ;
#6668 = CARTESIAN_POINT ( 'NONE',  ( -0.1102362204724409434, -0.02480314960629921572, -0.1279527559055118058 ) ) ;
#6669 = ORIENTED_EDGE ( 'NONE', *, *, #856, .T. ) ;
#6670 = DIRECTION ( 'NONE',  ( 0.000000000000000000, 0.000000000000000000, -1.000000000000000000 ) ) ;
#6671 = CARTESIAN_POINT ( 'NONE',  ( -0.1651356080489763956, 0.07874015748031495954, -0.03444881889764173089 ) ) ;
#6672 = EDGE_CURVE ( 'NONE', #8543, #7891, #6050, .T. ) ;
#6673 = EDGE_CURVE ( 'NONE', #4264, #144, #101, .T. ) ;
#6674 = ORIENTED_EDGE ( 'NONE', *, *, #2970, .T. ) ;
#6675 = EDGE_CURVE ( 'NONE', #5347, #8173, #8567, .T. ) ;
#6676 = CARTESIAN_POINT ( 'NONE',  ( -0.08464566929137795626, -0.02480314960629921572, -0.08513779527559055260 ) ) ;
#6677 = ORIENTED_EDGE ( 'NONE', *, *, #3247, .F. ) ;
#6678 = ORIENTED_EDGE ( 'NONE', *, *, #4037, .F. ) ;
#6679 = EDGE_LOOP ( 'NONE', ( #854, #5314, #5594, #3973 ) ) ;
#6680 = DIRECTION ( 'NONE',  ( 1.000000000000000000, 0.000000000000000000, 0.000000000000000000 ) ) ;
#6681 = VECTOR ( 'NONE', #3102, 39.37007874015748143 ) ;
#6682 = DIRECTION ( 'NONE',  ( 0.000000000000000000, 0.000000000000000000, -1.000000000000000000 ) ) ;
#6683 = LINE ( 'NONE', #6108, #6394 ) ;
#6684 = CARTESIAN_POINT ( 'NONE',  ( -0.1210629921259842590, -0.05905511811023622659, -0.04330708661417323468 ) ) ;
#6685 = CARTESIAN_POINT ( 'NONE',  ( 0.1781496062992126150, 0.02362204724409055004, -0.1377952755905511861 ) ) ;
#6686 = VERTEX_POINT ( 'NONE', #5255 ) ;
#6687 = FACE_OUTER_BOUND ( 'NONE', #636, .T. ) ;
#6688 = DIRECTION ( 'NONE',  ( -1.000000000000000000, 0.000000000000000000, 0.000000000000000000 ) ) ;
#6689 = DIRECTION ( 'NONE',  ( 0.000000000000000000, 1.000000000000000000, 0.000000000000000000 ) ) ;
#6690 = ADVANCED_FACE ( 'NONE', ( #7175 ), #8011, .T. ) ;
#6691 = VECTOR ( 'NONE', #2344, 39.37007874015748143 ) ;
#6692 = DIRECTION ( 'NONE',  ( 0.000000000000000000, 0.000000000000000000, -1.000000000000000000 ) ) ;
#6693 = ORIENTED_EDGE ( 'NONE', *, *, #266, .T. ) ;
#6694 = CARTESIAN_POINT ( 'NONE',  ( -0.1496062992125984370, 0.07874015748031495954, -0.03543307086614566614 ) ) ;
#6695 =( CONVERSION_BASED_UNIT ( 'INCH', #2734 ) LENGTH_UNIT ( ) NAMED_UNIT ( #1503 ) );
#6696 = CARTESIAN_POINT ( 'NONE',  ( -0.1708174433990944929, 0.03627109397759448878, -0.1010498687664173195 ) ) ;
#6697 = FACE_OUTER_BOUND ( 'NONE', #8012, .T. ) ;
#6698 = ORIENTED_EDGE ( 'NONE', *, *, #4767, .F. ) ;
#6699 = CARTESIAN_POINT ( 'NONE',  ( 0.04625984251968504046, -0.04724409448818897572, -0.09448818897637795144 ) ) ;
#6700 = VECTOR ( 'NONE', #7918, 39.37007874015748143 ) ;
#6701 = ADVANCED_FACE ( 'NONE', ( #4602 ), #1232, .F. ) ;
#6702 = ADVANCED_FACE ( 'NONE', ( #6524 ), #3963, .T. ) ;
#6703 = VECTOR ( 'NONE', #1019, 39.37007874015748143 ) ;
#6704 = CARTESIAN_POINT ( 'NONE',  ( -0.08661417322838584065, -0.02480314960629921572, 0.000000000000000000 ) ) ;
#6705 = ORIENTED_EDGE ( 'NONE', *, *, #1174, .T. ) ;
#6706 = ORIENTED_EDGE ( 'NONE', *, *, #2413, .F. ) ;
#6707 = LINE ( 'NONE', #3310, #7956 ) ;
#6708 = ORIENTED_EDGE ( 'NONE', *, *, #3037, .F. ) ;
#6709 = CYLINDRICAL_SURFACE ( 'NONE', #2984, 0.007874015748031499423 ) ;
#6710 = EDGE_LOOP ( 'NONE', ( #7002, #8271, #448, #7130 ) ) ;
#6711 = DIRECTION ( 'NONE',  ( 1.000000000000000000, 0.000000000000000000, -1.141205992754000069E-14 ) ) ;
#6712 = EDGE_LOOP ( 'NONE', ( #3259, #3327, #5612, #7176 ) ) ;
#6713 = CARTESIAN_POINT ( 'NONE',  ( -0.05757874015748031676, -0.03602362204724409572, -0.07578740157480315376 ) ) ;
#6714 = DIMENSIONAL_EXPONENTS ( 1.000000000000000000, 0.000000000000000000, 0.000000000000000000, 0.000000000000000000, 0.000000000000000000, 0.000000000000000000, 0.000000000000000000 ) ;
#6715 = VECTOR ( 'NONE', #1315, 39.37007874015748143 ) ;
#6716 = PLANE ( 'NONE',  #5280 ) ;
#6717 = VECTOR ( 'NONE', #1997, 39.37007874015748143 ) ;
#6718 = ORIENTED_EDGE ( 'NONE', *, *, #171, .F. ) ;
#6719 = LINE ( 'NONE', #5931, #7665 ) ;
#6720 = ORIENTED_EDGE ( 'NONE', *, *, #4367, .F. ) ;
#6721 = EDGE_LOOP ( 'NONE', ( #3137, #2484, #2674, #6873 ) ) ;
#6722 = ORIENTED_EDGE ( 'NONE', *, *, #5999, .T. ) ;
#6723 = PLANE ( 'NONE',  #5927 ) ;
#6724 = VECTOR ( 'NONE', #2618, 39.37007874015748143 ) ;
#6725 = ADVANCED_FACE ( 'NONE', ( #5870 ), #7315, .F. ) ;
#6726 = DIRECTION ( 'NONE',  ( 0.000000000000000000, 0.000000000000000000, 1.000000000000000000 ) ) ;
#6727 = FACE_OUTER_BOUND ( 'NONE', #5780, .T. ) ;
#6728 = CARTESIAN_POINT ( 'NONE',  ( -0.1708510933929921483, 0.03920537344828347454, -0.09842519685039370636 ) ) ;
#6729 = DIRECTION ( 'NONE',  ( 9.989959324706080968E-14, 1.000000000000000000, 1.831694689531624903E-17 ) ) ;
#6730 = VECTOR ( 'NONE', #877, 39.37007874015747433 ) ;
#6731 = VERTEX_POINT ( 'NONE', #5476 ) ;
#6732 = PLANE ( 'NONE',  #2874 ) ;
#6733 = CARTESIAN_POINT ( 'NONE',  ( 0.08267716535433070058, -0.04724409448818897572, -0.06200787401574803237 ) ) ;
#6734 = VECTOR ( 'NONE', #4165, 39.37007874015748854 ) ;
#6735 = LINE ( 'NONE', #132, #8181 ) ;
#6736 = EDGE_LOOP ( 'NONE', ( #757, #4182, #3950, #6098, #6708, #8523 ) ) ;
#6737 = FILL_AREA_STYLE_COLOUR ( '', #1590 ) ;
#6738 = DIRECTION ( 'NONE',  ( 0.000000000000000000, 0.000000000000000000, -1.000000000000000000 ) ) ;
#6739 = PLANE ( 'NONE',  #905 ) ;
#6740 = ORIENTED_EDGE ( 'NONE', *, *, #2576, .T. ) ;
#6741 = CARTESIAN_POINT ( 'NONE',  ( -0.07086614173228346358, 0.07086614173228346358, -0.03543307086614173179 ) ) ;
#6742 = LINE ( 'NONE', #7434, #34 ) ;
#6743 = ADVANCED_FACE ( 'NONE', ( #1495 ), #1539, .T. ) ;
#6744 = ORIENTED_EDGE ( 'NONE', *, *, #861, .T. ) ;
#6745 = VERTEX_POINT ( 'NONE', #6178 ) ;
#6746 = PLANE ( 'NONE',  #4327 ) ;
#6747 = ORIENTED_EDGE ( 'NONE', *, *, #183, .F. ) ;
#6748 = DIRECTION ( 'NONE',  ( 1.000000000000000000, 0.000000000000000000, 0.000000000000000000 ) ) ;
#6749 = DIRECTION ( 'NONE',  ( 4.054916125095786583E-13, 0.000000000000000000, 1.000000000000000000 ) ) ;
#6750 = EDGE_LOOP ( 'NONE', ( #1531, #8097, #5491, #3226 ) ) ;
#6751 = PLANE ( 'NONE',  #3010 ) ;
#6752 = EDGE_CURVE ( 'NONE', #4948, #1196, #6787, .T. ) ;
#6753 = ADVANCED_FACE ( 'NONE', ( #8052 ), #2782, .F. ) ;
#6754 = CARTESIAN_POINT ( 'NONE',  ( 0.08661417322834646937, -0.02480314960629921572, -0.04330708661417323468 ) ) ;
#6755 = VECTOR ( 'NONE', #3999, 39.37007874015748143 ) ;
#6756 = ORIENTED_EDGE ( 'NONE', *, *, #8452, .F. ) ;
#6757 = CARTESIAN_POINT ( 'NONE',  ( 0.01181102362202755829, -0.04724409448818897572, -0.2047244094488188948 ) ) ;
#6758 = ORIENTED_EDGE ( 'NONE', *, *, #4931, .T. ) ;
#6759 = ORIENTED_EDGE ( 'NONE', *, *, #8059, .T. ) ;
#6760 = VERTEX_POINT ( 'NONE', #2828 ) ;
#6761 = FACE_OUTER_BOUND ( 'NONE', #646, .T. ) ;
#6762 = STYLED_ITEM ( 'NONE', ( #165 ), #1423 ) ;
#6763 = DIMENSIONAL_EXPONENTS ( 1.000000000000000000, 0.000000000000000000, 0.000000000000000000, 0.000000000000000000, 0.000000000000000000, 0.000000000000000000, 0.000000000000000000 ) ;
#6764 = CARTESIAN_POINT ( 'NONE',  ( -0.08661417322838584065, -0.01692913385826771630, -0.1410558316531889678 ) ) ;
#6765 = CARTESIAN_POINT ( 'NONE',  ( -0.002021725288701575057, 0.02677165354331102406, 0.000000000000000000 ) ) ;
#6766 = PLANE ( 'NONE',  #5843 ) ;
#6767 = EDGE_CURVE ( 'NONE', #2683, #6182, #8175, .T. ) ;
#6768 = VECTOR ( 'NONE', #3469, 39.37007874015748143 ) ;
#6769 = DIRECTION ( 'NONE',  ( 0.000000000000000000, 0.000000000000000000, -1.000000000000000000 ) ) ;
#6770 = ORIENTED_EDGE ( 'NONE', *, *, #4690, .T. ) ;
#6771 = EDGE_CURVE ( 'NONE', #6974, #1484, #4759, .T. ) ;
#6772 = DIRECTION ( 'NONE',  ( 0.000000000000000000, 0.000000000000000000, -1.000000000000000000 ) ) ;
#6773 = DIRECTION ( 'NONE',  ( 0.000000000000000000, -0.8133577735318218149, 0.5817638113834148195 ) ) ;
#6774 = VECTOR ( 'NONE', #1421, 39.37007874015748143 ) ;
#6775 = CARTESIAN_POINT ( 'NONE',  ( 0.04625984251968504046, -0.04724409448818897572, -0.04330708661417323468 ) ) ;
#6776 = ORIENTED_EDGE ( 'NONE', *, *, #765, .T. ) ;
#6777 = LINE ( 'NONE', #6818, #5456 ) ;
#6778 = SURFACE_STYLE_USAGE ( .BOTH. , #4772 ) ;
#6779 = VECTOR ( 'NONE', #3161, 39.37007874015748143 ) ;
#6780 = PLANE ( 'NONE',  #3794 ) ;
#6781 = EDGE_LOOP ( 'NONE', ( #6913, #6304, #3911, #6935 ) ) ;
#6782 = CARTESIAN_POINT ( 'NONE',  ( -0.08661417322838584065, -0.04724409448818897572, 0.03122817830516141924 ) ) ;
#6783 = CIRCLE ( 'NONE', #7895, 0.003937007874015749712 ) ;
#6784 = CARTESIAN_POINT ( 'NONE',  ( -0.06889763779527559306, -0.02480314960629921572, -0.06200787401574803237 ) ) ;
#6785 = ORIENTED_EDGE ( 'NONE', *, *, #3546, .T. ) ;
#6786 = ORIENTED_EDGE ( 'NONE', *, *, #2381, .F. ) ;
#6787 = LINE ( 'NONE', #5561, #1990 ) ;
#6788 = ORIENTED_EDGE ( 'NONE', *, *, #6450, .T. ) ;
#6789 = CARTESIAN_POINT ( 'NONE',  ( 0.1369563552857086808, 0.07086614173228346358, -0.009842519685039369942 ) ) ;
#6790 = CARTESIAN_POINT ( 'NONE',  ( -0.04625984251968504046, -0.02480314960629921572, -0.07578740157480315376 ) ) ;
#6791 = ORIENTED_EDGE ( 'NONE', *, *, #4832, .T. ) ;
#6792 = DIRECTION ( 'NONE',  ( 0.7660444431188667691, 0.000000000000000000, 0.6427876096866719235 ) ) ;
#6793 = AXIS2_PLACEMENT_3D ( 'NONE', #2729, #8040, #8120 ) ;
#6794 = LINE ( 'NONE', #2956, #1276 ) ;
#6795 = ADVANCED_FACE ( 'NONE', ( #802 ), #6134, .F. ) ;
#6796 = ORIENTED_EDGE ( 'NONE', *, *, #788, .T. ) ;
#6797 = CARTESIAN_POINT ( 'NONE',  ( -0.08661417322838584065, -0.02480314960629921572, -0.003225287050151574592 ) ) ;
#6798 = ORIENTED_EDGE ( 'NONE', *, *, #502, .T. ) ;
#6799 = ORIENTED_EDGE ( 'NONE', *, *, #8335, .F. ) ;
#6800 = VERTEX_POINT ( 'NONE', #4214 ) ;
#6801 = CARTESIAN_POINT ( 'NONE',  ( -0.08267716535429132929, -0.04724409448818897572, -0.06200787401574803237 ) ) ;
#6802 = ADVANCED_FACE ( 'NONE', ( #2867 ), #1620, .F. ) ;
#6803 = LINE ( 'NONE', #8151, #4303 ) ;
#6804 = EDGE_CURVE ( 'NONE', #7045, #3698, #3518, .T. ) ;
#6805 = ADVANCED_FACE ( 'NONE', ( #2097 ), #6746, .T. ) ;
#6806 = LINE ( 'NONE', #2846, #1555 ) ;
#6807 = CARTESIAN_POINT ( 'NONE',  ( -0.05757874015748031676, -0.03602362204724409572, -0.06200787401574803237 ) ) ;
#6808 = CARTESIAN_POINT ( 'NONE',  ( 0.01181102362202755829, -0.01692913385826771630, -0.1410558316531889678 ) ) ;
#6809 = VERTEX_POINT ( 'NONE', #842 ) ;
#6810 = CARTESIAN_POINT ( 'NONE',  ( 0.01998681779692913427, 0.07086614173228346358, -0.01968503937007873988 ) ) ;
#6811 = CARTESIAN_POINT ( 'NONE',  ( -0.1745966000192913370, 0.02248389079881889588, -0.1220472440944881942 ) ) ;
#6812 = AXIS2_PLACEMENT_3D ( 'NONE', #3094, #5830, #7843 ) ;
#6813 = EDGE_CURVE ( 'NONE', #7715, #5560, #5391, .T. ) ;
#6814 = DIRECTION ( 'NONE',  ( -1.000000000000000000, 0.000000000000000000, 0.000000000000000000 ) ) ;
#6815 = PLANE ( 'NONE',  #182 ) ;
#6816 = EDGE_CURVE ( 'NONE', #846, #2370, #6829, .T. ) ;
#6817 = ORIENTED_EDGE ( 'NONE', *, *, #589, .F. ) ;
#6818 = CARTESIAN_POINT ( 'NONE',  ( -0.1210629921259842590, -0.04724409448818897572, -0.02165354330707086952 ) ) ;
#6819 = LINE ( 'NONE', #876, #5514 ) ;
#6820 = CARTESIAN_POINT ( 'NONE',  ( 0.01181102362202755829, -0.02480314960629921572, -0.1351503312329527529 ) ) ;
#6821 = VERTEX_POINT ( 'NONE', #4090 ) ;
#6822 = DIRECTION ( 'NONE',  ( -0.000000000000000000, 1.000000000000000000, 0.000000000000000000 ) ) ;
#6823 = VECTOR ( 'NONE', #2316, 39.37007874015748143 ) ;
#6824 = CYLINDRICAL_SURFACE ( 'NONE', #3353, 0.003937007874015747977 ) ;
#6825 = VECTOR ( 'NONE', #6948, 39.37007874015748143 ) ;
#6826 = ORIENTED_EDGE ( 'NONE', *, *, #6899, .T. ) ;
#6827 = ORIENTED_EDGE ( 'NONE', *, *, #609, .T. ) ;
#6828 = AXIS2_PLACEMENT_3D ( 'NONE', #3688, #443, #3121 ) ;
#6829 = LINE ( 'NONE', #1584, #595 ) ;
#6830 = VERTEX_POINT ( 'NONE', #2224 ) ;
#6831 = DIRECTION ( 'NONE',  ( 0.000000000000000000, 0.8133743720616745110, 0.5817406044563817602 ) ) ;
#6832 = EDGE_CURVE ( 'NONE', #6885, #4389, #4867, .T. ) ;
#6833 = CYLINDRICAL_SURFACE ( 'NONE', #2556, 0.007874015748027559866 ) ;
#6834 = EDGE_LOOP ( 'NONE', ( #6987, #5857, #6310, #655, #1624, #4648, #5717, #5820, #6517, #8363, #2318, #5963, #5092, #1939, #5168, #2028, #5052, #7684, #885, #2474 ) ) ;
#6835 = FACE_OUTER_BOUND ( 'NONE', #5742, .T. ) ;
#6836 = VECTOR ( 'NONE', #5219, 39.37007874015748143 ) ;
#6837 = CARTESIAN_POINT ( 'NONE',  ( 0.1785333490359448938, 0.02243874459450393571, 0.000000000000000000 ) ) ;
#6838 = ORIENTED_EDGE ( 'NONE', *, *, #2760, .T. ) ;
#6839 = CARTESIAN_POINT ( 'NONE',  ( 0.000000000000000000, 0.07086614173228346358, -0.06889763779527559306 ) ) ;
#6840 = ORIENTED_EDGE ( 'NONE', *, *, #1709, .T. ) ;
#6841 = ORIENTED_EDGE ( 'NONE', *, *, #3456, .T. ) ;
#6842 = VERTEX_POINT ( 'NONE', #3597 ) ;
#6843 = VECTOR ( 'NONE', #6383, 39.37007874015748143 ) ;
#6844 = CARTESIAN_POINT ( 'NONE',  ( -0.1791977358816928823, 0.03910965507092913768, -0.03937007874015747977 ) ) ;
#6845 = DIRECTION ( 'NONE',  ( 1.000000000000000000, 0.000000000000000000, 0.000000000000000000 ) ) ;
#6846 = PRESENTATION_LAYER_ASSIGNMENT (  '', '', ( #332 ) ) ;
#6847 = LINE ( 'NONE', #4844, #4722 ) ;
#6848 = CARTESIAN_POINT ( 'NONE',  ( -0.1102362204724803146, -0.04330708661417323468, -0.1696038517685826696 ) ) ;
#6849 = ORIENTED_EDGE ( 'NONE', *, *, #8245, .T. ) ;
#6850 = DIRECTION ( 'NONE',  ( 0.000000000000000000, 0.000000000000000000, 1.000000000000000000 ) ) ;
#6851 = DIRECTION ( 'NONE',  ( 1.000000000000000000, 0.000000000000000000, 0.000000000000000000 ) ) ;
#6852 = VECTOR ( 'NONE', #1974, 39.37007874015748143 ) ;
#6853 = CARTESIAN_POINT ( 'NONE',  ( 0.07086614173228346358, 0.07874015748031495954, -0.1003937007874015908 ) ) ;
#6854 = EDGE_CURVE ( 'NONE', #7938, #1278, #6216, .T. ) ;
#6855 = EDGE_CURVE ( 'NONE', #31, #400, #184, .T. ) ;
#6856 = CARTESIAN_POINT ( 'NONE',  ( -0.08661417322838584065, -0.02644984013992125738, -0.1383525925402755985 ) ) ;
#6857 = FACE_OUTER_BOUND ( 'NONE', #4679, .T. ) ;
#6858 = ORIENTED_EDGE ( 'NONE', *, *, #2937, .T. ) ;
#6859 = DIRECTION ( 'NONE',  ( 0.01146713589730045772, 0.9999342502356406426, 0.000000000000000000 ) ) ;
#6860 = CARTESIAN_POINT ( 'NONE',  ( 0.04625984251968504046, -0.04724409448818897572, -0.06200787401574803237 ) ) ;
#6861 = FACE_OUTER_BOUND ( 'NONE', #8568, .T. ) ;
#6862 = ORIENTED_EDGE ( 'NONE', *, *, #1519, .T. ) ;
#6863 = CARTESIAN_POINT ( 'NONE',  ( 0.1102362204724409434, -0.01299212598425196832, -0.1410558316531889678 ) ) ;
#6864 = VECTOR ( 'NONE', #2464, 39.37007874015748143 ) ;
#6865 = EDGE_CURVE ( 'NONE', #3878, #454, #6011, .T. ) ;
#6866 = CARTESIAN_POINT ( 'NONE',  ( 0.08464566929133858497, -0.02480314960629921572, -0.05265748031496062659 ) ) ;
#6867 = VERTEX_POINT ( 'NONE', #4417 ) ;
#6868 = ORIENTED_EDGE ( 'NONE', *, *, #4856, .F. ) ;
#6869 = DIRECTION ( 'NONE',  ( -0.000000000000000000, 1.000000000000000000, 0.000000000000000000 ) ) ;
#6870 = ORIENTED_EDGE ( 'NONE', *, *, #2237, .T. ) ;
#6871 = DIRECTION ( 'NONE',  ( 1.000000000000000000, 0.000000000000000000, 0.000000000000000000 ) ) ;
#6872 = CARTESIAN_POINT ( 'NONE',  ( 0.08661417322834646937, -0.01692913385826771630, 0.002680158189764960449 ) ) ;
#6873 = ORIENTED_EDGE ( 'NONE', *, *, #1936, .F. ) ;
#6874 = EDGE_CURVE ( 'NONE', #5744, #8582, #3681, .T. ) ;
#6875 = LINE ( 'NONE', #4179, #6212 ) ;
#6876 = UNCERTAINTY_MEASURE_WITH_UNIT (LENGTH_MEASURE( 1.000000000000000082E-05 ), #985, 'distance_accuracy_value', 'NONE');
#6877 = ORIENTED_EDGE ( 'NONE', *, *, #1220, .T. ) ;
#6878 = CIRCLE ( 'NONE', #3535, 0.003937007874015748844 ) ;
#6879 = DIRECTION ( 'NONE',  ( -0.01146713589723048765, 0.9999342502356415308, 0.000000000000000000 ) ) ;
#6880 = VERTEX_POINT ( 'NONE', #7688 ) ;
#6881 = DIRECTION ( 'NONE',  ( 0.000000000000000000, 0.5817638113659883148, -0.8133577735442863998 ) ) ;
#6882 = AXIS2_PLACEMENT_3D ( 'NONE', #4334, #5029, #6989 ) ;
#6883 = EDGE_LOOP ( 'NONE', ( #4095, #5531, #7190, #1470 ) ) ;
#6884 = DIRECTION ( 'NONE',  ( -0.9999342502356395324, -0.01146713589739759530, -2.555609416121874034E-15 ) ) ;
#6885 = VERTEX_POINT ( 'NONE', #2346 ) ;
#6886 = PLANE ( 'NONE',  #2271 ) ;
#6887 = AXIS2_PLACEMENT_3D ( 'NONE', #3793, #8492, #8447 ) ;
#6888 = CARTESIAN_POINT ( 'NONE',  ( 0.01998681779692519644, 0.02677165354331102406, -0.007874015748031495954 ) ) ;
#6889 = LINE ( 'NONE', #4314, #5292 ) ;
#6890 =( NAMED_UNIT ( * ) PLANE_ANGLE_UNIT ( ) SI_UNIT ( $, .RADIAN. ) );
#6891 = ORIENTED_EDGE ( 'NONE', *, *, #7982, .T. ) ;
#6892 = DIRECTION ( 'NONE',  ( 1.000000000000000000, 0.000000000000000000, 0.000000000000000000 ) ) ;
#6893 = VECTOR ( 'NONE', #5368, 39.37007874015748143 ) ;
#6894 = DIRECTION ( 'NONE',  ( 1.000000000000000000, 0.000000000000000000, 0.000000000000000000 ) ) ;
#6895 = EDGE_CURVE ( 'NONE', #8336, #2866, #5772, .T. ) ;
#6896 = CARTESIAN_POINT ( 'NONE',  ( -0.1781496062992126150, 0.02362204724409055004, 0.000000000000000000 ) ) ;
#6897 = VECTOR ( 'NONE', #8165, 39.37007874015748143 ) ;
#6898 = DIRECTION ( 'NONE',  ( 1.000000000000000000, 0.000000000000000000, 0.000000000000000000 ) ) ;
#6899 = EDGE_CURVE ( 'NONE', #3294, #1885, #4987, .T. ) ;
#6900 = ORIENTED_EDGE ( 'NONE', *, *, #6537, .T. ) ;
#6901 = CARTESIAN_POINT ( 'NONE',  ( -0.1102362204724409434, -0.01299212598425196832, -0.1410558316531889678 ) ) ;
#6902 = CARTESIAN_POINT ( 'NONE',  ( 0.08661417322834646937, -0.05905511811023622659, -0.2047244094488188948 ) ) ;
#6903 = LINE ( 'NONE', #1451, #2012 ) ;
#6904 = ORIENTED_EDGE ( 'NONE', *, *, #1292, .T. ) ;
#6905 = CARTESIAN_POINT ( 'NONE',  ( 0.1102362204724409434, -0.04724409448818897572, 0.06692913385826770867 ) ) ;
#6906 = VECTOR ( 'NONE', #3969, 39.37007874015748143 ) ;
#6907 = EDGE_CURVE ( 'NONE', #7588, #4514, #5128, .T. ) ;
#6908 = CYLINDRICAL_SURFACE ( 'NONE', #870, 0.003937007874015749712 ) ;
#6909 = ADVANCED_FACE ( 'NONE', ( #5686 ), #8337, .F. ) ;
#6910 = ORIENTED_EDGE ( 'NONE', *, *, #7822, .F. ) ;
#6911 = EDGE_CURVE ( 'NONE', #4898, #6053, #8418, .T. ) ;
#6912 = DIRECTION ( 'NONE',  ( -0.000000000000000000, 1.000000000000000000, 0.000000000000000000 ) ) ;
#6913 = ORIENTED_EDGE ( 'NONE', *, *, #5137, .T. ) ;
#6914 = PLANE ( 'NONE',  #2852 ) ;
#6915 = DIRECTION ( 'NONE',  ( 0.000000000000000000, 1.000000000000000000, 2.331034670843834533E-14 ) ) ;
#6916 = ORIENTED_EDGE ( 'NONE', *, *, #4097, .T. ) ;
#6917 = DIRECTION ( 'NONE',  ( 0.01146713589709937725, -0.9999342502356429740, -2.662800535624398890E-12 ) ) ;
#6918 = VECTOR ( 'NONE', #3421, 39.37007874015748143 ) ;
#6919 = CARTESIAN_POINT ( 'NONE',  ( 0.08661417322834646937, -0.05905511811023622659, 0.06692913385826770867 ) ) ;
#6920 = EDGE_CURVE ( 'NONE', #1793, #6686, #7033, .T. ) ;
#6921 = EDGE_CURVE ( 'NONE', #4692, #6538, #6431, .T. ) ;
#6922 = ORIENTED_EDGE ( 'NONE', *, *, #8119, .T. ) ;
#6923 = DIRECTION ( 'NONE',  ( 1.000000000000000000, 0.000000000000000000, 0.000000000000000000 ) ) ;
#6924 = AXIS2_PLACEMENT_3D ( 'NONE', #4277, #6937, #991 ) ;
#6925 = VERTEX_POINT ( 'NONE', #4943 ) ;
#6926 = LINE ( 'NONE', #5535, #789 ) ;
#6927 = ORIENTED_EDGE ( 'NONE', *, *, #5137, .F. ) ;
#6928 = FACE_OUTER_BOUND ( 'NONE', #7737, .T. ) ;
#6929 = ORIENTED_EDGE ( 'NONE', *, *, #7915, .T. ) ;
#6930 = EDGE_CURVE ( 'NONE', #4784, #5815, #2385, .T. ) ;
#6931 = ADVANCED_FACE ( 'NONE', ( #7606 ), #6950, .T. ) ;
#6932 = DIRECTION ( 'NONE',  ( 2.565848768021999967E-14, 0.000000000000000000, -1.000000000000000000 ) ) ;
#6933 = EDGE_CURVE ( 'NONE', #2204, #365, #3767, .T. ) ;
#6934 = CARTESIAN_POINT ( 'NONE',  ( -0.1706598510025984228, 0.02252903700314173169, 0.000000000000000000 ) ) ;
#6935 = ORIENTED_EDGE ( 'NONE', *, *, #2885, .T. ) ;
#6936 = DIRECTION ( 'NONE',  ( 0.000000000000000000, -1.000000000000000000, 0.000000000000000000 ) ) ;
#6937 = DIRECTION ( 'NONE',  ( -0.000000000000000000, 1.000000000000000000, 0.000000000000000000 ) ) ;
#6938 = PLANE ( 'NONE',  #311 ) ;
#6939 = EDGE_LOOP ( 'NONE', ( #1942, #8521, #4926, #8024 ) ) ;
#6940 = CARTESIAN_POINT ( 'NONE',  ( 0.1651356080489763956, 0.07874015748031495954, -0.1377952755905511861 ) ) ;
#6941 = PLANE ( 'NONE',  #1910 ) ;
#6942 = LINE ( 'NONE', #997, #5332 ) ;
#6943 = EDGE_CURVE ( 'NONE', #8023, #3083, #744, .T. ) ;
#6944 = ORIENTED_EDGE ( 'NONE', *, *, #7344, .F. ) ;
#6945 = CARTESIAN_POINT ( 'NONE',  ( -0.01945986453562204704, 0.01968503937007873988, -0.009842519685039369942 ) ) ;
#6946 = VECTOR ( 'NONE', #4668, 39.37007874015748143 ) ;
#6947 = VECTOR ( 'NONE', #6932, 39.37007874015748143 ) ;
#6948 = DIRECTION ( 'NONE',  ( 0.000000000000000000, 1.000000000000000000, 0.000000000000000000 ) ) ;
#6949 = ORIENTED_EDGE ( 'NONE', *, *, #2212, .F. ) ;
#6950 = PLANE ( 'NONE',  #4467 ) ;
#6951 = ORIENTED_EDGE ( 'NONE', *, *, #3757, .F. ) ;
#6952 = DIRECTION ( 'NONE',  ( 1.000000000000000000, 0.000000000000000000, 0.000000000000000000 ) ) ;
#6953 = CARTESIAN_POINT ( 'NONE',  ( -0.1751968503937007815, 0.07874015748031495954, -0.03543307086614566614 ) ) ;
#6954 = AXIS2_PLACEMENT_3D ( 'NONE', #6961, #3732, #7614 ) ;
#6955 = ORIENTED_EDGE ( 'NONE', *, *, #6104, .T. ) ;
#6956 = CARTESIAN_POINT ( 'NONE',  ( -0.1702769989558661490, 0.03040796100501574548, -0.1062992125984252023 ) ) ;
#6957 = EDGE_CURVE ( 'NONE', #7923, #6571, #2678, .T. ) ;
#6958 = EDGE_CURVE ( 'NONE', #7088, #75, #5068, .T. ) ;
#6959 = VECTOR ( 'NONE', #7626, 39.37007874015748143 ) ;
#6960 = CARTESIAN_POINT ( 'NONE',  ( -0.08267716535433070058, -0.02480314960629921572, -0.09448818897637795144 ) ) ;
#6961 = CARTESIAN_POINT ( 'NONE',  ( -0.08661417322838584065, -0.01463872515203543286, 0.005882354148551180266 ) ) ;
#6962 = ORIENTED_EDGE ( 'NONE', *, *, #5203, .F. ) ;
#6963 = CARTESIAN_POINT ( 'NONE',  ( 0.08661417322834646937, -0.02480314960629921572, -0.009842519685031497767 ) ) ;
#6964 = ORIENTED_EDGE ( 'NONE', *, *, #5249, .F. ) ;
#6965 = CARTESIAN_POINT ( 'NONE',  ( 0.07847158654133858102, 0.04527559055118110520, -0.009842519685039369942 ) ) ;
#6966 = ORIENTED_EDGE ( 'NONE', *, *, #3707, .F. ) ;
#6967 = CARTESIAN_POINT ( 'NONE',  ( -0.1318897637795275746, -0.05314960629921260116, -0.09448818897637795144 ) ) ;
#6968 = EDGE_LOOP ( 'NONE', ( #7776, #7235, #5389, #1969 ) ) ;
#6969 = VECTOR ( 'NONE', #1428, 39.37007874015748143 ) ;
#6970 = AXIS2_PLACEMENT_3D ( 'NONE', #404, #2392, #6348 ) ;
#6971 = DIRECTION ( 'NONE',  ( 1.000000000000000000, 0.000000000000000000, 0.000000000000000000 ) ) ;
#6972 = CIRCLE ( 'NONE', #49, 0.007874015748031495954 ) ;
#6973 = DIRECTION ( 'NONE',  ( -1.000000000000000000, 3.425831047417999747E-14, 0.000000000000000000 ) ) ;
#6974 = VERTEX_POINT ( 'NONE', #8297 ) ;
#6975 = FACE_OUTER_BOUND ( 'NONE', #2092, .T. ) ;
#6976 = EDGE_CURVE ( 'NONE', #6867, #3124, #3113, .T. ) ;
#6977 = VECTOR ( 'NONE', #3560, 39.37007874015748143 ) ;
#6978 = PLANE ( 'NONE',  #409 ) ;
#6979 = DIRECTION ( 'NONE',  ( 0.000000000000000000, 0.000000000000000000, 1.000000000000000000 ) ) ;
#6980 = AXIS2_PLACEMENT_3D ( 'NONE', #5943, #4448, #6599 ) ;
#6981 = VERTEX_POINT ( 'NONE', #5028 ) ;
#6982 = PLANE ( 'NONE',  #111 ) ;
#6983 = PLANE ( 'NONE',  #7987 ) ;
#6984 = ORIENTED_EDGE ( 'NONE', *, *, #894, .T. ) ;
#6985 = CARTESIAN_POINT ( 'NONE',  ( 0.1307581171052809021, 0.07020581345071980062, -1.194881018847714392E-16 ) ) ;
#6986 = AXIS2_PLACEMENT_3D ( 'NONE', #7135, #3872, #2359 ) ;
#6987 = ORIENTED_EDGE ( 'NONE', *, *, #8283, .F. ) ;
#6988 = CARTESIAN_POINT ( 'NONE',  ( 0.1102362204724409434, -0.04724409448818897572, -0.1696038517685826696 ) ) ;
#6989 = DIRECTION ( 'NONE',  ( 4.315124646492306840E-12, 0.000000000000000000, -1.000000000000000000 ) ) ;
#6990 = VECTOR ( 'NONE', #4504, 39.37007874015748143 ) ;
#6991 = CARTESIAN_POINT ( 'NONE',  ( 0.1102362204724409434, -0.02874015748031496023, -0.003225287050151574592 ) ) ;
#6992 = VERTEX_POINT ( 'NONE', #7772 ) ;
#6993 = CARTESIAN_POINT ( 'NONE',  ( 0.01181102362202755829, -0.02480314960629921572, -0.1377952755905511861 ) ) ;
#6994 = EDGE_CURVE ( 'NONE', #2306, #1157, #1091, .T. ) ;
#6995 = EDGE_CURVE ( 'NONE', #1058, #6051, #435, .T. ) ;
#6996 = DIRECTION ( 'NONE',  ( 0.000000000000000000, 0.000000000000000000, 1.000000000000000000 ) ) ;
#6997 = DIRECTION ( 'NONE',  ( 3.970067216414000021E-13, -1.000000000000000000, -4.969005768351000495E-13 ) ) ;
#6998 = EDGE_LOOP ( 'NONE', ( #2950, #5040, #424, #972 ) ) ;
#6999 = ORIENTED_EDGE ( 'NONE', *, *, #2819, .F. ) ;
#7000 = DIRECTION ( 'NONE',  ( 0.000000000000000000, 1.000000000000000000, 0.000000000000000000 ) ) ;
#7001 = EDGE_CURVE ( 'NONE', #6574, #7173, #7257, .T. ) ;
#7002 = ORIENTED_EDGE ( 'NONE', *, *, #2922, .T. ) ;
#7003 = DIRECTION ( 'NONE',  ( 0.000000000000000000, 0.000000000000000000, 1.000000000000000000 ) ) ;
#7004 = EDGE_CURVE ( 'NONE', #5657, #272, #519, .T. ) ;
#7005 = VERTEX_POINT ( 'NONE', #656 ) ;
#7006 = FACE_OUTER_BOUND ( 'NONE', #5256, .T. ) ;
#7007 = ORIENTED_EDGE ( 'NONE', *, *, #7770, .F. ) ;
#7008 = DIRECTION ( 'NONE',  ( 0.9999342502356429740, -0.01146713589710050135, -5.153351518683160539E-15 ) ) ;
#7009 = EDGE_CURVE ( 'NONE', #4976, #723, #2047, .T. ) ;
#7010 = FACE_OUTER_BOUND ( 'NONE', #3598, .T. ) ;
#7011 = DIRECTION ( 'NONE',  ( 0.000000000000000000, 0.000000000000000000, -1.000000000000000000 ) ) ;
#7012 = EDGE_CURVE ( 'NONE', #5873, #107, #2511, .T. ) ;
#7013 = SURFACE_SIDE_STYLE ('',( #1727 ) ) ;
#7014 = ORIENTED_EDGE ( 'NONE', *, *, #4975, .F. ) ;
#7015 = CARTESIAN_POINT ( 'NONE',  ( 0.01181102362202755829, -0.02480314960629921572, 0.000000000000000000 ) ) ;
#7016 = VECTOR ( 'NONE', #1371, 39.37007874015748143 ) ;
#7017 = FACE_OUTER_BOUND ( 'NONE', #7412, .T. ) ;
#7018 = ADVANCED_FACE ( 'NONE', ( #7821 ), #7958, .T. ) ;
#7019 = PLANE ( 'NONE',  #3364 ) ;
#7020 = ADVANCED_FACE ( 'NONE', ( #3295 ), #1873, .F. ) ;
#7021 = ADVANCED_FACE ( 'NONE', ( #2645, #7208 ), #702, .T. ) ;
#7022 = VECTOR ( 'NONE', #1898, 39.37007874015748143 ) ;
#7023 = ORIENTED_EDGE ( 'NONE', *, *, #3233, .T. ) ;
#7024 = EDGE_LOOP ( 'NONE', ( #5832, #7558, #6539, #8074, #4474 ) ) ;
#7025 = CARTESIAN_POINT ( 'NONE',  ( 0.08661417322834646937, -0.02480314960629921572, -0.1279527559055118058 ) ) ;
#7026 = LINE ( 'NONE', #7596, #1362 ) ;
#7027 = LINE ( 'NONE', #1170, #4223 ) ;
#7028 = ORIENTED_EDGE ( 'NONE', *, *, #6662, .T. ) ;
#7029 = CARTESIAN_POINT ( 'NONE',  ( -0.1053149606299212532, -0.02480314960629921572, -0.04330708661417323468 ) ) ;
#7030 = VECTOR ( 'NONE', #8073, 39.37007874015748143 ) ;
#7031 = EDGE_CURVE ( 'NONE', #8454, #3781, #2691, .T. ) ;
#7032 = ORIENTED_EDGE ( 'NONE', *, *, #7886, .T. ) ;
#7033 = LINE ( 'NONE', #5646, #5310 ) ;
#7034 = STYLED_ITEM ( 'NONE', ( #747 ), #1505 ) ;
#7035 = CARTESIAN_POINT ( 'NONE',  ( 0.1102362204724409434, -0.05905511811023622659, 0.02532139787885039420 ) ) ;
#7036 = CARTESIAN_POINT ( 'NONE',  ( 0.1791977358816928823, 0.03910965507092913768, -0.09842519685039370636 ) ) ;
#7037 = ORIENTED_EDGE ( 'NONE', *, *, #6537, .F. ) ;
#7038 = PLANE ( 'NONE',  #5527 ) ;
#7039 = CIRCLE ( 'NONE', #6634, 0.003937007874015749712 ) ;
#7040 = FACE_OUTER_BOUND ( 'NONE', #4685, .T. ) ;
#7041 = DIRECTION ( 'NONE',  ( -1.000000000000000000, 0.000000000000000000, 0.000000000000000000 ) ) ;
#7042 = ORIENTED_EDGE ( 'NONE', *, *, #752, .T. ) ;
#7043 = EDGE_LOOP ( 'NONE', ( #313, #2174, #3670, #8095 ) ) ;
#7044 = LINE ( 'NONE', #7087, #4597 ) ;
#7045 = VERTEX_POINT ( 'NONE', #7160 ) ;
#7046 = DIRECTION ( 'NONE',  ( 1.000000000000000000, 0.000000000000000000, 0.000000000000000000 ) ) ;
#7047 = VERTEX_POINT ( 'NONE', #6470 ) ;
#7048 = PLANE ( 'NONE',  #6986 ) ;
#7049 = ORIENTED_EDGE ( 'NONE', *, *, #7206, .F. ) ;
#7050 = CARTESIAN_POINT ( 'NONE',  ( -0.08661417322838584065, -0.01692913385826771630, -0.1410558316531889678 ) ) ;
#7051 = VECTOR ( 'NONE', #5481, 39.37007874015748143 ) ;
#7052 = EDGE_CURVE ( 'NONE', #5358, #2629, #6606, .T. ) ;
#7053 = CARTESIAN_POINT ( 'NONE',  ( -0.07283464566929134798, 0.07086614173228346358, -0.1003937007874015908 ) ) ;
#7054 = AXIS2_PLACEMENT_3D ( 'NONE', #8251, #3027, #6295 ) ;
#7055 = CARTESIAN_POINT ( 'NONE',  ( -0.04625984251968504046, -0.04724409448818897572, -0.09448818897637795144 ) ) ;
#7056 = ORIENTED_EDGE ( 'NONE', *, *, #70, .F. ) ;
#7057 = ORIENTED_EDGE ( 'NONE', *, *, #6060, .T. ) ;
#7058 = CARTESIAN_POINT ( 'NONE',  ( 0.1102362204724409434, -0.02874015748031496023, -0.1351503312329527529 ) ) ;
#7059 = ADVANCED_FACE ( 'NONE', ( #5991 ), #3900, .T. ) ;
#7060 = VECTOR ( 'NONE', #8200, 39.37007874015748143 ) ;
#7061 = EDGE_CURVE ( 'NONE', #975, #452, #1262, .T. ) ;
#7062 = ADVANCED_FACE ( 'NONE', ( #3202 ), #6562, .T. ) ;
#7063 = DIRECTION ( 'NONE',  ( 0.000000000000000000, -1.000000000000000000, 0.000000000000000000 ) ) ;
#7064 = DIRECTION ( 'NONE',  ( 1.000000000000000000, 0.000000000000000000, 0.000000000000000000 ) ) ;
#7065 = CARTESIAN_POINT ( 'NONE',  ( 0.1210629921259842590, -0.04724409448818897572, -0.1161417322834645688 ) ) ;
#7066 = VERTEX_POINT ( 'NONE', #6650 ) ;
#7067 = ORIENTED_EDGE ( 'NONE', *, *, #7385, .T. ) ;
#7068 = DIRECTION ( 'NONE',  ( 0.000000000000000000, 0.000000000000000000, 1.000000000000000000 ) ) ;
#7069 = DIRECTION ( 'NONE',  ( 0.000000000000000000, 0.000000000000000000, -1.000000000000000000 ) ) ;
#7070 = DIRECTION ( 'NONE',  ( 1.000000000000000000, 0.000000000000000000, 0.000000000000000000 ) ) ;
#7071 = VERTEX_POINT ( 'NONE', #4680 ) ;
#7072 = DIRECTION ( 'NONE',  ( -1.000000000000000000, 0.000000000000000000, 0.000000000000000000 ) ) ;
#7073 = ADVANCED_FACE ( 'NONE', ( #3342 ), #3156, .F. ) ;
#7074 = DIRECTION ( 'NONE',  ( -7.314410515176000442E-14, 0.000000000000000000, 1.000000000000000000 ) ) ;
#7075 = ADVANCED_FACE ( 'NONE', ( #560 ), #5858, .F. ) ;
#7076 = ORIENTED_EDGE ( 'NONE', *, *, #4743, .T. ) ;
#7077 = CARTESIAN_POINT ( 'NONE',  ( -0.01296402462622091648, 0.05236220472439636481, -0.01407533474302105798 ) ) ;
#7078 = DIRECTION ( 'NONE',  ( 0.000000000000000000, 1.000000000000000000, 0.000000000000000000 ) ) ;
#7079 = DIRECTION ( 'NONE',  ( 1.000000000000000000, 0.000000000000000000, 0.000000000000000000 ) ) ;
#7080 = ORIENTED_EDGE ( 'NONE', *, *, #8333, .T. ) ;
#7081 = DIRECTION ( 'NONE',  ( 0.000000000000000000, 1.000000000000000000, 0.000000000000000000 ) ) ;
#7082 = CARTESIAN_POINT ( 'NONE',  ( 0.08661417322834646937, -0.04559749532039369946, 0.02802598234636220417 ) ) ;
#7083 = CARTESIAN_POINT ( 'NONE',  ( 0.1496062992125984370, 0.07874015748031495954, -0.03543307086614566614 ) ) ;
#7084 = ORIENTED_EDGE ( 'NONE', *, *, #8182, .T. ) ;
#7085 = ORIENTED_EDGE ( 'NONE', *, *, #8446, .F. ) ;
#7086 = PRESENTATION_LAYER_ASSIGNMENT (  '', '', ( #3349 ) ) ;
#7087 = CARTESIAN_POINT ( 'NONE',  ( 0.1785333490359448938, 0.02243874459449999789, -0.1377952755905511861 ) ) ;
#7088 = VERTEX_POINT ( 'NONE', #5905 ) ;
#7089 = CARTESIAN_POINT ( 'NONE',  ( 0.1102362204724409434, -0.05740842757661417800, 0.02211913657151574897 ) ) ;
#7090 = ORIENTED_EDGE ( 'NONE', *, *, #5352, .F. ) ;
#7091 = CARTESIAN_POINT ( 'NONE',  ( 0.1309055118110236116, 0.07479805241582676567, -0.004427468705866141954 ) ) ;
#7092 = VERTEX_POINT ( 'NONE', #5241 ) ;
#7093 = CYLINDRICAL_SURFACE ( 'NONE', #5791, 0.003937007874015747977 ) ;
#7094 = CIRCLE ( 'NONE', #2929, 0.01968503937007874335 ) ;
#7095 = LINE ( 'NONE', #1765, #7642 ) ;
#7096 = ORIENTED_EDGE ( 'NONE', *, *, #8303, .F. ) ;
#7097 = CARTESIAN_POINT ( 'NONE',  ( -0.01181102362206299175, -0.04559749532039369946, 0.02802598234636220417 ) ) ;
#7098 = ORIENTED_EDGE ( 'NONE', *, *, #4930, .T. ) ;
#7099 = ORIENTED_EDGE ( 'NONE', *, *, #6752, .T. ) ;
#7100 = VECTOR ( 'NONE', #2499, 39.37007874015748143 ) ;
#7101 = AXIS2_PLACEMENT_3D ( 'NONE', #2013, #175, #1527 ) ;
#7102 = DIRECTION ( 'NONE',  ( 2.453064206790999905E-13, -1.000000000000000000, 0.000000000000000000 ) ) ;
#7103 = VECTOR ( 'NONE', #1716, 39.37007874015748143 ) ;
#7104 = FACE_OUTER_BOUND ( 'NONE', #5819, .T. ) ;
#7105 = CARTESIAN_POINT ( 'NONE',  ( 0.08169291338582677919, 0.05236220472440945156, 0.000000000000000000 ) ) ;
#7106 = LINE ( 'NONE', #3798, #3904 ) ;
#7107 = CARTESIAN_POINT ( 'NONE',  ( -0.1102362204724409434, -0.01299212598425196832, -0.1377952755905511861 ) ) ;
#7108 = ORIENTED_EDGE ( 'NONE', *, *, #6271, .F. ) ;
#7109 = DIRECTION ( 'NONE',  ( -0.01146713589756043900, -0.9999342502356377560, 0.000000000000000000 ) ) ;
#7110 = DIRECTION ( 'NONE',  ( 0.000000000000000000, -1.000000000000000000, 0.000000000000000000 ) ) ;
#7111 = EDGE_CURVE ( 'NONE', #1487, #4781, #6120, .T. ) ;
#7112 = EDGE_CURVE ( 'NONE', #5477, #8014, #5419, .T. ) ;
#7113 = DIRECTION ( 'NONE',  ( -0.000000000000000000, 1.000000000000000000, 0.000000000000000000 ) ) ;
#7114 = AXIS2_PLACEMENT_3D ( 'NONE', #8522, #2180, #188 ) ;
#7115 = DIRECTION ( 'NONE',  ( 0.000000000000000000, 0.000000000000000000, 1.000000000000000000 ) ) ;
#7116 = DIRECTION ( 'NONE',  ( -1.000000000000000000, 1.308843930331000019E-13, 0.000000000000000000 ) ) ;
#7117 = AXIS2_PLACEMENT_3D ( 'NONE', #3286, #3892, #1168 ) ;
#7118 = ORIENTED_EDGE ( 'NONE', *, *, #7848, .T. ) ;
#7119 = DIRECTION ( 'NONE',  ( 0.000000000000000000, 0.000000000000000000, 1.000000000000000000 ) ) ;
#7120 = CARTESIAN_POINT ( 'NONE',  ( 0.000000000000000000, -0.01299212598425196832, 0.000000000000000000 ) ) ;
#7121 = DIRECTION ( 'NONE',  ( -0.01146713589730045772, 0.9999342502356406426, 0.000000000000000000 ) ) ;
#7122 = VERTEX_POINT ( 'NONE', #7555 ) ;
#7123 = LINE ( 'NONE', #1011, #6779 ) ;
#7124 = MANIFOLD_SOLID_BREP ( 'NONE', #7709 ) ;
#7125 = DIRECTION ( 'NONE',  ( -1.000000000000000000, 0.000000000000000000, 0.000000000000000000 ) ) ;
#7126 = CARTESIAN_POINT ( 'NONE',  ( -0.1210629921259842590, -0.04724409448818897572, -0.09448818897637795144 ) ) ;
#7127 = VECTOR ( 'NONE', #2606, 39.37007874015747433 ) ;
#7128 = VERTEX_POINT ( 'NONE', #5465 ) ;
#7129 = EDGE_CURVE ( 'NONE', #8527, #7313, #6080, .T. ) ;
#7130 = ORIENTED_EDGE ( 'NONE', *, *, #8047, .T. ) ;
#7131 = DIRECTION ( 'NONE',  ( -1.000000000000000000, 0.000000000000000000, 0.000000000000000000 ) ) ;
#7132 = ORIENTED_EDGE ( 'NONE', *, *, #8027, .T. ) ;
#7133 = DIRECTION ( 'NONE',  ( -1.000000000000000000, 0.000000000000000000, 0.000000000000000000 ) ) ;
#7134 = ORIENTED_EDGE ( 'NONE', *, *, #1989, .F. ) ;
#7135 = CARTESIAN_POINT ( 'NONE',  ( 0.01073431161089763788, 0.07086614173228346358, -0.03937007874015747977 ) ) ;
#7136 = ORIENTED_EDGE ( 'NONE', *, *, #7061, .F. ) ;
#7137 = CARTESIAN_POINT ( 'NONE',  ( -0.1102362204724409434, -0.01463872515205118068, -0.1442580276120078997 ) ) ;
#7138 = EDGE_CURVE ( 'NONE', #128, #6800, #2772, .T. ) ;
#7139 = LINE ( 'NONE', #1850, #4576 ) ;
#7140 = EDGE_LOOP ( 'NONE', ( #7747, #6999, #4835, #2872 ) ) ;
#7141 = EDGE_CURVE ( 'NONE', #825, #4273, #5552, .T. ) ;
#7142 = DIRECTION ( 'NONE',  ( 0.000000000000000000, 0.000000000000000000, -1.000000000000000000 ) ) ;
#7143 = VERTEX_POINT ( 'NONE', #7427 ) ;
#7144 = VERTEX_POINT ( 'NONE', #4163 ) ;
#7145 = CARTESIAN_POINT ( 'NONE',  ( 0.08661417322834646937, -0.02480314960629921572, -0.07578740157480315376 ) ) ;
#7146 = CARTESIAN_POINT ( 'NONE',  ( 0.1706598510025984228, 0.02252903700314173169, 0.000000000000000000 ) ) ;
#7147 = LINE ( 'NONE', #4403, #8215 ) ;
#7148 = DIRECTION ( 'NONE',  ( -0.000000000000000000, 1.000000000000000000, 0.000000000000000000 ) ) ;
#7149 = LINE ( 'NONE', #6417, #1075 ) ;
#7150 = ORIENTED_EDGE ( 'NONE', *, *, #123, .T. ) ;
#7151 = CARTESIAN_POINT ( 'NONE',  ( -0.1210629921259842590, -0.04724409448818897572, -0.02165354330707086952 ) ) ;
#7152 = DIRECTION ( 'NONE',  ( 0.000000000000000000, 0.000000000000000000, 1.000000000000000000 ) ) ;
#7153 = VECTOR ( 'NONE', #477, 39.37007874015748854 ) ;
#7154 = CARTESIAN_POINT ( 'NONE',  ( -0.004577409918014107605, 0.02677165354331087141, -0.009504928712298854609 ) ) ;
#7155 = EDGE_CURVE ( 'NONE', #7313, #7528, #6777, .T. ) ;
#7156 = CARTESIAN_POINT ( 'NONE',  ( -0.1053149606299212532, -0.04724409448818897572, -0.09448818897637795144 ) ) ;
#7157 = VECTOR ( 'NONE', #7350, 39.37007874015748143 ) ;
#7158 = EDGE_CURVE ( 'NONE', #4435, #2388, #875, .T. ) ;
#7159 = VERTEX_POINT ( 'NONE', #8205 ) ;
#7160 = CARTESIAN_POINT ( 'NONE',  ( 0.1651356080489763956, 0.07874015748031495954, -0.1033464566929133965 ) ) ;
#7161 = LINE ( 'NONE', #5992, #7619 ) ;
#7162 = LINE ( 'NONE', #7035, #3126 ) ;
#7163 = PLANE ( 'NONE',  #1321 ) ;
#7164 = EDGE_LOOP ( 'NONE', ( #7134, #6525, #5662, #192 ) ) ;
#7165 = DIRECTION ( 'NONE',  ( 0.000000000000000000, 0.000000000000000000, 1.000000000000000000 ) ) ;
#7166 = VECTOR ( 'NONE', #4627, 39.37007874015747433 ) ;
#7167 = EDGE_CURVE ( 'NONE', #1266, #3531, #6166, .T. ) ;
#7168 = EDGE_CURVE ( 'NONE', #4134, #1241, #2216, .T. ) ;
#7169 = FACE_OUTER_BOUND ( 'NONE', #6207, .T. ) ;
#7170 = EDGE_CURVE ( 'NONE', #7216, #5508, #221, .T. ) ;
#7171 = VECTOR ( 'NONE', #7069, 39.37007874015748143 ) ;
#7172 = DIRECTION ( 'NONE',  ( 0.000000000000000000, -1.000000000000000000, 0.000000000000000000 ) ) ;
#7173 = VERTEX_POINT ( 'NONE', #7512 ) ;
#7174 = ORIENTED_EDGE ( 'NONE', *, *, #6662, .F. ) ;
#7175 = FACE_OUTER_BOUND ( 'NONE', #2261, .T. ) ;
#7176 = ORIENTED_EDGE ( 'NONE', *, *, #2555, .F. ) ;
#7177 = CARTESIAN_POINT ( 'NONE',  ( -0.002021725288699999928, 0.07086614173228346358, 0.000000000000000000 ) ) ;
#7178 = ORIENTED_EDGE ( 'NONE', *, *, #1195, .T. ) ;
#7179 = CARTESIAN_POINT ( 'NONE',  ( 0.01181102362202755829, -0.05511811023622047168, 0.02532139787885039420 ) ) ;
#7180 = ORIENTED_EDGE ( 'NONE', *, *, #8326, .F. ) ;
#7181 = DIRECTION ( 'NONE',  ( 0.000000000000000000, 1.000000000000000000, 0.000000000000000000 ) ) ;
#7182 = VECTOR ( 'NONE', #1480, 39.37007874015748143 ) ;
#7183 = EDGE_CURVE ( 'NONE', #2530, #6051, #746, .T. ) ;
#7184 = CARTESIAN_POINT ( 'NONE',  ( -0.01181102362205511611, -0.02480314960629921572, -0.1279527559055118058 ) ) ;
#7185 = ORIENTED_EDGE ( 'NONE', *, *, #6125, .T. ) ;
#7186 = EDGE_LOOP ( 'NONE', ( #7723, #7791, #4297, #4416, #2098, #5500, #7391, #7180 ) ) ;
#7187 = LINE ( 'NONE', #5793, #7240 ) ;
#7188 = VECTOR ( 'NONE', #4296, 39.37007874015748143 ) ;
#7189 = ORIENTED_EDGE ( 'NONE', *, *, #2258, .F. ) ;
#7190 = ORIENTED_EDGE ( 'NONE', *, *, #4874, .T. ) ;
#7191 = CARTESIAN_POINT ( 'NONE',  ( 0.1369563552857086808, 0.07086614173228346358, 0.000000000000000000 ) ) ;
#7192 = EDGE_CURVE ( 'NONE', #5222, #6266, #4724, .T. ) ;
#7193 = EDGE_CURVE ( 'NONE', #6496, #2558, #8247, .T. ) ;
#7194 = VECTOR ( 'NONE', #4329, 39.37007874015748143 ) ;
#7195 = DIRECTION ( 'NONE',  ( 0.000000000000000000, 2.746581960645000162E-14, -1.000000000000000000 ) ) ;
#7196 = DIRECTION ( 'NONE',  ( -1.000000000000000000, 0.000000000000000000, 0.000000000000000000 ) ) ;
#7197 = LINE ( 'NONE', #6503, #1833 ) ;
#7198 = CYLINDRICAL_SURFACE ( 'NONE', #7870, 0.003937007874015749712 ) ;
#7199 = ORIENTED_EDGE ( 'NONE', *, *, #1670, .F. ) ;
#7200 = FACE_OUTER_BOUND ( 'NONE', #7413, .T. ) ;
#7201 = CARTESIAN_POINT ( 'NONE',  ( -0.1785333490359448938, 0.02243874459449999789, -0.1377952755905511861 ) ) ;
#7202 = CIRCLE ( 'NONE', #7346, 0.003937007874015749712 ) ;
#7203 = DIRECTION ( 'NONE',  ( 1.000000000000000000, 0.000000000000000000, 0.000000000000000000 ) ) ;
#7204 = DIRECTION ( 'NONE',  ( 0.000000000000000000, 0.000000000000000000, 1.000000000000000000 ) ) ;
#7205 = DIRECTION ( 'NONE',  ( 0.000000000000000000, 1.000000000000000000, 0.000000000000000000 ) ) ;
#7206 = EDGE_CURVE ( 'NONE', #1319, #3867, #1042, .T. ) ;
#7207 = ORIENTED_EDGE ( 'NONE', *, *, #5482, .T. ) ;
#7208 = FACE_OUTER_BOUND ( 'NONE', #1185, .T. ) ;
#7209 = FACE_OUTER_BOUND ( 'NONE', #1760, .T. ) ;
#7210 = LINE ( 'NONE', #5953, #6330 ) ;
#7211 = DIRECTION ( 'NONE',  ( 0.000000000000000000, 1.000000000000000000, 0.000000000000000000 ) ) ;
#7212 = ORIENTED_EDGE ( 'NONE', *, *, #4572, .T. ) ;
#7213 = FACE_OUTER_BOUND ( 'NONE', #2960, .T. ) ;
#7214 = CARTESIAN_POINT ( 'NONE',  ( -0.1505905511811023723, 0.07086614173228346358, -0.03444881889764173089 ) ) ;
#7215 = DIRECTION ( 'NONE',  ( -1.000000000000000000, 0.000000000000000000, 0.000000000000000000 ) ) ;
#7216 = VERTEX_POINT ( 'NONE', #7025 ) ;
#7217 = EDGE_LOOP ( 'NONE', ( #7189, #5083, #552, #1245 ) ) ;
#7218 = LINE ( 'NONE', #5344, #5865 ) ;
#7219 = EDGE_LOOP ( 'NONE', ( #1289, #3097, #2855, #2353 ) ) ;
#7220 = DIRECTION ( 'NONE',  ( 0.000000000000000000, 4.987329993433318377E-13, -1.000000000000000000 ) ) ;
#7221 = ORIENTED_EDGE ( 'NONE', *, *, #1859, .F. ) ;
#7222 = DIRECTION ( 'NONE',  ( 1.000000000000000000, 0.000000000000000000, 0.000000000000000000 ) ) ;
#7223 = ORIENTED_EDGE ( 'NONE', *, *, #647, .T. ) ;
#7224 = DIRECTION ( 'NONE',  ( -1.000000000000000000, 0.000000000000000000, 0.000000000000000000 ) ) ;
#7225 = AXIS2_PLACEMENT_3D ( 'NONE', #416, #4433, #4394 ) ;
#7226 = EDGE_CURVE ( 'NONE', #5551, #902, #388, .T. ) ;
#7227 = ADVANCED_FACE ( 'NONE', ( #2371 ), #5019, .F. ) ;
#7228 = VECTOR ( 'NONE', #5979, 39.37007874015748143 ) ;
#7229 = DIRECTION ( 'NONE',  ( 0.000000000000000000, 1.000000000000000000, 2.168404344971008868E-14 ) ) ;
#7230 = ORIENTED_EDGE ( 'NONE', *, *, #2904, .F. ) ;
#7231 = ORIENTED_EDGE ( 'NONE', *, *, #1427, .F. ) ;
#7232 = CARTESIAN_POINT ( 'NONE',  ( 0.1368110236220472509, 0.07480314960629921850, -0.1377952755905511861 ) ) ;
#7233 = VERTEX_POINT ( 'NONE', #5763 ) ;
#7234 = VERTEX_POINT ( 'NONE', #6940 ) ;
#7235 = ORIENTED_EDGE ( 'NONE', *, *, #1026, .T. ) ;
#7236 = DIRECTION ( 'NONE',  ( 1.000000000000000000, 0.000000000000000000, 0.000000000000000000 ) ) ;
#7237 = AXIS2_PLACEMENT_3D ( 'NONE', #228, #7355, #4211 ) ;
#7238 = CYLINDRICAL_SURFACE ( 'NONE', #8199, 0.01968503937007873988 ) ;
#7239 = CARTESIAN_POINT ( 'NONE',  ( 0.01181102362202755829, -0.05905511811023622659, -0.2047244094488188948 ) ) ;
#7240 = VECTOR ( 'NONE', #7796, 39.37007874015748143 ) ;
#7241 = VECTOR ( 'NONE', #2433, 39.37007874015748143 ) ;
#7242 = CARTESIAN_POINT ( 'NONE',  ( -0.1496062992125984370, 0.07086614173228346358, 0.000000000000000000 ) ) ;
#7243 = CARTESIAN_POINT ( 'NONE',  ( 0.06889763779527559306, -0.04724409448818897572, -0.09448818897637795144 ) ) ;
#7244 = ORIENTED_EDGE ( 'NONE', *, *, #3841, .F. ) ;
#7245 = EDGE_CURVE ( 'NONE', #5754, #536, #4242, .T. ) ;
#7246 = PLANE ( 'NONE',  #3231 ) ;
#7247 = LINE ( 'NONE', #1256, #3292 ) ;
#7248 = CARTESIAN_POINT ( 'NONE',  ( -0.1496062992125984370, 0.07480314960629921850, -0.01771653543307086590 ) ) ;
#7249 = CARTESIAN_POINT ( 'NONE',  ( -0.08661417322838584065, -0.02480314960629921572, -0.1351503312329527529 ) ) ;
#7250 = MANIFOLD_SOLID_BREP ( 'NONE', #8397 ) ;
#7251 = VECTOR ( 'NONE', #6352, 39.37007874015748143 ) ;
#7252 = VECTOR ( 'NONE', #340, 39.37007874015748143 ) ;
#7253 = LINE ( 'NONE', #6775, #4550 ) ;
#7254 = ADVANCED_FACE ( 'NONE', ( #8372 ), #1612, .F. ) ;
#7255 = VECTOR ( 'NONE', #4638, 39.37007874015748854 ) ;
#7256 = ORIENTED_EDGE ( 'NONE', *, *, #8443, .F. ) ;
#7257 = LINE ( 'NONE', #7348, #7671 ) ;
#7258 = CARTESIAN_POINT ( 'NONE',  ( 0.1496062992125984370, 0.07480314960629921850, -0.01771750266869291310 ) ) ;
#7259 = DIRECTION ( 'NONE',  ( -1.000000000000000000, 0.000000000000000000, 0.000000000000000000 ) ) ;
#7260 = LINE ( 'NONE', #5909, #1599 ) ;
#7261 = ORIENTED_EDGE ( 'NONE', *, *, #517, .T. ) ;
#7262 = CARTESIAN_POINT ( 'NONE',  ( 0.04921259842519685318, -0.02480314960629921572, -0.1328740157480315098 ) ) ;
#7263 = VECTOR ( 'NONE', #4771, 39.37007874015748143 ) ;
#7264 = DIRECTION ( 'NONE',  ( 1.000000000000000000, 5.485807886383999936E-14, 0.000000000000000000 ) ) ;
#7265 = LINE ( 'NONE', #5252, #2106 ) ;
#7266 = EDGE_LOOP ( 'NONE', ( #3976, #8508, #7892, #7098 ) ) ;
#7267 = VERTEX_POINT ( 'NONE', #3715 ) ;
#7268 = DIRECTION ( 'NONE',  ( 1.000000000000000000, 0.000000000000000000, 0.000000000000000000 ) ) ;
#7269 = ORIENTED_EDGE ( 'NONE', *, *, #1137, .F. ) ;
#7270 = CARTESIAN_POINT ( 'NONE',  ( -0.07086614173228346358, 0.07874015748031495954, -0.03740157480314960925 ) ) ;
#7271 = EDGE_LOOP ( 'NONE', ( #8430, #6373, #6720, #8520 ) ) ;
#7272 = VECTOR ( 'NONE', #1805, 39.37007874015748143 ) ;
#7273 = DIRECTION ( 'NONE',  ( 0.000000000000000000, 1.000000000000000000, 0.000000000000000000 ) ) ;
#7274 = VERTEX_POINT ( 'NONE', #6375 ) ;
#7275 = PLANE ( 'NONE',  #4819 ) ;
#7276 = VECTOR ( 'NONE', #523, 39.37007874015748143 ) ;
#7277 = CARTESIAN_POINT ( 'NONE',  ( 0.01998681779693307209, 0.01968503937007873988, -0.009842519685039369942 ) ) ;
#7278 = ORIENTED_EDGE ( 'NONE', *, *, #5925, .F. ) ;
#7279 = EDGE_CURVE ( 'NONE', #2775, #2225, #4339, .T. ) ;
#7280 = ADVANCED_FACE ( 'NONE', ( #7725 ), #7595, .F. ) ;
#7281 = ORIENTED_EDGE ( 'NONE', *, *, #1731, .T. ) ;
#7282 = CARTESIAN_POINT ( 'NONE',  ( 0.1781496062992126150, 0.03188976377951967950, -0.1377952755905511861 ) ) ;
#7283 = ADVANCED_FACE ( 'NONE', ( #4280 ), #1121, .F. ) ;
#7284 = ORIENTED_EDGE ( 'NONE', *, *, #869, .F. ) ;
#7285 = ORIENTED_EDGE ( 'NONE', *, *, #5363, .T. ) ;
#7286 = ORIENTED_EDGE ( 'NONE', *, *, #4546, .T. ) ;
#7287 = PLANE ( 'NONE',  #379 ) ;
#7288 = DIRECTION ( 'NONE',  ( 1.000000000000000000, 0.000000000000000000, 0.000000000000000000 ) ) ;
#7289 = ADVANCED_FACE ( 'NONE', ( #6291 ), #4324, .F. ) ;
#7290 = CARTESIAN_POINT ( 'NONE',  ( -0.04625984251968504046, -0.04724409448818897572, -0.09448818897637795144 ) ) ;
#7291 = DIRECTION ( 'NONE',  ( 0.000000000000000000, -0.8133577735318218149, 0.5817638113834148195 ) ) ;
#7292 = CYLINDRICAL_SURFACE ( 'NONE', #3555, 0.003937007874015749712 ) ;
#7293 = ORIENTED_EDGE ( 'NONE', *, *, #6329, .F. ) ;
#7294 = DIRECTION ( 'NONE',  ( 1.000000000000000000, 0.000000000000000000, 0.000000000000000000 ) ) ;
#7295 = DIRECTION ( 'NONE',  ( 0.000000000000000000, -1.000000000000000000, 0.000000000000000000 ) ) ;
#7296 = FACE_OUTER_BOUND ( 'NONE', #3066, .T. ) ;
#7297 = DIRECTION ( 'NONE',  ( 1.000000000000000000, 0.000000000000000000, 0.000000000000000000 ) ) ;
#7298 = AXIS2_PLACEMENT_3D ( 'NONE', #7621, #326, #853 ) ;
#7299 = LINE ( 'NONE', #4768, #1801 ) ;
#7300 = EDGE_CURVE ( 'NONE', #8299, #801, #1856, .T. ) ;
#7301 = VECTOR ( 'NONE', #7648, 39.37007874015748143 ) ;
#7302 = VERTEX_POINT ( 'NONE', #8544 ) ;
#7303 = CARTESIAN_POINT ( 'NONE',  ( -0.004214936404622047529, 0.03956692913385827237, -0.009200777320976379417 ) ) ;
#7304 = CARTESIAN_POINT ( 'NONE',  ( 0.1427165354330708902, -0.04724409448818897572, -0.1161417322834645688 ) ) ;
#7305 = DIRECTION ( 'NONE',  ( -4.493137887895000270E-14, 0.000000000000000000, 1.000000000000000000 ) ) ;
#7306 = DIRECTION ( 'NONE',  ( 0.000000000000000000, 0.8133577735317738533, 0.5817638113834818769 ) ) ;
#7307 = ORIENTED_EDGE ( 'NONE', *, *, #4245, .F. ) ;
#7308 = DIRECTION ( 'NONE',  ( 1.000000000000000000, 0.000000000000000000, 0.000000000000000000 ) ) ;
#7309 = EDGE_CURVE ( 'NONE', #4055, #7715, #3192, .T. ) ;
#7310 = AXIS2_PLACEMENT_3D ( 'NONE', #8365, #2411, #911 ) ;
#7311 = DIRECTION ( 'NONE',  ( 0.000000000000000000, -0.8133577735317738533, -0.5817638113834818769 ) ) ;
#7312 = DIRECTION ( 'NONE',  ( 0.000000000000000000, 4.494018004954662555E-13, -1.000000000000000000 ) ) ;
#7313 = VERTEX_POINT ( 'NONE', #7151 ) ;
#7314 = ORIENTED_EDGE ( 'NONE', *, *, #653, .T. ) ;
#7315 = PLANE ( 'NONE',  #7114 ) ;
#7316 = STYLED_ITEM ( 'NONE', ( #335 ), #1436 ) ;
#7317 = ORIENTED_EDGE ( 'NONE', *, *, #5250, .T. ) ;
#7318 = DIRECTION ( 'NONE',  ( 0.000000000000000000, -1.000000000000000000, 0.000000000000000000 ) ) ;
#7319 = ORIENTED_EDGE ( 'NONE', *, *, #2148, .F. ) ;
#7320 = LINE ( 'NONE', #1373, #7547 ) ;
#7321 = EDGE_LOOP ( 'NONE', ( #5761, #6430, #7820, #7651, #3694, #7673, #7756, #3728 ) ) ;
#7322 = LINE ( 'NONE', #1333, #1916 ) ;
#7323 = VECTOR ( 'NONE', #4325, 39.37007874015748854 ) ;
#7324 = DIRECTION ( 'NONE',  ( 1.000000000000000000, -3.485933346496000332E-14, 0.000000000000000000 ) ) ;
#7325 = EDGE_LOOP ( 'NONE', ( #6693, #7357, #7628, #3394 ) ) ;
#7326 = CARTESIAN_POINT ( 'NONE',  ( -0.1053149606299212532, -0.02480314960629921572, -0.09448818897637795144 ) ) ;
#7327 = ORIENTED_EDGE ( 'NONE', *, *, #6339, .F. ) ;
#7328 = ORIENTED_EDGE ( 'NONE', *, *, #7226, .T. ) ;
#7329 = ORIENTED_EDGE ( 'NONE', *, *, #5023, .T. ) ;
#7330 = EDGE_CURVE ( 'NONE', #3596, #4898, #7949, .T. ) ;
#7331 = DIRECTION ( 'NONE',  ( 0.000000000000000000, 1.000000000000000000, 0.000000000000000000 ) ) ;
#7332 = CIRCLE ( 'NONE', #3992, 0.003937007874015741038 ) ;
#7333 = CARTESIAN_POINT ( 'NONE',  ( 0.06889763779527559306, -0.04724409448818897572, -0.09448818897637795144 ) ) ;
#7334 = VECTOR ( 'NONE', #5690, 39.37007874015748143 ) ;
#7335 = LINE ( 'NONE', #7290, #6946 ) ;
#7336 = CARTESIAN_POINT ( 'NONE',  ( 0.08661417322834646937, -0.01463872515203149677, 0.005882354148551180266 ) ) ;
#7337 = CARTESIAN_POINT ( 'NONE',  ( -0.1200787401574803237, 0.07039296616574802767, -0.1358267716535433156 ) ) ;
#7338 = ORIENTED_EDGE ( 'NONE', *, *, #5472, .T. ) ;
#7339 = DIRECTION ( 'NONE',  ( 1.000000000000000000, 0.000000000000000000, 0.000000000000000000 ) ) ;
#7340 = CARTESIAN_POINT ( 'NONE',  ( 0.08661417322834646937, -0.02480314960629921572, -0.1279527559055118058 ) ) ;
#7341 = DIRECTION ( 'NONE',  ( -1.000000000000000000, 0.000000000000000000, 0.000000000000000000 ) ) ;
#7342 = CARTESIAN_POINT ( 'NONE',  ( -0.07086614173228346358, 0.07874015748031495954, -0.1003937007874015908 ) ) ;
#7343 = ADVANCED_FACE ( 'NONE', ( #5896 ), #2684, .F. ) ;
#7344 = EDGE_CURVE ( 'NONE', #1148, #5258, #1906, .T. ) ;
#7345 = CARTESIAN_POINT ( 'NONE',  ( -0.08661417322838584065, -0.05905511811023622659, -0.1636970161619684949 ) ) ;
#7346 = AXIS2_PLACEMENT_3D ( 'NONE', #8079, #4119, #2044 ) ;
#7347 = ORIENTED_EDGE ( 'NONE', *, *, #2404, .F. ) ;
#7348 = CARTESIAN_POINT ( 'NONE',  ( 0.08661417322834646937, -0.01299212598425196832, 0.002680158189764960449 ) ) ;
#7349 = CARTESIAN_POINT ( 'NONE',  ( 0.1102362204724409434, -0.04724409448818897572, 0.06692913385826770867 ) ) ;
#7350 = DIRECTION ( 'NONE',  ( 0.000000000000000000, 1.000000000000000000, 0.000000000000000000 ) ) ;
#7351 = CARTESIAN_POINT ( 'NONE',  ( 0.1102362204724409434, -0.02644984013992125738, -2.302574283772047088E-05 ) ) ;
#7352 = ORIENTED_EDGE ( 'NONE', *, *, #2300, .T. ) ;
#7353 = DIRECTION ( 'NONE',  ( 0.7660444431190966963, 0.000000000000000000, 0.6427876096863979205 ) ) ;
#7354 = EDGE_CURVE ( 'NONE', #4389, #5477, #7765, .T. ) ;
#7355 = DIRECTION ( 'NONE',  ( 0.000000000000000000, 0.5817406044563159240, -0.8133743720617218065 ) ) ;
#7356 = ORIENTED_EDGE ( 'NONE', *, *, #8403, .T. ) ;
#7357 = ORIENTED_EDGE ( 'NONE', *, *, #4986, .T. ) ;
#7358 = LINE ( 'NONE', #6664, #7394 ) ;
#7359 = ORIENTED_EDGE ( 'NONE', *, *, #5275, .T. ) ;
#7360 = LINE ( 'NONE', #5921, #924 ) ;
#7361 = ORIENTED_EDGE ( 'NONE', *, *, #4821, .F. ) ;
#7362 = CARTESIAN_POINT ( 'NONE',  ( 0.1102362204724409434, -0.02644984013992125738, -0.1383525925402755985 ) ) ;
#7363 = ORIENTED_EDGE ( 'NONE', *, *, #482, .T. ) ;
#7364 = FACE_OUTER_BOUND ( 'NONE', #7622, .T. ) ;
#7365 = CARTESIAN_POINT ( 'NONE',  ( 0.1781496062992126150, -0.01102362204724409434, 0.000000000000000000 ) ) ;
#7366 = VERTEX_POINT ( 'NONE', #7811 ) ;
#7367 = DIRECTION ( 'NONE',  ( 0.000000000000000000, 0.000000000000000000, 1.000000000000000000 ) ) ;
#7368 = ORIENTED_EDGE ( 'NONE', *, *, #8461, .F. ) ;
#7369 = VERTEX_POINT ( 'NONE', #43 ) ;
#7370 = ORIENTED_EDGE ( 'NONE', *, *, #6675, .T. ) ;
#7371 = DIRECTION ( 'NONE',  ( 0.000000000000000000, -0.5817406044563159240, 0.8133743720617218065 ) ) ;
#7372 = VECTOR ( 'NONE', #5889, 39.37007874015748143 ) ;
#7373 = CARTESIAN_POINT ( 'NONE',  ( 0.08661417322834646937, -0.01299212598425590615, 0.000000000000000000 ) ) ;
#7374 = LINE ( 'NONE', #7989, #857 ) ;
#7375 = DIRECTION ( 'NONE',  ( 0.000000000000000000, 1.000000000000000000, 0.000000000000000000 ) ) ;
#7376 = CARTESIAN_POINT ( 'NONE',  ( 0.08267716535433070058, -0.04724409448818897572, -0.09448818897637795144 ) ) ;
#7377 = VERTEX_POINT ( 'NONE', #8455 ) ;
#7378 = LINE ( 'NONE', #6230, #6582 ) ;
#7379 = VECTOR ( 'NONE', #1937, 39.37007874015748143 ) ;
#7380 = DIRECTION ( 'NONE',  ( -8.622732157921999485E-14, -1.000000000000000000, 0.000000000000000000 ) ) ;
#7381 = FACE_OUTER_BOUND ( 'NONE', #2231, .T. ) ;
#7382 = EDGE_CURVE ( 'NONE', #4121, #2617, #6551, .T. ) ;
#7383 = VECTOR ( 'NONE', #5694, 39.37007874015748143 ) ;
#7384 = DIRECTION ( 'NONE',  ( 0.000000000000000000, 1.000000000000000000, 0.000000000000000000 ) ) ;
#7385 = EDGE_CURVE ( 'NONE', #975, #3593, #3241, .T. ) ;
#7386 = ORIENTED_EDGE ( 'NONE', *, *, #8577, .F. ) ;
#7387 = CARTESIAN_POINT ( 'NONE',  ( -0.01181102362205511611, -0.02480314960629921572, -0.009842519685031497767 ) ) ;
#7388 = EDGE_CURVE ( 'NONE', #1872, #3272, #2594, .T. ) ;
#7389 = CARTESIAN_POINT ( 'NONE',  ( 0.01181102362202755829, -0.02480314960629921572, 0.000000000000000000 ) ) ;
#7390 = VECTOR ( 'NONE', #2036, 39.37007874015748143 ) ;
#7391 = ORIENTED_EDGE ( 'NONE', *, *, #4572, .F. ) ;
#7392 = LINE ( 'NONE', #6124, #1516 ) ;
#7393 = AXIS2_PLACEMENT_3D ( 'NONE', #914, #6979, #4239 ) ;
#7394 = VECTOR ( 'NONE', #5208, 39.37007874015748143 ) ;
#7395 = DIRECTION ( 'NONE',  ( 0.000000000000000000, 0.000000000000000000, 1.000000000000000000 ) ) ;
#7396 = ORIENTED_EDGE ( 'NONE', *, *, #2450, .T. ) ;
#7397 = ORIENTED_EDGE ( 'NONE', *, *, #2922, .F. ) ;
#7398 = DIRECTION ( 'NONE',  ( 1.000000000000000000, 0.000000000000000000, 0.000000000000000000 ) ) ;
#7399 = ORIENTED_EDGE ( 'NONE', *, *, #3288, .T. ) ;
#7400 = LINE ( 'NONE', #1930, #4929 ) ;
#7401 = CARTESIAN_POINT ( 'NONE',  ( -0.1240157480314960647, 0.07480314960629921850, -0.002460629921255905531 ) ) ;
#7402 = ORIENTED_EDGE ( 'NONE', *, *, #1816, .F. ) ;
#7403 = CARTESIAN_POINT ( 'NONE',  ( 0.1309055118110236116, 0.07479913851759842358, 0.000000000000000000 ) ) ;
#7404 = AXIS2_PLACEMENT_3D ( 'NONE', #4740, #7398, #3478 ) ;
#7405 = EDGE_CURVE ( 'NONE', #6289, #3224, #3334, .T. ) ;
#7406 = DIRECTION ( 'NONE',  ( 1.000000000000000000, 0.000000000000000000, 0.000000000000000000 ) ) ;
#7407 = EDGE_CURVE ( 'NONE', #1022, #1094, #511, .T. ) ;
#7408 = VECTOR ( 'NONE', #3510, 39.37007874015748854 ) ;
#7409 = VERTEX_POINT ( 'NONE', #5804 ) ;
#7410 = PLANE ( 'NONE',  #5583 ) ;
#7411 = ORIENTED_EDGE ( 'NONE', *, *, #4358, .T. ) ;
#7412 = EDGE_LOOP ( 'NONE', ( #5220, #8356, #8409, #7363 ) ) ;
#7413 = EDGE_LOOP ( 'NONE', ( #7700, #5306, #8341, #8477 ) ) ;
#7414 = FACE_OUTER_BOUND ( 'NONE', #2626, .T. ) ;
#7415 = AXIS2_PLACEMENT_3D ( 'NONE', #6967, #1023, #3655 ) ;
#7416 = EDGE_CURVE ( 'NONE', #1148, #2593, #1951, .T. ) ;
#7417 = PLANE ( 'NONE',  #6114 ) ;
#7418 = CARTESIAN_POINT ( 'NONE',  ( 0.1200787401574803237, 0.07874015748031495954, -0.1318897637795275746 ) ) ;
#7419 = CARTESIAN_POINT ( 'NONE',  ( 0.08661417322834646937, -0.04724409448818897572, -0.2047244094488188948 ) ) ;
#7420 = SURFACE_SIDE_STYLE ('',( #4714 ) ) ;
#7421 = AXIS2_PLACEMENT_3D ( 'NONE', #4827, #4177, #8138 ) ;
#7422 = ORIENTED_EDGE ( 'NONE', *, *, #1775, .F. ) ;
#7423 = CARTESIAN_POINT ( 'NONE',  ( -0.1240157480314960647, 0.07086614173228346358, -0.004921259842511811061 ) ) ;
#7424 = CYLINDRICAL_SURFACE ( 'NONE', #5798, 0.003937007874015741038 ) ;
#7425 = CARTESIAN_POINT ( 'NONE',  ( 0.1427165354330708902, -0.05314960629921260116, -0.03248031496062204343 ) ) ;
#7426 = EDGE_LOOP ( 'NONE', ( #5464, #4343, #21, #3409 ) ) ;
#7427 = CARTESIAN_POINT ( 'NONE',  ( -0.06889763779527559306, -0.02480314960629921572, -0.09448818897637795144 ) ) ;
#7428 = EDGE_CURVE ( 'NONE', #3160, #5971, #2542, .T. ) ;
#7429 = CARTESIAN_POINT ( 'NONE',  ( -0.01181102362206299175, -0.04724409448818897572, -0.1696038517685826696 ) ) ;
#7430 = ORIENTED_EDGE ( 'NONE', *, *, #5352, .T. ) ;
#7431 = CARTESIAN_POINT ( 'NONE',  ( -0.09842519685039370636, -0.02480314960629921572, 0.000000000000000000 ) ) ;
#7432 = ADVANCED_FACE ( 'NONE', ( #8501 ), #1864, .T. ) ;
#7433 = AXIS2_PLACEMENT_3D ( 'NONE', #6965, #5576, #246 ) ;
#7434 = CARTESIAN_POINT ( 'NONE',  ( -0.1785333490359448938, 0.02243874459450393571, 0.000000000000000000 ) ) ;
#7435 = EDGE_LOOP ( 'NONE', ( #1383, #3218, #3178, #4043, #1995, #4146, #7749, #2140, #2897, #4620 ) ) ;
#7436 = VERTEX_POINT ( 'NONE', #7854 ) ;
#7437 = CARTESIAN_POINT ( 'NONE',  ( 0.05757874015748031676, -0.02480314960629921572, -0.05265748031496062659 ) ) ;
#7438 = ORIENTED_EDGE ( 'NONE', *, *, #3679, .T. ) ;
#7439 = FACE_OUTER_BOUND ( 'NONE', #545, .T. ) ;
#7440 = CARTESIAN_POINT ( 'NONE',  ( 0.09101189478972442071, 0.06988188976377952832, 0.000000000000000000 ) ) ;
#7441 = ADVANCED_FACE ( 'NONE', ( #7200 ), #7246, .T. ) ;
#7442 = ORIENTED_EDGE ( 'NONE', *, *, #4362, .F. ) ;
#7443 = CARTESIAN_POINT ( 'NONE',  ( -0.01196906239000393619, 0.03956692913385827237, -0.01570726157541732157 ) ) ;
#7444 = VECTOR ( 'NONE', #2062, 39.37007874015748143 ) ;
#7445 = EDGE_CURVE ( 'NONE', #5101, #8543, #3986, .T. ) ;
#7446 = EDGE_CURVE ( 'NONE', #673, #7771, #8190, .T. ) ;
#7447 = CARTESIAN_POINT ( 'NONE',  ( -0.1696850393700787274, -0.02480314960629921572, -0.1377952755905511861 ) ) ;
#7448 = VECTOR ( 'NONE', #6892, 39.37007874015748143 ) ;
#7449 = ORIENTED_EDGE ( 'NONE', *, *, #1249, .T. ) ;
#7450 = DIRECTION ( 'NONE',  ( -1.000000000000000000, 0.000000000000000000, 0.000000000000000000 ) ) ;
#7451 = ORIENTED_EDGE ( 'NONE', *, *, #6249, .F. ) ;
#7452 = ORIENTED_EDGE ( 'NONE', *, *, #7226, .F. ) ;
#7453 = ORIENTED_EDGE ( 'NONE', *, *, #6154, .F. ) ;
#7454 = EDGE_CURVE ( 'NONE', #7771, #4264, #895, .T. ) ;
#7455 = DIRECTION ( 'NONE',  ( 1.000000000000000000, 0.000000000000000000, 0.000000000000000000 ) ) ;
#7456 = AXIS2_PLACEMENT_3D ( 'NONE', #7721, #3190, #3284 ) ;
#7457 = ADVANCED_FACE ( 'NONE', ( #7538 ), #4187, .T. ) ;
#7458 = CARTESIAN_POINT ( 'NONE',  ( 0.1643700787401574936, 0.05892761925992126559, -0.1023622047244094474 ) ) ;
#7459 = DIRECTION ( 'NONE',  ( 1.000000000000000000, 0.000000000000000000, 0.000000000000000000 ) ) ;
#7460 = CARTESIAN_POINT ( 'NONE',  ( -0.1505905511811023723, 0.07874015748031495954, -0.1033464566929133965 ) ) ;
#7461 = AXIS2_PLACEMENT_3D ( 'NONE', #4243, #2463, #2941 ) ;
#7462 = PLANE ( 'NONE',  #1903 ) ;
#7463 = VERTEX_POINT ( 'NONE', #4230 ) ;
#7464 = CARTESIAN_POINT ( 'NONE',  ( 0.1702769989558661490, 0.03040796100501966942, -0.03937007874015747977 ) ) ;
#7465 = DIRECTION ( 'NONE',  ( 0.000000000000000000, 0.000000000000000000, 1.000000000000000000 ) ) ;
#7466 = EDGE_CURVE ( 'NONE', #7722, #2225, #2323, .T. ) ;
#7467 = AXIS2_PLACEMENT_3D ( 'NONE', #1308, #7110, #5805 ) ;
#7468 = DIRECTION ( 'NONE',  ( 0.000000000000000000, -1.000000000000000000, 1.875060376459000053E-14 ) ) ;
#7469 = LINE ( 'NONE', #4809, #6700 ) ;
#7470 = ORIENTED_EDGE ( 'NONE', *, *, #5355, .F. ) ;
#7471 = CARTESIAN_POINT ( 'NONE',  ( -0.1651356080489763956, 0.07874015748031495954, -0.1377952755905511861 ) ) ;
#7472 = FILL_AREA_STYLE ('',( #4813 ) ) ;
#7473 = VECTOR ( 'NONE', #8140, 39.37007874015748143 ) ;
#7474 = CARTESIAN_POINT ( 'NONE',  ( -0.1102362204724409434, -0.04724409448818897572, 0.06692913385826770867 ) ) ;
#7475 = ORIENTED_EDGE ( 'NONE', *, *, #7982, .F. ) ;
#7476 = DIRECTION ( 'NONE',  ( -1.000000000000000000, 0.000000000000000000, 0.000000000000000000 ) ) ;
#7477 = VECTOR ( 'NONE', #130, 39.37007874015748143 ) ;
#7478 = ADVANCED_FACE ( 'NONE', ( #4882 ), #6886, .T. ) ;
#7479 = DIRECTION ( 'NONE',  ( 1.000000000000000000, 0.000000000000000000, 0.000000000000000000 ) ) ;
#7480 = ORIENTED_EDGE ( 'NONE', *, *, #3653, .F. ) ;
#7481 = ORIENTED_EDGE ( 'NONE', *, *, #8303, .T. ) ;
#7482 = DIRECTION ( 'NONE',  ( 1.000000000000000000, 0.000000000000000000, 0.000000000000000000 ) ) ;
#7483 = ORIENTED_EDGE ( 'NONE', *, *, #3623, .F. ) ;
#7484 = DIRECTION ( 'NONE',  ( 1.000000000000000000, 0.000000000000000000, 0.000000000000000000 ) ) ;
#7485 = CARTESIAN_POINT ( 'NONE',  ( -0.1240157480314960647, 0.07874015748031495954, -0.1358267716535433156 ) ) ;
#7486 = ORIENTED_EDGE ( 'NONE', *, *, #2391, .T. ) ;
#7487 = DIRECTION ( 'NONE',  ( 0.000000000000000000, 1.000000000000000000, 0.000000000000000000 ) ) ;
#7488 = VECTOR ( 'NONE', #871, 39.37007874015748143 ) ;
#7489 = DIRECTION ( 'NONE',  ( -0.000000000000000000, 1.000000000000000000, 0.000000000000000000 ) ) ;
#7490 = EDGE_LOOP ( 'NONE', ( #7785, #4500, #4615, #14 ) ) ;
#7491 = DIRECTION ( 'NONE',  ( 0.000000000000000000, -1.000000000000000000, 0.000000000000000000 ) ) ;
#7492 = ADVANCED_FACE ( 'NONE', ( #6687 ), #368, .F. ) ;
#7493 = EDGE_LOOP ( 'NONE', ( #716, #2548, #7797, #1222 ) ) ;
#7494 = LINE ( 'NONE', #942, #3673 ) ;
#7495 = ORIENTED_EDGE ( 'NONE', *, *, #7466, .F. ) ;
#7496 = FACE_OUTER_BOUND ( 'NONE', #6750, .T. ) ;
#7497 = FACE_OUTER_BOUND ( 'NONE', #5916, .T. ) ;
#7498 = PLANE ( 'NONE',  #4593 ) ;
#7499 = FACE_OUTER_BOUND ( 'NONE', #7846, .T. ) ;
#7500 = ORIENTED_EDGE ( 'NONE', *, *, #5726, .F. ) ;
#7501 = DIRECTION ( 'NONE',  ( 0.000000000000000000, 1.000000000000000000, 0.000000000000000000 ) ) ;
#7502 = DIRECTION ( 'NONE',  ( 0.000000000000000000, 1.000000000000000000, 0.000000000000000000 ) ) ;
#7503 = EDGE_CURVE ( 'NONE', #5240, #3791, #2039, .T. ) ;
#7504 = DIRECTION ( 'NONE',  ( 7.505107646465998638E-13, 0.000000000000000000, 1.000000000000000000 ) ) ;
#7505 = VECTOR ( 'NONE', #3787, 39.37007874015748143 ) ;
#7506 = CARTESIAN_POINT ( 'NONE',  ( 0.04625984251968504046, -0.03602362204724409572, -0.05265748031496062659 ) ) ;
#7507 = FACE_OUTER_BOUND ( 'NONE', #5881, .T. ) ;
#7508 = VECTOR ( 'NONE', #8458, 39.37007874015748143 ) ;
#7509 = EDGE_CURVE ( 'NONE', #3084, #7005, #3379, .T. ) ;
#7510 = EDGE_CURVE ( 'NONE', #7620, #1196, #6192, .T. ) ;
#7511 = ORIENTED_EDGE ( 'NONE', *, *, #8006, .F. ) ;
#7512 = CARTESIAN_POINT ( 'NONE',  ( 0.08661417322834646937, -0.01299212598425196832, -0.1410558316531889678 ) ) ;
#7513 = DIRECTION ( 'NONE',  ( 0.000000000000000000, 0.000000000000000000, 1.000000000000000000 ) ) ;
#7514 = DIRECTION ( 'NONE',  ( 0.000000000000000000, 1.000000000000000000, 0.000000000000000000 ) ) ;
#7515 = ORIENTED_EDGE ( 'NONE', *, *, #7167, .F. ) ;
#7516 = DIRECTION ( 'NONE',  ( 0.000000000000000000, -1.000000000000000000, 0.000000000000000000 ) ) ;
#7517 = VECTOR ( 'NONE', #5471, 39.37007874015748143 ) ;
#7518 = ADVANCED_FACE ( 'NONE', ( #2277 ), #7623, .T. ) ;
#7519 = DIRECTION ( 'NONE',  ( -0.000000000000000000, 1.000000000000000000, 0.000000000000000000 ) ) ;
#7520 = VECTOR ( 'NONE', #4801, 39.37007874015748143 ) ;
#7521 = ORIENTED_EDGE ( 'NONE', *, *, #7510, .F. ) ;
#7522 = ORIENTED_EDGE ( 'NONE', *, *, #6397, .T. ) ;
#7523 = CIRCLE ( 'NONE', #3763, 0.003937007874015749712 ) ;
#7524 = CARTESIAN_POINT ( 'NONE',  ( -0.1240157480314960647, 0.07874015748031495954, 0.000000000000000000 ) ) ;
#7525 = EDGE_LOOP ( 'NONE', ( #1975, #343, #6927, #7702 ) ) ;
#7526 = FACE_OUTER_BOUND ( 'NONE', #7140, .T. ) ;
#7527 = DIRECTION ( 'NONE',  ( 1.000000000000000000, 0.000000000000000000, 0.000000000000000000 ) ) ;
#7528 = VERTEX_POINT ( 'NONE', #2882 ) ;
#7529 = LINE ( 'NONE', #6183, #3152 ) ;
#7530 = VECTOR ( 'NONE', #2793, 39.37007874015748143 ) ;
#7531 = CARTESIAN_POINT ( 'NONE',  ( 0.1549212598425196985, -0.02480314960629921572, -0.1279527559055118058 ) ) ;
#7532 = ORIENTED_EDGE ( 'NONE', *, *, #7598, .F. ) ;
#7533 = LINE ( 'NONE', #6187, #3907 ) ;
#7534 = EDGE_LOOP ( 'NONE', ( #977, #6505, #1493, #4764 ) ) ;
#7535 = PLANE ( 'NONE',  #7298 ) ;
#7536 = EDGE_LOOP ( 'NONE', ( #1588, #4219, #4751, #1275 ) ) ;
#7537 = AXIS2_PLACEMENT_3D ( 'NONE', #6089, #2907, #8216 ) ;
#7538 = FACE_OUTER_BOUND ( 'NONE', #3636, .T. ) ;
#7539 = ADVANCED_FACE ( 'NONE', ( #2239 ), #7582, .F. ) ;
#7540 = ADVANCED_FACE ( 'NONE', ( #1679 ), #3575, .F. ) ;
#7541 = COLOUR_RGB ( '',0.7921568627450980005, 0.8196078431372548767, 0.9333333333333333481 ) ;
#7542 = DIRECTION ( 'NONE',  ( 0.000000000000000000, 1.000000000000000000, 0.000000000000000000 ) ) ;
#7543 = DIRECTION ( 'NONE',  ( 0.000000000000000000, 0.000000000000000000, -1.000000000000000000 ) ) ;
#7544 = FILL_AREA_STYLE ('',( #376 ) ) ;
#7545 = ORIENTED_EDGE ( 'NONE', *, *, #1069, .T. ) ;
#7546 = LINE ( 'NONE', #5629, #3972 ) ;
#7547 = VECTOR ( 'NONE', #674, 39.37007874015748143 ) ;
#7548 = CARTESIAN_POINT ( 'NONE',  ( 0.000000000000000000, 0.07480314960629921850, -0.1318897637795275746 ) ) ;
#7549 = EDGE_CURVE ( 'NONE', #5359, #8081, #7378, .T. ) ;
#7550 = FACE_OUTER_BOUND ( 'NONE', #2182, .T. ) ;
#7551 = ADVANCED_FACE ( 'NONE', ( #6928 ), #2921, .F. ) ;
#7552 = CARTESIAN_POINT ( 'NONE',  ( 0.1745966000192913370, 0.02248389079882283370, -0.01574803149606692973 ) ) ;
#7553 = VECTOR ( 'NONE', #7211, 39.37007874015748143 ) ;
#7554 = ORIENTED_EDGE ( 'NONE', *, *, #6034, .T. ) ;
#7555 = CARTESIAN_POINT ( 'NONE',  ( 0.1102362204724409434, -0.02480314960629921572, -0.003225287050151574592 ) ) ;
#7556 = CARTESIAN_POINT ( 'NONE',  ( 0.1496062992125984370, 0.07086614173228346358, -0.03543307086614566614 ) ) ;
#7557 = CARTESIAN_POINT ( 'NONE',  ( 0.09153542054980315368, 0.07086608800586613466, -5.484111974169291224E-05 ) ) ;
#7558 = ORIENTED_EDGE ( 'NONE', *, *, #7694, .T. ) ;
#7559 = LINE ( 'NONE', #838, #6363 ) ;
#7560 = VECTOR ( 'NONE', #138, 39.37007874015748143 ) ;
#7561 = ADVANCED_FACE ( 'NONE', ( #8272 ), #4308, .T. ) ;
#7562 = FACE_OUTER_BOUND ( 'NONE', #4525, .T. ) ;
#7563 = VERTEX_POINT ( 'NONE', #6315 ) ;
#7564 = VERTEX_POINT ( 'NONE', #3003 ) ;
#7565 = DIRECTION ( 'NONE',  ( 0.000000000000000000, 0.000000000000000000, 1.000000000000000000 ) ) ;
#7566 = ORIENTED_EDGE ( 'NONE', *, *, #3557, .T. ) ;
#7567 = CARTESIAN_POINT ( 'NONE',  ( -0.07283464566929134798, 0.07086614173228346358, -0.03740157480314960925 ) ) ;
#7568 = LINE ( 'NONE', #7485, #4217 ) ;
#7569 = ORIENTED_EDGE ( 'NONE', *, *, #8385, .F. ) ;
#7570 = CARTESIAN_POINT ( 'NONE',  ( -0.01790248034242913205, 0.03956692913385827237, -0.008636089414251969104 ) ) ;
#7571 = EDGE_CURVE ( 'NONE', #852, #1157, #1035, .T. ) ;
#7572 = EDGE_CURVE ( 'NONE', #3477, #2991, #5702, .T. ) ;
#7573 = ADVANCED_FACE ( 'NONE', ( #5124 ), #7048, .T. ) ;
#7574 = ORIENTED_EDGE ( 'NONE', *, *, #618, .T. ) ;
#7575 = DIRECTION ( 'NONE',  ( 0.000000000000000000, 0.000000000000000000, 1.000000000000000000 ) ) ;
#7576 = ORIENTED_EDGE ( 'NONE', *, *, #69, .T. ) ;
#7577 = DIRECTION ( 'NONE',  ( -1.000000000000000000, 0.000000000000000000, 0.000000000000000000 ) ) ;
#7578 = VECTOR ( 'NONE', #7003, 39.37007874015748143 ) ;
#7579 = ORIENTED_EDGE ( 'NONE', *, *, #7862, .T. ) ;
#7580 = DIRECTION ( 'NONE',  ( 1.000000000000000000, 1.165779703457000214E-14, 0.000000000000000000 ) ) ;
#7581 = ORIENTED_EDGE ( 'NONE', *, *, #3990, .F. ) ;
#7582 = PLANE ( 'NONE',  #2547 ) ;
#7583 = AXIS2_PLACEMENT_3D ( 'NONE', #7717, #293, #1605 ) ;
#7584 = CARTESIAN_POINT ( 'NONE',  ( 0.09136149361405512814, 0.07053914964066929083, -2.238129008888582616E-05 ) ) ;
#7585 = EDGE_CURVE ( 'NONE', #3026, #1511, #6487, .T. ) ;
#7586 = CARTESIAN_POINT ( 'NONE',  ( -0.08661417322838584065, -0.01299212598425196832, 0.002680158189764960449 ) ) ;
#7587 =( CONVERSION_BASED_UNIT ( 'INCH', #908 ) LENGTH_UNIT ( ) NAMED_UNIT ( #2214 ) );
#7588 = VERTEX_POINT ( 'NONE', #5002 ) ;
#7589 = CARTESIAN_POINT ( 'NONE',  ( 0.01181102362202755829, -0.02644984013992125738, -0.1383525925402755985 ) ) ;
#7590 = VECTOR ( 'NONE', #2162, 39.37007874015748143 ) ;
#7591 = DIRECTION ( 'NONE',  ( -1.000000000000000000, 0.000000000000000000, 0.000000000000000000 ) ) ;
#7592 = PLANE ( 'NONE',  #6924 ) ;
#7593 = DIRECTION ( 'NONE',  ( 0.000000000000000000, -1.000000000000000000, 0.000000000000000000 ) ) ;
#7594 = EDGE_LOOP ( 'NONE', ( #6770, #7481, #1693, #3410, #4561 ) ) ;
#7595 = PLANE ( 'NONE',  #2687 ) ;
#7596 = CARTESIAN_POINT ( 'NONE',  ( -0.1505905511811023723, 0.07874015748031495954, -0.1377952755905511861 ) ) ;
#7597 = EDGE_CURVE ( 'NONE', #4384, #3779, #5461, .T. ) ;
#7598 = EDGE_CURVE ( 'NONE', #6623, #4141, #5663, .T. ) ;
#7599 = DIRECTION ( 'NONE',  ( 1.000000000000000000, 0.000000000000000000, 0.000000000000000000 ) ) ;
#7600 = ORIENTED_EDGE ( 'NONE', *, *, #3841, .T. ) ;
#7601 = LINE ( 'NONE', #6945, #5387 ) ;
#7602 = AXIS2_PLACEMENT_3D ( 'NONE', #8436, #5704, #3741 ) ;
#7603 = VECTOR ( 'NONE', #7914, 39.37007874015748143 ) ;
#7604 = CARTESIAN_POINT ( 'NONE',  ( 0.01073431161089763788, 0.07086614173228346358, -0.03937007874015747977 ) ) ;
#7605 = ORIENTED_EDGE ( 'NONE', *, *, #861, .F. ) ;
#7606 = FACE_OUTER_BOUND ( 'NONE', #1628, .T. ) ;
#7607 = VERTEX_POINT ( 'NONE', #1236 ) ;
#7608 = DIRECTION ( 'NONE',  ( -1.000000000000000000, 0.000000000000000000, 0.000000000000000000 ) ) ;
#7609 = CARTESIAN_POINT ( 'NONE',  ( -0.1781496062992126150, 0.02775590551181102497, -0.01771653543307480372 ) ) ;
#7610 = ORIENTED_EDGE ( 'NONE', *, *, #8351, .T. ) ;
#7611 = CARTESIAN_POINT ( 'NONE',  ( 0.01181102362202755829, -0.02644984013992125738, -0.1383525925402755985 ) ) ;
#7612 = AXIS2_PLACEMENT_3D ( 'NONE', #2375, #7115, #3676 ) ;
#7613 = LINE ( 'NONE', #4340, #3211 ) ;
#7614 = DIRECTION ( 'NONE',  ( 1.000000000000000000, 0.000000000000000000, 0.000000000000000000 ) ) ;
#7615 = VERTEX_POINT ( 'NONE', #8315 ) ;
#7616 = ADVANCED_FACE ( 'NONE', ( #4476 ), #8355, .F. ) ;
#7617 = ORIENTED_EDGE ( 'NONE', *, *, #342, .T. ) ;
#7618 = CARTESIAN_POINT ( 'NONE',  ( 0.1102362204724015721, -0.02480314960629921572, -0.1279527559055118058 ) ) ;
#7619 = VECTOR ( 'NONE', #1217, 39.37007874015748143 ) ;
#7620 = VERTEX_POINT ( 'NONE', #3173 ) ;
#7621 = CARTESIAN_POINT ( 'NONE',  ( 0.08661417322834646937, -0.04559749532039369946, -0.1664016558098031506 ) ) ;
#7622 = EDGE_LOOP ( 'NONE', ( #6621, #4105, #6849, #6877 ) ) ;
#7623 = CYLINDRICAL_SURFACE ( 'NONE', #1730, 0.003937007874015747977 ) ;
#7624 = ORIENTED_EDGE ( 'NONE', *, *, #4777, .F. ) ;
#7625 = DIRECTION ( 'NONE',  ( 0.000000000000000000, 0.000000000000000000, 1.000000000000000000 ) ) ;
#7626 = DIRECTION ( 'NONE',  ( 1.000000000000000000, 0.000000000000000000, 0.000000000000000000 ) ) ;
#7627 =( LENGTH_UNIT ( ) NAMED_UNIT ( * ) SI_UNIT ( $, .METRE. ) );
#7628 = ORIENTED_EDGE ( 'NONE', *, *, #4106, .T. ) ;
#7629 = CARTESIAN_POINT ( 'NONE',  ( -0.008358718973837761523, 0.05197147406691046689, -0.007760107399846895640 ) ) ;
#7630 = CYLINDRICAL_SURFACE ( 'NONE', #4150, 0.003937007874015749712 ) ;
#7631 = DIRECTION ( 'NONE',  ( -1.000000000000000000, 0.000000000000000000, 0.000000000000000000 ) ) ;
#7632 = EDGE_CURVE ( 'NONE', #3325, #7983, #3827, .T. ) ;
#7633 = ORIENTED_EDGE ( 'NONE', *, *, #5079, .T. ) ;
#7634 = CARTESIAN_POINT ( 'NONE',  ( 0.08661417322834646937, -0.02480314960629921572, -0.06200787401574803237 ) ) ;
#7635 = VECTOR ( 'NONE', #1900, 39.37007874015748143 ) ;
#7636 = PLANE ( 'NONE',  #4670 ) ;
#7637 = CARTESIAN_POINT ( 'NONE',  ( -0.08661417322838584065, -0.02480314960629921572, -0.009842519685031497767 ) ) ;
#7638 = ORIENTED_EDGE ( 'NONE', *, *, #3668, .F. ) ;
#7639 = PLANE ( 'NONE',  #7612 ) ;
#7640 = ADVANCED_FACE ( 'NONE', ( #3130 ), #4349, .F. ) ;
#7641 = VECTOR ( 'NONE', #4026, 39.37007874015748143 ) ;
#7642 = VECTOR ( 'NONE', #1194, 39.37007874015748143 ) ;
#7643 = ADVANCED_FACE ( 'NONE', ( #5825 ), #3739, .F. ) ;
#7644 = EDGE_CURVE ( 'NONE', #1157, #3434, #6402, .T. ) ;
#7645 = EDGE_CURVE ( 'NONE', #2732, #7173, #3697, .T. ) ;
#7646 = ORIENTED_EDGE ( 'NONE', *, *, #7509, .F. ) ;
#7647 = CARTESIAN_POINT ( 'NONE',  ( -0.01126339095128798574, 0.05236220472440948626, -0.01511513293134393414 ) ) ;
#7648 = DIRECTION ( 'NONE',  ( 2.816794416763000070E-14, 0.000000000000000000, 1.000000000000000000 ) ) ;
#7649 = DIRECTION ( 'NONE',  ( -1.000000000000000000, 0.000000000000000000, 0.000000000000000000 ) ) ;
#7650 = VECTOR ( 'NONE', #4509, 39.37007874015748143 ) ;
#7651 = ORIENTED_EDGE ( 'NONE', *, *, #3322, .T. ) ;
#7652 = PLANE ( 'NONE',  #6081 ) ;
#7653 = VECTOR ( 'NONE', #1895, 39.37007874015748143 ) ;
#7654 = CARTESIAN_POINT ( 'NONE',  ( 0.1651356080489763956, 0.07874015748031495954, 0.000000000000000000 ) ) ;
#7655 = LINE ( 'NONE', #2393, #3620 ) ;
#7656 = EDGE_LOOP ( 'NONE', ( #7515, #755, #6786, #2215, #4811, #928, #155, #956, #475, #6101, #7221, #1136, #7136, #7067, #6439, #2317, #247, #3651, #3538, #3106 ) ) ;
#7657 = ORIENTED_EDGE ( 'NONE', *, *, #2237, .F. ) ;
#7658 = CARTESIAN_POINT ( 'NONE',  ( 0.06889763779527559306, -0.04724409448818897572, -0.07578740157480315376 ) ) ;
#7659 = ORIENTED_EDGE ( 'NONE', *, *, #788, .F. ) ;
#7660 = ORIENTED_EDGE ( 'NONE', *, *, #5035, .T. ) ;
#7661 = ORIENTED_EDGE ( 'NONE', *, *, #4287, .F. ) ;
#7662 = DIRECTION ( 'NONE',  ( -1.000000000000000000, 0.000000000000000000, 0.000000000000000000 ) ) ;
#7663 = ORIENTED_EDGE ( 'NONE', *, *, #1417, .F. ) ;
#7664 = CARTESIAN_POINT ( 'NONE',  ( 0.1786236414445669385, 0.03031224262785433415, -0.03149606299212992511 ) ) ;
#7665 = VECTOR ( 'NONE', #5972, 39.37007874015748143 ) ;
#7666 = CIRCLE ( 'NONE', #6411, 0.009842519685039375146 ) ;
#7667 = ADVANCED_FACE ( 'NONE', ( #7006 ), #5172, .F. ) ;
#7668 = EDGE_CURVE ( 'NONE', #4729, #6018, #8240, .T. ) ;
#7669 = EDGE_CURVE ( 'NONE', #7985, #4948, #3783, .T. ) ;
#7670 = CARTESIAN_POINT ( 'NONE',  ( 0.1210629921259842590, 0.02677165354331102406, 0.000000000000000000 ) ) ;
#7671 = VECTOR ( 'NONE', #5155, 39.37007874015748143 ) ;
#7672 = CARTESIAN_POINT ( 'NONE',  ( -0.1102362204724409434, -0.01299212598425196832, -0.1377952755905511861 ) ) ;
#7673 = ORIENTED_EDGE ( 'NONE', *, *, #4632, .T. ) ;
#7674 = DIRECTION ( 'NONE',  ( -3.679096245476999787E-14, 0.000000000000000000, -1.000000000000000000 ) ) ;
#7675 = EDGE_CURVE ( 'NONE', #414, #3517, #2823, .T. ) ;
#7676 = VECTOR ( 'NONE', #2978, 39.37007874015748143 ) ;
#7677 = CARTESIAN_POINT ( 'NONE',  ( -0.04625984251968504046, -0.04724409448818897572, -0.07578740157480315376 ) ) ;
#7678 = CARTESIAN_POINT ( 'NONE',  ( -0.08661417322838584065, -0.01463872515203149677, 0.005882354148551180266 ) ) ;
#7679 = AXIS2_PLACEMENT_3D ( 'NONE', #8434, #2529, #2485 ) ;
#7680 = ORIENTED_EDGE ( 'NONE', *, *, #2587, .F. ) ;
#7681 = SURFACE_SIDE_STYLE ('',( #5718 ) ) ;
#7682 = DIRECTION ( 'NONE',  ( 1.000000000000000000, 0.000000000000000000, 0.000000000000000000 ) ) ;
#7683 = DIRECTION ( 'NONE',  ( 0.000000000000000000, 0.000000000000000000, -1.000000000000000000 ) ) ;
#7684 = ORIENTED_EDGE ( 'NONE', *, *, #2086, .F. ) ;
#7685 = CARTESIAN_POINT ( 'NONE',  ( -0.02460629921259842659, 0.01968503937007873988, 0.000000000000000000 ) ) ;
#7686 = EDGE_CURVE ( 'NONE', #6584, #6294, #6528, .T. ) ;
#7687 = ORIENTED_EDGE ( 'NONE', *, *, #5082, .F. ) ;
#7688 = CARTESIAN_POINT ( 'NONE',  ( 0.07086614173228346358, 0.07874015748031495954, -0.03543307086614173179 ) ) ;
#7689 = CARTESIAN_POINT ( 'NONE',  ( 0.1706598510025984228, 0.02252903700314173169, -0.1377952755905511861 ) ) ;
#7690 = AXIS2_PLACEMENT_3D ( 'NONE', #6872, #4870, #6915 ) ;
#7691 = DIRECTION ( 'NONE',  ( 0.000000000000000000, 1.000000000000000000, 0.000000000000000000 ) ) ;
#7692 = VERTEX_POINT ( 'NONE', #4093 ) ;
#7693 = DIRECTION ( 'NONE',  ( 1.000000000000000000, 0.000000000000000000, 0.000000000000000000 ) ) ;
#7694 = EDGE_CURVE ( 'NONE', #1494, #1500, #7320, .T. ) ;
#7695 = AXIS2_PLACEMENT_3D ( 'NONE', #4675, #3943, #1868 ) ;
#7696 = CARTESIAN_POINT ( 'NONE',  ( 0.1781496062992126150, 0.02362204724409055004, -0.03543307086614566614 ) ) ;
#7697 = CARTESIAN_POINT ( 'NONE',  ( 0.1702761082658661718, -0.01093332963860236401, 0.000000000000000000 ) ) ;
#7698 = EDGE_CURVE ( 'NONE', #277, #4055, #4607, .T. ) ;
#7699 = VERTEX_POINT ( 'NONE', #106 ) ;
#7700 = ORIENTED_EDGE ( 'NONE', *, *, #4244, .F. ) ;
#7701 = LINE ( 'NONE', #1059, #4888 ) ;
#7702 = ORIENTED_EDGE ( 'NONE', *, *, #4666, .T. ) ;
#7703 = PLANE ( 'NONE',  #635 ) ;
#7704 = ORIENTED_EDGE ( 'NONE', *, *, #1657, .F. ) ;
#7705 = CARTESIAN_POINT ( 'NONE',  ( 0.1505905511811023723, 0.07874015748031495954, -0.03444881889764173089 ) ) ;
#7706 = ORIENTED_EDGE ( 'NONE', *, *, #6642, .F. ) ;
#7707 = LINE ( 'NONE', #7137, #8419 ) ;
#7708 = EDGE_CURVE ( 'NONE', #3272, #1176, #578, .T. ) ;
#7709 = CLOSED_SHELL ( 'NONE', ( #7343, #7062, #281, #1759, #7573, #7478 ) ) ;
#7710 = EDGE_CURVE ( 'NONE', #2705, #198, #4562, .T. ) ;
#7711 = DIRECTION ( 'NONE',  ( -1.000000000000000000, 0.000000000000000000, 0.000000000000000000 ) ) ;
#7712 = VECTOR ( 'NONE', #1622, 39.37007874015748854 ) ;
#7713 = LINE ( 'NONE', #1109, #8344 ) ;
#7714 = ADVANCED_FACE ( 'NONE', ( #6622 ), #2100, .F. ) ;
#7715 = VERTEX_POINT ( 'NONE', #6578 ) ;
#7716 = ORIENTED_EDGE ( 'NONE', *, *, #1909, .F. ) ;
#7717 = CARTESIAN_POINT ( 'NONE',  ( 0.1787245914263385915, 0.03911508103945275650, -0.09842519685039370636 ) ) ;
#7718 = CARTESIAN_POINT ( 'NONE',  ( -0.09842519685039370636, -0.01299212598425196832, -0.06889763779527559306 ) ) ;
#7719 = LINE ( 'NONE', #2415, #1703 ) ;
#7720 = VECTOR ( 'NONE', #255, 39.37007874015748143 ) ;
#7721 = CARTESIAN_POINT ( 'NONE',  ( 0.09153543307086613179, 0.06988188976377952832, -0.008858267716535432948 ) ) ;
#7722 = VERTEX_POINT ( 'NONE', #7362 ) ;
#7723 = ORIENTED_EDGE ( 'NONE', *, *, #241, .F. ) ;
#7724 = EDGE_CURVE ( 'NONE', #4511, #3788, #8015, .T. ) ;
#7725 = FACE_OUTER_BOUND ( 'NONE', #202, .T. ) ;
#7726 = DIRECTION ( 'NONE',  ( 0.000000000000000000, 1.000000000000000000, 0.000000000000000000 ) ) ;
#7727 = PLANE ( 'NONE',  #2699 ) ;
#7728 = ORIENTED_EDGE ( 'NONE', *, *, #1247, .F. ) ;
#7729 = LINE ( 'NONE', #4412, #2209 ) ;
#7730 = VECTOR ( 'NONE', #2857, 39.37007874015748143 ) ;
#7731 = DIRECTION ( 'NONE',  ( 0.000000000000000000, 0.000000000000000000, 1.000000000000000000 ) ) ;
#7732 = ORIENTED_EDGE ( 'NONE', *, *, #1882, .T. ) ;
#7733 = CARTESIAN_POINT ( 'NONE',  ( 0.1708174433990944929, 0.03627109397762598442, -0.03674540682418110660 ) ) ;
#7734 = VECTOR ( 'NONE', #3500, 39.37007874015748143 ) ;
#7735 = DIRECTION ( 'NONE',  ( -0.000000000000000000, 1.000000000000000000, 0.000000000000000000 ) ) ;
#7736 = CARTESIAN_POINT ( 'NONE',  ( -0.1427165354330708902, -0.05905511811023622659, -0.02165354330707086952 ) ) ;
#7737 = EDGE_LOOP ( 'NONE', ( #1585, #5783, #6698, #3365 ) ) ;
#7738 = DIRECTION ( 'NONE',  ( 0.000000000000000000, 0.000000000000000000, -1.000000000000000000 ) ) ;
#7739 = VECTOR ( 'NONE', #1589, 39.37007874015748143 ) ;
#7740 = CARTESIAN_POINT ( 'NONE',  ( 0.01265063676716141755, 0.07086614173228346358, -0.01312335958144488467 ) ) ;
#7741 = CARTESIAN_POINT ( 'NONE',  ( -0.01559337880852755889, 0.05105288245015748155, -0.01138796946294488334 ) ) ;
#7742 = ORIENTED_EDGE ( 'NONE', *, *, #6636, .F. ) ;
#7743 = ORIENTED_EDGE ( 'NONE', *, *, #2004, .F. ) ;
#7744 = DIRECTION ( 'NONE',  ( -0.01146713589728045636, -0.9999342502356407536, 0.000000000000000000 ) ) ;
#7745 = ORIENTED_EDGE ( 'NONE', *, *, #3141, .T. ) ;
#7746 = DIRECTION ( 'NONE',  ( 0.000000000000000000, 0.000000000000000000, 1.000000000000000000 ) ) ;
#7747 = ORIENTED_EDGE ( 'NONE', *, *, #964, .F. ) ;
#7748 = CARTESIAN_POINT ( 'NONE',  ( -0.08661417322838584065, -0.01692913385826771630, 0.002680158189764960449 ) ) ;
#7749 = ORIENTED_EDGE ( 'NONE', *, *, #5724, .F. ) ;
#7750 = CARTESIAN_POINT ( 'NONE',  ( -0.01181102362205905393, -0.05905511811023622659, -0.2047244094488188948 ) ) ;
#7751 = CARTESIAN_POINT ( 'NONE',  ( -0.1739173228346456990, 0.02362204724409055004, -0.1200787401574803237 ) ) ;
#7752 = VECTOR ( 'NONE', #6602, 39.37007874015748143 ) ;
#7753 = EDGE_CURVE ( 'NONE', #2238, #5317, #5213, .T. ) ;
#7754 = ADVANCED_FACE ( 'NONE', ( #5395 ), #2706, .F. ) ;
#7755 = CARTESIAN_POINT ( 'NONE',  ( -0.08661417322838584065, -0.04330708661417323468, -0.1696038517685826696 ) ) ;
#7756 = ORIENTED_EDGE ( 'NONE', *, *, #7916, .F. ) ;
#7757 = ORIENTED_EDGE ( 'NONE', *, *, #2185, .T. ) ;
#7758 = FACE_OUTER_BOUND ( 'NONE', #3713, .T. ) ;
#7759 = AXIS2_PLACEMENT_3D ( 'NONE', #1915, #1263, #2048 ) ;
#7760 = DIRECTION ( 'NONE',  ( 0.000000000000000000, -1.000000000000000000, 0.000000000000000000 ) ) ;
#7761 = DIRECTION ( 'NONE',  ( -0.9999342502356409756, -0.01146713589726046020, 2.782774011228115054E-12 ) ) ;
#7762 = DIRECTION ( 'NONE',  ( 0.000000000000000000, -1.000000000000000000, 0.000000000000000000 ) ) ;
#7763 = PLANE ( 'NONE',  #803 ) ;
#7764 = ORIENTED_EDGE ( 'NONE', *, *, #5540, .T. ) ;
#7765 = LINE ( 'NONE', #6506, #3381 ) ;
#7766 = CARTESIAN_POINT ( 'NONE',  ( 0.1053149606299212532, -0.02480314960629921572, -0.07578740157480315376 ) ) ;
#7767 = CARTESIAN_POINT ( 'NONE',  ( -0.1505905511811023723, 0.07874015748031495954, -0.1033464566929133965 ) ) ;
#7768 = LINE ( 'NONE', #1126, #688 ) ;
#7769 = LINE ( 'NONE', #1828, #1687 ) ;
#7770 = EDGE_CURVE ( 'NONE', #1040, #2705, #4697, .T. ) ;
#7771 = VERTEX_POINT ( 'NONE', #5259 ) ;
#7772 = CARTESIAN_POINT ( 'NONE',  ( 0.1549212598425196985, -0.04724409448818897572, -0.1279527559055118058 ) ) ;
#7773 = FACE_BOUND ( 'NONE', #5254, .T. ) ;
#7774 = EDGE_CURVE ( 'NONE', #107, #3406, #4653, .T. ) ;
#7775 = DIRECTION ( 'NONE',  ( 0.2178478204090078807, 0.9759827494085355770, 0.000000000000000000 ) ) ;
#7776 = ORIENTED_EDGE ( 'NONE', *, *, #2212, .T. ) ;
#7777 = CARTESIAN_POINT ( 'NONE',  ( 0.1053149606299212532, -0.04724409448818897572, -0.06200787401574803237 ) ) ;
#7778 = VECTOR ( 'NONE', #6682, 39.37007874015748143 ) ;
#7779 = EDGE_CURVE ( 'NONE', #5402, #2324, #1331, .T. ) ;
#7780 = APPLICATION_CONTEXT ( 'automotive_design' ) ;
#7781 = CARTESIAN_POINT ( 'NONE',  ( -0.1496062992125984370, 0.07874015748031495954, 0.000000000000000000 ) ) ;
#7782 = DIRECTION ( 'NONE',  ( 0.000000000000000000, 1.000000000000000000, 0.000000000000000000 ) ) ;
#7783 = AXIS2_PLACEMENT_3D ( 'NONE', #37, #2078, #2634 ) ;
#7784 = VERTEX_POINT ( 'NONE', #8571 ) ;
#7785 = ORIENTED_EDGE ( 'NONE', *, *, #6813, .T. ) ;
#7786 = CARTESIAN_POINT ( 'NONE',  ( 0.1696850393700787274, 0.06236220472437007528, -0.1023622047244094474 ) ) ;
#7787 = ORIENTED_EDGE ( 'NONE', *, *, #4636, .F. ) ;
#7788 = CARTESIAN_POINT ( 'NONE',  ( 0.1053149606299212532, -0.02480314960629921572, -0.04330708661417323468 ) ) ;
#7789 = ORIENTED_EDGE ( 'NONE', *, *, #5901, .T. ) ;
#7790 = DIRECTION ( 'NONE',  ( 0.000000000000000000, 0.000000000000000000, -1.000000000000000000 ) ) ;
#7791 = ORIENTED_EDGE ( 'NONE', *, *, #219, .F. ) ;
#7792 = DIRECTION ( 'NONE',  ( 0.000000000000000000, 0.000000000000000000, -1.000000000000000000 ) ) ;
#7793 = AXIS2_PLACEMENT_3D ( 'NONE', #3188, #2947, #353 ) ;
#7794 = LINE ( 'NONE', #1424, #4732 ) ;
#7795 = ORIENTED_EDGE ( 'NONE', *, *, #778, .T. ) ;
#7796 = DIRECTION ( 'NONE',  ( -1.000000000000000000, 0.000000000000000000, 0.000000000000000000 ) ) ;
#7797 = ORIENTED_EDGE ( 'NONE', *, *, #6338, .F. ) ;
#7798 = ADVANCED_FACE ( 'NONE', ( #5348 ), #4054, .T. ) ;
#7799 = ORIENTED_EDGE ( 'NONE', *, *, #251, .T. ) ;
#7800 = AXIS2_PLACEMENT_3D ( 'NONE', #1518, #164, #2805 ) ;
#7801 = VECTOR ( 'NONE', #4468, 39.37007874015748143 ) ;
#7802 = LINE ( 'NONE', #1855, #5354 ) ;
#7803 = EDGE_CURVE ( 'NONE', #8189, #6049, #1282, .T. ) ;
#7804 = VECTOR ( 'NONE', #3324, 39.37007874015748143 ) ;
#7805 = LINE ( 'NONE', #5096, #7635 ) ;
#7806 = LINE ( 'NONE', #1204, #3909 ) ;
#7807 = DIRECTION ( 'NONE',  ( 1.000000000000000000, 0.000000000000000000, 0.000000000000000000 ) ) ;
#7808 = DIRECTION ( 'NONE',  ( 0.000000000000000000, 1.000000000000000000, 0.000000000000000000 ) ) ;
#7809 = ORIENTED_EDGE ( 'NONE', *, *, #5853, .T. ) ;
#7810 = EDGE_CURVE ( 'NONE', #8176, #1243, #20, .T. ) ;
#7811 = CARTESIAN_POINT ( 'NONE',  ( -0.01181102362206299175, -0.04559749532039369946, 0.02802598234636220417 ) ) ;
#7812 = DIRECTION ( 'NONE',  ( 0.000000000000000000, 0.000000000000000000, -1.000000000000000000 ) ) ;
#7813 = DIRECTION ( 'NONE',  ( 1.000000000000000000, 0.000000000000000000, 0.000000000000000000 ) ) ;
#7814 = AXIS2_PLACEMENT_3D ( 'NONE', #3868, #7268, #1327 ) ;
#7815 = DIRECTION ( 'NONE',  ( 0.000000000000000000, 0.000000000000000000, 1.000000000000000000 ) ) ;
#7816 = EDGE_CURVE ( 'NONE', #536, #7979, #6054, .T. ) ;
#7817 = EDGE_CURVE ( 'NONE', #4660, #2146, #2021, .T. ) ;
#7818 = DIRECTION ( 'NONE',  ( 1.000000000000000000, 0.000000000000000000, 0.000000000000000000 ) ) ;
#7819 = VECTOR ( 'NONE', #5847, 39.37007874015748143 ) ;
#7820 = ORIENTED_EDGE ( 'NONE', *, *, #6234, .T. ) ;
#7821 = FACE_OUTER_BOUND ( 'NONE', #186, .T. ) ;
#7822 = EDGE_CURVE ( 'NONE', #103, #532, #761, .T. ) ;
#7823 = CYLINDRICAL_SURFACE ( 'NONE', #5248, 0.003937007874015748844 ) ;
#7824 = FACE_BOUND ( 'NONE', #967, .T. ) ;
#7825 = CARTESIAN_POINT ( 'NONE',  ( -0.1787245914263385915, 0.03911508103948031778, -0.03543307086614566614 ) ) ;
#7826 = EDGE_LOOP ( 'NONE', ( #891, #2612, #6461, #5637, #271, #7704, #534 ) ) ;
#7827 = EDGE_CURVE ( 'NONE', #452, #6623, #4136, .T. ) ;
#7828 = DIRECTION ( 'NONE',  ( -1.000000000000000000, 0.000000000000000000, 0.000000000000000000 ) ) ;
#7829 = ADVANCED_FACE ( 'NONE', ( #2184 ), #932, .F. ) ;
#7830 = PLANE ( 'NONE',  #4596 ) ;
#7831 = LINE ( 'NONE', #3258, #5424 ) ;
#7832 = AXIS2_PLACEMENT_3D ( 'NONE', #191, #5435, #6749 ) ;
#7833 = ORIENTED_EDGE ( 'NONE', *, *, #3891, .F. ) ;
#7834 = ORIENTED_EDGE ( 'NONE', *, *, #6559, .T. ) ;
#7835 = DIRECTION ( 'NONE',  ( 0.000000000000000000, 0.000000000000000000, 1.000000000000000000 ) ) ;
#7836 = ORIENTED_EDGE ( 'NONE', *, *, #2176, .F. ) ;
#7837 = CARTESIAN_POINT ( 'NONE',  ( 0.09842519685039370636, -0.02480314960629921572, -0.06889763779527559306 ) ) ;
#7838 = VERTEX_POINT ( 'NONE', #806 ) ;
#7839 = DIRECTION ( 'NONE',  ( -1.000000000000000000, 0.000000000000000000, 0.000000000000000000 ) ) ;
#7840 = ORIENTED_EDGE ( 'NONE', *, *, #3669, .T. ) ;
#7841 = EDGE_CURVE ( 'NONE', #105, #3878, #6164, .T. ) ;
#7842 = LINE ( 'NONE', #415, #3843 ) ;
#7843 = DIRECTION ( 'NONE',  ( 1.000000000000000000, 0.000000000000000000, 0.000000000000000000 ) ) ;
#7844 = CARTESIAN_POINT ( 'NONE',  ( -0.08661417322838584065, -0.02480314960629921572, -0.09448818897637795144 ) ) ;
#7845 = ORIENTED_EDGE ( 'NONE', *, *, #2760, .F. ) ;
#7846 = EDGE_LOOP ( 'NONE', ( #7967, #8020, #1843, #4570, #4323, #2223, #8116, #5468 ) ) ;
#7847 = CARTESIAN_POINT ( 'NONE',  ( 0.08661417322834646937, 0.06161417322834646104, -0.003937007874015747977 ) ) ;
#7848 = EDGE_CURVE ( 'NONE', #5001, #816, #4355, .T. ) ;
#7849 = CARTESIAN_POINT ( 'NONE',  ( 0.1673228346456692994, 0.07086614173228346358, -0.03444881889764173089 ) ) ;
#7850 = CARTESIAN_POINT ( 'NONE',  ( 0.09153543304673227021, 0.07086611146787401283, -0.008858267716527559038 ) ) ;
#7851 = CARTESIAN_POINT ( 'NONE',  ( 0.1739173228346456990, 0.02362204724409055004, -0.01771653543307480372 ) ) ;
#7852 = LINE ( 'NONE', #3888, #3283 ) ;
#7853 = ORIENTED_EDGE ( 'NONE', *, *, #8223, .F. ) ;
#7854 = CARTESIAN_POINT ( 'NONE',  ( 0.01073431161089763788, 0.07086614173228346358, -0.03937007874015747977 ) ) ;
#7855 = DIRECTION ( 'NONE',  ( 1.000000000000000000, 0.000000000000000000, 0.000000000000000000 ) ) ;
#7856 = CIRCLE ( 'NONE', #5765, 0.003937007874015747977 ) ;
#7857 = CARTESIAN_POINT ( 'NONE',  ( 0.1102362204724015721, -0.02480314960629921572, -0.1377952755905511861 ) ) ;
#7858 = DIRECTION ( 'NONE',  ( 4.597629466683000015E-14, 0.000000000000000000, -1.000000000000000000 ) ) ;
#7859 = DIRECTION ( 'NONE',  ( 0.000000000000000000, 1.553078653337000234E-13, -1.000000000000000000 ) ) ;
#7860 = VECTOR ( 'NONE', #4892, 39.37007874015748143 ) ;
#7861 = EDGE_CURVE ( 'NONE', #6382, #1131, #7568, .T. ) ;
#7862 = EDGE_CURVE ( 'NONE', #6579, #2510, #3439, .T. ) ;
#7863 = ORIENTED_EDGE ( 'NONE', *, *, #3604, .T. ) ;
#7864 = CARTESIAN_POINT ( 'NONE',  ( 0.000000000000000000, 0.07874015748031495954, -0.06889763779527559306 ) ) ;
#7865 = CARTESIAN_POINT ( 'NONE',  ( -0.1200787401574803237, 0.07039296616574802767, -0.004921259842511811061 ) ) ;
#7866 = LINE ( 'NONE', #4640, #6755 ) ;
#7867 = DIRECTION ( 'NONE',  ( 1.000000000000000000, 0.000000000000000000, 0.000000000000000000 ) ) ;
#7868 = ORIENTED_EDGE ( 'NONE', *, *, #3037, .T. ) ;
#7869 = CARTESIAN_POINT ( 'NONE',  ( 0.01265063676235433053, 0.01968503937007873988, -0.01312335958679527667 ) ) ;
#7870 = AXIS2_PLACEMENT_3D ( 'NONE', #5893, #4404, #3146 ) ;
#7871 = DIRECTION ( 'NONE',  ( 1.000000000000000000, 0.000000000000000000, 0.000000000000000000 ) ) ;
#7872 = VECTOR ( 'NONE', #4368, 39.37007874015748143 ) ;
#7873 = LINE ( 'NONE', #8008, #5284 ) ;
#7874 = EDGE_LOOP ( 'NONE', ( #7937, #8016, #7319, #3977 ) ) ;
#7875 = ORIENTED_EDGE ( 'NONE', *, *, #6012, .F. ) ;
#7876 = DIRECTION ( 'NONE',  ( -0.000000000000000000, 1.000000000000000000, 0.000000000000000000 ) ) ;
#7877 = ADVANCED_FACE ( 'NONE', ( #3522 ), #6833, .F. ) ;
#7878 = ORIENTED_EDGE ( 'NONE', *, *, #4145, .F. ) ;
#7879 = CARTESIAN_POINT ( 'NONE',  ( 0.1781496062992126150, -0.01102362204724409434, -0.1377952755905511861 ) ) ;
#7880 = ORIENTED_EDGE ( 'NONE', *, *, #6771, .T. ) ;
#7881 = DIRECTION ( 'NONE',  ( -1.000000000000000000, 0.000000000000000000, 0.000000000000000000 ) ) ;
#7882 = VERTEX_POINT ( 'NONE', #7440 ) ;
#7883 = DIRECTION ( 'NONE',  ( -0.2832542677853090440, -0.8976714284113290754, 0.3375692912505109944 ) ) ;
#7884 = CIRCLE ( 'NONE', #394, 0.003937007874015747977 ) ;
#7885 = DIRECTION ( 'NONE',  ( 0.000000000000000000, 0.000000000000000000, -1.000000000000000000 ) ) ;
#7886 = EDGE_CURVE ( 'NONE', #8061, #584, #5523, .T. ) ;
#7887 = ORIENTED_EDGE ( 'NONE', *, *, #215, .T. ) ;
#7888 = ORIENTED_EDGE ( 'NONE', *, *, #7724, .T. ) ;
#7889 = CARTESIAN_POINT ( 'NONE',  ( -0.1496062992125984370, 0.07086614173228346358, 0.000000000000000000 ) ) ;
#7890 = VECTOR ( 'NONE', #7308, 39.37007874015748143 ) ;
#7891 = VERTEX_POINT ( 'NONE', #2227 ) ;
#7892 = ORIENTED_EDGE ( 'NONE', *, *, #6105, .F. ) ;
#7893 = VERTEX_POINT ( 'NONE', #6219 ) ;
#7894 = PLANE ( 'NONE',  #6887 ) ;
#7895 = AXIS2_PLACEMENT_3D ( 'NONE', #4980, #8332, #4451 ) ;
#7896 = CARTESIAN_POINT ( 'NONE',  ( -0.1549212598425196985, -0.02480314960629921572, -0.1279527559055118058 ) ) ;
#7897 = DIRECTION ( 'NONE',  ( -1.000000000000000000, 0.000000000000000000, 0.000000000000000000 ) ) ;
#7898 = DIRECTION ( 'NONE',  ( 1.000000000000000000, 0.000000000000000000, 0.000000000000000000 ) ) ;
#7899 = CARTESIAN_POINT ( 'NONE',  ( 0.09153543307086613179, 0.07874015748031495954, -0.008858267716531496860 ) ) ;
#7900 = ORIENTED_EDGE ( 'NONE', *, *, #8540, .F. ) ;
#7901 = DIRECTION ( 'NONE',  ( 0.000000000000000000, 1.000000000000000000, 0.000000000000000000 ) ) ;
#7902 = CARTESIAN_POINT ( 'NONE',  ( -0.07283464566929134798, 0.07874015748031495954, -0.03740157480314960925 ) ) ;
#7903 = VECTOR ( 'NONE', #3343, 39.37007874015748143 ) ;
#7904 = DIRECTION ( 'NONE',  ( 0.000000000000000000, 1.000000000000000000, 0.000000000000000000 ) ) ;
#7905 = DIRECTION ( 'NONE',  ( 0.000000000000000000, 1.000000000000000000, 0.000000000000000000 ) ) ;
#7906 = EDGE_CURVE ( 'NONE', #4781, #4420, #6254, .T. ) ;
#7907 = ORIENTED_EDGE ( 'NONE', *, *, #679, .T. ) ;
#7908 = DIRECTION ( 'NONE',  ( 0.7660444431186856917, 0.000000000000000000, 0.6427876096868877509 ) ) ;
#7909 = DIRECTION ( 'NONE',  ( 0.000000000000000000, -1.000000000000000000, 0.000000000000000000 ) ) ;
#7910 = LINE ( 'NONE', #3953, #6613 ) ;
#7911 = EDGE_CURVE ( 'NONE', #6574, #1119, #3658, .T. ) ;
#7912 = CARTESIAN_POINT ( 'NONE',  ( 0.1259840891262598572, 0.04881816810464567613, -0.003937007874015747977 ) ) ;
#7913 = ORIENTED_EDGE ( 'NONE', *, *, #4981, .F. ) ;
#7914 = DIRECTION ( 'NONE',  ( 1.000000000000000000, 0.000000000000000000, 0.000000000000000000 ) ) ;
#7915 = EDGE_CURVE ( 'NONE', #6628, #3369, #3563, .T. ) ;
#7916 = EDGE_CURVE ( 'NONE', #5429, #365, #4786, .T. ) ;
#7917 = EDGE_CURVE ( 'NONE', #5101, #3325, #1499, .T. ) ;
#7918 = DIRECTION ( 'NONE',  ( -1.000000000000000000, 0.000000000000000000, 0.000000000000000000 ) ) ;
#7919 = FACE_OUTER_BOUND ( 'NONE', #6144, .T. ) ;
#7920 = ORIENTED_EDGE ( 'NONE', *, *, #8235, .F. ) ;
#7921 = ORIENTED_EDGE ( 'NONE', *, *, #7052, .T. ) ;
#7922 = DIRECTION ( 'NONE',  ( 0.000000000000000000, -1.000000000000000000, 0.000000000000000000 ) ) ;
#7923 = VERTEX_POINT ( 'NONE', #4218 ) ;
#7924 = CARTESIAN_POINT ( 'NONE',  ( 0.1496062992125984370, 0.07086614173228346358, -0.1377952755905511861 ) ) ;
#7925 = VERTEX_POINT ( 'NONE', #2952 ) ;
#7926 = CARTESIAN_POINT ( 'NONE',  ( -0.1102362204724409434, -0.05740842757657479978, -0.1604947548546062919 ) ) ;
#7927 = VERTEX_POINT ( 'NONE', #6790 ) ;
#7928 = CARTESIAN_POINT ( 'NONE',  ( -0.06889763779527559306, -0.04724409448818897572, -0.04330708661417323468 ) ) ;
#7929 = AXIS2_PLACEMENT_3D ( 'NONE', #6232, #2844, #252 ) ;
#7930 = ADVANCED_FACE ( 'NONE', ( #8219 ), #845, .F. ) ;
#7931 = AXIS2_PLACEMENT_3D ( 'NONE', #5451, #7459, #5323 ) ;
#7932 = LENGTH_MEASURE_WITH_UNIT ( LENGTH_MEASURE( 0.02539999999999999897 ), #6583 );
#7933 = VERTEX_POINT ( 'NONE', #4256 ) ;
#7934 = ORIENTED_EDGE ( 'NONE', *, *, #8460, .T. ) ;
#7935 = LINE ( 'NONE', #1335, #2382 ) ;
#7936 = ORIENTED_EDGE ( 'NONE', *, *, #3650, .T. ) ;
#7937 = ORIENTED_EDGE ( 'NONE', *, *, #4818, .T. ) ;
#7938 = VERTEX_POINT ( 'NONE', #3481 ) ;
#7939 = DIRECTION ( 'NONE',  ( -1.000000000000000000, 0.000000000000000000, 0.000000000000000000 ) ) ;
#7940 = EDGE_CURVE ( 'NONE', #5815, #1325, #971, .T. ) ;
#7941 = EDGE_CURVE ( 'NONE', #369, #1326, #4947, .T. ) ;
#7942 = PLANE ( 'NONE',  #3340 ) ;
#7943 = CARTESIAN_POINT ( 'NONE',  ( 0.08267716535433070058, -0.04724409448818897572, -0.09448818897637795144 ) ) ;
#7944 = VECTOR ( 'NONE', #3835, 39.37007874015748143 ) ;
#7945 = VECTOR ( 'NONE', #4365, 39.37007874015748854 ) ;
#7946 = CARTESIAN_POINT ( 'NONE',  ( -0.07283464566929134798, 0.07086614173228346358, -0.1003937007874015908 ) ) ;
#7947 = DIRECTION ( 'NONE',  ( 0.000000000000000000, -1.000000000000000000, 5.887217796596287057E-13 ) ) ;
#7948 = ORIENTED_EDGE ( 'NONE', *, *, #125, .T. ) ;
#7949 = LINE ( 'NONE', #3848, #610 ) ;
#7950 = PLANE ( 'NONE',  #385 ) ;
#7951 = EDGE_CURVE ( 'NONE', #6974, #4227, #3640, .T. ) ;
#7952 = APPLICATION_PROTOCOL_DEFINITION ( 'draft international standard', 'automotive_design', 1998, #352 ) ;
#7953 = PLANE ( 'NONE',  #5948 ) ;
#7954 = VECTOR ( 'NONE', #2154, 39.37007874015748143 ) ;
#7955 = LINE ( 'NONE', #3383, #8311 ) ;
#7956 = VECTOR ( 'NONE', #7835, 39.37007874015748143 ) ;
#7957 = ORIENTED_EDGE ( 'NONE', *, *, #6306, .F. ) ;
#7958 = PLANE ( 'NONE',  #5721 ) ;
#7959 = CYLINDRICAL_SURFACE ( 'NONE', #6368, 0.003937007874015749712 ) ;
#7960 = FACE_OUTER_BOUND ( 'NONE', #6998, .T. ) ;
#7961 = CARTESIAN_POINT ( 'NONE',  ( -0.01181102362205511611, -0.01299212598425590615, 0.000000000000000000 ) ) ;
#7962 = ORIENTED_EDGE ( 'NONE', *, *, #1425, .T. ) ;
#7963 = DIRECTION ( 'NONE',  ( 0.9635179096299105739, 0.2676438637862029180, 0.000000000000000000 ) ) ;
#7964 = VECTOR ( 'NONE', #6859, 39.37007874015748854 ) ;
#7965 = PLANE ( 'NONE',  #7101 ) ;
#7966 = DIRECTION ( 'NONE',  ( -1.000000000000000000, 0.000000000000000000, 0.000000000000000000 ) ) ;
#7967 = ORIENTED_EDGE ( 'NONE', *, *, #6865, .F. ) ;
#7968 = ORIENTED_EDGE ( 'NONE', *, *, #1137, .T. ) ;
#7969 = DIRECTION ( 'NONE',  ( 0.000000000000000000, 0.5817638113834819880, -0.8133577735317739643 ) ) ;
#7970 = EDGE_LOOP ( 'NONE', ( #8395, #118, #8316, #8185 ) ) ;
#7971 = PLANE ( 'NONE',  #2580 ) ;
#7972 = ORIENTED_EDGE ( 'NONE', *, *, #373, .T. ) ;
#7973 = VECTOR ( 'NONE', #4744, 39.37007874015748143 ) ;
#7974 = CARTESIAN_POINT ( 'NONE',  ( 0.1496062992125984370, 0.07086614173228346358, -0.1377952755905511861 ) ) ;
#7975 = ORIENTED_EDGE ( 'NONE', *, *, #6278, .T. ) ;
#7976 = DIRECTION ( 'NONE',  ( 0.000000000000000000, 1.000000000000000000, 0.000000000000000000 ) ) ;
#7977 = VECTOR ( 'NONE', #7121, 39.37007874015748854 ) ;
#7978 =( NAMED_UNIT ( * ) PLANE_ANGLE_UNIT ( ) SI_UNIT ( $, .RADIAN. ) );
#7979 = VERTEX_POINT ( 'NONE', #8339 ) ;
#7980 = DIRECTION ( 'NONE',  ( -1.000000000000000000, 0.000000000000000000, 0.000000000000000000 ) ) ;
#7981 = EDGE_CURVE ( 'NONE', #3867, #3034, #1706, .T. ) ;
#7982 = EDGE_CURVE ( 'NONE', #8532, #4371, #2515, .T. ) ;
#7983 = VERTEX_POINT ( 'NONE', #2387 ) ;
#7984 = ORIENTED_EDGE ( 'NONE', *, *, #327, .F. ) ;
#7985 = VERTEX_POINT ( 'NONE', #1792 ) ;
#7986 = DIRECTION ( 'NONE',  ( 0.000000000000000000, 0.000000000000000000, 1.000000000000000000 ) ) ;
#7987 = AXIS2_PLACEMENT_3D ( 'NONE', #6334, #7113, #2340 ) ;
#7988 = DIRECTION ( 'NONE',  ( 1.000000000000000000, 0.000000000000000000, 0.000000000000000000 ) ) ;
#7989 = CARTESIAN_POINT ( 'NONE',  ( 0.1791338582677165503, 0.07480314960629921850, -0.1023622047244094474 ) ) ;
#7990 = CARTESIAN_POINT ( 'NONE',  ( -0.1706598510025984228, 0.02252903700314173169, -0.03149606299213385946 ) ) ;
#7991 = DIRECTION ( 'NONE',  ( 2.410769996329000283E-14, 0.000000000000000000, -1.000000000000000000 ) ) ;
#7992 = ORIENTED_EDGE ( 'NONE', *, *, #8432, .F. ) ;
#7993 = DIRECTION ( 'NONE',  ( 1.000000000000000000, 0.000000000000000000, 0.000000000000000000 ) ) ;
#7994 = CARTESIAN_POINT ( 'NONE',  ( 0.1102362204724409434, -0.02480314960629921572, -0.1279527559055118058 ) ) ;
#7995 = FACE_OUTER_BOUND ( 'NONE', #3086, .T. ) ;
#7996 = CARTESIAN_POINT ( 'NONE',  ( -0.06889763779527559306, -0.04724409448818897572, -0.06200787401574803237 ) ) ;
#7997 = ADVANCED_FACE ( 'NONE', ( #479 ), #5030, .F. ) ;
#7998 = VECTOR ( 'NONE', #5393, 39.37007874015748143 ) ;
#7999 = ORIENTED_EDGE ( 'NONE', *, *, #3012, .T. ) ;
#8000 = DIRECTION ( 'NONE',  ( -4.298783551348999924E-13, 0.000000000000000000, -1.000000000000000000 ) ) ;
#8001 = CARTESIAN_POINT ( 'NONE',  ( -0.02460629921259842659, 0.07086614173228346358, 0.000000000000000000 ) ) ;
#8002 = DIRECTION ( 'NONE',  ( -0.9999342502356441953, 0.01146713589699904258, 1.303847503647876366E-15 ) ) ;
#8003 = LINE ( 'NONE', #6516, #7553 ) ;
#8004 = ORIENTED_EDGE ( 'NONE', *, *, #2983, .F. ) ;
#8005 = PLANE ( 'NONE',  #1788 ) ;
#8006 = EDGE_CURVE ( 'NONE', #3479, #1119, #3159, .T. ) ;
#8007 = VECTOR ( 'NONE', #659, 39.37007874015748143 ) ;
#8008 = CARTESIAN_POINT ( 'NONE',  ( 0.1791338582677165503, 0.07480314960633858978, -0.03543307086614566614 ) ) ;
#8009 = ORIENTED_EDGE ( 'NONE', *, *, #5653, .T. ) ;
#8010 = EDGE_LOOP ( 'NONE', ( #3248, #5044, #430, #2661 ) ) ;
#8011 = PLANE ( 'NONE',  #6423 ) ;
#8012 = EDGE_LOOP ( 'NONE', ( #8139, #671, #1295, #6533, #1950 ) ) ;
#8013 = LINE ( 'NONE', #5964, #7998 ) ;
#8014 = VERTEX_POINT ( 'NONE', #6953 ) ;
#8015 = LINE ( 'NONE', #6668, #5033 ) ;
#8016 = ORIENTED_EDGE ( 'NONE', *, *, #1787, .T. ) ;
#8017 = LINE ( 'NONE', #2666, #2604 ) ;
#8018 = VECTOR ( 'NONE', #1613, 39.37007874015748143 ) ;
#8019 = PRESENTATION_STYLE_ASSIGNMENT (( #3922 ) ) ;
#8020 = ORIENTED_EDGE ( 'NONE', *, *, #7841, .F. ) ;
#8021 = CARTESIAN_POINT ( 'NONE',  ( -0.1368110236220472509, 0.07480314960629921850, -0.1377952755905511861 ) ) ;
#8022 = VERTEX_POINT ( 'NONE', #5774 ) ;
#8023 = VERTEX_POINT ( 'NONE', #5814 ) ;
#8024 = ORIENTED_EDGE ( 'NONE', *, *, #6652, .T. ) ;
#8025 = CARTESIAN_POINT ( 'NONE',  ( -0.1399606299212598493, -0.02480314960629921572, -0.06889763779527559306 ) ) ;
#8026 = AXIS2_PLACEMENT_3D ( 'NONE', #6317, #370, #169 ) ;
#8027 = EDGE_CURVE ( 'NONE', #2439, #5617, #767, .T. ) ;
#8028 = ADVANCED_FACE ( 'NONE', ( #6303 ), #358, .T. ) ;
#8029 = ADVANCED_FACE ( 'NONE', ( #3727 ), #4335, .F. ) ;
#8030 = CARTESIAN_POINT ( 'NONE',  ( -0.1589566929133858497, 0.07480314960629921850, -0.03444881889764173089 ) ) ;
#8031 = VECTOR ( 'NONE', #278, 39.37007874015748143 ) ;
#8032 = DIRECTION ( 'NONE',  ( 0.000000000000000000, 0.000000000000000000, -1.000000000000000000 ) ) ;
#8033 = CARTESIAN_POINT ( 'NONE',  ( 0.08661417322834646937, -0.01299212598425196832, 0.002680158189764960449 ) ) ;
#8034 = LINE ( 'NONE', #6685, #7030 ) ;
#8035 = EDGE_LOOP ( 'NONE', ( #3961, #1464, #7617, #3213 ) ) ;
#8036 = DIRECTION ( 'NONE',  ( -1.000000000000000000, 0.000000000000000000, 0.000000000000000000 ) ) ;
#8037 = CARTESIAN_POINT ( 'NONE',  ( -0.1549212598425196985, -0.02480314960629921572, -0.1279527559055118058 ) ) ;
#8038 = LINE ( 'NONE', #3541, #6918 ) ;
#8039 = VECTOR ( 'NONE', #2125, 39.37007874015748143 ) ;
#8040 = DIRECTION ( 'NONE',  ( 0.000000000000000000, 1.000000000000000000, 2.746581960645000162E-14 ) ) ;
#8041 = CIRCLE ( 'NONE', #543, 0.007874015748031499423 ) ;
#8042 = ORIENTED_EDGE ( 'NONE', *, *, #1302, .F. ) ;
#8043 = CARTESIAN_POINT ( 'NONE',  ( -0.1505905511811023723, 0.07086614173228346358, 0.000000000000000000 ) ) ;
#8044 = CARTESIAN_POINT ( 'NONE',  ( -0.08661417322838584065, -0.02644984013992125738, -0.1383525925402755985 ) ) ;
#8045 = ORIENTED_EDGE ( 'NONE', *, *, #766, .F. ) ;
#8046 = CARTESIAN_POINT ( 'NONE',  ( -0.1673228346456692994, 0.07086614173228346358, -0.03444881889764173089 ) ) ;
#8047 = EDGE_CURVE ( 'NONE', #3406, #2459, #8382, .T. ) ;
#8048 = CARTESIAN_POINT ( 'NONE',  ( 0.09153530139062991677, 0.07086582634271654246, -0.007874015748031495954 ) ) ;
#8049 = EDGE_CURVE ( 'NONE', #7122, #7607, #5740, .T. ) ;
#8050 = ORIENTED_EDGE ( 'NONE', *, *, #2404, .T. ) ;
#8051 = ORIENTED_EDGE ( 'NONE', *, *, #6930, .F. ) ;
#8052 = FACE_OUTER_BOUND ( 'NONE', #73, .T. ) ;
#8053 = EDGE_LOOP ( 'NONE', ( #7888, #2948, #2135, #8217, #886, #685, #2155, #4336 ) ) ;
#8054 = CARTESIAN_POINT ( 'NONE',  ( -0.1210629921259842590, -0.04724409448818897572, -0.04330708661417323468 ) ) ;
#8055 = EDGE_LOOP ( 'NONE', ( #4307, #7545, #6058, #4279 ) ) ;
#8056 = CARTESIAN_POINT ( 'NONE',  ( -0.1210629921259842590, -0.05905511811023622659, -0.02165354330707086952 ) ) ;
#8057 = ORIENTED_EDGE ( 'NONE', *, *, #280, .T. ) ;
#8058 = CARTESIAN_POINT ( 'NONE',  ( -0.08661417322838584065, -0.04724409448818897572, -0.1696038517685826696 ) ) ;
#8059 = EDGE_CURVE ( 'NONE', #7377, #7267, #1050, .T. ) ;
#8060 = LINE ( 'NONE', #2107, #6261 ) ;
#8061 = VERTEX_POINT ( 'NONE', #5158 ) ;
#8062 = DIRECTION ( 'NONE',  ( 1.000000000000000000, 0.000000000000000000, 0.000000000000000000 ) ) ;
#8063 = ORIENTED_EDGE ( 'NONE', *, *, #3281, .T. ) ;
#8064 = EDGE_LOOP ( 'NONE', ( #2272, #8208, #1215, #6444 ) ) ;
#8065 = ORIENTED_EDGE ( 'NONE', *, *, #3180, .F. ) ;
#8066 = CARTESIAN_POINT ( 'NONE',  ( -0.04625984251968504046, -0.02480314960629921572, -0.09448818897637795144 ) ) ;
#8067 = VECTOR ( 'NONE', #2801, 39.37007874015748143 ) ;
#8068 = AXIS2_PLACEMENT_3D ( 'NONE', #7458, #1515, #4151 ) ;
#8069 = LINE ( 'NONE', #4109, #4434 ) ;
#8070 = CARTESIAN_POINT ( 'NONE',  ( -0.1102362204724803146, -0.02874015748031496023, -0.1351503312329527529 ) ) ;
#8071 = ADVANCED_FACE ( 'NONE', ( #2348 ), #5650, .F. ) ;
#8072 = FACE_OUTER_BOUND ( 'NONE', #6030, .T. ) ;
#8073 = DIRECTION ( 'NONE',  ( -1.268826313857999838E-13, 1.000000000000000000, 0.000000000000000000 ) ) ;
#8074 = ORIENTED_EDGE ( 'NONE', *, *, #2814, .F. ) ;
#8075 = LINE ( 'NONE', #2849, #5654 ) ;
#8076 = EDGE_CURVE ( 'NONE', #712, #3776, #1134, .T. ) ;
#8077 = DIRECTION ( 'NONE',  ( -2.077316503004999972E-13, 1.000000000000000000, 2.713783066095999919E-13 ) ) ;
#8078 = VECTOR ( 'NONE', #7375, 39.37007874015748143 ) ;
#8079 = CARTESIAN_POINT ( 'NONE',  ( 0.1708510933929921483, 0.03920537344827559195, -0.03937007874015747977 ) ) ;
#8080 = EDGE_CURVE ( 'NONE', #2439, #7409, #6433, .T. ) ;
#8081 = VERTEX_POINT ( 'NONE', #6344 ) ;
#8082 = DIRECTION ( 'NONE',  ( 0.000000000000000000, 1.000000000000000000, 0.000000000000000000 ) ) ;
#8083 = EDGE_CURVE ( 'NONE', #4902, #1325, #5113, .T. ) ;
#8084 = EDGE_CURVE ( 'NONE', #6378, #492, #1832, .T. ) ;
#8085 = CARTESIAN_POINT ( 'NONE',  ( 0.01181102362202755829, -0.04724409448818897572, 0.03122817830516141924 ) ) ;
#8086 = AXIS2_PLACEMENT_3D ( 'NONE', #5573, #4183, #6881 ) ;
#8087 = ADVANCED_FACE ( 'NONE', ( #1876 ), #7163, .T. ) ;
#8088 = ORIENTED_EDGE ( 'NONE', *, *, #110, .T. ) ;
#8089 = CARTESIAN_POINT ( 'NONE',  ( 0.01118340056266141705, 0.05236220472440945156, -0.01181102362206299175 ) ) ;
#8090 = AXIS2_PLACEMENT_3D ( 'NONE', #6163, #8560, #7871 ) ;
#8091 = VECTOR ( 'NONE', #6251, 39.37007874015748143 ) ;
#8092 = EDGE_CURVE ( 'NONE', #2096, #5508, #5861, .T. ) ;
#8093 = CARTESIAN_POINT ( 'NONE',  ( 0.1651356080489763956, 0.07874015748031495954, 0.000000000000000000 ) ) ;
#8094 = ORIENTED_EDGE ( 'NONE', *, *, #7710, .T. ) ;
#8095 = ORIENTED_EDGE ( 'NONE', *, *, #7861, .F. ) ;
#8096 = DIRECTION ( 'NONE',  ( -0.000000000000000000, 1.000000000000000000, 0.000000000000000000 ) ) ;
#8097 = ORIENTED_EDGE ( 'NONE', *, *, #2074, .T. ) ;
#8098 = LINE ( 'NONE', #1586, #4369 ) ;
#8099 = CARTESIAN_POINT ( 'NONE',  ( 0.1696850393700787274, 0.02362204724409055004, -0.03543307086614566614 ) ) ;
#8100 = ORIENTED_EDGE ( 'NONE', *, *, #4338, .T. ) ;
#8101 = LINE ( 'NONE', #237, #7188 ) ;
#8102 = EDGE_CURVE ( 'NONE', #4011, #4387, #6042, .T. ) ;
#8103 = AXIS2_PLACEMENT_3D ( 'NONE', #6341, #1132, #3637 ) ;
#8104 = DIRECTION ( 'NONE',  ( 0.000000000000000000, 1.000000000000000000, 0.000000000000000000 ) ) ;
#8105 = ORIENTED_EDGE ( 'NONE', *, *, #7645, .F. ) ;
#8106 = PRODUCT_DEFINITION ( 'UNKNOWN', '', #5613, #109 ) ;
#8107 = FACE_OUTER_BOUND ( 'NONE', #2988, .T. ) ;
#8108 = EDGE_LOOP ( 'NONE', ( #62, #6858, #4865, #7056, #8401, #2816, #2911, #7845 ) ) ;
#8109 = VERTEX_POINT ( 'NONE', #1221 ) ;
#8110 = ORIENTED_EDGE ( 'NONE', *, *, #380, .F. ) ;
#8111 = DIRECTION ( 'NONE',  ( 0.000000000000000000, 0.000000000000000000, 1.000000000000000000 ) ) ;
#8112 = PLANE ( 'NONE',  #7929 ) ;
#8113 = CARTESIAN_POINT ( 'NONE',  ( 0.06889763779527559306, -0.02480314960629921572, -0.07578740157480315376 ) ) ;
#8114 = LINE ( 'NONE', #8276, #2246 ) ;
#8115 = AXIS2_PLACEMENT_3D ( 'NONE', #4419, #8301, #3683 ) ;
#8116 = ORIENTED_EDGE ( 'NONE', *, *, #6169, .F. ) ;
#8117 = DIRECTION ( 'NONE',  ( 0.000000000000000000, 0.000000000000000000, 1.000000000000000000 ) ) ;
#8118 = DIRECTION ( 'NONE',  ( 4.250072516143184954E-13, -3.698864131651553389E-11, -1.000000000000000000 ) ) ;
#8119 = EDGE_CURVE ( 'NONE', #3207, #7463, #4684, .T. ) ;
#8120 = DIRECTION ( 'NONE',  ( 0.000000000000000000, 2.746581960645000162E-14, -1.000000000000000000 ) ) ;
#8121 = DIRECTION ( 'NONE',  ( 1.000000000000000000, 0.000000000000000000, 0.000000000000000000 ) ) ;
#8122 = ORIENTED_EDGE ( 'NONE', *, *, #4358, .F. ) ;
#8123 = CARTESIAN_POINT ( 'NONE',  ( -0.1210629921259842590, -0.04724409448818897572, -0.04330708661417323468 ) ) ;
#8124 = LINE ( 'NONE', #2171, #7730 ) ;
#8125 = VECTOR ( 'NONE', #4388, 39.37007874015748143 ) ;
#8126 = FACE_OUTER_BOUND ( 'NONE', #8064, .T. ) ;
#8127 = VERTEX_POINT ( 'NONE', #6565 ) ;
#8128 = PLANE ( 'NONE',  #8170 ) ;
#8129 = ADVANCED_FACE ( 'NONE', ( #660 ), #2649, .F. ) ;
#8130 = VECTOR ( 'NONE', #104, 39.37007874015748143 ) ;
#8131 = EDGE_CURVE ( 'NONE', #7607, #6821, #1962, .T. ) ;
#8132 = CARTESIAN_POINT ( 'NONE',  ( -0.04921259842523622446, -0.02480314960629921572, -0.1328740157480315098 ) ) ;
#8133 = ORIENTED_EDGE ( 'NONE', *, *, #7645, .T. ) ;
#8134 = ORIENTED_EDGE ( 'NONE', *, *, #1922, .T. ) ;
#8135 = DIRECTION ( 'NONE',  ( 0.000000000000000000, 1.000000000000000000, 0.000000000000000000 ) ) ;
#8136 = VERTEX_POINT ( 'NONE', #3860 ) ;
#8137 = LINE ( 'NONE', #3480, #2432 ) ;
#8138 = DIRECTION ( 'NONE',  ( 0.000000000000000000, 0.000000000000000000, 1.000000000000000000 ) ) ;
#8139 = ORIENTED_EDGE ( 'NONE', *, *, #7509, .T. ) ;
#8140 = DIRECTION ( 'NONE',  ( 0.000000000000000000, -1.000000000000000000, 0.000000000000000000 ) ) ;
#8141 = VECTOR ( 'NONE', #337, 39.37007874015748143 ) ;
#8142 = CARTESIAN_POINT ( 'NONE',  ( -0.1578630796150393978, 0.07874015748031495954, -0.1205708661417322913 ) ) ;
#8143 = CIRCLE ( 'NONE', #1899, 0.003937007874015758385 ) ;
#8144 = EDGE_LOOP ( 'NONE', ( #1802, #3053, #3792, #1230 ) ) ;
#8145 = CARTESIAN_POINT ( 'NONE',  ( 0.07283464566929134798, 0.07086614173228346358, -0.03740157480314960925 ) ) ;
#8146 = EDGE_LOOP ( 'NONE', ( #1296, #529, #7386, #4815 ) ) ;
#8147 = ORIENTED_EDGE ( 'NONE', *, *, #4605, .F. ) ;
#8148 = EDGE_LOOP ( 'NONE', ( #2110, #2703, #4559, #8440 ) ) ;
#8149 = CARTESIAN_POINT ( 'NONE',  ( -0.1318897637795275746, -0.05314960629921260116, -0.02165354330707086952 ) ) ;
#8150 = EDGE_CURVE ( 'NONE', #3040, #103, #4042, .T. ) ;
#8151 = CARTESIAN_POINT ( 'NONE',  ( -0.1200787401574803237, 0.07874015748031495954, -0.008858267716527559038 ) ) ;
#8152 = CARTESIAN_POINT ( 'NONE',  ( -0.1696850393700787274, 0.02362204724409055004, -0.03543307086614566614 ) ) ;
#8153 = DIRECTION ( 'NONE',  ( 1.000000000000000000, 0.000000000000000000, 0.000000000000000000 ) ) ;
#8154 = CIRCLE ( 'NONE', #4393, 0.003937007874015749712 ) ;
#8155 = DIRECTION ( 'NONE',  ( 0.000000000000000000, 0.000000000000000000, 1.000000000000000000 ) ) ;
#8156 = VERTEX_POINT ( 'NONE', #7961 ) ;
#8157 = PLANE ( 'NONE',  #8026 ) ;
#8158 = CARTESIAN_POINT ( 'NONE',  ( 0.01181102362202755829, -0.04559749532043306380, -0.1664016558098031506 ) ) ;
#8159 = FACE_OUTER_BOUND ( 'NONE', #2349, .T. ) ;
#8160 = AXIS2_PLACEMENT_3D ( 'NONE', #5004, #3175, #2531 ) ;
#8161 = FACE_OUTER_BOUND ( 'NONE', #2953, .T. ) ;
#8162 = CARTESIAN_POINT ( 'NONE',  ( -0.1696850393700787274, 0.06236220472440944657, -0.03543307086614566614 ) ) ;
#8163 = ORIENTED_EDGE ( 'NONE', *, *, #3035, .F. ) ;
#8164 = CARTESIAN_POINT ( 'NONE',  ( 0.08661417322834646937, -0.02480314960629921572, -0.1279527559055118058 ) ) ;
#8165 = DIRECTION ( 'NONE',  ( 0.000000000000000000, -1.000000000000000000, 0.000000000000000000 ) ) ;
#8166 = AXIS2_PLACEMENT_3D ( 'NONE', #6956, #2431, #525 ) ;
#8167 = CARTESIAN_POINT ( 'NONE',  ( -0.1102362204724409434, -0.02480314960629921572, -0.003225287050151574592 ) ) ;
#8168 = ORIENTED_EDGE ( 'NONE', *, *, #5054, .T. ) ;
#8169 = LINE ( 'NONE', #8089, #2754 ) ;
#8170 = AXIS2_PLACEMENT_3D ( 'NONE', #6782, #4816, #8209 ) ;
#8171 = CARTESIAN_POINT ( 'NONE',  ( 0.01998681779691732427, 0.02677165354331102406, -0.01968503937007873988 ) ) ;
#8172 = EDGE_CURVE ( 'NONE', #4104, #5429, #7260, .T. ) ;
#8173 = VERTEX_POINT ( 'NONE', #615 ) ;
#8174 = EDGE_LOOP ( 'NONE', ( #1370, #639, #3558, #3326 ) ) ;
#8175 = LINE ( 'NONE', #968, #8091 ) ;
#8176 = VERTEX_POINT ( 'NONE', #4547 ) ;
#8177 = CARTESIAN_POINT ( 'NONE',  ( 0.1781496062992126150, 0.03188976377951967950, -0.1377952755905511861 ) ) ;
#8178 = DIRECTION ( 'NONE',  ( -9.969802761133999134E-14, 0.000000000000000000, -1.000000000000000000 ) ) ;
#8179 = ORIENTED_EDGE ( 'NONE', *, *, #7009, .F. ) ;
#8180 = FACE_OUTER_BOUND ( 'NONE', #8581, .T. ) ;
#8181 = VECTOR ( 'NONE', #6647, 39.37007874015748143 ) ;
#8182 = EDGE_CURVE ( 'NONE', #4511, #4425, #5244, .T. ) ;
#8183 = EDGE_CURVE ( 'NONE', #3531, #6830, #8003, .T. ) ;
#8184 = DIRECTION ( 'NONE',  ( 1.000000000000000000, 0.000000000000000000, 0.000000000000000000 ) ) ;
#8185 = ORIENTED_EDGE ( 'NONE', *, *, #495, .T. ) ;
#8186 = CARTESIAN_POINT ( 'NONE',  ( -0.1707501434112204397, 0.03040253503649213013, -0.1062992125984252023 ) ) ;
#8187 = ORIENTED_EDGE ( 'NONE', *, *, #1945, .F. ) ;
#8188 = ORIENTED_EDGE ( 'NONE', *, *, #3016, .F. ) ;
#8189 = VERTEX_POINT ( 'NONE', #8512 ) ;
#8190 = LINE ( 'NONE', #330, #4614 ) ;
#8191 = ADVANCED_FACE ( 'NONE', ( #6697 ), #3387, .T. ) ;
#8192 = DIRECTION ( 'NONE',  ( 1.000000000000000000, 0.000000000000000000, 0.000000000000000000 ) ) ;
#8193 = DIRECTION ( 'NONE',  ( 0.000000000000000000, 0.000000000000000000, 1.000000000000000000 ) ) ;
#8194 = CARTESIAN_POINT ( 'NONE',  ( 0.03521476121726772185, 0.05236220472440945156, -0.008861003061858267749 ) ) ;
#8195 = ORIENTED_EDGE ( 'NONE', *, *, #5385, .T. ) ;
#8196 = EDGE_CURVE ( 'NONE', #3788, #4976, #6, .T. ) ;
#8197 = PLANE ( 'NONE',  #1067 ) ;
#8198 = LINE ( 'NONE', #2810, #1935 ) ;
#8199 = AXIS2_PLACEMENT_3D ( 'NONE', #2116, #3455, #7288 ) ;
#8200 = DIRECTION ( 'NONE',  ( -1.000000000000000000, 0.000000000000000000, 0.000000000000000000 ) ) ;
#8201 = CARTESIAN_POINT ( 'NONE',  ( -0.1643700787401574936, 0.05892761925988188737, -0.03543307086614566614 ) ) ;
#8202 = CIRCLE ( 'NONE', #4871, 0.003937007874015749712 ) ;
#8203 = ADVANCED_FACE ( 'NONE', ( #2694 ), #1265, .F. ) ;
#8204 = ORIENTED_EDGE ( 'NONE', *, *, #6592, .F. ) ;
#8205 = CARTESIAN_POINT ( 'NONE',  ( 0.1696850393700787274, 0.02362204724409055004, -0.1023622047244094474 ) ) ;
#8206 = LINE ( 'NONE', #7556, #8018 ) ;
#8207 = DIRECTION ( 'NONE',  ( -1.000000000000000000, 0.000000000000000000, 0.000000000000000000 ) ) ;
#8208 = ORIENTED_EDGE ( 'NONE', *, *, #831, .F. ) ;
#8209 = DIRECTION ( 'NONE',  ( 0.000000000000000000, 1.603865584551000345E-14, -1.000000000000000000 ) ) ;
#8210 = AXIS2_PLACEMENT_3D ( 'NONE', #8211, #1902, #7807 ) ;
#8211 = CARTESIAN_POINT ( 'NONE',  ( -0.09399606299212598381, -0.03602362204724409572, -0.09448818897637795144 ) ) ;
#8212 = VECTOR ( 'NONE', #4924, 39.37007874015748143 ) ;
#8213 = VERTEX_POINT ( 'NONE', #3903 ) ;
#8214 = ORIENTED_EDGE ( 'NONE', *, *, #6519, .F. ) ;
#8215 = VECTOR ( 'NONE', #3750, 39.37007874015748143 ) ;
#8216 = DIRECTION ( 'NONE',  ( 0.000000000000000000, 0.5817406044692027267, 0.8133743720525049570 ) ) ;
#8217 = ORIENTED_EDGE ( 'NONE', *, *, #5900, .F. ) ;
#8218 = CARTESIAN_POINT ( 'NONE',  ( -0.1651356080489763956, 0.07874015748031495954, -0.03444881889764173089 ) ) ;
#8219 = FACE_OUTER_BOUND ( 'NONE', #2285, .T. ) ;
#8220 = ORIENTED_EDGE ( 'NONE', *, *, #7158, .T. ) ;
#8221 = LINE ( 'NONE', #2187, #5235 ) ;
#8222 = VECTOR ( 'NONE', #3974, 39.37007874015748143 ) ;
#8223 = EDGE_CURVE ( 'NONE', #6809, #6019, #4641, .T. ) ;
#8224 = LINE ( 'NONE', #6837, #4739 ) ;
#8225 = EDGE_LOOP ( 'NONE', ( #3975, #1208, #771, #1254 ) ) ;
#8226 = CARTESIAN_POINT ( 'NONE',  ( -0.1702761082658661718, -0.01093332963860236401, 0.000000000000000000 ) ) ;
#8227 = ORIENTED_EDGE ( 'NONE', *, *, #1514, .T. ) ;
#8228 = CARTESIAN_POINT ( 'NONE',  ( 0.1696850393700787274, 0.02362204724409055004, -0.1377952755905511861 ) ) ;
#8229 = EDGE_LOOP ( 'NONE', ( #7451, #1024, #3724, #3509, #5876, #5131, #3985, #1426, #8204, #2848, #888, #5741, #4825, #3123, #316, #2977, #841, #5512, #3000, #1460, #4125, #8051, #4064, #4661, #6629 ) ) ;
#8230 = VECTOR ( 'NONE', #1662, 39.37007874015748143 ) ;
#8231 = DIRECTION ( 'NONE',  ( -0.000000000000000000, 1.000000000000000000, 0.000000000000000000 ) ) ;
#8232 = MECHANICAL_DESIGN_GEOMETRIC_PRESENTATION_REPRESENTATION (  '', ( #3926 ), #6427 ) ;
#8233 = DIRECTION ( 'NONE',  ( 0.000000000000000000, 0.5817406044676912691, -0.8133743720535858701 ) ) ;
#8234 = EDGE_CURVE ( 'NONE', #2530, #4613, #1359, .T. ) ;
#8235 = EDGE_CURVE ( 'NONE', #5586, #6885, #5995, .T. ) ;
#8236 = DIRECTION ( 'NONE',  ( 1.000000000000000000, 0.000000000000000000, 0.000000000000000000 ) ) ;
#8237 = LINE ( 'NONE', #5009, #7720 ) ;
#8238 = ORIENTED_EDGE ( 'NONE', *, *, #4778, .T. ) ;
#8239 = CARTESIAN_POINT ( 'NONE',  ( -0.1696850393700787274, -0.02480314960629921572, 0.000000000000000000 ) ) ;
#8240 = CIRCLE ( 'NONE', #5736, 0.003937007874015749712 ) ;
#8241 = DIRECTION ( 'NONE',  ( 1.000000000000000000, 0.000000000000000000, 0.000000000000000000 ) ) ;
#8242 = DIRECTION ( 'NONE',  ( 1.000000000000000000, 0.000000000000000000, 0.000000000000000000 ) ) ;
#8243 = CARTESIAN_POINT ( 'NONE',  ( -0.1427165354330708902, -0.04724409448818897572, -0.09448818897637795144 ) ) ;
#8244 = VECTOR ( 'NONE', #8556, 39.37007874015748143 ) ;
#8245 = EDGE_CURVE ( 'NONE', #3596, #3776, #5467, .T. ) ;
#8246 = VERTEX_POINT ( 'NONE', #6820 ) ;
#8247 = LINE ( 'NONE', #6901, #5026 ) ;
#8248 = CARTESIAN_POINT ( 'NONE',  ( 0.08661417322834646937, -0.05905511811023622659, -0.2047244094488188948 ) ) ;
#8249 = CARTESIAN_POINT ( 'NONE',  ( -0.1102362204724803146, -0.01692913385826771630, -0.1410558316531889678 ) ) ;
#8250 = VERTEX_POINT ( 'NONE', #959 ) ;
#8251 = CARTESIAN_POINT ( 'NONE',  ( 0.1102362204724409434, -0.04330708661417323468, -0.1696038517685826696 ) ) ;
#8252 = VECTOR ( 'NONE', #8290, 39.37007874015748143 ) ;
#8253 = ADVANCED_FACE ( 'NONE', ( #4773 ), #6780, .F. ) ;
#8254 = DIRECTION ( 'NONE',  ( 1.000000000000000000, 0.000000000000000000, 0.000000000000000000 ) ) ;
#8255 = VERTEX_POINT ( 'NONE', #836 ) ;
#8256 = CARTESIAN_POINT ( 'NONE',  ( -0.01559337880853548831, 0.05105288245014968918, -0.01138796946295100865 ) ) ;
#8257 = ORIENTED_EDGE ( 'NONE', *, *, #5833, .T. ) ;
#8258 = DIRECTION ( 'NONE',  ( -0.2676438637873015391, -0.9635179096296053736, 0.000000000000000000 ) ) ;
#8259 = DIRECTION ( 'NONE',  ( 1.000000000000000000, 0.000000000000000000, 0.000000000000000000 ) ) ;
#8260 = VERTEX_POINT ( 'NONE', #7557 ) ;
#8261 = CARTESIAN_POINT ( 'NONE',  ( -0.08661417322838584065, -0.04724409448818897572, 0.03122817830516141924 ) ) ;
#8262 = VECTOR ( 'NONE', #5490, 39.37007874015748143 ) ;
#8263 = DIRECTION ( 'NONE',  ( 1.000000000000000000, 0.000000000000000000, 0.000000000000000000 ) ) ;
#8264 = CARTESIAN_POINT ( 'NONE',  ( -0.01181102362206692784, -0.01463872515202362112, 0.005882354148547244178 ) ) ;
#8265 = VERTEX_POINT ( 'NONE', #4246 ) ;
#8266 = ORIENTED_EDGE ( 'NONE', *, *, #5109, .T. ) ;
#8267 = CARTESIAN_POINT ( 'NONE',  ( 0.01181102362202755829, -0.01299212598425196832, -0.1410558316531889678 ) ) ;
#8268 = AXIS2_PLACEMENT_3D ( 'NONE', #6301, #5434, #2143 ) ;
#8269 = EDGE_LOOP ( 'NONE', ( #3719, #2, #2906, #1889 ) ) ;
#8270 = ORIENTED_EDGE ( 'NONE', *, *, #69, .F. ) ;
#8271 = ORIENTED_EDGE ( 'NONE', *, *, #7012, .T. ) ;
#8272 = FACE_OUTER_BOUND ( 'NONE', #6781, .T. ) ;
#8273 = ORIENTED_EDGE ( 'NONE', *, *, #2818, .T. ) ;
#8274 = VECTOR ( 'NONE', #547, 39.37007874015748143 ) ;
#8275 = LINE ( 'NONE', #4923, #4035 ) ;
#8276 = CARTESIAN_POINT ( 'NONE',  ( 0.1696850393700787274, 0.06236220472437007528, -0.1023622047244094474 ) ) ;
#8277 =( NAMED_UNIT ( * ) PLANE_ANGLE_UNIT ( ) SI_UNIT ( $, .RADIAN. ) );
#8278 = ORIENTED_EDGE ( 'NONE', *, *, #6429, .T. ) ;
#8279 = DIRECTION ( 'NONE',  ( 0.000000000000000000, 1.000000000000000000, 0.000000000000000000 ) ) ;
#8280 = CIRCLE ( 'NONE', #7456, 0.008858267716535431213 ) ;
#8281 = ADVANCED_FACE ( 'NONE', ( #6861 ), #6739, .F. ) ;
#8282 = EDGE_CURVE ( 'NONE', #4091, #1883, #6903, .T. ) ;
#8283 = EDGE_CURVE ( 'NONE', #2388, #8564, #4911, .T. ) ;
#8284 = CARTESIAN_POINT ( 'NONE',  ( 0.1781496062992126150, 0.02775590551181495932, -0.01771653543307480372 ) ) ;
#8285 =( GEOMETRIC_REPRESENTATION_CONTEXT ( 3 ) GLOBAL_UNCERTAINTY_ASSIGNED_CONTEXT ( ( #4702 ) ) GLOBAL_UNIT_ASSIGNED_CONTEXT ( ( #6695, #93, #835 ) ) REPRESENTATION_CONTEXT ( 'NONE', 'WORKASPACE' ) );
#8286 = CARTESIAN_POINT ( 'NONE',  ( -0.08661417322838584065, -0.01299212598425590615, 0.000000000000000000 ) ) ;
#8287 = VERTEX_POINT ( 'NONE', #3591 ) ;
#8288 = CARTESIAN_POINT ( 'NONE',  ( -0.05757874015748031676, -0.02480314960629921572, -0.05265748031496062659 ) ) ;
#8289 = CARTESIAN_POINT ( 'NONE',  ( 0.06889763779527559306, -0.04724409448818897572, -0.06200787401574803237 ) ) ;
#8290 = DIRECTION ( 'NONE',  ( -1.776356839400000238E-14, 0.000000000000000000, 1.000000000000000000 ) ) ;
#8291 = EDGE_LOOP ( 'NONE', ( #7840, #407, #4738, #4292 ) ) ;
#8292 = CARTESIAN_POINT ( 'NONE',  ( 0.1309051772310629858, 0.07085306957173229114, -3.040523975374016065E-05 ) ) ;
#8293 = VECTOR ( 'NONE', #764, 39.37007874015748854 ) ;
#8294 = VECTOR ( 'NONE', #2696, 39.37007874015748143 ) ;
#8295 = CARTESIAN_POINT ( 'NONE',  ( -0.08267716535429132929, -0.02480314960629921572, -0.06200787401574803237 ) ) ;
#8296 = ORIENTED_EDGE ( 'NONE', *, *, #586, .T. ) ;
#8297 = CARTESIAN_POINT ( 'NONE',  ( 0.08661417322834646937, -0.05905511811023622659, 0.02532139787885039420 ) ) ;
#8298 = EDGE_CURVE ( 'NONE', #675, #4784, #304, .T. ) ;
#8299 = VERTEX_POINT ( 'NONE', #8044 ) ;
#8300 = FACE_OUTER_BOUND ( 'NONE', #1938, .T. ) ;
#8301 = DIRECTION ( 'NONE',  ( 1.000000000000000000, 0.000000000000000000, 0.000000000000000000 ) ) ;
#8302 = ORIENTED_EDGE ( 'NONE', *, *, #8092, .T. ) ;
#8303 = EDGE_CURVE ( 'NONE', #3034, #4447, #1575, .T. ) ;
#8304 = CARTESIAN_POINT ( 'NONE',  ( -0.08661417322838584065, -0.02480314960629921572, -0.009842519685039369942 ) ) ;
#8305 = VECTOR ( 'NONE', #4284, 39.37007874015748854 ) ;
#8306 = DIRECTION ( 'NONE',  ( -2.537652627712000089E-13, 1.000000000000000000, 0.000000000000000000 ) ) ;
#8307 = LINE ( 'NONE', #7741, #6542 ) ;
#8308 = ORIENTED_EDGE ( 'NONE', *, *, #8027, .F. ) ;
#8309 = VERTEX_POINT ( 'NONE', #7429 ) ;
#8310 = LINE ( 'NONE', #449, #1849 ) ;
#8311 = VECTOR ( 'NONE', #2167, 39.37007874015748143 ) ;
#8312 = ORIENTED_EDGE ( 'NONE', *, *, #7300, .F. ) ;
#8313 = PLANE ( 'NONE',  #6045 ) ;
#8314 = ORIENTED_EDGE ( 'NONE', *, *, #3393, .F. ) ;
#8315 = CARTESIAN_POINT ( 'NONE',  ( -0.08661417322838584065, -0.02480314960629921572, -0.09448818897637795144 ) ) ;
#8316 = ORIENTED_EDGE ( 'NONE', *, *, #8432, .T. ) ;
#8317 = DIRECTION ( 'NONE',  ( 1.000000000000000000, -5.999252021086458289E-14, 0.000000000000000000 ) ) ;
#8318 = CARTESIAN_POINT ( 'NONE',  ( -0.1102362204724409434, -0.04724409448818897572, -0.2047244094488188948 ) ) ;
#8319 = CARTESIAN_POINT ( 'NONE',  ( 0.1102362204724409434, -0.05905511811023622659, -0.1636970161619684949 ) ) ;
#8320 = PLANE ( 'NONE',  #4817 ) ;
#8321 = VERTEX_POINT ( 'NONE', #2218 ) ;
#8322 = LINE ( 'NONE', #8239, #3686 ) ;
#8323 = EDGE_CURVE ( 'NONE', #7615, #292, #6122, .T. ) ;
#8324 = DIRECTION ( 'NONE',  ( 0.000000000000000000, 0.000000000000000000, -1.000000000000000000 ) ) ;
#8325 = CARTESIAN_POINT ( 'NONE',  ( 0.07544596821913385210, 0.04881889693996063762, -0.007874015748031495954 ) ) ;
#8326 = EDGE_CURVE ( 'NONE', #901, #6880, #3428, .T. ) ;
#8327 = ORIENTED_EDGE ( 'NONE', *, *, #1530, .T. ) ;
#8328 = CIRCLE ( 'NONE', #567, 0.003937007874015749712 ) ;
#8329 = DIRECTION ( 'NONE',  ( 0.000000000000000000, -1.000000000000000000, 2.442490654174999814E-14 ) ) ;
#8330 = CARTESIAN_POINT ( 'NONE',  ( -0.08661417322838584065, -0.02480314960629921572, -0.1377952755905511861 ) ) ;
#8331 = ORIENTED_EDGE ( 'NONE', *, *, #5463, .T. ) ;
#8332 = DIRECTION ( 'NONE',  ( 1.000000000000000000, 0.000000000000000000, 0.000000000000000000 ) ) ;
#8333 = EDGE_CURVE ( 'NONE', #6132, #7838, #631, .T. ) ;
#8334 = EDGE_CURVE ( 'NONE', #6842, #7088, #2173, .T. ) ;
#8335 = EDGE_CURVE ( 'NONE', #5795, #1176, #3946, .T. ) ;
#8336 = VERTEX_POINT ( 'NONE', #7389 ) ;
#8337 = PLANE ( 'NONE',  #8103 ) ;
#8338 = CARTESIAN_POINT ( 'NONE',  ( -0.1781496062992126150, 0.03188976377952755514, -0.1023622047244094474 ) ) ;
#8339 = CARTESIAN_POINT ( 'NONE',  ( 0.1210629921259842590, -0.05905511811023622659, -0.02165354330707086952 ) ) ;
#8340 = VECTOR ( 'NONE', #926, 39.37007874015748143 ) ;
#8341 = ORIENTED_EDGE ( 'NONE', *, *, #7405, .T. ) ;
#8342 = CARTESIAN_POINT ( 'NONE',  ( -0.06889763779527559306, -0.04724409448818897572, -0.07578740157480315376 ) ) ;
#8343 = ADVANCED_FACE ( 'NONE', ( #8126 ), #2254, .T. ) ;
#8344 = VECTOR ( 'NONE', #417, 39.37007874015748143 ) ;
#8345 = PLANE ( 'NONE',  #4456 ) ;
#8346 = VECTOR ( 'NONE', #7311, 39.37007874015748854 ) ;
#8347 = CARTESIAN_POINT ( 'NONE',  ( 0.1255320020798819103, 0.01968503937007873988, -0.009842519685039369942 ) ) ;
#8348 = EDGE_LOOP ( 'NONE', ( #5536, #5518, #3656, #4606 ) ) ;
#8349 = VERTEX_POINT ( 'NONE', #7474 ) ;
#8350 = PLANE ( 'NONE',  #3370 ) ;
#8351 = EDGE_CURVE ( 'NONE', #7563, #8255, #4860, .T. ) ;
#8352 = ORIENTED_EDGE ( 'NONE', *, *, #8425, .F. ) ;
#8353 = FACE_OUTER_BOUND ( 'NONE', #5173, .T. ) ;
#8354 = ORIENTED_EDGE ( 'NONE', *, *, #5484, .T. ) ;
#8355 = PLANE ( 'NONE',  #1592 ) ;
#8356 = ORIENTED_EDGE ( 'NONE', *, *, #8516, .F. ) ;
#8357 = CARTESIAN_POINT ( 'NONE',  ( 0.09153543307086613179, 0.07874015748031495954, -0.008858267716531496860 ) ) ;
#8358 = CIRCLE ( 'NONE', #47, 0.003937007874015749712 ) ;
#8359 = DIRECTION ( 'NONE',  ( 1.000000000000000000, 0.000000000000000000, 0.000000000000000000 ) ) ;
#8360 = PRODUCT_RELATED_PRODUCT_CATEGORY ( 'part', '', ( #665 ) ) ;
#8361 = AXIS2_PLACEMENT_3D ( 'NONE', #8552, #1356, #3995 ) ;
#8362 = PLANE ( 'NONE',  #3209 ) ;
#8363 = ORIENTED_EDGE ( 'NONE', *, *, #641, .F. ) ;
#8364 = EDGE_LOOP ( 'NONE', ( #490, #7317, #1547, #684 ) ) ;
#8365 = CARTESIAN_POINT ( 'NONE',  ( 0.1318897637795275746, -0.05314960629921260116, -0.04330708661417323468 ) ) ;
#8366 = VECTOR ( 'NONE', #1449, 39.37007874015748143 ) ;
#8367 = LINE ( 'NONE', #3185, #5831 ) ;
#8368 = CARTESIAN_POINT ( 'NONE',  ( -0.09842519685043307764, -0.02480314960629921572, -0.06889763779527559306 ) ) ;
#8369 = AXIS2_PLACEMENT_3D ( 'NONE', #715, #3219, #628 ) ;
#8370 = VERTEX_POINT ( 'NONE', #6170 ) ;
#8371 = VERTEX_POINT ( 'NONE', #2858 ) ;
#8372 = FACE_OUTER_BOUND ( 'NONE', #6217, .T. ) ;
#8373 = DIRECTION ( 'NONE',  ( 0.000000000000000000, 2.442490654174999814E-14, 1.000000000000000000 ) ) ;
#8374 = LINE ( 'NONE', #7637, #2416 ) ;
#8375 = ORIENTED_EDGE ( 'NONE', *, *, #7906, .F. ) ;
#8376 = LINE ( 'NONE', #7685, #3854 ) ;
#8377 = AXIS2_PLACEMENT_3D ( 'NONE', #5381, #7867, #4000 ) ;
#8378 = DIRECTION ( 'NONE',  ( 2.368475785866000134E-13, 1.000000000000000000, 0.000000000000000000 ) ) ;
#8379 = ORIENTED_EDGE ( 'NONE', *, *, #3144, .T. ) ;
#8380 = DIRECTION ( 'NONE',  ( 0.000000000000000000, 0.000000000000000000, -1.000000000000000000 ) ) ;
#8381 = FACE_BOUND ( 'NONE', #5403, .T. ) ;
#8382 = LINE ( 'NONE', #7736, #621 ) ;
#8383 = ORIENTED_EDGE ( 'NONE', *, *, #1816, .T. ) ;
#8384 = DIRECTION ( 'NONE',  ( 0.000000000000000000, 1.000000000000000000, 0.000000000000000000 ) ) ;
#8385 = EDGE_CURVE ( 'NONE', #2700, #8467, #5511, .T. ) ;
#8386 = LINE ( 'NONE', #7740, #7241 ) ;
#8387 = CARTESIAN_POINT ( 'NONE',  ( -0.08661417322838584065, -0.02480314960629921572, -0.06200787401574803237 ) ) ;
#8388 = ORIENTED_EDGE ( 'NONE', *, *, #858, .T. ) ;
#8389 = ORIENTED_EDGE ( 'NONE', *, *, #3557, .F. ) ;
#8390 = CARTESIAN_POINT ( 'NONE',  ( 0.01181102362202755829, -0.05905511811023622659, 0.06692913385826770867 ) ) ;
#8391 = VERTEX_POINT ( 'NONE', #7767 ) ;
#8392 = DIRECTION ( 'NONE',  ( 0.000000000000000000, 1.000000000000000000, 0.000000000000000000 ) ) ;
#8393 = VERTEX_POINT ( 'NONE', #2373 ) ;
#8394 = CARTESIAN_POINT ( 'NONE',  ( 0.1496062992125984370, 0.07086614173228346358, -0.1023622047244094474 ) ) ;
#8395 = ORIENTED_EDGE ( 'NONE', *, *, #7052, .F. ) ;
#8396 = CARTESIAN_POINT ( 'NONE',  ( -0.01181102362205511611, -0.01889763779527559029, -0.06889763779527559306 ) ) ;
#8397 = CLOSED_SHELL ( 'NONE', ( #6370, #2490, #2802, #4414, #5757, #3069, #5320, #5547, #2809, #8087, #3666, #3657, #1977, #1161, #2056, #2541, #6286, #6380, #3551, #2554, #8413, #1675 ) ) ;
#8398 = LINE ( 'NONE', #5706, #300 ) ;
#8399 = DIRECTION ( 'NONE',  ( -1.000000000000000000, 0.000000000000000000, 4.144832625269000252E-14 ) ) ;
#8400 = ORIENTED_EDGE ( 'NONE', *, *, #2553, .F. ) ;
#8401 = ORIENTED_EDGE ( 'NONE', *, *, #4728, .F. ) ;
#8402 = DIRECTION ( 'NONE',  ( 0.000000000000000000, 0.000000000000000000, 1.000000000000000000 ) ) ;
#8403 = EDGE_CURVE ( 'NONE', #6019, #6496, #350, .T. ) ;
#8404 = VECTOR ( 'NONE', #3810, 39.37007874015748143 ) ;
#8405 = CARTESIAN_POINT ( 'NONE',  ( -0.1786417322834645549, 0.03188976377950786950, -0.06889763779527559306 ) ) ;
#8406 = LINE ( 'NONE', #3143, #2924 ) ;
#8407 = AXIS2_PLACEMENT_3D ( 'NONE', #2718, #6150, #7331 ) ;
#8408 = LINE ( 'NONE', #1207, #1496 ) ;
#8409 = ORIENTED_EDGE ( 'NONE', *, *, #3644, .F. ) ;
#8410 = ORIENTED_EDGE ( 'NONE', *, *, #7445, .T. ) ;
#8411 = CARTESIAN_POINT ( 'NONE',  ( 0.08267716535433070058, -0.04724409448818897572, -0.09448818897637795144 ) ) ;
#8412 = PLANE ( 'NONE',  #5506 ) ;
#8413 = ADVANCED_FACE ( 'NONE', ( #1654 ), #6983, .T. ) ;
#8414 = CARTESIAN_POINT ( 'NONE',  ( -0.1053149606299212532, -0.02480314960629921572, -0.04330708661417323468 ) ) ;
#8415 = LINE ( 'NONE', #5723, #8305 ) ;
#8416 = CARTESIAN_POINT ( 'NONE',  ( -0.1781496062992126150, -0.01102362204724409434, 0.000000000000000000 ) ) ;
#8417 = ORIENTED_EDGE ( 'NONE', *, *, #3757, .T. ) ;
#8418 = LINE ( 'NONE', #312, #8230 ) ;
#8419 = VECTOR ( 'NONE', #6404, 39.37007874015748143 ) ;
#8420 = DIRECTION ( 'NONE',  ( -1.000000000000000000, 0.000000000000000000, 0.000000000000000000 ) ) ;
#8421 = DIRECTION ( 'NONE',  ( 0.000000000000000000, -8.673617379884032443E-13, 1.000000000000000000 ) ) ;
#8422 = ORIENTED_EDGE ( 'NONE', *, *, #4856, .T. ) ;
#8423 = LINE ( 'NONE', #8342, #4401 ) ;
#8424 = VECTOR ( 'NONE', #847, 39.37007874015748143 ) ;
#8425 = EDGE_CURVE ( 'NONE', #7128, #5327, #390, .T. ) ;
#8426 = FACE_OUTER_BOUND ( 'NONE', #1810, .T. ) ;
#8427 = PLANE ( 'NONE',  #3198 ) ;
#8428 = ORIENTED_EDGE ( 'NONE', *, *, #4036, .T. ) ;
#8429 = CARTESIAN_POINT ( 'NONE',  ( -0.08661417322838584065, -0.05511811023622047168, -0.1636970161619684949 ) ) ;
#8430 = ORIENTED_EDGE ( 'NONE', *, *, #7916, .T. ) ;
#8431 = CARTESIAN_POINT ( 'NONE',  ( 0.01998681779692913427, 0.05236220472440945156, 0.000000000000000000 ) ) ;
#8432 = EDGE_CURVE ( 'NONE', #1487, #301, #5720, .T. ) ;
#8433 = VERTEX_POINT ( 'NONE', #6422 ) ;
#8434 = CARTESIAN_POINT ( 'NONE',  ( 0.1702769989558661490, 0.03040796100501574548, -0.03149606299212992511 ) ) ;
#8435 = VERTEX_POINT ( 'NONE', #513 ) ;
#8436 = CARTESIAN_POINT ( 'NONE',  ( -0.08661417322838584065, -0.04330708661417323468, 0.03122817830516141924 ) ) ;
#8437 = AXIS2_PLACEMENT_3D ( 'NONE', #6035, #4719, #4766 ) ;
#8438 = EDGE_CURVE ( 'NONE', #6266, #156, #8374, .T. ) ;
#8439 = CARTESIAN_POINT ( 'NONE',  ( 0.1427165354330708902, -0.05314960629921260116, -0.1053149606299212532 ) ) ;
#8440 = ORIENTED_EDGE ( 'NONE', *, *, #1775, .T. ) ;
#8441 = VECTOR ( 'NONE', #7591, 39.37007874015748143 ) ;
#8442 = LINE ( 'NONE', #7672, #3493 ) ;
#8443 = EDGE_CURVE ( 'NONE', #6880, #1561, #7027, .T. ) ;
#8444 = ORIENTED_EDGE ( 'NONE', *, *, #7753, .F. ) ;
#8445 = ORIENTED_EDGE ( 'NONE', *, *, #6290, .T. ) ;
#8446 = EDGE_CURVE ( 'NONE', #5318, #8543, #6448, .T. ) ;
#8447 = DIRECTION ( 'NONE',  ( 0.000000000000000000, 1.000000000000000000, 0.000000000000000000 ) ) ;
#8448 = DIRECTION ( 'NONE',  ( 0.9999342502356417528, 0.01146713589721047762, 0.000000000000000000 ) ) ;
#8449 = CARTESIAN_POINT ( 'NONE',  ( 0.1102362204724409434, -0.01692913385826771630, 0.002680158189764960449 ) ) ;
#8450 = EDGE_CURVE ( 'NONE', #7983, #2593, #346, .T. ) ;
#8451 = FACE_OUTER_BOUND ( 'NONE', #7594, .T. ) ;
#8452 = EDGE_CURVE ( 'NONE', #1196, #4134, #5766, .T. ) ;
#8453 = DIRECTION ( 'NONE',  ( -0.9999342502356418638, 0.01146713589719047972, -2.272626531412094682E-12 ) ) ;
#8454 = VERTEX_POINT ( 'NONE', #8330 ) ;
#8455 = CARTESIAN_POINT ( 'NONE',  ( 0.06889763779527559306, -0.04724409448818897572, -0.07578740157480315376 ) ) ;
#8456 = FACE_OUTER_BOUND ( 'NONE', #815, .T. ) ;
#8457 = CARTESIAN_POINT ( 'NONE',  ( 0.1651356080489763956, 0.07874015748031495954, 0.000000000000000000 ) ) ;
#8458 = DIRECTION ( 'NONE',  ( -2.740664837932000272E-14, 0.000000000000000000, -1.000000000000000000 ) ) ;
#8459 = EDGE_CURVE ( 'NONE', #2073, #4348, #4450, .T. ) ;
#8460 = EDGE_CURVE ( 'NONE', #4301, #1278, #6942, .T. ) ;
#8461 = EDGE_CURVE ( 'NONE', #4257, #2670, #5021, .T. ) ;
#8462 = VERTEX_POINT ( 'NONE', #2421 ) ;
#8463 = CARTESIAN_POINT ( 'NONE',  ( -0.1496062992125984370, 0.07874015748031495954, -0.1377952755905511861 ) ) ;
#8464 = DIRECTION ( 'NONE',  ( 0.000000000000000000, 1.000000000000000000, 0.000000000000000000 ) ) ;
#8465 = CARTESIAN_POINT ( 'NONE',  ( -0.08267716535433070058, -0.04724409448818897572, -0.07578740157480315376 ) ) ;
#8466 = DIRECTION ( 'NONE',  ( -0.9999342502356395324, 0.01146713589740043504, -4.028192740995753074E-15 ) ) ;
#8467 = VERTEX_POINT ( 'NONE', #6293 ) ;
#8468 = CARTESIAN_POINT ( 'NONE',  ( -0.1240157480314960647, 0.07086614173228346358, -0.004921259842511811061 ) ) ;
#8469 = CIRCLE ( 'NONE', #2101, 0.01771653543307087283 ) ;
#8470 = VECTOR ( 'NONE', #6025, 39.37007874015748143 ) ;
#8471 = CARTESIAN_POINT ( 'NONE',  ( -0.08661417322838584065, -0.02480314960629921572, -0.1279527559055118058 ) ) ;
#8472 = DIRECTION ( 'NONE',  ( 0.000000000000000000, 0.000000000000000000, -1.000000000000000000 ) ) ;
#8473 = AXIS2_PLACEMENT_3D ( 'NONE', #6381, #433, #7905 ) ;
#8474 = ORIENTED_EDGE ( 'NONE', *, *, #3830, .T. ) ;
#8475 = ORIENTED_EDGE ( 'NONE', *, *, #5901, .F. ) ;
#8476 = LINE ( 'NONE', #7618, #7103 ) ;
#8477 = ORIENTED_EDGE ( 'NONE', *, *, #2045, .F. ) ;
#8478 = PLANE ( 'NONE',  #1483 ) ;
#8479 = VERTEX_POINT ( 'NONE', #4978 ) ;
#8480 = DIRECTION ( 'NONE',  ( -1.578983857245000049E-14, 0.000000000000000000, 1.000000000000000000 ) ) ;
#8481 = EDGE_LOOP ( 'NONE', ( #1509, #5703, #1887, #4261 ) ) ;
#8482 = CARTESIAN_POINT ( 'NONE',  ( -0.1781496062992126150, 0.02362204724409055004, -0.1377952755905511861 ) ) ;
#8483 = EDGE_CURVE ( 'NONE', #3530, #50, #5062, .T. ) ;
#8484 = AXIS2_PLACEMENT_3D ( 'NONE', #2522, #4646, #667 ) ;
#8485 = VECTOR ( 'NONE', #239, 39.37007874015748143 ) ;
#8486 = CARTESIAN_POINT ( 'NONE',  ( -0.1716426071740944914, 0.05531496062992126428, -0.06889763779527559306 ) ) ;
#8487 = CARTESIAN_POINT ( 'NONE',  ( -0.08661417322838584065, -0.02480314960629921572, 0.000000000000000000 ) ) ;
#8488 = EDGE_LOOP ( 'NONE', ( #4113, #5046, #927, #3368, #6191, #7037 ) ) ;
#8489 = ORIENTED_EDGE ( 'NONE', *, *, #3195, .F. ) ;
#8490 = VECTOR ( 'NONE', #966, 39.37007874015748143 ) ;
#8491 = VECTOR ( 'NONE', #7761, 39.37007874015748854 ) ;
#8492 = DIRECTION ( 'NONE',  ( 1.000000000000000000, 0.000000000000000000, 0.000000000000000000 ) ) ;
#8493 = ADVANCED_FACE ( 'NONE', ( #4326 ), #3674, .F. ) ;
#8494 = ADVANCED_FACE ( 'NONE', ( #4370 ), #7727, .T. ) ;
#8495 = VECTOR ( 'NONE', #74, 39.37007874015748143 ) ;
#8496 = LINE ( 'NONE', #7677, #2503 ) ;
#8497 = LINE ( 'NONE', #5715, #4884 ) ;
#8498 = PLANE ( 'NONE',  #4883 ) ;
#8499 = DIRECTION ( 'NONE',  ( 0.000000000000000000, 0.000000000000000000, -1.000000000000000000 ) ) ;
#8500 = VERTEX_POINT ( 'NONE', #3759 ) ;
#8501 = FACE_OUTER_BOUND ( 'NONE', #6198, .T. ) ;
#8502 = CARTESIAN_POINT ( 'NONE',  ( -0.1053149606299212532, -0.04724409448818897572, -0.04330708661417323468 ) ) ;
#8503 = PLANE ( 'NONE',  #79 ) ;
#8504 = AXIS2_PLACEMENT_3D ( 'NONE', #3215, #573, #4649 ) ;
#8505 = CARTESIAN_POINT ( 'NONE',  ( -0.01181102362205511611, -0.01299212598425590615, 0.000000000000000000 ) ) ;
#8506 = DIRECTION ( 'NONE',  ( -1.000000000000000000, 0.000000000000000000, 0.000000000000000000 ) ) ;
#8507 = EDGE_CURVE ( 'NONE', #2869, #3714, #470, .T. ) ;
#8508 = ORIENTED_EDGE ( 'NONE', *, *, #1224, .F. ) ;
#8509 = CARTESIAN_POINT ( 'NONE',  ( 0.08661417322834646937, -0.02874015748031496023, -0.003225287050151574592 ) ) ;
#8510 = DIRECTION ( 'NONE',  ( 1.000000000000000000, 0.000000000000000000, 0.000000000000000000 ) ) ;
#8511 = LINE ( 'NONE', #3251, #3271 ) ;
#8512 = CARTESIAN_POINT ( 'NONE',  ( 0.1427165354330708902, -0.04724409448818897572, -0.09448818897637795144 ) ) ;
#8513 = ORIENTED_EDGE ( 'NONE', *, *, #6365, .F. ) ;
#8514 = CARTESIAN_POINT ( 'NONE',  ( 0.1781496062992126150, -0.01102362204724409434, 0.000000000000000000 ) ) ;
#8515 = AXIS2_PLACEMENT_3D ( 'NONE', #1064, #3046, #1105 ) ;
#8516 = EDGE_CURVE ( 'NONE', #2345, #2436, #5105, .T. ) ;
#8517 = CARTESIAN_POINT ( 'NONE',  ( 0.1210629921259842590, -0.04724409448818897572, -0.09448818897637795144 ) ) ;
#8518 = CARTESIAN_POINT ( 'NONE',  ( 0.01181102362202755829, -0.05905511811023622659, -0.1636970161619684949 ) ) ;
#8519 = AXIS2_PLACEMENT_3D ( 'NONE', #4912, #1623, #2308 ) ;
#8520 = ORIENTED_EDGE ( 'NONE', *, *, #8172, .T. ) ;
#8521 = ORIENTED_EDGE ( 'NONE', *, *, #3405, .F. ) ;
#8522 = CARTESIAN_POINT ( 'NONE',  ( -0.1739173228346456990, 0.02362204724409055004, -0.01771653543307480372 ) ) ;
#8523 = ORIENTED_EDGE ( 'NONE', *, *, #4960, .T. ) ;
#8524 = DIRECTION ( 'NONE',  ( -1.000000000000000000, 0.000000000000000000, 0.000000000000000000 ) ) ;
#8525 = ORIENTED_EDGE ( 'NONE', *, *, #1923, .T. ) ;
#8526 = CARTESIAN_POINT ( 'NONE',  ( 0.06978942972114172971, 0.07086614173228346358, -0.03937007874015747977 ) ) ;
#8527 = VERTEX_POINT ( 'NONE', #4633 ) ;
#8528 = CARTESIAN_POINT ( 'NONE',  ( 0.1549212598425196985, -0.02480314960629921572, -0.009842519685031497767 ) ) ;
#8529 = AXIS2_PLACEMENT_3D ( 'NONE', #224, #2774, #4727 ) ;
#8530 = DIRECTION ( 'NONE',  ( -1.000000000000000000, 0.000000000000000000, 0.000000000000000000 ) ) ;
#8531 = ORIENTED_EDGE ( 'NONE', *, *, #158, .F. ) ;
#8532 = VERTEX_POINT ( 'NONE', #7857 ) ;
#8533 = CARTESIAN_POINT ( 'NONE',  ( -0.1696850393700787274, 0.06236220472440944657, -0.1023622047244094474 ) ) ;
#8534 = EDGE_LOOP ( 'NONE', ( #3013, #2637, #879, #5929 ) ) ;
#8535 = VERTEX_POINT ( 'NONE', #2505 ) ;
#8536 = CARTESIAN_POINT ( 'NONE',  ( 0.1427165354330708902, -0.05905511811023622659, -0.04330708661417323468 ) ) ;
#8537 = EDGE_CURVE ( 'NONE', #4371, #4022, #1397, .T. ) ;
#8538 = LINE ( 'NONE', #5978, #3050 ) ;
#8539 = CARTESIAN_POINT ( 'NONE',  ( 0.08661417322834646937, -0.02480314960629921572, 0.000000000000000000 ) ) ;
#8540 = EDGE_CURVE ( 'NONE', #1241, #6049, #556, .T. ) ;
#8541 = FACE_OUTER_BOUND ( 'NONE', #4581, .T. ) ;
#8542 = DIRECTION ( 'NONE',  ( 1.000000000000000000, 0.000000000000000000, 0.000000000000000000 ) ) ;
#8543 = VERTEX_POINT ( 'NONE', #5807 ) ;
#8544 = CARTESIAN_POINT ( 'NONE',  ( -0.01181102362205511611, -0.01299212598425196832, -0.1377952755905511861 ) ) ;
#8545 = DIRECTION ( 'NONE',  ( 0.000000000000000000, 0.000000000000000000, -1.000000000000000000 ) ) ;
#8546 = ADVANCED_FACE ( 'NONE', ( #7296 ), #8503, .F. ) ;
#8547 = LINE ( 'NONE', #603, #5891 ) ;
#8548 = CARTESIAN_POINT ( 'NONE',  ( -0.1102362204724803146, -0.02874015748031496023, -0.003225287050151574592 ) ) ;
#8549 = CARTESIAN_POINT ( 'NONE',  ( 0.1549212598425196985, -0.02480314960629921572, -0.009842519685031497767 ) ) ;
#8550 = VECTOR ( 'NONE', #4683, 39.37007874015748143 ) ;
#8551 = ORIENTED_EDGE ( 'NONE', *, *, #4478, .F. ) ;
#8552 = CARTESIAN_POINT ( 'NONE',  ( 0.01073431161089763788, 0.07086614173228346358, -0.06889763779527559306 ) ) ;
#8553 = CARTESIAN_POINT ( 'NONE',  ( 0.1102362204724409434, -0.05905511811023622659, -0.2047244094488188948 ) ) ;
#8554 = EDGE_CURVE ( 'NONE', #8022, #3270, #1324, .T. ) ;
#8555 = CARTESIAN_POINT ( 'NONE',  ( 0.1210629921259842590, -0.05905511811023622659, -0.04330708661417323468 ) ) ;
#8556 = DIRECTION ( 'NONE',  ( -1.000000000000000000, 0.000000000000000000, -1.308894513242000271E-14 ) ) ;
#8557 = ORIENTED_EDGE ( 'NONE', *, *, #5437, .T. ) ;
#8558 = CARTESIAN_POINT ( 'NONE',  ( -0.08661417322838584065, -0.02480314960629921572, -0.04330708661417323468 ) ) ;
#8559 = MECHANICAL_DESIGN_GEOMETRIC_PRESENTATION_REPRESENTATION (  '', ( #6762 ), #4382 ) ;
#8560 = DIRECTION ( 'NONE',  ( 0.000000000000000000, 0.000000000000000000, 1.000000000000000000 ) ) ;
#8561 = EDGE_CURVE ( 'NONE', #4360, #1552, #3290, .T. ) ;
#8562 = AXIS2_PLACEMENT_3D ( 'NONE', #1907, #7152, #4535 ) ;
#8563 = LINE ( 'NONE', #5341, #167 ) ;
#8564 = VERTEX_POINT ( 'NONE', #6644 ) ;
#8565 = ADVANCED_FACE ( 'NONE', ( #45 ), #2042, .F. ) ;
#8566 = VERTEX_POINT ( 'NONE', #6509 ) ;
#8567 = LINE ( 'NONE', #5301, #4894 ) ;
#8568 = EDGE_LOOP ( 'NONE', ( #6146, #4148, #2418, #4567 ) ) ;
#8569 = DIRECTION ( 'NONE',  ( 1.000000000000000000, 0.000000000000000000, 0.000000000000000000 ) ) ;
#8570 = EDGE_LOOP ( 'NONE', ( #2796, #7475, #336, #6119, #1604, #8583 ) ) ;
#8571 = CARTESIAN_POINT ( 'NONE',  ( 0.1102362204724409434, -0.01463872515205118068, -0.1442580276120078997 ) ) ;
#8572 = ORIENTED_EDGE ( 'NONE', *, *, #3453, .T. ) ;
#8573 = DIRECTION ( 'NONE',  ( 0.000000000000000000, -1.000000000000000000, 0.000000000000000000 ) ) ;
#8574 = CIRCLE ( 'NONE', #5373, 0.003937007874015741038 ) ;
#8575 = DIRECTION ( 'NONE',  ( 1.000000000000000000, 0.000000000000000000, 0.000000000000000000 ) ) ;
#8576 = ORIENTED_EDGE ( 'NONE', *, *, #5912, .T. ) ;
#8577 = EDGE_CURVE ( 'NONE', #5508, #2787, #8547, .T. ) ;
#8578 = VERTEX_POINT ( 'NONE', #5233 ) ;
#8579 = CARTESIAN_POINT ( 'NONE',  ( -0.08661417322838584065, -0.02480314960629921572, -0.07578740157480315376 ) ) ;
#8580 = CIRCLE ( 'NONE', #3303, 0.01279527559055117746 ) ;
#8581 = EDGE_LOOP ( 'NONE', ( #668, #1192 ) ) ;
#8582 = VERTEX_POINT ( 'NONE', #1211 ) ;
#8583 = ORIENTED_EDGE ( 'NONE', *, *, #3491, .T. ) ;
#8584 = DIRECTION ( 'NONE',  ( 0.01146713589728045636, -0.9999342502356407536, 0.000000000000000000 ) ) ;
#8585 = CIRCLE ( 'NONE', #5104, 0.003937007874015747977 ) ;
#8586 = DIRECTION ( 'NONE',  ( 0.000000000000000000, 0.000000000000000000, -1.000000000000000000 ) ) ;
#8587 = CARTESIAN_POINT ( 'NONE',  ( 0.1102362204724015721, -0.01299212598425590615, 0.000000000000000000 ) ) ;
#8588 = DIRECTION ( 'NONE',  ( 1.000000000000000000, 0.000000000000000000, 0.000000000000000000 ) ) ;
#8589 = PLANE ( 'NONE',  #1206 ) ;
#8590 = ORIENTED_EDGE ( 'NONE', *, *, #6581, .F. ) ;
#8591 = CARTESIAN_POINT ( 'NONE',  ( -0.09399606299208661253, -0.03602362204724409572, -0.06200787401574803237 ) ) ;
#8592 = DIRECTION ( 'NONE',  ( 0.000000000000000000, -1.000000000000000000, -7.058156142880631846E-13 ) ) ;
#8593 = AXIS2_PLACEMENT_3D ( 'NONE', #7425, #5285, #654 ) ;
#8594 = CARTESIAN_POINT ( 'NONE',  ( -0.08661417322838584065, -0.04559749532043306380, -0.1664016558098031506 ) ) ;
#8595 = LINE ( 'NONE', #4678, #2213 ) ;
ENDSEC;
END-ISO-10303-21;
