#VRML V2.0 utf8
# 3D model generated by easyeda2kicad.py (https://github.com/uPesy/easyeda2kicad.py)

Shape{
    appearance Appearance {
        material  Material 	{
            diffuseColor 0.7529411764705882 0.7529411764705882 0.7529411764705882
            specularColor 0.6627450980392157 0.6627450980392157 0.6627450980392157
            ambientIntensity 0.7529
            transparency 0.0
            shininess 0.5
        }
    }
    geometry IndexedFaceSet {
        ccw TRUE
        solid FALSE
        coord DEF co Coordinate {
            point [
                -1.2992 -0.4843 0.1066, -1.2992 -0.4843 0.0787, -1.2992 -0.6417 0.0787, -1.2992 0.2244 0.0787, -1.2992 0.2244 0.1066, -1.2992 0.3819 0.0787, -1.2992 0.2231 0.1167, -1.2992 0.3819 0.2756, -1.2992 0.2191 0.1262, -1.2992 -0.4646 0.1406, -1.2992 -0.4727 0.1344, -1.2992 -0.6417 0.2756, -1.2992 -0.479 0.1262, -1.2992 -0.4829 0.1167, -1.2992 -0.4551 0.1446, -1.2992 -0.4678 0.2756, -1.2992 -0.4449 0.1459, -1.2992 0.2129 0.1344, -1.2992 0.2047 0.1406, -1.2992 0.2079 0.2756, -1.2992 0.1952 0.1446, -1.2992 0.1983 0.2768, -1.2992 0.185 0.1459, -1.2992 0.1892 0.2803, -1.2992 -0.4581 0.2768, -1.2992 -0.449 0.2803, -1.2992 -0.2183 0.1459, -1.2992 0.1813 0.286, -1.2992 -0.0246 0.1459, -1.2992 0.175 0.2934, -1.2992 -0.0344 0.1472, -1.2992 -0.0435 0.1508, -1.2992 -0.4503 0.4528, -1.2992 0.1905 0.4528, -1.2992 -0.4289 0.3213, -1.2992 0.169 0.3213, -1.2992 -0.4285 0.3116, -1.2992 0.1687 0.3116, -1.2992 0.1707 0.3021, -1.2992 -0.0515 0.1566, -1.2992 -0.073 0.1725, -1.2992 -0.0975 0.183, -1.2992 -0.4411 0.286, -1.2992 -0.4348 0.2934, -1.2992 -0.1991 0.1644, -1.2992 -0.4305 0.3021, -1.2992 -0.176 0.1779, -1.2992 -0.1505 0.1858, -1.2992 -0.1239 0.1875, 1.2992 0.2244 0.1066, 1.2992 0.2244 0.0787, 1.2992 0.3819 0.0787, 1.2992 0.2047 0.1406, 1.2992 0.2129 0.1344, 1.2992 0.3819 0.2756, 1.2992 0.2191 0.1262, 1.2992 0.2231 0.1167, 1.2992 -0.479 0.1262, 1.2992 -0.6417 0.2756, 1.2992 -0.4829 0.1167, 1.2992 -0.6417 0.0787, 1.2992 -0.4843 0.1066, 1.2992 -0.4843 0.0787, 1.2992 0.1952 0.1446, 1.2992 0.2079 0.2756, 1.2992 0.185 0.1459, 1.2992 -0.4285 0.3116, 1.2992 0.1687 0.3116, 1.2992 -0.4289 0.3213, 1.2992 0.169 0.3213, 1.2992 -0.4503 0.4528, 1.2992 0.1905 0.4528, 1.2992 -0.4727 0.1344, 1.2992 -0.4646 0.1406, 1.2992 -0.4678 0.2756, 1.2992 -0.4551 0.1446, 1.2992 -0.4581 0.2768, 1.2992 -0.4449 0.1459, 1.2992 0.1983 0.2768, 1.2992 0.1892 0.2803, 1.2992 -0.0246 0.1459, 1.2992 0.1813 0.286, 1.2992 -0.0344 0.1472, 1.2992 0.175 0.2934, 1.2992 -0.4305 0.3021, 1.2992 -0.4348 0.2934, 1.2992 -0.2183 0.1459, 1.2992 -0.4411 0.286, 1.2992 -0.449 0.2803, 1.2992 -0.176 0.1779, 1.2992 -0.1505 0.1858, 1.2992 0.1707 0.3021, 1.2992 -0.1239 0.1875, 1.2992 -0.0975 0.183, 1.2992 -0.1991 0.1644, 1.2992 -0.073 0.1725, 1.2992 -0.0515 0.1566, 1.2992 -0.0435 0.1508, 1.0337 -0.6713 0.4724, -1.0337 -0.6713 0.4724, -1.0337 -0.4535 0.4724, -1.2205 -0.4535 0.4724, -1.2205 0.1937 0.4724, -1.0337 0.1937 0.4724, 1.0337 -0.4535 0.4724, -1.0337 0.4114 0.4724, 1.0337 0.4114 0.4724, 1.0337 0.1937 0.4724, 1.2205 0.1937 0.4724, 1.2205 -0.4535 0.4724, 1.0337 0.4114 0.5512, 1.0337 0.1937 0.5512, -1.0337 0.4114 0.5512, -1.0337 0.1937 0.5512, -1.2008 0.1937 0.5512, -1.2972 0.1937 0.4724, -1.2959 0.1937 0.4782, -1.286 0.1937 0.502, -1.2704 0.1937 0.5224, -1.25 0.1937 0.538, -1.2263 0.1937 0.5478, -1.0337 -0.4535 0.5512, -1.2008 -0.4535 0.5512, -1.25 -0.4535 0.538, -1.2704 -0.4535 0.5224, -1.2263 -0.4535 0.5478, -1.286 -0.4535 0.502, -1.2959 -0.4535 0.4782, -1.2972 -0.4535 0.4724, -1.0337 -0.6713 0.5512, 1.0337 -0.6713 0.5512, 1.0337 -0.4535 0.5512, 1.2008 -0.4535 0.5512, 1.2972 -0.4535 0.4724, 1.2959 -0.4535 0.4782, 1.286 -0.4535 0.502, 1.2704 -0.4535 0.5224, 1.25 -0.4535 0.538, 1.2263 -0.4535 0.5478, 1.2008 0.1937 0.5512, 1.25 0.1937 0.538, 1.2704 0.1937 0.5224, 1.2263 0.1937 0.5478, 1.286 0.1937 0.502, 1.2959 0.1937 0.4782, 1.2972 0.1937 0.4724, 1.2205 0.169 0.3213, 1.2205 0.1687 0.3116, 1.2205 0.1707 0.3021, 1.2205 0.175 0.2934, 1.2205 0.1813 0.286, 1.2205 0.1892 0.2803, 1.2205 0.1983 0.2768, 1.2205 0.2079 0.2756, 1.2205 0.3819 0.2756, 1.2205 0.3819 0.0984, 1.4941 0.3819 0.0787, 1.4941 0.3819 0.0, 1.3189 0.3819 0.0, 1.2493 0.3819 0.0288, 1.2337 0.3819 0.0492, 1.2238 0.3819 0.073, 1.2934 0.3819 0.0034, 1.2697 0.3819 0.0132, 1.5435 0.344 0.0, 1.5453 0.3307 0.0, 1.5197 0.375 0.0, 1.5303 0.3669 0.0, 1.5384 0.3563 0.0, 1.4941 0.2244 0.0, 1.3189 0.2244 0.0, 1.5073 0.3801 0.0, 1.5197 0.2313 0.0, 1.5435 0.2623 0.0, 1.5303 0.2394 0.0, 1.5384 0.25 0.0, 1.5453 0.2756 0.0, 1.5073 0.2262 0.0, 1.2205 0.2244 0.1066, 1.2205 0.2244 0.0984, 1.4941 0.2244 0.0787, 1.2934 0.2244 0.0034, 1.2697 0.2244 0.0132, 1.2238 0.2244 0.073, 1.2337 0.2244 0.0492, 1.2493 0.2244 0.0288, 1.2205 0.2231 0.1167, 1.2205 0.2191 0.1262, 1.2205 0.2129 0.1344, 1.2205 0.2047 0.1406, 1.2205 0.1952 0.1446, 1.2205 0.185 0.1459, 1.2205 -0.0246 0.1459, 1.2205 -0.0344 0.1472, 1.2205 -0.0435 0.1508, 1.2205 -0.0515 0.1566, 1.2205 -0.073 0.1725, 1.2205 -0.0975 0.183, 1.2205 -0.1239 0.1875, 1.2205 -0.1505 0.1858, 1.2205 -0.176 0.1779, 1.2205 -0.1991 0.1644, 1.2205 -0.2183 0.1459, 1.2205 -0.4449 0.1459, 1.2205 -0.4551 0.1446, 1.2205 -0.4646 0.1406, 1.2205 -0.4727 0.1344, 1.2205 -0.479 0.1262, 1.2205 -0.4829 0.1167, 1.2205 -0.4843 0.1066, 1.2205 -0.4843 0.0984, 1.4941 -0.4843 0.0787, 1.4941 -0.4843 0.0, 1.3189 -0.4843 0.0, 1.2934 -0.4843 0.0034, 1.2697 -0.4843 0.0132, 1.2493 -0.4843 0.0288, 1.2337 -0.4843 0.0492, 1.2238 -0.4843 0.073, 1.4941 -0.6417 0.0, 1.3189 -0.6417 0.0, 1.5384 -0.5098 0.0, 1.5435 -0.5222 0.0, 1.5453 -0.5354 0.0, 1.5073 -0.64 0.0, 1.5435 -0.6038 0.0, 1.5073 -0.486 0.0, 1.5453 -0.5906 0.0, 1.5197 -0.4911 0.0, 1.5303 -0.4992 0.0, 1.5384 -0.6161 0.0, 1.5303 -0.6267 0.0, 1.5197 -0.6349 0.0, 1.2205 -0.6417 0.2756, 1.2205 -0.6417 0.0984, 1.2238 -0.6417 0.073, 1.4941 -0.6417 0.0787, 1.2934 -0.6417 0.0034, 1.2697 -0.6417 0.0132, 1.2337 -0.6417 0.0492, 1.2493 -0.6417 0.0288, 1.2205 -0.4678 0.2756, 1.2205 -0.4581 0.2768, 1.2205 -0.449 0.2803, 1.2205 -0.4411 0.286, 1.2205 -0.4348 0.2934, 1.2205 -0.4305 0.3021, 1.2205 -0.4285 0.3116, 1.2205 -0.4289 0.3213, 1.5073 0.2262 0.0787, 1.5197 0.2313 0.0787, 1.5303 0.2394 0.0787, 1.5384 0.25 0.0787, 1.5435 0.2623 0.0787, 1.5453 0.2756 0.0787, 1.5453 0.3307 0.0787, 1.5435 0.344 0.0787, 1.5384 0.3563 0.0787, 1.5303 0.3669 0.0787, 1.5197 0.375 0.0787, 1.5073 0.3801 0.0787, 1.5073 -0.64 0.0787, 1.5197 -0.6349 0.0787, 1.5303 -0.6267 0.0787, 1.5384 -0.6161 0.0787, 1.5435 -0.6038 0.0787, 1.5453 -0.5906 0.0787, 1.5453 -0.5354 0.0787, 1.5435 -0.5222 0.0787, 1.5384 -0.5098 0.0787, 1.5303 -0.4992 0.0787, 1.5197 -0.4911 0.0787, 1.5073 -0.486 0.0787, -1.2205 -0.4289 0.3213, -1.2205 -0.4285 0.3116, -1.2205 -0.4305 0.3021, -1.2205 -0.4348 0.2934, -1.2205 -0.4411 0.286, -1.2205 -0.449 0.2803, -1.2205 -0.4581 0.2768, -1.2205 -0.4678 0.2756, -1.2205 -0.6417 0.2756, -1.2205 -0.6417 0.0984, -1.4941 -0.6417 0.0787, -1.4941 -0.6417 0.0, -1.3189 -0.6417 0.0, -1.2493 -0.6417 0.0288, -1.2337 -0.6417 0.0492, -1.2238 -0.6417 0.073, -1.2934 -0.6417 0.0034, -1.2697 -0.6417 0.0132, -1.3189 -0.4843 0.0, -1.5453 -0.5354 0.0, -1.4941 -0.4843 0.0, -1.5435 -0.5222 0.0, -1.5384 -0.5098 0.0, -1.5073 -0.64 0.0, -1.5435 -0.6038 0.0, -1.5453 -0.5906 0.0, -1.5303 -0.4992 0.0, -1.5197 -0.4911 0.0, -1.5073 -0.486 0.0, -1.5197 -0.6349 0.0, -1.5303 -0.6267 0.0, -1.5384 -0.6161 0.0, -1.2205 -0.4843 0.1066, -1.2205 -0.4843 0.0984, -1.4941 -0.4843 0.0787, -1.2934 -0.4843 0.0034, -1.2697 -0.4843 0.0132, -1.2238 -0.4843 0.073, -1.2337 -0.4843 0.0492, -1.2493 -0.4843 0.0288, -1.2205 -0.4829 0.1167, -1.2205 -0.479 0.1262, -1.2205 -0.4727 0.1344, -1.2205 -0.4646 0.1406, -1.2205 -0.4551 0.1446, -1.2205 -0.4449 0.1459, -1.2205 -0.2183 0.1459, -1.2205 -0.1991 0.1644, -1.2205 -0.176 0.1779, -1.2205 -0.1505 0.1858, -1.2205 -0.1239 0.1875, -1.2205 -0.0975 0.183, -1.2205 -0.073 0.1725, -1.2205 -0.0515 0.1566, -1.2205 -0.0435 0.1508, -1.2205 -0.0344 0.1472, -1.2205 -0.0246 0.1459, -1.2205 0.185 0.1459, -1.2205 0.1952 0.1446, -1.2205 0.2047 0.1406, -1.2205 0.2129 0.1344, -1.2205 0.2191 0.1262, -1.2205 0.2231 0.1167, -1.2205 0.2244 0.1066, -1.2205 0.2244 0.0984, -1.4941 0.2244 0.0787, -1.4941 0.2244 0.0, -1.3189 0.2244 0.0, -1.2934 0.2244 0.0034, -1.2697 0.2244 0.0132, -1.2493 0.2244 0.0288, -1.2337 0.2244 0.0492, -1.2238 0.2244 0.073, -1.3189 0.3819 0.0, -1.5453 0.3307 0.0, -1.4941 0.3819 0.0, -1.5435 0.344 0.0, -1.5384 0.3563 0.0, -1.5384 0.25 0.0, -1.5435 0.2623 0.0, -1.5303 0.2394 0.0, -1.5453 0.2756 0.0, -1.5197 0.2313 0.0, -1.5303 0.3669 0.0, -1.5197 0.375 0.0, -1.5073 0.3801 0.0, -1.5073 0.2262 0.0, -1.4941 0.3819 0.0787, -1.2934 0.3819 0.0034, -1.2697 0.3819 0.0132, -1.2205 0.3819 0.2756, -1.2205 0.3819 0.0984, -1.2238 0.3819 0.073, -1.2337 0.3819 0.0492, -1.2493 0.3819 0.0288, -1.2205 0.2079 0.2756, -1.2205 0.1983 0.2768, -1.2205 0.1892 0.2803, -1.2205 0.1813 0.286, -1.2205 0.175 0.2934, -1.2205 0.1707 0.3021, -1.2205 0.1687 0.3116, -1.2205 0.169 0.3213, -1.5073 0.3801 0.0787, -1.5197 0.375 0.0787, -1.5303 0.3669 0.0787, -1.5384 0.3563 0.0787, -1.5435 0.344 0.0787, -1.5453 0.3307 0.0787, -1.5453 0.2756 0.0787, -1.5435 0.2623 0.0787, -1.5384 0.25 0.0787, -1.5303 0.2394 0.0787, -1.5197 0.2313 0.0787, -1.5073 0.2262 0.0787, -1.5073 -0.486 0.0787, -1.5197 -0.4911 0.0787, -1.5303 -0.4992 0.0787, -1.5384 -0.5098 0.0787, -1.5435 -0.5222 0.0787, -1.5453 -0.5354 0.0787, -1.5453 -0.5906 0.0787, -1.5435 -0.6038 0.0787, -1.5384 -0.6161 0.0787, -1.5303 -0.6267 0.0787, -1.5197 -0.6349 0.0787, -1.5073 -0.64 0.0787
            ]
        }
        coordIndex [
            0,1,2,-1,3,4,5,-1,5,4,6,-1,5,6,7,-1,7,6,8,-1,9,10,11,-1,11,10,12,-1,11,12,2,-1,2,12,13,-1,2,13,0,-1,9,11,14,-1,14,11,15,-1,14,15,16,-1,8,17,7,-1,7,17,18,-1,7,18,19,-1,19,18,20,-1,19,20,21,-1,21,20,22,-1,21,22,23,-1,15,24,16,-1,16,24,25,-1,16,25,26,-1,23,22,27,-1,27,22,28,-1,27,28,29,-1,29,28,30,-1,29,30,31,-1,32,33,34,-1,34,33,35,-1,34,35,36,-1,36,35,37,-1,36,37,38,-1,31,39,29,-1,29,39,40,-1,29,40,41,-1,25,42,26,-1,26,42,43,-1,26,43,44,-1,44,43,45,-1,44,45,46,-1,46,45,47,-1,38,29,36,-1,36,29,41,-1,36,41,45,-1,45,41,48,-1,45,48,47,-1,49,50,51,-1,52,53,54,-1,54,53,55,-1,54,55,51,-1,51,55,56,-1,51,56,49,-1,57,58,59,-1,59,58,60,-1,59,60,61,-1,61,60,62,-1,52,54,63,-1,63,54,64,-1,63,64,65,-1,66,67,68,-1,68,67,69,-1,68,69,70,-1,70,69,71,-1,57,72,58,-1,58,72,73,-1,58,73,74,-1,74,73,75,-1,74,75,76,-1,76,75,77,-1,64,78,65,-1,65,78,79,-1,65,79,80,-1,80,79,81,-1,80,81,82,-1,82,81,83,-1,84,85,86,-1,86,85,87,-1,86,87,77,-1,77,87,88,-1,77,88,76,-1,89,90,91,-1,91,90,92,-1,91,92,93,-1,86,94,84,-1,84,94,89,-1,84,89,66,-1,66,89,91,-1,66,91,67,-1,93,95,91,-1,91,95,96,-1,91,96,83,-1,83,96,97,-1,83,97,82,-1,98,99,100,-1,101,102,100,-1,100,102,103,-1,100,103,98,-1,98,103,104,-1,105,106,107,-1,108,109,107,-1,107,109,104,-1,107,104,105,-1,105,104,103,-1,110,111,106,-1,106,111,107,-1,112,110,105,-1,105,110,106,-1,113,112,103,-1,103,112,105,-1,113,103,114,-1,114,103,102,-1,115,116,102,-1,102,116,117,-1,102,117,118,-1,118,119,102,-1,102,119,120,-1,102,120,114,-1,100,121,122,-1,123,124,101,-1,100,122,101,-1,101,122,125,-1,101,125,123,-1,124,126,101,-1,101,126,127,-1,101,127,128,-1,129,121,99,-1,99,121,100,-1,130,129,98,-1,98,129,99,-1,131,130,104,-1,104,130,98,-1,131,104,132,-1,132,104,109,-1,133,134,109,-1,109,134,135,-1,109,135,136,-1,136,137,109,-1,109,137,138,-1,109,138,132,-1,107,111,139,-1,140,141,108,-1,107,139,108,-1,108,139,142,-1,108,142,140,-1,141,143,108,-1,108,143,144,-1,108,144,145,-1,114,122,113,-1,113,122,121,-1,129,130,121,-1,121,130,131,-1,132,139,131,-1,131,139,111,-1,131,111,121,-1,121,111,110,-1,121,110,113,-1,113,110,112,-1,69,146,71,-1,71,146,108,-1,71,108,145,-1,146,69,147,-1,147,69,67,-1,147,67,148,-1,148,67,91,-1,148,91,149,-1,149,91,83,-1,149,83,150,-1,150,83,81,-1,150,81,151,-1,151,81,79,-1,151,79,152,-1,152,79,78,-1,152,78,153,-1,153,78,64,-1,154,153,54,-1,54,153,64,-1,154,54,155,-1,155,54,51,-1,156,157,51,-1,51,157,158,-1,159,160,51,-1,51,160,161,-1,51,161,155,-1,158,162,51,-1,51,162,163,-1,51,163,159,-1,164,165,157,-1,166,167,168,-1,157,165,158,-1,158,165,169,-1,158,169,170,-1,164,157,168,-1,168,157,171,-1,168,171,166,-1,172,173,174,-1,174,173,175,-1,165,176,169,-1,169,176,173,-1,169,173,177,-1,177,173,172,-1,49,178,179,-1,169,180,170,-1,170,180,50,-1,170,50,181,-1,181,50,182,-1,179,183,49,-1,49,183,184,-1,49,184,50,-1,50,184,185,-1,50,185,182,-1,178,49,186,-1,186,49,56,-1,186,56,187,-1,187,56,55,-1,187,55,188,-1,188,55,53,-1,188,53,189,-1,189,53,52,-1,189,52,190,-1,190,52,63,-1,190,63,191,-1,191,63,65,-1,192,191,80,-1,80,191,65,-1,192,80,82,-1,192,82,193,-1,193,82,97,-1,193,97,194,-1,194,97,96,-1,194,96,195,-1,195,96,196,-1,196,96,95,-1,196,95,197,-1,197,95,93,-1,197,93,198,-1,198,93,92,-1,198,92,199,-1,199,92,90,-1,199,90,200,-1,200,90,89,-1,200,89,201,-1,201,89,94,-1,201,94,202,-1,202,94,86,-1,203,202,77,-1,77,202,86,-1,203,77,204,-1,204,77,75,-1,204,75,205,-1,205,75,73,-1,205,73,206,-1,206,73,72,-1,206,72,207,-1,207,72,57,-1,207,57,208,-1,208,57,59,-1,208,59,209,-1,209,59,61,-1,210,209,61,-1,62,211,212,-1,212,213,62,-1,62,213,214,-1,62,214,215,-1,215,216,62,-1,62,216,217,-1,62,217,61,-1,61,217,218,-1,61,218,210,-1,219,220,213,-1,221,222,223,-1,224,219,225,-1,213,212,223,-1,223,212,226,-1,213,223,219,-1,219,223,227,-1,219,227,225,-1,226,228,223,-1,223,228,229,-1,223,229,221,-1,230,231,225,-1,225,231,232,-1,225,232,224,-1,58,233,60,-1,60,233,234,-1,60,234,235,-1,219,236,220,-1,220,236,60,-1,220,60,237,-1,237,60,238,-1,235,239,60,-1,60,239,240,-1,60,240,238,-1,241,233,74,-1,74,233,58,-1,241,74,242,-1,242,74,76,-1,242,76,243,-1,243,76,88,-1,243,88,244,-1,244,88,87,-1,244,87,245,-1,245,87,85,-1,245,85,246,-1,246,85,84,-1,246,84,247,-1,247,84,66,-1,247,66,248,-1,248,66,68,-1,133,109,70,-1,70,109,248,-1,70,248,68,-1,209,210,234,-1,179,178,155,-1,155,178,186,-1,155,186,154,-1,154,186,187,-1,205,206,233,-1,233,206,207,-1,233,207,234,-1,234,207,208,-1,234,208,209,-1,205,233,204,-1,204,233,241,-1,204,241,203,-1,187,188,154,-1,154,188,189,-1,154,189,153,-1,153,189,190,-1,153,190,152,-1,152,190,191,-1,152,191,151,-1,241,242,203,-1,203,242,243,-1,203,243,202,-1,109,108,248,-1,248,108,146,-1,248,146,247,-1,247,146,147,-1,247,147,148,-1,151,191,150,-1,150,191,192,-1,150,192,149,-1,149,192,193,-1,149,193,194,-1,194,195,149,-1,149,195,196,-1,149,196,197,-1,148,149,247,-1,247,149,197,-1,247,197,246,-1,246,197,198,-1,246,198,199,-1,243,244,202,-1,202,244,245,-1,202,245,201,-1,201,245,246,-1,201,246,200,-1,200,246,199,-1,180,169,177,-1,180,177,249,-1,249,177,172,-1,249,172,250,-1,250,172,174,-1,250,174,251,-1,251,174,175,-1,251,175,252,-1,252,175,173,-1,252,173,253,-1,253,173,176,-1,253,176,254,-1,255,254,165,-1,165,254,176,-1,255,165,164,-1,255,164,256,-1,256,164,168,-1,256,168,257,-1,257,168,167,-1,257,167,258,-1,258,167,166,-1,258,166,259,-1,259,166,171,-1,259,171,260,-1,260,171,157,-1,260,157,156,-1,156,51,255,-1,255,51,50,-1,255,50,180,-1,255,256,156,-1,156,256,257,-1,156,257,260,-1,260,257,258,-1,260,258,259,-1,249,253,180,-1,180,253,254,-1,180,254,255,-1,249,250,253,-1,253,250,251,-1,253,251,252,-1,236,219,224,-1,236,224,261,-1,261,224,232,-1,261,232,262,-1,262,232,231,-1,262,231,263,-1,263,231,230,-1,263,230,264,-1,264,230,225,-1,264,225,265,-1,265,225,227,-1,265,227,266,-1,267,266,223,-1,223,266,227,-1,267,223,222,-1,267,222,268,-1,268,222,221,-1,268,221,269,-1,269,221,229,-1,269,229,270,-1,270,229,228,-1,270,228,271,-1,271,228,226,-1,271,226,272,-1,272,226,212,-1,272,212,211,-1,62,60,267,-1,267,60,236,-1,62,267,211,-1,211,267,268,-1,211,268,269,-1,270,271,269,-1,269,271,272,-1,269,272,211,-1,261,265,236,-1,236,265,266,-1,236,266,267,-1,261,262,265,-1,265,262,263,-1,265,263,264,-1,234,210,218,-1,234,218,235,-1,235,218,217,-1,235,217,239,-1,239,217,216,-1,239,216,240,-1,240,216,215,-1,240,215,238,-1,238,215,214,-1,238,214,237,-1,237,214,213,-1,237,213,220,-1,179,155,161,-1,179,161,183,-1,183,161,160,-1,183,160,184,-1,184,160,159,-1,184,159,185,-1,185,159,163,-1,185,163,182,-1,182,163,162,-1,182,162,181,-1,181,162,158,-1,181,158,170,-1,70,71,145,-1,70,145,133,-1,133,145,144,-1,133,144,134,-1,134,144,143,-1,134,143,135,-1,135,143,141,-1,135,141,136,-1,136,141,140,-1,136,140,137,-1,137,140,142,-1,137,142,138,-1,138,142,139,-1,138,139,132,-1,34,273,32,-1,32,273,101,-1,32,101,128,-1,273,34,274,-1,274,34,36,-1,274,36,275,-1,275,36,45,-1,275,45,276,-1,276,45,43,-1,276,43,277,-1,277,43,42,-1,277,42,278,-1,278,42,25,-1,278,25,279,-1,279,25,24,-1,279,24,280,-1,280,24,15,-1,281,280,11,-1,11,280,15,-1,281,11,282,-1,282,11,2,-1,283,284,2,-1,2,284,285,-1,286,287,2,-1,2,287,288,-1,2,288,282,-1,285,289,2,-1,2,289,290,-1,2,290,286,-1,291,285,292,-1,292,285,284,-1,291,292,293,-1,293,292,294,-1,293,294,295,-1,296,297,284,-1,284,297,298,-1,284,298,292,-1,299,300,295,-1,295,300,301,-1,295,301,293,-1,296,302,297,-1,297,302,303,-1,297,303,304,-1,0,305,306,-1,293,307,291,-1,291,307,1,-1,291,1,308,-1,308,1,309,-1,306,310,0,-1,0,310,311,-1,0,311,1,-1,1,311,312,-1,1,312,309,-1,305,0,313,-1,313,0,13,-1,313,13,314,-1,314,13,12,-1,314,12,315,-1,315,12,10,-1,315,10,316,-1,316,10,9,-1,316,9,317,-1,317,9,14,-1,317,14,318,-1,318,14,16,-1,319,318,26,-1,26,318,16,-1,319,26,320,-1,320,26,44,-1,320,44,321,-1,321,44,46,-1,321,46,322,-1,322,46,47,-1,322,47,323,-1,323,47,48,-1,323,48,324,-1,324,48,41,-1,324,41,325,-1,325,41,40,-1,325,40,326,-1,326,40,39,-1,326,39,31,-1,326,31,327,-1,327,31,30,-1,327,30,328,-1,328,30,28,-1,328,28,329,-1,330,329,22,-1,22,329,28,-1,330,22,331,-1,331,22,20,-1,331,20,332,-1,332,20,18,-1,332,18,333,-1,333,18,17,-1,333,17,334,-1,334,17,8,-1,334,8,335,-1,335,8,6,-1,335,6,336,-1,336,6,4,-1,337,336,4,-1,3,338,339,-1,339,340,3,-1,3,340,341,-1,3,341,342,-1,342,343,3,-1,3,343,344,-1,3,344,4,-1,4,344,345,-1,4,345,337,-1,346,347,348,-1,348,347,349,-1,348,349,350,-1,351,352,353,-1,353,352,354,-1,353,354,355,-1,350,356,348,-1,348,356,357,-1,348,357,358,-1,346,340,347,-1,347,340,339,-1,347,339,354,-1,354,339,359,-1,354,359,355,-1,348,360,346,-1,346,360,5,-1,346,5,361,-1,361,5,362,-1,7,363,5,-1,5,363,364,-1,5,364,365,-1,365,366,5,-1,5,366,367,-1,5,367,362,-1,368,363,19,-1,19,363,7,-1,368,19,369,-1,369,19,21,-1,369,21,370,-1,370,21,23,-1,370,23,371,-1,371,23,27,-1,371,27,372,-1,372,27,29,-1,372,29,373,-1,373,29,38,-1,373,38,374,-1,374,38,37,-1,374,37,375,-1,375,37,35,-1,115,102,33,-1,33,102,375,-1,33,375,35,-1,336,337,364,-1,279,280,374,-1,314,281,313,-1,313,281,282,-1,313,282,305,-1,305,282,306,-1,332,333,363,-1,363,333,334,-1,363,334,364,-1,364,334,335,-1,364,335,336,-1,332,363,331,-1,331,363,368,-1,331,368,330,-1,368,369,330,-1,330,369,370,-1,330,370,329,-1,329,370,371,-1,329,371,328,-1,328,371,372,-1,314,315,281,-1,281,315,316,-1,281,316,280,-1,280,316,317,-1,280,317,318,-1,275,276,374,-1,321,322,373,-1,373,322,323,-1,373,323,324,-1,373,374,321,-1,321,374,280,-1,321,280,320,-1,320,280,318,-1,320,318,319,-1,102,101,375,-1,375,101,273,-1,375,273,374,-1,374,273,274,-1,374,274,275,-1,276,277,374,-1,374,277,278,-1,374,278,279,-1,324,325,373,-1,373,325,326,-1,373,326,372,-1,372,326,327,-1,372,327,328,-1,360,348,358,-1,360,358,376,-1,376,358,357,-1,376,357,377,-1,377,357,356,-1,377,356,378,-1,378,356,350,-1,378,350,379,-1,379,350,349,-1,379,349,380,-1,380,349,347,-1,380,347,381,-1,382,381,354,-1,354,381,347,-1,382,354,352,-1,382,352,383,-1,383,352,351,-1,383,351,384,-1,384,351,353,-1,384,353,385,-1,385,353,355,-1,385,355,386,-1,386,355,359,-1,386,359,387,-1,387,359,339,-1,387,339,338,-1,381,360,380,-1,380,360,379,-1,383,338,382,-1,382,338,3,-1,382,3,381,-1,381,3,5,-1,381,5,360,-1,379,360,378,-1,378,360,376,-1,378,376,377,-1,383,384,385,-1,385,386,383,-1,383,386,387,-1,383,387,338,-1,307,293,301,-1,307,301,388,-1,388,301,300,-1,388,300,389,-1,389,300,299,-1,389,299,390,-1,390,299,295,-1,390,295,391,-1,391,295,294,-1,391,294,392,-1,392,294,292,-1,392,292,393,-1,394,393,298,-1,298,393,292,-1,394,298,297,-1,394,297,395,-1,395,297,304,-1,395,304,396,-1,396,304,303,-1,396,303,397,-1,397,303,302,-1,397,302,398,-1,398,302,296,-1,398,296,399,-1,399,296,284,-1,399,284,283,-1,392,393,307,-1,389,390,391,-1,307,393,1,-1,1,393,283,-1,1,283,2,-1,392,307,391,-1,391,307,388,-1,391,388,389,-1,398,395,397,-1,397,395,396,-1,393,394,283,-1,283,394,395,-1,283,395,399,-1,399,395,398,-1,364,337,345,-1,364,345,365,-1,365,345,344,-1,365,344,366,-1,366,344,343,-1,366,343,367,-1,367,343,342,-1,367,342,362,-1,362,342,341,-1,362,341,361,-1,361,341,340,-1,361,340,346,-1,306,282,288,-1,306,288,310,-1,310,288,287,-1,310,287,311,-1,311,287,286,-1,311,286,312,-1,312,286,290,-1,312,290,309,-1,309,290,289,-1,309,289,308,-1,308,289,285,-1,308,285,291,-1,33,32,115,-1,115,32,128,-1,115,128,116,-1,128,127,116,-1,116,127,126,-1,116,126,117,-1,117,126,124,-1,117,124,118,-1,118,124,123,-1,118,123,119,-1,119,123,125,-1,119,125,120,-1,120,125,122,-1,120,122,114,-1,
        ]
    }
}
Shape{
    appearance Appearance {
        material  Material 	{
            diffuseColor 0.25098039215686274 0.25098039215686274 0.25098039215686274
            specularColor 0.2196078431372549 0.2196078431372549 0.2196078431372549
            ambientIntensity 0.251
            transparency 0.0
            shininess 0.5
        }
    }
    geometry IndexedFaceSet {
        ccw TRUE
        solid FALSE
        coord DEF co Coordinate {
            point [
                -0.7627 0.4114 0.3256, -0.7627 0.4114 0.3779, -0.1891 0.4114 0.3779, 1.0416 0.4114 0.4724, 1.0416 0.4114 0.5512, 1.1685 0.4114 0.5512, -0.0841 0.4114 0.2741, -0.0824 0.4114 0.2739, -0.0924 0.4114 0.2739, 0.2165 0.4114 0.0591, 0.2165 0.4114 0.0079, 0.0005 0.4114 0.0079, 0.0729 0.4114 0.382, 0.0668 0.4114 0.3779, 0.0005 0.4114 0.3779, 0.0603 0.4114 0.3735, 0.0509 0.4114 0.3626, 0.0191 0.4114 0.3256, 0.0005 0.4114 0.3256, 0.0216 0.4114 0.3318, 0.0274 0.4114 0.3399, 0.0351 0.4114 0.3464, 0.0449 0.4114 0.3511, 0.0436 0.4114 0.3506, 0.0872 0.4114 0.387, 0.0005 0.4114 0.4697, 1.2196 0.4114 0.4697, 0.126 0.4114 0.3815, 0.1129 0.4114 0.3865, 0.0989 0.4114 0.3882, 0.1318 0.4114 0.3779, 1.2773 0.4114 0.3779, 0.1329 0.4114 0.3772, 0.1632 0.4114 0.3639, 0.152 0.4114 0.3653, 0.1396 0.4114 0.3715, 0.1487 0.4114 0.3651, 0.1454 0.4114 0.3647, 0.1846 0.4114 0.3516, 0.1827 0.4114 0.3534, 0.1737 0.4114 0.3598, 1.2992 0.4114 0.2756, 1.2205 0.4114 0.2756, 1.2992 0.4114 0.3256, 0.1972 0.4114 0.3256, 1.2992 0.4114 0.3429, 0.196 0.4114 0.3326, 0.1915 0.4114 0.3429, 0.1772 0.4114 0.2808, 0.186 0.4114 0.2883, 1.2205 0.4114 0.2739, 0.1925 0.4114 0.2975, 0.1669 0.4114 0.2758, 0.163 0.4114 0.2739, 0.1633 0.4114 0.2747, 0.1966 0.4114 0.3081, 0.198 0.4114 0.3193, 0.1979 0.4114 0.322, 0.1481 0.4114 0.2581, 0.1507 0.4114 0.2592, 0.1562 0.4114 0.2634, 0.1605 0.4114 0.2686, 0.8071 0.4114 0.0591, 0.8071 0.4114 0.0079, 0.374 0.4114 0.0079, 1.2205 0.4114 0.2581, 1.2205 0.4114 0.0079, 0.9646 0.4114 0.0079, 0.9646 0.4114 0.0591, 0.374 0.4114 0.0591, 0.1246 0.4114 0.2581, 0.1295 0.4114 0.2562, 0.1364 0.4114 0.2554, 0.1374 0.4114 0.2554, 0.1441 0.4114 0.2564, 0.1098 0.4114 0.2739, 0.1098 0.4114 0.2737, 0.0005 0.4114 0.2581, 0.1132 0.4114 0.2674, 0.1175 0.4114 0.2626, 0.1231 0.4114 0.2587, 0.0735 0.4114 0.2907, 0.0716 0.4114 0.2914, 0.0682 0.4114 0.3076, 0.1151 0.4114 0.3028, 0.077 0.4114 0.3227, 0.12 0.4114 0.3073, 0.1261 0.4114 0.3105, 0.0752 0.4114 0.2894, 0.0217 0.4114 0.2948, 0.0273 0.4114 0.2869, 0.0005 0.4114 0.2739, 0.0346 0.4114 0.3161, 0.0359 0.4114 0.3216, 0.0381 0.4114 0.3256, 0.1794 0.4114 0.3256, 0.0181 0.4114 0.3232, 0.0168 0.4114 0.3139, 0.0181 0.4114 0.3038, 0.0694 0.4114 0.2917, 0.0691 0.4114 0.2917, 0.0682 0.4114 0.2915, 0.1777 0.4114 0.3084, 0.1743 0.4114 0.3028, 0.1599 0.4114 0.2998, 0.1692 0.4114 0.2975, 0.163 0.4114 0.2937, 0.1494 0.4114 0.3092, 0.1552 0.4114 0.3052, 0.1801 0.4114 0.3198, 0.1797 0.4114 0.3154, 0.1432 0.4114 0.3116, 0.1364 0.4114 0.3124, 0.1329 0.4114 0.3122, 0.035 0.4114 0.2804, 0.0437 0.4114 0.2761, 0.0532 0.4114 0.2741, 0.0782 0.4114 0.2829, 0.0781 0.4114 0.284, 0.108 0.4114 0.2866, 0.0775 0.4114 0.2862, 0.0764 0.4114 0.2881, 0.0677 0.4114 0.2914, 0.0549 0.4114 0.2914, 0.0519 0.4114 0.2919, 0.0699 0.4114 0.2741, 0.0715 0.4114 0.2744, 0.0734 0.4114 0.2751, 0.0752 0.4114 0.2764, 0.0759 0.4114 0.2771, 0.0771 0.4114 0.2789, 0.0779 0.4114 0.2808, 0.1081 0.4114 0.2807, 0.108 0.4114 0.2838, 0.0397 0.4114 0.2991, 0.0367 0.4114 0.3036, 0.035 0.4114 0.3087, 0.0344 0.4114 0.3136, 0.0467 0.4114 0.2937, 0.0421 0.4114 0.2967, 0.065 0.4114 0.3528, 0.0714 0.4114 0.3605, 0.1366 0.4114 0.344, 0.0721 0.4114 0.3611, 0.08 0.4114 0.3666, 0.1323 0.4114 0.353, 0.1386 0.4114 0.345, 0.1449 0.4114 0.3474, 0.0518 0.4114 0.3352, 0.0566 0.4114 0.3357, 0.0588 0.4114 0.3357, 0.0606 0.4114 0.3437, 0.0386 0.4114 0.3265, 0.0423 0.4114 0.3305, 0.0468 0.4114 0.3334, 0.1617 0.4114 0.3464, 0.168 0.4114 0.343, 0.1547 0.4114 0.3481, 0.1728 0.4114 0.3387, 0.1768 0.4114 0.3331, 0.1259 0.4114 0.3606, 0.0889 0.4114 0.37, 0.1183 0.4114 0.3661, 0.0986 0.4114 0.3712, 0.1091 0.4114 0.3699, 0.1517 0.4114 0.3482, 0.1792 0.4114 0.3267, -0.147 0.4114 0.3142, -0.1517 0.4114 0.3256, -0.1391 0.4114 0.3142, -0.1391 0.4114 0.3256, -0.1265 0.4114 0.3142, -0.1391 0.4114 0.2968, -0.1459 0.4114 0.2968, -0.147 0.4114 0.3096, -0.1479 0.4114 0.2788, -0.1459 0.4114 0.2922, -0.1391 0.4114 0.2788, -0.1391 0.4114 0.2922, -0.1316 0.4114 0.2922, -0.1316 0.4114 0.2788, -0.1391 0.4114 0.3096, -0.1316 0.4114 0.3096, -0.1316 0.4114 0.2968, -0.1517 0.4114 0.2739, -0.1479 0.4114 0.2743, -0.1391 0.4114 0.2739, -0.1391 0.4114 0.2743, -0.1265 0.4114 0.2743, -0.1067 0.4114 0.2813, -0.1073 0.4114 0.279, -0.1075 0.4114 0.279, -0.1211 0.4114 0.3028, -0.1017 0.4114 0.3256, -0.1159 0.4114 0.3028, -0.1017 0.4114 0.2958, -0.1081 0.4114 0.2813, -0.1077 0.4114 0.28, -0.0668 0.4114 0.3256, -0.0668 0.4114 0.2739, -0.0718 0.4114 0.2804, -0.0718 0.4114 0.2753, -0.0738 0.4114 0.2792, -0.0741 0.4114 0.2791, -0.0741 0.4114 0.2897, -0.0733 0.4114 0.2906, -0.0726 0.4114 0.2916, -0.0721 0.4114 0.2931, -0.0719 0.4114 0.2951, -0.0721 0.4114 0.2969, -0.0741 0.4114 0.2897, -0.0741 0.4114 0.2745, -0.0741 0.4114 0.2739, -0.0754 0.4114 0.274, -0.0763 0.4114 0.2739, -0.0796 0.4114 0.2736, -0.0741 0.4114 0.2581, -0.0924 0.4114 0.2581, -0.0897 0.4114 0.3022, -0.0897 0.4114 0.2973, -0.0751 0.4114 0.3012, -0.0765 0.4114 0.302, -0.0741 0.4114 0.3256, -0.0726 0.4114 0.2985, -0.0736 0.4114 0.2998, -0.0741 0.4114 0.3003, -0.0908 0.4114 0.28, -0.0902 0.4114 0.2784, -0.0893 0.4114 0.2771, -0.0793 0.4114 0.303, -0.083 0.4114 0.3034, -0.0924 0.4114 0.3256, -0.0858 0.4114 0.3032, -0.0894 0.4114 0.2867, -0.0903 0.4114 0.2854, -0.0909 0.4114 0.2839, -0.0911 0.4114 0.282, -0.0879 0.4114 0.2759, -0.0867 0.4114 0.2751, -0.0825 0.4114 0.2994, -0.081 0.4114 0.2993, -0.077 0.4114 0.2955, -0.0797 0.4114 0.2989, -0.0785 0.4114 0.2983, -0.0771 0.4114 0.2949, -0.0773 0.4114 0.2941, -0.0776 0.4114 0.2934, -0.0781 0.4114 0.2929, -0.0799 0.4114 0.2918, -0.0858 0.4114 0.299, -0.083 0.4114 0.2904, -0.0886 0.4114 0.298, -0.0849 0.4114 0.2896, -0.0882 0.4114 0.2878, -0.0778 0.4114 0.2976, -0.0773 0.4114 0.297, -0.0771 0.4114 0.2963, -0.0769 0.4114 0.278, -0.0794 0.4114 0.2868, -0.0764 0.4114 0.2882, -0.0801 0.4114 0.2777, -0.0803 0.4114 0.2777, -0.0827 0.4114 0.2854, -0.0828 0.4114 0.278, -0.086 0.4114 0.2815, -0.0859 0.4114 0.2821, -0.0841 0.4114 0.2784, -0.0846 0.4114 0.2787, -0.0852 0.4114 0.2792, -0.0856 0.4114 0.2799, -0.0858 0.4114 0.2806, -0.0857 0.4114 0.2829, -0.0853 0.4114 0.2836, -0.0847 0.4114 0.2842, -0.1664 0.4114 0.3485, -0.1517 0.4114 0.3485, -0.1704 0.4114 0.3376, -0.1761 0.4114 0.3376, -0.1891 0.4114 0.3256, -0.1609 0.4114 0.3775, -0.1402 0.4114 0.3376, -0.1459 0.4114 0.3376, -0.1497 0.4114 0.3485, -0.1017 0.4114 0.3779, -0.0924 0.4114 0.3779, -0.097 0.4114 0.3775, -0.0924 0.4114 0.3775, -0.0924 0.4114 0.3602, -0.0959 0.4114 0.3602, -0.097 0.4114 0.3729, -0.0979 0.4114 0.3422, -0.0959 0.4114 0.3556, -0.0924 0.4114 0.3422, -0.0924 0.4114 0.3556, -0.0816 0.4114 0.3556, -0.0816 0.4114 0.3422, -0.0924 0.4114 0.3729, -0.0816 0.4114 0.3729, -0.0816 0.4114 0.3602, -0.0979 0.4114 0.3376, -0.0924 0.4114 0.3376, -0.0764 0.4114 0.3376, -0.0764 0.4114 0.3775, -0.0741 0.4114 0.3779, 0.0005 0.4114 0.4724, -0.038 0.4114 0.4697, -0.038 0.4114 0.4724, -0.0403 0.4114 0.4697, -0.0403 0.4114 0.4724, -0.0668 0.4114 0.4697, -0.0668 0.4114 0.4724, -0.0741 0.4114 0.4697, -0.0741 0.4114 0.4724, -0.0924 0.4114 0.4697, -0.0924 0.4114 0.4724, -0.1017 0.4114 0.4697, -0.1017 0.4114 0.4724, -0.1391 0.4114 0.4697, -0.1391 0.4114 0.4724, -0.1517 0.4114 0.4697, -0.1517 0.4114 0.4724, -0.1891 0.4114 0.4697, -0.1891 0.4114 0.4724, -0.7627 0.4114 0.4697, -0.7627 0.4114 0.4724, -1.0416 0.4114 0.4724, -1.2196 0.4114 0.4697, -1.1685 0.4114 0.5512, -1.0416 0.4114 0.5512, -1.2773 0.4114 0.3779, -1.2205 0.4114 0.2756, -1.2205 0.4114 0.2739, -0.7627 0.4114 0.2739, -1.2205 0.4114 0.2581, -1.2992 0.4114 0.3429, -1.2992 0.4114 0.3256, -1.2992 0.4114 0.2756, -0.7627 0.4114 0.0079, -0.8071 0.4114 0.0079, -0.8071 0.4114 0.0591, -0.0668 0.4114 0.3386, -0.0678 0.4114 0.3389, -0.0685 0.4114 0.3393, -0.0685 0.4114 0.3442, -0.0445 0.4114 0.3621, -0.0668 0.4114 0.3434, -0.0458 0.4114 0.3657, -0.0476 0.4114 0.3685, -0.044 0.4114 0.3571, -0.044 0.4114 0.3567, -0.0646 0.4114 0.3424, -0.06 0.4114 0.3416, -0.0638 0.4114 0.373, -0.059 0.4114 0.3736, -0.0573 0.4114 0.3735, -0.0538 0.4114 0.3728, -0.0685 0.4114 0.3712, -0.0678 0.4114 0.3715, -0.0668 0.4114 0.3719, -0.0507 0.4114 0.3713, -0.0482 0.4114 0.3691, -0.0446 0.4114 0.3518, -0.0459 0.4114 0.3486, -0.0479 0.4114 0.3457, -0.0515 0.4114 0.343, -0.0544 0.4114 0.3419, -0.0581 0.4114 0.3415, -0.0489 0.4114 0.3448, -0.0631 0.4114 0.3779, -0.0645 0.4114 0.3777, -0.0668 0.4114 0.3779, -0.0668 0.4114 0.3771, -0.0685 0.4114 0.3766, -0.0558 0.4114 0.3779, -0.0403 0.4114 0.3779, -0.0539 0.4114 0.3777, -0.0496 0.4114 0.3762, -0.0415 0.4114 0.3687, -0.0443 0.4114 0.3723, -0.0456 0.4114 0.3736, -0.038 0.4114 0.3779, -0.0396 0.4114 0.3643, -0.0403 0.4114 0.366, -0.0403 0.4114 0.3476, -0.0391 0.4114 0.3513, -0.038 0.4114 0.3256, -0.0386 0.4114 0.3568, -0.0386 0.4114 0.3592, -0.0507 0.4114 0.3379, -0.047 0.4114 0.3397, -0.0403 0.4114 0.3256, -0.0437 0.4114 0.3424, -0.0428 0.4114 0.3434, -0.0406 0.4114 0.3469, -0.0635 0.4114 0.3375, -0.0574 0.4114 0.3369, -0.0551 0.4114 0.337, -0.0442 0.4114 0.2879, -0.0449 0.4114 0.2959, -0.0432 0.4114 0.2864, -0.0425 0.4114 0.2847, -0.0403 0.4114 0.2739, -0.043 0.4114 0.2779, -0.0424 0.4114 0.2796, -0.0577 0.4114 0.3032, -0.0598 0.4114 0.3025, -0.0615 0.4114 0.3016, -0.0628 0.4114 0.3003, -0.0639 0.4114 0.2987, -0.0457 0.4114 0.2892, -0.0478 0.4114 0.2903, -0.0481 0.4114 0.298, -0.0516 0.4114 0.2912, -0.056 0.4114 0.2992, -0.0543 0.4114 0.2994, -0.0513 0.4114 0.2991, -0.0463 0.4114 0.2747, -0.0446 0.4114 0.2758, -0.044 0.4114 0.2764, -0.06 0.4114 0.2787, -0.0599 0.4114 0.2787, -0.06 0.4114 0.2743, -0.0591 0.4114 0.2775, -0.0576 0.4114 0.2758, -0.0421 0.4114 0.2819, -0.0421 0.4114 0.2825, -0.0449 0.4114 0.3008, -0.0462 0.4114 0.3015, -0.05 0.4114 0.3029, -0.0547 0.4114 0.3034, -0.0646 0.4114 0.2964, -0.065 0.4114 0.2926, -0.065 0.4114 0.2743, -0.06 0.4114 0.2924, -0.0599 0.4114 0.2946, -0.0594 0.4114 0.2964, -0.0588 0.4114 0.2974, -0.058 0.4114 0.2982, -0.0571 0.4114 0.2988, -0.0539 0.4114 0.2739, -0.0538 0.4114 0.2739, -0.0668 0.4114 0.2581, -0.0512 0.4114 0.2736, -0.0403 0.4114 0.2581, -0.0483 0.4114 0.2739, -0.0482 0.4114 0.2739, -0.1017 0.4114 0.2824, -0.0937 0.4114 0.3028, -0.0993 0.4114 0.3028, -0.1047 0.4114 0.2739, -0.1049 0.4114 0.2743, -0.1017 0.4114 0.2673, -0.1017 0.4114 0.2673, -0.1017 0.4114 0.2739, -0.1027 0.4114 0.2691, -0.0947 0.4114 0.2657, -0.0947 0.4114 0.2612, -0.0957 0.4114 0.2654, -0.0976 0.4114 0.2651, -0.0988 0.4114 0.2652, -0.1017 0.4114 0.2617, -0.1 0.4114 0.2611, -0.1017 0.4114 0.2581, -0.0979 0.4114 0.2608, -0.0968 0.4114 0.2609, -0.0999 0.4114 0.2657, -0.1008 0.4114 0.2663, -0.1081 0.4114 0.27, -0.1059 0.4114 0.2655, -0.1391 0.4114 0.2581, -0.1097 0.4114 0.2739, -0.104 0.4114 0.2633, -0.1037 0.4114 0.263, -0.1019 0.4114 0.2618, -0.1959 0.4114 0.2743, -0.1902 0.4114 0.2743, -0.1891 0.4114 0.2739, -0.2054 0.4114 0.3142, -0.2109 0.4114 0.3142, -0.1517 0.4114 0.3678, -0.1554 0.4114 0.3775, -0.1517 0.4114 0.3779, -0.2261 0.4114 0.2743, -0.2204 0.4114 0.2743, -0.2164 0.4114 0.2852, -0.1997 0.4114 0.2852, -0.1555 0.4114 0.3142, -0.1669 0.4114 0.3142, -0.1733 0.4114 0.3134, -0.1781 0.4114 0.3116, -0.1869 0.4114 0.2874, -0.1849 0.4114 0.2833, -0.182 0.4114 0.2799, -0.1555 0.4114 0.2743, -0.1665 0.4114 0.2743, -0.1731 0.4114 0.2751, -0.1816 0.4114 0.2795, -0.1777 0.4114 0.2768, -0.182 0.4114 0.3089, -0.1837 0.4114 0.3072, -0.1861 0.4114 0.3036, -0.1874 0.4114 0.2997, -0.188 0.4114 0.2947, -0.1878 0.4114 0.292, -0.7627 0.4114 0.2581, -0.1891 0.4114 0.2581, -0.1517 0.4114 0.2581, -0.1233 0.4114 0.3768, -0.1391 0.4114 0.3779, -0.1169 0.4114 0.3775, -0.1231 0.4114 0.3384, -0.1378 0.4114 0.3554, -0.1368 0.4114 0.3507, -0.1349 0.4114 0.3466, -0.132 0.4114 0.3432, -0.1164 0.4114 0.3376, -0.1055 0.4114 0.3376, -0.1055 0.4114 0.3775, -0.1315 0.4114 0.3428, -0.1277 0.4114 0.3402, -0.1281 0.4114 0.3749, -0.132 0.4114 0.3722, -0.1337 0.4114 0.3705, -0.136 0.4114 0.367, -0.1374 0.4114 0.3631, -0.138 0.4114 0.3581, -0.0924 0.4114 0.0079, -0.1017 0.4114 0.0079, -0.1391 0.4114 0.0079, -0.1517 0.4114 0.0079, -0.1891 0.4114 0.0079, -0.9646 0.4114 0.0591, -1.2205 0.4114 0.0079, -0.9646 0.4114 0.0079, -0.0668 0.4114 0.0079, -0.0741 0.4114 0.0079, -0.0558 0.4114 0.2746, -0.0594 0.4114 0.3782, -0.038 0.4114 0.2581, -0.038 0.4114 0.0079, -0.0403 0.4114 0.0079, -0.038 0.4114 0.2739, -0.0364 0.4114 0.3142, -0.0364 0.4114 0.3096, -0.0373 0.4114 0.2788, -0.0373 0.4114 0.2743, -0.0159 0.4114 0.2743, -0.0159 0.4114 0.3142, -0.021 0.4114 0.2922, -0.021 0.4114 0.2788, -0.0353 0.4114 0.2922, -0.0353 0.4114 0.2968, -0.021 0.4114 0.2968, -0.021 0.4114 0.3096, -0.021 0.4114 0.3775, -0.021 0.4114 0.3422, -0.0369 0.4114 0.3422, -0.0159 0.4114 0.3376, -0.0159 0.4114 0.3775, -0.0369 0.4114 0.3376, -0.059 0.4114 0.3782, -0.5512 -0.6713 0.2559, -0.5512 -0.6713 0.2165, -0.5512 -0.6319 0.2559, -0.536 -0.0034 0.0079, -0.536 0.0536 0.0079, -0.536 -0.0034 0.0866, -0.536 0.0536 0.0866, -0.4119 0.0536 0.0079, -0.4119 -0.3135 0.0079, -0.4119 0.0536 0.0866, -0.4119 -0.3135 0.0866, -0.536 -0.3135 0.0079, -0.536 -0.2565 0.0079, -0.536 -0.3135 0.0866, -0.536 -0.2565 0.0866, -0.5217 -0.0106 0.0866, -0.6451 -0.2565 0.0079, -0.6451 -0.2565 0.0866, -0.6594 -0.2493 0.0866, -0.6078 -0.2666 -0.1378, -0.5906 -0.2677 0.0079, -0.6262 -0.263 0.0079, -0.5906 -0.2666 -0.1378, -0.5733 -0.2666 -0.1378, -0.5549 -0.263 0.0079, -0.5217 -0.2493 0.0866, -0.5906 0.0079 0.0079, -0.5549 0.0032 0.0079, -0.5563 0.0035 -0.1378, -0.5906 0.0079 -0.1378, -0.6248 0.0035 -0.1378, -0.6262 0.0032 0.0079, -0.6594 -0.0106 0.0866, -0.6451 -0.0034 0.0866, -0.6451 -0.0034 0.0079, -0.7259 -0.1557 -0.1378, -0.7237 -0.1656 0.0866, -0.7283 -0.1299 0.0866, -0.7228 -0.1653 -0.1378, -0.7152 -0.1886 -0.1378, -0.7099 -0.1988 0.0866, -0.7091 -0.1983 -0.1378, -0.6967 -0.2178 -0.1378, -0.688 -0.2274 0.0866, -0.6873 -0.2266 -0.1378, -0.6715 -0.2414 -0.1378, -0.6589 -0.2483 -0.1378, -0.6413 -0.258 -0.1378, -0.6259 -0.262 -0.1378, -0.5552 -0.262 -0.1378, -0.5398 -0.258 -0.1378, -0.5222 -0.2483 -0.1378, -0.5096 -0.2414 -0.1378, -0.4931 -0.2274 0.0866, -0.4938 -0.2266 -0.1378, -0.4844 -0.2178 -0.1378, -0.4712 -0.1988 0.0866, -0.472 -0.1983 -0.1378, -0.4659 -0.1886 -0.1378, -0.4575 -0.1656 0.0866, -0.4583 -0.1653 -0.1378, -0.4552 -0.1557 -0.1378, -0.4528 -0.1299 0.0866, -0.4536 -0.1299 -0.1378, -0.453 -0.1213 -0.1378, -0.4575 -0.0943 0.0866, -0.4582 -0.0944 -0.1378, -0.4595 -0.0873 -0.1378, -0.4712 -0.061 0.0866, -0.4718 -0.0613 -0.1378, -0.4742 -0.0561 -0.1378, -0.4931 -0.0325 0.0866, -0.4935 -0.0328 -0.1378, -0.4962 -0.0295 -0.1378, -0.5218 -0.0109 -0.1378, -0.5242 -0.0092 -0.1378, -0.555 0.003 -0.1378, -0.6262 0.003 -0.1378, -0.6569 -0.0092 -0.1378, -0.6593 -0.0109 -0.1378, -0.6849 -0.0295 -0.1378, -0.688 -0.0325 0.0866, -0.6876 -0.0328 -0.1378, -0.7069 -0.0561 -0.1378, -0.7099 -0.061 0.0866, -0.7093 -0.0613 -0.1378, -0.7216 -0.0873 -0.1378, -0.7237 -0.0943 0.0866, -0.7229 -0.0944 -0.1378, -0.7281 -0.1213 -0.1378, -0.7275 -0.1299 -0.1378, 0.536 -0.2565 0.0866, 0.536 -0.2565 0.0079, 0.536 -0.3135 0.0866, 0.536 -0.3135 0.0079, 0.6451 -0.0034 0.0866, 0.6451 -0.0034 0.0079, 0.6451 0.0536 0.0866, 0.6451 0.0536 0.0079, -0.6451 -0.3135 0.0866, -0.6451 -0.3135 0.0079, 1.2205 -0.4535 0.2756, 1.2205 -0.6713 0.2756, 1.2205 -0.6713 0.0079, 1.2205 0.1937 0.2756, 1.2205 0.1937 0.315, 1.2205 -0.4535 0.315, 0.9646 0.3327 0.0079, 0.2165 0.3327 0.0079, -0.9646 0.3327 0.0079, 0.6262 0.0032 0.0079, 0.5906 0.0079 0.0079, 0.536 0.0536 0.0079, 0.5549 0.0032 0.0079, 0.536 -0.0034 0.0079, -0.6451 0.0536 0.0079, -0.7692 0.0536 0.0079, -0.7692 -0.3135 0.0079, -1.2205 -0.6713 0.0079, 0.8071 0.3327 0.0079, 0.374 0.3327 0.0079, -0.8071 0.3327 0.0079, 0.4119 -0.3135 0.0079, 0.4119 0.0536 0.0079, 0.5549 -0.263 0.0079, 0.5906 -0.2677 0.0079, 0.6451 -0.3135 0.0079, 0.6262 -0.263 0.0079, 0.6451 -0.2565 0.0079, 0.7692 -0.3135 0.0079, 0.7692 0.0536 0.0079, -1.2205 0.1937 0.2756, -1.2205 -0.6713 0.2756, -1.2205 -0.4535 0.2756, -1.2205 -0.4535 0.315, -1.2205 0.1937 0.315, -1.063 0.1937 0.4724, -1.063 -0.4535 0.4724, -1.0416 -0.4535 0.4724, -1.0416 -0.6713 0.4724, -0.5512 -0.6713 0.4724, -0.0394 -0.4744 0.4724, 0.5512 -0.4744 0.4724, 0.5512 -0.6713 0.4724, 1.0416 -0.6713 0.4724, 1.0416 -0.4535 0.4724, -1.0416 0.1937 0.4724, -0.4928 -1.6528 0.4724, -0.4724 -1.6555 0.4724, -0.5512 -1.5768 0.4724, 1.0416 0.1937 0.4724, 1.063 0.1937 0.4724, 1.063 -0.4535 0.4724, -0.5406 -1.6161 0.4724, -0.5281 -1.6325 0.4724, -0.5118 -1.645 0.4724, -0.1181 -1.6555 0.4724, -0.0394 -1.5768 0.4724, -0.5485 -1.5972 0.4724, -0.0977 -1.6528 0.4724, -0.0787 -1.645 0.4724, -0.0421 -1.5972 0.4724, -0.0624 -1.6325 0.4724, -0.0499 -1.6161 0.4724, -1.2992 -0.6713 0.3429, -1.2992 -0.6713 0.2756, 1.2992 -0.6713 0.2756, 1.2992 -0.6713 0.3429, 0.5512 -0.6713 0.2165, -1.0416 -0.6713 0.5512, -1.1685 -0.6713 0.5512, 1.1685 -0.6713 0.5512, 1.0416 -0.6713 0.5512, 1.0416 -0.4535 0.5512, 1.1685 -0.4535 0.5512, 1.2992 -0.4535 0.3429, 1.2992 -0.4535 0.2756, -1.2992 -0.4535 0.2756, -1.2992 -0.4535 0.3429, -1.1685 -0.4535 0.5512, -1.0416 -0.4535 0.5512, 1.2992 0.1937 0.2756, 1.2992 0.1937 0.3429, 1.1685 0.1937 0.5512, 1.0416 0.1937 0.5512, -1.0416 0.1937 0.5512, -1.1685 0.1937 0.5512, -1.2992 0.1937 0.3429, -1.2992 0.1937 0.2756, -0.7692 0.0536 0.0866, -0.6451 0.0536 0.0866, -0.7692 -0.3135 0.0866, 0.4119 0.0536 0.0866, 0.536 0.0536 0.0866, 0.4119 -0.3135 0.0866, 0.536 -0.0034 0.0866, 0.7692 0.0536 0.0866, 0.7692 -0.3135 0.0866, 0.6451 -0.3135 0.0866, 0.6451 -0.2565 0.0866, -0.5906 -0.0512 -0.1969, -0.571 -0.0537 -0.1969, -0.5906 -0.1299 -0.1969, -0.6445 -0.0725 -0.1969, -0.6285 -0.0609 -0.1969, -0.6101 -0.0537 -0.1969, -0.6691 -0.125 -0.1969, -0.6654 -0.1056 -0.1969, -0.657 -0.0877 -0.1969, -0.6512 -0.1801 -0.1969, -0.6618 -0.1635 -0.1969, -0.6679 -0.1447 -0.1969, -0.6004 -0.208 -0.1969, -0.6195 -0.2031 -0.1969, -0.6368 -0.1936 -0.1969, -0.5443 -0.1936 -0.1969, -0.5616 -0.2031 -0.1969, -0.5807 -0.208 -0.1969, -0.5132 -0.1447 -0.1969, -0.5193 -0.1635 -0.1969, -0.5299 -0.1801 -0.1969, -0.5241 -0.0877 -0.1969, -0.5157 -0.1056 -0.1969, -0.512 -0.125 -0.1969, -0.5526 -0.0609 -0.1969, -0.5366 -0.0725 -0.1969, 0.6594 -0.0106 0.0866, 0.5217 -0.2493 0.0866, 0.5733 -0.2666 -0.1378, 0.5906 -0.2666 -0.1378, 0.6078 -0.2666 -0.1378, 0.6594 -0.2493 0.0866, 0.6248 0.0035 -0.1378, 0.5906 0.0079 -0.1378, 0.5563 0.0035 -0.1378, 0.5217 -0.0106 0.0866, 0.4552 -0.1557 -0.1378, 0.4575 -0.1656 0.0866, 0.4528 -0.1299 0.0866, 0.4583 -0.1653 -0.1378, 0.4659 -0.1886 -0.1378, 0.4712 -0.1988 0.0866, 0.472 -0.1983 -0.1378, 0.4844 -0.2178 -0.1378, 0.4931 -0.2274 0.0866, 0.4938 -0.2266 -0.1378, 0.5096 -0.2414 -0.1378, 0.5222 -0.2483 -0.1378, 0.5398 -0.258 -0.1378, 0.5552 -0.262 -0.1378, 0.6259 -0.262 -0.1378, 0.6413 -0.258 -0.1378, 0.6589 -0.2483 -0.1378, 0.6715 -0.2414 -0.1378, 0.688 -0.2274 0.0866, 0.6873 -0.2266 -0.1378, 0.6967 -0.2178 -0.1378, 0.7099 -0.1988 0.0866, 0.7091 -0.1983 -0.1378, 0.7152 -0.1886 -0.1378, 0.7237 -0.1656 0.0866, 0.7228 -0.1653 -0.1378, 0.7259 -0.1557 -0.1378, 0.7283 -0.1299 0.0866, 0.7275 -0.1299 -0.1378, 0.7281 -0.1213 -0.1378, 0.7237 -0.0943 0.0866, 0.7229 -0.0944 -0.1378, 0.7216 -0.0873 -0.1378, 0.7099 -0.061 0.0866, 0.7093 -0.0613 -0.1378, 0.7069 -0.0561 -0.1378, 0.688 -0.0325 0.0866, 0.6876 -0.0328 -0.1378, 0.6849 -0.0295 -0.1378, 0.6593 -0.0109 -0.1378, 0.6569 -0.0092 -0.1378, 0.6262 0.003 -0.1378, 0.555 0.003 -0.1378, 0.5242 -0.0092 -0.1378, 0.5218 -0.0109 -0.1378, 0.4962 -0.0295 -0.1378, 0.4931 -0.0325 0.0866, 0.4935 -0.0328 -0.1378, 0.4742 -0.0561 -0.1378, 0.4712 -0.061 0.0866, 0.4718 -0.0613 -0.1378, 0.4595 -0.0873 -0.1378, 0.4575 -0.0943 0.0866, 0.4582 -0.0944 -0.1378, 0.453 -0.1213 -0.1378, 0.4536 -0.1299 -0.1378, 0.5906 -0.0512 -0.1969, 0.6101 -0.0537 -0.1969, 0.5906 -0.1299 -0.1969, 0.5366 -0.0725 -0.1969, 0.5526 -0.0609 -0.1969, 0.571 -0.0537 -0.1969, 0.512 -0.125 -0.1969, 0.5157 -0.1056 -0.1969, 0.5241 -0.0877 -0.1969, 0.5299 -0.1801 -0.1969, 0.5193 -0.1635 -0.1969, 0.5132 -0.1447 -0.1969, 0.5807 -0.208 -0.1969, 0.5616 -0.2031 -0.1969, 0.5443 -0.1936 -0.1969, 0.6368 -0.1936 -0.1969, 0.6195 -0.2031 -0.1969, 0.6004 -0.208 -0.1969, 0.6679 -0.1447 -0.1969, 0.6618 -0.1635 -0.1969, 0.6512 -0.1801 -0.1969, 0.657 -0.0877 -0.1969, 0.6654 -0.1056 -0.1969, 0.6691 -0.125 -0.1969, 0.6285 -0.0609 -0.1969, 0.6445 -0.0725 -0.1969, -0.5251 -0.0109 -0.1531, -0.4976 -0.0309 -0.1531, -0.4759 -0.0572 -0.1531, -0.4614 -0.088 -0.1531, -0.455 -0.1214 -0.1531, -0.4572 -0.1554 -0.1531, -0.4677 -0.1877 -0.1531, -0.4859 -0.2165 -0.1531, -0.5107 -0.2398 -0.1531, -0.5406 -0.2562 -0.1531, -0.5735 -0.2646 -0.1531, -0.6952 -0.2165 -0.1531, -0.7134 -0.1877 -0.1531, -0.7239 -0.1554 -0.1531, -0.7261 -0.1214 -0.1531, -0.7197 -0.088 -0.1531, -0.7052 -0.0572 -0.1531, -0.6835 -0.0309 -0.1531, -0.656 -0.0109 -0.1531, -0.6243 0.0016 -0.1531, -0.6458 -0.206 -0.1948, -0.6252 -0.2173 -0.1948, -0.6542 -0.2175 -0.1889, -0.663 -0.1899 -0.1948, -0.674 -0.1989 -0.1889, -0.6834 -0.2067 -0.1796, -0.6756 -0.17 -0.1948, -0.6885 -0.176 -0.1889, -0.6996 -0.1812 -0.1796, -0.7081 -0.1852 -0.1673, -0.6829 -0.1475 -0.1948, -0.6969 -0.1502 -0.1889, -0.7089 -0.1525 -0.1796, -0.7181 -0.1543 -0.1673, -0.6384 -0.2507 -0.1673, -0.6405 -0.2562 -0.1531, -0.6704 -0.2398 -0.1531, -0.5906 -0.0359 -0.1948, -0.6139 -0.0389 -0.1948, -0.5906 -0.0217 -0.1889, -0.6175 -0.0251 -0.1889, -0.5906 -0.0094 -0.1796, -0.6205 -0.0132 -0.1796, -0.5906 -0.0 -0.1673, -0.6229 -0.0041 -0.1673, -0.5906 0.0059 -0.1531, -0.6531 -0.0161 -0.1673, -0.6486 -0.0243 -0.1796, -0.6427 -0.035 -0.1889, -0.6358 -0.0475 -0.1948, -0.6795 -0.0352 -0.1673, -0.673 -0.0421 -0.1796, -0.6647 -0.051 -0.1889, -0.6549 -0.0614 -0.1948, -0.7002 -0.0603 -0.1673, -0.6923 -0.0654 -0.1796, -0.682 -0.0719 -0.1889, -0.6699 -0.0795 -0.1948, -0.7141 -0.0898 -0.1673, -0.7052 -0.0927 -0.1796, -0.6935 -0.0965 -0.1889, -0.68 -0.1009 -0.1948, -0.7202 -0.1218 -0.1673, -0.7108 -0.1224 -0.1796, -0.6986 -0.1231 -0.1889, -0.6844 -0.124 -0.1948, -0.6304 -0.2306 -0.1889, -0.6614 -0.2274 -0.1796, -0.6906 -0.2127 -0.1673, -0.6349 -0.242 -0.1796, -0.6669 -0.235 -0.1673, -0.6076 -0.2646 -0.1531, -0.6068 -0.2588 -0.1673, -0.6057 -0.2495 -0.1796, -0.6041 -0.2373 -0.1889, -0.6023 -0.2232 -0.1948, -0.5743 -0.2588 -0.1673, -0.5754 -0.2495 -0.1796, -0.577 -0.2373 -0.1889, -0.5788 -0.2232 -0.1948, -0.5427 -0.2507 -0.1673, -0.5462 -0.242 -0.1796, -0.5507 -0.2306 -0.1889, -0.5559 -0.2173 -0.1948, -0.5142 -0.235 -0.1673, -0.5197 -0.2274 -0.1796, -0.5269 -0.2175 -0.1889, -0.5353 -0.206 -0.1948, -0.4905 -0.2127 -0.1673, -0.4977 -0.2067 -0.1796, -0.5071 -0.1989 -0.1889, -0.5181 -0.1899 -0.1948, -0.473 -0.1852 -0.1673, -0.4815 -0.1812 -0.1796, -0.4926 -0.176 -0.1889, -0.5055 -0.17 -0.1948, -0.463 -0.1543 -0.1673, -0.4722 -0.1525 -0.1796, -0.4842 -0.1502 -0.1889, -0.4982 -0.1475 -0.1948, -0.4609 -0.1218 -0.1673, -0.4703 -0.1224 -0.1796, -0.4825 -0.1231 -0.1889, -0.4967 -0.124 -0.1948, -0.467 -0.0898 -0.1673, -0.476 -0.0927 -0.1796, -0.4876 -0.0965 -0.1889, -0.5011 -0.1009 -0.1948, -0.4809 -0.0603 -0.1673, -0.4888 -0.0654 -0.1796, -0.4991 -0.0719 -0.1889, -0.5112 -0.0795 -0.1948, -0.5016 -0.0352 -0.1673, -0.5081 -0.0421 -0.1796, -0.5164 -0.051 -0.1889, -0.5262 -0.0614 -0.1948, -0.528 -0.0161 -0.1673, -0.5325 -0.0243 -0.1796, -0.5384 -0.035 -0.1889, -0.5453 -0.0475 -0.1948, -0.5568 0.0016 -0.1531, -0.5583 -0.0041 -0.1673, -0.5606 -0.0132 -0.1796, -0.5636 -0.0251 -0.1889, -0.5672 -0.0389 -0.1948, 0.656 -0.0109 -0.1531, 0.6835 -0.0309 -0.1531, 0.7052 -0.0572 -0.1531, 0.7197 -0.088 -0.1531, 0.7261 -0.1214 -0.1531, 0.7239 -0.1554 -0.1531, 0.7134 -0.1877 -0.1531, 0.6952 -0.2165 -0.1531, 0.6704 -0.2398 -0.1531, 0.6405 -0.2562 -0.1531, 0.6076 -0.2646 -0.1531, 0.4859 -0.2165 -0.1531, 0.4677 -0.1877 -0.1531, 0.4572 -0.1554 -0.1531, 0.455 -0.1214 -0.1531, 0.4614 -0.088 -0.1531, 0.4759 -0.0572 -0.1531, 0.4976 -0.0309 -0.1531, 0.5251 -0.0109 -0.1531, 0.5568 0.0016 -0.1531, 0.5353 -0.206 -0.1948, 0.5559 -0.2173 -0.1948, 0.5269 -0.2175 -0.1889, 0.5181 -0.1899 -0.1948, 0.5071 -0.1989 -0.1889, 0.4977 -0.2067 -0.1796, 0.5055 -0.17 -0.1948, 0.4926 -0.176 -0.1889, 0.4815 -0.1812 -0.1796, 0.473 -0.1852 -0.1673, 0.4982 -0.1475 -0.1948, 0.4842 -0.1502 -0.1889, 0.4722 -0.1525 -0.1796, 0.463 -0.1543 -0.1673, 0.5427 -0.2507 -0.1673, 0.5406 -0.2562 -0.1531, 0.5107 -0.2398 -0.1531, 0.5906 -0.0359 -0.1948, 0.5672 -0.0389 -0.1948, 0.5906 -0.0217 -0.1889, 0.5636 -0.0251 -0.1889, 0.5906 -0.0094 -0.1796, 0.5606 -0.0132 -0.1796, 0.5906 -0.0 -0.1673, 0.5583 -0.0041 -0.1673, 0.5906 0.0059 -0.1531, 0.528 -0.0161 -0.1673, 0.5325 -0.0243 -0.1796, 0.5384 -0.035 -0.1889, 0.5453 -0.0475 -0.1948, 0.5016 -0.0352 -0.1673, 0.5081 -0.0421 -0.1796, 0.5164 -0.051 -0.1889, 0.5262 -0.0614 -0.1948, 0.4809 -0.0603 -0.1673, 0.4888 -0.0654 -0.1796, 0.4991 -0.0719 -0.1889, 0.5112 -0.0795 -0.1948, 0.467 -0.0898 -0.1673, 0.476 -0.0927 -0.1796, 0.4876 -0.0965 -0.1889, 0.5011 -0.1009 -0.1948, 0.4609 -0.1218 -0.1673, 0.4703 -0.1224 -0.1796, 0.4825 -0.1231 -0.1889, 0.4967 -0.124 -0.1948, 0.5507 -0.2306 -0.1889, 0.5197 -0.2274 -0.1796, 0.4905 -0.2127 -0.1673, 0.5462 -0.242 -0.1796, 0.5142 -0.235 -0.1673, 0.5735 -0.2646 -0.1531, 0.5743 -0.2588 -0.1673, 0.5754 -0.2495 -0.1796, 0.577 -0.2373 -0.1889, 0.5788 -0.2232 -0.1948, 0.6068 -0.2588 -0.1673, 0.6057 -0.2495 -0.1796, 0.6041 -0.2373 -0.1889, 0.6023 -0.2232 -0.1948, 0.6384 -0.2507 -0.1673, 0.6349 -0.242 -0.1796, 0.6304 -0.2306 -0.1889, 0.6252 -0.2173 -0.1948, 0.6669 -0.235 -0.1673, 0.6614 -0.2274 -0.1796, 0.6542 -0.2175 -0.1889, 0.6458 -0.206 -0.1948, 0.6906 -0.2127 -0.1673, 0.6834 -0.2067 -0.1796, 0.674 -0.1989 -0.1889, 0.663 -0.1899 -0.1948, 0.7081 -0.1852 -0.1673, 0.6996 -0.1812 -0.1796, 0.6885 -0.176 -0.1889, 0.6756 -0.17 -0.1948, 0.7181 -0.1543 -0.1673, 0.7089 -0.1525 -0.1796, 0.6969 -0.1502 -0.1889, 0.6829 -0.1475 -0.1948, 0.7202 -0.1218 -0.1673, 0.7108 -0.1224 -0.1796, 0.6986 -0.1231 -0.1889, 0.6844 -0.124 -0.1948, 0.7141 -0.0898 -0.1673, 0.7052 -0.0927 -0.1796, 0.6935 -0.0965 -0.1889, 0.68 -0.1009 -0.1948, 0.7002 -0.0603 -0.1673, 0.6923 -0.0654 -0.1796, 0.682 -0.0719 -0.1889, 0.6699 -0.0795 -0.1948, 0.6795 -0.0352 -0.1673, 0.673 -0.0421 -0.1796, 0.6647 -0.051 -0.1889, 0.6549 -0.0614 -0.1948, 0.6531 -0.0161 -0.1673, 0.6486 -0.0243 -0.1796, 0.6427 -0.035 -0.1889, 0.6358 -0.0475 -0.1948, 0.6243 0.0016 -0.1531, 0.6229 -0.0041 -0.1673, 0.6205 -0.0132 -0.1796, 0.6175 -0.0251 -0.1889, 0.6139 -0.0389 -0.1948
            ]
        }
        coordIndex [
            0,1,2,-1,3,4,5,-1,6,7,8,-1,9,10,11,-1,12,13,14,-1,14,13,15,-1,14,15,16,-1,17,18,19,-1,19,18,14,-1,19,14,20,-1,20,14,21,-1,16,22,14,-1,14,22,23,-1,14,23,21,-1,24,12,25,-1,26,27,28,-1,26,28,25,-1,25,28,29,-1,25,29,24,-1,27,26,30,-1,30,26,31,-1,30,31,32,-1,31,33,32,-1,32,33,34,-1,32,34,35,-1,35,34,36,-1,35,36,37,-1,38,39,31,-1,31,39,40,-1,31,40,33,-1,41,42,43,-1,43,42,44,-1,43,44,45,-1,45,44,46,-1,45,46,31,-1,31,46,47,-1,31,47,38,-1,48,49,50,-1,50,49,51,-1,48,50,52,-1,52,50,53,-1,52,53,54,-1,51,55,50,-1,50,55,56,-1,50,56,42,-1,42,56,57,-1,42,57,44,-1,58,59,50,-1,59,60,50,-1,50,60,61,-1,50,61,53,-1,62,63,64,-1,65,66,67,-1,67,68,65,-1,65,68,62,-1,65,62,69,-1,69,62,64,-1,70,71,9,-1,9,71,72,-1,72,73,9,-1,9,73,74,-1,9,74,69,-1,69,74,58,-1,69,58,65,-1,65,58,50,-1,75,76,77,-1,77,76,78,-1,78,79,77,-1,77,79,80,-1,77,80,70,-1,81,82,83,-1,84,85,86,-1,86,85,87,-1,81,83,88,-1,89,90,91,-1,92,93,85,-1,85,93,94,-1,85,94,95,-1,17,96,18,-1,18,96,97,-1,18,97,91,-1,91,97,98,-1,91,98,89,-1,82,99,83,-1,83,99,100,-1,83,100,101,-1,102,103,104,-1,104,103,105,-1,104,105,106,-1,107,95,108,-1,108,95,109,-1,108,109,104,-1,104,109,110,-1,104,110,102,-1,107,111,95,-1,95,111,112,-1,95,112,85,-1,85,112,113,-1,85,113,87,-1,90,114,91,-1,91,114,115,-1,91,115,116,-1,117,118,119,-1,119,118,120,-1,119,120,83,-1,83,120,121,-1,83,121,88,-1,101,122,83,-1,83,122,123,-1,83,123,124,-1,125,126,75,-1,126,127,75,-1,75,127,128,-1,75,128,129,-1,129,130,75,-1,75,130,131,-1,75,131,132,-1,132,131,117,-1,132,117,133,-1,133,117,119,-1,134,135,83,-1,83,135,136,-1,83,136,85,-1,85,136,137,-1,85,137,92,-1,124,138,83,-1,83,138,139,-1,83,139,134,-1,140,141,142,-1,141,143,142,-1,142,143,144,-1,142,144,145,-1,94,142,95,-1,95,142,146,-1,95,146,147,-1,148,149,94,-1,94,149,150,-1,94,150,142,-1,142,150,151,-1,142,151,140,-1,152,153,94,-1,94,153,154,-1,94,154,148,-1,155,156,157,-1,157,156,158,-1,157,158,159,-1,145,144,160,-1,160,144,161,-1,160,161,162,-1,162,161,163,-1,162,163,164,-1,147,165,95,-1,95,165,157,-1,95,157,166,-1,166,157,159,-1,167,168,169,-1,169,168,170,-1,169,170,171,-1,172,173,174,-1,174,173,175,-1,175,173,176,-1,175,176,177,-1,176,178,177,-1,177,178,179,-1,177,179,180,-1,174,181,172,-1,172,181,182,-1,172,182,183,-1,167,174,168,-1,168,174,175,-1,168,175,184,-1,184,175,185,-1,184,185,186,-1,186,185,187,-1,186,187,188,-1,189,190,191,-1,192,193,194,-1,194,193,195,-1,194,195,196,-1,196,195,189,-1,196,189,197,-1,197,189,191,-1,198,199,200,-1,200,199,201,-1,202,203,204,-1,205,206,200,-1,206,207,200,-1,200,207,208,-1,200,208,198,-1,198,208,209,-1,202,204,200,-1,200,204,210,-1,200,210,205,-1,211,212,213,-1,213,212,214,-1,215,214,216,-1,216,214,212,-1,216,212,199,-1,199,212,211,-1,199,211,201,-1,215,216,7,-1,7,216,217,-1,7,217,8,-1,218,219,8,-1,220,221,222,-1,209,223,198,-1,198,223,224,-1,198,224,222,-1,222,224,225,-1,222,225,220,-1,226,227,8,-1,8,227,228,-1,221,229,222,-1,222,229,230,-1,222,230,231,-1,231,230,232,-1,231,232,218,-1,233,234,219,-1,219,234,235,-1,219,235,8,-1,8,235,236,-1,8,236,226,-1,228,237,8,-1,8,237,238,-1,8,238,6,-1,239,240,241,-1,241,240,242,-1,241,242,243,-1,241,244,239,-1,239,244,245,-1,239,245,246,-1,246,247,239,-1,239,247,248,-1,239,248,249,-1,249,248,250,-1,249,250,251,-1,251,250,252,-1,251,252,219,-1,219,252,253,-1,219,253,233,-1,254,255,243,-1,243,255,256,-1,243,256,241,-1,257,258,203,-1,203,258,259,-1,203,259,204,-1,257,260,258,-1,258,260,261,-1,258,261,262,-1,262,261,263,-1,262,264,265,-1,263,266,262,-1,262,266,267,-1,262,267,268,-1,268,269,262,-1,262,269,270,-1,262,270,264,-1,265,271,262,-1,262,271,272,-1,262,272,273,-1,274,275,276,-1,276,275,168,-1,276,168,277,-1,277,168,278,-1,277,278,279,-1,280,170,281,-1,281,170,168,-1,281,168,282,-1,282,168,275,-1,283,284,285,-1,285,284,286,-1,287,288,289,-1,289,288,290,-1,290,288,291,-1,290,291,292,-1,291,293,292,-1,292,293,294,-1,292,294,295,-1,289,296,287,-1,287,296,297,-1,287,297,298,-1,285,289,283,-1,283,289,290,-1,283,290,193,-1,193,290,299,-1,193,299,231,-1,231,299,300,-1,231,300,222,-1,222,300,301,-1,286,284,302,-1,302,284,303,-1,302,303,301,-1,5,26,3,-1,3,26,25,-1,3,25,304,-1,304,25,305,-1,304,305,306,-1,306,305,307,-1,306,307,308,-1,308,307,309,-1,308,309,310,-1,310,309,311,-1,310,311,312,-1,312,311,313,-1,312,313,314,-1,314,313,315,-1,314,315,316,-1,316,315,317,-1,316,317,318,-1,318,317,319,-1,318,319,320,-1,320,319,321,-1,320,321,322,-1,322,321,323,-1,322,323,324,-1,324,323,325,-1,326,327,328,-1,1,329,326,-1,330,0,331,-1,331,0,332,-1,331,332,333,-1,329,1,334,-1,334,1,0,-1,334,0,335,-1,335,0,330,-1,335,330,336,-1,337,338,339,-1,340,198,341,-1,341,198,222,-1,341,222,342,-1,342,222,343,-1,344,345,346,-1,346,345,347,-1,344,348,345,-1,345,348,349,-1,345,349,350,-1,350,349,351,-1,352,353,345,-1,345,353,354,-1,345,354,355,-1,301,303,222,-1,222,303,356,-1,222,356,343,-1,343,356,357,-1,343,357,345,-1,345,357,358,-1,345,358,352,-1,355,359,345,-1,345,359,360,-1,345,360,347,-1,361,362,363,-1,364,365,349,-1,349,365,366,-1,349,366,351,-1,361,363,349,-1,349,363,367,-1,349,367,364,-1,368,369,370,-1,370,369,371,-1,370,371,303,-1,303,371,372,-1,303,372,356,-1,373,374,375,-1,375,374,376,-1,377,378,374,-1,374,378,379,-1,374,379,376,-1,380,381,374,-1,374,381,382,-1,374,382,377,-1,383,384,385,-1,385,384,386,-1,385,386,380,-1,380,386,387,-1,380,387,381,-1,388,389,390,-1,389,391,390,-1,390,391,392,-1,390,392,393,-1,340,394,198,-1,198,394,395,-1,198,395,390,-1,390,395,396,-1,390,396,388,-1,397,398,399,-1,399,398,400,-1,401,402,403,-1,404,405,198,-1,405,406,198,-1,198,406,407,-1,198,407,408,-1,397,409,398,-1,398,409,410,-1,398,410,411,-1,411,410,412,-1,413,414,412,-1,412,414,415,-1,412,415,411,-1,416,417,401,-1,401,417,418,-1,401,418,402,-1,419,420,421,-1,421,420,422,-1,421,422,423,-1,403,424,401,-1,401,424,425,-1,401,425,390,-1,390,425,400,-1,390,400,426,-1,426,400,398,-1,426,427,390,-1,390,427,428,-1,390,428,198,-1,198,428,429,-1,198,429,404,-1,408,430,198,-1,198,430,431,-1,198,431,199,-1,199,431,432,-1,199,432,421,-1,433,434,412,-1,412,434,435,-1,412,435,436,-1,436,437,412,-1,412,437,438,-1,412,438,413,-1,439,440,441,-1,440,442,443,-1,443,442,444,-1,443,444,401,-1,401,444,445,-1,401,445,416,-1,446,447,8,-1,218,8,231,-1,231,8,447,-1,231,447,193,-1,193,447,448,-1,193,448,195,-1,449,450,446,-1,451,452,453,-1,453,452,454,-1,453,454,449,-1,449,446,453,-1,453,446,8,-1,453,8,455,-1,455,8,217,-1,455,217,456,-1,455,457,453,-1,453,457,458,-1,453,458,459,-1,460,461,462,-1,462,461,463,-1,462,463,217,-1,217,463,464,-1,217,464,456,-1,459,465,453,-1,453,465,466,-1,453,466,451,-1,467,468,469,-1,467,469,470,-1,468,471,469,-1,469,471,472,-1,469,472,462,-1,462,472,473,-1,462,473,460,-1,474,475,476,-1,476,475,278,-1,278,475,477,-1,278,477,478,-1,479,480,481,-1,481,480,279,-1,481,279,2,-1,2,279,278,-1,2,278,0,-1,0,278,478,-1,0,478,332,-1,332,478,482,-1,332,482,476,-1,476,482,483,-1,476,483,474,-1,474,483,484,-1,474,484,485,-1,168,486,487,-1,168,487,278,-1,278,487,488,-1,278,488,489,-1,490,491,476,-1,476,491,492,-1,486,168,493,-1,493,168,184,-1,493,184,494,-1,494,184,476,-1,494,476,495,-1,492,496,476,-1,476,496,497,-1,476,497,495,-1,489,498,278,-1,278,498,499,-1,278,499,500,-1,500,501,278,-1,278,501,502,-1,278,502,476,-1,476,502,503,-1,476,503,490,-1,333,332,504,-1,504,332,476,-1,504,476,505,-1,505,476,184,-1,505,184,506,-1,506,184,186,-1,506,186,469,-1,507,508,509,-1,509,508,283,-1,469,186,470,-1,470,186,188,-1,470,188,192,-1,192,188,171,-1,192,171,193,-1,193,171,170,-1,193,170,510,-1,511,512,170,-1,170,512,513,-1,170,513,514,-1,510,515,193,-1,193,515,516,-1,193,516,283,-1,283,516,517,-1,283,517,509,-1,514,518,170,-1,170,518,519,-1,170,519,510,-1,507,520,508,-1,508,520,521,-1,508,521,522,-1,522,523,508,-1,508,523,524,-1,508,524,525,-1,479,481,280,-1,280,481,508,-1,280,508,170,-1,170,508,525,-1,170,525,511,-1,216,526,217,-1,217,526,527,-1,217,527,462,-1,462,527,528,-1,462,528,469,-1,469,528,529,-1,469,529,506,-1,506,529,530,-1,506,530,505,-1,505,530,337,-1,505,337,504,-1,504,337,339,-1,504,339,333,-1,333,339,531,-1,333,531,532,-1,532,531,533,-1,440,443,441,-1,441,443,534,-1,441,534,535,-1,423,536,421,-1,421,536,439,-1,421,439,199,-1,199,439,441,-1,199,441,216,-1,216,441,535,-1,216,535,526,-1,328,325,326,-1,326,325,323,-1,326,323,1,-1,1,323,321,-1,1,321,2,-1,2,321,319,-1,2,319,481,-1,481,319,317,-1,481,317,508,-1,508,317,315,-1,508,315,283,-1,283,315,313,-1,283,313,284,-1,284,313,311,-1,284,311,303,-1,303,311,309,-1,303,309,370,-1,370,309,537,-1,370,537,368,-1,538,539,540,-1,393,383,390,-1,390,383,385,-1,390,385,401,-1,401,385,541,-1,401,541,443,-1,70,9,77,-1,77,9,11,-1,77,11,539,-1,539,538,77,-1,77,538,91,-1,77,91,75,-1,75,91,116,-1,75,116,125,-1,542,543,385,-1,385,543,544,-1,385,544,541,-1,541,544,545,-1,541,545,546,-1,542,385,547,-1,547,385,18,-1,547,18,546,-1,546,18,91,-1,546,91,541,-1,541,91,538,-1,541,538,443,-1,443,538,540,-1,443,540,534,-1,548,549,550,-1,550,549,544,-1,550,544,551,-1,551,544,543,-1,551,543,552,-1,552,543,553,-1,554,555,556,-1,557,558,14,-1,14,558,554,-1,14,554,380,-1,380,554,556,-1,380,556,385,-1,385,556,559,-1,385,559,18,-1,18,559,557,-1,18,557,14,-1,12,14,25,-1,25,14,380,-1,25,380,305,-1,305,380,374,-1,305,374,307,-1,307,374,373,-1,307,373,309,-1,309,373,560,-1,309,560,537,-1,561,562,563,-1,564,565,566,-1,566,565,567,-1,568,569,570,-1,570,569,571,-1,565,568,567,-1,567,568,570,-1,572,573,574,-1,574,573,575,-1,569,572,571,-1,571,572,574,-1,564,566,576,-1,577,578,579,-1,580,581,582,-1,580,583,581,-1,581,583,584,-1,581,584,585,-1,586,575,573,-1,587,588,589,-1,589,590,587,-1,587,590,591,-1,587,591,592,-1,593,594,595,-1,596,597,598,-1,596,599,597,-1,597,599,600,-1,597,600,601,-1,600,602,601,-1,601,602,603,-1,601,603,604,-1,603,605,604,-1,604,605,606,-1,604,606,579,-1,579,606,607,-1,579,607,577,-1,577,607,608,-1,577,608,582,-1,582,608,609,-1,582,609,580,-1,584,610,585,-1,585,610,611,-1,585,611,573,-1,573,611,612,-1,573,612,586,-1,586,612,613,-1,586,613,614,-1,613,615,614,-1,614,615,616,-1,614,616,617,-1,616,618,617,-1,617,618,619,-1,617,619,620,-1,619,621,620,-1,620,621,622,-1,620,622,623,-1,622,624,623,-1,623,624,625,-1,623,625,626,-1,625,627,626,-1,626,627,628,-1,626,628,629,-1,628,630,629,-1,629,630,631,-1,629,631,632,-1,631,633,632,-1,632,633,634,-1,632,634,576,-1,576,634,635,-1,576,635,564,-1,564,635,636,-1,564,636,588,-1,588,636,637,-1,588,637,589,-1,591,638,592,-1,592,638,639,-1,592,639,595,-1,595,639,640,-1,595,640,593,-1,593,640,641,-1,593,641,642,-1,641,643,642,-1,642,643,644,-1,642,644,645,-1,644,646,645,-1,645,646,647,-1,645,647,648,-1,647,649,648,-1,648,649,650,-1,648,650,598,-1,598,650,651,-1,598,651,596,-1,652,653,654,-1,654,653,655,-1,656,657,658,-1,658,657,659,-1,578,577,660,-1,660,577,661,-1,662,663,664,-1,66,42,665,-1,666,667,665,-1,665,667,662,-1,665,662,66,-1,66,662,664,-1,67,66,668,-1,668,66,664,-1,11,10,669,-1,532,533,670,-1,657,671,659,-1,659,671,672,-1,659,672,673,-1,673,672,674,-1,673,674,675,-1,564,588,565,-1,565,588,587,-1,565,587,676,-1,676,587,592,-1,676,592,595,-1,677,678,679,-1,679,678,661,-1,679,661,664,-1,64,63,680,-1,64,680,681,-1,582,581,572,-1,572,581,585,-1,572,585,573,-1,682,338,337,-1,683,655,664,-1,565,530,568,-1,568,530,529,-1,679,532,677,-1,677,532,670,-1,677,670,676,-1,676,670,682,-1,676,682,565,-1,565,682,337,-1,565,337,530,-1,577,582,661,-1,661,582,572,-1,661,572,664,-1,664,572,569,-1,664,569,683,-1,683,569,539,-1,683,539,684,-1,685,686,687,-1,687,686,688,-1,687,688,689,-1,653,685,655,-1,655,685,687,-1,655,687,664,-1,664,687,690,-1,664,690,668,-1,668,690,691,-1,668,691,680,-1,680,691,659,-1,680,659,681,-1,681,659,673,-1,681,673,669,-1,669,673,684,-1,669,684,11,-1,11,684,539,-1,529,528,568,-1,568,528,527,-1,568,527,526,-1,526,535,568,-1,568,535,534,-1,568,534,569,-1,569,534,540,-1,569,540,539,-1,692,330,532,-1,679,693,694,-1,695,696,694,-1,694,696,692,-1,694,692,679,-1,679,692,532,-1,696,695,697,-1,697,695,698,-1,699,700,701,-1,304,702,703,-1,704,705,703,-1,703,705,706,-1,697,698,707,-1,707,698,699,-1,707,699,702,-1,702,699,701,-1,708,709,710,-1,710,709,701,-1,3,304,711,-1,711,304,703,-1,711,703,712,-1,712,703,706,-1,712,706,713,-1,714,715,716,-1,701,709,702,-1,702,709,717,-1,702,717,718,-1,312,314,707,-1,708,710,716,-1,716,710,719,-1,716,719,714,-1,304,306,702,-1,702,306,308,-1,702,308,707,-1,707,308,310,-1,707,310,312,-1,717,720,718,-1,718,720,721,-1,718,721,722,-1,722,721,723,-1,722,723,724,-1,314,316,707,-1,707,316,318,-1,707,318,320,-1,320,322,707,-1,707,322,324,-1,707,324,325,-1,712,713,666,-1,666,713,667,-1,725,726,693,-1,663,727,728,-1,561,701,700,-1,705,704,663,-1,663,704,729,-1,663,729,664,-1,664,729,562,-1,664,562,679,-1,679,562,693,-1,700,730,731,-1,663,728,705,-1,705,728,732,-1,705,732,733,-1,562,561,693,-1,693,561,700,-1,693,700,725,-1,725,700,731,-1,706,734,713,-1,713,734,735,-1,713,735,667,-1,667,735,736,-1,667,736,662,-1,662,736,737,-1,737,727,662,-1,662,727,663,-1,736,728,737,-1,737,728,727,-1,735,732,736,-1,736,732,728,-1,734,733,735,-1,735,733,732,-1,706,705,734,-1,734,705,733,-1,694,738,695,-1,695,738,739,-1,695,739,698,-1,698,739,740,-1,698,740,699,-1,699,740,741,-1,741,730,699,-1,699,730,700,-1,740,731,741,-1,741,731,730,-1,739,725,740,-1,740,725,731,-1,738,726,739,-1,739,726,725,-1,694,693,738,-1,738,693,726,-1,665,742,666,-1,666,742,743,-1,666,743,712,-1,712,743,744,-1,712,744,711,-1,711,744,745,-1,744,743,5,-1,5,743,45,-1,743,742,45,-1,45,742,41,-1,742,665,41,-1,41,665,42,-1,711,745,3,-1,3,745,4,-1,745,744,4,-1,4,744,5,-1,707,746,697,-1,697,746,747,-1,697,747,696,-1,696,747,748,-1,696,748,692,-1,692,748,749,-1,692,749,330,-1,330,749,336,-1,749,748,336,-1,336,748,334,-1,748,747,334,-1,334,747,327,-1,747,746,327,-1,327,746,328,-1,746,707,328,-1,328,707,325,-1,750,677,751,-1,751,677,676,-1,752,678,750,-1,750,678,677,-1,660,661,752,-1,752,661,678,-1,751,676,594,-1,594,676,595,-1,753,684,754,-1,754,684,673,-1,755,683,753,-1,753,683,684,-1,654,655,755,-1,755,655,683,-1,754,673,756,-1,756,673,675,-1,757,691,758,-1,758,691,690,-1,658,659,757,-1,757,659,691,-1,759,687,760,-1,760,687,689,-1,758,690,759,-1,759,690,687,-1,761,762,763,-1,764,765,763,-1,763,765,766,-1,763,766,761,-1,767,768,763,-1,763,768,769,-1,763,769,764,-1,770,771,763,-1,763,771,772,-1,763,772,767,-1,773,774,763,-1,763,774,775,-1,763,775,770,-1,776,777,763,-1,763,777,778,-1,763,778,773,-1,779,780,763,-1,763,780,781,-1,763,781,776,-1,782,783,763,-1,763,783,784,-1,763,784,779,-1,762,785,763,-1,763,785,786,-1,763,786,782,-1,657,656,787,-1,653,652,788,-1,789,686,685,-1,789,790,686,-1,686,790,791,-1,686,791,688,-1,792,760,689,-1,672,671,793,-1,793,794,672,-1,672,794,795,-1,672,795,674,-1,796,756,675,-1,797,798,799,-1,797,800,798,-1,798,800,801,-1,798,801,802,-1,801,803,802,-1,802,803,804,-1,802,804,805,-1,804,806,805,-1,805,806,807,-1,805,807,788,-1,788,807,808,-1,788,808,653,-1,653,808,809,-1,653,809,685,-1,685,809,810,-1,685,810,789,-1,791,811,688,-1,688,811,812,-1,688,812,689,-1,689,812,813,-1,689,813,792,-1,792,813,814,-1,792,814,815,-1,814,816,815,-1,815,816,817,-1,815,817,818,-1,817,819,818,-1,818,819,820,-1,818,820,821,-1,820,822,821,-1,821,822,823,-1,821,823,824,-1,823,825,824,-1,824,825,826,-1,824,826,827,-1,826,828,827,-1,827,828,829,-1,827,829,830,-1,829,831,830,-1,830,831,832,-1,830,832,833,-1,832,834,833,-1,833,834,835,-1,833,835,787,-1,787,835,836,-1,787,836,657,-1,657,836,837,-1,657,837,671,-1,671,837,838,-1,671,838,793,-1,795,839,674,-1,674,839,840,-1,674,840,675,-1,675,840,841,-1,675,841,796,-1,796,841,842,-1,796,842,843,-1,842,844,843,-1,843,844,845,-1,843,845,846,-1,845,847,846,-1,846,847,848,-1,846,848,849,-1,848,850,849,-1,849,850,851,-1,849,851,799,-1,799,851,852,-1,799,852,797,-1,853,854,855,-1,856,857,855,-1,855,857,858,-1,855,858,853,-1,859,860,855,-1,855,860,861,-1,855,861,856,-1,862,863,855,-1,855,863,864,-1,855,864,859,-1,865,866,855,-1,855,866,867,-1,855,867,862,-1,868,869,855,-1,855,869,870,-1,855,870,865,-1,871,872,855,-1,855,872,873,-1,855,873,868,-1,874,875,855,-1,855,875,876,-1,855,876,871,-1,854,877,855,-1,855,877,878,-1,855,878,874,-1,637,636,879,-1,635,634,880,-1,633,631,881,-1,630,628,882,-1,627,625,883,-1,624,622,884,-1,621,619,885,-1,618,616,886,-1,615,613,887,-1,612,611,888,-1,610,584,889,-1,605,603,890,-1,602,600,891,-1,599,596,892,-1,651,650,893,-1,649,647,894,-1,646,644,895,-1,643,641,896,-1,640,639,897,-1,638,591,898,-1,775,774,899,-1,899,774,900,-1,899,900,901,-1,770,775,902,-1,902,775,899,-1,902,899,903,-1,903,899,901,-1,903,901,904,-1,771,770,905,-1,905,770,902,-1,905,902,906,-1,906,902,903,-1,906,903,907,-1,907,903,904,-1,907,904,908,-1,772,771,909,-1,909,771,905,-1,909,905,910,-1,910,905,906,-1,910,906,911,-1,911,906,907,-1,911,907,912,-1,912,907,908,-1,912,908,892,-1,913,914,915,-1,761,766,916,-1,916,766,917,-1,916,917,918,-1,918,917,919,-1,918,919,920,-1,920,919,921,-1,920,921,922,-1,922,921,923,-1,922,923,924,-1,924,923,898,-1,924,898,590,-1,590,898,591,-1,639,638,897,-1,897,638,898,-1,897,898,925,-1,925,898,923,-1,925,923,926,-1,926,923,921,-1,926,921,927,-1,927,921,919,-1,927,919,928,-1,928,919,917,-1,928,917,765,-1,765,917,766,-1,641,640,896,-1,896,640,897,-1,896,897,929,-1,929,897,925,-1,929,925,930,-1,930,925,926,-1,930,926,931,-1,931,926,927,-1,931,927,932,-1,932,927,928,-1,932,928,764,-1,764,928,765,-1,644,643,895,-1,895,643,896,-1,895,896,933,-1,933,896,929,-1,933,929,934,-1,934,929,930,-1,934,930,935,-1,935,930,931,-1,935,931,936,-1,936,931,932,-1,936,932,769,-1,769,932,764,-1,647,646,894,-1,894,646,895,-1,894,895,937,-1,937,895,933,-1,937,933,938,-1,938,933,934,-1,938,934,939,-1,939,934,935,-1,939,935,940,-1,940,935,936,-1,940,936,768,-1,768,936,769,-1,650,649,893,-1,893,649,894,-1,893,894,941,-1,941,894,937,-1,941,937,942,-1,942,937,938,-1,942,938,943,-1,943,938,939,-1,943,939,944,-1,944,939,940,-1,944,940,767,-1,767,940,768,-1,596,651,892,-1,892,651,893,-1,892,893,912,-1,912,893,941,-1,912,941,911,-1,911,941,942,-1,911,942,910,-1,910,942,943,-1,910,943,909,-1,909,943,944,-1,909,944,772,-1,772,944,767,-1,900,945,901,-1,901,945,946,-1,901,946,904,-1,904,946,947,-1,904,947,908,-1,908,947,891,-1,908,891,892,-1,892,891,600,-1,892,600,599,-1,945,948,946,-1,946,948,949,-1,946,949,947,-1,947,949,890,-1,947,890,891,-1,891,890,603,-1,891,603,602,-1,948,913,949,-1,949,913,915,-1,949,915,890,-1,890,915,606,-1,890,606,605,-1,583,580,950,-1,950,580,914,-1,950,914,951,-1,951,914,913,-1,951,913,952,-1,952,913,948,-1,952,948,953,-1,953,948,945,-1,953,945,954,-1,954,945,900,-1,954,900,773,-1,773,900,774,-1,580,609,914,-1,914,609,608,-1,914,608,915,-1,915,608,607,-1,915,607,606,-1,584,583,889,-1,889,583,950,-1,889,950,955,-1,955,950,951,-1,955,951,956,-1,956,951,952,-1,956,952,957,-1,957,952,953,-1,957,953,958,-1,958,953,954,-1,958,954,778,-1,778,954,773,-1,611,610,888,-1,888,610,889,-1,888,889,959,-1,959,889,955,-1,959,955,960,-1,960,955,956,-1,960,956,961,-1,961,956,957,-1,961,957,962,-1,962,957,958,-1,962,958,777,-1,777,958,778,-1,613,612,887,-1,887,612,888,-1,887,888,963,-1,963,888,959,-1,963,959,964,-1,964,959,960,-1,964,960,965,-1,965,960,961,-1,965,961,966,-1,966,961,962,-1,966,962,776,-1,776,962,777,-1,616,615,886,-1,886,615,887,-1,886,887,967,-1,967,887,963,-1,967,963,968,-1,968,963,964,-1,968,964,969,-1,969,964,965,-1,969,965,970,-1,970,965,966,-1,970,966,781,-1,781,966,776,-1,619,618,885,-1,885,618,886,-1,885,886,971,-1,971,886,967,-1,971,967,972,-1,972,967,968,-1,972,968,973,-1,973,968,969,-1,973,969,974,-1,974,969,970,-1,974,970,780,-1,780,970,781,-1,622,621,884,-1,884,621,885,-1,884,885,975,-1,975,885,971,-1,975,971,976,-1,976,971,972,-1,976,972,977,-1,977,972,973,-1,977,973,978,-1,978,973,974,-1,978,974,779,-1,779,974,780,-1,625,624,883,-1,883,624,884,-1,883,884,979,-1,979,884,975,-1,979,975,980,-1,980,975,976,-1,980,976,981,-1,981,976,977,-1,981,977,982,-1,982,977,978,-1,982,978,784,-1,784,978,779,-1,628,627,882,-1,882,627,883,-1,882,883,983,-1,983,883,979,-1,983,979,984,-1,984,979,980,-1,984,980,985,-1,985,980,981,-1,985,981,986,-1,986,981,982,-1,986,982,783,-1,783,982,784,-1,631,630,881,-1,881,630,882,-1,881,882,987,-1,987,882,983,-1,987,983,988,-1,988,983,984,-1,988,984,989,-1,989,984,985,-1,989,985,990,-1,990,985,986,-1,990,986,782,-1,782,986,783,-1,634,633,880,-1,880,633,881,-1,880,881,991,-1,991,881,987,-1,991,987,992,-1,992,987,988,-1,992,988,993,-1,993,988,989,-1,993,989,994,-1,994,989,990,-1,994,990,786,-1,786,990,782,-1,636,635,879,-1,879,635,880,-1,879,880,995,-1,995,880,991,-1,995,991,996,-1,996,991,992,-1,996,992,997,-1,997,992,993,-1,997,993,998,-1,998,993,994,-1,998,994,785,-1,785,994,786,-1,589,637,999,-1,999,637,879,-1,999,879,1000,-1,1000,879,995,-1,1000,995,1001,-1,1001,995,996,-1,1001,996,1002,-1,1002,996,997,-1,1002,997,1003,-1,1003,997,998,-1,1003,998,762,-1,762,998,785,-1,762,761,1003,-1,1003,761,916,-1,1003,916,1002,-1,1002,916,918,-1,1002,918,1001,-1,1001,918,920,-1,1001,920,1000,-1,1000,920,922,-1,1000,922,999,-1,999,922,924,-1,999,924,589,-1,589,924,590,-1,838,837,1004,-1,836,835,1005,-1,834,832,1006,-1,831,829,1007,-1,828,826,1008,-1,825,823,1009,-1,822,820,1010,-1,819,817,1011,-1,816,814,1012,-1,813,812,1013,-1,811,791,1014,-1,806,804,1015,-1,803,801,1016,-1,800,797,1017,-1,852,851,1018,-1,850,848,1019,-1,847,845,1020,-1,844,842,1021,-1,841,840,1022,-1,839,795,1023,-1,867,866,1024,-1,1024,866,1025,-1,1024,1025,1026,-1,862,867,1027,-1,1027,867,1024,-1,1027,1024,1028,-1,1028,1024,1026,-1,1028,1026,1029,-1,863,862,1030,-1,1030,862,1027,-1,1030,1027,1031,-1,1031,1027,1028,-1,1031,1028,1032,-1,1032,1028,1029,-1,1032,1029,1033,-1,864,863,1034,-1,1034,863,1030,-1,1034,1030,1035,-1,1035,1030,1031,-1,1035,1031,1036,-1,1036,1031,1032,-1,1036,1032,1037,-1,1037,1032,1033,-1,1037,1033,1017,-1,1038,1039,1040,-1,853,858,1041,-1,1041,858,1042,-1,1041,1042,1043,-1,1043,1042,1044,-1,1043,1044,1045,-1,1045,1044,1046,-1,1045,1046,1047,-1,1047,1046,1048,-1,1047,1048,1049,-1,1049,1048,1023,-1,1049,1023,794,-1,794,1023,795,-1,840,839,1022,-1,1022,839,1023,-1,1022,1023,1050,-1,1050,1023,1048,-1,1050,1048,1051,-1,1051,1048,1046,-1,1051,1046,1052,-1,1052,1046,1044,-1,1052,1044,1053,-1,1053,1044,1042,-1,1053,1042,857,-1,857,1042,858,-1,842,841,1021,-1,1021,841,1022,-1,1021,1022,1054,-1,1054,1022,1050,-1,1054,1050,1055,-1,1055,1050,1051,-1,1055,1051,1056,-1,1056,1051,1052,-1,1056,1052,1057,-1,1057,1052,1053,-1,1057,1053,856,-1,856,1053,857,-1,845,844,1020,-1,1020,844,1021,-1,1020,1021,1058,-1,1058,1021,1054,-1,1058,1054,1059,-1,1059,1054,1055,-1,1059,1055,1060,-1,1060,1055,1056,-1,1060,1056,1061,-1,1061,1056,1057,-1,1061,1057,861,-1,861,1057,856,-1,848,847,1019,-1,1019,847,1020,-1,1019,1020,1062,-1,1062,1020,1058,-1,1062,1058,1063,-1,1063,1058,1059,-1,1063,1059,1064,-1,1064,1059,1060,-1,1064,1060,1065,-1,1065,1060,1061,-1,1065,1061,860,-1,860,1061,861,-1,851,850,1018,-1,1018,850,1019,-1,1018,1019,1066,-1,1066,1019,1062,-1,1066,1062,1067,-1,1067,1062,1063,-1,1067,1063,1068,-1,1068,1063,1064,-1,1068,1064,1069,-1,1069,1064,1065,-1,1069,1065,859,-1,859,1065,860,-1,797,852,1017,-1,1017,852,1018,-1,1017,1018,1037,-1,1037,1018,1066,-1,1037,1066,1036,-1,1036,1066,1067,-1,1036,1067,1035,-1,1035,1067,1068,-1,1035,1068,1034,-1,1034,1068,1069,-1,1034,1069,864,-1,864,1069,859,-1,1025,1070,1026,-1,1026,1070,1071,-1,1026,1071,1029,-1,1029,1071,1072,-1,1029,1072,1033,-1,1033,1072,1016,-1,1033,1016,1017,-1,1017,1016,801,-1,1017,801,800,-1,1070,1073,1071,-1,1071,1073,1074,-1,1071,1074,1072,-1,1072,1074,1015,-1,1072,1015,1016,-1,1016,1015,804,-1,1016,804,803,-1,1073,1038,1074,-1,1074,1038,1040,-1,1074,1040,1015,-1,1015,1040,807,-1,1015,807,806,-1,790,789,1075,-1,1075,789,1039,-1,1075,1039,1076,-1,1076,1039,1038,-1,1076,1038,1077,-1,1077,1038,1073,-1,1077,1073,1078,-1,1078,1073,1070,-1,1078,1070,1079,-1,1079,1070,1025,-1,1079,1025,865,-1,865,1025,866,-1,789,810,1039,-1,1039,810,809,-1,1039,809,1040,-1,1040,809,808,-1,1040,808,807,-1,791,790,1014,-1,1014,790,1075,-1,1014,1075,1080,-1,1080,1075,1076,-1,1080,1076,1081,-1,1081,1076,1077,-1,1081,1077,1082,-1,1082,1077,1078,-1,1082,1078,1083,-1,1083,1078,1079,-1,1083,1079,870,-1,870,1079,865,-1,812,811,1013,-1,1013,811,1014,-1,1013,1014,1084,-1,1084,1014,1080,-1,1084,1080,1085,-1,1085,1080,1081,-1,1085,1081,1086,-1,1086,1081,1082,-1,1086,1082,1087,-1,1087,1082,1083,-1,1087,1083,869,-1,869,1083,870,-1,814,813,1012,-1,1012,813,1013,-1,1012,1013,1088,-1,1088,1013,1084,-1,1088,1084,1089,-1,1089,1084,1085,-1,1089,1085,1090,-1,1090,1085,1086,-1,1090,1086,1091,-1,1091,1086,1087,-1,1091,1087,868,-1,868,1087,869,-1,817,816,1011,-1,1011,816,1012,-1,1011,1012,1092,-1,1092,1012,1088,-1,1092,1088,1093,-1,1093,1088,1089,-1,1093,1089,1094,-1,1094,1089,1090,-1,1094,1090,1095,-1,1095,1090,1091,-1,1095,1091,873,-1,873,1091,868,-1,820,819,1010,-1,1010,819,1011,-1,1010,1011,1096,-1,1096,1011,1092,-1,1096,1092,1097,-1,1097,1092,1093,-1,1097,1093,1098,-1,1098,1093,1094,-1,1098,1094,1099,-1,1099,1094,1095,-1,1099,1095,872,-1,872,1095,873,-1,823,822,1009,-1,1009,822,1010,-1,1009,1010,1100,-1,1100,1010,1096,-1,1100,1096,1101,-1,1101,1096,1097,-1,1101,1097,1102,-1,1102,1097,1098,-1,1102,1098,1103,-1,1103,1098,1099,-1,1103,1099,871,-1,871,1099,872,-1,826,825,1008,-1,1008,825,1009,-1,1008,1009,1104,-1,1104,1009,1100,-1,1104,1100,1105,-1,1105,1100,1101,-1,1105,1101,1106,-1,1106,1101,1102,-1,1106,1102,1107,-1,1107,1102,1103,-1,1107,1103,876,-1,876,1103,871,-1,829,828,1007,-1,1007,828,1008,-1,1007,1008,1108,-1,1108,1008,1104,-1,1108,1104,1109,-1,1109,1104,1105,-1,1109,1105,1110,-1,1110,1105,1106,-1,1110,1106,1111,-1,1111,1106,1107,-1,1111,1107,875,-1,875,1107,876,-1,832,831,1006,-1,1006,831,1007,-1,1006,1007,1112,-1,1112,1007,1108,-1,1112,1108,1113,-1,1113,1108,1109,-1,1113,1109,1114,-1,1114,1109,1110,-1,1114,1110,1115,-1,1115,1110,1111,-1,1115,1111,874,-1,874,1111,875,-1,835,834,1005,-1,1005,834,1006,-1,1005,1006,1116,-1,1116,1006,1112,-1,1116,1112,1117,-1,1117,1112,1113,-1,1117,1113,1118,-1,1118,1113,1114,-1,1118,1114,1119,-1,1119,1114,1115,-1,1119,1115,878,-1,878,1115,874,-1,837,836,1004,-1,1004,836,1005,-1,1004,1005,1120,-1,1120,1005,1116,-1,1120,1116,1121,-1,1121,1116,1117,-1,1121,1117,1122,-1,1122,1117,1118,-1,1122,1118,1123,-1,1123,1118,1119,-1,1123,1119,877,-1,877,1119,878,-1,793,838,1124,-1,1124,838,1004,-1,1124,1004,1125,-1,1125,1004,1120,-1,1125,1120,1126,-1,1126,1120,1121,-1,1126,1121,1127,-1,1127,1121,1122,-1,1127,1122,1128,-1,1128,1122,1123,-1,1128,1123,854,-1,854,1123,877,-1,854,853,1128,-1,1128,853,1041,-1,1128,1041,1127,-1,1127,1041,1043,-1,1127,1043,1126,-1,1126,1043,1045,-1,1126,1045,1125,-1,1125,1045,1047,-1,1125,1047,1124,-1,1124,1047,1049,-1,1124,1049,793,-1,793,1049,794,-1,
        ]
    }
}
Shape{
    appearance Appearance {
        material  Material 	{
            diffuseColor 0.7529411764705882 0.7529411764705882 0.7529411764705882
            specularColor 0.6627450980392157 0.6627450980392157 0.6627450980392157
            ambientIntensity 0.7529
            transparency 0.0
            shininess 0.5
        }
    }
    geometry IndexedFaceSet {
        ccw TRUE
        solid FALSE
        coord DEF co Coordinate {
            point [
                -0.9646 0.3327 0.0, -0.8071 0.3327 0.0, -0.9646 0.3327 0.0079, -0.8071 0.3327 0.0079, -0.9646 0.4114 0.0079, -0.9646 0.4114 0.0591, -0.9646 0.8051 0.0591, -0.9646 0.8051 0.0, -0.8071 0.4114 0.0079, -0.8071 0.8051 0.0, -0.8071 0.4114 0.0591, -0.8071 0.8051 0.0591, 0.2165 0.3327 0.0, 0.374 0.3327 0.0, 0.2165 0.3327 0.0079, 0.374 0.3327 0.0079, 0.374 0.4114 0.0079, 0.374 0.8051 0.0, 0.374 0.4114 0.0591, 0.374 0.8051 0.0591, 0.2165 0.4114 0.0079, 0.2165 0.4114 0.0591, 0.2165 0.8051 0.0591, 0.2165 0.8051 0.0, 0.8071 0.3327 0.0, 0.9646 0.3327 0.0, 0.8071 0.3327 0.0079, 0.9646 0.3327 0.0079, 0.8071 0.4114 0.0079, 0.8071 0.4114 0.0591, 0.8071 0.8051 0.0591, 0.8071 0.8051 0.0, 0.9646 0.4114 0.0079, 0.9646 0.8051 0.0, 0.9646 0.4114 0.0591, 0.9646 0.8051 0.0591, 0.7692 -0.3135 0.0866, 0.6451 -0.3135 0.0866, 0.6451 -0.2565 0.0866, 0.6594 -0.2493 0.0866, 0.688 -0.2274 0.0866, 0.7099 -0.1988 0.0866, 0.6451 -0.0034 0.0866, 0.6451 0.0536 0.0866, 0.6594 -0.0106 0.0866, 0.7692 0.0536 0.0866, 0.688 -0.0325 0.0866, 0.7099 -0.061 0.0866, 0.7237 -0.1656 0.0866, 0.7283 -0.1299 0.0866, 0.7237 -0.0943 0.0866, 0.4931 -0.0325 0.0866, 0.4712 -0.061 0.0866, 0.4119 0.0536 0.0866, 0.536 -0.2565 0.0866, 0.536 -0.3135 0.0866, 0.5217 -0.2493 0.0866, 0.4119 -0.3135 0.0866, 0.4931 -0.2274 0.0866, 0.4712 -0.1988 0.0866, 0.536 0.0536 0.0866, 0.536 -0.0034 0.0866, 0.5217 -0.0106 0.0866, 0.4575 -0.0943 0.0866, 0.4528 -0.1299 0.0866, 0.4575 -0.1656 0.0866, -0.4119 -0.3135 0.0866, -0.536 -0.3135 0.0866, -0.536 -0.2565 0.0866, -0.5217 -0.2493 0.0866, -0.4931 -0.2274 0.0866, -0.4712 -0.1988 0.0866, -0.536 -0.0034 0.0866, -0.536 0.0536 0.0866, -0.5217 -0.0106 0.0866, -0.4119 0.0536 0.0866, -0.4931 -0.0325 0.0866, -0.4712 -0.061 0.0866, -0.4575 -0.1656 0.0866, -0.4528 -0.1299 0.0866, -0.4575 -0.0943 0.0866, -0.688 -0.0325 0.0866, -0.7099 -0.061 0.0866, -0.7692 0.0536 0.0866, -0.6451 -0.2565 0.0866, -0.6451 -0.3135 0.0866, -0.6594 -0.2493 0.0866, -0.7692 -0.3135 0.0866, -0.688 -0.2274 0.0866, -0.7099 -0.1988 0.0866, -0.6451 0.0536 0.0866, -0.6451 -0.0034 0.0866, -0.6594 -0.0106 0.0866, -0.7237 -0.0943 0.0866, -0.7283 -0.1299 0.0866, -0.7237 -0.1656 0.0866
            ]
        }
        coordIndex [
            0,1,2,-1,2,1,3,-1,0,2,4,-1,5,6,4,-1,4,6,7,-1,4,7,0,-1,3,1,8,-1,8,1,9,-1,8,9,10,-1,10,9,11,-1,10,11,5,-1,5,11,6,-1,7,6,9,-1,9,6,11,-1,9,1,7,-1,7,1,0,-1,12,13,14,-1,14,13,15,-1,15,13,16,-1,16,13,17,-1,16,17,18,-1,18,17,19,-1,12,14,20,-1,21,22,20,-1,20,22,23,-1,20,23,12,-1,18,19,21,-1,21,19,22,-1,23,22,17,-1,17,22,19,-1,23,17,12,-1,12,17,13,-1,24,25,26,-1,26,25,27,-1,24,26,28,-1,29,30,28,-1,28,30,31,-1,28,31,24,-1,27,25,32,-1,32,25,33,-1,32,33,34,-1,34,33,35,-1,34,35,29,-1,29,35,30,-1,31,30,33,-1,33,30,35,-1,33,25,31,-1,31,25,24,-1,36,37,38,-1,38,39,36,-1,36,39,40,-1,36,40,41,-1,42,43,44,-1,44,43,45,-1,44,45,46,-1,46,45,47,-1,41,48,36,-1,36,48,49,-1,36,49,45,-1,45,49,50,-1,45,50,47,-1,51,52,53,-1,54,55,56,-1,56,55,57,-1,56,57,58,-1,58,57,59,-1,60,61,53,-1,53,61,62,-1,53,62,51,-1,52,63,53,-1,53,63,64,-1,53,64,57,-1,57,64,65,-1,57,65,59,-1,66,67,68,-1,68,69,66,-1,66,69,70,-1,66,70,71,-1,72,73,74,-1,74,73,75,-1,74,75,76,-1,76,75,77,-1,71,78,66,-1,66,78,79,-1,66,79,75,-1,75,79,80,-1,75,80,77,-1,81,82,83,-1,84,85,86,-1,86,85,87,-1,86,87,88,-1,88,87,89,-1,90,91,83,-1,83,91,92,-1,83,92,81,-1,82,93,83,-1,83,93,94,-1,83,94,87,-1,87,94,95,-1,87,95,89,-1,
        ]
    }
}
Shape{
    appearance Appearance {
        material  Material 	{
            diffuseColor 0.25098039215686274 0.25098039215686274 0.25098039215686274
            specularColor 0.2196078431372549 0.2196078431372549 0.2196078431372549
            ambientIntensity 0.251
            transparency 0.0
            shininess 0.5
        }
    }
    geometry IndexedFaceSet {
        ccw TRUE
        solid FALSE
        coord DEF co Coordinate {
            point [
                0.5512 -0.4744 0.4724, 0.5512 -0.4744 0.2559, 0.5512 -0.6713 0.4724, 0.5512 -0.6319 0.2559, 0.5512 -0.6713 0.2165, -0.0394 -0.6319 0.2559, -0.0394 -0.4744 0.2559, -0.0394 -0.4744 0.4724, -0.5512 -0.6319 0.2559, -0.5512 -0.6713 0.2165, -0.4724 -1.6555 0.0394, -0.1181 -1.6555 0.0394, -0.4724 -1.6555 0.4724, -0.1181 -1.6555 0.4724, -0.5512 -0.8174 0.0394, -0.0394 -0.8174 0.0394, -0.5512 -1.5768 0.0394, -0.0394 -1.5768 0.0394, -0.0977 -1.6528 0.0394, -0.0499 -1.6161 0.0394, -0.0624 -1.6325 0.0394, -0.0787 -1.645 0.0394, -0.5485 -1.5972 0.0394, -0.5118 -1.645 0.0394, -0.5281 -1.6325 0.0394, -0.5406 -1.6161 0.0394, -0.0421 -1.5972 0.0394, -0.4928 -1.6528 0.0394, -0.0394 -0.6906 0.1495, -0.5512 -0.6906 0.1495, -0.0394 -0.6906 0.2559, -0.5512 -0.6906 0.2559, -0.5512 -0.6713 0.2559, -0.0394 -0.7598 0.3078, -0.0394 -1.4263 0.3078, -0.0394 -1.5768 0.4724, -0.0394 -1.4263 0.2559, -0.0394 -0.7598 0.2559, -0.5512 -0.6713 0.4724, -0.5512 -0.7598 0.3078, -0.5512 -1.5768 0.4724, -0.5512 -1.4263 0.3078, -0.5512 -1.4263 0.2559, -0.5512 -0.7598 0.2559, -0.5433 -1.4263 0.2559, -0.5433 -0.7598 0.2559, -0.5433 -0.7598 0.3078, -0.5433 -1.4263 0.3078, -0.0472 -1.4263 0.3078, -0.0472 -0.7598 0.3078, -0.0472 -0.7598 0.2559, -0.0472 -1.4263 0.2559, -0.5485 -1.5972 0.4724, -0.5406 -1.6161 0.4724, -0.5281 -1.6325 0.4724, -0.5118 -1.645 0.4724, -0.4928 -1.6528 0.4724, -0.0421 -1.5972 0.4724, -0.0499 -1.6161 0.4724, -0.0624 -1.6325 0.4724, -0.0787 -1.645 0.4724, -0.0977 -1.6528 0.4724
            ]
        }
        coordIndex [
            0,1,2,-1,2,1,3,-1,2,3,4,-1,5,3,6,-1,6,3,1,-1,1,0,6,-1,6,0,7,-1,8,9,5,-1,5,9,4,-1,5,4,3,-1,10,11,12,-1,12,11,13,-1,14,15,16,-1,16,15,17,-1,18,11,17,-1,19,20,21,-1,17,11,16,-1,16,11,10,-1,16,10,22,-1,23,24,25,-1,18,17,21,-1,21,17,26,-1,21,26,19,-1,22,10,25,-1,25,10,27,-1,25,27,23,-1,28,15,29,-1,29,15,14,-1,30,28,31,-1,31,28,29,-1,8,5,32,-1,32,5,30,-1,32,30,31,-1,33,7,34,-1,34,7,35,-1,34,35,36,-1,36,35,17,-1,36,17,37,-1,17,15,37,-1,37,15,28,-1,37,28,33,-1,33,28,30,-1,33,30,7,-1,7,30,5,-1,7,5,6,-1,38,39,40,-1,40,39,41,-1,40,41,16,-1,16,41,42,-1,16,42,14,-1,14,42,43,-1,38,32,39,-1,39,32,31,-1,39,31,43,-1,43,31,29,-1,43,29,14,-1,44,45,42,-1,42,45,43,-1,45,46,43,-1,43,46,39,-1,46,47,39,-1,39,47,41,-1,47,44,41,-1,41,44,42,-1,47,46,44,-1,44,46,45,-1,48,49,34,-1,34,49,33,-1,49,50,33,-1,33,50,37,-1,50,51,37,-1,37,51,36,-1,51,48,36,-1,36,48,34,-1,51,50,48,-1,48,50,49,-1,40,16,22,-1,40,22,52,-1,52,22,25,-1,52,25,53,-1,53,25,24,-1,53,24,54,-1,54,24,23,-1,54,23,55,-1,55,23,27,-1,55,27,56,-1,56,27,10,-1,56,10,12,-1,17,35,57,-1,17,57,26,-1,26,57,58,-1,26,58,19,-1,19,58,59,-1,19,59,20,-1,20,59,60,-1,20,60,21,-1,21,60,61,-1,21,61,18,-1,18,61,13,-1,18,13,11,-1,
        ]
    }
}
Shape{
    appearance Appearance {
        material  Material 	{
            diffuseColor 1.0 1.0 1.0
            specularColor 0.5019607843137255 0.5019607843137255 0.5019607843137255
            ambientIntensity 1.0
            transparency 0.0
            shininess 0.5
        }
    }
    geometry IndexedFaceSet {
        ccw TRUE
        solid FALSE
        coord DEF co Coordinate {
            point [
                -0.0369 0.4118 0.3422, -0.0369 0.4118 0.3376, -0.0369 0.4114 0.3422, -0.0369 0.4114 0.3376, -0.021 0.4118 0.3422, -0.021 0.4114 0.3422, -0.021 0.4118 0.3775, -0.021 0.4114 0.3775, -0.0159 0.4118 0.3775, -0.0159 0.4114 0.3775, -0.0159 0.4118 0.3376, -0.0159 0.4114 0.3376, -0.0574 0.4118 0.3369, -0.0574 0.4114 0.3369, -0.0635 0.4114 0.3375, -0.0668 0.4114 0.3386, -0.0678 0.4118 0.3389, -0.0635 0.4118 0.3375, -0.0678 0.4114 0.3389, -0.0685 0.4114 0.3393, -0.0685 0.4118 0.3393, -0.0685 0.4118 0.3442, -0.0685 0.4114 0.3442, -0.0668 0.4114 0.3434, -0.0646 0.4118 0.3424, -0.0646 0.4114 0.3424, -0.06 0.4114 0.3416, -0.06 0.4118 0.3416, -0.0581 0.4114 0.3415, -0.0581 0.4118 0.3415, -0.0544 0.4114 0.3419, -0.0544 0.4118 0.3419, -0.0515 0.4114 0.343, -0.0515 0.4118 0.343, -0.0489 0.4114 0.3448, -0.0489 0.4118 0.3448, -0.0479 0.4114 0.3457, -0.0479 0.4118 0.3457, -0.0459 0.4114 0.3486, -0.0459 0.4118 0.3486, -0.0446 0.4114 0.3518, -0.0446 0.4118 0.3518, -0.044 0.4114 0.3567, -0.044 0.4118 0.3567, -0.044 0.4114 0.3571, -0.044 0.4118 0.3571, -0.0445 0.4114 0.3621, -0.0445 0.4118 0.3621, -0.0458 0.4114 0.3657, -0.0458 0.4118 0.3657, -0.0476 0.4114 0.3685, -0.0476 0.4118 0.3685, -0.0482 0.4114 0.3691, -0.0482 0.4118 0.3691, -0.0507 0.4114 0.3713, -0.0507 0.4118 0.3713, -0.0538 0.4114 0.3728, -0.0538 0.4118 0.3728, -0.0573 0.4114 0.3735, -0.0573 0.4118 0.3735, -0.059 0.4114 0.3736, -0.059 0.4118 0.3736, -0.0638 0.4114 0.373, -0.0668 0.4114 0.3719, -0.0678 0.4118 0.3715, -0.0638 0.4118 0.373, -0.0678 0.4114 0.3715, -0.0685 0.4114 0.3712, -0.0685 0.4118 0.3712, -0.0685 0.4118 0.3766, -0.0685 0.4114 0.3766, -0.059 0.4114 0.3782, -0.059 0.4118 0.3782, -0.0594 0.4118 0.3782, -0.0668 0.4114 0.3771, -0.0645 0.4118 0.3777, -0.0645 0.4114 0.3777, -0.0631 0.4114 0.3779, -0.0594 0.4114 0.3782, -0.0539 0.4118 0.3777, -0.0558 0.4114 0.3779, -0.0539 0.4114 0.3777, -0.0496 0.4114 0.3762, -0.0496 0.4118 0.3762, -0.0456 0.4114 0.3736, -0.0456 0.4118 0.3736, -0.0443 0.4114 0.3723, -0.0443 0.4118 0.3723, -0.0415 0.4114 0.3687, -0.0415 0.4118 0.3687, -0.0403 0.4114 0.366, -0.0396 0.4118 0.3643, -0.0396 0.4114 0.3643, -0.0386 0.4114 0.3592, -0.0386 0.4118 0.3592, -0.0386 0.4114 0.3568, -0.0386 0.4118 0.3568, -0.0391 0.4114 0.3513, -0.0403 0.4114 0.3476, -0.0406 0.4118 0.3469, -0.0391 0.4118 0.3513, -0.0406 0.4114 0.3469, -0.0428 0.4114 0.3434, -0.0428 0.4118 0.3434, -0.0437 0.4114 0.3424, -0.0437 0.4118 0.3424, -0.047 0.4114 0.3397, -0.047 0.4118 0.3397, -0.0507 0.4114 0.3379, -0.0507 0.4118 0.3379, -0.0551 0.4114 0.337, -0.0551 0.4118 0.337, -0.0979 0.4118 0.3422, -0.0979 0.4118 0.3376, -0.0979 0.4114 0.3422, -0.0979 0.4114 0.3376, -0.0816 0.4114 0.3422, -0.0816 0.4118 0.3422, -0.0924 0.4114 0.3422, -0.0816 0.4118 0.3556, -0.0816 0.4114 0.3556, -0.0959 0.4114 0.3556, -0.0959 0.4118 0.3556, -0.0924 0.4114 0.3556, -0.0959 0.4118 0.3602, -0.0959 0.4114 0.3602, -0.0816 0.4114 0.3602, -0.0816 0.4118 0.3602, -0.0924 0.4114 0.3602, -0.0816 0.4118 0.3729, -0.0816 0.4114 0.3729, -0.097 0.4114 0.3729, -0.097 0.4118 0.3729, -0.0924 0.4114 0.3729, -0.097 0.4118 0.3775, -0.097 0.4114 0.3775, -0.0764 0.4114 0.3775, -0.0764 0.4118 0.3775, -0.0924 0.4114 0.3775, -0.0764 0.4118 0.3376, -0.0764 0.4114 0.3376, -0.0924 0.4114 0.3376, -0.1325 0.4118 0.3557, -0.1378 0.4118 0.3554, -0.1326 0.4118 0.3579, -0.138 0.4118 0.3581, -0.132 0.4118 0.3627, -0.1374 0.4118 0.3631, -0.1309 0.4118 0.3657, -0.136 0.4118 0.367, -0.1294 0.4118 0.368, -0.1337 0.4118 0.3705, -0.1282 0.4118 0.3692, -0.132 0.4118 0.3722, -0.1251 0.4118 0.3712, -0.1281 0.4118 0.3749, -0.1216 0.4118 0.3724, -0.1233 0.4118 0.3768, -0.1167 0.4118 0.3729, -0.1169 0.4118 0.3775, -0.1106 0.4118 0.3729, -0.1055 0.4118 0.3775, -0.1106 0.4118 0.3422, -0.1055 0.4118 0.3376, -0.1164 0.4118 0.3422, -0.1164 0.4118 0.3376, -0.1215 0.4118 0.3427, -0.1231 0.4118 0.3384, -0.1249 0.4118 0.3439, -0.1277 0.4118 0.3402, -0.1275 0.4118 0.3456, -0.1315 0.4118 0.3428, -0.1283 0.4118 0.3463, -0.132 0.4118 0.3432, -0.1304 0.4118 0.3489, -0.1349 0.4118 0.3466, -0.1317 0.4118 0.3519, -0.1368 0.4118 0.3507, -0.1164 0.4114 0.3376, -0.1055 0.4114 0.3376, -0.1231 0.4114 0.3384, -0.1277 0.4114 0.3402, -0.1315 0.4114 0.3428, -0.132 0.4114 0.3432, -0.1349 0.4114 0.3466, -0.1368 0.4114 0.3507, -0.1378 0.4114 0.3554, -0.138 0.4114 0.3581, -0.1374 0.4114 0.3631, -0.136 0.4114 0.367, -0.1337 0.4114 0.3705, -0.132 0.4114 0.3722, -0.1281 0.4114 0.3749, -0.1233 0.4114 0.3768, -0.1169 0.4114 0.3775, -0.1055 0.4114 0.3775, -0.1167 0.4114 0.3729, -0.1106 0.4114 0.3729, -0.1106 0.4114 0.3422, -0.1164 0.4114 0.3422, -0.1283 0.4114 0.3463, -0.1275 0.4114 0.3456, -0.1249 0.4114 0.3439, -0.1215 0.4114 0.3427, -0.1326 0.4114 0.3579, -0.1325 0.4114 0.3557, -0.1317 0.4114 0.3519, -0.1304 0.4114 0.3489, -0.1282 0.4114 0.3692, -0.1294 0.4114 0.368, -0.1309 0.4114 0.3657, -0.132 0.4114 0.3627, -0.1216 0.4114 0.3724, -0.1251 0.4114 0.3712
            ]
        }
        coordIndex [
            0,1,2,-1,2,1,3,-1,4,0,5,-1,5,0,2,-1,6,4,7,-1,7,4,5,-1,8,6,9,-1,9,6,7,-1,10,8,11,-1,11,8,9,-1,1,10,3,-1,3,10,11,-1,6,8,4,-1,4,8,10,-1,4,10,0,-1,0,10,1,-1,12,13,14,-1,15,16,14,-1,14,16,17,-1,14,17,12,-1,15,18,16,-1,16,18,19,-1,16,19,20,-1,21,20,22,-1,22,20,19,-1,21,22,23,-1,21,23,24,-1,23,25,24,-1,24,25,26,-1,24,26,27,-1,27,26,28,-1,27,28,29,-1,29,28,30,-1,29,30,31,-1,31,30,32,-1,31,32,33,-1,33,32,34,-1,33,34,35,-1,35,34,36,-1,35,36,37,-1,37,36,38,-1,37,38,39,-1,39,38,40,-1,39,40,41,-1,41,40,42,-1,41,42,43,-1,43,42,44,-1,43,44,45,-1,45,44,46,-1,45,46,47,-1,47,46,48,-1,47,48,49,-1,49,48,50,-1,49,50,51,-1,51,50,52,-1,51,52,53,-1,53,52,54,-1,53,54,55,-1,55,54,56,-1,55,56,57,-1,57,56,58,-1,57,58,59,-1,59,58,60,-1,59,60,61,-1,61,60,62,-1,63,64,62,-1,62,64,65,-1,62,65,61,-1,63,66,64,-1,64,66,67,-1,64,67,68,-1,69,68,70,-1,70,68,67,-1,71,72,73,-1,69,70,74,-1,69,74,75,-1,74,76,75,-1,75,76,77,-1,75,77,73,-1,73,77,78,-1,73,78,71,-1,79,72,80,-1,80,72,71,-1,80,81,79,-1,79,81,82,-1,79,82,83,-1,83,82,84,-1,83,84,85,-1,85,84,86,-1,85,86,87,-1,87,86,88,-1,87,88,89,-1,89,88,90,-1,89,90,91,-1,90,92,91,-1,91,92,93,-1,91,93,94,-1,94,93,95,-1,94,95,96,-1,96,95,97,-1,98,99,97,-1,97,99,100,-1,97,100,96,-1,98,101,99,-1,99,101,102,-1,99,102,103,-1,103,102,104,-1,103,104,105,-1,105,104,106,-1,105,106,107,-1,107,106,108,-1,107,108,109,-1,109,108,110,-1,109,110,111,-1,111,110,13,-1,111,13,12,-1,64,68,69,-1,39,41,100,-1,47,49,89,-1,100,41,96,-1,89,49,87,-1,64,69,65,-1,65,69,75,-1,65,75,61,-1,61,75,73,-1,61,73,59,-1,59,73,72,-1,59,72,57,-1,57,72,79,-1,57,79,55,-1,79,83,55,-1,55,83,85,-1,55,85,53,-1,53,85,87,-1,53,87,51,-1,51,87,49,-1,100,99,39,-1,39,99,103,-1,39,103,37,-1,37,103,105,-1,37,105,35,-1,35,105,107,-1,35,107,33,-1,33,107,109,-1,33,109,31,-1,31,109,111,-1,31,111,29,-1,29,111,12,-1,29,12,27,-1,27,12,17,-1,27,17,24,-1,24,17,16,-1,24,16,21,-1,21,16,20,-1,41,43,96,-1,96,43,45,-1,96,45,94,-1,94,45,47,-1,94,47,91,-1,91,47,89,-1,112,113,114,-1,114,113,115,-1,116,117,118,-1,118,117,112,-1,118,112,114,-1,119,117,120,-1,120,117,116,-1,121,122,123,-1,123,122,119,-1,123,119,120,-1,124,122,125,-1,125,122,121,-1,126,127,128,-1,128,127,124,-1,128,124,125,-1,129,127,130,-1,130,127,126,-1,131,132,133,-1,133,132,129,-1,133,129,130,-1,134,132,135,-1,135,132,131,-1,136,137,138,-1,138,137,134,-1,138,134,135,-1,139,137,140,-1,140,137,136,-1,115,113,141,-1,141,113,139,-1,141,139,140,-1,139,113,112,-1,112,117,139,-1,139,117,119,-1,139,119,137,-1,132,134,129,-1,129,134,137,-1,129,137,127,-1,127,137,119,-1,127,119,124,-1,124,119,122,-1,142,143,144,-1,144,143,145,-1,144,145,146,-1,146,145,147,-1,146,147,148,-1,148,147,149,-1,148,149,150,-1,150,149,151,-1,150,151,152,-1,152,151,153,-1,152,153,154,-1,154,153,155,-1,154,155,156,-1,156,155,157,-1,156,157,158,-1,158,157,159,-1,158,159,160,-1,160,159,161,-1,160,161,162,-1,162,161,163,-1,162,163,164,-1,164,163,165,-1,164,165,166,-1,166,165,167,-1,166,167,168,-1,168,167,169,-1,168,169,170,-1,170,169,171,-1,170,171,172,-1,172,171,173,-1,172,173,174,-1,174,173,175,-1,174,175,176,-1,176,175,177,-1,176,177,142,-1,142,177,143,-1,165,163,178,-1,178,163,179,-1,165,178,180,-1,165,180,167,-1,167,180,181,-1,167,181,169,-1,169,181,182,-1,169,182,171,-1,171,182,183,-1,171,183,173,-1,173,183,184,-1,173,184,175,-1,175,184,185,-1,175,185,177,-1,177,185,186,-1,177,186,143,-1,143,186,187,-1,143,187,145,-1,145,187,188,-1,145,188,147,-1,147,188,189,-1,147,189,149,-1,149,189,190,-1,149,190,151,-1,151,190,191,-1,151,191,153,-1,153,191,192,-1,153,192,155,-1,155,192,193,-1,155,193,157,-1,157,193,194,-1,157,194,159,-1,161,159,195,-1,195,159,194,-1,163,161,179,-1,179,161,195,-1,158,160,196,-1,196,160,197,-1,160,162,197,-1,197,162,198,-1,162,164,198,-1,198,164,199,-1,172,200,201,-1,172,201,170,-1,170,201,202,-1,170,202,168,-1,168,202,203,-1,168,203,166,-1,166,203,199,-1,166,199,164,-1,144,204,205,-1,144,205,142,-1,142,205,206,-1,142,206,176,-1,176,206,207,-1,176,207,174,-1,174,207,200,-1,174,200,172,-1,152,208,209,-1,152,209,150,-1,150,209,210,-1,150,210,148,-1,148,210,211,-1,148,211,146,-1,146,211,204,-1,146,204,144,-1,158,196,212,-1,158,212,156,-1,156,212,213,-1,156,213,154,-1,154,213,208,-1,154,208,152,-1,
        ]
    }
}
Shape{
    appearance Appearance {
        material  Material 	{
            diffuseColor 0.25098039215686274 0.25098039215686274 0.25098039215686274
            specularColor 0.2196078431372549 0.2196078431372549 0.2196078431372549
            ambientIntensity 0.251
            transparency 0.0
            shininess 0.5
        }
    }
    geometry IndexedFaceSet {
        ccw TRUE
        solid FALSE
        coord DEF co Coordinate {
            point [
                -0.1106 0.4114 0.3729, -0.1106 0.4114 0.3422, -0.1167 0.4114 0.3729, -0.1164 0.4114 0.3422, -0.1215 0.4114 0.3427, -0.1249 0.4114 0.3439, -0.1275 0.4114 0.3456, -0.1283 0.4114 0.3463, -0.1304 0.4114 0.3489, -0.1317 0.4114 0.3519, -0.1325 0.4114 0.3557, -0.1326 0.4114 0.3579, -0.132 0.4114 0.3627, -0.1309 0.4114 0.3657, -0.1294 0.4114 0.368, -0.1282 0.4114 0.3692, -0.1216 0.4114 0.3724, -0.1251 0.4114 0.3712
            ]
        }
        coordIndex [
            0,1,2,-1,2,1,3,-1,2,3,4,-1,4,5,2,-1,2,5,6,-1,2,6,7,-1,7,8,2,-1,2,8,9,-1,2,9,10,-1,10,11,2,-1,2,11,12,-1,2,12,13,-1,13,14,2,-1,2,14,15,-1,2,15,16,-1,16,15,17,-1,
        ]
    }
}
Shape{
    appearance Appearance {
        material  Material 	{
            diffuseColor 1.0 1.0 1.0
            specularColor 0.5019607843137255 0.5019607843137255 0.5019607843137255
            ambientIntensity 1.0
            transparency 0.0
            shininess 0.5
        }
    }
    geometry IndexedFaceSet {
        ccw TRUE
        solid FALSE
        coord DEF co Coordinate {
            point [
                -0.1514 0.4118 0.353, -0.1573 0.4118 0.3696, -0.1554 0.4118 0.3775, -0.1402 0.4118 0.3376, -0.1459 0.4118 0.3376, -0.1497 0.4118 0.3485, -0.1577 0.4118 0.3708, -0.158 0.4118 0.3724, -0.1609 0.4118 0.3775, -0.1581 0.4118 0.3724, -0.1584 0.4118 0.3707, -0.1587 0.4118 0.3696, -0.1648 0.4118 0.353, -0.1761 0.4118 0.3376, -0.1704 0.4118 0.3376, -0.1664 0.4118 0.3485, -0.1609 0.4114 0.3775, -0.1761 0.4114 0.3376, -0.1554 0.4114 0.3775, -0.1402 0.4114 0.3376, -0.1517 0.4114 0.3678, -0.1459 0.4114 0.3376, -0.1497 0.4114 0.3485, -0.1664 0.4114 0.3485, -0.1517 0.4114 0.3485, -0.1704 0.4114 0.3376, -0.1514 0.4114 0.353, -0.1648 0.4114 0.353, -0.1587 0.4114 0.3696, -0.1581 0.4114 0.3724, -0.1584 0.4114 0.3707, -0.158 0.4114 0.3724, -0.1573 0.4114 0.3696, -0.1577 0.4114 0.3708
            ]
        }
        coordIndex [
            0,1,2,-1,3,4,5,-1,1,6,2,-1,2,6,7,-1,2,7,8,-1,8,7,9,-1,8,9,10,-1,10,11,8,-1,8,11,12,-1,8,12,13,-1,14,13,15,-1,15,13,12,-1,15,12,5,-1,5,12,0,-1,5,0,3,-1,3,0,2,-1,8,13,16,-1,16,13,17,-1,2,8,18,-1,18,8,16,-1,19,3,20,-1,20,3,2,-1,20,2,18,-1,4,3,21,-1,21,3,19,-1,5,4,22,-1,22,4,21,-1,23,15,24,-1,24,15,5,-1,24,5,22,-1,14,15,25,-1,25,15,23,-1,13,14,17,-1,17,14,25,-1,0,12,26,-1,26,12,27,-1,12,11,27,-1,27,11,28,-1,9,29,30,-1,9,30,10,-1,10,30,28,-1,10,28,11,-1,9,7,29,-1,29,7,31,-1,1,32,33,-1,1,33,6,-1,6,33,31,-1,6,31,7,-1,1,0,32,-1,32,0,26,-1,
        ]
    }
}
Shape{
    appearance Appearance {
        material  Material 	{
            diffuseColor 0.25098039215686274 0.25098039215686274 0.25098039215686274
            specularColor 0.2196078431372549 0.2196078431372549 0.2196078431372549
            ambientIntensity 0.251
            transparency 0.0
            shininess 0.5
        }
    }
    geometry IndexedFaceSet {
        ccw TRUE
        solid FALSE
        coord DEF co Coordinate {
            point [
                -0.1581 0.4114 0.3724, -0.158 0.4114 0.3724, -0.1584 0.4114 0.3707, -0.1577 0.4114 0.3708, -0.1587 0.4114 0.3696, -0.1573 0.4114 0.3696, -0.1648 0.4114 0.353, -0.1514 0.4114 0.353
            ]
        }
        coordIndex [
            0,1,2,-1,2,1,3,-1,2,3,4,-1,4,3,5,-1,4,5,6,-1,6,5,7,-1,
        ]
    }
}
Shape{
    appearance Appearance {
        material  Material 	{
            diffuseColor 1.0 1.0 1.0
            specularColor 0.5019607843137255 0.5019607843137255 0.5019607843137255
            ambientIntensity 1.0
            transparency 0.0
            shininess 0.5
        }
    }
    geometry IndexedFaceSet {
        ccw TRUE
        solid FALSE
        coord DEF co Coordinate {
            point [
                -0.0373 0.4118 0.2788, -0.0373 0.4118 0.2743, -0.0373 0.4114 0.2788, -0.0373 0.4114 0.2743, -0.021 0.4118 0.2788, -0.021 0.4114 0.2788, -0.021 0.4118 0.2922, -0.021 0.4114 0.2922, -0.0353 0.4118 0.2922, -0.0353 0.4114 0.2922, -0.0353 0.4118 0.2968, -0.0353 0.4114 0.2968, -0.021 0.4118 0.2968, -0.021 0.4114 0.2968, -0.021 0.4118 0.3096, -0.021 0.4114 0.3096, -0.0364 0.4118 0.3096, -0.0364 0.4114 0.3096, -0.0364 0.4118 0.3142, -0.0364 0.4114 0.3142, -0.0159 0.4118 0.3142, -0.0159 0.4114 0.3142, -0.0159 0.4118 0.2743, -0.0159 0.4114 0.2743, -0.06 0.4118 0.2743, -0.065 0.4118 0.2743, -0.06 0.4118 0.2787, -0.065 0.4118 0.2926, -0.06 0.4118 0.2924, -0.0493 0.4118 0.2865, -0.0505 0.4118 0.287, -0.0534 0.4118 0.2877, -0.06 0.4118 0.2886, -0.06 0.4118 0.2858, -0.0599 0.4118 0.2787, -0.0573 0.4118 0.2794, -0.0591 0.4118 0.2775, -0.0559 0.4118 0.2785, -0.06 0.4118 0.2855, -0.0597 0.4118 0.2833, -0.059 0.4118 0.2815, -0.0579 0.4118 0.28, -0.0599 0.4118 0.2946, -0.0646 0.4118 0.2964, -0.0594 0.4118 0.2964, -0.0639 0.4118 0.2987, -0.0588 0.4118 0.2974, -0.0628 0.4118 0.3003, -0.058 0.4118 0.2982, -0.0615 0.4118 0.3016, -0.0571 0.4118 0.2988, -0.0598 0.4118 0.3025, -0.056 0.4118 0.2992, -0.0577 0.4118 0.3032, -0.0543 0.4118 0.2994, -0.0547 0.4118 0.3034, -0.0513 0.4118 0.2991, -0.05 0.4118 0.3029, -0.0481 0.4118 0.298, -0.0462 0.4118 0.3015, -0.0449 0.4118 0.2959, -0.0449 0.4118 0.3008, -0.0482 0.4118 0.2794, -0.0446 0.4118 0.2758, -0.0487 0.4118 0.279, -0.0463 0.4118 0.2747, -0.0497 0.4118 0.2783, -0.0482 0.4118 0.2739, -0.0508 0.4118 0.2779, -0.0512 0.4118 0.2736, -0.0525 0.4118 0.2777, -0.0538 0.4118 0.2739, -0.0543 0.4118 0.2779, -0.0558 0.4118 0.2746, -0.0576 0.4118 0.2758, -0.0472 0.4118 0.2831, -0.0421 0.4118 0.2825, -0.0472 0.4118 0.2823, -0.0421 0.4118 0.2819, -0.0473 0.4118 0.2812, -0.0424 0.4118 0.2796, -0.0477 0.4118 0.2802, -0.043 0.4118 0.2779, -0.044 0.4118 0.2764, -0.0516 0.4118 0.2912, -0.0478 0.4118 0.2903, -0.0485 0.4118 0.2859, -0.0457 0.4118 0.2892, -0.0479 0.4118 0.2852, -0.0442 0.4118 0.2879, -0.0475 0.4118 0.2842, -0.0432 0.4118 0.2864, -0.0425 0.4118 0.2847, -0.0547 0.4114 0.3034, -0.05 0.4114 0.3029, -0.0462 0.4114 0.3015, -0.0449 0.4114 0.3008, -0.0449 0.4114 0.2959, -0.0481 0.4114 0.298, -0.0513 0.4114 0.2991, -0.0543 0.4114 0.2994, -0.056 0.4114 0.2992, -0.0571 0.4114 0.2988, -0.058 0.4114 0.2982, -0.0588 0.4114 0.2974, -0.0594 0.4114 0.2964, -0.0599 0.4114 0.2946, -0.06 0.4114 0.2924, -0.0516 0.4114 0.2912, -0.0478 0.4114 0.2903, -0.0457 0.4114 0.2892, -0.0442 0.4114 0.2879, -0.0432 0.4114 0.2864, -0.0425 0.4114 0.2847, -0.0421 0.4114 0.2825, -0.0421 0.4114 0.2819, -0.0424 0.4114 0.2796, -0.043 0.4114 0.2779, -0.044 0.4114 0.2764, -0.0446 0.4114 0.2758, -0.0512 0.4114 0.2736, -0.0483 0.4114 0.2739, -0.0482 0.4114 0.2739, -0.0463 0.4114 0.2747, -0.0538 0.4114 0.2739, -0.0539 0.4114 0.2739, -0.0558 0.4114 0.2746, -0.0576 0.4114 0.2758, -0.0591 0.4114 0.2775, -0.0599 0.4114 0.2787, -0.06 0.4114 0.2787, -0.06 0.4114 0.2743, -0.065 0.4114 0.2743, -0.065 0.4114 0.2926, -0.0646 0.4114 0.2964, -0.0639 0.4114 0.2987, -0.0628 0.4114 0.3003, -0.0615 0.4114 0.3016, -0.0598 0.4114 0.3025, -0.0577 0.4114 0.3032, -0.0485 0.4114 0.2859, -0.0493 0.4114 0.2865, -0.0505 0.4114 0.287, -0.0534 0.4114 0.2877, -0.0472 0.4114 0.2823, -0.0472 0.4114 0.2831, -0.0475 0.4114 0.2842, -0.0479 0.4114 0.2852, -0.0487 0.4114 0.279, -0.0482 0.4114 0.2794, -0.0477 0.4114 0.2802, -0.0473 0.4114 0.2812, -0.0525 0.4114 0.2777, -0.0508 0.4114 0.2779, -0.0497 0.4114 0.2783, -0.0579 0.4114 0.28, -0.0573 0.4114 0.2794, -0.0559 0.4114 0.2785, -0.0543 0.4114 0.2779, -0.06 0.4114 0.2858, -0.06 0.4114 0.2855, -0.0597 0.4114 0.2833, -0.059 0.4114 0.2815, -0.06 0.4114 0.2886
            ]
        }
        coordIndex [
            0,1,2,-1,2,1,3,-1,4,0,5,-1,5,0,2,-1,6,4,7,-1,7,4,5,-1,8,6,9,-1,9,6,7,-1,10,8,11,-1,11,8,9,-1,12,10,13,-1,13,10,11,-1,14,12,15,-1,15,12,13,-1,16,14,17,-1,17,14,15,-1,18,16,19,-1,19,16,17,-1,20,18,21,-1,21,18,19,-1,22,20,23,-1,23,20,21,-1,1,22,3,-1,3,22,23,-1,22,1,0,-1,0,4,22,-1,22,4,6,-1,22,6,20,-1,16,18,14,-1,14,18,20,-1,14,20,12,-1,12,20,6,-1,12,6,10,-1,10,6,8,-1,24,25,26,-1,26,25,27,-1,28,29,30,-1,31,32,27,-1,27,32,33,-1,34,35,36,-1,36,35,37,-1,33,38,27,-1,27,38,39,-1,27,39,26,-1,26,39,40,-1,26,40,34,-1,34,40,41,-1,34,41,35,-1,30,31,28,-1,28,31,27,-1,28,27,42,-1,42,27,43,-1,42,43,44,-1,44,43,45,-1,44,45,46,-1,46,45,47,-1,46,47,48,-1,48,47,49,-1,48,49,50,-1,50,49,51,-1,50,51,52,-1,52,51,53,-1,52,53,54,-1,54,53,55,-1,54,55,56,-1,56,55,57,-1,56,57,58,-1,58,57,59,-1,58,59,60,-1,60,59,61,-1,62,63,64,-1,64,63,65,-1,64,65,66,-1,66,65,67,-1,66,67,68,-1,68,67,69,-1,68,69,70,-1,70,69,71,-1,70,71,72,-1,72,71,73,-1,72,73,37,-1,37,73,74,-1,37,74,36,-1,75,76,77,-1,77,76,78,-1,77,78,79,-1,79,78,80,-1,79,80,81,-1,81,80,82,-1,81,82,62,-1,62,82,83,-1,62,83,63,-1,28,84,29,-1,29,84,85,-1,29,85,86,-1,86,85,87,-1,86,87,88,-1,88,87,89,-1,88,89,90,-1,90,89,91,-1,90,91,75,-1,75,91,92,-1,75,92,76,-1,55,93,94,-1,55,94,57,-1,57,94,95,-1,57,95,59,-1,59,95,96,-1,59,96,61,-1,60,61,97,-1,97,61,96,-1,60,97,98,-1,60,98,58,-1,58,98,99,-1,58,99,56,-1,56,99,100,-1,56,100,54,-1,54,100,101,-1,54,101,52,-1,52,101,102,-1,52,102,50,-1,50,102,103,-1,50,103,48,-1,48,103,104,-1,48,104,46,-1,46,104,105,-1,46,105,44,-1,44,105,106,-1,44,106,42,-1,42,106,107,-1,42,107,28,-1,84,28,108,-1,108,28,107,-1,84,108,109,-1,84,109,85,-1,85,109,110,-1,85,110,87,-1,87,110,111,-1,87,111,89,-1,89,111,112,-1,89,112,91,-1,91,112,113,-1,91,113,92,-1,92,113,114,-1,92,114,76,-1,76,114,115,-1,76,115,78,-1,78,115,116,-1,78,116,80,-1,80,116,117,-1,80,117,82,-1,82,117,118,-1,82,118,83,-1,83,118,119,-1,83,119,63,-1,120,69,121,-1,121,69,67,-1,121,67,122,-1,122,67,65,-1,122,65,123,-1,123,65,63,-1,123,63,119,-1,69,120,124,-1,69,124,71,-1,71,124,125,-1,71,125,73,-1,125,126,73,-1,73,126,127,-1,73,127,74,-1,74,127,128,-1,74,128,36,-1,36,128,129,-1,36,129,34,-1,26,34,130,-1,130,34,129,-1,24,26,131,-1,131,26,130,-1,25,24,132,-1,132,24,131,-1,27,25,133,-1,133,25,132,-1,27,133,134,-1,27,134,43,-1,43,134,135,-1,43,135,45,-1,45,135,136,-1,45,136,47,-1,47,136,137,-1,47,137,49,-1,49,137,138,-1,49,138,51,-1,51,138,139,-1,51,139,53,-1,53,139,93,-1,53,93,55,-1,86,140,141,-1,86,141,29,-1,29,141,142,-1,29,142,30,-1,30,142,143,-1,30,143,31,-1,77,144,145,-1,77,145,75,-1,75,145,146,-1,75,146,90,-1,90,146,147,-1,90,147,88,-1,88,147,140,-1,88,140,86,-1,64,148,149,-1,64,149,62,-1,62,149,150,-1,62,150,81,-1,81,150,151,-1,81,151,79,-1,79,151,144,-1,79,144,77,-1,70,152,153,-1,70,153,68,-1,68,153,154,-1,68,154,66,-1,66,154,148,-1,66,148,64,-1,41,155,156,-1,41,156,35,-1,35,156,157,-1,35,157,37,-1,37,157,158,-1,37,158,72,-1,72,158,152,-1,72,152,70,-1,33,159,160,-1,33,160,38,-1,38,160,161,-1,38,161,39,-1,39,161,162,-1,39,162,40,-1,40,162,155,-1,40,155,41,-1,33,32,159,-1,159,32,163,-1,32,31,163,-1,163,31,143,-1,
        ]
    }
}
Shape{
    appearance Appearance {
        material  Material 	{
            diffuseColor 0.25098039215686274 0.25098039215686274 0.25098039215686274
            specularColor 0.2196078431372549 0.2196078431372549 0.2196078431372549
            ambientIntensity 0.251
            transparency 0.0
            shininess 0.5
        }
    }
    geometry IndexedFaceSet {
        ccw TRUE
        solid FALSE
        coord DEF co Coordinate {
            point [
                -0.06 0.4114 0.2886, -0.0534 0.4114 0.2877, -0.06 0.4114 0.2858, -0.0505 0.4114 0.287, -0.0493 0.4114 0.2865, -0.0485 0.4114 0.2859, -0.06 0.4114 0.2855, -0.0597 0.4114 0.2833, -0.0479 0.4114 0.2852, -0.059 0.4114 0.2815, -0.0482 0.4114 0.2794, -0.0487 0.4114 0.279, -0.0573 0.4114 0.2794, -0.0477 0.4114 0.2802, -0.0559 0.4114 0.2785, -0.0543 0.4114 0.2779, -0.0525 0.4114 0.2777, -0.0475 0.4114 0.2842, -0.0472 0.4114 0.2831, -0.0579 0.4114 0.28, -0.0472 0.4114 0.2823, -0.0473 0.4114 0.2812, -0.0497 0.4114 0.2783, -0.0508 0.4114 0.2779
            ]
        }
        coordIndex [
            0,1,2,-1,2,1,3,-1,3,4,2,-1,2,4,5,-1,2,5,6,-1,6,5,7,-1,7,5,8,-1,7,8,9,-1,10,11,12,-1,10,12,13,-1,14,12,15,-1,15,12,16,-1,8,17,9,-1,9,17,18,-1,9,18,19,-1,19,18,20,-1,19,20,12,-1,12,20,21,-1,12,21,13,-1,11,22,12,-1,12,22,23,-1,12,23,16,-1,
        ]
    }
}
Shape{
    appearance Appearance {
        material  Material 	{
            diffuseColor 1.0 1.0 1.0
            specularColor 0.5019607843137255 0.5019607843137255 0.5019607843137255
            ambientIntensity 1.0
            transparency 0.0
            shininess 0.5
        }
    }
    geometry IndexedFaceSet {
        ccw TRUE
        solid FALSE
        coord DEF co Coordinate {
            point [
                -0.0801 0.4118 0.2777, -0.0801 0.4114 0.2777, -0.0769 0.4114 0.278, -0.0741 0.4114 0.2791, -0.0738 0.4118 0.2792, -0.0769 0.4118 0.278, -0.0738 0.4114 0.2792, -0.0718 0.4114 0.2804, -0.0718 0.4118 0.2804, -0.0718 0.4118 0.2753, -0.0718 0.4114 0.2753, -0.0754 0.4118 0.274, -0.0741 0.4114 0.2745, -0.0796 0.4114 0.2736, -0.0796 0.4118 0.2736, -0.0763 0.4114 0.2739, -0.0754 0.4114 0.274, -0.0841 0.4118 0.2741, -0.0824 0.4114 0.2739, -0.0841 0.4114 0.2741, -0.0867 0.4114 0.2751, -0.0867 0.4118 0.2751, -0.0879 0.4114 0.2759, -0.0879 0.4118 0.2759, -0.0893 0.4114 0.2771, -0.0893 0.4118 0.2771, -0.0902 0.4114 0.2784, -0.0902 0.4118 0.2784, -0.0908 0.4114 0.28, -0.0908 0.4118 0.28, -0.0911 0.4114 0.282, -0.0911 0.4118 0.282, -0.0909 0.4114 0.2839, -0.0909 0.4118 0.2839, -0.0903 0.4114 0.2854, -0.0903 0.4118 0.2854, -0.0894 0.4114 0.2867, -0.0894 0.4118 0.2867, -0.0882 0.4114 0.2878, -0.0882 0.4118 0.2878, -0.0849 0.4114 0.2896, -0.0849 0.4118 0.2896, -0.083 0.4114 0.2904, -0.083 0.4118 0.2904, -0.0799 0.4114 0.2918, -0.0799 0.4118 0.2918, -0.0781 0.4114 0.2929, -0.0781 0.4118 0.2929, -0.0776 0.4114 0.2934, -0.0776 0.4118 0.2934, -0.0773 0.4114 0.2941, -0.0773 0.4118 0.2941, -0.0771 0.4114 0.2949, -0.0771 0.4118 0.2949, -0.077 0.4114 0.2955, -0.077 0.4118 0.2955, -0.0771 0.4114 0.2963, -0.0771 0.4118 0.2963, -0.0773 0.4114 0.297, -0.0773 0.4118 0.297, -0.0778 0.4114 0.2976, -0.0778 0.4118 0.2976, -0.0785 0.4114 0.2983, -0.0785 0.4118 0.2983, -0.0797 0.4114 0.2989, -0.0797 0.4118 0.2989, -0.081 0.4114 0.2993, -0.081 0.4118 0.2993, -0.0825 0.4114 0.2994, -0.0825 0.4118 0.2994, -0.0858 0.4114 0.299, -0.0858 0.4118 0.299, -0.0886 0.4114 0.298, -0.0886 0.4118 0.298, -0.0897 0.4114 0.2973, -0.0897 0.4118 0.2973, -0.0897 0.4118 0.3022, -0.0897 0.4114 0.3022, -0.0858 0.4114 0.3032, -0.0858 0.4118 0.3032, -0.083 0.4114 0.3034, -0.083 0.4118 0.3034, -0.0793 0.4114 0.303, -0.0793 0.4118 0.303, -0.0765 0.4114 0.302, -0.0765 0.4118 0.302, -0.0751 0.4114 0.3012, -0.0751 0.4118 0.3012, -0.0736 0.4118 0.2998, -0.0741 0.4114 0.3003, -0.0736 0.4114 0.2998, -0.0726 0.4114 0.2985, -0.0726 0.4118 0.2985, -0.0721 0.4114 0.2969, -0.0721 0.4118 0.2969, -0.0719 0.4114 0.2951, -0.0719 0.4118 0.2951, -0.0721 0.4114 0.2931, -0.0721 0.4118 0.2931, -0.0726 0.4114 0.2916, -0.0726 0.4118 0.2916, -0.0733 0.4114 0.2906, -0.0733 0.4118 0.2906, -0.0794 0.4114 0.2868, -0.0794 0.4118 0.2868, -0.0764 0.4118 0.2882, -0.0741 0.4114 0.2897, -0.0741 0.4118 0.2897, -0.0741 0.4114 0.2897, -0.0764 0.4114 0.2882, -0.0827 0.4114 0.2854, -0.0827 0.4118 0.2854, -0.0847 0.4114 0.2842, -0.0847 0.4118 0.2842, -0.0853 0.4114 0.2836, -0.0853 0.4118 0.2836, -0.0857 0.4114 0.2829, -0.0857 0.4118 0.2829, -0.0859 0.4114 0.2821, -0.0859 0.4118 0.2821, -0.086 0.4114 0.2815, -0.086 0.4118 0.2815, -0.0858 0.4114 0.2806, -0.0858 0.4118 0.2806, -0.0856 0.4114 0.2799, -0.0856 0.4118 0.2799, -0.0852 0.4114 0.2792, -0.0852 0.4118 0.2792, -0.0846 0.4114 0.2787, -0.0846 0.4118 0.2787, -0.0841 0.4114 0.2784, -0.0841 0.4118 0.2784, -0.0828 0.4114 0.278, -0.0828 0.4118 0.278, -0.0803 0.4114 0.2777, -0.0803 0.4118 0.2777, -0.1159 0.4118 0.3028, -0.1211 0.4118 0.3028, -0.1159 0.4114 0.3028, -0.1211 0.4114 0.3028, -0.1081 0.4118 0.2813, -0.1081 0.4114 0.2813, -0.1077 0.4114 0.28, -0.1077 0.4118 0.28, -0.1075 0.4114 0.279, -0.1075 0.4118 0.279, -0.1073 0.4118 0.279, -0.1073 0.4114 0.279, -0.1067 0.4118 0.2813, -0.1067 0.4114 0.2813, -0.0993 0.4114 0.3028, -0.0993 0.4118 0.3028, -0.1017 0.4114 0.2958, -0.0937 0.4118 0.3028, -0.0937 0.4114 0.3028, -0.1049 0.4114 0.2743, -0.1049 0.4118 0.2743, -0.1017 0.4114 0.2824, -0.1027 0.4114 0.2691, -0.1027 0.4118 0.2691, -0.1047 0.4114 0.2739, -0.1017 0.4114 0.2673, -0.1017 0.4118 0.2673, -0.1017 0.4114 0.2673, -0.1008 0.4118 0.2663, -0.1008 0.4114 0.2663, -0.0999 0.4114 0.2657, -0.0999 0.4118 0.2657, -0.0988 0.4114 0.2652, -0.0988 0.4118 0.2652, -0.0976 0.4114 0.2651, -0.0976 0.4118 0.2651, -0.0957 0.4114 0.2654, -0.0957 0.4118 0.2654, -0.0947 0.4114 0.2657, -0.0947 0.4118 0.2657, -0.0947 0.4118 0.2612, -0.0947 0.4114 0.2612, -0.0968 0.4114 0.2609, -0.0968 0.4118 0.2609, -0.0979 0.4114 0.2608, -0.0979 0.4118 0.2608, -0.1 0.4114 0.2611, -0.1017 0.4114 0.2617, -0.1019 0.4118 0.2618, -0.1 0.4118 0.2611, -0.1019 0.4114 0.2618, -0.1037 0.4114 0.263, -0.1037 0.4118 0.263, -0.104 0.4114 0.2633, -0.104 0.4118 0.2633, -0.1059 0.4114 0.2655, -0.1059 0.4118 0.2655, -0.1081 0.4114 0.27, -0.1081 0.4118 0.27, -0.1097 0.4114 0.2739, -0.1479 0.4118 0.2788, -0.1479 0.4118 0.2743, -0.1479 0.4114 0.2788, -0.1479 0.4114 0.2743, -0.1316 0.4114 0.2788, -0.1316 0.4118 0.2788, -0.1391 0.4114 0.2788, -0.1316 0.4118 0.2922, -0.1316 0.4114 0.2922, -0.1459 0.4114 0.2922, -0.1459 0.4118 0.2922, -0.1391 0.4114 0.2922, -0.1459 0.4118 0.2968, -0.1459 0.4114 0.2968, -0.1316 0.4114 0.2968, -0.1316 0.4118 0.2968, -0.1391 0.4114 0.2968, -0.1316 0.4118 0.3096, -0.1316 0.4114 0.3096, -0.147 0.4114 0.3096, -0.147 0.4118 0.3096, -0.1391 0.4114 0.3096, -0.147 0.4118 0.3142, -0.147 0.4114 0.3142, -0.1265 0.4114 0.3142, -0.1265 0.4118 0.3142, -0.1391 0.4114 0.3142, -0.1265 0.4118 0.2743, -0.1265 0.4114 0.2743, -0.1391 0.4114 0.2743, -0.1825 0.4118 0.2923, -0.1878 0.4118 0.292, -0.1826 0.4118 0.2946, -0.188 0.4118 0.2947, -0.182 0.4118 0.2994, -0.1874 0.4118 0.2997, -0.1809 0.4118 0.3024, -0.1861 0.4118 0.3036, -0.1794 0.4118 0.3046, -0.1837 0.4118 0.3072, -0.1782 0.4118 0.3058, -0.182 0.4118 0.3089, -0.1751 0.4118 0.3079, -0.1781 0.4118 0.3116, -0.1716 0.4118 0.3091, -0.1733 0.4118 0.3134, -0.1667 0.4118 0.3096, -0.1669 0.4118 0.3142, -0.1606 0.4118 0.3096, -0.1555 0.4118 0.3142, -0.1606 0.4118 0.2788, -0.1555 0.4118 0.2743, -0.1664 0.4118 0.2788, -0.1665 0.4118 0.2743, -0.1715 0.4118 0.2794, -0.1731 0.4118 0.2751, -0.1749 0.4118 0.2806, -0.1777 0.4118 0.2768, -0.1775 0.4118 0.2823, -0.1816 0.4118 0.2795, -0.1783 0.4118 0.283, -0.182 0.4118 0.2799, -0.1804 0.4118 0.2856, -0.1849 0.4118 0.2833, -0.1817 0.4118 0.2886, -0.1869 0.4118 0.2874, -0.1665 0.4114 0.2743, -0.1555 0.4114 0.2743, -0.1731 0.4114 0.2751, -0.1777 0.4114 0.2768, -0.1816 0.4114 0.2795, -0.182 0.4114 0.2799, -0.1849 0.4114 0.2833, -0.1869 0.4114 0.2874, -0.1878 0.4114 0.292, -0.188 0.4114 0.2947, -0.1874 0.4114 0.2997, -0.1861 0.4114 0.3036, -0.1837 0.4114 0.3072, -0.182 0.4114 0.3089, -0.1781 0.4114 0.3116, -0.1733 0.4114 0.3134, -0.1669 0.4114 0.3142, -0.1555 0.4114 0.3142, -0.1667 0.4114 0.3096, -0.1606 0.4114 0.3096, -0.1606 0.4114 0.2788, -0.1664 0.4114 0.2788, -0.1783 0.4114 0.283, -0.1775 0.4114 0.2823, -0.1749 0.4114 0.2806, -0.1715 0.4114 0.2794, -0.1826 0.4114 0.2946, -0.1825 0.4114 0.2923, -0.1817 0.4114 0.2886, -0.1804 0.4114 0.2856, -0.1782 0.4114 0.3058, -0.1794 0.4114 0.3046, -0.1809 0.4114 0.3024, -0.182 0.4114 0.2994, -0.1716 0.4114 0.3091, -0.1751 0.4114 0.3079
            ]
        }
        coordIndex [
            0,1,2,-1,3,4,2,-1,2,4,5,-1,2,5,0,-1,3,6,4,-1,4,6,7,-1,4,7,8,-1,9,8,10,-1,10,8,7,-1,11,9,12,-1,12,9,10,-1,13,14,15,-1,15,14,11,-1,15,11,16,-1,16,11,12,-1,17,14,18,-1,18,14,13,-1,18,19,17,-1,17,19,20,-1,17,20,21,-1,21,20,22,-1,21,22,23,-1,23,22,24,-1,23,24,25,-1,25,24,26,-1,25,26,27,-1,27,26,28,-1,27,28,29,-1,29,28,30,-1,29,30,31,-1,31,30,32,-1,31,32,33,-1,33,32,34,-1,33,34,35,-1,35,34,36,-1,35,36,37,-1,37,36,38,-1,37,38,39,-1,39,38,40,-1,39,40,41,-1,41,40,42,-1,41,42,43,-1,43,42,44,-1,43,44,45,-1,45,44,46,-1,45,46,47,-1,47,46,48,-1,47,48,49,-1,49,48,50,-1,49,50,51,-1,51,50,52,-1,51,52,53,-1,53,52,54,-1,53,54,55,-1,55,54,56,-1,55,56,57,-1,57,56,58,-1,57,58,59,-1,59,58,60,-1,59,60,61,-1,61,60,62,-1,61,62,63,-1,63,62,64,-1,63,64,65,-1,65,64,66,-1,65,66,67,-1,67,66,68,-1,67,68,69,-1,69,68,70,-1,69,70,71,-1,71,70,72,-1,71,72,73,-1,73,72,74,-1,73,74,75,-1,76,75,77,-1,77,75,74,-1,76,77,78,-1,76,78,79,-1,79,78,80,-1,79,80,81,-1,81,80,82,-1,81,82,83,-1,83,82,84,-1,83,84,85,-1,85,84,86,-1,85,86,87,-1,87,86,88,-1,88,86,89,-1,89,90,88,-1,88,90,91,-1,88,91,92,-1,92,91,93,-1,92,93,94,-1,94,93,95,-1,94,95,96,-1,96,95,97,-1,96,97,98,-1,98,97,99,-1,98,99,100,-1,100,99,101,-1,100,101,102,-1,103,104,105,-1,102,101,106,-1,102,106,107,-1,107,106,108,-1,107,108,105,-1,105,108,109,-1,105,109,103,-1,104,103,110,-1,104,110,111,-1,111,110,112,-1,111,112,113,-1,113,112,114,-1,113,114,115,-1,115,114,116,-1,115,116,117,-1,117,116,118,-1,117,118,119,-1,119,118,120,-1,119,120,121,-1,121,120,122,-1,121,122,123,-1,123,122,124,-1,123,124,125,-1,125,124,126,-1,125,126,127,-1,127,126,128,-1,127,128,129,-1,129,128,130,-1,129,130,131,-1,131,130,132,-1,131,132,133,-1,133,132,134,-1,133,134,135,-1,135,134,1,-1,135,1,0,-1,61,63,85,-1,85,63,83,-1,111,43,104,-1,104,43,45,-1,21,23,127,-1,127,23,25,-1,127,25,125,-1,125,25,27,-1,125,27,123,-1,123,27,29,-1,123,29,121,-1,121,29,31,-1,121,31,119,-1,119,31,33,-1,119,33,117,-1,117,33,35,-1,117,35,115,-1,115,35,37,-1,115,37,113,-1,113,37,39,-1,113,39,111,-1,111,39,41,-1,111,41,43,-1,14,0,11,-1,11,0,5,-1,11,5,9,-1,9,5,4,-1,9,4,8,-1,63,65,83,-1,83,65,67,-1,83,67,81,-1,81,67,69,-1,81,69,79,-1,79,69,71,-1,79,71,76,-1,76,71,73,-1,76,73,75,-1,127,129,21,-1,21,129,131,-1,21,131,17,-1,17,131,133,-1,17,133,14,-1,14,133,135,-1,14,135,0,-1,85,87,61,-1,61,87,88,-1,61,88,59,-1,59,88,92,-1,59,92,57,-1,57,92,94,-1,57,94,55,-1,55,94,96,-1,55,96,53,-1,53,96,98,-1,53,98,51,-1,51,98,100,-1,51,100,49,-1,49,100,102,-1,49,102,47,-1,47,102,107,-1,47,107,45,-1,45,107,105,-1,45,105,104,-1,136,137,138,-1,138,137,139,-1,140,136,141,-1,141,136,138,-1,140,141,142,-1,140,142,143,-1,143,142,144,-1,143,144,145,-1,146,145,147,-1,147,145,144,-1,148,146,149,-1,149,146,147,-1,150,151,152,-1,152,151,148,-1,152,148,149,-1,153,151,154,-1,154,151,150,-1,155,156,157,-1,157,156,153,-1,157,153,154,-1,158,159,160,-1,160,159,156,-1,160,156,155,-1,159,158,161,-1,159,161,162,-1,162,161,163,-1,162,163,164,-1,163,165,164,-1,164,165,166,-1,164,166,167,-1,167,166,168,-1,167,168,169,-1,169,168,170,-1,169,170,171,-1,171,170,172,-1,171,172,173,-1,173,172,174,-1,173,174,175,-1,176,175,177,-1,177,175,174,-1,176,177,178,-1,176,178,179,-1,179,178,180,-1,179,180,181,-1,181,180,182,-1,183,184,182,-1,182,184,185,-1,182,185,181,-1,183,186,184,-1,184,186,187,-1,184,187,188,-1,188,187,189,-1,188,189,190,-1,190,189,191,-1,190,191,192,-1,192,191,193,-1,192,193,194,-1,139,137,195,-1,195,137,194,-1,195,194,193,-1,143,145,194,-1,137,136,194,-1,194,136,140,-1,194,140,143,-1,151,153,148,-1,148,153,156,-1,148,156,146,-1,192,162,190,-1,190,162,164,-1,175,176,173,-1,173,176,179,-1,173,179,171,-1,171,179,181,-1,171,181,169,-1,169,181,185,-1,169,185,167,-1,167,185,184,-1,167,184,164,-1,164,184,188,-1,164,188,190,-1,145,146,194,-1,194,146,156,-1,194,156,192,-1,192,156,159,-1,192,159,162,-1,196,197,198,-1,198,197,199,-1,200,201,202,-1,202,201,196,-1,202,196,198,-1,203,201,204,-1,204,201,200,-1,205,206,207,-1,207,206,203,-1,207,203,204,-1,208,206,209,-1,209,206,205,-1,210,211,212,-1,212,211,208,-1,212,208,209,-1,213,211,214,-1,214,211,210,-1,215,216,217,-1,217,216,213,-1,217,213,214,-1,218,216,219,-1,219,216,215,-1,220,221,222,-1,222,221,218,-1,222,218,219,-1,223,221,224,-1,224,221,220,-1,199,197,225,-1,225,197,223,-1,225,223,224,-1,223,197,196,-1,196,201,223,-1,223,201,203,-1,223,203,221,-1,216,218,213,-1,213,218,221,-1,213,221,211,-1,211,221,203,-1,211,203,208,-1,208,203,206,-1,226,227,228,-1,228,227,229,-1,228,229,230,-1,230,229,231,-1,230,231,232,-1,232,231,233,-1,232,233,234,-1,234,233,235,-1,234,235,236,-1,236,235,237,-1,236,237,238,-1,238,237,239,-1,238,239,240,-1,240,239,241,-1,240,241,242,-1,242,241,243,-1,242,243,244,-1,244,243,245,-1,244,245,246,-1,246,245,247,-1,246,247,248,-1,248,247,249,-1,248,249,250,-1,250,249,251,-1,250,251,252,-1,252,251,253,-1,252,253,254,-1,254,253,255,-1,254,255,256,-1,256,255,257,-1,256,257,258,-1,258,257,259,-1,258,259,260,-1,260,259,261,-1,260,261,226,-1,226,261,227,-1,249,247,262,-1,262,247,263,-1,249,262,264,-1,249,264,251,-1,251,264,265,-1,251,265,253,-1,253,265,266,-1,253,266,255,-1,255,266,267,-1,255,267,257,-1,257,267,268,-1,257,268,259,-1,259,268,269,-1,259,269,261,-1,261,269,270,-1,261,270,227,-1,227,270,271,-1,227,271,229,-1,229,271,272,-1,229,272,231,-1,231,272,273,-1,231,273,233,-1,233,273,274,-1,233,274,235,-1,235,274,275,-1,235,275,237,-1,237,275,276,-1,237,276,239,-1,239,276,277,-1,239,277,241,-1,241,277,278,-1,241,278,243,-1,245,243,279,-1,279,243,278,-1,247,245,263,-1,263,245,279,-1,242,244,280,-1,280,244,281,-1,244,246,281,-1,281,246,282,-1,246,248,282,-1,282,248,283,-1,256,284,285,-1,256,285,254,-1,254,285,286,-1,254,286,252,-1,252,286,287,-1,252,287,250,-1,250,287,283,-1,250,283,248,-1,228,288,289,-1,228,289,226,-1,226,289,290,-1,226,290,260,-1,260,290,291,-1,260,291,258,-1,258,291,284,-1,258,284,256,-1,236,292,293,-1,236,293,234,-1,234,293,294,-1,234,294,232,-1,232,294,295,-1,232,295,230,-1,230,295,288,-1,230,288,228,-1,242,280,296,-1,242,296,240,-1,240,296,297,-1,240,297,238,-1,238,297,292,-1,238,292,236,-1,
        ]
    }
}
Shape{
    appearance Appearance {
        material  Material 	{
            diffuseColor 0.25098039215686274 0.25098039215686274 0.25098039215686274
            specularColor 0.2196078431372549 0.2196078431372549 0.2196078431372549
            ambientIntensity 0.251
            transparency 0.0
            shininess 0.5
        }
    }
    geometry IndexedFaceSet {
        ccw TRUE
        solid FALSE
        coord DEF co Coordinate {
            point [
                -0.1606 0.4114 0.3096, -0.1606 0.4114 0.2788, -0.1667 0.4114 0.3096, -0.1664 0.4114 0.2788, -0.1715 0.4114 0.2794, -0.1749 0.4114 0.2806, -0.1775 0.4114 0.2823, -0.1783 0.4114 0.283, -0.1804 0.4114 0.2856, -0.1817 0.4114 0.2886, -0.1825 0.4114 0.2923, -0.1826 0.4114 0.2946, -0.182 0.4114 0.2994, -0.1809 0.4114 0.3024, -0.1794 0.4114 0.3046, -0.1782 0.4114 0.3058, -0.1716 0.4114 0.3091, -0.1751 0.4114 0.3079
            ]
        }
        coordIndex [
            0,1,2,-1,2,1,3,-1,2,3,4,-1,4,5,2,-1,2,5,6,-1,2,6,7,-1,7,8,2,-1,2,8,9,-1,2,9,10,-1,10,11,2,-1,2,11,12,-1,2,12,13,-1,13,14,2,-1,2,14,15,-1,2,15,16,-1,16,15,17,-1,
        ]
    }
}
Shape{
    appearance Appearance {
        material  Material 	{
            diffuseColor 1.0 1.0 1.0
            specularColor 0.5019607843137255 0.5019607843137255 0.5019607843137255
            ambientIntensity 1.0
            transparency 0.0
            shininess 0.5
        }
    }
    geometry IndexedFaceSet {
        ccw TRUE
        solid FALSE
        coord DEF co Coordinate {
            point [
                -0.2014 0.4118 0.2897, -0.2073 0.4118 0.3063, -0.2054 0.4118 0.3142, -0.1902 0.4118 0.2743, -0.1959 0.4118 0.2743, -0.1997 0.4118 0.2852, -0.2077 0.4118 0.3075, -0.208 0.4118 0.3091, -0.2109 0.4118 0.3142, -0.2081 0.4118 0.3091, -0.2084 0.4118 0.3074, -0.2087 0.4118 0.3063, -0.2148 0.4118 0.2897, -0.2261 0.4118 0.2743, -0.2204 0.4118 0.2743, -0.2164 0.4118 0.2852, -0.2109 0.4114 0.3142, -0.2261 0.4114 0.2743, -0.2054 0.4114 0.3142, -0.1902 0.4114 0.2743, -0.1959 0.4114 0.2743, -0.1997 0.4114 0.2852, -0.2164 0.4114 0.2852, -0.2204 0.4114 0.2743, -0.2014 0.4114 0.2897, -0.2148 0.4114 0.2897, -0.2087 0.4114 0.3063, -0.2081 0.4114 0.3091, -0.2084 0.4114 0.3074, -0.208 0.4114 0.3091, -0.2073 0.4114 0.3063, -0.2077 0.4114 0.3075
            ]
        }
        coordIndex [
            0,1,2,-1,3,4,5,-1,1,6,2,-1,2,6,7,-1,2,7,8,-1,8,7,9,-1,8,9,10,-1,10,11,8,-1,8,11,12,-1,8,12,13,-1,14,13,15,-1,15,13,12,-1,15,12,5,-1,5,12,0,-1,5,0,3,-1,3,0,2,-1,8,13,16,-1,16,13,17,-1,2,8,18,-1,18,8,16,-1,3,2,19,-1,19,2,18,-1,4,3,20,-1,20,3,19,-1,5,4,21,-1,21,4,20,-1,15,5,22,-1,22,5,21,-1,14,15,23,-1,23,15,22,-1,13,14,17,-1,17,14,23,-1,0,12,24,-1,24,12,25,-1,12,11,25,-1,25,11,26,-1,9,27,28,-1,9,28,10,-1,10,28,26,-1,10,26,11,-1,9,7,27,-1,27,7,29,-1,1,30,31,-1,1,31,6,-1,6,31,29,-1,6,29,7,-1,1,0,30,-1,30,0,24,-1,
        ]
    }
}
Shape{
    appearance Appearance {
        material  Material 	{
            diffuseColor 0.25098039215686274 0.25098039215686274 0.25098039215686274
            specularColor 0.2196078431372549 0.2196078431372549 0.2196078431372549
            ambientIntensity 0.251
            transparency 0.0
            shininess 0.5
        }
    }
    geometry IndexedFaceSet {
        ccw TRUE
        solid FALSE
        coord DEF co Coordinate {
            point [
                -0.2081 0.4114 0.3091, -0.208 0.4114 0.3091, -0.2084 0.4114 0.3074, -0.2077 0.4114 0.3075, -0.2087 0.4114 0.3063, -0.2073 0.4114 0.3063, -0.2148 0.4114 0.2897, -0.2014 0.4114 0.2897
            ]
        }
        coordIndex [
            0,1,2,-1,2,1,3,-1,2,3,4,-1,4,3,5,-1,4,5,6,-1,6,5,7,-1,
        ]
    }
}
Shape{
    appearance Appearance {
        material  Material 	{
            diffuseColor 1.0 1.0 1.0
            specularColor 0.5019607843137255 0.5019607843137255 0.5019607843137255
            ambientIntensity 1.0
            transparency 0.0
            shininess 0.5
        }
    }
    geometry IndexedFaceSet {
        ccw TRUE
        solid FALSE
        coord DEF co Coordinate {
            point [
                0.1605 0.4118 0.2686, 0.1562 0.4118 0.2634, 0.163 0.4118 0.2937, 0.0682 0.4118 0.3076, 0.077 0.4118 0.3227, 0.1151 0.4118 0.3028, 0.1343 0.4118 0.2943, 0.1316 0.4118 0.2934, 0.168 0.4118 0.343, 0.1617 0.4118 0.3464, 0.1632 0.4118 0.3639, 0.1454 0.4118 0.3647, 0.1366 0.4118 0.344, 0.1323 0.4118 0.353, 0.1692 0.4118 0.2975, 0.1669 0.4118 0.2758, 0.1633 0.4118 0.2747, 0.152 0.4118 0.3653, 0.1294 0.4118 0.2918, 0.1275 0.4118 0.2898, 0.108 0.4118 0.2866, 0.1394 0.4118 0.2942, 0.1432 0.4118 0.3116, 0.1419 0.4118 0.2932, 0.1494 0.4118 0.3092, 0.1441 0.4118 0.2916, 0.1552 0.4118 0.3052, 0.1452 0.4118 0.2905, 0.1599 0.4118 0.2998, 0.1467 0.4118 0.2881, 0.1475 0.4118 0.2854, 0.1477 0.4118 0.2827, 0.1261 0.4118 0.3105, 0.1329 0.4118 0.3122, 0.1364 0.4118 0.3124, 0.1396 0.4118 0.3715, 0.1259 0.4118 0.3606, 0.1329 0.4118 0.3772, 0.1183 0.4118 0.3661, 0.126 0.4118 0.3815, 0.1547 0.4118 0.3481, 0.1517 0.4118 0.3482, 0.1487 0.4118 0.3651, 0.1449 0.4118 0.3474, 0.1386 0.4118 0.345, 0.1263 0.4118 0.2874, 0.1256 0.4118 0.2848, 0.108 0.4118 0.2838, 0.1256 0.4118 0.2822, 0.1081 0.4118 0.2807, 0.035 0.4118 0.2804, 0.0467 0.4118 0.2937, 0.0437 0.4118 0.2761, 0.0519 0.4118 0.2919, 0.0532 0.4118 0.2741, 0.0549 0.4118 0.2914, 0.0699 0.4118 0.2741, 0.0677 0.4118 0.2914, 0.0715 0.4118 0.2744, 0.1366 0.4118 0.2946, 0.12 0.4118 0.3073, 0.0588 0.4118 0.3357, 0.0566 0.4118 0.3357, 0.0449 0.4118 0.3511, 0.0518 0.4118 0.3352, 0.0436 0.4118 0.3506, 0.0468 0.4118 0.3334, 0.0351 0.4118 0.3464, 0.0423 0.4118 0.3305, 0.0274 0.4118 0.3399, 0.0386 0.4118 0.3265, 0.0216 0.4118 0.3318, 0.0359 0.4118 0.3216, 0.0181 0.4118 0.3232, 0.0346 0.4118 0.3161, 0.0168 0.4118 0.3139, 0.0344 0.4118 0.3136, 0.0181 0.4118 0.3038, 0.035 0.4118 0.3087, 0.0217 0.4118 0.2948, 0.0367 0.4118 0.3036, 0.0273 0.4118 0.2869, 0.0397 0.4118 0.2991, 0.0421 0.4118 0.2967, 0.0603 0.4118 0.3735, 0.0714 0.4118 0.3605, 0.0509 0.4118 0.3626, 0.065 0.4118 0.3528, 0.0606 0.4118 0.3437, 0.1792 0.4118 0.3267, 0.1979 0.4118 0.322, 0.1801 0.4118 0.3198, 0.198 0.4118 0.3193, 0.1797 0.4118 0.3154, 0.1966 0.4118 0.3081, 0.1777 0.4118 0.3084, 0.1925 0.4118 0.2975, 0.1743 0.4118 0.3028, 0.186 0.4118 0.2883, 0.1772 0.4118 0.2808, 0.1737 0.4118 0.3598, 0.1827 0.4118 0.3534, 0.1728 0.4118 0.3387, 0.1846 0.4118 0.3516, 0.1768 0.4118 0.3331, 0.1915 0.4118 0.3429, 0.196 0.4118 0.3326, 0.1472 0.4118 0.28, 0.146 0.4118 0.2776, 0.1129 0.4118 0.3865, 0.1091 0.4118 0.3699, 0.0989 0.4118 0.3882, 0.0986 0.4118 0.3712, 0.0872 0.4118 0.387, 0.0889 0.4118 0.37, 0.0729 0.4118 0.382, 0.08 0.4118 0.3666, 0.0721 0.4118 0.3611, 0.1098 0.4118 0.2737, 0.1263 0.4118 0.2795, 0.1132 0.4118 0.2674, 0.1276 0.4118 0.2771, 0.1175 0.4118 0.2626, 0.1292 0.4118 0.2753, 0.1231 0.4118 0.2587, 0.1313 0.4118 0.2738, 0.1295 0.4118 0.2562, 0.1338 0.4118 0.2728, 0.1364 0.4118 0.2554, 0.1366 0.4118 0.2724, 0.1374 0.4118 0.2554, 0.1371 0.4118 0.2724, 0.1441 0.4118 0.2564, 0.1397 0.4118 0.2728, 0.1507 0.4118 0.2592, 0.1422 0.4118 0.2739, 0.1444 0.4118 0.2756, 0.0691 0.4118 0.2917, 0.0759 0.4118 0.2771, 0.0752 0.4118 0.2764, 0.0682 0.4118 0.2915, 0.0734 0.4118 0.2751, 0.0782 0.4118 0.2829, 0.0779 0.4118 0.2808, 0.0771 0.4118 0.2789, 0.0716 0.4118 0.2914, 0.0735 0.4118 0.2907, 0.0781 0.4118 0.284, 0.0752 0.4118 0.2894, 0.0764 0.4118 0.2881, 0.0775 0.4118 0.2862, 0.0694 0.4118 0.2917, 0.0168 0.4114 0.3139, 0.0181 0.4114 0.3232, 0.0191 0.4114 0.3256, 0.0216 0.4114 0.3318, 0.0274 0.4114 0.3399, 0.0351 0.4114 0.3464, 0.0436 0.4114 0.3506, 0.0449 0.4114 0.3511, 0.0509 0.4114 0.3626, 0.0603 0.4114 0.3735, 0.0668 0.4114 0.3779, 0.0729 0.4114 0.382, 0.0872 0.4114 0.387, 0.0989 0.4114 0.3882, 0.1329 0.4114 0.3772, 0.1318 0.4114 0.3779, 0.126 0.4114 0.3815, 0.1129 0.4114 0.3865, 0.1396 0.4114 0.3715, 0.1454 0.4114 0.3647, 0.1487 0.4114 0.3651, 0.152 0.4114 0.3653, 0.1632 0.4114 0.3639, 0.1737 0.4114 0.3598, 0.1827 0.4114 0.3534, 0.1846 0.4114 0.3516, 0.198 0.4114 0.3193, 0.1915 0.4114 0.3429, 0.196 0.4114 0.3326, 0.1972 0.4114 0.3256, 0.1979 0.4114 0.322, 0.1966 0.4114 0.3081, 0.1925 0.4114 0.2975, 0.186 0.4114 0.2883, 0.1772 0.4114 0.2808, 0.1669 0.4114 0.2758, 0.1633 0.4114 0.2747, 0.163 0.4114 0.2739, 0.1605 0.4114 0.2686, 0.1562 0.4114 0.2634, 0.1507 0.4114 0.2592, 0.1481 0.4114 0.2581, 0.1441 0.4114 0.2564, 0.1374 0.4114 0.2554, 0.1364 0.4114 0.2554, 0.108 0.4114 0.2838, 0.1295 0.4114 0.2562, 0.1246 0.4114 0.2581, 0.1231 0.4114 0.2587, 0.1175 0.4114 0.2626, 0.1132 0.4114 0.2674, 0.1098 0.4114 0.2737, 0.1098 0.4114 0.2739, 0.1081 0.4114 0.2807, 0.108 0.4114 0.2866, 0.0682 0.4114 0.3076, 0.077 0.4114 0.3227, 0.1151 0.4114 0.3028, 0.12 0.4114 0.3073, 0.1261 0.4114 0.3105, 0.1329 0.4114 0.3122, 0.1364 0.4114 0.3124, 0.1432 0.4114 0.3116, 0.1494 0.4114 0.3092, 0.1552 0.4114 0.3052, 0.1599 0.4114 0.2998, 0.163 0.4114 0.2937, 0.1692 0.4114 0.2975, 0.1743 0.4114 0.3028, 0.1777 0.4114 0.3084, 0.1797 0.4114 0.3154, 0.1801 0.4114 0.3198, 0.1794 0.4114 0.3256, 0.1792 0.4114 0.3267, 0.1768 0.4114 0.3331, 0.1728 0.4114 0.3387, 0.168 0.4114 0.343, 0.1617 0.4114 0.3464, 0.1547 0.4114 0.3481, 0.1517 0.4114 0.3482, 0.1449 0.4114 0.3474, 0.1386 0.4114 0.345, 0.1366 0.4114 0.344, 0.1323 0.4114 0.353, 0.1259 0.4114 0.3606, 0.1183 0.4114 0.3661, 0.1091 0.4114 0.3699, 0.0986 0.4114 0.3712, 0.0889 0.4114 0.37, 0.08 0.4114 0.3666, 0.0721 0.4114 0.3611, 0.0714 0.4114 0.3605, 0.065 0.4114 0.3528, 0.0606 0.4114 0.3437, 0.0588 0.4114 0.3357, 0.0566 0.4114 0.3357, 0.0518 0.4114 0.3352, 0.0468 0.4114 0.3334, 0.0423 0.4114 0.3305, 0.0386 0.4114 0.3265, 0.0381 0.4114 0.3256, 0.0359 0.4114 0.3216, 0.0346 0.4114 0.3161, 0.0344 0.4114 0.3136, 0.035 0.4114 0.3087, 0.0367 0.4114 0.3036, 0.0397 0.4114 0.2991, 0.0421 0.4114 0.2967, 0.0467 0.4114 0.2937, 0.0519 0.4114 0.2919, 0.0549 0.4114 0.2914, 0.0677 0.4114 0.2914, 0.0682 0.4114 0.2915, 0.0691 0.4114 0.2917, 0.0694 0.4114 0.2917, 0.0716 0.4114 0.2914, 0.0735 0.4114 0.2907, 0.0752 0.4114 0.2894, 0.0764 0.4114 0.2881, 0.0775 0.4114 0.2862, 0.0781 0.4114 0.284, 0.0782 0.4114 0.2829, 0.0779 0.4114 0.2808, 0.0771 0.4114 0.2789, 0.0759 0.4114 0.2771, 0.0752 0.4114 0.2764, 0.0734 0.4114 0.2751, 0.0715 0.4114 0.2744, 0.0699 0.4114 0.2741, 0.0532 0.4114 0.2741, 0.0437 0.4114 0.2761, 0.035 0.4114 0.2804, 0.0273 0.4114 0.2869, 0.0217 0.4114 0.2948, 0.0181 0.4114 0.3038, 0.1366 0.4114 0.2946, 0.1343 0.4114 0.2943, 0.1316 0.4114 0.2934, 0.1294 0.4114 0.2918, 0.1275 0.4114 0.2898, 0.1263 0.4114 0.2874, 0.1256 0.4114 0.2848, 0.1256 0.4114 0.2822, 0.1263 0.4114 0.2795, 0.1276 0.4114 0.2771, 0.1292 0.4114 0.2753, 0.1313 0.4114 0.2738, 0.1338 0.4114 0.2728, 0.1366 0.4114 0.2724, 0.1371 0.4114 0.2724, 0.1397 0.4114 0.2728, 0.1422 0.4114 0.2739, 0.1444 0.4114 0.2756, 0.146 0.4114 0.2776, 0.1472 0.4114 0.28, 0.1477 0.4114 0.2827, 0.1475 0.4114 0.2854, 0.1467 0.4114 0.2881, 0.1452 0.4114 0.2905, 0.1441 0.4114 0.2916, 0.1419 0.4114 0.2932, 0.1394 0.4114 0.2942
            ]
        }
        coordIndex [
            0,1,2,-1,3,4,5,-1,6,7,3,-1,8,9,10,-1,11,12,13,-1,14,15,2,-1,2,15,16,-1,2,16,0,-1,10,9,17,-1,7,18,3,-1,3,18,19,-1,3,19,20,-1,21,22,23,-1,23,22,24,-1,23,24,25,-1,25,24,26,-1,25,26,27,-1,27,26,28,-1,27,28,29,-1,29,28,2,-1,29,2,30,-1,30,2,31,-1,32,33,21,-1,21,33,34,-1,21,34,22,-1,11,13,35,-1,35,13,36,-1,35,36,37,-1,37,36,38,-1,37,38,39,-1,9,40,17,-1,17,40,41,-1,17,41,42,-1,42,41,43,-1,42,43,11,-1,11,43,44,-1,11,44,12,-1,19,45,20,-1,20,45,46,-1,20,46,47,-1,47,46,48,-1,47,48,49,-1,50,51,52,-1,52,51,53,-1,52,53,54,-1,54,53,55,-1,54,55,56,-1,56,55,57,-1,56,57,58,-1,6,3,59,-1,59,3,5,-1,59,5,21,-1,21,5,60,-1,21,60,32,-1,61,62,63,-1,63,62,64,-1,63,64,65,-1,65,64,66,-1,65,66,67,-1,67,66,68,-1,67,68,69,-1,69,68,70,-1,69,70,71,-1,71,70,72,-1,71,72,73,-1,73,72,74,-1,73,74,75,-1,75,74,76,-1,75,76,77,-1,77,76,78,-1,77,78,79,-1,79,78,80,-1,79,80,81,-1,81,80,82,-1,81,82,50,-1,50,82,83,-1,50,83,51,-1,84,85,86,-1,86,85,87,-1,86,87,63,-1,63,87,88,-1,63,88,61,-1,89,90,91,-1,91,90,92,-1,91,92,93,-1,93,92,94,-1,93,94,95,-1,95,94,96,-1,95,96,97,-1,97,96,98,-1,97,98,14,-1,14,98,99,-1,14,99,15,-1,10,100,8,-1,8,100,101,-1,8,101,102,-1,102,101,103,-1,102,103,104,-1,104,103,105,-1,104,105,89,-1,89,105,106,-1,89,106,90,-1,31,2,107,-1,107,2,1,-1,107,1,108,-1,39,38,109,-1,109,38,110,-1,109,110,111,-1,111,110,112,-1,111,112,113,-1,113,112,114,-1,113,114,115,-1,115,114,116,-1,115,116,84,-1,84,116,117,-1,84,117,85,-1,49,48,118,-1,118,48,119,-1,118,119,120,-1,120,119,121,-1,120,121,122,-1,122,121,123,-1,122,123,124,-1,124,123,125,-1,124,125,126,-1,126,125,127,-1,126,127,128,-1,128,127,129,-1,128,129,130,-1,130,129,131,-1,130,131,132,-1,132,131,133,-1,132,133,134,-1,134,133,135,-1,134,135,1,-1,1,135,136,-1,1,136,108,-1,137,138,139,-1,57,140,58,-1,58,140,137,-1,58,137,141,-1,141,137,139,-1,142,143,137,-1,137,143,144,-1,137,144,138,-1,145,146,147,-1,146,148,147,-1,147,148,149,-1,147,149,150,-1,142,137,147,-1,147,137,151,-1,147,151,145,-1,75,152,153,-1,75,153,73,-1,73,153,154,-1,73,154,71,-1,154,155,71,-1,71,155,156,-1,71,156,69,-1,69,156,157,-1,69,157,67,-1,67,157,158,-1,67,158,65,-1,65,158,159,-1,65,159,63,-1,63,159,160,-1,63,160,86,-1,86,160,161,-1,86,161,84,-1,115,84,162,-1,162,84,161,-1,162,163,115,-1,115,163,164,-1,115,164,113,-1,113,164,165,-1,113,165,111,-1,166,37,167,-1,167,37,39,-1,167,39,168,-1,168,39,109,-1,168,109,169,-1,169,109,111,-1,169,111,165,-1,37,166,170,-1,37,170,35,-1,35,170,171,-1,35,171,11,-1,11,171,172,-1,11,172,42,-1,42,172,173,-1,42,173,17,-1,17,173,174,-1,17,174,10,-1,10,174,175,-1,10,175,100,-1,100,175,176,-1,100,176,101,-1,101,176,177,-1,101,177,103,-1,178,92,90,-1,103,177,179,-1,103,179,105,-1,105,179,180,-1,105,180,106,-1,106,180,181,-1,106,181,90,-1,90,181,182,-1,90,182,178,-1,92,178,183,-1,92,183,94,-1,94,183,184,-1,94,184,96,-1,96,184,185,-1,96,185,98,-1,98,185,186,-1,98,186,99,-1,99,186,187,-1,99,187,15,-1,15,187,188,-1,15,188,16,-1,16,188,189,-1,16,189,0,-1,189,190,0,-1,0,190,191,-1,0,191,1,-1,1,191,192,-1,1,192,134,-1,134,192,193,-1,134,193,132,-1,193,194,132,-1,132,194,195,-1,132,195,130,-1,130,195,196,-1,130,196,128,-1,197,47,49,-1,128,196,198,-1,128,198,126,-1,126,198,199,-1,126,199,124,-1,199,200,124,-1,124,200,201,-1,124,201,122,-1,122,201,202,-1,122,202,120,-1,120,202,203,-1,120,203,118,-1,118,203,204,-1,118,204,49,-1,49,204,205,-1,49,205,197,-1,20,47,206,-1,206,47,197,-1,3,20,207,-1,207,20,206,-1,4,3,208,-1,208,3,207,-1,5,4,209,-1,209,4,208,-1,5,209,210,-1,5,210,60,-1,60,210,211,-1,60,211,32,-1,32,211,212,-1,32,212,33,-1,33,212,213,-1,33,213,34,-1,34,213,214,-1,34,214,22,-1,22,214,215,-1,22,215,24,-1,24,215,216,-1,24,216,26,-1,26,216,217,-1,26,217,28,-1,28,217,218,-1,28,218,2,-1,2,218,219,-1,2,219,14,-1,14,219,220,-1,14,220,97,-1,97,220,221,-1,97,221,95,-1,95,221,222,-1,95,222,93,-1,93,222,223,-1,93,223,91,-1,91,223,89,-1,89,223,224,-1,224,225,89,-1,89,225,226,-1,89,226,104,-1,104,226,227,-1,104,227,102,-1,102,227,228,-1,102,228,8,-1,8,228,229,-1,8,229,9,-1,9,229,230,-1,9,230,40,-1,40,230,231,-1,40,231,41,-1,41,231,232,-1,41,232,43,-1,43,232,233,-1,43,233,44,-1,44,233,234,-1,44,234,12,-1,12,234,235,-1,12,235,13,-1,13,235,236,-1,13,236,36,-1,36,236,237,-1,36,237,38,-1,38,237,238,-1,38,238,110,-1,110,238,239,-1,110,239,112,-1,112,239,240,-1,112,240,114,-1,114,240,241,-1,114,241,116,-1,116,241,242,-1,116,242,117,-1,117,242,243,-1,117,243,85,-1,85,243,244,-1,85,244,87,-1,87,244,245,-1,87,245,88,-1,88,245,246,-1,88,246,61,-1,62,61,247,-1,247,61,246,-1,62,247,248,-1,62,248,64,-1,64,248,249,-1,64,249,66,-1,66,249,250,-1,66,250,68,-1,68,250,251,-1,68,251,70,-1,70,251,252,-1,70,252,72,-1,252,253,72,-1,72,253,254,-1,72,254,74,-1,74,254,255,-1,74,255,76,-1,76,255,256,-1,76,256,78,-1,78,256,257,-1,78,257,80,-1,80,257,258,-1,80,258,82,-1,82,258,259,-1,82,259,83,-1,83,259,260,-1,83,260,51,-1,51,260,261,-1,51,261,53,-1,53,261,262,-1,53,262,55,-1,57,55,263,-1,263,55,262,-1,57,263,264,-1,57,264,140,-1,140,264,265,-1,140,265,137,-1,137,265,266,-1,137,266,151,-1,151,266,267,-1,151,267,145,-1,145,267,268,-1,145,268,146,-1,146,268,269,-1,146,269,148,-1,148,269,270,-1,148,270,149,-1,149,270,271,-1,149,271,150,-1,150,271,272,-1,150,272,147,-1,147,272,273,-1,147,273,142,-1,142,273,274,-1,142,274,143,-1,143,274,275,-1,143,275,144,-1,144,275,276,-1,144,276,138,-1,138,276,277,-1,138,277,139,-1,139,277,278,-1,139,278,141,-1,141,278,279,-1,141,279,58,-1,58,279,280,-1,58,280,56,-1,54,56,281,-1,281,56,280,-1,54,281,282,-1,54,282,52,-1,52,282,283,-1,52,283,50,-1,50,283,284,-1,50,284,81,-1,81,284,285,-1,81,285,79,-1,79,285,286,-1,79,286,77,-1,77,286,152,-1,77,152,75,-1,59,287,288,-1,59,288,6,-1,6,288,289,-1,6,289,7,-1,7,289,290,-1,7,290,18,-1,18,290,291,-1,18,291,19,-1,19,291,292,-1,19,292,45,-1,45,292,293,-1,45,293,46,-1,46,293,294,-1,46,294,48,-1,48,294,295,-1,48,295,119,-1,119,295,296,-1,119,296,121,-1,121,296,297,-1,121,297,123,-1,123,297,298,-1,123,298,125,-1,125,298,299,-1,125,299,127,-1,127,299,300,-1,127,300,129,-1,129,300,301,-1,129,301,131,-1,131,301,302,-1,131,302,133,-1,133,302,303,-1,133,303,135,-1,135,303,304,-1,135,304,136,-1,136,304,305,-1,136,305,108,-1,108,305,306,-1,108,306,107,-1,107,306,307,-1,107,307,31,-1,31,307,308,-1,31,308,30,-1,30,308,309,-1,30,309,29,-1,29,309,310,-1,29,310,27,-1,27,310,311,-1,27,311,25,-1,25,311,312,-1,25,312,23,-1,23,312,313,-1,23,313,21,-1,21,313,287,-1,21,287,59,-1,
        ]
    }
}
Shape{
    appearance Appearance {
        material  Material 	{
            diffuseColor 0.25098039215686274 0.25098039215686274 0.25098039215686274
            specularColor 0.2196078431372549 0.2196078431372549 0.2196078431372549
            ambientIntensity 0.251
            transparency 0.0
            shininess 0.5
        }
    }
    geometry IndexedFaceSet {
        ccw TRUE
        solid FALSE
        coord DEF co Coordinate {
            point [
                0.1371 0.4114 0.2724, 0.1441 0.4114 0.2916, 0.1452 0.4114 0.2905, 0.1338 0.4114 0.2728, 0.1313 0.4114 0.2738, 0.1343 0.4114 0.2943, 0.1366 0.4114 0.2946, 0.1394 0.4114 0.2942, 0.1419 0.4114 0.2932, 0.1472 0.4114 0.28, 0.146 0.4114 0.2776, 0.1444 0.4114 0.2756, 0.1366 0.4114 0.2724, 0.1467 0.4114 0.2881, 0.1475 0.4114 0.2854, 0.1477 0.4114 0.2827, 0.1422 0.4114 0.2739, 0.1397 0.4114 0.2728, 0.1292 0.4114 0.2753, 0.1276 0.4114 0.2771, 0.1263 0.4114 0.2795, 0.1256 0.4114 0.2822, 0.1256 0.4114 0.2848, 0.1263 0.4114 0.2874, 0.1275 0.4114 0.2898, 0.1294 0.4114 0.2918, 0.1316 0.4114 0.2934
            ]
        }
        coordIndex [
            0,1,2,-1,3,4,5,-1,6,7,0,-1,0,7,8,-1,0,8,1,-1,9,10,2,-1,2,10,11,-1,6,0,5,-1,5,0,12,-1,5,12,3,-1,13,14,2,-1,2,14,15,-1,2,15,9,-1,11,16,2,-1,2,16,17,-1,2,17,0,-1,4,18,5,-1,5,18,19,-1,5,19,20,-1,20,21,5,-1,5,21,22,-1,5,22,23,-1,23,24,5,-1,5,24,25,-1,5,25,26,-1,
        ]
    }
}