#VRML V2.0 utf8
# 3D model generated by easyeda2kicad.py (https://github.com/uPesy/easyeda2kicad.py)

Shape{
    appearance Appearance {
        material  Material 	{
            diffuseColor 0.6666666666666666 0.6980392156862745 0.7686274509803922
            specularColor 0.3333333333333333 0.34901960784313724 0.3843137254901961
            ambientIntensity 0.6967
            transparency 0.0
            shininess 0.5
        }
    }
    geometry IndexedFaceSet {
        ccw TRUE
        solid FALSE
        coord DEF co Coordinate {
            point [
                0.9843 -0.6591 0.0713, 0.9843 -0.5016 0.0713, 0.9843 -0.6591 0.2283, 0.9843 -0.5016 0.1102, 0.9843 -0.4917 0.2283, 0.9843 0.2071 0.0713, 0.9843 0.3646 0.0713, 0.9843 0.2071 0.1102, 0.9843 0.3646 0.2283, 0.9843 0.1972 0.2283, 0.9843 0.1972 0.4642, 0.9843 -0.4917 0.4642, 0.9055 -0.5016 0.1102, 0.9055 -0.5016 0.0713, 0.9055 -0.6591 0.0713, 0.9055 -0.6591 0.2283, 0.9055 -0.4917 0.2283, 0.9055 0.2071 0.1102, 0.9055 0.3646 0.0713, 0.9055 0.2071 0.0713, 0.9055 0.3646 0.2283, 0.9055 0.1972 0.2283, 0.9055 0.1972 0.4642, 0.9055 -0.4917 0.4642, 0.9082 0.3646 0.0508, 0.9082 0.2071 0.0508, 0.9161 0.3646 0.0317, 0.9161 0.2071 0.0317, 0.9287 0.3646 0.0153, 0.9287 0.2071 0.0153, 0.9451 0.3646 0.0027, 0.9451 0.2071 0.0027, 0.9642 0.3646 -0.0052, 0.9642 0.2071 -0.0052, 0.9846 0.3646 -0.0079, 0.9846 0.2071 -0.0079, 0.9082 -0.5016 0.0508, 0.9082 -0.6591 0.0508, 0.9161 -0.5016 0.0317, 0.9161 -0.6591 0.0317, 0.9287 -0.5016 0.0153, 0.9287 -0.6591 0.0153, 0.9451 -0.5016 0.0027, 0.9451 -0.6591 0.0027, 0.9642 -0.5016 -0.0052, 0.9642 -0.6591 -0.0052, 0.9846 -0.5016 -0.0079, 0.9846 -0.6591 -0.0079, 0.9846 0.2071 0.0709, 0.9846 0.3646 0.0709, 0.9845 0.2071 0.0709, 0.9845 0.3646 0.0709, 0.9844 0.2071 0.0709, 0.9844 0.3646 0.0709, 0.9844 0.2071 0.071, 0.9844 0.3646 0.071, 0.9843 0.2071 0.0711, 0.9843 0.3646 0.0711, 0.9843 0.2071 0.0712, 0.9843 0.3646 0.0712, 0.9846 -0.6591 0.0709, 0.9846 -0.5016 0.0709, 0.9845 -0.6591 0.0709, 0.9845 -0.5016 0.0709, 0.9844 -0.6591 0.0709, 0.9844 -0.5016 0.0709, 0.9844 -0.6591 0.071, 0.9844 -0.5016 0.071, 0.9843 -0.6591 0.0711, 0.9843 -0.5016 0.0711, 0.9843 -0.6591 0.0712, 0.9843 -0.5016 0.0712, 1.1798 0.3354 -0.0079, 1.1811 0.3252 -0.0079, 1.1417 0.3646 -0.0079, 1.1614 0.3593 -0.0079, 1.1696 0.353 -0.0079, 1.1758 0.3449 -0.0079, 1.1811 0.2465 -0.0079, 1.1417 0.2071 -0.0079, 1.1519 0.3632 -0.0079, 1.1798 0.2363 -0.0079, 1.1758 0.2268 -0.0079, 1.1519 0.2084 -0.0079, 1.1696 0.2186 -0.0079, 1.1614 0.2124 -0.0079, 1.1798 -0.5308 -0.0079, 1.1811 -0.5409 -0.0079, 1.1417 -0.5016 -0.0079, 1.1519 -0.5029 -0.0079, 1.1614 -0.5068 -0.0079, 1.1696 -0.5131 -0.0079, 1.1758 -0.5213 -0.0079, 1.1811 -0.6197 -0.0079, 1.1417 -0.6591 -0.0079, 1.1798 -0.6299 -0.0079, 1.1758 -0.6394 -0.0079, 1.1696 -0.6475 -0.0079, 1.1614 -0.6538 -0.0079, 1.1519 -0.6577 -0.0079, 1.1811 0.2465 0.0709, 1.1417 0.2071 0.0709, 1.1811 0.3252 0.0709, 1.1417 0.3646 0.0709, 1.1798 0.3354 0.0709, 1.1758 0.3449 0.0709, 1.1696 0.353 0.0709, 1.1614 0.3593 0.0709, 1.1519 0.3632 0.0709, 1.1614 0.2124 0.0709, 1.1696 0.2186 0.0709, 1.1519 0.2084 0.0709, 1.1758 0.2268 0.0709, 1.1798 0.2363 0.0709, 1.1798 -0.6299 0.0709, 1.1811 -0.6197 0.0709, 1.1417 -0.6591 0.0709, 1.1614 -0.6538 0.0709, 1.1696 -0.6475 0.0709, 1.1758 -0.6394 0.0709, 1.1811 -0.5409 0.0709, 1.1417 -0.5016 0.0709, 1.1798 -0.5308 0.0709, 1.1758 -0.5213 0.0709, 1.1696 -0.5131 0.0709, 1.1614 -0.5068 0.0709, 1.1519 -0.5029 0.0709, 1.1519 -0.6577 0.0709, -0.8268 0.3941 0.4646, 0.8268 0.3941 0.4646, 0.8268 0.1972 0.4646, 0.9051 0.1972 0.4646, 0.9051 -0.4917 0.4646, 0.8268 -0.4917 0.4646, -0.8268 0.1972 0.4646, 0.8268 -0.6886 0.4646, -0.8268 -0.6886 0.4646, -0.8268 -0.4917 0.4646, -0.9051 -0.4917 0.4646, -0.9051 0.1972 0.4646, 0.9051 -0.4917 0.5433, 0.9051 0.1972 0.5433, 0.8268 -0.4917 0.5433, 0.8268 0.1972 0.5433, 0.8268 0.3941 0.5433, -0.8268 0.3941 0.5433, -0.8268 0.1972 0.5433, -0.9051 0.1972 0.5433, -0.9051 -0.4917 0.5433, -0.8268 -0.4917 0.5433, -0.8268 -0.6886 0.5433, 0.8268 -0.6886 0.5433, -0.9055 -0.5016 0.0713, -0.9055 -0.6591 0.0713, -0.9082 -0.6591 0.0508, -0.9082 -0.5016 0.0508, -0.9161 -0.6591 0.0317, -0.9161 -0.5016 0.0317, -0.9287 -0.6591 0.0153, -0.9287 -0.5016 0.0153, -0.9451 -0.6591 0.0027, -0.9451 -0.5016 0.0027, -0.9642 -0.6591 -0.0052, -0.9642 -0.5016 -0.0052, -0.9846 -0.6591 -0.0079, -0.9846 -0.5016 -0.0079, -0.9846 -0.5016 0.0709, -0.9846 -0.6591 0.0709, -0.9845 -0.5016 0.0709, -0.9845 -0.6591 0.0709, -0.9844 -0.5016 0.0709, -0.9844 -0.6591 0.0709, -0.9844 -0.5016 0.071, -0.9844 -0.6591 0.071, -0.9843 -0.5016 0.0711, -0.9843 -0.6591 0.0711, -0.9843 -0.5016 0.0712, -0.9843 -0.6591 0.0712, -0.9843 -0.5016 0.0713, -0.9843 -0.6591 0.0713, -1.1417 -0.5016 -0.0079, -1.1811 -0.5409 -0.0079, -1.1798 -0.6299 -0.0079, -1.1811 -0.6197 -0.0079, -1.1417 -0.6591 -0.0079, -1.1614 -0.6538 -0.0079, -1.1696 -0.6475 -0.0079, -1.1758 -0.6394 -0.0079, -1.1758 -0.5213 -0.0079, -1.1696 -0.5131 -0.0079, -1.1614 -0.5068 -0.0079, -1.1798 -0.5308 -0.0079, -1.1519 -0.5029 -0.0079, -1.1519 -0.6577 -0.0079, -1.1798 -0.5308 0.0709, -1.1811 -0.5409 0.0709, -1.1417 -0.5016 0.0709, -1.1614 -0.5068 0.0709, -1.1696 -0.5131 0.0709, -1.1758 -0.5213 0.0709, -1.1519 -0.5029 0.0709, -1.1811 -0.6197 0.0709, -1.1417 -0.6591 0.0709, -1.1798 -0.6299 0.0709, -1.1758 -0.6394 0.0709, -1.1696 -0.6475 0.0709, -1.1614 -0.6538 0.0709, -1.1519 -0.6577 0.0709, -0.9843 -0.4917 0.2283, -0.9843 0.2071 0.1102, -0.9843 -0.5016 0.1102, -0.9843 -0.6591 0.2283, -0.9843 0.3646 0.0713, -0.9843 0.2071 0.0713, -0.9843 0.3646 0.2283, -0.9843 0.1972 0.2283, -0.9843 0.1972 0.4642, -0.9843 -0.4917 0.4642, -0.9055 0.2071 0.1102, -0.9055 0.2071 0.0713, -0.9055 0.3646 0.0713, -0.9055 0.3646 0.2283, -0.9055 0.1972 0.2283, -0.9055 -0.5016 0.1102, -0.9055 -0.6591 0.2283, -0.9055 -0.4917 0.2283, -0.9055 -0.4917 0.4642, -0.9055 0.1972 0.4642, -0.9052 -0.4917 0.4646, -0.9256 -0.4917 0.5406, -0.9053 -0.4917 0.4645, -0.9447 -0.4917 0.5327, -0.9054 -0.4917 0.4645, -0.9611 -0.4917 0.5201, -0.9055 -0.4917 0.4644, -0.9737 -0.4917 0.5037, -0.9055 -0.4917 0.4643, -0.9816 -0.4917 0.4847, -0.9055 0.1972 0.4643, -0.9816 0.1972 0.4847, -0.9055 0.1972 0.4644, -0.9737 0.1972 0.5037, -0.9054 0.1972 0.4645, -0.9611 0.1972 0.5201, -0.9053 0.1972 0.4645, -0.9447 0.1972 0.5327, -0.9052 0.1972 0.4646, -0.9256 0.1972 0.5406, -0.9843 0.3646 0.0712, -0.9082 0.3646 0.0508, -0.9843 0.3646 0.0711, -0.9161 0.3646 0.0317, -0.9844 0.3646 0.071, -0.9287 0.3646 0.0153, -0.9844 0.3646 0.0709, -0.9451 0.3646 0.0027, -0.9845 0.3646 0.0709, -0.9642 0.3646 -0.0052, -0.9846 0.3646 0.0709, -0.9846 0.3646 -0.0079, -0.9082 0.2071 0.0508, -0.9161 0.2071 0.0317, -0.9287 0.2071 0.0153, -0.9451 0.2071 0.0027, -0.9642 0.2071 -0.0052, -0.9846 0.2071 -0.0079, -0.9846 0.2071 0.0709, -0.9845 0.2071 0.0709, -0.9844 0.2071 0.0709, -0.9844 0.2071 0.071, -0.9843 0.2071 0.0711, -0.9843 0.2071 0.0712, -1.1417 0.3646 0.0709, -1.1417 0.3646 -0.0079, -1.1519 0.3632 -0.0079, -1.1811 0.3252 -0.0079, -1.1811 0.2465 -0.0079, -1.1417 0.2071 -0.0079, -1.1798 0.3354 -0.0079, -1.1758 0.3449 -0.0079, -1.1696 0.353 -0.0079, -1.1614 0.3593 -0.0079, -1.1614 0.2124 -0.0079, -1.1696 0.2186 -0.0079, -1.1519 0.2084 -0.0079, -1.1758 0.2268 -0.0079, -1.1798 0.2363 -0.0079, -1.1417 0.2071 0.0709, -1.1811 0.2465 0.0709, -1.1811 0.3252 0.0709, -1.1519 0.3632 0.0709, -1.1798 0.2363 0.0709, -1.1758 0.2268 0.0709, -1.1519 0.2084 0.0709, -1.1696 0.2186 0.0709, -1.1614 0.2124 0.0709, -1.1758 0.3449 0.0709, -1.1798 0.3354 0.0709, -1.1696 0.353 0.0709, -1.1614 0.3593 0.0709, 0.9052 0.1972 0.4646, 0.9256 0.1972 0.5406, 0.9053 0.1972 0.4645, 0.9447 0.1972 0.5327, 0.9054 0.1972 0.4645, 0.9611 0.1972 0.5201, 0.9055 0.1972 0.4644, 0.9737 0.1972 0.5037, 0.9055 0.1972 0.4643, 0.9816 0.1972 0.4847, 0.9055 -0.4917 0.4643, 0.9816 -0.4917 0.4847, 0.9055 -0.4917 0.4644, 0.9737 -0.4917 0.5037, 0.9054 -0.4917 0.4645, 0.9611 -0.4917 0.5201, 0.9053 -0.4917 0.4645, 0.9447 -0.4917 0.5327, 0.9052 -0.4917 0.4646, 0.9256 -0.4917 0.5406
            ]
        }
        coordIndex [
            0,1,2,-1,2,1,3,-1,2,3,4,-1,5,6,7,-1,7,6,8,-1,7,8,9,-1,10,11,9,-1,9,11,4,-1,9,4,7,-1,7,4,3,-1,12,13,14,-1,14,15,12,-1,12,15,16,-1,12,16,17,-1,18,19,20,-1,20,19,17,-1,20,17,21,-1,21,17,16,-1,21,16,22,-1,22,16,23,-1,19,18,24,-1,19,24,25,-1,25,24,26,-1,25,26,27,-1,27,26,28,-1,27,28,29,-1,29,28,30,-1,29,30,31,-1,31,30,32,-1,31,32,33,-1,33,32,34,-1,33,34,35,-1,14,13,36,-1,14,36,37,-1,37,36,38,-1,37,38,39,-1,39,38,40,-1,39,40,41,-1,41,40,42,-1,41,42,43,-1,43,42,44,-1,43,44,45,-1,45,44,46,-1,45,46,47,-1,48,49,50,-1,50,49,51,-1,50,51,52,-1,52,51,53,-1,52,53,54,-1,54,53,55,-1,54,55,56,-1,56,55,57,-1,56,57,58,-1,58,57,59,-1,58,59,5,-1,5,59,6,-1,60,61,62,-1,62,61,63,-1,62,63,64,-1,64,63,65,-1,64,65,66,-1,66,65,67,-1,66,67,68,-1,68,67,69,-1,68,69,70,-1,70,69,71,-1,70,71,0,-1,0,71,1,-1,72,73,74,-1,74,73,34,-1,75,76,77,-1,34,73,35,-1,35,73,78,-1,35,78,79,-1,72,74,77,-1,77,74,80,-1,77,80,75,-1,78,81,79,-1,79,81,82,-1,79,82,83,-1,83,82,84,-1,83,84,85,-1,86,87,88,-1,88,87,46,-1,88,89,90,-1,90,91,88,-1,88,91,92,-1,88,92,86,-1,46,87,47,-1,47,87,93,-1,47,93,94,-1,94,93,95,-1,94,95,96,-1,97,98,96,-1,96,98,99,-1,96,99,94,-1,100,48,101,-1,48,100,49,-1,49,100,102,-1,49,102,103,-1,103,102,104,-1,103,104,105,-1,106,107,105,-1,105,107,108,-1,105,108,103,-1,109,110,111,-1,111,110,112,-1,111,112,101,-1,101,112,113,-1,101,113,100,-1,114,115,116,-1,116,115,60,-1,117,118,119,-1,60,115,61,-1,61,115,120,-1,61,120,121,-1,121,120,122,-1,121,122,123,-1,123,124,121,-1,121,124,125,-1,121,125,126,-1,114,116,119,-1,119,116,127,-1,119,127,117,-1,102,100,73,-1,73,100,78,-1,120,115,87,-1,87,115,93,-1,20,8,18,-1,18,8,6,-1,2,15,0,-1,0,15,14,-1,11,23,4,-1,4,23,16,-1,22,10,21,-1,21,10,9,-1,128,129,130,-1,131,132,130,-1,130,132,133,-1,130,133,128,-1,128,133,134,-1,135,136,137,-1,138,139,137,-1,137,139,134,-1,137,134,135,-1,135,134,133,-1,140,141,142,-1,142,141,143,-1,144,145,143,-1,143,145,146,-1,147,148,146,-1,146,148,149,-1,146,149,143,-1,143,149,150,-1,143,150,142,-1,142,150,151,-1,140,142,132,-1,132,142,133,-1,151,150,135,-1,135,150,136,-1,129,128,144,-1,144,128,145,-1,152,153,154,-1,152,154,155,-1,155,154,156,-1,155,156,157,-1,157,156,158,-1,157,158,159,-1,159,158,160,-1,159,160,161,-1,161,160,162,-1,161,162,163,-1,163,162,164,-1,163,164,165,-1,166,167,168,-1,168,167,169,-1,168,169,170,-1,170,169,171,-1,170,171,172,-1,172,171,173,-1,172,173,174,-1,174,173,175,-1,174,175,176,-1,176,175,177,-1,176,177,178,-1,178,177,179,-1,180,165,181,-1,182,183,184,-1,181,165,183,-1,183,165,164,-1,183,164,184,-1,185,186,187,-1,188,189,190,-1,181,191,180,-1,180,191,188,-1,180,188,192,-1,192,188,190,-1,182,184,187,-1,187,184,193,-1,187,193,185,-1,194,195,196,-1,196,195,166,-1,197,198,199,-1,194,196,199,-1,199,196,200,-1,199,200,197,-1,166,195,167,-1,167,195,201,-1,167,201,202,-1,202,201,203,-1,202,203,204,-1,205,206,204,-1,204,206,207,-1,204,207,202,-1,181,183,195,-1,195,183,201,-1,208,209,210,-1,178,179,210,-1,210,179,211,-1,210,211,208,-1,212,213,214,-1,214,213,209,-1,214,209,215,-1,215,209,208,-1,215,208,216,-1,216,208,217,-1,218,219,220,-1,220,221,218,-1,218,221,222,-1,218,222,223,-1,153,152,224,-1,224,152,223,-1,224,223,225,-1,225,223,222,-1,225,222,226,-1,226,222,227,-1,153,224,179,-1,179,224,211,-1,137,149,138,-1,138,149,148,-1,146,134,147,-1,147,134,139,-1,149,137,150,-1,150,137,136,-1,134,146,128,-1,128,146,145,-1,138,148,228,-1,228,148,229,-1,228,229,230,-1,230,229,231,-1,230,231,232,-1,232,231,233,-1,232,233,234,-1,234,233,235,-1,234,235,236,-1,236,235,237,-1,236,237,226,-1,226,237,217,-1,227,216,238,-1,238,216,239,-1,238,239,240,-1,240,239,241,-1,240,241,242,-1,242,241,243,-1,242,243,244,-1,244,243,245,-1,244,245,246,-1,246,245,247,-1,246,247,139,-1,139,247,147,-1,148,147,247,-1,148,247,229,-1,229,247,245,-1,229,245,231,-1,231,245,243,-1,231,243,233,-1,233,243,241,-1,233,241,235,-1,235,241,239,-1,235,239,237,-1,237,239,216,-1,237,216,217,-1,226,227,236,-1,236,227,238,-1,236,238,234,-1,234,238,240,-1,234,240,232,-1,232,240,242,-1,232,242,230,-1,230,242,244,-1,230,244,228,-1,228,244,246,-1,228,246,138,-1,138,246,139,-1,216,227,215,-1,215,227,222,-1,226,217,225,-1,225,217,208,-1,208,211,225,-1,225,211,224,-1,222,221,215,-1,215,221,214,-1,214,221,212,-1,212,221,220,-1,212,220,248,-1,248,220,249,-1,248,249,250,-1,250,249,251,-1,250,251,252,-1,252,251,253,-1,252,253,254,-1,254,253,255,-1,254,255,256,-1,256,255,257,-1,256,257,258,-1,258,257,259,-1,167,164,169,-1,169,164,162,-1,169,162,171,-1,171,162,160,-1,171,160,173,-1,173,160,158,-1,173,158,175,-1,175,158,156,-1,175,156,177,-1,177,156,154,-1,177,154,179,-1,179,154,153,-1,220,219,260,-1,220,260,249,-1,249,260,261,-1,249,261,251,-1,251,261,262,-1,251,262,253,-1,253,262,263,-1,253,263,255,-1,255,263,264,-1,255,264,257,-1,257,264,265,-1,257,265,259,-1,258,266,256,-1,256,266,267,-1,256,267,254,-1,254,267,268,-1,254,268,252,-1,252,268,269,-1,252,269,250,-1,250,269,270,-1,250,270,248,-1,248,270,271,-1,248,271,212,-1,212,271,213,-1,184,164,202,-1,202,164,167,-1,272,258,273,-1,273,258,259,-1,274,273,275,-1,275,273,259,-1,275,259,276,-1,276,259,265,-1,276,265,277,-1,278,279,280,-1,278,280,275,-1,275,280,281,-1,275,281,274,-1,282,283,284,-1,284,283,285,-1,284,285,277,-1,277,285,286,-1,277,286,276,-1,287,266,288,-1,288,266,289,-1,266,258,289,-1,289,258,272,-1,289,272,290,-1,288,291,287,-1,287,291,292,-1,287,292,293,-1,293,292,294,-1,293,294,295,-1,296,297,298,-1,298,297,289,-1,298,289,299,-1,299,289,290,-1,288,289,276,-1,276,289,275,-1,218,223,209,-1,209,223,210,-1,210,223,178,-1,178,223,152,-1,178,152,176,-1,176,152,155,-1,176,155,174,-1,174,155,157,-1,174,157,172,-1,172,157,159,-1,172,159,170,-1,170,159,161,-1,170,161,168,-1,168,161,163,-1,168,163,166,-1,166,163,165,-1,166,165,196,-1,196,165,180,-1,287,277,266,-1,266,277,265,-1,266,265,267,-1,267,265,264,-1,267,264,268,-1,268,264,263,-1,268,263,269,-1,269,263,262,-1,269,262,270,-1,270,262,261,-1,270,261,271,-1,271,261,260,-1,271,260,213,-1,213,260,219,-1,213,219,209,-1,209,219,218,-1,130,143,131,-1,131,143,141,-1,144,143,129,-1,129,143,130,-1,142,151,133,-1,133,151,135,-1,131,141,300,-1,300,141,301,-1,300,301,302,-1,302,301,303,-1,302,303,304,-1,304,303,305,-1,304,305,306,-1,306,305,307,-1,306,307,308,-1,308,307,309,-1,308,309,22,-1,22,309,10,-1,23,11,310,-1,310,11,311,-1,310,311,312,-1,312,311,313,-1,312,313,314,-1,314,313,315,-1,314,315,316,-1,316,315,317,-1,316,317,318,-1,318,317,319,-1,318,319,132,-1,132,319,140,-1,141,140,319,-1,141,319,301,-1,301,319,317,-1,301,317,303,-1,303,317,315,-1,303,315,305,-1,305,315,313,-1,305,313,307,-1,307,313,311,-1,307,311,309,-1,309,311,11,-1,309,11,10,-1,22,23,308,-1,308,23,310,-1,308,310,306,-1,306,310,312,-1,306,312,304,-1,304,312,314,-1,304,314,302,-1,302,314,316,-1,302,316,300,-1,300,316,318,-1,300,318,131,-1,131,318,132,-1,9,8,21,-1,21,8,20,-1,16,15,4,-1,4,15,2,-1,0,14,70,-1,70,14,37,-1,70,37,68,-1,68,37,39,-1,68,39,66,-1,66,39,41,-1,66,41,64,-1,64,41,43,-1,64,43,62,-1,62,43,45,-1,62,45,60,-1,60,45,47,-1,49,34,51,-1,51,34,32,-1,51,32,53,-1,53,32,30,-1,53,30,55,-1,55,30,28,-1,55,28,57,-1,57,28,26,-1,57,26,59,-1,59,26,24,-1,59,24,6,-1,6,24,18,-1,74,34,103,-1,103,34,49,-1,116,60,94,-1,94,60,47,-1,17,7,12,-1,12,7,3,-1,7,17,5,-1,5,17,19,-1,5,19,58,-1,58,19,25,-1,58,25,56,-1,56,25,27,-1,56,27,54,-1,54,27,29,-1,54,29,52,-1,52,29,31,-1,52,31,50,-1,50,31,33,-1,50,33,48,-1,48,33,35,-1,48,35,101,-1,101,35,79,-1,121,88,61,-1,61,88,46,-1,61,46,63,-1,63,46,44,-1,63,44,65,-1,65,44,42,-1,65,42,67,-1,67,42,40,-1,67,40,69,-1,69,40,38,-1,69,38,71,-1,71,38,36,-1,71,36,1,-1,1,36,13,-1,1,13,3,-1,3,13,12,-1,196,180,192,-1,196,192,200,-1,200,192,190,-1,200,190,197,-1,197,190,189,-1,197,189,198,-1,198,189,188,-1,198,188,199,-1,199,188,191,-1,199,191,194,-1,194,191,181,-1,194,181,195,-1,184,202,207,-1,184,207,193,-1,193,207,206,-1,193,206,185,-1,185,206,205,-1,185,205,186,-1,186,205,204,-1,186,204,187,-1,187,204,203,-1,187,203,182,-1,182,203,201,-1,182,201,183,-1,277,287,293,-1,277,293,284,-1,284,293,295,-1,284,295,282,-1,282,295,294,-1,282,294,283,-1,283,294,292,-1,283,292,285,-1,285,292,291,-1,285,291,286,-1,286,291,288,-1,286,288,276,-1,275,289,297,-1,275,297,278,-1,278,297,296,-1,278,296,279,-1,279,296,298,-1,279,298,280,-1,280,298,299,-1,280,299,281,-1,281,299,290,-1,281,290,274,-1,274,290,272,-1,274,272,273,-1,74,103,108,-1,74,108,80,-1,80,108,107,-1,80,107,75,-1,75,107,106,-1,75,106,76,-1,76,106,105,-1,76,105,77,-1,77,105,104,-1,77,104,72,-1,72,104,102,-1,72,102,73,-1,101,79,83,-1,101,83,111,-1,111,83,85,-1,111,85,109,-1,109,85,84,-1,109,84,110,-1,110,84,82,-1,110,82,112,-1,112,82,81,-1,112,81,113,-1,113,81,78,-1,113,78,100,-1,88,121,126,-1,88,126,89,-1,89,126,125,-1,89,125,90,-1,90,125,124,-1,90,124,91,-1,91,124,123,-1,91,123,92,-1,92,123,122,-1,92,122,86,-1,86,122,120,-1,86,120,87,-1,93,115,114,-1,93,114,95,-1,95,114,119,-1,95,119,96,-1,96,119,118,-1,96,118,97,-1,97,118,117,-1,97,117,98,-1,98,117,127,-1,98,127,99,-1,99,127,116,-1,99,116,94,-1,
        ]
    }
}
Shape{
    appearance Appearance {
        material  Material 	{
            diffuseColor 0.2235294117647059 0.2235294117647059 0.2235294117647059
            specularColor 0.11372549019607843 0.11372549019607843 0.11372549019607843
            ambientIntensity 0.2235
            transparency 0.0
            shininess 0.5
        }
    }
    geometry IndexedFaceSet {
        ccw TRUE
        solid FALSE
        coord DEF co Coordinate {
            point [
                -0.7085 0.3941 0.2702, -0.7085 0.3941 0.3751, -0.3585 0.3941 0.3751, -0.086 0.3941 0.3744, -0.0922 0.3941 0.3751, -0.0603 0.3941 0.3751, -0.0555 0.3941 0.3751, -0.0555 0.3941 0.4646, 0.0216 0.3941 0.4646, -0.1472 0.3941 0.1669, -0.1452 0.3941 0.1667, -0.1646 0.3941 0.1667, 0.1228 0.3941 0.3448, 0.1107 0.3941 0.3214, 0.0216 0.3941 0.3751, 0.1056 0.3941 0.3195, 0.0889 0.3941 0.3106, 0.1669 0.3941 0.3834, 0.1546 0.3941 0.3751, 0.1415 0.3941 0.3663, 0.285 0.3941 0.3751, 0.2734 0.3941 0.3823, 0.8268 0.3941 0.4646, 0.2471 0.3941 0.3925, 0.2189 0.3941 0.3959, 0.1954 0.3941 0.3935, 0.9843 0.3941 0.3751, 0.9843 0.3941 0.3661, 0.9055 0.3941 0.3661, 0.9792 0.3941 0.4696, 0.9843 0.3941 0.4646, 0.2872 0.3941 0.3737, 0.4046 0.3941 0.3048, 0.3908 0.3941 0.3225, 0.3479 0.3941 0.347, 0.3254 0.3941 0.3498, 0.3006 0.3941 0.3623, 0.3188 0.3941 0.3495, 0.3123 0.3941 0.3487, 0.387 0.3941 0.3261, 0.369 0.3941 0.3388, 0.376 0.3941 0.1805, 0.3937 0.3941 0.1956, 0.9055 0.3941 0.1667, 0.3554 0.3941 0.1704, 0.4066 0.3941 0.214, 0.4148 0.3941 0.2352, 0.9055 0.3941 0.2702, 0.4176 0.3941 0.2576, 0.4174 0.3941 0.2629, 0.4161 0.3941 0.2702, 0.4136 0.3941 0.2843, 0.3176 0.3941 0.135, 0.3229 0.3941 0.1372, 0.334 0.3941 0.1456, 0.3481 0.3941 0.1682, 0.3474 0.3941 0.1667, 0.3424 0.3941 0.1561, 0.9055 0.3941 0.0, 0.4724 0.3941 0.0, 0.9055 0.3941 0.135, 0.4724 0.3941 0.0512, 0.315 0.3941 0.0, 0.0787 0.3941 0.0, 0.315 0.3941 0.0512, 0.0787 0.3941 0.0512, 0.2803 0.3941 0.1312, 0.294 0.3941 0.1295, 0.2963 0.3941 0.1296, 0.3097 0.3941 0.1317, 0.2407 0.3941 0.1667, 0.2407 0.3941 0.1666, 0.0216 0.3941 0.135, 0.2474 0.3941 0.1539, 0.2563 0.3941 0.144, 0.2676 0.3941 0.1361, 0.2705 0.3941 0.135, 0.2514 0.3941 0.2246, 0.1751 0.3941 0.2644, 0.2613 0.3941 0.2336, 0.2733 0.3941 0.2401, 0.0739 0.3941 0.2971, 0.0628 0.3941 0.2805, 0.0216 0.3941 0.2702, 0.059 0.3941 0.2702, 0.0564 0.3941 0.263, 0.0932 0.3941 0.1781, 0.1108 0.3941 0.1703, 0.0216 0.3941 0.1667, 0.1272 0.3941 0.1671, 0.1702 0.3941 0.1706, 0.1732 0.3941 0.1735, 0.0899 0.3941 0.2511, 0.0926 0.3941 0.262, 0.097 0.3941 0.2702, 0.3803 0.3941 0.2702, 0.171 0.3941 0.1982, 0.1674 0.3941 0.2006, 0.1574 0.3941 0.2343, 0.1635 0.3941 0.202, 0.0655 0.3941 0.2061, 0.0754 0.3941 0.1927, 0.0781 0.3941 0.19, 0.1608 0.3941 0.1671, 0.1624 0.3941 0.1673, 0.1662 0.3941 0.1683, 0.3771 0.3941 0.2364, 0.3701 0.3941 0.2244, 0.3412 0.3941 0.2187, 0.3599 0.3941 0.2139, 0.3476 0.3941 0.2064, 0.3202 0.3941 0.2375, 0.3318 0.3941 0.2294, 0.3817 0.3941 0.2587, 0.3811 0.3941 0.2504, 0.0544 0.3941 0.2468, 0.0545 0.3941 0.2424, 0.0577 0.3941 0.2238, 0.3076 0.3941 0.2423, 0.294 0.3941 0.2439, 0.2871 0.3941 0.2435, 0.1773 0.3941 0.1847, 0.1772 0.3941 0.1867, 0.2371 0.3941 0.1921, 0.1762 0.3941 0.1911, 0.174 0.3941 0.195, 0.1597 0.3941 0.2024, 0.1591 0.3941 0.2023, 0.1574 0.3941 0.202, 0.1756 0.3941 0.1771, 0.1769 0.3941 0.181, 0.2374 0.3941 0.1807, 0.2371 0.3941 0.1864, 0.1012 0.3941 0.2161, 0.095 0.3941 0.225, 0.091 0.3941 0.2352, 0.0897 0.3941 0.2462, 0.1563 0.3941 0.2018, 0.1307 0.3941 0.2018, 0.1205 0.3941 0.2037, 0.1105 0.3941 0.2084, 0.102 0.3941 0.2152, 0.2946 0.3941 0.3071, 0.2989 0.3941 0.3094, 0.3116 0.3941 0.3141, 0.2875 0.3941 0.3226, 0.1386 0.3941 0.2906, 0.1341 0.3941 0.2906, 0.0979 0.3941 0.2719, 0.1045 0.3941 0.2793, 0.1134 0.3941 0.2855, 0.1233 0.3941 0.2893, 0.1674 0.3941 0.3434, 0.1398 0.3941 0.2979, 0.1577 0.3941 0.3339, 0.1465 0.3941 0.3171, 0.2183 0.3941 0.3618, 0.2226 0.3941 0.3617, 0.2415 0.3941 0.3585, 0.1837 0.3941 0.3539, 0.2018 0.3941 0.36, 0.3446 0.3941 0.3121, 0.3573 0.3941 0.3054, 0.3306 0.3941 0.3154, 0.3673 0.3941 0.2965, 0.3752 0.3941 0.2852, 0.2599 0.3941 0.3504, 0.2754 0.3941 0.3382, 0.3248 0.3941 0.3157, 0.38 0.3941 0.2725, -0.276 0.3941 0.1765, -0.276 0.3941 0.1674, -0.2836 0.3941 0.1667, -0.2583 0.3941 0.1667, -0.2742 0.3941 0.2382, -0.2836 0.3941 0.2702, -0.2583 0.3941 0.1765, -0.2719 0.3941 0.2034, -0.2719 0.3941 0.2126, -0.2583 0.3941 0.2126, -0.2583 0.3941 0.2034, -0.2433 0.3941 0.2034, -0.2433 0.3941 0.1765, -0.2583 0.3941 0.2382, -0.2433 0.3941 0.2382, -0.2433 0.3941 0.2126, -0.2583 0.3941 0.1674, -0.2329 0.3941 0.1674, -0.1993 0.3941 0.1667, -0.2221 0.3941 0.2246, -0.1934 0.3941 0.1816, -0.1946 0.3941 0.1769, -0.1949 0.3941 0.1769, -0.1833 0.3941 0.2702, -0.2329 0.3941 0.2474, -0.2583 0.3941 0.2702, -0.2583 0.3941 0.2474, -0.2742 0.3941 0.2474, -0.1954 0.3941 0.1788, -0.1961 0.3941 0.1815, -0.1833 0.3941 0.2106, -0.2117 0.3941 0.2246, -0.1132 0.3941 0.2702, -0.1132 0.3941 0.1667, -0.1234 0.3941 0.1797, -0.1234 0.3941 0.1694, -0.127 0.3941 0.1775, -0.128 0.3941 0.1771, -0.128 0.3941 0.1983, -0.1263 0.3941 0.2001, -0.125 0.3941 0.2022, -0.1239 0.3941 0.2052, -0.1235 0.3941 0.2091, -0.1239 0.3941 0.2127, -0.1279 0.3941 0.1984, -0.128 0.3941 0.1677, -0.128 0.3941 0.1667, -0.1304 0.3941 0.1669, -0.1325 0.3941 0.1667, -0.1389 0.3941 0.166, -0.128 0.3941 0.135, -0.1593 0.3941 0.2233, -0.1593 0.3941 0.2136, -0.1299 0.3941 0.2213, -0.1323 0.3941 0.2228, -0.128 0.3941 0.2702, -0.1616 0.3941 0.1789, -0.1603 0.3941 0.1758, -0.1585 0.3941 0.1731, -0.1251 0.3941 0.2159, -0.1269 0.3941 0.2187, -0.128 0.3941 0.2197, -0.1376 0.3941 0.2249, -0.1457 0.3941 0.2259, -0.1646 0.3941 0.2702, -0.1528 0.3941 0.2252, -0.1587 0.3941 0.1924, -0.1605 0.3941 0.1897, -0.1616 0.3941 0.1867, -0.162 0.3941 0.1829, -0.1556 0.3941 0.1706, -0.1527 0.3941 0.1688, -0.1447 0.3941 0.2177, -0.1418 0.3941 0.2175, -0.1338 0.3941 0.21, -0.1391 0.3941 0.2168, -0.1368 0.3941 0.2156, -0.1339 0.3941 0.2087, -0.1343 0.3941 0.2071, -0.135 0.3941 0.2058, -0.136 0.3941 0.2047, -0.1395 0.3941 0.2025, -0.1518 0.3941 0.2169, -0.1457 0.3941 0.1998, -0.1575 0.3941 0.2147, -0.1496 0.3941 0.1982, -0.1563 0.3941 0.1945, -0.1353 0.3941 0.2143, -0.1345 0.3941 0.213, -0.134 0.3941 0.2116, -0.1333 0.3941 0.175, -0.1386 0.3941 0.1925, -0.1327 0.3941 0.1952, -0.1399 0.3941 0.1742, -0.1403 0.3941 0.1742, -0.1452 0.3941 0.1897, -0.1455 0.3941 0.1748, -0.1517 0.3941 0.1819, -0.1516 0.3941 0.1832, -0.1481 0.3941 0.1757, -0.149 0.3941 0.1763, -0.1501 0.3941 0.1773, -0.151 0.3941 0.1786, -0.1515 0.3941 0.18, -0.1512 0.3941 0.1848, -0.1504 0.3941 0.1861, -0.1491 0.3941 0.1874, -0.313 0.3941 0.3163, -0.2836 0.3941 0.3163, -0.3211 0.3941 0.2944, -0.3325 0.3941 0.2944, -0.3585 0.3941 0.2702, -0.302 0.3941 0.3745, -0.2605 0.3941 0.2944, -0.2719 0.3941 0.2944, -0.2796 0.3941 0.3163, -0.1646 0.3941 0.3751, -0.1739 0.3941 0.3745, -0.1833 0.3941 0.3751, -0.1739 0.3941 0.3653, -0.1716 0.3941 0.3396, -0.1716 0.3941 0.3305, -0.143 0.3941 0.3305, -0.143 0.3941 0.3035, -0.1646 0.3941 0.3035, -0.1646 0.3941 0.3653, -0.1646 0.3941 0.3396, -0.143 0.3941 0.3653, -0.143 0.3941 0.3396, -0.1327 0.3941 0.2944, -0.1646 0.3941 0.2944, -0.1757 0.3941 0.2944, -0.1757 0.3941 0.3035, -0.1646 0.3941 0.3305, -0.128 0.3941 0.3751, -0.1327 0.3941 0.3745, -0.1646 0.3941 0.3745, -0.0555 0.3941 0.135, -0.0555 0.3941 0.0512, -0.0603 0.3941 0.0512, 0.0216 0.3941 0.0512, 0.8268 0.3941 0.4696, 0.8268 0.3941 0.5433, 0.9055 0.3941 0.5433, -0.0603 0.3941 0.4646, -0.1132 0.3941 0.4646, -0.0977 0.3941 0.3758, -0.0979 0.3941 0.3758, -0.8268 0.3941 0.4646, -0.7085 0.3941 0.4646, -0.3585 0.3941 0.4646, -0.2836 0.3941 0.4646, -0.2836 0.3941 0.3751, -0.2583 0.3941 0.4646, -0.2583 0.3941 0.3751, -0.1833 0.3941 0.4646, -0.1646 0.3941 0.4646, -0.128 0.3941 0.4646, -0.1132 0.3941 0.3751, -0.1061 0.3941 0.3751, -0.9843 0.3941 0.3751, -0.9843 0.3941 0.4646, -0.8268 0.3941 0.4696, -0.9792 0.3941 0.4696, -0.9055 0.3941 0.5433, -0.8268 0.3941 0.5433, -0.9843 0.3941 0.3661, -0.9055 0.3941 0.3661, -0.9055 0.3941 0.2702, -0.9055 0.3941 0.1667, -0.7085 0.3941 0.1667, -0.9055 0.3941 0.135, -0.7085 0.3941 0.135, -0.9055 0.3941 0.0, -0.7085 0.3941 0.0, -0.4724 0.3941 0.0, -0.4724 0.3941 0.0512, -0.3585 0.3941 0.0512, -0.3585 0.3941 0.135, -0.315 0.3941 0.0512, -0.2836 0.3941 0.135, -0.1132 0.3941 0.2964, -0.1153 0.3941 0.297, -0.1166 0.3941 0.2977, -0.1166 0.3941 0.3076, -0.0998 0.3941 0.3024, -0.1088 0.3941 0.3041, -0.1132 0.3941 0.3632, -0.1132 0.3941 0.3061, -0.1158 0.3941 0.3622, -0.1166 0.3941 0.3617, -0.0769 0.3941 0.3092, -0.0822 0.3941 0.3055, -0.1076 0.3941 0.3653, -0.0749 0.3941 0.3565, -0.0712 0.3941 0.3508, -0.0686 0.3941 0.3437, -0.0978 0.3941 0.3665, -0.0947 0.3941 0.3664, -0.076 0.3941 0.3576, -0.0877 0.3941 0.365, -0.0814 0.3941 0.3621, -0.0675 0.3941 0.3335, -0.0676 0.3941 0.3306, -0.0689 0.3941 0.3226, -0.0878 0.3941 0.3032, -0.096 0.3941 0.3023, -0.0715 0.3941 0.3161, -0.0754 0.3941 0.3107, -0.1084 0.3941 0.375, -0.1132 0.3941 0.3735, -0.1166 0.3941 0.3725, -0.0603 0.3941 0.3513, -0.0624 0.3941 0.3564, -0.0683 0.3941 0.364, -0.0701 0.3941 0.3658, -0.0776 0.3941 0.3711, -0.0586 0.3941 0.3475, -0.0603 0.3941 0.3146, -0.058 0.3941 0.321, -0.0555 0.3941 0.2702, -0.0567 0.3941 0.3329, -0.0568 0.3941 0.3371, -0.081 0.3941 0.2951, -0.0734 0.3941 0.2986, -0.0603 0.3941 0.2702, -0.067 0.3941 0.304, -0.0657 0.3941 0.3054, -0.0611 0.3941 0.3124, -0.1067 0.3941 0.2942, -0.0945 0.3941 0.293, -0.0897 0.3941 0.2933, -0.0679 0.3941 0.1946, -0.0694 0.3941 0.2108, -0.0659 0.3941 0.1917, -0.0645 0.3941 0.1882, -0.0603 0.3941 0.1667, -0.0655 0.3941 0.1749, -0.0643 0.3941 0.1784, -0.0951 0.3941 0.2253, -0.0993 0.3941 0.2241, -0.0998 0.3941 0.1762, -0.0995 0.3941 0.1762, -0.0998 0.3941 0.1674, -0.0972 0.3941 0.1729, -0.0939 0.3941 0.1697, -0.071 0.3941 0.1973, -0.0752 0.3941 0.1995, -0.0764 0.3941 0.2152, -0.0828 0.3941 0.2013, -0.0827 0.3941 0.2172, -0.0718 0.3941 0.1684, -0.0688 0.3941 0.1705, -0.0673 0.3941 0.1721, -0.1027 0.3941 0.2222, -0.1054 0.3941 0.2196, -0.1074 0.3941 0.2164, -0.0694 0.3941 0.2205, -0.0714 0.3941 0.2217, -0.0789 0.3941 0.2246, -0.0891 0.3941 0.2259, -0.0998 0.3941 0.2037, -0.0995 0.3941 0.2077, -0.0985 0.3941 0.2115, -0.0639 0.3941 0.1827, -0.0639 0.3941 0.1839, -0.0974 0.3941 0.2136, -0.0959 0.3941 0.2152, -0.0942 0.3941 0.2164, -0.0919 0.3941 0.2173, -0.0882 0.3941 0.2177, -0.109 0.3941 0.2119, -0.1098 0.3941 0.2042, -0.1098 0.3941 0.1674, -0.082 0.3941 0.166, -0.0603 0.3941 0.135, -0.0876 0.3941 0.1667, -0.1132 0.3941 0.135, -0.0876 0.3941 0.1667, -0.0802 0.3941 0.1661, -0.0764 0.3941 0.1667, -0.0755 0.3941 0.1668, -0.1833 0.3941 0.1667, -0.1833 0.3941 0.1837, -0.1672 0.3941 0.2246, -0.1785 0.3941 0.2246, -0.1897 0.3941 0.1675, -0.1893 0.3941 0.1667, -0.1853 0.3941 0.1571, -0.1646 0.3941 0.135, -0.1693 0.3941 0.1413, -0.1693 0.3941 0.1502, -0.1814 0.3941 0.1513, -0.1832 0.3941 0.1534, -0.1833 0.3941 0.1535, -0.1715 0.3941 0.1495, -0.175 0.3941 0.149, -0.1833 0.3941 0.1422, -0.1797 0.3941 0.1409, -0.1833 0.3941 0.135, -0.1758 0.3941 0.1404, -0.1723 0.3941 0.1406, -0.1777 0.3941 0.1494, -0.1798 0.3941 0.1502, -0.1962 0.3941 0.1587, -0.192 0.3941 0.1504, -0.2583 0.3941 0.135, -0.1883 0.3941 0.1458, -0.1872 0.3941 0.1448, -0.1837 0.3941 0.1423, -0.3722 0.3941 0.1674, -0.3608 0.3941 0.1674, -0.3585 0.3941 0.1667, -0.4214 0.3941 0.1674, -0.4132 0.3941 0.1893, -0.3799 0.3941 0.1893, -0.3913 0.3941 0.2474, -0.4023 0.3941 0.2474, -0.4328 0.3941 0.1674, -0.291 0.3941 0.3745, -0.2836 0.3941 0.355, -0.3542 0.3941 0.194, -0.3502 0.3941 0.1857, -0.3442 0.3941 0.1786, -0.3428 0.3941 0.1773, -0.335 0.3941 0.1721, -0.3257 0.3941 0.1688, -0.3132 0.3941 0.1674, -0.2911 0.3941 0.1674, -0.2911 0.3941 0.2474, -0.314 0.3941 0.2474, -0.3262 0.3941 0.2461, -0.3359 0.3941 0.2426, -0.3442 0.3941 0.2368, -0.347 0.3941 0.2342, -0.352 0.3941 0.2272, -0.3549 0.3941 0.2196, -0.3563 0.3941 0.2084, -0.3561 0.3941 0.2034, -0.1909 0.3941 0.2944, -0.2558 0.3941 0.3304, -0.2539 0.3941 0.321, -0.2517 0.3941 0.3542, -0.2547 0.3941 0.3466, -0.256 0.3941 0.3355, -0.2499 0.3941 0.3127, -0.244 0.3941 0.3056, -0.2426 0.3941 0.3044, -0.2347 0.3941 0.2992, -0.2254 0.3941 0.2958, -0.2129 0.3941 0.2944, -0.1909 0.3941 0.3745, -0.2137 0.3941 0.3745, -0.2259 0.3941 0.3731, -0.2356 0.3941 0.3696, -0.244 0.3941 0.3639, -0.2467 0.3941 0.3612, -0.1646 0.3941 0.0, -0.1833 0.3941 0.0, -0.2583 0.3941 0.0, -0.2836 0.3941 0.0, -0.315 0.3941 0.0, -0.1132 0.3941 0.0, -0.128 0.3941 0.0, -0.0916 0.3941 0.1682, -0.0555 0.3941 0.1667, -0.0524 0.3941 0.2382, -0.0543 0.3941 0.1765, -0.0543 0.3941 0.1674, -0.0112 0.3941 0.1674, -0.0787 0.3941 0.0, -0.0787 0.3941 0.0512, -0.0112 0.3941 0.2474, -0.0524 0.3941 0.2474, -0.0215 0.3941 0.2034, -0.0215 0.3941 0.1765, -0.0502 0.3941 0.2034, -0.0502 0.3941 0.2126, -0.0215 0.3941 0.2126, -0.0215 0.3941 0.2382, -0.0215 0.3941 0.3745, -0.0215 0.3941 0.3035, -0.0534 0.3941 0.3035, -0.0534 0.3941 0.2944, -0.0112 0.3941 0.2944, -0.0112 0.3941 0.3745, -0.8268 -0.6886 0.4646, -0.8268 -0.6886 0.5433, -0.9055 -0.6886 0.5433, -0.5548 -0.6886 0.2677, -0.5548 -0.6886 0.4646, -0.9843 -0.6886 0.4646, -0.9843 -0.6886 0.3661, -0.9055 -0.6886 0.3661, 0.9055 -0.6886 0.3661, 0.9843 -0.6886 0.3661, 0.8268 -0.6886 0.4646, 0.9843 -0.6886 0.4646, 0.8268 -0.6886 0.5433, 0.9055 -0.6886 0.5433, 0.4921 -0.6886 0.4646, 0.4921 -0.6886 0.2677, 0.9055 -0.6886 0.0, -0.043 -0.6886 0.2677, -0.9055 -0.6886 0.0, -0.043 -0.5705 0.2677, 0.4921 -0.5705 0.2677, -0.043 -0.5705 0.4646, 0.4921 -0.5705 0.4646
            ]
        }
        coordIndex [
            0,1,2,-1,3,4,5,-1,6,7,8,-1,9,10,11,-1,12,13,14,-1,14,13,15,-1,14,15,16,-1,17,18,14,-1,14,18,19,-1,14,19,12,-1,20,21,22,-1,21,23,22,-1,22,23,24,-1,22,24,8,-1,8,24,25,-1,26,27,28,-1,29,30,22,-1,22,30,26,-1,22,26,20,-1,20,26,28,-1,20,28,31,-1,28,32,33,-1,28,34,31,-1,31,34,35,-1,31,35,36,-1,36,35,37,-1,36,37,38,-1,33,39,28,-1,28,39,40,-1,28,40,34,-1,41,42,43,-1,41,43,44,-1,42,45,43,-1,43,45,46,-1,43,46,47,-1,47,46,48,-1,48,49,47,-1,47,49,50,-1,47,50,28,-1,28,50,51,-1,28,51,32,-1,52,53,43,-1,43,53,54,-1,55,44,56,-1,56,44,43,-1,56,43,57,-1,57,43,54,-1,58,59,60,-1,60,59,61,-1,62,63,64,-1,64,63,65,-1,64,66,67,-1,67,68,64,-1,64,68,69,-1,64,69,61,-1,61,69,52,-1,61,52,60,-1,60,52,43,-1,70,71,72,-1,72,71,73,-1,73,74,72,-1,72,74,75,-1,72,75,76,-1,77,78,79,-1,79,78,80,-1,16,81,14,-1,14,81,82,-1,14,82,83,-1,83,82,84,-1,83,84,85,-1,86,87,88,-1,88,87,89,-1,70,90,91,-1,92,93,78,-1,78,93,94,-1,78,94,95,-1,96,97,98,-1,98,97,99,-1,100,101,88,-1,88,101,102,-1,88,102,86,-1,103,104,70,-1,70,104,105,-1,70,105,90,-1,106,107,108,-1,108,107,109,-1,108,109,110,-1,111,95,112,-1,112,95,113,-1,112,113,108,-1,108,113,114,-1,108,114,106,-1,85,115,83,-1,83,115,116,-1,83,116,88,-1,88,116,117,-1,88,117,100,-1,111,118,95,-1,95,118,119,-1,95,119,78,-1,78,119,120,-1,78,120,80,-1,121,122,123,-1,123,122,124,-1,123,124,98,-1,98,124,125,-1,98,125,96,-1,99,126,98,-1,98,126,127,-1,98,127,128,-1,91,129,70,-1,70,129,130,-1,70,130,131,-1,131,130,121,-1,131,121,132,-1,132,121,123,-1,133,134,98,-1,98,134,135,-1,98,135,78,-1,78,135,136,-1,78,136,92,-1,128,137,98,-1,98,137,138,-1,98,138,139,-1,139,140,98,-1,98,140,141,-1,98,141,133,-1,94,142,95,-1,95,142,143,-1,95,143,144,-1,145,142,146,-1,146,142,94,-1,146,94,147,-1,147,94,148,-1,148,149,147,-1,147,149,150,-1,147,150,151,-1,152,153,154,-1,154,153,155,-1,153,156,146,-1,146,156,157,-1,146,157,158,-1,152,159,153,-1,153,159,160,-1,153,160,156,-1,161,162,163,-1,163,162,164,-1,163,164,165,-1,158,166,146,-1,146,166,167,-1,146,167,145,-1,144,168,95,-1,95,168,163,-1,95,163,169,-1,169,163,165,-1,170,171,172,-1,172,171,173,-1,174,172,175,-1,176,170,177,-1,177,170,172,-1,177,172,178,-1,178,172,174,-1,178,174,179,-1,177,180,176,-1,176,180,181,-1,176,181,182,-1,174,183,179,-1,179,183,184,-1,179,184,185,-1,171,186,173,-1,173,186,187,-1,173,187,188,-1,188,187,189,-1,190,191,192,-1,193,194,195,-1,195,194,196,-1,195,196,175,-1,175,196,197,-1,175,197,174,-1,192,198,190,-1,190,198,199,-1,190,199,200,-1,200,199,201,-1,200,201,193,-1,193,201,189,-1,193,189,194,-1,194,189,187,-1,202,203,204,-1,204,203,205,-1,206,207,208,-1,209,210,204,-1,210,211,204,-1,204,211,212,-1,204,212,202,-1,202,212,213,-1,206,208,204,-1,204,208,214,-1,204,214,209,-1,215,216,217,-1,217,216,218,-1,219,218,220,-1,220,218,216,-1,220,216,203,-1,203,216,215,-1,203,215,205,-1,221,222,11,-1,223,224,225,-1,226,227,11,-1,11,227,228,-1,213,229,202,-1,202,229,230,-1,202,230,225,-1,225,230,231,-1,225,231,223,-1,224,232,225,-1,225,232,233,-1,225,233,234,-1,234,233,235,-1,234,235,221,-1,236,237,222,-1,222,237,238,-1,222,238,11,-1,11,238,239,-1,11,239,226,-1,228,240,11,-1,11,240,241,-1,11,241,9,-1,242,243,244,-1,244,243,245,-1,244,245,246,-1,244,247,242,-1,242,247,248,-1,242,248,249,-1,249,250,242,-1,242,250,251,-1,242,251,252,-1,252,251,253,-1,252,253,254,-1,254,253,255,-1,254,255,222,-1,222,255,256,-1,222,256,236,-1,257,258,246,-1,246,258,259,-1,246,259,244,-1,260,261,207,-1,207,261,262,-1,207,262,208,-1,260,263,261,-1,261,263,264,-1,261,264,265,-1,265,264,266,-1,265,267,268,-1,266,269,265,-1,265,269,270,-1,265,270,271,-1,271,272,265,-1,265,272,273,-1,265,273,267,-1,268,274,265,-1,265,274,275,-1,265,275,276,-1,277,278,279,-1,279,278,175,-1,279,175,280,-1,280,175,281,-1,280,281,282,-1,283,195,284,-1,284,195,175,-1,284,175,285,-1,285,175,278,-1,286,287,288,-1,288,287,289,-1,290,291,193,-1,292,293,294,-1,289,295,296,-1,296,295,297,-1,296,297,298,-1,299,225,300,-1,300,225,234,-1,300,234,301,-1,301,234,193,-1,301,193,302,-1,302,193,291,-1,302,291,294,-1,294,291,303,-1,294,303,292,-1,304,305,286,-1,286,305,306,-1,286,306,287,-1,307,308,309,-1,66,64,76,-1,76,64,65,-1,76,65,72,-1,72,65,310,-1,72,310,308,-1,22,311,29,-1,29,311,312,-1,29,312,313,-1,7,5,314,-1,314,5,4,-1,314,4,315,-1,315,4,316,-1,315,316,317,-1,318,319,1,-1,1,319,320,-1,1,320,2,-1,2,320,321,-1,2,321,322,-1,322,321,323,-1,322,323,324,-1,324,323,325,-1,324,325,288,-1,288,325,326,-1,288,326,286,-1,286,326,327,-1,286,327,304,-1,304,327,315,-1,304,315,328,-1,328,315,317,-1,328,317,329,-1,1,330,318,-1,318,330,331,-1,318,331,332,-1,331,333,332,-1,332,333,334,-1,332,334,335,-1,336,330,337,-1,337,330,1,-1,337,1,338,-1,338,1,0,-1,338,0,339,-1,339,0,340,-1,341,342,343,-1,343,342,344,-1,345,344,346,-1,346,344,342,-1,346,342,347,-1,347,342,348,-1,347,348,349,-1,349,348,350,-1,351,202,352,-1,352,202,225,-1,352,225,353,-1,353,225,354,-1,355,356,357,-1,357,356,358,-1,357,358,359,-1,359,358,354,-1,359,354,360,-1,360,354,225,-1,360,225,304,-1,304,225,299,-1,304,299,305,-1,357,361,362,-1,363,364,357,-1,357,364,365,-1,357,365,366,-1,363,367,364,-1,364,367,368,-1,364,368,369,-1,369,368,370,-1,369,370,371,-1,366,372,357,-1,357,372,373,-1,357,373,374,-1,362,375,357,-1,357,375,376,-1,357,376,355,-1,374,377,357,-1,357,377,378,-1,357,378,361,-1,329,379,328,-1,328,379,380,-1,328,380,304,-1,304,380,381,-1,304,381,360,-1,382,383,5,-1,5,383,384,-1,384,385,5,-1,5,385,386,-1,5,386,3,-1,7,6,5,-1,5,6,387,-1,5,387,382,-1,388,389,390,-1,390,389,391,-1,390,391,6,-1,6,391,392,-1,6,392,387,-1,393,394,395,-1,394,396,395,-1,395,396,397,-1,395,397,398,-1,351,399,202,-1,202,399,400,-1,202,400,395,-1,395,400,401,-1,395,401,393,-1,402,403,404,-1,404,403,405,-1,406,407,408,-1,409,410,202,-1,411,412,413,-1,413,412,414,-1,413,414,415,-1,402,416,403,-1,403,416,417,-1,403,417,418,-1,418,417,419,-1,418,419,420,-1,421,422,406,-1,406,422,423,-1,406,423,407,-1,410,424,202,-1,202,424,425,-1,202,425,426,-1,427,428,395,-1,395,428,429,-1,395,429,202,-1,202,429,430,-1,202,430,409,-1,431,432,419,-1,419,432,433,-1,408,434,406,-1,406,434,435,-1,406,435,395,-1,395,435,405,-1,395,405,427,-1,427,405,403,-1,433,436,419,-1,419,436,437,-1,419,437,438,-1,438,439,419,-1,419,439,440,-1,419,440,420,-1,426,441,202,-1,202,441,442,-1,202,442,203,-1,203,442,443,-1,203,443,413,-1,444,445,446,-1,446,445,447,-1,446,447,448,-1,444,449,445,-1,445,449,450,-1,445,450,406,-1,406,450,451,-1,406,451,421,-1,452,453,11,-1,11,453,454,-1,221,11,234,-1,234,11,454,-1,234,454,193,-1,193,454,455,-1,193,455,200,-1,456,453,457,-1,457,453,452,-1,457,452,458,-1,459,460,461,-1,462,463,452,-1,452,463,464,-1,452,464,458,-1,219,220,10,-1,10,220,459,-1,10,459,11,-1,11,459,461,-1,11,461,452,-1,452,461,465,-1,452,465,466,-1,467,468,469,-1,469,468,470,-1,469,470,459,-1,459,470,471,-1,459,471,460,-1,466,472,452,-1,452,472,473,-1,452,473,462,-1,474,475,476,-1,474,476,188,-1,475,477,476,-1,476,477,478,-1,476,478,469,-1,469,478,479,-1,469,479,467,-1,480,481,482,-1,483,484,485,-1,482,481,281,-1,281,481,486,-1,281,486,487,-1,485,480,483,-1,483,480,482,-1,483,482,488,-1,488,482,340,-1,488,340,487,-1,487,340,0,-1,487,0,281,-1,281,0,2,-1,281,2,282,-1,282,2,322,-1,282,322,489,-1,489,322,490,-1,491,492,482,-1,492,493,482,-1,482,493,494,-1,482,494,495,-1,495,496,482,-1,482,496,497,-1,482,497,172,-1,172,497,498,-1,172,498,175,-1,498,499,175,-1,175,499,500,-1,175,500,281,-1,281,500,501,-1,281,501,502,-1,502,503,281,-1,281,503,504,-1,281,504,505,-1,505,506,281,-1,281,506,507,-1,281,507,482,-1,482,507,508,-1,482,508,491,-1,188,476,173,-1,173,476,350,-1,173,350,172,-1,172,350,348,-1,172,348,482,-1,482,348,342,-1,482,342,340,-1,340,342,341,-1,340,341,339,-1,296,290,289,-1,289,290,193,-1,289,193,288,-1,288,193,509,-1,510,511,195,-1,512,513,324,-1,324,513,514,-1,511,515,195,-1,195,515,516,-1,195,516,517,-1,517,518,195,-1,195,518,519,-1,195,519,193,-1,193,519,520,-1,193,520,509,-1,509,521,288,-1,288,521,522,-1,288,522,324,-1,324,522,523,-1,324,523,524,-1,524,525,324,-1,324,525,526,-1,324,526,512,-1,490,322,283,-1,283,322,324,-1,283,324,195,-1,195,324,514,-1,195,514,510,-1,220,527,459,-1,459,527,528,-1,459,528,469,-1,469,528,529,-1,469,529,476,-1,476,529,530,-1,476,530,350,-1,350,530,531,-1,350,531,349,-1,447,532,533,-1,415,534,413,-1,413,534,448,-1,413,448,203,-1,203,448,447,-1,203,447,220,-1,220,447,533,-1,220,533,527,-1,398,388,395,-1,395,388,390,-1,395,390,406,-1,406,390,535,-1,406,535,445,-1,308,307,72,-1,72,307,88,-1,72,88,70,-1,70,88,89,-1,70,89,103,-1,536,537,390,-1,390,537,535,-1,535,537,538,-1,535,538,539,-1,540,532,541,-1,541,532,447,-1,541,447,309,-1,309,447,445,-1,309,445,307,-1,307,445,535,-1,307,535,88,-1,88,535,539,-1,88,539,83,-1,83,539,542,-1,83,542,390,-1,390,542,543,-1,390,543,536,-1,544,545,546,-1,546,545,537,-1,546,537,547,-1,547,537,536,-1,547,536,548,-1,548,536,549,-1,25,17,8,-1,8,17,14,-1,8,14,6,-1,6,14,550,-1,550,551,6,-1,6,551,552,-1,6,552,390,-1,390,552,553,-1,390,553,83,-1,83,553,554,-1,83,554,14,-1,14,554,555,-1,14,555,550,-1,556,557,558,-1,559,560,556,-1,561,562,563,-1,564,565,566,-1,566,565,567,-1,566,567,568,-1,568,567,569,-1,566,570,564,-1,564,570,571,-1,564,571,572,-1,572,571,573,-1,572,573,574,-1,574,573,559,-1,574,559,563,-1,563,559,556,-1,563,556,561,-1,561,556,558,-1,575,576,577,-1,577,576,578,-1,571,576,573,-1,573,576,575,-1,
        ]
    }
}
Shape{
    appearance Appearance {
        material  Material 	{
            diffuseColor 1.0 1.0 1.0
            specularColor 0.5019607843137255 0.5019607843137255 0.5019607843137255
            ambientIntensity 1.0
            transparency 0.0
            shininess 0.5
        }
    }
    geometry IndexedFaceSet {
        ccw TRUE
        solid FALSE
        coord DEF co Coordinate {
            point [
                0.8268 -0.4996 0.4646, 0.9055 -0.4996 0.4646, 0.9055 0.2051 0.4646, 0.8268 0.3941 0.4646, -0.8268 0.3941 0.4646, -0.8268 0.2051 0.4646, -0.9055 0.2051 0.4646, -0.9055 -0.4996 0.4646, -0.8268 -0.4996 0.4646, -0.0431 -1.2762 0.4646, -0.043 -1.2752 0.4646, -0.0469 -1.2791 0.4646, -0.043 -0.5705 0.4646, -0.5548 -0.6886 0.4646, -0.5548 -1.2752 0.4646, 0.4921 -0.5705 0.4646, 0.4921 -0.6886 0.4646, 0.8268 -0.6886 0.4646, -0.8268 -0.6886 0.4646, 0.8268 0.2051 0.4646, -0.5546 -1.2762 0.4646, -0.5518 -1.279 0.4646, -0.5508 -1.2791 0.4646, -0.0459 -1.279 0.4646, -0.0449 -1.2786 0.4646, -0.0441 -1.278 0.4646, -0.0435 -1.2772 0.4646, -0.5542 -1.2772 0.4646, -0.5536 -1.278 0.4646, -0.5528 -1.2786 0.4646
            ]
        }
        coordIndex [
            0,1,2,-1,3,4,5,-1,6,7,5,-1,5,7,8,-1,5,8,3,-1,9,10,11,-1,10,12,11,-1,11,12,13,-1,11,13,14,-1,15,16,17,-1,8,18,3,-1,3,18,13,-1,3,13,19,-1,19,13,12,-1,19,12,2,-1,2,12,15,-1,2,15,0,-1,0,15,17,-1,20,21,14,-1,14,21,22,-1,14,22,11,-1,11,23,24,-1,24,25,11,-1,11,25,26,-1,11,26,9,-1,27,28,20,-1,20,28,29,-1,20,29,21,-1,
        ]
    }
}
Shape{
    appearance Appearance {
        material  Material 	{
            diffuseColor 0.2235294117647059 0.2235294117647059 0.2235294117647059
            specularColor 0.11372549019607843 0.11372549019607843 0.11372549019607843
            ambientIntensity 0.2235
            transparency 0.0
            shininess 0.5
        }
    }
    geometry IndexedFaceSet {
        ccw TRUE
        solid FALSE
        coord DEF co Coordinate {
            point [
                -0.9055 -0.6886 0.0, -0.9055 -0.6886 0.3661, -0.9055 0.3941 0.0, -0.9055 -0.4996 0.3661, -0.9055 0.3941 0.3661, -0.9055 0.2051 0.3661, -0.9055 0.2051 0.4646, -0.9055 -0.4996 0.4646, 0.9055 0.3941 0.0, 0.9055 0.3941 0.3661, 0.9055 -0.6886 0.0, 0.9055 0.2051 0.3661, 0.9055 -0.6886 0.3661, 0.9055 -0.4996 0.3661, 0.9055 -0.4996 0.4646, 0.9055 0.2051 0.4646, -0.4724 0.3941 0.0, -0.4724 0.1972 0.0, 0.6277 -0.0084 0.0, 0.5906 -0.0035 0.0, -0.315 0.1972 0.0, 0.5534 -0.0084 0.0, 0.5187 -0.0228 0.0, 0.0787 0.1972 0.0, -0.0787 0.1972 0.0, -0.0787 0.3941 0.0, -0.315 0.3941 0.0, 0.4469 -0.1472 0.0, -0.4889 -0.2489 0.0, -0.4661 -0.2191 0.0, 0.4889 -0.0456 0.0, 0.4661 -0.0754 0.0, 0.4517 -0.1101 0.0, -0.4889 -0.0456 0.0, -0.5187 -0.0228 0.0, -0.5906 -0.0035 0.0, -0.6277 -0.0084 0.0, -0.715 -0.0754 0.0, -0.6922 -0.0456 0.0, -0.6624 -0.0228 0.0, -0.7294 -0.1844 0.0, -0.7343 -0.1472 0.0, -0.7294 -0.1101 0.0, -0.5534 -0.0084 0.0, 0.6922 -0.0456 0.0, 0.6624 -0.0228 0.0, 0.4724 0.1972 0.0, 0.315 0.1972 0.0, 0.315 0.3941 0.0, 0.0787 0.3941 0.0, -0.4517 -0.1844 0.0, -0.4469 -0.1472 0.0, -0.4517 -0.1101 0.0, -0.4661 -0.0754 0.0, -0.715 -0.2191 0.0, -0.6922 -0.2489 0.0, -0.6624 -0.2717 0.0, 0.715 -0.2191 0.0, 0.7294 -0.1844 0.0, 0.7343 -0.1472 0.0, 0.7294 -0.1101 0.0, -0.6277 -0.286 0.0, -0.5906 -0.2909 0.0, -0.5534 -0.286 0.0, 0.4661 -0.2191 0.0, 0.4517 -0.1844 0.0, -0.5187 -0.2717 0.0, 0.5906 -0.2909 0.0, 0.6277 -0.286 0.0, 0.4889 -0.2489 0.0, 0.5187 -0.2717 0.0, 0.5534 -0.286 0.0, 0.6624 -0.2717 0.0, 0.6922 -0.2489 0.0, 0.4724 0.3941 0.0, 0.715 -0.0754 0.0, 0.9843 0.3941 0.3661, 0.9843 0.2051 0.3661, 0.8268 0.2051 0.5433, 0.8268 0.3941 0.5433, 0.8268 0.2051 0.4646, 0.8268 0.3941 0.4646, 0.9055 0.2051 0.5433, 0.9843 0.2051 0.4646, 0.9843 0.3941 0.4646, 0.9055 0.3941 0.5433, 0.9843 -0.4996 0.3661, 0.9843 -0.6886 0.3661, 0.8268 -0.6886 0.4646, 0.8268 -0.6886 0.5433, 0.8268 -0.4996 0.4646, 0.8268 -0.4996 0.5433, 0.9843 -0.4996 0.4646, 0.9055 -0.4996 0.5433, 0.9055 -0.6886 0.5433, 0.9843 -0.6886 0.4646, -0.9843 -0.4996 0.3661, -0.8268 -0.4996 0.5433, -0.8268 -0.4996 0.4646, -0.9055 -0.4996 0.5433, -0.9843 -0.4996 0.4646, -0.9843 -0.6886 0.3661, -0.8268 -0.6886 0.5433, -0.8268 -0.6886 0.4646, -0.9843 -0.6886 0.4646, -0.9055 -0.6886 0.5433, -0.9843 0.2051 0.3661, -0.9843 0.2051 0.4646, -0.8268 0.2051 0.4646, -0.8268 0.2051 0.5433, -0.9055 0.2051 0.5433, -0.8268 0.3941 0.4646, -0.8268 0.3941 0.5433, -0.9843 0.3941 0.3661, -0.9055 0.3941 0.5433, -0.9843 0.3941 0.4646, -0.4517 -0.1101 -0.1378, -0.4661 -0.0754 -0.1378, -0.4889 -0.0456 -0.1378, -0.5187 -0.0228 -0.1378, -0.5534 -0.0084 -0.1378, -0.5906 -0.0035 -0.1378, -0.6277 -0.0084 -0.1378, -0.6624 -0.0228 -0.1378, -0.6922 -0.0456 -0.1378, -0.715 -0.0754 -0.1378, -0.7294 -0.1101 -0.1378, -0.7343 -0.1472 -0.1378, -0.7294 -0.1844 -0.1378, -0.715 -0.2191 -0.1378, -0.6922 -0.2489 -0.1378, -0.6624 -0.2717 -0.1378, -0.6277 -0.286 -0.1378, -0.5906 -0.2909 -0.1378, -0.5534 -0.286 -0.1378, -0.5187 -0.2717 -0.1378, -0.4889 -0.2489 -0.1378, -0.4661 -0.2191 -0.1378, -0.4517 -0.1844 -0.1378, -0.4469 -0.1472 -0.1378, -0.6639 -0.1896 -0.1968, -0.6723 -0.1692 -0.1968, -0.5906 -0.1472 -0.1968, -0.6752 -0.1472 -0.1968, -0.6723 -0.1253 -0.1968, -0.6125 -0.229 -0.1968, -0.6329 -0.2205 -0.1968, -0.6504 -0.2071 -0.1968, -0.5482 -0.2205 -0.1968, -0.5686 -0.229 -0.1968, -0.5906 -0.2319 -0.1968, -0.5088 -0.1692 -0.1968, -0.5172 -0.1896 -0.1968, -0.5307 -0.2071 -0.1968, -0.5172 -0.1049 -0.1968, -0.5088 -0.1253 -0.1968, -0.5059 -0.1472 -0.1968, -0.5686 -0.0655 -0.1968, -0.5482 -0.0739 -0.1968, -0.5307 -0.0874 -0.1968, -0.6329 -0.0739 -0.1968, -0.6125 -0.0655 -0.1968, -0.5906 -0.0626 -0.1968, -0.6639 -0.1049 -0.1968, -0.6504 -0.0874 -0.1968, 0.7294 -0.1101 -0.1378, 0.715 -0.0754 -0.1378, 0.6922 -0.0456 -0.1378, 0.6624 -0.0228 -0.1378, 0.6277 -0.0084 -0.1378, 0.5906 -0.0035 -0.1378, 0.5534 -0.0084 -0.1378, 0.5187 -0.0228 -0.1378, 0.4889 -0.0456 -0.1378, 0.4661 -0.0754 -0.1378, 0.4517 -0.1101 -0.1378, 0.4469 -0.1472 -0.1378, 0.4517 -0.1844 -0.1378, 0.4661 -0.2191 -0.1378, 0.4889 -0.2489 -0.1378, 0.5187 -0.2717 -0.1378, 0.5534 -0.286 -0.1378, 0.5906 -0.2909 -0.1378, 0.6277 -0.286 -0.1378, 0.6624 -0.2717 -0.1378, 0.6922 -0.2489 -0.1378, 0.715 -0.2191 -0.1378, 0.7294 -0.1844 -0.1378, 0.7343 -0.1472 -0.1378, 0.6639 -0.1049 -0.1968, 0.6723 -0.1253 -0.1968, 0.5906 -0.1472 -0.1968, 0.6752 -0.1472 -0.1968, 0.6723 -0.1692 -0.1968, 0.6125 -0.0655 -0.1968, 0.6329 -0.0739 -0.1968, 0.6504 -0.0874 -0.1968, 0.5482 -0.0739 -0.1968, 0.5686 -0.0655 -0.1968, 0.5906 -0.0626 -0.1968, 0.5088 -0.1253 -0.1968, 0.5172 -0.1049 -0.1968, 0.5307 -0.0874 -0.1968, 0.5172 -0.1896 -0.1968, 0.5088 -0.1692 -0.1968, 0.5059 -0.1472 -0.1968, 0.5686 -0.229 -0.1968, 0.5482 -0.2205 -0.1968, 0.5307 -0.2071 -0.1968, 0.6329 -0.2205 -0.1968, 0.6125 -0.229 -0.1968, 0.5906 -0.2319 -0.1968, 0.6639 -0.1896 -0.1968, 0.6504 -0.2071 -0.1968, 0.4921 -0.6886 0.2677, 0.4921 -0.6886 0.4646, 0.4921 -0.5705 0.2677, 0.4921 -0.5705 0.4646
            ]
        }
        coordIndex [
            0,1,2,-1,2,1,3,-1,4,2,5,-1,5,2,3,-1,5,3,6,-1,6,3,7,-1,8,9,10,-1,10,9,11,-1,12,10,13,-1,13,10,11,-1,13,11,14,-1,14,11,15,-1,2,16,17,-1,18,19,20,-1,20,19,21,-1,20,21,22,-1,23,18,24,-1,24,18,20,-1,24,20,25,-1,25,20,26,-1,27,28,29,-1,22,30,20,-1,20,30,31,-1,20,31,32,-1,20,33,34,-1,17,35,36,-1,37,2,38,-1,38,2,17,-1,38,17,39,-1,39,17,36,-1,40,0,41,-1,41,0,2,-1,41,2,42,-1,42,2,37,-1,20,34,17,-1,17,34,43,-1,17,43,35,-1,44,45,46,-1,46,45,18,-1,46,18,47,-1,47,18,23,-1,47,23,48,-1,48,23,49,-1,29,50,27,-1,27,50,51,-1,27,51,32,-1,32,51,52,-1,32,52,20,-1,20,52,53,-1,20,53,33,-1,40,54,0,-1,0,54,55,-1,0,55,56,-1,57,58,10,-1,10,58,59,-1,10,59,8,-1,8,59,60,-1,56,61,0,-1,0,61,62,-1,0,62,63,-1,64,0,65,-1,65,0,63,-1,65,63,27,-1,27,63,66,-1,27,66,28,-1,67,68,10,-1,64,69,0,-1,0,69,70,-1,0,70,10,-1,10,70,71,-1,10,71,67,-1,68,72,10,-1,10,72,73,-1,10,73,57,-1,46,74,44,-1,44,74,8,-1,44,8,75,-1,75,8,60,-1,76,77,9,-1,9,77,11,-1,78,79,80,-1,80,79,81,-1,15,11,77,-1,78,80,82,-1,82,80,15,-1,82,15,83,-1,83,15,77,-1,83,77,84,-1,84,77,76,-1,82,83,85,-1,85,83,84,-1,78,82,79,-1,79,82,85,-1,13,86,12,-1,12,86,87,-1,88,89,90,-1,90,89,91,-1,13,14,86,-1,86,14,92,-1,90,91,14,-1,14,91,93,-1,14,93,92,-1,93,91,94,-1,94,91,89,-1,92,93,95,-1,95,93,94,-1,86,92,87,-1,87,92,95,-1,7,3,96,-1,97,98,99,-1,99,98,7,-1,99,7,100,-1,100,7,96,-1,101,96,1,-1,1,96,3,-1,97,102,98,-1,98,102,103,-1,100,96,104,-1,104,96,101,-1,99,100,105,-1,105,100,104,-1,97,99,102,-1,102,99,105,-1,5,6,106,-1,106,6,107,-1,108,109,6,-1,6,109,110,-1,6,110,107,-1,111,112,108,-1,108,112,109,-1,5,106,4,-1,4,106,113,-1,110,109,114,-1,114,109,112,-1,107,110,115,-1,115,110,114,-1,106,107,113,-1,113,107,115,-1,51,116,52,-1,52,116,117,-1,52,117,53,-1,53,117,118,-1,53,118,33,-1,33,118,119,-1,33,119,34,-1,34,119,120,-1,34,120,43,-1,43,120,121,-1,43,121,35,-1,35,121,122,-1,35,122,36,-1,36,122,123,-1,36,123,39,-1,39,123,124,-1,39,124,38,-1,38,124,125,-1,38,125,37,-1,37,125,126,-1,37,126,42,-1,42,126,127,-1,42,127,41,-1,41,127,128,-1,41,128,40,-1,40,128,129,-1,40,129,54,-1,54,129,130,-1,54,130,55,-1,55,130,131,-1,55,131,56,-1,56,131,132,-1,56,132,61,-1,61,132,133,-1,61,133,62,-1,62,133,134,-1,62,134,63,-1,63,134,135,-1,63,135,66,-1,66,135,136,-1,66,136,28,-1,28,136,137,-1,28,137,29,-1,29,137,138,-1,29,138,50,-1,50,138,139,-1,50,139,51,-1,51,139,116,-1,140,141,142,-1,142,141,143,-1,142,143,144,-1,145,146,142,-1,142,146,147,-1,142,147,140,-1,148,149,142,-1,142,149,150,-1,142,150,145,-1,151,152,142,-1,142,152,153,-1,142,153,148,-1,154,155,142,-1,142,155,156,-1,142,156,151,-1,157,158,142,-1,142,158,159,-1,142,159,154,-1,160,161,142,-1,142,161,162,-1,142,162,157,-1,144,163,142,-1,142,163,164,-1,142,164,160,-1,59,165,60,-1,60,165,166,-1,60,166,75,-1,75,166,167,-1,75,167,44,-1,44,167,168,-1,44,168,45,-1,45,168,169,-1,45,169,18,-1,18,169,170,-1,18,170,19,-1,19,170,171,-1,19,171,21,-1,21,171,172,-1,21,172,22,-1,22,172,173,-1,22,173,30,-1,30,173,174,-1,30,174,31,-1,31,174,175,-1,31,175,32,-1,32,175,176,-1,32,176,27,-1,27,176,177,-1,27,177,65,-1,65,177,178,-1,65,178,64,-1,64,178,179,-1,64,179,69,-1,69,179,180,-1,69,180,70,-1,70,180,181,-1,70,181,71,-1,71,181,182,-1,71,182,67,-1,67,182,183,-1,67,183,68,-1,68,183,184,-1,68,184,72,-1,72,184,185,-1,72,185,73,-1,73,185,186,-1,73,186,57,-1,57,186,187,-1,57,187,58,-1,58,187,188,-1,58,188,59,-1,59,188,165,-1,189,190,191,-1,191,190,192,-1,191,192,193,-1,194,195,191,-1,191,195,196,-1,191,196,189,-1,197,198,191,-1,191,198,199,-1,191,199,194,-1,200,201,191,-1,191,201,202,-1,191,202,197,-1,203,204,191,-1,191,204,205,-1,191,205,200,-1,206,207,191,-1,191,207,208,-1,191,208,203,-1,209,210,191,-1,191,210,211,-1,191,211,206,-1,193,212,191,-1,191,212,213,-1,191,213,209,-1,139,155,116,-1,116,155,154,-1,116,154,117,-1,117,154,159,-1,117,159,118,-1,118,159,158,-1,118,158,119,-1,119,158,157,-1,119,157,120,-1,120,157,162,-1,120,162,121,-1,121,162,161,-1,121,161,122,-1,122,161,160,-1,122,160,123,-1,123,160,164,-1,123,164,124,-1,124,164,163,-1,124,163,125,-1,125,163,144,-1,125,144,126,-1,126,144,143,-1,126,143,127,-1,127,143,141,-1,127,141,128,-1,128,141,140,-1,128,140,129,-1,129,140,147,-1,129,147,130,-1,130,147,146,-1,130,146,131,-1,131,146,145,-1,131,145,132,-1,132,145,150,-1,132,150,133,-1,133,150,149,-1,133,149,134,-1,134,149,148,-1,134,148,135,-1,135,148,153,-1,135,153,136,-1,136,153,152,-1,136,152,137,-1,137,152,151,-1,137,151,138,-1,138,151,156,-1,138,156,139,-1,139,156,155,-1,188,190,165,-1,165,190,189,-1,165,189,166,-1,166,189,196,-1,166,196,167,-1,167,196,195,-1,167,195,168,-1,168,195,194,-1,168,194,169,-1,169,194,199,-1,169,199,170,-1,170,199,198,-1,170,198,171,-1,171,198,197,-1,171,197,172,-1,172,197,202,-1,172,202,173,-1,173,202,201,-1,173,201,174,-1,174,201,200,-1,174,200,175,-1,175,200,205,-1,175,205,176,-1,176,205,204,-1,176,204,177,-1,177,204,203,-1,177,203,178,-1,178,203,208,-1,178,208,179,-1,179,208,207,-1,179,207,180,-1,180,207,206,-1,180,206,181,-1,181,206,211,-1,181,211,182,-1,182,211,210,-1,182,210,183,-1,183,210,209,-1,183,209,184,-1,184,209,213,-1,184,213,185,-1,185,213,212,-1,185,212,186,-1,186,212,193,-1,186,193,187,-1,187,193,192,-1,187,192,188,-1,188,192,190,-1,214,215,216,-1,216,215,217,-1,
        ]
    }
}
Shape{
    appearance Appearance {
        material  Material 	{
            diffuseColor 1.0 1.0 1.0
            specularColor 0.5019607843137255 0.5019607843137255 0.5019607843137255
            ambientIntensity 1.0
            transparency 0.0
            shininess 0.5
        }
    }
    geometry IndexedFaceSet {
        ccw TRUE
        solid FALSE
        coord DEF co Coordinate {
            point [
                -0.5548 -0.7673 0.0709, -0.043 -0.7673 0.0709, -0.5508 -1.2791 0.0709, -0.043 -1.2752 0.0709, -0.5518 -1.279 0.0709, -0.5546 -1.2762 0.0709, -0.5548 -1.2752 0.0709, -0.0431 -1.2762 0.0709, -0.0459 -1.279 0.0709, -0.0469 -1.2791 0.0709, -0.5528 -1.2786 0.0709, -0.5536 -1.278 0.0709, -0.5542 -1.2772 0.0709, -0.0435 -1.2772 0.0709, -0.0441 -1.278 0.0709, -0.0449 -1.2786 0.0709, -0.5548 -0.6886 0.4646, -0.5548 -0.6886 0.2677, -0.5548 -1.2752 0.4646, -0.5548 -0.728 0.2677, -0.5548 -0.728 0.1102, -0.043 -0.728 0.1102, -0.043 -0.728 0.2677, -0.043 -1.2752 0.4646, -0.043 -0.5705 0.4646, -0.043 -0.6886 0.2677, -0.043 -0.5705 0.2677, -0.5508 -1.2791 0.4646, -0.0469 -1.2791 0.4646, -0.5518 -1.279 0.4646, -0.5528 -1.2786 0.4646, -0.5536 -1.278 0.4646, -0.5542 -1.2772 0.4646, -0.5546 -1.2762 0.4646, -0.0459 -1.279 0.4646, -0.0449 -1.2786 0.4646, -0.0441 -1.278 0.4646, -0.0435 -1.2772 0.4646, -0.0431 -1.2762 0.4646
            ]
        }
        coordIndex [
            0,1,2,-1,2,1,3,-1,4,5,2,-1,2,5,6,-1,2,6,0,-1,7,8,3,-1,3,8,9,-1,3,9,2,-1,4,10,5,-1,5,10,11,-1,5,11,12,-1,13,14,7,-1,7,14,15,-1,7,15,8,-1,16,17,18,-1,18,17,19,-1,19,20,18,-1,18,20,0,-1,18,0,6,-1,1,21,22,-1,3,1,23,-1,23,1,22,-1,23,22,24,-1,24,22,25,-1,24,25,26,-1,2,9,27,-1,27,9,28,-1,2,27,29,-1,2,29,4,-1,4,29,30,-1,4,30,10,-1,10,30,31,-1,10,31,11,-1,11,31,32,-1,11,32,12,-1,12,32,33,-1,12,33,5,-1,5,33,18,-1,5,18,6,-1,28,9,8,-1,28,8,34,-1,34,8,15,-1,34,15,35,-1,35,15,14,-1,35,14,36,-1,36,14,13,-1,36,13,37,-1,37,13,7,-1,37,7,38,-1,38,7,3,-1,38,3,23,-1,
        ]
    }
}
Shape{
    appearance Appearance {
        material  Material 	{
            diffuseColor 0.6666666666666666 0.6980392156862745 0.7686274509803922
            specularColor 0.3333333333333333 0.34901960784313724 0.3843137254901961
            ambientIntensity 0.6967
            transparency 0.0
            shininess 0.5
        }
    }
    geometry IndexedFaceSet {
        ccw TRUE
        solid FALSE
        coord DEF co Coordinate {
            point [
                0.4724 0.7878 0.0512, 0.315 0.7878 0.0512, 0.4724 0.3941 0.0512, 0.315 0.3941 0.0512, 0.315 0.3941 0.0, 0.315 0.7878 -0.0079, 0.315 0.2209 -0.0079, 0.315 0.1972 0.0, 0.315 0.2125 -0.007, 0.315 0.2045 -0.0043, 0.4724 0.7878 -0.0079, 0.4724 0.3941 0.0, 0.4724 0.2209 -0.0079, 0.4724 0.1972 0.0, 0.4724 0.2125 -0.007, 0.4724 0.2045 -0.0043
            ]
        }
        coordIndex [
            0,1,2,-1,2,1,3,-1,4,3,1,-1,1,5,4,-1,4,5,6,-1,4,6,7,-1,7,6,8,-1,7,8,9,-1,0,2,10,-1,10,2,11,-1,10,11,12,-1,12,11,13,-1,12,13,14,-1,14,13,15,-1,5,1,10,-1,10,1,0,-1,6,5,12,-1,12,5,10,-1,
        ]
    }
}
Shape{
    appearance Appearance {
        material  Material 	{
            diffuseColor 1.0 1.0 1.0
            specularColor 0.5019607843137255 0.5019607843137255 0.5019607843137255
            ambientIntensity 1.0
            transparency 0.0
            shininess 0.5
        }
    }
    geometry IndexedFaceSet {
        ccw TRUE
        solid FALSE
        coord DEF co Coordinate {
            point [
                -0.043 -0.728 0.2677, -0.5548 -0.728 0.2677, -0.043 -0.6886 0.2677, -0.5548 -0.6886 0.2677, -0.5548 -0.728 0.1102, -0.043 -0.728 0.1102, -0.043 -0.7673 0.0709, -0.5548 -0.7673 0.0709
            ]
        }
        coordIndex [
            0,1,2,-1,2,1,3,-1,4,1,5,-1,5,1,0,-1,5,6,4,-1,4,6,7,-1,
        ]
    }
}
Shape{
    appearance Appearance {
        material  Material 	{
            diffuseColor 0.6666666666666666 0.6980392156862745 0.7686274509803922
            specularColor 0.3333333333333333 0.34901960784313724 0.3843137254901961
            ambientIntensity 0.6967
            transparency 0.0
            shininess 0.5
        }
    }
    geometry IndexedFaceSet {
        ccw TRUE
        solid FALSE
        coord DEF co Coordinate {
            point [
                0.315 0.2209 -0.0079, 0.4724 0.2209 -0.0079, 0.4724 0.2125 -0.007, 0.315 0.2125 -0.007, 0.4724 0.2045 -0.0043, 0.315 0.2045 -0.0043, 0.4724 0.1972 0.0, 0.315 0.1972 0.0, 0.0787 0.7878 0.0512, -0.0787 0.7878 0.0512, 0.0787 0.3941 0.0512, -0.0787 0.3941 0.0512, -0.0787 0.3941 0.0, -0.0787 0.7878 -0.0079, -0.0787 0.2209 -0.0079, -0.0787 0.1972 0.0, -0.0787 0.2125 -0.007, -0.0787 0.2045 -0.0043, 0.0787 0.7878 -0.0079, 0.0787 0.3941 0.0, 0.0787 0.2209 -0.0079, 0.0787 0.1972 0.0, 0.0787 0.2125 -0.007, 0.0787 0.2045 -0.0043, -0.315 0.7878 0.0512, -0.4724 0.7878 0.0512, -0.315 0.3941 0.0512, -0.4724 0.3941 0.0512, -0.4724 0.3941 0.0, -0.4724 0.7878 -0.0079, -0.4724 0.2209 -0.0079, -0.4724 0.1972 0.0, -0.4724 0.2125 -0.007, -0.4724 0.2045 -0.0043, -0.315 0.7878 -0.0079, -0.315 0.3941 0.0, -0.315 0.2209 -0.0079, -0.315 0.1972 0.0, -0.315 0.2125 -0.007, -0.315 0.2045 -0.0043
            ]
        }
        coordIndex [
            0,1,2,-1,0,2,3,-1,3,2,4,-1,3,4,5,-1,5,4,6,-1,5,6,7,-1,8,9,10,-1,10,9,11,-1,12,11,9,-1,9,13,12,-1,12,13,14,-1,12,14,15,-1,15,14,16,-1,15,16,17,-1,8,10,18,-1,18,10,19,-1,18,19,20,-1,20,19,21,-1,20,21,22,-1,22,21,23,-1,13,9,18,-1,18,9,8,-1,14,13,20,-1,20,13,18,-1,24,25,26,-1,26,25,27,-1,28,27,25,-1,25,29,28,-1,28,29,30,-1,28,30,31,-1,31,30,32,-1,31,32,33,-1,24,26,34,-1,34,26,35,-1,34,35,36,-1,36,35,37,-1,36,37,38,-1,38,37,39,-1,29,25,34,-1,34,25,24,-1,30,29,36,-1,36,29,34,-1,14,20,22,-1,14,22,16,-1,16,22,23,-1,16,23,17,-1,17,23,21,-1,17,21,15,-1,30,36,38,-1,30,38,32,-1,32,38,39,-1,32,39,33,-1,33,39,37,-1,33,37,31,-1,
        ]
    }
}
Shape{
    appearance Appearance {
        material  Material 	{
            diffuseColor 1.0 1.0 1.0
            specularColor 0.5019607843137255 0.5019607843137255 0.5019607843137255
            ambientIntensity 1.0
            transparency 0.0
            shininess 0.5
        }
    }
    geometry IndexedFaceSet {
        ccw TRUE
        solid FALSE
        coord DEF co Coordinate {
            point [
                -0.0534 0.398 0.3035, -0.0534 0.398 0.2944, -0.0534 0.3941 0.3035, -0.0534 0.3941 0.2944, -0.0215 0.398 0.3035, -0.0215 0.3941 0.3035, -0.0215 0.398 0.3745, -0.0215 0.3941 0.3745, -0.0112 0.398 0.3745, -0.0112 0.3941 0.3745, -0.0112 0.398 0.2944, -0.0112 0.3941 0.2944, -0.1166 0.3941 0.2977, -0.1166 0.398 0.2977, -0.1153 0.398 0.297, -0.0945 0.398 0.293, -0.0945 0.3941 0.293, -0.1067 0.3941 0.2942, -0.1067 0.398 0.2942, -0.1132 0.3941 0.2964, -0.1153 0.3941 0.297, -0.1166 0.398 0.3076, -0.1166 0.3941 0.3076, -0.1132 0.3941 0.3061, -0.1088 0.398 0.3041, -0.1088 0.3941 0.3041, -0.0998 0.3941 0.3024, -0.0998 0.398 0.3024, -0.096 0.3941 0.3023, -0.096 0.398 0.3023, -0.0878 0.3941 0.3032, -0.0878 0.398 0.3032, -0.0822 0.3941 0.3055, -0.0822 0.398 0.3055, -0.0769 0.3941 0.3092, -0.0769 0.398 0.3092, -0.0754 0.3941 0.3107, -0.0754 0.398 0.3107, -0.0715 0.3941 0.3161, -0.0715 0.398 0.3161, -0.0689 0.3941 0.3226, -0.0689 0.398 0.3226, -0.0676 0.3941 0.3306, -0.0676 0.398 0.3306, -0.0675 0.3941 0.3335, -0.0675 0.398 0.3335, -0.0686 0.3941 0.3437, -0.0686 0.398 0.3437, -0.0712 0.3941 0.3508, -0.0712 0.398 0.3508, -0.0749 0.3941 0.3565, -0.0749 0.398 0.3565, -0.076 0.3941 0.3576, -0.076 0.398 0.3576, -0.0814 0.3941 0.3621, -0.0814 0.398 0.3621, -0.0877 0.3941 0.365, -0.0877 0.398 0.365, -0.0947 0.3941 0.3664, -0.0947 0.398 0.3664, -0.0978 0.3941 0.3665, -0.0978 0.398 0.3665, -0.1076 0.3941 0.3653, -0.1132 0.3941 0.3632, -0.1158 0.398 0.3622, -0.1076 0.398 0.3653, -0.1158 0.3941 0.3622, -0.1166 0.3941 0.3617, -0.1166 0.398 0.3617, -0.1166 0.398 0.3725, -0.1166 0.3941 0.3725, -0.0977 0.3941 0.3758, -0.0977 0.398 0.3758, -0.0979 0.398 0.3758, -0.1132 0.3941 0.3735, -0.1084 0.398 0.375, -0.1084 0.3941 0.375, -0.1061 0.3941 0.3751, -0.0979 0.3941 0.3758, -0.0922 0.3941 0.3751, -0.086 0.398 0.3744, -0.086 0.3941 0.3744, -0.0776 0.3941 0.3711, -0.0776 0.398 0.3711, -0.0701 0.3941 0.3658, -0.0701 0.398 0.3658, -0.0683 0.3941 0.364, -0.0683 0.398 0.364, -0.0624 0.3941 0.3564, -0.0603 0.3941 0.3513, -0.0586 0.398 0.3475, -0.0624 0.398 0.3564, -0.0586 0.3941 0.3475, -0.0568 0.3941 0.3371, -0.0568 0.398 0.3371, -0.0567 0.3941 0.3329, -0.0567 0.398 0.3329, -0.058 0.3941 0.321, -0.0603 0.3941 0.3146, -0.0611 0.398 0.3124, -0.058 0.398 0.321, -0.0611 0.3941 0.3124, -0.0657 0.3941 0.3054, -0.0657 0.398 0.3054, -0.067 0.3941 0.304, -0.067 0.398 0.304, -0.0734 0.3941 0.2986, -0.0734 0.398 0.2986, -0.081 0.3941 0.2951, -0.081 0.398 0.2951, -0.0897 0.3941 0.2933, -0.0897 0.398 0.2933, -0.1757 0.398 0.3035, -0.1757 0.398 0.2944, -0.1757 0.3941 0.3035, -0.1757 0.3941 0.2944, -0.143 0.3941 0.3035, -0.143 0.398 0.3035, -0.1646 0.3941 0.3035, -0.143 0.398 0.3305, -0.143 0.3941 0.3305, -0.1716 0.398 0.3305, -0.1646 0.3941 0.3305, -0.1716 0.3941 0.3305, -0.1716 0.398 0.3396, -0.1716 0.3941 0.3396, -0.143 0.3941 0.3396, -0.143 0.398 0.3396, -0.1646 0.3941 0.3396, -0.143 0.398 0.3653, -0.143 0.3941 0.3653, -0.1739 0.398 0.3653, -0.1646 0.3941 0.3653, -0.1739 0.3941 0.3653, -0.1739 0.398 0.3745, -0.1739 0.3941 0.3745, -0.1327 0.3941 0.3745, -0.1327 0.398 0.3745, -0.1646 0.3941 0.3745, -0.1327 0.398 0.2944, -0.1327 0.3941 0.2944, -0.1646 0.3941 0.2944, -0.2449 0.398 0.3301, -0.2558 0.398 0.3304, -0.2452 0.398 0.3352, -0.256 0.398 0.3355, -0.2442 0.398 0.3444, -0.2547 0.398 0.3466, -0.242 0.398 0.3504, -0.2517 0.398 0.3542, -0.239 0.398 0.3551, -0.2467 0.398 0.3612, -0.2364 0.398 0.3577, -0.244 0.398 0.3639, -0.2306 0.398 0.3616, -0.2356 0.398 0.3696, -0.2236 0.398 0.3641, -0.2259 0.398 0.3731, -0.2133 0.398 0.3653, -0.2137 0.398 0.3745, -0.2012 0.398 0.3653, -0.1909 0.398 0.3745, -0.2012 0.398 0.3035, -0.1909 0.398 0.2944, -0.2128 0.398 0.3035, -0.2129 0.398 0.2944, -0.223 0.398 0.3046, -0.2254 0.398 0.2958, -0.2298 0.398 0.3071, -0.2347 0.398 0.2992, -0.2351 0.398 0.3105, -0.2426 0.398 0.3044, -0.2366 0.398 0.3119, -0.244 0.398 0.3056, -0.2406 0.398 0.3168, -0.2499 0.398 0.3127, -0.2434 0.398 0.3228, -0.2539 0.398 0.321, -0.2129 0.3941 0.2944, -0.1909 0.3941 0.2944, -0.2254 0.3941 0.2958, -0.2347 0.3941 0.2992, -0.2426 0.3941 0.3044, -0.244 0.3941 0.3056, -0.2499 0.3941 0.3127, -0.2539 0.3941 0.321, -0.2558 0.3941 0.3304, -0.256 0.3941 0.3355, -0.2547 0.3941 0.3466, -0.2517 0.3941 0.3542, -0.2467 0.3941 0.3612, -0.244 0.3941 0.3639, -0.2356 0.3941 0.3696, -0.2259 0.3941 0.3731, -0.2137 0.3941 0.3745, -0.1909 0.3941 0.3745, -0.2133 0.3941 0.3653, -0.2012 0.3941 0.3653, -0.2012 0.3941 0.3035, -0.2128 0.3941 0.3035, -0.2366 0.3941 0.3119, -0.2351 0.3941 0.3105, -0.2298 0.3941 0.3071, -0.223 0.3941 0.3046, -0.2452 0.3941 0.3352, -0.2449 0.3941 0.3301, -0.2434 0.3941 0.3228, -0.2406 0.3941 0.3168, -0.2364 0.3941 0.3577, -0.239 0.3941 0.3551, -0.242 0.3941 0.3504, -0.2442 0.3941 0.3444, -0.2236 0.3941 0.3641, -0.2306 0.3941 0.3616
            ]
        }
        coordIndex [
            0,1,2,-1,2,1,3,-1,4,0,5,-1,5,0,2,-1,6,4,7,-1,7,4,5,-1,8,6,9,-1,9,6,7,-1,10,8,11,-1,11,8,9,-1,1,10,3,-1,3,10,11,-1,6,8,4,-1,4,8,10,-1,4,10,0,-1,0,10,1,-1,12,13,14,-1,15,16,17,-1,15,17,18,-1,18,17,19,-1,18,19,14,-1,14,19,20,-1,14,20,12,-1,21,13,22,-1,22,13,12,-1,21,22,23,-1,21,23,24,-1,23,25,24,-1,24,25,26,-1,24,26,27,-1,27,26,28,-1,27,28,29,-1,29,28,30,-1,29,30,31,-1,31,30,32,-1,31,32,33,-1,33,32,34,-1,33,34,35,-1,35,34,36,-1,35,36,37,-1,37,36,38,-1,37,38,39,-1,39,38,40,-1,39,40,41,-1,41,40,42,-1,41,42,43,-1,43,42,44,-1,43,44,45,-1,45,44,46,-1,45,46,47,-1,47,46,48,-1,47,48,49,-1,49,48,50,-1,49,50,51,-1,51,50,52,-1,51,52,53,-1,53,52,54,-1,53,54,55,-1,55,54,56,-1,55,56,57,-1,57,56,58,-1,57,58,59,-1,59,58,60,-1,59,60,61,-1,61,60,62,-1,63,64,62,-1,62,64,65,-1,62,65,61,-1,63,66,64,-1,64,66,67,-1,64,67,68,-1,69,68,70,-1,70,68,67,-1,71,72,73,-1,69,70,74,-1,69,74,75,-1,74,76,75,-1,75,76,77,-1,75,77,73,-1,73,77,78,-1,73,78,71,-1,72,71,79,-1,72,79,80,-1,79,81,80,-1,80,81,82,-1,80,82,83,-1,83,82,84,-1,83,84,85,-1,85,84,86,-1,85,86,87,-1,87,86,88,-1,89,90,88,-1,88,90,91,-1,88,91,87,-1,89,92,90,-1,90,92,93,-1,90,93,94,-1,94,93,95,-1,94,95,96,-1,96,95,97,-1,98,99,97,-1,97,99,100,-1,97,100,96,-1,98,101,99,-1,99,101,102,-1,99,102,103,-1,103,102,104,-1,103,104,105,-1,105,104,106,-1,105,106,107,-1,107,106,108,-1,107,108,109,-1,109,108,110,-1,109,110,111,-1,111,110,16,-1,111,16,15,-1,64,68,69,-1,47,49,91,-1,64,69,65,-1,65,69,75,-1,65,75,61,-1,61,75,73,-1,61,73,59,-1,59,73,72,-1,59,72,57,-1,57,72,80,-1,57,80,55,-1,13,21,14,-1,14,21,24,-1,14,24,18,-1,18,24,27,-1,18,27,15,-1,15,27,29,-1,15,29,111,-1,111,29,31,-1,111,31,109,-1,109,31,33,-1,109,33,107,-1,107,33,35,-1,107,35,105,-1,105,35,37,-1,105,37,103,-1,103,37,39,-1,103,39,99,-1,91,49,87,-1,80,83,55,-1,55,83,85,-1,55,85,53,-1,53,85,87,-1,53,87,51,-1,51,87,49,-1,96,45,94,-1,94,45,47,-1,94,47,90,-1,90,47,91,-1,99,39,100,-1,100,39,41,-1,100,41,96,-1,96,41,43,-1,96,43,45,-1,112,113,114,-1,114,113,115,-1,116,117,118,-1,118,117,112,-1,118,112,114,-1,119,117,120,-1,120,117,116,-1,119,120,121,-1,121,120,122,-1,121,122,123,-1,124,121,125,-1,125,121,123,-1,126,127,128,-1,128,127,124,-1,128,124,125,-1,129,127,130,-1,130,127,126,-1,129,130,131,-1,131,130,132,-1,131,132,133,-1,134,131,135,-1,135,131,133,-1,136,137,138,-1,138,137,134,-1,138,134,135,-1,139,137,140,-1,140,137,136,-1,139,140,113,-1,113,140,141,-1,113,141,115,-1,139,113,112,-1,112,117,139,-1,139,117,119,-1,139,119,137,-1,131,134,129,-1,129,134,137,-1,129,137,127,-1,127,137,119,-1,127,119,124,-1,124,119,121,-1,142,143,144,-1,144,143,145,-1,144,145,146,-1,146,145,147,-1,146,147,148,-1,148,147,149,-1,148,149,150,-1,150,149,151,-1,150,151,152,-1,152,151,153,-1,152,153,154,-1,154,153,155,-1,154,155,156,-1,156,155,157,-1,156,157,158,-1,158,157,159,-1,158,159,160,-1,160,159,161,-1,160,161,162,-1,162,161,163,-1,162,163,164,-1,164,163,165,-1,164,165,166,-1,166,165,167,-1,166,167,168,-1,168,167,169,-1,168,169,170,-1,170,169,171,-1,170,171,172,-1,172,171,173,-1,172,173,174,-1,174,173,175,-1,174,175,176,-1,176,175,177,-1,176,177,142,-1,142,177,143,-1,165,163,178,-1,178,163,179,-1,165,178,180,-1,165,180,167,-1,167,180,181,-1,167,181,169,-1,169,181,182,-1,169,182,171,-1,171,182,183,-1,171,183,173,-1,173,183,184,-1,173,184,175,-1,175,184,185,-1,175,185,177,-1,177,185,186,-1,177,186,143,-1,143,186,187,-1,143,187,145,-1,145,187,188,-1,145,188,147,-1,147,188,189,-1,147,189,149,-1,149,189,190,-1,149,190,151,-1,151,190,191,-1,151,191,153,-1,153,191,192,-1,153,192,155,-1,155,192,193,-1,155,193,157,-1,157,193,194,-1,157,194,159,-1,161,159,195,-1,195,159,194,-1,163,161,179,-1,179,161,195,-1,158,160,196,-1,196,160,197,-1,160,162,197,-1,197,162,198,-1,162,164,198,-1,198,164,199,-1,172,200,201,-1,172,201,170,-1,170,201,202,-1,170,202,168,-1,168,202,203,-1,168,203,166,-1,166,203,199,-1,166,199,164,-1,144,204,205,-1,144,205,142,-1,142,205,206,-1,142,206,176,-1,176,206,207,-1,176,207,174,-1,174,207,200,-1,174,200,172,-1,152,208,209,-1,152,209,150,-1,150,209,210,-1,150,210,148,-1,148,210,211,-1,148,211,146,-1,146,211,204,-1,146,204,144,-1,158,196,212,-1,158,212,156,-1,156,212,213,-1,156,213,154,-1,154,213,208,-1,154,208,152,-1,
        ]
    }
}
Shape{
    appearance Appearance {
        material  Material 	{
            diffuseColor 0.2235294117647059 0.2235294117647059 0.2235294117647059
            specularColor 0.11372549019607843 0.11372549019607843 0.11372549019607843
            ambientIntensity 0.2235
            transparency 0.0
            shininess 0.5
        }
    }
    geometry IndexedFaceSet {
        ccw TRUE
        solid FALSE
        coord DEF co Coordinate {
            point [
                -0.2012 0.3941 0.3653, -0.2012 0.3941 0.3035, -0.2133 0.3941 0.3653, -0.2128 0.3941 0.3035, -0.223 0.3941 0.3046, -0.2298 0.3941 0.3071, -0.2351 0.3941 0.3105, -0.2366 0.3941 0.3119, -0.2406 0.3941 0.3168, -0.2434 0.3941 0.3228, -0.2449 0.3941 0.3301, -0.2452 0.3941 0.3352, -0.2442 0.3941 0.3444, -0.242 0.3941 0.3504, -0.239 0.3941 0.3551, -0.2364 0.3941 0.3577, -0.2236 0.3941 0.3641, -0.2306 0.3941 0.3616
            ]
        }
        coordIndex [
            0,1,2,-1,2,1,3,-1,2,3,4,-1,4,5,2,-1,2,5,6,-1,2,6,7,-1,7,8,2,-1,2,8,9,-1,2,9,10,-1,10,11,2,-1,2,11,12,-1,2,12,13,-1,13,14,2,-1,2,14,15,-1,2,15,16,-1,16,15,17,-1,
        ]
    }
}
Shape{
    appearance Appearance {
        material  Material 	{
            diffuseColor 1.0 1.0 1.0
            specularColor 0.5019607843137255 0.5019607843137255 0.5019607843137255
            ambientIntensity 1.0
            transparency 0.0
            shininess 0.5
        }
    }
    geometry IndexedFaceSet {
        ccw TRUE
        solid FALSE
        coord DEF co Coordinate {
            point [
                -0.2829 0.398 0.3253, -0.2949 0.398 0.3586, -0.291 0.398 0.3745, -0.2605 0.398 0.2944, -0.2719 0.398 0.2944, -0.2796 0.398 0.3163, -0.2955 0.398 0.361, -0.2962 0.398 0.3642, -0.302 0.398 0.3745, -0.2964 0.398 0.3642, -0.2971 0.398 0.3608, -0.2977 0.398 0.3586, -0.3098 0.398 0.3253, -0.3325 0.398 0.2944, -0.3211 0.398 0.2944, -0.313 0.398 0.3163, -0.302 0.3941 0.3745, -0.3325 0.3941 0.2944, -0.291 0.3941 0.3745, -0.2605 0.3941 0.2944, -0.2836 0.3941 0.355, -0.2719 0.3941 0.2944, -0.2796 0.3941 0.3163, -0.313 0.3941 0.3163, -0.2836 0.3941 0.3163, -0.3211 0.3941 0.2944, -0.2829 0.3941 0.3253, -0.3098 0.3941 0.3253, -0.2977 0.3941 0.3586, -0.2964 0.3941 0.3642, -0.2971 0.3941 0.3608, -0.2962 0.3941 0.3642, -0.2949 0.3941 0.3586, -0.2955 0.3941 0.361
            ]
        }
        coordIndex [
            0,1,2,-1,3,4,5,-1,1,6,2,-1,2,6,7,-1,2,7,8,-1,8,7,9,-1,8,9,10,-1,10,11,8,-1,8,11,12,-1,8,12,13,-1,14,13,15,-1,15,13,12,-1,15,12,5,-1,5,12,0,-1,5,0,3,-1,3,0,2,-1,8,13,16,-1,16,13,17,-1,2,8,18,-1,18,8,16,-1,19,3,20,-1,20,3,2,-1,20,2,18,-1,4,3,21,-1,21,3,19,-1,5,4,22,-1,22,4,21,-1,23,15,24,-1,24,15,5,-1,24,5,22,-1,14,15,25,-1,25,15,23,-1,13,14,17,-1,17,14,25,-1,0,12,26,-1,26,12,27,-1,12,11,27,-1,27,11,28,-1,9,29,30,-1,9,30,10,-1,10,30,28,-1,10,28,11,-1,9,7,29,-1,29,7,31,-1,1,32,33,-1,1,33,6,-1,6,33,31,-1,6,31,7,-1,1,0,32,-1,32,0,26,-1,
        ]
    }
}
Shape{
    appearance Appearance {
        material  Material 	{
            diffuseColor 0.2235294117647059 0.2235294117647059 0.2235294117647059
            specularColor 0.11372549019607843 0.11372549019607843 0.11372549019607843
            ambientIntensity 0.2235
            transparency 0.0
            shininess 0.5
        }
    }
    geometry IndexedFaceSet {
        ccw TRUE
        solid FALSE
        coord DEF co Coordinate {
            point [
                -0.2964 0.3941 0.3642, -0.2962 0.3941 0.3642, -0.2971 0.3941 0.3608, -0.2955 0.3941 0.361, -0.2977 0.3941 0.3586, -0.2949 0.3941 0.3586, -0.3098 0.3941 0.3253, -0.2829 0.3941 0.3253
            ]
        }
        coordIndex [
            0,1,2,-1,2,1,3,-1,2,3,4,-1,4,3,5,-1,4,5,6,-1,6,5,7,-1,
        ]
    }
}
Shape{
    appearance Appearance {
        material  Material 	{
            diffuseColor 1.0 1.0 1.0
            specularColor 0.5019607843137255 0.5019607843137255 0.5019607843137255
            ambientIntensity 1.0
            transparency 0.0
            shininess 0.5
        }
    }
    geometry IndexedFaceSet {
        ccw TRUE
        solid FALSE
        coord DEF co Coordinate {
            point [
                -0.0543 0.398 0.1765, -0.0543 0.398 0.1674, -0.0543 0.3941 0.1765, -0.0543 0.3941 0.1674, -0.0215 0.398 0.1765, -0.0215 0.3941 0.1765, -0.0215 0.398 0.2034, -0.0215 0.3941 0.2034, -0.0502 0.398 0.2034, -0.0502 0.3941 0.2034, -0.0502 0.398 0.2126, -0.0502 0.3941 0.2126, -0.0215 0.398 0.2126, -0.0215 0.3941 0.2126, -0.0215 0.398 0.2382, -0.0215 0.3941 0.2382, -0.0524 0.398 0.2382, -0.0524 0.3941 0.2382, -0.0524 0.398 0.2474, -0.0524 0.3941 0.2474, -0.0112 0.398 0.2474, -0.0112 0.3941 0.2474, -0.0112 0.398 0.1674, -0.0112 0.3941 0.1674, -0.0998 0.398 0.1674, -0.1098 0.398 0.1674, -0.0998 0.398 0.1762, -0.1098 0.398 0.2042, -0.0998 0.398 0.2037, -0.078 0.398 0.1918, -0.0805 0.398 0.1929, -0.0864 0.398 0.1943, -0.0998 0.398 0.1961, -0.0998 0.398 0.1906, -0.0995 0.398 0.1762, -0.0943 0.398 0.1777, -0.0972 0.398 0.1729, -0.0914 0.398 0.1758, -0.0998 0.398 0.1899, -0.0991 0.398 0.1855, -0.0977 0.398 0.1819, -0.0955 0.398 0.1789, -0.0749 0.398 0.1794, -0.0673 0.398 0.1721, -0.0761 0.398 0.1777, -0.0688 0.398 0.1705, -0.0769 0.398 0.1768, -0.0718 0.398 0.1684, -0.0789 0.398 0.1755, -0.0755 0.398 0.1668, -0.0812 0.398 0.1746, -0.0802 0.398 0.1661, -0.0846 0.398 0.1742, -0.0995 0.398 0.2077, -0.109 0.398 0.2119, -0.0985 0.398 0.2115, -0.1074 0.398 0.2164, -0.0974 0.398 0.2136, -0.1054 0.398 0.2196, -0.0959 0.398 0.2152, -0.1027 0.398 0.2222, -0.0942 0.398 0.2164, -0.0993 0.398 0.2241, -0.0919 0.398 0.2173, -0.0951 0.398 0.2253, -0.0882 0.398 0.2177, -0.0891 0.398 0.2259, -0.0827 0.398 0.2172, -0.0789 0.398 0.2246, -0.0764 0.398 0.2152, -0.0714 0.398 0.2217, -0.0694 0.398 0.2108, -0.0694 0.398 0.2205, -0.082 0.398 0.166, -0.0876 0.398 0.1667, -0.0884 0.398 0.1747, -0.0916 0.398 0.1682, -0.0939 0.398 0.1697, -0.0741 0.398 0.1851, -0.0639 0.398 0.1839, -0.074 0.398 0.1835, -0.0639 0.398 0.1827, -0.0743 0.398 0.1812, -0.0643 0.398 0.1784, -0.0655 0.398 0.1749, -0.0828 0.398 0.2013, -0.0752 0.398 0.1995, -0.0767 0.398 0.1907, -0.071 0.398 0.1973, -0.0755 0.398 0.1893, -0.0679 0.398 0.1946, -0.0746 0.398 0.1874, -0.0659 0.398 0.1917, -0.0645 0.398 0.1882, -0.0891 0.3941 0.2259, -0.0789 0.3941 0.2246, -0.0714 0.3941 0.2217, -0.0694 0.3941 0.2205, -0.0694 0.3941 0.2108, -0.0764 0.3941 0.2152, -0.0827 0.3941 0.2172, -0.0882 0.3941 0.2177, -0.0919 0.3941 0.2173, -0.0942 0.3941 0.2164, -0.0959 0.3941 0.2152, -0.0974 0.3941 0.2136, -0.0985 0.3941 0.2115, -0.0995 0.3941 0.2077, -0.0998 0.3941 0.2037, -0.0828 0.3941 0.2013, -0.0752 0.3941 0.1995, -0.071 0.3941 0.1973, -0.0679 0.3941 0.1946, -0.0659 0.3941 0.1917, -0.0645 0.3941 0.1882, -0.0639 0.3941 0.1839, -0.0639 0.3941 0.1827, -0.0643 0.3941 0.1784, -0.0655 0.3941 0.1749, -0.0673 0.3941 0.1721, -0.0688 0.3941 0.1705, -0.082 0.3941 0.166, -0.0718 0.3941 0.1684, -0.0755 0.3941 0.1668, -0.0764 0.3941 0.1667, -0.0802 0.3941 0.1661, -0.0876 0.3941 0.1667, -0.0876 0.3941 0.1667, -0.0916 0.3941 0.1682, -0.0939 0.3941 0.1697, -0.0972 0.3941 0.1729, -0.0995 0.3941 0.1762, -0.0998 0.3941 0.1762, -0.0998 0.3941 0.1674, -0.1098 0.3941 0.1674, -0.1098 0.3941 0.2042, -0.109 0.3941 0.2119, -0.1074 0.3941 0.2164, -0.1054 0.3941 0.2196, -0.1027 0.3941 0.2222, -0.0993 0.3941 0.2241, -0.0951 0.3941 0.2253, -0.0767 0.3941 0.1907, -0.078 0.3941 0.1918, -0.0805 0.3941 0.1929, -0.0864 0.3941 0.1943, -0.074 0.3941 0.1835, -0.0741 0.3941 0.1851, -0.0746 0.3941 0.1874, -0.0755 0.3941 0.1893, -0.0769 0.3941 0.1768, -0.0761 0.3941 0.1777, -0.0749 0.3941 0.1794, -0.0743 0.3941 0.1812, -0.0846 0.3941 0.1742, -0.0812 0.3941 0.1746, -0.0789 0.3941 0.1755, -0.0955 0.3941 0.1789, -0.0943 0.3941 0.1777, -0.0914 0.3941 0.1758, -0.0884 0.3941 0.1747, -0.0998 0.3941 0.1906, -0.0998 0.3941 0.1899, -0.0991 0.3941 0.1855, -0.0977 0.3941 0.1819, -0.0998 0.3941 0.1961
            ]
        }
        coordIndex [
            0,1,2,-1,2,1,3,-1,4,0,5,-1,5,0,2,-1,6,4,7,-1,7,4,5,-1,8,6,9,-1,9,6,7,-1,10,8,11,-1,11,8,9,-1,12,10,13,-1,13,10,11,-1,14,12,15,-1,15,12,13,-1,16,14,17,-1,17,14,15,-1,18,16,19,-1,19,16,17,-1,20,18,21,-1,21,18,19,-1,22,20,23,-1,23,20,21,-1,1,22,3,-1,3,22,23,-1,1,0,22,-1,22,0,4,-1,8,10,6,-1,6,10,12,-1,16,18,14,-1,14,18,20,-1,14,20,12,-1,12,20,22,-1,12,22,6,-1,6,22,4,-1,24,25,26,-1,26,25,27,-1,28,29,30,-1,31,32,27,-1,27,32,33,-1,34,35,36,-1,36,35,37,-1,33,38,27,-1,27,38,39,-1,27,39,26,-1,26,39,40,-1,26,40,34,-1,34,40,41,-1,34,41,35,-1,42,43,44,-1,44,43,45,-1,44,45,46,-1,46,45,47,-1,46,47,48,-1,48,47,49,-1,48,49,50,-1,50,49,51,-1,50,51,52,-1,30,31,28,-1,28,31,27,-1,28,27,53,-1,53,27,54,-1,53,54,55,-1,55,54,56,-1,55,56,57,-1,57,56,58,-1,57,58,59,-1,59,58,60,-1,59,60,61,-1,61,60,62,-1,61,62,63,-1,63,62,64,-1,63,64,65,-1,65,64,66,-1,65,66,67,-1,67,66,68,-1,67,68,69,-1,69,68,70,-1,69,70,71,-1,71,70,72,-1,51,73,52,-1,52,73,74,-1,52,74,75,-1,75,74,76,-1,75,76,37,-1,37,76,77,-1,37,77,36,-1,78,79,80,-1,80,79,81,-1,80,81,82,-1,82,81,83,-1,82,83,42,-1,42,83,84,-1,42,84,43,-1,28,85,29,-1,29,85,86,-1,29,86,87,-1,87,86,88,-1,87,88,89,-1,89,88,90,-1,89,90,91,-1,91,90,92,-1,91,92,78,-1,78,92,93,-1,78,93,79,-1,66,94,95,-1,66,95,68,-1,68,95,96,-1,68,96,70,-1,70,96,97,-1,70,97,72,-1,71,72,98,-1,98,72,97,-1,71,98,99,-1,71,99,69,-1,69,99,100,-1,69,100,67,-1,67,100,101,-1,67,101,65,-1,65,101,102,-1,65,102,63,-1,63,102,103,-1,63,103,61,-1,61,103,104,-1,61,104,59,-1,59,104,105,-1,59,105,57,-1,57,105,106,-1,57,106,55,-1,55,106,107,-1,55,107,53,-1,53,107,108,-1,53,108,28,-1,85,28,109,-1,109,28,108,-1,85,109,110,-1,85,110,86,-1,86,110,111,-1,86,111,88,-1,88,111,112,-1,88,112,90,-1,90,112,113,-1,90,113,92,-1,92,113,114,-1,92,114,93,-1,93,114,115,-1,93,115,79,-1,79,115,116,-1,79,116,81,-1,81,116,117,-1,81,117,83,-1,83,117,118,-1,83,118,84,-1,84,118,119,-1,84,119,43,-1,43,119,120,-1,43,120,45,-1,121,73,51,-1,45,120,122,-1,45,122,47,-1,47,122,123,-1,47,123,49,-1,49,123,124,-1,49,124,51,-1,51,124,125,-1,51,125,121,-1,73,121,126,-1,127,76,126,-1,126,76,74,-1,126,74,73,-1,127,128,76,-1,76,128,129,-1,76,129,77,-1,77,129,130,-1,77,130,36,-1,36,130,131,-1,36,131,34,-1,26,34,132,-1,132,34,131,-1,24,26,133,-1,133,26,132,-1,25,24,134,-1,134,24,133,-1,27,25,135,-1,135,25,134,-1,27,135,136,-1,27,136,54,-1,54,136,137,-1,54,137,56,-1,56,137,138,-1,56,138,58,-1,58,138,139,-1,58,139,60,-1,60,139,140,-1,60,140,62,-1,62,140,141,-1,62,141,64,-1,64,141,94,-1,64,94,66,-1,87,142,143,-1,87,143,29,-1,29,143,144,-1,29,144,30,-1,30,144,145,-1,30,145,31,-1,80,146,147,-1,80,147,78,-1,78,147,148,-1,78,148,91,-1,91,148,149,-1,91,149,89,-1,89,149,142,-1,89,142,87,-1,46,150,151,-1,46,151,44,-1,44,151,152,-1,44,152,42,-1,42,152,153,-1,42,153,82,-1,82,153,146,-1,82,146,80,-1,52,154,155,-1,52,155,50,-1,50,155,156,-1,50,156,48,-1,48,156,150,-1,48,150,46,-1,41,157,158,-1,41,158,35,-1,35,158,159,-1,35,159,37,-1,37,159,160,-1,37,160,75,-1,75,160,154,-1,75,154,52,-1,33,161,162,-1,33,162,38,-1,38,162,163,-1,38,163,39,-1,39,163,164,-1,39,164,40,-1,40,164,157,-1,40,157,41,-1,33,32,161,-1,161,32,165,-1,32,31,165,-1,165,31,145,-1,
        ]
    }
}
Shape{
    appearance Appearance {
        material  Material 	{
            diffuseColor 0.2235294117647059 0.2235294117647059 0.2235294117647059
            specularColor 0.11372549019607843 0.11372549019607843 0.11372549019607843
            ambientIntensity 0.2235
            transparency 0.0
            shininess 0.5
        }
    }
    geometry IndexedFaceSet {
        ccw TRUE
        solid FALSE
        coord DEF co Coordinate {
            point [
                -0.0998 0.3941 0.1961, -0.0864 0.3941 0.1943, -0.0998 0.3941 0.1906, -0.0805 0.3941 0.1929, -0.078 0.3941 0.1918, -0.0767 0.3941 0.1907, -0.0998 0.3941 0.1899, -0.0991 0.3941 0.1855, -0.0755 0.3941 0.1893, -0.0977 0.3941 0.1819, -0.0761 0.3941 0.1777, -0.0769 0.3941 0.1768, -0.0943 0.3941 0.1777, -0.0749 0.3941 0.1794, -0.0914 0.3941 0.1758, -0.0884 0.3941 0.1747, -0.0846 0.3941 0.1742, -0.0746 0.3941 0.1874, -0.0741 0.3941 0.1851, -0.0955 0.3941 0.1789, -0.074 0.3941 0.1835, -0.0743 0.3941 0.1812, -0.0789 0.3941 0.1755, -0.0812 0.3941 0.1746
            ]
        }
        coordIndex [
            0,1,2,-1,2,1,3,-1,3,4,2,-1,2,4,5,-1,2,5,6,-1,6,5,7,-1,7,5,8,-1,7,8,9,-1,10,11,12,-1,10,12,13,-1,14,12,15,-1,15,12,16,-1,8,17,9,-1,9,17,18,-1,9,18,19,-1,19,18,20,-1,19,20,12,-1,12,20,21,-1,12,21,13,-1,11,22,12,-1,12,22,23,-1,12,23,16,-1,
        ]
    }
}
Shape{
    appearance Appearance {
        material  Material 	{
            diffuseColor 1.0 1.0 1.0
            specularColor 0.5019607843137255 0.5019607843137255 0.5019607843137255
            ambientIntensity 1.0
            transparency 0.0
            shininess 0.5
        }
    }
    geometry IndexedFaceSet {
        ccw TRUE
        solid FALSE
        coord DEF co Coordinate {
            point [
                -0.1234 0.3941 0.1797, -0.1234 0.398 0.1797, -0.127 0.398 0.1775, -0.1399 0.398 0.1742, -0.1399 0.3941 0.1742, -0.1333 0.3941 0.175, -0.1333 0.398 0.175, -0.128 0.3941 0.1771, -0.127 0.3941 0.1775, -0.1234 0.398 0.1694, -0.1234 0.3941 0.1694, -0.1304 0.398 0.1669, -0.128 0.3941 0.1677, -0.1389 0.3941 0.166, -0.1389 0.398 0.166, -0.1325 0.3941 0.1667, -0.1304 0.3941 0.1669, -0.1452 0.3941 0.1667, -0.1472 0.398 0.1669, -0.1472 0.3941 0.1669, -0.1527 0.3941 0.1688, -0.1527 0.398 0.1688, -0.1556 0.3941 0.1706, -0.1556 0.398 0.1706, -0.1585 0.3941 0.1731, -0.1585 0.398 0.1731, -0.1603 0.3941 0.1758, -0.1603 0.398 0.1758, -0.1616 0.3941 0.1789, -0.1616 0.398 0.1789, -0.162 0.3941 0.1829, -0.162 0.398 0.1829, -0.1616 0.3941 0.1867, -0.1616 0.398 0.1867, -0.1605 0.3941 0.1897, -0.1605 0.398 0.1897, -0.1587 0.3941 0.1924, -0.1587 0.398 0.1924, -0.1563 0.3941 0.1945, -0.1563 0.398 0.1945, -0.1496 0.3941 0.1982, -0.1496 0.398 0.1982, -0.1457 0.3941 0.1998, -0.1457 0.398 0.1998, -0.1395 0.3941 0.2025, -0.1395 0.398 0.2025, -0.136 0.3941 0.2047, -0.136 0.398 0.2047, -0.135 0.3941 0.2058, -0.135 0.398 0.2058, -0.1343 0.3941 0.2071, -0.1343 0.398 0.2071, -0.1339 0.3941 0.2087, -0.1339 0.398 0.2087, -0.1338 0.3941 0.21, -0.1338 0.398 0.21, -0.134 0.3941 0.2116, -0.134 0.398 0.2116, -0.1345 0.3941 0.213, -0.1345 0.398 0.213, -0.1353 0.3941 0.2143, -0.1353 0.398 0.2143, -0.1368 0.3941 0.2156, -0.1368 0.398 0.2156, -0.1391 0.3941 0.2168, -0.1391 0.398 0.2168, -0.1418 0.3941 0.2175, -0.1418 0.398 0.2175, -0.1447 0.3941 0.2177, -0.1447 0.398 0.2177, -0.1518 0.3941 0.2169, -0.1518 0.398 0.2169, -0.1575 0.3941 0.2147, -0.1575 0.398 0.2147, -0.1593 0.3941 0.2136, -0.1593 0.398 0.2136, -0.1593 0.398 0.2233, -0.1593 0.3941 0.2233, -0.1528 0.3941 0.2252, -0.1528 0.398 0.2252, -0.1457 0.3941 0.2259, -0.1457 0.398 0.2259, -0.1376 0.3941 0.2249, -0.1376 0.398 0.2249, -0.1323 0.3941 0.2228, -0.1323 0.398 0.2228, -0.1299 0.3941 0.2213, -0.1299 0.398 0.2213, -0.128 0.3941 0.2197, -0.1269 0.398 0.2187, -0.1269 0.3941 0.2187, -0.1251 0.3941 0.2159, -0.1251 0.398 0.2159, -0.1239 0.3941 0.2127, -0.1239 0.398 0.2127, -0.1235 0.3941 0.2091, -0.1235 0.398 0.2091, -0.1239 0.3941 0.2052, -0.1239 0.398 0.2052, -0.125 0.3941 0.2022, -0.125 0.398 0.2022, -0.1263 0.3941 0.2001, -0.1263 0.398 0.2001, -0.1386 0.3941 0.1925, -0.1386 0.398 0.1925, -0.1327 0.398 0.1952, -0.1279 0.3941 0.1984, -0.1279 0.398 0.1984, -0.128 0.3941 0.1983, -0.1327 0.3941 0.1952, -0.1452 0.3941 0.1897, -0.1452 0.398 0.1897, -0.1491 0.3941 0.1874, -0.1491 0.398 0.1874, -0.1504 0.3941 0.1861, -0.1504 0.398 0.1861, -0.1512 0.3941 0.1848, -0.1512 0.398 0.1848, -0.1516 0.3941 0.1832, -0.1516 0.398 0.1832, -0.1517 0.3941 0.1819, -0.1517 0.398 0.1819, -0.1515 0.3941 0.18, -0.1515 0.398 0.18, -0.151 0.3941 0.1786, -0.151 0.398 0.1786, -0.1501 0.3941 0.1773, -0.1501 0.398 0.1773, -0.149 0.3941 0.1763, -0.149 0.398 0.1763, -0.1481 0.3941 0.1757, -0.1481 0.398 0.1757, -0.1455 0.3941 0.1748, -0.1455 0.398 0.1748, -0.1403 0.3941 0.1742, -0.1403 0.398 0.1742, -0.2117 0.398 0.2246, -0.2221 0.398 0.2246, -0.2117 0.3941 0.2246, -0.2221 0.3941 0.2246, -0.1961 0.398 0.1815, -0.1961 0.3941 0.1815, -0.1954 0.3941 0.1788, -0.1954 0.398 0.1788, -0.1949 0.3941 0.1769, -0.1949 0.398 0.1769, -0.1946 0.398 0.1769, -0.1946 0.3941 0.1769, -0.1934 0.398 0.1816, -0.1934 0.3941 0.1816, -0.1785 0.3941 0.2246, -0.1785 0.398 0.2246, -0.1833 0.3941 0.2106, -0.1672 0.398 0.2246, -0.1672 0.3941 0.2246, -0.1897 0.3941 0.1675, -0.1897 0.398 0.1675, -0.1833 0.3941 0.1837, -0.1853 0.3941 0.1571, -0.1853 0.398 0.1571, -0.1893 0.3941 0.1667, -0.1833 0.3941 0.1535, -0.1832 0.398 0.1534, -0.1832 0.3941 0.1534, -0.1814 0.3941 0.1513, -0.1814 0.398 0.1513, -0.1798 0.3941 0.1502, -0.1798 0.398 0.1502, -0.1777 0.3941 0.1494, -0.1777 0.398 0.1494, -0.175 0.3941 0.149, -0.175 0.398 0.149, -0.1715 0.3941 0.1495, -0.1715 0.398 0.1495, -0.1693 0.3941 0.1502, -0.1693 0.398 0.1502, -0.1693 0.398 0.1413, -0.1693 0.3941 0.1413, -0.1723 0.3941 0.1406, -0.1723 0.398 0.1406, -0.1758 0.3941 0.1404, -0.1758 0.398 0.1404, -0.1797 0.3941 0.1409, -0.1797 0.398 0.1409, -0.1833 0.3941 0.1422, -0.1837 0.398 0.1423, -0.1837 0.3941 0.1423, -0.1872 0.3941 0.1448, -0.1872 0.398 0.1448, -0.1883 0.3941 0.1458, -0.1883 0.398 0.1458, -0.192 0.3941 0.1504, -0.192 0.398 0.1504, -0.1962 0.3941 0.1587, -0.1962 0.398 0.1587, -0.1993 0.3941 0.1667, -0.276 0.398 0.1765, -0.276 0.398 0.1674, -0.276 0.3941 0.1765, -0.276 0.3941 0.1674, -0.2433 0.3941 0.1765, -0.2433 0.398 0.1765, -0.2583 0.3941 0.1765, -0.2433 0.398 0.2034, -0.2433 0.3941 0.2034, -0.2719 0.3941 0.2034, -0.2719 0.398 0.2034, -0.2583 0.3941 0.2034, -0.2719 0.398 0.2126, -0.2719 0.3941 0.2126, -0.2433 0.3941 0.2126, -0.2433 0.398 0.2126, -0.2583 0.3941 0.2126, -0.2433 0.398 0.2382, -0.2433 0.3941 0.2382, -0.2742 0.3941 0.2382, -0.2742 0.398 0.2382, -0.2583 0.3941 0.2382, -0.2742 0.398 0.2474, -0.2742 0.3941 0.2474, -0.2329 0.3941 0.2474, -0.2329 0.398 0.2474, -0.2583 0.3941 0.2474, -0.2329 0.398 0.1674, -0.2329 0.3941 0.1674, -0.2583 0.3941 0.1674, -0.3452 0.398 0.2031, -0.3561 0.398 0.2034, -0.3455 0.398 0.2081, -0.3563 0.398 0.2084, -0.3445 0.398 0.2174, -0.3549 0.398 0.2196, -0.3423 0.398 0.2234, -0.352 0.398 0.2272, -0.3393 0.398 0.228, -0.347 0.398 0.2342, -0.3367 0.398 0.2307, -0.3442 0.398 0.2368, -0.3308 0.398 0.2346, -0.3359 0.398 0.2426, -0.3239 0.398 0.2371, -0.3262 0.398 0.2461, -0.3136 0.398 0.2382, -0.314 0.398 0.2474, -0.3015 0.398 0.2382, -0.2911 0.398 0.2474, -0.3015 0.398 0.1765, -0.2911 0.398 0.1674, -0.3131 0.398 0.1765, -0.3132 0.398 0.1674, -0.3233 0.398 0.1776, -0.3257 0.398 0.1688, -0.3301 0.398 0.18, -0.335 0.398 0.1721, -0.3354 0.398 0.1835, -0.3428 0.398 0.1773, -0.3369 0.398 0.1848, -0.3442 0.398 0.1786, -0.3409 0.398 0.1898, -0.3502 0.398 0.1857, -0.3436 0.398 0.1957, -0.3542 0.398 0.194, -0.3132 0.3941 0.1674, -0.2911 0.3941 0.1674, -0.3257 0.3941 0.1688, -0.335 0.3941 0.1721, -0.3428 0.3941 0.1773, -0.3442 0.3941 0.1786, -0.3502 0.3941 0.1857, -0.3542 0.3941 0.194, -0.3561 0.3941 0.2034, -0.3563 0.3941 0.2084, -0.3549 0.3941 0.2196, -0.352 0.3941 0.2272, -0.347 0.3941 0.2342, -0.3442 0.3941 0.2368, -0.3359 0.3941 0.2426, -0.3262 0.3941 0.2461, -0.314 0.3941 0.2474, -0.2911 0.3941 0.2474, -0.3136 0.3941 0.2382, -0.3015 0.3941 0.2382, -0.3015 0.3941 0.1765, -0.3131 0.3941 0.1765, -0.3369 0.3941 0.1848, -0.3354 0.3941 0.1835, -0.3301 0.3941 0.18, -0.3233 0.3941 0.1776, -0.3455 0.3941 0.2081, -0.3452 0.3941 0.2031, -0.3436 0.3941 0.1957, -0.3409 0.3941 0.1898, -0.3367 0.3941 0.2307, -0.3393 0.3941 0.228, -0.3423 0.3941 0.2234, -0.3445 0.3941 0.2174, -0.3239 0.3941 0.2371, -0.3308 0.3941 0.2346
            ]
        }
        coordIndex [
            0,1,2,-1,3,4,5,-1,3,5,6,-1,6,5,7,-1,6,7,2,-1,2,7,8,-1,2,8,0,-1,9,1,10,-1,10,1,0,-1,9,10,11,-1,11,10,12,-1,13,14,15,-1,15,14,11,-1,15,11,16,-1,16,11,12,-1,13,17,14,-1,14,17,18,-1,17,19,18,-1,18,19,20,-1,18,20,21,-1,21,20,22,-1,21,22,23,-1,23,22,24,-1,23,24,25,-1,25,24,26,-1,25,26,27,-1,27,26,28,-1,27,28,29,-1,29,28,30,-1,29,30,31,-1,31,30,32,-1,31,32,33,-1,33,32,34,-1,33,34,35,-1,35,34,36,-1,35,36,37,-1,37,36,38,-1,37,38,39,-1,39,38,40,-1,39,40,41,-1,41,40,42,-1,41,42,43,-1,43,42,44,-1,43,44,45,-1,45,44,46,-1,45,46,47,-1,47,46,48,-1,47,48,49,-1,49,48,50,-1,49,50,51,-1,51,50,52,-1,51,52,53,-1,53,52,54,-1,53,54,55,-1,55,54,56,-1,55,56,57,-1,57,56,58,-1,57,58,59,-1,59,58,60,-1,59,60,61,-1,61,60,62,-1,61,62,63,-1,63,62,64,-1,63,64,65,-1,65,64,66,-1,65,66,67,-1,67,66,68,-1,67,68,69,-1,69,68,70,-1,69,70,71,-1,71,70,72,-1,71,72,73,-1,73,72,74,-1,73,74,75,-1,76,75,77,-1,77,75,74,-1,76,77,78,-1,76,78,79,-1,79,78,80,-1,79,80,81,-1,81,80,82,-1,81,82,83,-1,83,82,84,-1,83,84,85,-1,85,84,86,-1,85,86,87,-1,86,88,87,-1,87,88,89,-1,88,90,89,-1,89,90,91,-1,89,91,92,-1,92,91,93,-1,92,93,94,-1,94,93,95,-1,94,95,96,-1,96,95,97,-1,96,97,98,-1,98,97,99,-1,98,99,100,-1,100,99,101,-1,100,101,102,-1,103,104,105,-1,102,101,106,-1,102,106,107,-1,107,106,108,-1,107,108,105,-1,105,108,109,-1,105,109,103,-1,104,103,110,-1,104,110,111,-1,111,110,112,-1,111,112,113,-1,113,112,114,-1,113,114,115,-1,115,114,116,-1,115,116,117,-1,117,116,118,-1,117,118,119,-1,119,118,120,-1,119,120,121,-1,121,120,122,-1,121,122,123,-1,123,122,124,-1,123,124,125,-1,125,124,126,-1,125,126,127,-1,127,126,128,-1,127,128,129,-1,129,128,130,-1,129,130,131,-1,131,130,132,-1,131,132,133,-1,133,132,134,-1,133,134,135,-1,135,134,4,-1,135,4,3,-1,61,63,85,-1,85,63,83,-1,125,25,27,-1,111,43,104,-1,104,43,45,-1,125,27,123,-1,123,27,29,-1,123,29,121,-1,121,29,31,-1,121,31,119,-1,119,31,33,-1,119,33,117,-1,117,33,35,-1,117,35,115,-1,115,35,37,-1,115,37,113,-1,113,37,39,-1,113,39,111,-1,111,39,41,-1,111,41,43,-1,25,125,23,-1,23,125,127,-1,23,127,21,-1,14,3,11,-1,11,3,6,-1,11,6,9,-1,9,6,2,-1,9,2,1,-1,63,65,83,-1,83,65,67,-1,83,67,81,-1,81,67,69,-1,81,69,79,-1,79,69,71,-1,79,71,76,-1,76,71,73,-1,76,73,75,-1,127,129,21,-1,21,129,131,-1,21,131,18,-1,18,131,133,-1,18,133,14,-1,14,133,135,-1,14,135,3,-1,85,87,61,-1,61,87,89,-1,61,89,59,-1,59,89,92,-1,59,92,57,-1,57,92,94,-1,57,94,55,-1,55,94,96,-1,55,96,53,-1,53,96,98,-1,53,98,51,-1,51,98,100,-1,51,100,49,-1,49,100,102,-1,49,102,47,-1,47,102,107,-1,47,107,45,-1,45,107,105,-1,45,105,104,-1,136,137,138,-1,138,137,139,-1,140,136,141,-1,141,136,138,-1,140,141,142,-1,140,142,143,-1,143,142,144,-1,143,144,145,-1,146,145,147,-1,147,145,144,-1,148,146,149,-1,149,146,147,-1,150,151,152,-1,152,151,148,-1,152,148,149,-1,153,151,154,-1,154,151,150,-1,155,156,157,-1,157,156,153,-1,157,153,154,-1,158,159,160,-1,160,159,156,-1,160,156,155,-1,158,161,159,-1,159,161,162,-1,161,163,162,-1,162,163,164,-1,162,164,165,-1,165,164,166,-1,165,166,167,-1,167,166,168,-1,167,168,169,-1,169,168,170,-1,169,170,171,-1,171,170,172,-1,171,172,173,-1,173,172,174,-1,173,174,175,-1,176,175,177,-1,177,175,174,-1,176,177,178,-1,176,178,179,-1,179,178,180,-1,179,180,181,-1,181,180,182,-1,181,182,183,-1,183,182,184,-1,183,184,185,-1,184,186,185,-1,185,186,187,-1,185,187,188,-1,188,187,189,-1,188,189,190,-1,190,189,191,-1,190,191,192,-1,192,191,193,-1,192,193,194,-1,139,137,195,-1,195,137,194,-1,195,194,193,-1,143,145,194,-1,137,136,194,-1,194,136,140,-1,194,140,143,-1,151,153,148,-1,148,153,156,-1,148,156,146,-1,175,176,173,-1,173,176,179,-1,173,179,171,-1,171,179,181,-1,171,181,169,-1,169,181,183,-1,169,183,167,-1,167,183,185,-1,167,185,165,-1,145,146,194,-1,194,146,156,-1,194,156,192,-1,156,159,192,-1,192,159,162,-1,192,162,190,-1,190,162,165,-1,190,165,188,-1,188,165,185,-1,196,197,198,-1,198,197,199,-1,200,201,202,-1,202,201,196,-1,202,196,198,-1,203,201,204,-1,204,201,200,-1,205,206,207,-1,207,206,203,-1,207,203,204,-1,208,206,209,-1,209,206,205,-1,210,211,212,-1,212,211,208,-1,212,208,209,-1,213,211,214,-1,214,211,210,-1,215,216,217,-1,217,216,213,-1,217,213,214,-1,218,216,219,-1,219,216,215,-1,220,221,222,-1,222,221,218,-1,222,218,219,-1,223,221,224,-1,224,221,220,-1,199,197,225,-1,225,197,223,-1,225,223,224,-1,197,196,223,-1,223,196,201,-1,206,208,203,-1,203,208,211,-1,216,218,213,-1,213,218,221,-1,213,221,211,-1,211,221,223,-1,211,223,203,-1,203,223,201,-1,226,227,228,-1,228,227,229,-1,228,229,230,-1,230,229,231,-1,230,231,232,-1,232,231,233,-1,232,233,234,-1,234,233,235,-1,234,235,236,-1,236,235,237,-1,236,237,238,-1,238,237,239,-1,238,239,240,-1,240,239,241,-1,240,241,242,-1,242,241,243,-1,242,243,244,-1,244,243,245,-1,244,245,246,-1,246,245,247,-1,246,247,248,-1,248,247,249,-1,248,249,250,-1,250,249,251,-1,250,251,252,-1,252,251,253,-1,252,253,254,-1,254,253,255,-1,254,255,256,-1,256,255,257,-1,256,257,258,-1,258,257,259,-1,258,259,260,-1,260,259,261,-1,260,261,226,-1,226,261,227,-1,249,247,262,-1,262,247,263,-1,249,262,264,-1,249,264,251,-1,251,264,265,-1,251,265,253,-1,253,265,266,-1,253,266,255,-1,255,266,267,-1,255,267,257,-1,257,267,268,-1,257,268,259,-1,259,268,269,-1,259,269,261,-1,261,269,270,-1,261,270,227,-1,227,270,271,-1,227,271,229,-1,229,271,272,-1,229,272,231,-1,231,272,273,-1,231,273,233,-1,233,273,274,-1,233,274,235,-1,235,274,275,-1,235,275,237,-1,237,275,276,-1,237,276,239,-1,239,276,277,-1,239,277,241,-1,241,277,278,-1,241,278,243,-1,245,243,279,-1,279,243,278,-1,247,245,263,-1,263,245,279,-1,242,244,280,-1,280,244,281,-1,244,246,281,-1,281,246,282,-1,246,248,282,-1,282,248,283,-1,256,284,285,-1,256,285,254,-1,254,285,286,-1,254,286,252,-1,252,286,287,-1,252,287,250,-1,250,287,283,-1,250,283,248,-1,228,288,289,-1,228,289,226,-1,226,289,290,-1,226,290,260,-1,260,290,291,-1,260,291,258,-1,258,291,284,-1,258,284,256,-1,236,292,293,-1,236,293,234,-1,234,293,294,-1,234,294,232,-1,232,294,295,-1,232,295,230,-1,230,295,288,-1,230,288,228,-1,242,280,296,-1,242,296,240,-1,240,296,297,-1,240,297,238,-1,238,297,292,-1,238,292,236,-1,
        ]
    }
}
Shape{
    appearance Appearance {
        material  Material 	{
            diffuseColor 0.2235294117647059 0.2235294117647059 0.2235294117647059
            specularColor 0.11372549019607843 0.11372549019607843 0.11372549019607843
            ambientIntensity 0.2235
            transparency 0.0
            shininess 0.5
        }
    }
    geometry IndexedFaceSet {
        ccw TRUE
        solid FALSE
        coord DEF co Coordinate {
            point [
                -0.3015 0.3941 0.2382, -0.3015 0.3941 0.1765, -0.3136 0.3941 0.2382, -0.3131 0.3941 0.1765, -0.3233 0.3941 0.1776, -0.3301 0.3941 0.18, -0.3354 0.3941 0.1835, -0.3369 0.3941 0.1848, -0.3409 0.3941 0.1898, -0.3436 0.3941 0.1957, -0.3452 0.3941 0.2031, -0.3455 0.3941 0.2081, -0.3445 0.3941 0.2174, -0.3423 0.3941 0.2234, -0.3393 0.3941 0.228, -0.3367 0.3941 0.2307, -0.3239 0.3941 0.2371, -0.3308 0.3941 0.2346
            ]
        }
        coordIndex [
            0,1,2,-1,2,1,3,-1,2,3,4,-1,4,5,2,-1,2,5,6,-1,2,6,7,-1,7,8,2,-1,2,8,9,-1,2,9,10,-1,10,11,2,-1,2,11,12,-1,2,12,13,-1,13,14,2,-1,2,14,15,-1,2,15,16,-1,16,15,17,-1,
        ]
    }
}
Shape{
    appearance Appearance {
        material  Material 	{
            diffuseColor 1.0 1.0 1.0
            specularColor 0.5019607843137255 0.5019607843137255 0.5019607843137255
            ambientIntensity 1.0
            transparency 0.0
            shininess 0.5
        }
    }
    geometry IndexedFaceSet {
        ccw TRUE
        solid FALSE
        coord DEF co Coordinate {
            point [
                -0.3832 0.398 0.1983, -0.3951 0.398 0.2316, -0.3913 0.398 0.2474, -0.3608 0.398 0.1674, -0.3722 0.398 0.1674, -0.3799 0.398 0.1893, -0.3958 0.398 0.234, -0.3964 0.398 0.2372, -0.4023 0.398 0.2474, -0.3967 0.398 0.2372, -0.3973 0.398 0.2338, -0.3979 0.398 0.2316, -0.41 0.398 0.1983, -0.4328 0.398 0.1674, -0.4214 0.398 0.1674, -0.4132 0.398 0.1893, -0.4023 0.3941 0.2474, -0.4328 0.3941 0.1674, -0.3913 0.3941 0.2474, -0.3608 0.3941 0.1674, -0.3722 0.3941 0.1674, -0.3799 0.3941 0.1893, -0.4132 0.3941 0.1893, -0.4214 0.3941 0.1674, -0.3832 0.3941 0.1983, -0.41 0.3941 0.1983, -0.3979 0.3941 0.2316, -0.3967 0.3941 0.2372, -0.3973 0.3941 0.2338, -0.3964 0.3941 0.2372, -0.3951 0.3941 0.2316, -0.3958 0.3941 0.234
            ]
        }
        coordIndex [
            0,1,2,-1,3,4,5,-1,1,6,2,-1,2,6,7,-1,2,7,8,-1,8,7,9,-1,8,9,10,-1,10,11,8,-1,8,11,12,-1,8,12,13,-1,14,13,15,-1,15,13,12,-1,15,12,5,-1,5,12,0,-1,5,0,3,-1,3,0,2,-1,8,13,16,-1,16,13,17,-1,2,8,18,-1,18,8,16,-1,3,2,19,-1,19,2,18,-1,4,3,20,-1,20,3,19,-1,5,4,21,-1,21,4,20,-1,15,5,22,-1,22,5,21,-1,14,15,23,-1,23,15,22,-1,13,14,17,-1,17,14,23,-1,0,12,24,-1,24,12,25,-1,12,11,25,-1,25,11,26,-1,9,27,28,-1,9,28,10,-1,10,28,26,-1,10,26,11,-1,9,7,27,-1,27,7,29,-1,1,30,31,-1,1,31,6,-1,6,31,29,-1,6,29,7,-1,1,0,30,-1,30,0,24,-1,
        ]
    }
}
Shape{
    appearance Appearance {
        material  Material 	{
            diffuseColor 0.2235294117647059 0.2235294117647059 0.2235294117647059
            specularColor 0.11372549019607843 0.11372549019607843 0.11372549019607843
            ambientIntensity 0.2235
            transparency 0.0
            shininess 0.5
        }
    }
    geometry IndexedFaceSet {
        ccw TRUE
        solid FALSE
        coord DEF co Coordinate {
            point [
                -0.3967 0.3941 0.2372, -0.3964 0.3941 0.2372, -0.3973 0.3941 0.2338, -0.3958 0.3941 0.234, -0.3979 0.3941 0.2316, -0.3951 0.3941 0.2316, -0.41 0.3941 0.1983, -0.3832 0.3941 0.1983
            ]
        }
        coordIndex [
            0,1,2,-1,2,1,3,-1,2,3,4,-1,4,3,5,-1,4,5,6,-1,6,5,7,-1,
        ]
    }
}
Shape{
    appearance Appearance {
        material  Material 	{
            diffuseColor 1.0 1.0 1.0
            specularColor 0.5019607843137255 0.5019607843137255 0.5019607843137255
            ambientIntensity 1.0
            transparency 0.0
            shininess 0.5
        }
    }
    geometry IndexedFaceSet {
        ccw TRUE
        solid FALSE
        coord DEF co Coordinate {
            point [
                0.3424 0.398 0.1561, 0.334 0.398 0.1456, 0.3476 0.398 0.2064, 0.1398 0.398 0.2979, 0.1386 0.398 0.2906, 0.1107 0.398 0.3214, 0.1574 0.398 0.2343, 0.1751 0.398 0.2644, 0.2514 0.398 0.2246, 0.2908 0.398 0.2077, 0.2854 0.398 0.2061, 0.3573 0.398 0.3054, 0.3446 0.398 0.3121, 0.3479 0.398 0.347, 0.3254 0.398 0.3498, 0.2807 0.398 0.2032, 0.2769 0.398 0.1992, 0.2371 0.398 0.1921, 0.3123 0.398 0.3487, 0.2946 0.398 0.3071, 0.2875 0.398 0.3226, 0.3599 0.398 0.2139, 0.3554 0.398 0.1704, 0.3481 0.398 0.1682, 0.2742 0.398 0.1946, 0.2727 0.398 0.1895, 0.2371 0.398 0.1864, 0.2725 0.398 0.1839, 0.3 0.398 0.2074, 0.3076 0.398 0.2423, 0.305 0.398 0.2055, 0.3202 0.398 0.2375, 0.3095 0.398 0.2024, 0.3318 0.398 0.2294, 0.3122 0.398 0.1994, 0.3412 0.398 0.2187, 0.315 0.398 0.1946, 0.3166 0.398 0.1892, 0.2733 0.398 0.2401, 0.2871 0.398 0.2435, 0.294 0.398 0.2439, 0.3006 0.398 0.3623, 0.2754 0.398 0.3382, 0.2872 0.398 0.3737, 0.2599 0.398 0.3504, 0.2734 0.398 0.3823, 0.3306 0.398 0.3154, 0.3248 0.398 0.3157, 0.3188 0.398 0.3495, 0.3116 0.398 0.3141, 0.2989 0.398 0.3094, 0.3095 0.398 0.1695, 0.305 0.398 0.1663, 0.3229 0.398 0.1372, 0.2998 0.398 0.1643, 0.1341 0.398 0.2906, 0.1233 0.398 0.2893, 0.1056 0.398 0.3195, 0.1134 0.398 0.2855, 0.0889 0.398 0.3106, 0.1045 0.398 0.2793, 0.0739 0.398 0.2971, 0.0979 0.398 0.2719, 0.0628 0.398 0.2805, 0.0926 0.398 0.262, 0.0564 0.398 0.263, 0.0899 0.398 0.2511, 0.0544 0.398 0.2468, 0.0897 0.398 0.2462, 0.0545 0.398 0.2424, 0.091 0.398 0.2352, 0.1624 0.398 0.1673, 0.1608 0.398 0.1671, 0.1563 0.398 0.2018, 0.2471 0.398 0.3925, 0.2415 0.398 0.3585, 0.2189 0.398 0.3959, 0.38 0.398 0.2725, 0.4174 0.398 0.2629, 0.3817 0.398 0.2587, 0.4176 0.398 0.2576, 0.3811 0.398 0.2504, 0.4148 0.398 0.2352, 0.3771 0.398 0.2364, 0.4066 0.398 0.214, 0.3701 0.398 0.2244, 0.3937 0.398 0.1956, 0.376 0.398 0.1805, 0.2946 0.398 0.2081, 0.2613 0.398 0.2336, 0.1307 0.398 0.2018, 0.1272 0.398 0.1671, 0.1205 0.398 0.2037, 0.1108 0.398 0.1703, 0.1105 0.398 0.2084, 0.0932 0.398 0.1781, 0.102 0.398 0.2152, 0.0781 0.398 0.19, 0.1012 0.398 0.2161, 0.0754 0.398 0.1927, 0.095 0.398 0.225, 0.0655 0.398 0.2061, 0.0577 0.398 0.2238, 0.369 0.398 0.3388, 0.387 0.398 0.3261, 0.3673 0.398 0.2965, 0.3908 0.398 0.3225, 0.3752 0.398 0.2852, 0.4046 0.398 0.3048, 0.4136 0.398 0.2843, 0.3131 0.398 0.1736, 0.3155 0.398 0.1784, 0.3167 0.398 0.1836, 0.2226 0.398 0.3617, 0.2183 0.398 0.3618, 0.1954 0.398 0.3935, 0.2018 0.398 0.36, 0.1669 0.398 0.3834, 0.1837 0.398 0.3539, 0.1415 0.398 0.3663, 0.1674 0.398 0.3434, 0.1228 0.398 0.3448, 0.1577 0.398 0.3339, 0.1465 0.398 0.3171, 0.3097 0.398 0.1317, 0.2963 0.398 0.1296, 0.2946 0.398 0.1637, 0.294 0.398 0.1295, 0.2892 0.398 0.1643, 0.2803 0.398 0.1312, 0.2842 0.398 0.1663, 0.2676 0.398 0.1361, 0.2798 0.398 0.1693, 0.2563 0.398 0.144, 0.2762 0.398 0.1735, 0.2474 0.398 0.1539, 0.2737 0.398 0.1784, 0.2407 0.398 0.1666, 0.2374 0.398 0.1807, 0.1769 0.398 0.181, 0.1756 0.398 0.1771, 0.1591 0.398 0.2023, 0.1732 0.398 0.1735, 0.1702 0.398 0.1706, 0.1773 0.398 0.1847, 0.1597 0.398 0.2024, 0.1772 0.398 0.1867, 0.1635 0.398 0.202, 0.1674 0.398 0.2006, 0.1574 0.398 0.202, 0.1662 0.398 0.1683, 0.171 0.398 0.1982, 0.174 0.398 0.195, 0.1762 0.398 0.1911, 0.0544 0.3941 0.2468, 0.0564 0.3941 0.263, 0.059 0.3941 0.2702, 0.0628 0.3941 0.2805, 0.0739 0.3941 0.2971, 0.0889 0.3941 0.3106, 0.1056 0.3941 0.3195, 0.1107 0.3941 0.3214, 0.1228 0.3941 0.3448, 0.1415 0.3941 0.3663, 0.1546 0.3941 0.3751, 0.1669 0.3941 0.3834, 0.1954 0.3941 0.3935, 0.2189 0.3941 0.3959, 0.2471 0.3941 0.3925, 0.2734 0.3941 0.3823, 0.285 0.3941 0.3751, 0.2872 0.3941 0.3737, 0.3006 0.3941 0.3623, 0.3123 0.3941 0.3487, 0.3188 0.3941 0.3495, 0.3254 0.3941 0.3498, 0.3479 0.3941 0.347, 0.369 0.3941 0.3388, 0.387 0.3941 0.3261, 0.3908 0.3941 0.3225, 0.4136 0.3941 0.2843, 0.4046 0.3941 0.3048, 0.4161 0.3941 0.2702, 0.4174 0.3941 0.2629, 0.4176 0.3941 0.2576, 0.4148 0.3941 0.2352, 0.4066 0.3941 0.214, 0.3937 0.3941 0.1956, 0.376 0.3941 0.1805, 0.3554 0.3941 0.1704, 0.3481 0.3941 0.1682, 0.3474 0.3941 0.1667, 0.3424 0.3941 0.1561, 0.334 0.3941 0.1456, 0.3229 0.3941 0.1372, 0.3176 0.3941 0.135, 0.3097 0.3941 0.1317, 0.2963 0.3941 0.1296, 0.294 0.3941 0.1295, 0.2371 0.3941 0.1864, 0.2803 0.3941 0.1312, 0.2705 0.3941 0.135, 0.2676 0.3941 0.1361, 0.2563 0.3941 0.144, 0.2474 0.3941 0.1539, 0.2407 0.3941 0.1666, 0.2407 0.3941 0.1667, 0.2374 0.3941 0.1807, 0.2371 0.3941 0.1921, 0.1574 0.3941 0.2343, 0.1751 0.3941 0.2644, 0.2514 0.3941 0.2246, 0.2613 0.3941 0.2336, 0.2733 0.3941 0.2401, 0.2871 0.3941 0.2435, 0.294 0.3941 0.2439, 0.3076 0.3941 0.2423, 0.3202 0.3941 0.2375, 0.3318 0.3941 0.2294, 0.3412 0.3941 0.2187, 0.3476 0.3941 0.2064, 0.3599 0.3941 0.2139, 0.3701 0.3941 0.2244, 0.3771 0.3941 0.2364, 0.3811 0.3941 0.2504, 0.3817 0.3941 0.2587, 0.3803 0.3941 0.2702, 0.38 0.3941 0.2725, 0.3752 0.3941 0.2852, 0.3673 0.3941 0.2965, 0.3573 0.3941 0.3054, 0.3446 0.3941 0.3121, 0.3306 0.3941 0.3154, 0.3248 0.3941 0.3157, 0.3116 0.3941 0.3141, 0.2989 0.3941 0.3094, 0.2946 0.3941 0.3071, 0.2875 0.3941 0.3226, 0.2754 0.3941 0.3382, 0.2599 0.3941 0.3504, 0.2415 0.3941 0.3585, 0.2226 0.3941 0.3617, 0.2183 0.3941 0.3618, 0.2018 0.3941 0.36, 0.1837 0.3941 0.3539, 0.1674 0.3941 0.3434, 0.1577 0.3941 0.3339, 0.1465 0.3941 0.3171, 0.1398 0.3941 0.2979, 0.1386 0.3941 0.2906, 0.1341 0.3941 0.2906, 0.1233 0.3941 0.2893, 0.1134 0.3941 0.2855, 0.1045 0.3941 0.2793, 0.0979 0.3941 0.2719, 0.097 0.3941 0.2702, 0.0926 0.3941 0.262, 0.0899 0.3941 0.2511, 0.0897 0.3941 0.2462, 0.091 0.3941 0.2352, 0.095 0.3941 0.225, 0.1012 0.3941 0.2161, 0.102 0.3941 0.2152, 0.1105 0.3941 0.2084, 0.1205 0.3941 0.2037, 0.1307 0.3941 0.2018, 0.1563 0.3941 0.2018, 0.1574 0.3941 0.202, 0.1591 0.3941 0.2023, 0.1597 0.3941 0.2024, 0.1635 0.3941 0.202, 0.1674 0.3941 0.2006, 0.171 0.3941 0.1982, 0.174 0.3941 0.195, 0.1762 0.3941 0.1911, 0.1772 0.3941 0.1867, 0.1773 0.3941 0.1847, 0.1769 0.3941 0.181, 0.1756 0.3941 0.1771, 0.1732 0.3941 0.1735, 0.1702 0.3941 0.1706, 0.1662 0.3941 0.1683, 0.1624 0.3941 0.1673, 0.1608 0.3941 0.1671, 0.1272 0.3941 0.1671, 0.1108 0.3941 0.1703, 0.0932 0.3941 0.1781, 0.0781 0.3941 0.19, 0.0754 0.3941 0.1927, 0.0655 0.3941 0.2061, 0.0577 0.3941 0.2238, 0.0545 0.3941 0.2424, 0.2946 0.3941 0.2081, 0.2908 0.3941 0.2077, 0.2854 0.3941 0.2061, 0.2807 0.3941 0.2032, 0.2769 0.3941 0.1992, 0.2742 0.3941 0.1946, 0.2727 0.3941 0.1895, 0.2725 0.3941 0.1839, 0.2737 0.3941 0.1784, 0.2762 0.3941 0.1735, 0.2798 0.3941 0.1693, 0.2842 0.3941 0.1663, 0.2892 0.3941 0.1643, 0.2946 0.3941 0.1637, 0.2998 0.3941 0.1643, 0.305 0.3941 0.1663, 0.3095 0.3941 0.1695, 0.3131 0.3941 0.1736, 0.3155 0.3941 0.1784, 0.3167 0.3941 0.1836, 0.3166 0.3941 0.1892, 0.315 0.3941 0.1946, 0.3122 0.3941 0.1994, 0.3095 0.3941 0.2024, 0.305 0.3941 0.2055, 0.3 0.3941 0.2074
            ]
        }
        coordIndex [
            0,1,2,-1,3,4,5,-1,6,7,8,-1,9,10,6,-1,11,12,13,-1,13,12,14,-1,10,15,6,-1,6,15,16,-1,6,16,17,-1,18,19,20,-1,21,22,2,-1,2,22,23,-1,2,23,0,-1,16,24,17,-1,17,24,25,-1,17,25,26,-1,26,25,27,-1,28,29,30,-1,30,29,31,-1,30,31,32,-1,32,31,33,-1,32,33,34,-1,34,33,35,-1,34,35,36,-1,36,35,2,-1,36,2,37,-1,38,39,28,-1,28,39,40,-1,28,40,29,-1,18,20,41,-1,41,20,42,-1,41,42,43,-1,43,42,44,-1,43,44,45,-1,12,46,14,-1,14,46,47,-1,14,47,48,-1,48,47,49,-1,48,49,18,-1,18,49,50,-1,18,50,19,-1,51,1,52,-1,52,1,53,-1,52,53,54,-1,4,55,5,-1,5,55,56,-1,5,56,57,-1,57,56,58,-1,57,58,59,-1,59,58,60,-1,59,60,61,-1,61,60,62,-1,61,62,63,-1,63,62,64,-1,63,64,65,-1,65,64,66,-1,65,66,67,-1,67,66,68,-1,67,68,69,-1,69,68,70,-1,71,72,73,-1,45,44,74,-1,74,44,75,-1,74,75,76,-1,77,78,79,-1,79,78,80,-1,79,80,81,-1,81,80,82,-1,81,82,83,-1,83,82,84,-1,83,84,85,-1,85,84,86,-1,85,86,21,-1,21,86,87,-1,21,87,22,-1,9,6,88,-1,88,6,8,-1,88,8,28,-1,28,8,89,-1,28,89,38,-1,73,72,90,-1,90,72,91,-1,90,91,92,-1,92,91,93,-1,92,93,94,-1,94,93,95,-1,94,95,96,-1,96,95,97,-1,96,97,98,-1,98,97,99,-1,98,99,100,-1,100,99,101,-1,100,101,70,-1,70,101,102,-1,70,102,69,-1,13,103,11,-1,11,103,104,-1,11,104,105,-1,105,104,106,-1,105,106,107,-1,107,106,108,-1,107,108,77,-1,77,108,109,-1,77,109,78,-1,51,110,1,-1,1,110,111,-1,1,111,2,-1,2,111,112,-1,2,112,37,-1,75,113,76,-1,76,113,114,-1,76,114,115,-1,115,114,116,-1,115,116,117,-1,117,116,118,-1,117,118,119,-1,119,118,120,-1,119,120,121,-1,121,120,122,-1,121,122,5,-1,5,122,123,-1,5,123,3,-1,53,124,54,-1,54,124,125,-1,54,125,126,-1,126,125,127,-1,126,127,128,-1,128,127,129,-1,128,129,130,-1,130,129,131,-1,130,131,132,-1,132,131,133,-1,132,133,134,-1,134,133,135,-1,134,135,136,-1,136,135,137,-1,136,137,27,-1,27,137,138,-1,27,138,26,-1,139,140,141,-1,141,140,142,-1,141,142,143,-1,139,141,144,-1,144,141,145,-1,144,145,146,-1,146,145,147,-1,146,147,148,-1,73,149,71,-1,71,149,141,-1,71,141,150,-1,150,141,143,-1,148,151,146,-1,146,151,152,-1,146,152,153,-1,67,154,155,-1,67,155,65,-1,65,155,156,-1,65,156,63,-1,156,157,63,-1,63,157,158,-1,63,158,61,-1,61,158,159,-1,61,159,59,-1,59,159,160,-1,59,160,57,-1,57,160,161,-1,57,161,5,-1,5,161,162,-1,5,162,121,-1,121,162,163,-1,121,163,119,-1,117,119,164,-1,164,119,163,-1,164,165,117,-1,117,165,166,-1,117,166,115,-1,115,166,167,-1,115,167,76,-1,76,167,168,-1,76,168,74,-1,74,168,169,-1,74,169,45,-1,45,169,43,-1,43,169,170,-1,43,170,171,-1,43,171,172,-1,43,172,41,-1,41,172,173,-1,41,173,18,-1,18,173,174,-1,18,174,48,-1,48,174,175,-1,48,175,14,-1,14,175,176,-1,14,176,13,-1,13,176,177,-1,13,177,103,-1,103,177,178,-1,103,178,104,-1,104,178,179,-1,104,179,106,-1,180,108,181,-1,181,108,106,-1,181,106,179,-1,182,78,180,-1,180,78,109,-1,180,109,108,-1,182,183,78,-1,78,183,184,-1,78,184,80,-1,80,184,185,-1,80,185,82,-1,82,185,186,-1,82,186,84,-1,84,186,187,-1,84,187,86,-1,86,187,188,-1,86,188,87,-1,87,188,189,-1,87,189,22,-1,22,189,190,-1,22,190,23,-1,23,190,191,-1,23,191,0,-1,191,192,0,-1,0,192,193,-1,0,193,1,-1,1,193,194,-1,1,194,53,-1,53,194,195,-1,53,195,124,-1,195,196,124,-1,124,196,197,-1,124,197,125,-1,125,197,198,-1,125,198,127,-1,199,26,138,-1,127,198,200,-1,201,131,200,-1,200,131,129,-1,200,129,127,-1,201,202,131,-1,131,202,203,-1,131,203,133,-1,133,203,204,-1,133,204,135,-1,135,204,205,-1,135,205,137,-1,137,205,206,-1,137,206,138,-1,138,206,207,-1,138,207,199,-1,17,26,208,-1,208,26,199,-1,6,17,209,-1,209,17,208,-1,7,6,210,-1,210,6,209,-1,8,7,211,-1,211,7,210,-1,8,211,212,-1,8,212,89,-1,89,212,213,-1,89,213,38,-1,38,213,214,-1,38,214,39,-1,39,214,215,-1,39,215,40,-1,40,215,216,-1,40,216,29,-1,29,216,217,-1,29,217,31,-1,31,217,218,-1,31,218,33,-1,33,218,219,-1,33,219,35,-1,35,219,220,-1,35,220,2,-1,2,220,221,-1,2,221,21,-1,21,221,222,-1,21,222,85,-1,85,222,223,-1,85,223,83,-1,83,223,224,-1,83,224,81,-1,81,224,225,-1,81,225,79,-1,225,226,79,-1,79,226,77,-1,226,227,77,-1,77,227,228,-1,77,228,107,-1,107,228,229,-1,107,229,105,-1,105,229,230,-1,105,230,11,-1,11,230,231,-1,11,231,12,-1,12,231,232,-1,12,232,46,-1,46,232,233,-1,46,233,47,-1,47,233,234,-1,47,234,49,-1,49,234,235,-1,49,235,50,-1,50,235,236,-1,50,236,19,-1,19,236,237,-1,19,237,20,-1,20,237,238,-1,20,238,42,-1,42,238,239,-1,42,239,44,-1,44,239,240,-1,44,240,75,-1,75,240,241,-1,75,241,113,-1,113,241,242,-1,113,242,114,-1,114,242,243,-1,114,243,116,-1,116,243,244,-1,116,244,118,-1,118,244,245,-1,118,245,120,-1,120,245,246,-1,120,246,122,-1,122,246,247,-1,122,247,123,-1,123,247,248,-1,123,248,3,-1,3,248,249,-1,3,249,4,-1,55,4,250,-1,250,4,249,-1,55,250,251,-1,55,251,56,-1,56,251,252,-1,56,252,58,-1,58,252,253,-1,58,253,60,-1,60,253,254,-1,60,254,62,-1,62,254,255,-1,62,255,64,-1,255,256,64,-1,64,256,257,-1,64,257,66,-1,66,257,258,-1,66,258,68,-1,68,258,259,-1,68,259,70,-1,70,259,260,-1,70,260,100,-1,100,260,261,-1,100,261,98,-1,98,261,262,-1,98,262,96,-1,96,262,263,-1,96,263,94,-1,94,263,264,-1,94,264,92,-1,92,264,265,-1,92,265,90,-1,73,90,266,-1,266,90,265,-1,73,266,267,-1,73,267,149,-1,149,267,268,-1,149,268,141,-1,141,268,269,-1,141,269,145,-1,145,269,270,-1,145,270,147,-1,147,270,271,-1,147,271,148,-1,148,271,272,-1,148,272,151,-1,151,272,273,-1,151,273,152,-1,152,273,274,-1,152,274,153,-1,153,274,275,-1,153,275,146,-1,146,275,276,-1,146,276,144,-1,144,276,277,-1,144,277,139,-1,139,277,278,-1,139,278,140,-1,140,278,279,-1,140,279,142,-1,142,279,280,-1,142,280,143,-1,143,280,281,-1,143,281,150,-1,150,281,282,-1,150,282,71,-1,71,282,283,-1,71,283,72,-1,91,72,284,-1,284,72,283,-1,91,284,285,-1,91,285,93,-1,93,285,286,-1,93,286,95,-1,95,286,287,-1,95,287,97,-1,97,287,288,-1,97,288,99,-1,99,288,289,-1,99,289,101,-1,101,289,290,-1,101,290,102,-1,102,290,291,-1,102,291,69,-1,69,291,154,-1,69,154,67,-1,88,292,293,-1,88,293,9,-1,9,293,294,-1,9,294,10,-1,10,294,295,-1,10,295,15,-1,15,295,296,-1,15,296,16,-1,16,296,297,-1,16,297,24,-1,24,297,298,-1,24,298,25,-1,25,298,299,-1,25,299,27,-1,27,299,300,-1,27,300,136,-1,136,300,301,-1,136,301,134,-1,134,301,302,-1,134,302,132,-1,132,302,303,-1,132,303,130,-1,130,303,304,-1,130,304,128,-1,128,304,305,-1,128,305,126,-1,126,305,306,-1,126,306,54,-1,54,306,307,-1,54,307,52,-1,52,307,308,-1,52,308,51,-1,51,308,309,-1,51,309,110,-1,110,309,310,-1,110,310,111,-1,111,310,311,-1,111,311,112,-1,112,311,312,-1,112,312,37,-1,37,312,313,-1,37,313,36,-1,36,313,314,-1,36,314,34,-1,34,314,315,-1,34,315,32,-1,32,315,316,-1,32,316,30,-1,30,316,317,-1,30,317,28,-1,28,317,292,-1,28,292,88,-1,
        ]
    }
}
Shape{
    appearance Appearance {
        material  Material 	{
            diffuseColor 0.2235294117647059 0.2235294117647059 0.2235294117647059
            specularColor 0.11372549019607843 0.11372549019607843 0.11372549019607843
            ambientIntensity 0.2235
            transparency 0.0
            shininess 0.5
        }
    }
    geometry IndexedFaceSet {
        ccw TRUE
        solid FALSE
        coord DEF co Coordinate {
            point [
                0.2946 0.3941 0.1637, 0.3095 0.3941 0.2024, 0.3122 0.3941 0.1994, 0.2946 0.3941 0.2081, 0.2908 0.3941 0.2077, 0.2892 0.3941 0.1643, 0.3 0.3941 0.2074, 0.305 0.3941 0.2055, 0.2798 0.3941 0.1693, 0.2769 0.3941 0.1992, 0.2807 0.3941 0.2032, 0.3155 0.3941 0.1784, 0.3131 0.3941 0.1736, 0.3095 0.3941 0.1695, 0.2842 0.3941 0.1663, 0.2854 0.3941 0.2061, 0.315 0.3941 0.1946, 0.3166 0.3941 0.1892, 0.3167 0.3941 0.1836, 0.305 0.3941 0.1663, 0.2998 0.3941 0.1643, 0.2737 0.3941 0.1784, 0.2725 0.3941 0.1839, 0.2762 0.3941 0.1735, 0.2727 0.3941 0.1895, 0.2742 0.3941 0.1946
            ]
        }
        coordIndex [
            0,1,2,-1,3,0,4,-1,4,0,5,-1,3,6,0,-1,0,6,7,-1,0,7,1,-1,8,9,10,-1,11,12,2,-1,2,12,13,-1,5,14,4,-1,4,14,8,-1,4,8,15,-1,15,8,10,-1,16,17,2,-1,2,17,18,-1,2,18,11,-1,13,19,2,-1,2,19,20,-1,2,20,0,-1,21,22,23,-1,23,22,24,-1,23,24,8,-1,8,24,25,-1,8,25,9,-1,
        ]
    }
}