#VRML V2.0 utf8
# 3D model generated by easyeda2kicad.py (https://github.com/uPesy/easyeda2kicad.py)

Shape{
    appearance Appearance {
        material  Material 	{
            diffuseColor 0.9882352941176471 0.7372549019607844 0.5176470588235295
            specularColor 0.49411764705882355 0.3686274509803922 0.25882352941176473
            ambientIntensity 0.7873
            transparency 0.0
            shininess 0.5
        }
    }
    geometry IndexedFaceSet {
        ccw TRUE
        solid FALSE
        coord DEF co Coordinate {
            point [
                0.8229 -0.5315 0.0, 0.8229 -0.6653 0.0, -0.0474 -0.6653 0.0, -0.133 -0.1457 0.0, -0.1371 -0.1557 0.0, -0.8228 0.5315 0.0, -0.2215 -0.2359 0.0, -0.183 -0.2452 0.0, -0.2382 -0.3047 0.0, -0.174 -0.2874 0.0, -0.2395 -0.3119 0.0, -0.0717 -0.312 0.0, -0.071 -0.312 0.0, -0.0474 -0.3119 0.0, -0.0707 -0.3119 0.0, -0.0706 -0.3119 0.0, -0.1659 -0.3185 0.0, -0.1658 -0.3185 0.0, -0.1656 -0.3184 0.0, -0.1653 -0.3181 0.0, -0.165 -0.3176 0.0, -0.0721 -0.3119 0.0, -0.0719 -0.312 0.0, -0.1655 -0.3183 0.0, -0.1648 -0.3169 0.0, -0.1644 -0.3139 0.0, -0.1642 -0.3119 0.0, -0.2412 -0.3179 0.0, -0.241 -0.3177 0.0, -0.169 -0.3119 0.0, -0.2407 -0.3173 0.0, -0.2404 -0.3166 0.0, -0.1697 -0.3089 0.0, -0.2402 -0.316 0.0, -0.1667 -0.3182 0.0, -0.1664 -0.3184 0.0, -0.1662 -0.3185 0.0, -0.243 -0.316 0.0, -0.2429 -0.3168 0.0, -0.8228 -0.5315 0.0, -0.2428 -0.3172 0.0, -0.8228 -0.6653 0.0, -0.2426 -0.3175 0.0, -0.2425 -0.3177 0.0, -0.2432 -0.315 0.0, -0.2435 -0.3119 0.0, -0.2433 -0.3135 0.0, -0.168 -0.3157 0.0, -0.2417 -0.318 0.0, -0.2415 -0.318 0.0, -0.1676 -0.3167 0.0, -0.1673 -0.3174 0.0, -0.167 -0.3179 0.0, -0.2423 -0.3179 0.0, -0.2421 -0.318 0.0, -0.2419 -0.318 0.0, -1.0236 0.315 0.0, -1.0236 0.5315 0.0, -0.8228 0.315 0.0, -0.1205 -0.3006 0.0, -0.1151 -0.3033 0.0, -0.2451 -0.2873 0.0, -0.2454 -0.2878 0.0, -0.0579 -0.299 0.0, -0.0579 -0.2988 0.0, -0.0977 -0.1316 0.0, -0.1039 -0.1311 0.0, -0.0474 0.6654 0.0, -0.1127 -0.1317 0.0, -0.8228 0.6654 0.0, -0.2009 -0.1249 0.0, -0.1417 -0.1847 0.0, -0.8228 -0.3119 0.0, -0.2455 -0.2888 0.0, -0.2453 -0.2917 0.0, -0.2452 -0.2929 0.0, -0.058 -0.2985 0.0, -0.0582 -0.2979 0.0, -0.0583 -0.2977 0.0, -0.0585 -0.2975 0.0, -0.0584 -0.141 0.0, -0.058 -0.1402 0.0, -0.0691 -0.2973 0.0, -0.0691 -0.149 0.0, -0.0606 -0.2973 0.0, -0.0595 -0.2972 0.0, -0.1193 -0.1333 0.0, -0.1242 -0.1359 0.0, -0.1285 -0.1396 0.0, -0.2455 -0.2882 0.0, -0.245 -0.2959 0.0, -1.0236 -0.5315 0.0, -1.0236 -0.3149 0.0, -0.8228 -0.3149 0.0, -0.2439 -0.3086 0.0, -0.0577 -0.1393 0.0, -0.0577 -0.1386 0.0, -0.0579 -0.1378 0.0, -0.0581 -0.1373 0.0, -0.0586 -0.2974 0.0, -0.0589 -0.2973 0.0, -0.0589 -0.2973 0.0, -0.163 -0.2884 0.0, -0.1363 -0.2781 0.0, -0.1624 -0.2901 0.0, -0.1302 -0.2901 0.0, -0.1623 -0.2927 0.0, -0.1253 -0.2966 0.0, -0.1627 -0.2982 0.0, -0.1033 -0.3057 0.0, -0.0929 -0.307 0.0, -0.0804 -0.3084 0.0, -0.1717 -0.2599 0.0, -0.1433 -0.2291 0.0, -0.1412 -0.2578 0.0, -0.164 -0.3101 0.0, -0.0758 -0.3096 0.0, -0.0728 -0.3114 0.0, -0.1635 -0.2874 0.0, -0.1649 -0.2849 0.0, -0.1686 -0.2725 0.0, -0.2048 -0.1249 0.0, -0.2323 -0.2464 0.0, -0.2357 -0.2605 0.0, -0.0586 -0.3002 0.0, -0.0582 -0.2997 0.0, -0.058 -0.2993 0.0, -0.0748 -0.1365 0.0, -0.0807 -0.136 0.0, -0.0915 -0.1328 0.0, -0.2372 -0.2672 0.0, -0.2391 -0.2738 0.0, -0.2411 -0.2792 0.0, -0.2429 -0.2843 0.0, -0.2441 -0.2861 0.0, -0.0654 -0.147 0.0, -0.0604 -0.1427 0.0, -0.0591 -0.1418 0.0, -0.0585 -0.1368 0.0, -0.0589 -0.1365 0.0, -0.064 -0.1374 0.0, -0.0672 -0.1481 0.0, -0.07 -0.1374 0.0, -0.0724 -0.1369 0.0, -0.0697 -0.3113 0.0, -0.0658 -0.3079 0.0, -0.0632 -0.3052 0.0, -0.0598 -0.3016 0.0, -0.0591 -0.3008 0.0, 0.8229 -0.3149 0.0, 1.0236 -0.3149 0.0, 1.0236 -0.5315 0.0, 0.8229 0.6654 0.0, 0.8229 0.5315 0.0, 0.0921 -0.1305 0.0, 0.0858 -0.1339 0.0, 0.072 -0.1314 0.0, 1.0236 0.5315 0.0, 1.0236 0.315 0.0, 0.8229 0.315 0.0, 0.2246 -0.1209 0.0, 0.2122 -0.1365 0.0, 0.0797 -0.1394 0.0, 0.0766 -0.1436 0.0, 0.074 -0.1481 0.0, 0.1122 -0.3085 0.0, 0.1626 -0.303 0.0, 0.1045 -0.3111 0.0, 0.163 -0.3036 0.0, 0.1632 -0.3039 0.0, 0.1743 -0.2903 0.0, 0.0339 -0.3102 0.0, 0.0346 -0.3097 0.0, 0.0893 -0.3102 0.0, 0.2164 -0.2987 0.0, 0.1946 -0.297 0.0, 0.2164 -0.1544 0.0, 0.1842 -0.2953 0.0, 0.1003 -0.1283 0.0, 0.1005 -0.1283 0.0, 0.106 -0.1286 0.0, 0.0395 -0.1398 0.0, 0.0399 -0.1387 0.0, 0.0678 -0.1314 0.0, 0.0399 -0.1379 0.0, 0.0399 -0.1373 0.0, 0.0399 -0.1367 0.0, 0.0399 -0.1366 0.0, 0.0398 -0.1364 0.0, 0.1162 -0.2942 0.0, 0.1121 -0.2981 0.0, 0.0713 -0.2685 0.0, -0.0364 -0.3 0.0, -0.0362 -0.3001 0.0, 0.2266 -0.1232 0.0, 0.2261 -0.1261 0.0, 0.2238 -0.1535 0.0, 0.2253 -0.3078 0.0, 0.2252 -0.3061 0.0, 0.2238 -0.2809 0.0, 0.2244 -0.2981 0.0, 0.2243 -0.2976 0.0, 0.1755 -0.2908 0.0, 0.2163 -0.1509 0.0, 0.2152 -0.1428 0.0, 0.0389 -0.1411 0.0, 0.0678 -0.207 0.0, 0.0378 -0.1426 0.0, 0.0216 -0.1374 0.0, 0.0384 -0.1358 0.0, 0.0224 -0.1374 0.0, 0.0374 -0.136 0.0, 0.0272 -0.1374 0.0, 0.0321 -0.1368 0.0, -0.0299 -0.212 0.0, -0.0296 -0.2124 0.0, -0.028 -0.2871 0.0, -0.0291 -0.2128 0.0, -0.0288 -0.213 0.0, 0.0247 -0.2107 0.0, 0.0009 -0.2076 0.0, 0.0247 -0.1484 0.0, -0.0089 -0.2056 0.0, -0.0206 -0.2002 0.0, -0.0288 -0.1402 0.0, -0.0243 -0.1408 0.0, -0.0221 -0.1272 0.0, -0.0302 -0.1357 0.0, 0.122 -0.2859 0.0, 0.1003 -0.3021 0.0, 0.0752 -0.2848 0.0, 0.0789 -0.2915 0.0, 0.0793 -0.1538 0.0, 0.083 -0.1468 0.0, 0.13 -0.174 0.0, 0.0981 -0.1376 0.0, 0.104 -0.138 0.0, 0.109 -0.1397 0.0, 0.0952 -0.1382 0.0, 0.1234 -0.1551 0.0, 0.1185 -0.1474 0.0, -0.0371 -0.2981 0.0, -0.037 -0.2986 0.0, 0.0331 -0.3105 0.0, 0.2238 -0.3101 0.0, 0.2241 -0.3099 0.0, 0.8229 -0.3119 0.0, 0.2244 -0.3097 0.0, 0.1805 -0.2944 0.0, 0.1784 -0.2933 0.0, 0.1217 -0.1384 0.0, 0.1148 -0.1326 0.0, 0.11 -0.1298 0.0, 0.1179 -0.3049 0.0, 0.1228 -0.2999 0.0, 0.1628 -0.3019 0.0, 0.1288 -0.2898 0.0, 0.1631 -0.3007 0.0, 0.0396 -0.1362 0.0, 0.016 -0.1373 0.0, 0.0105 -0.1365 0.0, -0.0005 -0.1345 0.0, 0.0247 -0.2206 0.0, 0.0247 -0.2973 0.0, -0.0175 -0.2914 0.0, -0.0152 -0.2034 0.0, -0.0181 -0.2016 0.0, -0.011 -0.1425 0.0, -0.0177 -0.1416 0.0, -0.0312 -0.139 0.0, -0.0313 -0.1386 0.0, -0.0314 -0.1382 0.0, -0.0369 -0.2976 0.0, -0.0302 -0.1399 0.0, -0.0367 -0.297 0.0, 0.1324 -0.188 0.0, 0.0681 -0.2416 0.0, 0.1336 -0.2322 0.0, 0.0695 -0.2565 0.0, 0.1335 -0.2336 0.0, 0.1265 -0.2741 0.0, 0.1084 -0.3004 0.0, 0.1048 -0.3017 0.0, 0.0939 -0.3016 0.0, 0.0878 -0.2994 0.0, 0.0829 -0.296 0.0, 0.0636 -0.2418 0.0, 0.0732 -0.207 0.0, 0.0748 -0.1717 0.0, 0.1138 -0.1427 0.0, 0.2141 -0.3092 0.0, 0.2207 -0.3098 0.0, 0.2227 -0.3102 0.0, 0.035 -0.3092 0.0, 0.0354 -0.3084 0.0, 0.0356 -0.3073 0.0, 0.0731 -0.297 0.0, 0.0775 -0.3028 0.0, 0.0828 -0.3071 0.0, 0.2248 -0.3092 0.0, 0.2252 -0.3084 0.0, 0.224 -0.1397 0.0, -0.0283 -0.2132 0.0, -0.0274 -0.2133 0.0, -0.0255 -0.2885 0.0, -0.0216 -0.2903 0.0, -0.0313 -0.1378 0.0, -0.031 -0.1393 0.0, -0.0307 -0.1396 0.0, -0.0359 -0.2959 0.0, -0.0301 -0.211 0.0, -0.03 -0.2115 0.0, 0.0865 -0.1428 0.0, 0.0909 -0.1398 0.0, 0.1636 -0.3042 0.0, 0.1644 -0.3044 0.0, 0.165 -0.3045 0.0, 0.1858 -0.3067 0.0, 0.1809 -0.3062 0.0, 0.1691 -0.3046 0.0, 0.1402 -0.2441 0.0, 0.1414 -0.2041 0.0, -0.0308 -0.1366 0.0, -0.0311 -0.1373 0.0, -0.0369 -0.2992 0.0, -0.0366 -0.2997 0.0, 0.0964 -0.3115 0.0, 0.1636 -0.2999 0.0, 0.1366 -0.2669 0.0, 0.1645 -0.299 0.0, 0.0393 -0.136 0.0, 0.0389 -0.1359 0.0, -0.0295 -0.2092 0.0, -0.0298 -0.2099 0.0, -0.0296 -0.1401 0.0, -0.03 -0.2105 0.0, 0.0321 -0.3107 0.0, 0.0308 -0.3106 0.0, 0.14 -0.1897 0.0, 0.1338 -0.1608 0.0, 0.1275 -0.1462 0.0, -0.0288 -0.2084 0.0, 0.2023 -0.3081 0.0, 0.2234 -0.3102 0.0, 0.0355 -0.305 0.0, 0.0355 -0.305 0.0, 0.0688 -0.288 0.0, 0.0336 -0.2979 0.0, 0.0329 -0.2905 0.0, -0.0103 -0.1326 0.0, -0.0181 -0.1297 0.0, -0.0195 -0.1289 0.0, 0.0329 -0.2852 0.0, 0.0327 -0.2816 0.0, 0.0652 -0.271 0.0, 0.0326 -0.2781 0.0, 0.0329 -0.1484 0.0, 0.0359 -0.1449 0.0, 0.1676 -0.2961 0.0, -0.0359 -0.3003 0.0, -0.0349 -0.3004 0.0, -0.0342 -0.3005 0.0, 0.0128 -0.3067 0.0, 0.0258 -0.3089 0.0, 0.0289 -0.3101 0.0, -0.03 -0.3007 0.0, -0.0085 -0.3033 0.0, -0.8228 0.6654 0.6299, -0.8228 0.5315 0.0472, -0.8228 -0.3149 0.0472, -0.8228 0.315 0.0472, -0.8228 -0.5315 0.0472, -0.8228 -0.6653 0.6299, 0.8229 -0.6653 0.6299, 0.8229 -0.5315 0.0472, 0.8229 0.5315 0.0472, 0.8229 0.6654 0.6299, 0.8229 0.315 0.0472, 0.8229 -0.3149 0.0472
            ]
        }
        coordIndex [
            0,1,2,-1,3,4,5,-1,6,7,8,-1,8,7,9,-1,8,9,10,-1,2,11,12,-1,2,12,13,-1,13,12,14,-1,13,14,15,-1,16,17,2,-1,2,17,18,-1,19,20,21,-1,11,2,22,-1,22,2,18,-1,22,18,21,-1,21,18,23,-1,21,23,19,-1,20,24,21,-1,21,24,25,-1,21,25,26,-1,27,28,29,-1,29,28,30,-1,29,30,31,-1,9,32,10,-1,10,32,29,-1,10,29,33,-1,33,29,31,-1,34,35,2,-1,2,35,36,-1,2,36,16,-1,37,38,39,-1,39,38,40,-1,39,40,41,-1,41,40,42,-1,41,42,43,-1,37,39,44,-1,44,39,45,-1,44,45,46,-1,47,48,29,-1,29,48,49,-1,29,49,27,-1,47,50,48,-1,48,50,51,-1,48,51,2,-1,2,51,52,-1,2,52,34,-1,43,53,41,-1,41,53,54,-1,41,54,2,-1,2,54,55,-1,2,55,48,-1,56,57,58,-1,58,57,5,-1,59,60,26,-1,61,62,58,-1,63,64,13,-1,65,66,67,-1,67,66,68,-1,67,68,69,-1,70,4,71,-1,58,62,72,-1,73,74,75,-1,76,77,67,-1,67,77,78,-1,67,78,79,-1,80,81,79,-1,82,83,84,-1,84,83,85,-1,68,86,69,-1,69,86,87,-1,69,87,5,-1,5,87,88,-1,5,88,3,-1,62,89,72,-1,72,89,73,-1,72,73,90,-1,90,73,75,-1,91,92,39,-1,39,92,93,-1,39,93,45,-1,45,93,72,-1,45,72,94,-1,94,72,90,-1,81,95,79,-1,79,95,96,-1,79,96,67,-1,67,96,97,-1,67,97,98,-1,99,100,83,-1,83,100,101,-1,83,101,85,-1,102,103,104,-1,104,103,105,-1,104,105,106,-1,106,105,107,-1,106,107,108,-1,60,109,26,-1,26,109,110,-1,26,110,111,-1,70,71,112,-1,112,71,113,-1,112,113,114,-1,59,26,107,-1,107,26,115,-1,107,115,108,-1,111,116,26,-1,26,116,117,-1,26,117,21,-1,102,118,103,-1,103,118,119,-1,103,119,114,-1,114,119,120,-1,114,120,112,-1,4,70,5,-1,5,70,121,-1,5,121,58,-1,58,121,122,-1,58,122,123,-1,124,125,13,-1,13,125,126,-1,13,126,63,-1,127,128,67,-1,67,128,129,-1,67,129,65,-1,123,130,58,-1,58,130,131,-1,58,131,132,-1,132,133,58,-1,58,133,134,-1,58,134,61,-1,135,136,79,-1,79,136,137,-1,79,137,80,-1,98,138,67,-1,67,138,139,-1,67,139,140,-1,99,83,79,-1,79,83,141,-1,79,141,135,-1,140,142,67,-1,67,142,143,-1,67,143,127,-1,15,144,13,-1,13,144,145,-1,13,145,146,-1,146,147,13,-1,13,147,148,-1,13,148,124,-1,149,150,151,-1,67,152,153,-1,154,155,156,-1,157,158,153,-1,153,158,159,-1,153,159,67,-1,67,160,161,-1,155,162,156,-1,156,162,163,-1,156,163,164,-1,165,166,167,-1,167,166,168,-1,167,168,169,-1,67,161,170,-1,171,172,173,-1,174,175,176,-1,176,175,177,-1,178,67,179,-1,179,67,180,-1,181,182,183,-1,183,182,184,-1,183,184,185,-1,185,186,183,-1,183,186,187,-1,183,187,188,-1,189,190,191,-1,192,193,13,-1,160,67,194,-1,194,67,159,-1,194,159,195,-1,196,197,198,-1,196,198,199,-1,199,198,200,-1,199,200,201,-1,176,202,203,-1,203,202,170,-1,203,170,204,-1,204,170,161,-1,181,183,205,-1,205,183,206,-1,205,206,207,-1,208,209,210,-1,210,209,211,-1,210,211,212,-1,212,211,213,-1,214,215,216,-1,216,215,217,-1,216,217,218,-1,219,220,221,-1,221,220,222,-1,223,224,225,-1,67,226,227,-1,189,191,228,-1,191,229,230,-1,230,229,231,-1,232,233,234,-1,235,236,237,-1,234,238,239,-1,239,238,240,-1,13,241,242,-1,171,173,243,-1,244,245,246,-1,246,245,247,-1,177,248,176,-1,176,248,249,-1,176,249,202,-1,250,251,67,-1,67,251,252,-1,67,252,180,-1,165,253,166,-1,166,253,254,-1,166,254,255,-1,255,254,256,-1,255,256,257,-1,188,258,183,-1,183,258,67,-1,183,67,156,-1,156,67,178,-1,156,178,154,-1,208,259,209,-1,209,259,260,-1,209,260,261,-1,262,263,264,-1,222,265,221,-1,221,265,266,-1,221,266,267,-1,267,266,223,-1,267,223,268,-1,268,223,225,-1,269,13,270,-1,270,13,271,-1,241,13,272,-1,272,13,273,-1,272,273,274,-1,234,275,276,-1,276,275,277,-1,276,277,278,-1,278,277,279,-1,278,279,191,-1,191,279,280,-1,191,280,228,-1,190,281,191,-1,191,281,282,-1,191,282,229,-1,283,284,229,-1,229,284,285,-1,229,285,231,-1,286,206,276,-1,276,206,287,-1,276,287,234,-1,234,287,288,-1,234,288,232,-1,235,237,238,-1,238,237,289,-1,238,289,240,-1,290,291,292,-1,172,293,173,-1,173,293,294,-1,173,294,295,-1,296,297,295,-1,295,297,298,-1,295,298,173,-1,247,299,246,-1,246,299,300,-1,246,300,159,-1,159,300,197,-1,159,197,195,-1,195,197,196,-1,195,196,301,-1,218,302,216,-1,216,302,303,-1,216,303,304,-1,304,303,262,-1,304,262,305,-1,305,262,264,-1,64,76,13,-1,13,76,67,-1,13,67,271,-1,271,67,306,-1,269,307,13,-1,13,307,308,-1,13,308,273,-1,309,310,216,-1,216,310,311,-1,216,311,214,-1,233,312,234,-1,234,312,313,-1,234,313,238,-1,169,314,167,-1,167,314,315,-1,167,315,316,-1,317,167,318,-1,318,167,316,-1,318,316,319,-1,320,321,170,-1,227,322,67,-1,67,322,323,-1,67,323,306,-1,242,324,13,-1,13,324,325,-1,13,325,192,-1,173,326,13,-1,13,326,246,-1,13,246,2,-1,2,246,149,-1,2,149,0,-1,0,149,151,-1,257,256,327,-1,327,256,328,-1,327,328,329,-1,258,330,67,-1,67,330,331,-1,67,331,209,-1,332,333,334,-1,334,333,335,-1,334,335,273,-1,273,335,310,-1,273,310,274,-1,274,310,309,-1,243,173,336,-1,336,173,13,-1,336,13,337,-1,321,338,170,-1,170,338,339,-1,170,339,67,-1,67,339,340,-1,67,340,250,-1,224,223,334,-1,334,223,341,-1,334,341,332,-1,317,342,167,-1,167,342,290,-1,167,290,326,-1,326,290,292,-1,326,292,246,-1,246,292,343,-1,246,343,244,-1,295,344,296,-1,296,344,345,-1,296,345,346,-1,346,345,347,-1,346,347,348,-1,261,349,209,-1,209,349,350,-1,209,350,67,-1,67,350,351,-1,67,351,226,-1,348,352,346,-1,346,352,353,-1,346,353,354,-1,354,353,355,-1,354,355,286,-1,286,355,356,-1,286,356,206,-1,206,356,357,-1,206,357,207,-1,320,170,328,-1,328,170,358,-1,328,358,329,-1,193,359,13,-1,13,359,360,-1,13,360,361,-1,362,363,13,-1,13,363,364,-1,13,364,337,-1,361,365,13,-1,13,365,366,-1,13,366,362,-1,367,69,368,-1,368,69,5,-1,93,369,72,-1,72,369,370,-1,72,370,58,-1,39,41,371,-1,371,41,372,-1,371,372,369,-1,369,372,367,-1,369,367,370,-1,370,367,368,-1,373,1,374,-1,374,1,0,-1,153,152,375,-1,375,152,376,-1,375,376,377,-1,378,149,246,-1,373,374,376,-1,376,374,378,-1,376,378,377,-1,377,378,246,-1,377,246,159,-1,
        ]
    }
}
Shape{
    appearance Appearance {
        material  Material 	{
            diffuseColor 1.0 1.0 1.0
            specularColor 0.8784313725490196 0.8784313725490196 0.8784313725490196
            ambientIntensity 1.0
            transparency 0.0
            shininess 0.5
        }
    }
    geometry IndexedFaceSet {
        ccw TRUE
        solid FALSE
        coord DEF co Coordinate {
            point [
                0.8268 0.4273 0.6693, 0.8268 0.6693 0.6693, 0.8211 0.6635 0.6693, 0.585 0.6693 0.6693, 0.585 -0.6693 0.6693, 0.8268 -0.6693 0.6693, 0.8211 -0.6635 0.6693, 0.8268 -0.4273 0.6693, 0.6824 0.4875 0.6693, 0.5184 0.2423 0.6693, 0.7263 0.4581 0.6693, 0.5533 0.1779 0.6693, 0.775 0.4378 0.6693, -0.2205 0.4369 0.6693, 0.5954 0.6175 0.6693, -0.1476 0.4429 0.6693, 0.6157 0.5688 0.6693, 0.3585 0.3896 0.6693, 0.6451 0.5249 0.6693, 0.4197 0.3495 0.6693, 0.4735 0.3 0.6693, 0.1477 0.4429 0.6693, 0.2206 0.4369 0.6693, 0.2915 0.4189 0.6693, -0.5849 0.6693 0.6693, -0.5954 0.6175 0.6693, -0.2914 0.4189 0.6693, -0.6157 0.5688 0.6693, -0.589 -0.0366 0.6693, -0.775 0.4378 0.6693, -0.577 -0.1087 0.6693, -0.5532 -0.1779 0.6693, 0.1477 -0.4429 0.6693, -0.1476 -0.4429 0.6693, -0.5954 -0.6175 0.6693, -0.2205 -0.4369 0.6693, -0.6157 -0.5687 0.6693, 0.577 0.1087 0.6693, 0.5891 0.0366 0.6693, 0.775 -0.4378 0.6693, -0.6824 0.4875 0.6693, -0.4735 0.3 0.6693, -0.645 0.5249 0.6693, -0.4197 0.3495 0.6693, -0.3584 0.3896 0.6693, -0.8268 0.4273 0.6693, -0.8268 -0.4273 0.6693, -0.775 -0.4378 0.6693, -0.7262 -0.4581 0.6693, -0.5184 -0.2422 0.6693, -0.6824 -0.4875 0.6693, 0.6157 -0.5687 0.6693, 0.2915 -0.4189 0.6693, 0.5954 -0.6175 0.6693, 0.2206 -0.4369 0.6693, -0.589 0.0366 0.6693, -0.577 0.1087 0.6693, -0.7262 0.4581 0.6693, -0.5532 0.1779 0.6693, -0.5184 0.2423 0.6693, -0.5849 -0.6693 0.6693, 0.6824 -0.4875 0.6693, 0.4735 -0.3 0.6693, 0.6451 -0.5248 0.6693, 0.4197 -0.3495 0.6693, 0.3585 -0.3895 0.6693, 0.5891 -0.0366 0.6693, 0.577 -0.1087 0.6693, 0.7263 -0.4581 0.6693, 0.5533 -0.1779 0.6693, 0.5184 -0.2422 0.6693, -0.2914 -0.4189 0.6693, -0.3584 -0.3895 0.6693, -0.645 -0.5248 0.6693, -0.4197 -0.3495 0.6693, -0.4735 -0.3 0.6693, -0.8268 -0.6693 0.6693, -0.8211 -0.6635 0.6693, -0.8268 0.6693 0.6693, -0.8211 0.6635 0.6693, 0.8268 -0.6693 0.6299, 0.8268 0.6693 0.6299, -0.8268 -0.6693 0.6299, -0.8268 0.6693 0.6299, -0.8228 0.6654 0.6299, 0.8229 0.6654 0.6299, 0.8229 -0.6653 0.6299, -0.8228 -0.6653 0.6299
            ]
        }
        coordIndex [
            0,1,2,-1,2,1,3,-1,4,5,6,-1,6,5,7,-1,8,9,10,-1,10,9,11,-1,10,11,12,-1,3,13,14,-1,14,13,15,-1,16,17,18,-1,18,17,19,-1,18,19,8,-1,8,19,20,-1,8,20,9,-1,15,21,14,-1,14,21,22,-1,14,22,16,-1,16,22,23,-1,16,23,17,-1,3,24,13,-1,13,24,25,-1,13,25,26,-1,26,25,27,-1,28,29,30,-1,30,29,31,-1,32,33,34,-1,34,33,35,-1,34,35,36,-1,11,37,12,-1,12,37,38,-1,12,38,0,-1,0,38,39,-1,0,39,7,-1,40,41,42,-1,42,41,43,-1,42,43,27,-1,27,43,44,-1,27,44,26,-1,45,46,29,-1,29,46,47,-1,29,47,31,-1,31,47,48,-1,31,48,49,-1,49,48,50,-1,51,52,53,-1,53,52,54,-1,53,54,4,-1,28,55,29,-1,29,55,56,-1,29,56,57,-1,57,56,58,-1,57,58,40,-1,40,58,59,-1,40,59,41,-1,32,34,54,-1,54,34,60,-1,54,60,4,-1,61,62,63,-1,63,62,64,-1,63,64,51,-1,51,64,65,-1,51,65,52,-1,38,66,39,-1,39,66,67,-1,39,67,68,-1,68,67,69,-1,68,69,61,-1,61,69,70,-1,61,70,62,-1,35,71,36,-1,36,71,72,-1,36,72,73,-1,73,72,74,-1,73,74,50,-1,50,74,75,-1,50,75,49,-1,46,76,77,-1,77,76,60,-1,24,78,79,-1,79,78,45,-1,7,5,80,-1,7,80,0,-1,0,80,81,-1,0,81,1,-1,60,76,82,-1,60,82,4,-1,4,82,80,-1,4,80,5,-1,45,78,83,-1,45,83,46,-1,46,83,82,-1,46,82,76,-1,3,1,81,-1,3,81,24,-1,24,81,83,-1,24,83,78,-1,84,83,85,-1,85,83,81,-1,85,81,86,-1,86,81,80,-1,86,80,87,-1,87,80,82,-1,87,82,84,-1,84,82,83,-1,
        ]
    }
}
Shape{
    appearance Appearance {
        material  Material 	{
            diffuseColor 0.9882352941176471 0.7372549019607844 0.5176470588235295
            specularColor 0.49411764705882355 0.3686274509803922 0.25882352941176473
            ambientIntensity 0.7873
            transparency 0.0
            shininess 0.5
        }
    }
    geometry IndexedFaceSet {
        ccw TRUE
        solid FALSE
        coord DEF co Coordinate {
            point [
                0.8229 0.6654 0.0, -0.8228 0.6654 0.0, 0.8229 0.6654 0.6299, -0.8228 0.6654 0.6299, -0.8228 -0.6653 0.0, 0.8229 -0.6653 0.0, -0.8228 -0.6653 0.6299, 0.8229 -0.6653 0.6299
            ]
        }
        coordIndex [
            0,1,2,-1,2,1,3,-1,4,5,6,-1,6,5,7,-1,
        ]
    }
}
Shape{
    appearance Appearance {
        material  Material 	{
            diffuseColor 1.0 1.0 0.7529411764705882
            specularColor 0.5019607843137255 0.5019607843137255 0.3764705882352941
            ambientIntensity 0.9718
            transparency 0.0
            shininess 0.5
        }
    }
    geometry IndexedFaceSet {
        ccw TRUE
        solid FALSE
        coord DEF co Coordinate {
            point [
                -0.1476 0.4429 0.937, -0.1476 0.4429 0.6693, -0.201 0.4397 0.937, -0.2205 0.4369 0.6693, -0.2204 0.4362 0.937, -0.2536 0.4301 0.937, -0.2914 0.4189 0.6693, -0.2912 0.4183 0.937, -0.3047 0.4142 0.937, -0.3584 0.3896 0.6693, -0.3535 0.3922 0.937, -0.4197 0.3495 0.6693, -0.3992 0.3645 0.937, -0.3583 0.3893 0.937, -0.4735 0.3 0.6693, -0.4413 0.3315 0.937, -0.4192 0.3489 0.937, -0.518 0.242 0.937, -0.5121 0.2516 0.937, -0.5184 0.2423 0.6693, -0.4791 0.2937 0.937, -0.4732 0.2997 0.937, -0.5398 0.2059 0.937, -0.5532 0.1779 0.6693, -0.5525 0.1776 0.937, -0.5617 0.1571 0.937, -0.577 0.1087 0.6693, -0.5768 0.1087 0.937, -0.5777 0.106 0.937, -0.589 0.0366 0.6693, -0.5873 0.0534 0.937, -0.589 -0.0366 0.6693, -0.5905 0.0 0.937, -0.5883 0.0366 0.937, -0.5768 -0.1087 0.937, -0.5777 -0.106 0.937, -0.577 -0.1087 0.6693, -0.5873 -0.0534 0.937, -0.5883 -0.0365 0.937, -0.5617 -0.157 0.937, -0.5532 -0.1779 0.6693, -0.5525 -0.1776 0.937, -0.5398 -0.2058 0.937, -0.5184 -0.2422 0.6693, -0.518 -0.242 0.937, -0.5121 -0.2516 0.937, -0.4735 -0.3 0.6693, -0.4791 -0.2937 0.937, -0.4197 -0.3495 0.6693, -0.4413 -0.3315 0.937, -0.4732 -0.2997 0.937, -0.3584 -0.3895 0.6693, -0.3992 -0.3645 0.937, -0.4192 -0.3489 0.937, -0.2912 -0.4183 0.937, -0.3047 -0.4141 0.937, -0.2914 -0.4189 0.6693, -0.3535 -0.3922 0.937, -0.3583 -0.3893 0.937, -0.2536 -0.43 0.937, -0.2205 -0.4369 0.6693, -0.2204 -0.4361 0.937, -0.201 -0.4397 0.937, -0.1476 -0.4429 0.6693, -0.1476 -0.4429 0.937, 0.1477 -0.4429 0.937, 0.1477 -0.4429 0.6693, 0.201 -0.4397 0.937, 0.2206 -0.4369 0.6693, 0.2204 -0.4361 0.937, 0.2537 -0.43 0.937, 0.2915 -0.4189 0.6693, 0.2913 -0.4183 0.937, 0.3047 -0.4141 0.937, 0.3585 -0.3895 0.6693, 0.3535 -0.3922 0.937, 0.4197 -0.3495 0.6693, 0.3993 -0.3645 0.937, 0.3583 -0.3893 0.937, 0.4735 -0.3 0.6693, 0.4414 -0.3315 0.937, 0.4192 -0.3489 0.937, 0.518 -0.242 0.937, 0.5122 -0.2516 0.937, 0.5184 -0.2422 0.6693, 0.4792 -0.2937 0.937, 0.4732 -0.2997 0.937, 0.5398 -0.2058 0.937, 0.5533 -0.1779 0.6693, 0.5525 -0.1776 0.937, 0.5618 -0.157 0.937, 0.577 -0.1087 0.6693, 0.5769 -0.1087 0.937, 0.5777 -0.106 0.937, 0.5891 -0.0366 0.6693, 0.5873 -0.0534 0.937, 0.5891 0.0366 0.6693, 0.5906 0.0 0.937, 0.5884 -0.0365 0.937, 0.5769 0.1087 0.937, 0.5777 0.106 0.937, 0.577 0.1087 0.6693, 0.5873 0.0534 0.937, 0.5884 0.0366 0.937, 0.5618 0.1571 0.937, 0.5533 0.1779 0.6693, 0.5525 0.1776 0.937, 0.5398 0.2059 0.937, 0.5184 0.2423 0.6693, 0.518 0.242 0.937, 0.5122 0.2516 0.937, 0.4735 0.3 0.6693, 0.4792 0.2937 0.937, 0.4197 0.3495 0.6693, 0.4414 0.3315 0.937, 0.4732 0.2997 0.937, 0.3585 0.3896 0.6693, 0.3993 0.3645 0.937, 0.4192 0.3489 0.937, 0.2913 0.4183 0.937, 0.3047 0.4142 0.937, 0.2915 0.4189 0.6693, 0.3535 0.3922 0.937, 0.3583 0.3893 0.937, 0.2537 0.4301 0.937, 0.2206 0.4369 0.6693, 0.2204 0.4362 0.937, 0.201 0.4397 0.937, 0.1477 0.4429 0.6693, 0.1477 0.4429 0.937, 0.1477 -0.3956 0.9843, 0.1477 0.3957 0.9843, -0.1476 -0.3956 0.9843, -0.1476 0.3957 0.9843, -0.1953 0.3928 0.9843, 0.5176 0.1403 0.9843, 0.498 0.1839 0.9843, -0.2423 0.3842 0.9843, -0.2879 0.37 0.9843, -0.3315 0.3504 0.9843, 0.288 0.37 0.9843, 0.2423 0.3842 0.9843, 0.1954 0.3928 0.9843, 0.1954 -0.3928 0.9843, 0.2423 -0.3842 0.9843, 0.5404 0.0477 0.9843, 0.288 -0.3699 0.9843, 0.3315 -0.3503 0.9843, 0.3724 -0.3256 0.9843, 0.41 -0.2961 0.9843, 0.4438 -0.2624 0.9843, 0.5318 0.0947 0.9843, 0.4733 0.2248 0.9843, 0.4438 0.2624 0.9843, 0.41 0.2962 0.9843, -0.3724 0.3256 0.9843, -0.41 0.2962 0.9843, -0.4438 0.2624 0.9843, 0.3724 0.3256 0.9843, 0.3315 0.3504 0.9843, -0.4732 0.2248 0.9843, -0.498 0.1839 0.9843, -0.5176 0.1403 0.9843, 0.5404 -0.0477 0.9843, 0.498 -0.1839 0.9843, 0.5318 -0.0947 0.9843, 0.5176 -0.1403 0.9843, 0.4733 -0.2247 0.9843, 0.5433 0.0 0.9843, -0.5318 0.0947 0.9843, -0.5404 0.0477 0.9843, -0.5433 0.0 0.9843, -0.5404 -0.0477 0.9843, -0.5318 -0.0947 0.9843, -0.5176 -0.1403 0.9843, -0.498 -0.1839 0.9843, -0.4732 -0.2247 0.9843, -0.4438 -0.2624 0.9843, -0.41 -0.2961 0.9843, -0.3724 -0.3256 0.9843, -0.3315 -0.3503 0.9843, -0.2879 -0.3699 0.9843, -0.2423 -0.3842 0.9843, -0.1953 -0.3928 0.9843, -0.1476 -0.4079 0.9826, 0.1477 -0.4079 0.9826, -0.1476 -0.4193 0.9779, 0.1477 -0.4193 0.9779, -0.1476 -0.4291 0.9704, 0.1477 -0.4291 0.9704, -0.1476 -0.4366 0.9606, 0.1477 -0.4366 0.9606, -0.1476 -0.4413 0.9492, 0.1477 -0.4413 0.9492, 0.2533 -0.4285 0.9492, 0.3983 -0.3632 0.9492, 0.4403 -0.3303 0.9492, 0.5384 -0.2051 0.9492, 0.5761 -0.1056 0.9492, 0.589 0.0 0.9492, 0.5603 0.1565 0.9492, 0.5384 0.2051 0.9492, 0.4403 0.3303 0.9492, 0.3527 0.3908 0.9492, 0.2533 0.4285 0.9492, 0.1968 0.4049 0.9826, 0.2453 0.3961 0.9826, 0.1982 0.4163 0.9779, 0.248 0.4071 0.9779, 0.1994 0.426 0.9704, 0.2503 0.4166 0.9704, 0.2003 0.4334 0.9606, 0.2521 0.4239 0.9606, 0.2009 0.4381 0.9492, 0.3794 0.3357 0.9826, 0.4181 0.3053 0.9826, 0.3858 0.3451 0.9779, 0.4257 0.3139 0.9779, 0.3914 0.3531 0.9704, 0.4322 0.3212 0.9704, 0.3957 0.3593 0.9606, 0.4372 0.3268 0.9606, 0.3983 0.3632 0.9492, 0.4834 0.2317 0.9826, 0.5088 0.1896 0.9826, 0.4927 0.2382 0.9779, 0.5189 0.1949 0.9779, 0.5008 0.2438 0.9704, 0.5276 0.1994 0.9704, 0.507 0.248 0.9606, 0.5342 0.2029 0.9606, 0.5108 0.2507 0.9492, 0.5526 0.0492 0.9826, 0.5556 0.0 0.9826, 0.5639 0.0506 0.9779, 0.5669 0.0 0.9779, 0.5736 0.0517 0.9704, 0.5767 0.0 0.9704, 0.5811 0.0526 0.9606, 0.5842 0.0 0.9606, 0.5857 0.0532 0.9492, 0.529 -0.1446 0.9826, 0.5088 -0.1895 0.9826, 0.5397 -0.1487 0.9779, 0.5189 -0.1948 0.9779, 0.5489 -0.1521 0.9704, 0.5276 -0.1994 0.9704, 0.5559 -0.1548 0.9606, 0.5342 -0.2029 0.9606, 0.5603 -0.1565 0.9492, 0.453 -0.2705 0.9826, 0.4181 -0.3053 0.9826, 0.4615 -0.278 0.9779, 0.4257 -0.3138 0.9779, 0.4688 -0.2845 0.9704, 0.4322 -0.3211 0.9704, 0.4744 -0.2895 0.9606, 0.4372 -0.3268 0.9606, 0.478 -0.2926 0.9492, 0.2923 -0.3814 0.9826, 0.2453 -0.396 0.9826, 0.2963 -0.392 0.9779, 0.248 -0.4071 0.9779, 0.2998 -0.4012 0.9704, 0.2503 -0.4166 0.9704, 0.3025 -0.4082 0.9606, 0.2521 -0.4239 0.9606, 0.3041 -0.4126 0.9492, 0.1477 0.4079 0.9826, 0.1477 0.4193 0.9779, 0.1477 0.4291 0.9704, 0.1477 0.4366 0.9606, 0.1477 0.4413 0.9492, 0.3041 0.4126 0.9492, 0.3025 0.4082 0.9606, 0.2998 0.4012 0.9704, 0.2963 0.3921 0.9779, 0.2923 0.3814 0.9826, 0.3372 0.3612 0.9826, 0.3425 0.3713 0.9779, 0.3471 0.3799 0.9704, 0.3505 0.3866 0.9606, 0.478 0.2927 0.9492, 0.4744 0.2895 0.9606, 0.4688 0.2845 0.9704, 0.4615 0.2781 0.9779, 0.453 0.2705 0.9826, 0.5559 0.1548 0.9606, 0.5489 0.1522 0.9704, 0.5397 0.1487 0.9779, 0.529 0.1447 0.9826, 0.5761 0.1056 0.9492, 0.5716 0.1045 0.9606, 0.5643 0.1027 0.9704, 0.5548 0.1004 0.9779, 0.5437 0.0976 0.9826, 0.5857 -0.0532 0.9492, 0.5811 -0.0526 0.9606, 0.5736 -0.0517 0.9704, 0.5639 -0.0505 0.9779, 0.5526 -0.0491 0.9826, 0.5437 -0.0976 0.9826, 0.5548 -0.1003 0.9779, 0.5643 -0.1027 0.9704, 0.5716 -0.1045 0.9606, 0.5108 -0.2507 0.9492, 0.507 -0.248 0.9606, 0.5008 -0.2437 0.9704, 0.4927 -0.2382 0.9779, 0.4834 -0.2317 0.9826, 0.3957 -0.3593 0.9606, 0.3914 -0.3531 0.9704, 0.3858 -0.3451 0.9779, 0.3794 -0.3357 0.9826, 0.3527 -0.3907 0.9492, 0.3505 -0.3866 0.9606, 0.3471 -0.3799 0.9704, 0.3425 -0.3712 0.9779, 0.3372 -0.3612 0.9826, 0.2009 -0.4381 0.9492, 0.2003 -0.4334 0.9606, 0.1994 -0.4259 0.9704, 0.1982 -0.4162 0.9779, 0.1968 -0.4049 0.9826, -0.2532 0.4285 0.9492, -0.3983 0.3632 0.9492, -0.4403 0.3303 0.9492, -0.5384 0.2051 0.9492, -0.5761 0.1056 0.9492, -0.5889 0.0 0.9492, -0.5602 -0.1565 0.9492, -0.5384 -0.2051 0.9492, -0.4403 -0.3303 0.9492, -0.3527 -0.3907 0.9492, -0.2532 -0.4285 0.9492, -0.1968 -0.4049 0.9826, -0.2452 -0.396 0.9826, -0.1982 -0.4162 0.9779, -0.248 -0.4071 0.9779, -0.1993 -0.4259 0.9704, -0.2503 -0.4166 0.9704, -0.2002 -0.4334 0.9606, -0.2521 -0.4239 0.9606, -0.2008 -0.4381 0.9492, -0.3793 -0.3357 0.9826, -0.4181 -0.3053 0.9826, -0.3858 -0.3451 0.9779, -0.4257 -0.3138 0.9779, -0.3914 -0.3531 0.9704, -0.4321 -0.3211 0.9704, -0.3956 -0.3593 0.9606, -0.4371 -0.3268 0.9606, -0.3983 -0.3632 0.9492, -0.4833 -0.2317 0.9826, -0.5088 -0.1895 0.9826, -0.4927 -0.2382 0.9779, -0.5189 -0.1948 0.9779, -0.5007 -0.2437 0.9704, -0.5275 -0.1994 0.9704, -0.5069 -0.248 0.9606, -0.5342 -0.2029 0.9606, -0.5108 -0.2507 0.9492, -0.5525 -0.0491 0.9826, -0.5555 0.0 0.9826, -0.5639 -0.0505 0.9779, -0.5669 0.0 0.9779, -0.5736 -0.0517 0.9704, -0.5767 0.0 0.9704, -0.581 -0.0526 0.9606, -0.5842 0.0 0.9606, -0.5857 -0.0532 0.9492, -0.529 0.1447 0.9826, -0.5088 0.1896 0.9826, -0.5397 0.1487 0.9779, -0.5189 0.1949 0.9779, -0.5488 0.1522 0.9704, -0.5275 0.1994 0.9704, -0.5558 0.1548 0.9606, -0.5342 0.2029 0.9606, -0.5602 0.1565 0.9492, -0.4529 0.2705 0.9826, -0.4181 0.3053 0.9826, -0.4615 0.2781 0.9779, -0.4257 0.3139 0.9779, -0.4688 0.2845 0.9704, -0.4321 0.3212 0.9704, -0.4744 0.2895 0.9606, -0.4371 0.3268 0.9606, -0.4779 0.2927 0.9492, -0.2923 0.3814 0.9826, -0.2452 0.3961 0.9826, -0.2963 0.3921 0.9779, -0.248 0.4071 0.9779, -0.2998 0.4012 0.9704, -0.2503 0.4166 0.9704, -0.3024 0.4082 0.9606, -0.2521 0.4239 0.9606, -0.3041 0.4126 0.9492, -0.3041 -0.4126 0.9492, -0.3024 -0.4082 0.9606, -0.2998 -0.4012 0.9704, -0.2963 -0.392 0.9779, -0.2923 -0.3814 0.9826, -0.3372 -0.3612 0.9826, -0.3425 -0.3712 0.9779, -0.347 -0.3799 0.9704, -0.3505 -0.3866 0.9606, -0.4779 -0.2926 0.9492, -0.4744 -0.2895 0.9606, -0.4688 -0.2845 0.9704, -0.4615 -0.278 0.9779, -0.4529 -0.2705 0.9826, -0.5558 -0.1548 0.9606, -0.5488 -0.1521 0.9704, -0.5397 -0.1487 0.9779, -0.529 -0.1446 0.9826, -0.5761 -0.1056 0.9492, -0.5715 -0.1045 0.9606, -0.5642 -0.1027 0.9704, -0.5547 -0.1003 0.9779, -0.5437 -0.0976 0.9826, -0.5857 0.0532 0.9492, -0.581 0.0526 0.9606, -0.5736 0.0517 0.9704, -0.5639 0.0506 0.9779, -0.5525 0.0492 0.9826, -0.5437 0.0976 0.9826, -0.5547 0.1004 0.9779, -0.5642 0.1027 0.9704, -0.5715 0.1045 0.9606, -0.5108 0.2507 0.9492, -0.5069 0.248 0.9606, -0.5007 0.2438 0.9704, -0.4927 0.2382 0.9779, -0.4833 0.2317 0.9826, -0.3956 0.3593 0.9606, -0.3914 0.3531 0.9704, -0.3858 0.3451 0.9779, -0.3793 0.3357 0.9826, -0.3527 0.3908 0.9492, -0.3505 0.3866 0.9606, -0.347 0.3799 0.9704, -0.3425 0.3713 0.9779, -0.3372 0.3612 0.9826, -0.2008 0.4381 0.9492, -0.2002 0.4334 0.9606, -0.1993 0.426 0.9704, -0.1982 0.4163 0.9779, -0.1968 0.4049 0.9826, -0.1476 0.4079 0.9826, -0.1476 0.4193 0.9779, -0.1476 0.4291 0.9704, -0.1476 0.4366 0.9606, -0.1476 0.4413 0.9492
            ]
        }
        coordIndex [
            0,1,2,-1,2,1,3,-1,2,3,4,-1,4,3,5,-1,5,3,6,-1,5,6,7,-1,7,6,8,-1,8,6,9,-1,8,9,10,-1,11,12,9,-1,9,12,13,-1,9,13,10,-1,14,15,11,-1,11,15,16,-1,11,16,12,-1,17,18,19,-1,19,18,20,-1,19,20,14,-1,14,20,21,-1,14,21,15,-1,17,19,22,-1,22,19,23,-1,22,23,24,-1,24,23,25,-1,25,23,26,-1,25,26,27,-1,27,26,28,-1,28,26,29,-1,28,29,30,-1,31,32,29,-1,29,32,33,-1,29,33,30,-1,34,35,36,-1,36,35,37,-1,36,37,31,-1,31,37,38,-1,31,38,32,-1,34,36,39,-1,39,36,40,-1,39,40,41,-1,41,40,42,-1,42,40,43,-1,42,43,44,-1,44,43,45,-1,45,43,46,-1,45,46,47,-1,48,49,46,-1,46,49,50,-1,46,50,47,-1,51,52,48,-1,48,52,53,-1,48,53,49,-1,54,55,56,-1,56,55,57,-1,56,57,51,-1,51,57,58,-1,51,58,52,-1,54,56,59,-1,59,56,60,-1,59,60,61,-1,61,60,62,-1,62,60,63,-1,62,63,64,-1,64,63,65,-1,65,63,66,-1,65,66,67,-1,67,66,68,-1,67,68,69,-1,69,68,70,-1,70,68,71,-1,70,71,72,-1,72,71,73,-1,73,71,74,-1,73,74,75,-1,76,77,74,-1,74,77,78,-1,74,78,75,-1,79,80,76,-1,76,80,81,-1,76,81,77,-1,82,83,84,-1,84,83,85,-1,84,85,79,-1,79,85,86,-1,79,86,80,-1,82,84,87,-1,87,84,88,-1,87,88,89,-1,89,88,90,-1,90,88,91,-1,90,91,92,-1,92,91,93,-1,93,91,94,-1,93,94,95,-1,96,97,94,-1,94,97,98,-1,94,98,95,-1,99,100,101,-1,101,100,102,-1,101,102,96,-1,96,102,103,-1,96,103,97,-1,99,101,104,-1,104,101,105,-1,104,105,106,-1,106,105,107,-1,107,105,108,-1,107,108,109,-1,109,108,110,-1,110,108,111,-1,110,111,112,-1,113,114,111,-1,111,114,115,-1,111,115,112,-1,116,117,113,-1,113,117,118,-1,113,118,114,-1,119,120,121,-1,121,120,122,-1,121,122,116,-1,116,122,123,-1,116,123,117,-1,119,121,124,-1,124,121,125,-1,124,125,126,-1,126,125,127,-1,127,125,128,-1,127,128,129,-1,129,128,0,-1,0,128,1,-1,130,131,132,-1,132,131,133,-1,132,133,134,-1,135,136,130,-1,134,137,132,-1,132,137,138,-1,132,138,139,-1,140,141,130,-1,130,141,142,-1,130,142,131,-1,143,144,145,-1,145,144,146,-1,145,146,147,-1,147,148,145,-1,145,148,149,-1,145,149,150,-1,143,145,130,-1,130,145,151,-1,130,151,135,-1,136,152,130,-1,130,152,153,-1,130,153,154,-1,139,155,132,-1,132,155,156,-1,132,156,157,-1,154,158,130,-1,130,158,159,-1,130,159,140,-1,157,160,132,-1,132,160,161,-1,132,161,162,-1,163,164,165,-1,165,164,166,-1,150,167,145,-1,145,167,164,-1,145,164,168,-1,168,164,163,-1,162,169,132,-1,132,169,170,-1,132,170,171,-1,171,172,132,-1,132,172,173,-1,132,173,174,-1,174,175,132,-1,132,175,176,-1,132,176,177,-1,177,178,132,-1,132,178,179,-1,132,179,180,-1,180,181,132,-1,132,181,182,-1,132,182,183,-1,130,132,184,-1,130,184,185,-1,185,184,186,-1,185,186,187,-1,187,186,188,-1,187,188,189,-1,189,188,190,-1,189,190,191,-1,191,190,192,-1,191,192,193,-1,193,192,64,-1,193,64,65,-1,69,70,194,-1,78,77,195,-1,81,80,196,-1,82,87,197,-1,92,93,198,-1,98,97,199,-1,99,104,200,-1,106,107,201,-1,115,114,202,-1,123,122,203,-1,119,124,204,-1,142,141,205,-1,205,141,206,-1,205,206,207,-1,207,206,208,-1,207,208,209,-1,209,208,210,-1,209,210,211,-1,211,210,212,-1,211,212,213,-1,213,212,204,-1,158,154,214,-1,214,154,215,-1,214,215,216,-1,216,215,217,-1,216,217,218,-1,218,217,219,-1,218,219,220,-1,220,219,221,-1,220,221,222,-1,222,221,202,-1,152,136,223,-1,223,136,224,-1,223,224,225,-1,225,224,226,-1,225,226,227,-1,227,226,228,-1,227,228,229,-1,229,228,230,-1,229,230,231,-1,231,230,201,-1,145,168,232,-1,232,168,233,-1,232,233,234,-1,234,233,235,-1,234,235,236,-1,236,235,237,-1,236,237,238,-1,238,237,239,-1,238,239,240,-1,240,239,199,-1,166,164,241,-1,241,164,242,-1,241,242,243,-1,243,242,244,-1,243,244,245,-1,245,244,246,-1,245,246,247,-1,247,246,248,-1,247,248,249,-1,249,248,197,-1,150,149,250,-1,250,149,251,-1,250,251,252,-1,252,251,253,-1,252,253,254,-1,254,253,255,-1,254,255,256,-1,256,255,257,-1,256,257,258,-1,258,257,196,-1,146,144,259,-1,259,144,260,-1,259,260,261,-1,261,260,262,-1,261,262,263,-1,263,262,264,-1,263,264,265,-1,265,264,266,-1,265,266,267,-1,267,266,194,-1,131,142,268,-1,268,142,205,-1,268,205,269,-1,269,205,207,-1,269,207,270,-1,270,207,209,-1,270,209,271,-1,271,209,211,-1,271,211,272,-1,272,211,213,-1,272,213,129,-1,129,213,127,-1,204,124,213,-1,213,124,126,-1,213,126,127,-1,120,119,273,-1,273,119,204,-1,273,204,274,-1,274,204,212,-1,274,212,275,-1,275,212,210,-1,275,210,276,-1,276,210,208,-1,276,208,277,-1,277,208,206,-1,277,206,140,-1,140,206,141,-1,140,159,277,-1,277,159,278,-1,277,278,276,-1,276,278,279,-1,276,279,275,-1,275,279,280,-1,275,280,274,-1,274,280,281,-1,274,281,273,-1,273,281,203,-1,273,203,120,-1,120,203,122,-1,117,123,222,-1,222,123,203,-1,222,203,220,-1,220,203,281,-1,220,281,218,-1,218,281,280,-1,218,280,216,-1,216,280,279,-1,216,279,214,-1,214,279,278,-1,214,278,158,-1,158,278,159,-1,202,114,222,-1,222,114,118,-1,222,118,117,-1,112,115,282,-1,282,115,202,-1,282,202,283,-1,283,202,221,-1,283,221,284,-1,284,221,219,-1,284,219,285,-1,285,219,217,-1,285,217,286,-1,286,217,215,-1,286,215,153,-1,153,215,154,-1,153,152,286,-1,286,152,223,-1,286,223,285,-1,285,223,225,-1,285,225,284,-1,284,225,227,-1,284,227,283,-1,283,227,229,-1,283,229,282,-1,282,229,231,-1,282,231,112,-1,112,231,110,-1,201,107,231,-1,231,107,109,-1,231,109,110,-1,104,106,200,-1,200,106,201,-1,200,201,287,-1,287,201,230,-1,287,230,288,-1,288,230,228,-1,288,228,289,-1,289,228,226,-1,289,226,290,-1,290,226,224,-1,290,224,135,-1,135,224,136,-1,100,99,291,-1,291,99,200,-1,291,200,292,-1,292,200,287,-1,292,287,293,-1,293,287,288,-1,293,288,294,-1,294,288,289,-1,294,289,295,-1,295,289,290,-1,295,290,151,-1,151,290,135,-1,151,145,295,-1,295,145,232,-1,295,232,294,-1,294,232,234,-1,294,234,293,-1,293,234,236,-1,293,236,292,-1,292,236,238,-1,292,238,291,-1,291,238,240,-1,291,240,100,-1,100,240,102,-1,199,97,240,-1,240,97,103,-1,240,103,102,-1,95,98,296,-1,296,98,199,-1,296,199,297,-1,297,199,239,-1,297,239,298,-1,298,239,237,-1,298,237,299,-1,299,237,235,-1,299,235,300,-1,300,235,233,-1,300,233,163,-1,163,233,168,-1,163,165,300,-1,300,165,301,-1,300,301,299,-1,299,301,302,-1,299,302,298,-1,298,302,303,-1,298,303,297,-1,297,303,304,-1,297,304,296,-1,296,304,198,-1,296,198,95,-1,95,198,93,-1,90,92,249,-1,249,92,198,-1,249,198,247,-1,247,198,304,-1,247,304,245,-1,245,304,303,-1,245,303,243,-1,243,303,302,-1,243,302,241,-1,241,302,301,-1,241,301,166,-1,166,301,165,-1,197,87,249,-1,249,87,89,-1,249,89,90,-1,83,82,305,-1,305,82,197,-1,305,197,306,-1,306,197,248,-1,306,248,307,-1,307,248,246,-1,307,246,308,-1,308,246,244,-1,308,244,309,-1,309,244,242,-1,309,242,167,-1,167,242,164,-1,167,150,309,-1,309,150,250,-1,309,250,308,-1,308,250,252,-1,308,252,307,-1,307,252,254,-1,307,254,306,-1,306,254,256,-1,306,256,305,-1,305,256,258,-1,305,258,83,-1,83,258,85,-1,196,80,258,-1,258,80,86,-1,258,86,85,-1,77,81,195,-1,195,81,196,-1,195,196,310,-1,310,196,257,-1,310,257,311,-1,311,257,255,-1,311,255,312,-1,312,255,253,-1,312,253,313,-1,313,253,251,-1,313,251,148,-1,148,251,149,-1,75,78,314,-1,314,78,195,-1,314,195,315,-1,315,195,310,-1,315,310,316,-1,316,310,311,-1,316,311,317,-1,317,311,312,-1,317,312,318,-1,318,312,313,-1,318,313,147,-1,147,313,148,-1,147,146,318,-1,318,146,259,-1,318,259,317,-1,317,259,261,-1,317,261,316,-1,316,261,263,-1,316,263,315,-1,315,263,265,-1,315,265,314,-1,314,265,267,-1,314,267,75,-1,75,267,73,-1,194,70,267,-1,267,70,72,-1,267,72,73,-1,67,69,319,-1,319,69,194,-1,319,194,320,-1,320,194,266,-1,320,266,321,-1,321,266,264,-1,321,264,322,-1,322,264,262,-1,322,262,323,-1,323,262,260,-1,323,260,143,-1,143,260,144,-1,143,130,323,-1,323,130,185,-1,323,185,322,-1,322,185,187,-1,322,187,321,-1,321,187,189,-1,321,189,320,-1,320,189,191,-1,320,191,319,-1,319,191,193,-1,319,193,67,-1,67,193,65,-1,4,5,324,-1,13,12,325,-1,16,15,326,-1,17,22,327,-1,27,28,328,-1,33,32,329,-1,34,39,330,-1,41,42,331,-1,50,49,332,-1,58,57,333,-1,54,59,334,-1,183,182,335,-1,335,182,336,-1,335,336,337,-1,337,336,338,-1,337,338,339,-1,339,338,340,-1,339,340,341,-1,341,340,342,-1,341,342,343,-1,343,342,334,-1,179,178,344,-1,344,178,345,-1,344,345,346,-1,346,345,347,-1,346,347,348,-1,348,347,349,-1,348,349,350,-1,350,349,351,-1,350,351,352,-1,352,351,332,-1,176,175,353,-1,353,175,354,-1,353,354,355,-1,355,354,356,-1,355,356,357,-1,357,356,358,-1,357,358,359,-1,359,358,360,-1,359,360,361,-1,361,360,331,-1,172,171,362,-1,362,171,363,-1,362,363,364,-1,364,363,365,-1,364,365,366,-1,366,365,367,-1,366,367,368,-1,368,367,369,-1,368,369,370,-1,370,369,329,-1,162,161,371,-1,371,161,372,-1,371,372,373,-1,373,372,374,-1,373,374,375,-1,375,374,376,-1,375,376,377,-1,377,376,378,-1,377,378,379,-1,379,378,327,-1,157,156,380,-1,380,156,381,-1,380,381,382,-1,382,381,383,-1,382,383,384,-1,384,383,385,-1,384,385,386,-1,386,385,387,-1,386,387,388,-1,388,387,326,-1,138,137,389,-1,389,137,390,-1,389,390,391,-1,391,390,392,-1,391,392,393,-1,393,392,394,-1,393,394,395,-1,395,394,396,-1,395,396,397,-1,397,396,324,-1,132,183,184,-1,184,183,335,-1,184,335,186,-1,186,335,337,-1,186,337,188,-1,188,337,339,-1,188,339,190,-1,190,339,341,-1,190,341,192,-1,192,341,343,-1,192,343,64,-1,64,343,62,-1,334,59,343,-1,343,59,61,-1,343,61,62,-1,55,54,398,-1,398,54,334,-1,398,334,399,-1,399,334,342,-1,399,342,400,-1,400,342,340,-1,400,340,401,-1,401,340,338,-1,401,338,402,-1,402,338,336,-1,402,336,181,-1,181,336,182,-1,181,180,402,-1,402,180,403,-1,402,403,401,-1,401,403,404,-1,401,404,400,-1,400,404,405,-1,400,405,399,-1,399,405,406,-1,399,406,398,-1,398,406,333,-1,398,333,55,-1,55,333,57,-1,52,58,352,-1,352,58,333,-1,352,333,350,-1,350,333,406,-1,350,406,348,-1,348,406,405,-1,348,405,346,-1,346,405,404,-1,346,404,344,-1,344,404,403,-1,344,403,179,-1,179,403,180,-1,332,49,352,-1,352,49,53,-1,352,53,52,-1,47,50,407,-1,407,50,332,-1,407,332,408,-1,408,332,351,-1,408,351,409,-1,409,351,349,-1,409,349,410,-1,410,349,347,-1,410,347,411,-1,411,347,345,-1,411,345,177,-1,177,345,178,-1,177,176,411,-1,411,176,353,-1,411,353,410,-1,410,353,355,-1,410,355,409,-1,409,355,357,-1,409,357,408,-1,408,357,359,-1,408,359,407,-1,407,359,361,-1,407,361,47,-1,47,361,45,-1,331,42,361,-1,361,42,44,-1,361,44,45,-1,39,41,330,-1,330,41,331,-1,330,331,412,-1,412,331,360,-1,412,360,413,-1,413,360,358,-1,413,358,414,-1,414,358,356,-1,414,356,415,-1,415,356,354,-1,415,354,174,-1,174,354,175,-1,35,34,416,-1,416,34,330,-1,416,330,417,-1,417,330,412,-1,417,412,418,-1,418,412,413,-1,418,413,419,-1,419,413,414,-1,419,414,420,-1,420,414,415,-1,420,415,173,-1,173,415,174,-1,173,172,420,-1,420,172,362,-1,420,362,419,-1,419,362,364,-1,419,364,418,-1,418,364,366,-1,418,366,417,-1,417,366,368,-1,417,368,416,-1,416,368,370,-1,416,370,35,-1,35,370,37,-1,329,32,370,-1,370,32,38,-1,370,38,37,-1,30,33,421,-1,421,33,329,-1,421,329,422,-1,422,329,369,-1,422,369,423,-1,423,369,367,-1,423,367,424,-1,424,367,365,-1,424,365,425,-1,425,365,363,-1,425,363,170,-1,170,363,171,-1,170,169,425,-1,425,169,426,-1,425,426,424,-1,424,426,427,-1,424,427,423,-1,423,427,428,-1,423,428,422,-1,422,428,429,-1,422,429,421,-1,421,429,328,-1,421,328,30,-1,30,328,28,-1,25,27,379,-1,379,27,328,-1,379,328,377,-1,377,328,429,-1,377,429,375,-1,375,429,428,-1,375,428,373,-1,373,428,427,-1,373,427,371,-1,371,427,426,-1,371,426,162,-1,162,426,169,-1,327,22,379,-1,379,22,24,-1,379,24,25,-1,18,17,430,-1,430,17,327,-1,430,327,431,-1,431,327,378,-1,431,378,432,-1,432,378,376,-1,432,376,433,-1,433,376,374,-1,433,374,434,-1,434,374,372,-1,434,372,160,-1,160,372,161,-1,160,157,434,-1,434,157,380,-1,434,380,433,-1,433,380,382,-1,433,382,432,-1,432,382,384,-1,432,384,431,-1,431,384,386,-1,431,386,430,-1,430,386,388,-1,430,388,18,-1,18,388,20,-1,326,15,388,-1,388,15,21,-1,388,21,20,-1,12,16,325,-1,325,16,326,-1,325,326,435,-1,435,326,387,-1,435,387,436,-1,436,387,385,-1,436,385,437,-1,437,385,383,-1,437,383,438,-1,438,383,381,-1,438,381,155,-1,155,381,156,-1,10,13,439,-1,439,13,325,-1,439,325,440,-1,440,325,435,-1,440,435,441,-1,441,435,436,-1,441,436,442,-1,442,436,437,-1,442,437,443,-1,443,437,438,-1,443,438,139,-1,139,438,155,-1,139,138,443,-1,443,138,389,-1,443,389,442,-1,442,389,391,-1,442,391,441,-1,441,391,393,-1,441,393,440,-1,440,393,395,-1,440,395,439,-1,439,395,397,-1,439,397,10,-1,10,397,8,-1,324,5,397,-1,397,5,7,-1,397,7,8,-1,2,4,444,-1,444,4,324,-1,444,324,445,-1,445,324,396,-1,445,396,446,-1,446,396,394,-1,446,394,447,-1,447,394,392,-1,447,392,448,-1,448,392,390,-1,448,390,134,-1,134,390,137,-1,134,133,448,-1,448,133,449,-1,448,449,447,-1,447,449,450,-1,447,450,446,-1,446,450,451,-1,446,451,445,-1,445,451,452,-1,445,452,444,-1,444,452,453,-1,444,453,2,-1,2,453,0,-1,133,131,268,-1,133,268,449,-1,449,268,269,-1,449,269,450,-1,450,269,270,-1,450,270,451,-1,451,270,271,-1,451,271,452,-1,452,271,272,-1,452,272,453,-1,453,272,129,-1,453,129,0,-1,
        ]
    }
}
Shape{
    appearance Appearance {
        material  Material 	{
            diffuseColor 0.9882352941176471 0.7372549019607844 0.5176470588235295
            specularColor 0.49411764705882355 0.3686274509803922 0.25882352941176473
            ambientIntensity 0.7873
            transparency 0.0
            shininess 0.5
        }
    }
    geometry IndexedFaceSet {
        ccw TRUE
        solid FALSE
        coord DEF co Coordinate {
            point [
                -0.8211 0.6635 0.7795, -0.8211 0.6635 0.6693, -0.8268 0.4273 0.7795, -0.8268 0.4273 0.6693, -0.788 0.4342 0.7795, -0.775 0.4378 0.6693, -0.7262 0.4581 0.6693, -0.7485 0.4474 0.7795, -0.7752 0.4385 0.7795, -0.6824 0.4875 0.6693, -0.7116 0.4666 0.7795, -0.7266 0.4588 0.7795, -0.6453 0.5251 0.7795, -0.6486 0.5206 0.7795, -0.645 0.5249 0.6693, -0.6781 0.4911 0.7795, -0.6826 0.4878 0.7795, -0.6241 0.5541 0.7795, -0.6157 0.5688 0.6693, -0.6163 0.5691 0.7795, -0.605 0.5911 0.7795, -0.5954 0.6175 0.6693, -0.596 0.6178 0.7795, -0.5918 0.6305 0.7795, -0.5849 0.6693 0.6693, -0.5849 0.6693 0.7795, -0.6485 0.6095 0.8268, -0.6441 0.6206 0.8268, -0.7749 0.6174 0.8268, -0.6643 0.579 0.8268, -0.7781 0.4866 0.8268, -0.767 0.4909 0.8268, -0.7365 0.5067 0.8268, -0.7088 0.527 0.8268, -0.6845 0.5513 0.8268, -0.7492 0.4489 0.7918, -0.6791 0.4924 0.7918, -0.6255 0.555 0.7918, -0.6065 0.5917 0.7918, -0.8083 0.4482 0.8162, -0.8125 0.4432 0.8129, -0.7914 0.4476 0.8129, -0.8161 0.4391 0.8089, -0.8201 0.4346 0.8031, -0.7895 0.4403 0.8031, -0.8252 0.429 0.7913, -0.7884 0.4357 0.7918, -0.8255 0.4287 0.79, -0.8261 0.428 0.7872, -0.8211 0.4335 0.8016, -0.8219 0.4326 0.8, -0.8223 0.4322 0.7994, -0.8251 0.4292 0.7917, -0.8156 0.4397 0.8096, -0.7972 0.4615 0.823, -0.7992 0.4591 0.822, -0.7938 0.4571 0.8204, -0.8024 0.4552 0.8203, -0.8043 0.4529 0.8194, -0.7786 0.4859 0.8268, -0.7866 0.475 0.826, -0.7622 0.4797 0.8252, -0.7889 0.4721 0.8254, -0.7906 0.4699 0.8249, -0.7955 0.4637 0.8235, -0.6274 0.6332 0.8251, -0.6294 0.6316 0.8256, -0.6372 0.6047 0.8252, -0.6434 0.6211 0.8268, -0.6213 0.638 0.8235, -0.6274 0.6332 0.825, -0.6267 0.6003 0.8204, -0.6147 0.6363 0.8204, -0.6129 0.6449 0.8203, -0.619 0.6398 0.823, -0.6128 0.6449 0.8202, -0.6052 0.6339 0.8129, -0.6086 0.6484 0.8184, -0.5921 0.6628 0.8031, -0.594 0.6611 0.8058, -0.5979 0.6321 0.8031, -0.6008 0.6551 0.8129, -0.6008 0.6551 0.8129, -0.5911 0.6637 0.8016, -0.5933 0.6309 0.7918, -0.5874 0.667 0.7939, -0.5852 0.6691 0.7839, -0.5866 0.6678 0.7913, -0.5867 0.6676 0.7918, -0.7301 0.4963 0.8252, -0.7008 0.5177 0.8252, -0.6752 0.5433 0.8252, -0.6539 0.5726 0.8252, -0.6177 0.5965 0.8129, -0.6108 0.5936 0.8031, -0.7241 0.4867 0.8204, -0.7578 0.4692 0.8204, -0.7189 0.4783 0.8129, -0.7539 0.4602 0.8129, -0.7149 0.472 0.8031, -0.751 0.4533 0.8031, -0.7125 0.4679 0.7918, -0.6295 0.5575 0.8031, -0.6359 0.5614 0.8129, -0.6442 0.5666 0.8204, -0.6499 0.5216 0.7918, -0.6535 0.5247 0.8031, -0.6592 0.5296 0.8129, -0.6666 0.5359 0.8204, -0.6934 0.5091 0.8204, -0.6871 0.5017 0.8129, -0.6822 0.496 0.8031, -0.7979 0.6403 0.8202, -0.8037 0.6461 0.8165, -0.8074 0.6498 0.8127, -0.811 0.6534 0.809, -0.8208 0.6632 0.7848, -0.8198 0.6622 0.79, -0.8195 0.6619 0.7918, -0.8165 0.6589 0.8, -0.8147 0.6571 0.803, -0.795 0.6374 0.8221, -0.7852 0.6276 0.8256, -0.7868 0.6293 0.825, -0.5921 0.6628 0.8031, -0.8268 -0.4273 0.7795, -0.8268 -0.4273 0.6693, -0.8211 -0.6635 0.7795, -0.8211 -0.6635 0.6693, -0.5849 -0.6693 0.7795, -0.5849 -0.6693 0.6693, -0.5918 -0.6305 0.7795, -0.5954 -0.6175 0.6693, -0.6157 -0.5687 0.6693, -0.605 -0.5911 0.7795, -0.596 -0.6177 0.7795, -0.645 -0.5248 0.6693, -0.6241 -0.5541 0.7795, -0.6163 -0.5691 0.7795, -0.6826 -0.4878 0.7795, -0.6781 -0.4911 0.7795, -0.6824 -0.4875 0.6693, -0.6486 -0.5205 0.7795, -0.6453 -0.5251 0.7795, -0.7116 -0.4665 0.7795, -0.7262 -0.4581 0.6693, -0.7266 -0.4588 0.7795, -0.7485 -0.4474 0.7795, -0.775 -0.4378 0.6693, -0.7752 -0.4384 0.7795, -0.788 -0.4341 0.7795, -0.767 -0.4909 0.8268, -0.7781 -0.4865 0.8268, -0.7749 -0.6173 0.8268, -0.6441 -0.6206 0.8268, -0.6485 -0.6095 0.8268, -0.6643 -0.579 0.8268, -0.6845 -0.5513 0.8268, -0.7088 -0.527 0.8268, -0.7365 -0.5067 0.8268, -0.7869 -0.6293 0.8252, -0.7786 -0.4858 0.8268, -0.7866 -0.475 0.826, -0.7906 -0.4699 0.8249, -0.7906 -0.4699 0.8249, -0.798 -0.6404 0.8204, -0.7955 -0.4636 0.8235, -0.7972 -0.4614 0.823, -0.8024 -0.4551 0.8203, -0.8024 -0.4551 0.8203, -0.8076 -0.6499 0.8129, -0.8043 -0.4528 0.8194, -0.8125 -0.4432 0.8129, -0.8116 -0.6539 0.8083, -0.8125 -0.4431 0.8129, -0.8156 -0.4396 0.8096, -0.8201 -0.4346 0.8031, -0.8149 -0.6573 0.8031, -0.8201 -0.4346 0.8031, -0.8176 -0.6599 0.7976, -0.8211 -0.4335 0.8016, -0.8207 -0.6631 0.7857, -0.8223 -0.4322 0.7994, -0.8251 -0.4291 0.7917, -0.8195 -0.6619 0.7918, -0.8252 -0.429 0.7913, -0.8261 -0.428 0.7872, -0.6434 -0.6211 0.8268, -0.6294 -0.6315 0.8256, -0.619 -0.6397 0.823, -0.6213 -0.638 0.8235, -0.6274 -0.6332 0.825, -0.6274 -0.6332 0.8251, -0.6086 -0.6483 0.8184, -0.6128 -0.6448 0.8202, -0.6129 -0.6448 0.8203, -0.6008 -0.6551 0.8129, -0.6008 -0.655 0.8129, -0.5867 -0.6676 0.7918, -0.5874 -0.667 0.7939, -0.5911 -0.6636 0.8016, -0.5921 -0.6627 0.8031, -0.594 -0.6611 0.8058, -0.5852 -0.6691 0.7839, -0.5866 -0.6677 0.7913, -0.6065 -0.5917 0.7918, -0.6499 -0.5216 0.7918, -0.7125 -0.4679 0.7918, -0.7492 -0.4489 0.7918, -0.6372 -0.6047 0.8252, -0.6147 -0.6363 0.8204, -0.5933 -0.6309 0.7918, -0.5979 -0.632 0.8031, -0.5921 -0.6627 0.8031, -0.6052 -0.6339 0.8129, -0.6267 -0.6003 0.8204, -0.7622 -0.4796 0.8252, -0.7578 -0.4691 0.8204, -0.7938 -0.457 0.8204, -0.7914 -0.4476 0.8129, -0.7884 -0.4357 0.7918, -0.7895 -0.4403 0.8031, -0.8251 -0.4291 0.7917, -0.7539 -0.4601 0.8129, -0.751 -0.4532 0.8031, -0.6539 -0.5725 0.8252, -0.6442 -0.5665 0.8204, -0.6359 -0.5614 0.8129, -0.6177 -0.5964 0.8129, -0.6295 -0.5574 0.8031, -0.6108 -0.5935 0.8031, -0.6255 -0.555 0.7918, -0.7149 -0.4719 0.8031, -0.7189 -0.4783 0.8129, -0.7241 -0.4866 0.8204, -0.7301 -0.4963 0.8252, -0.6791 -0.4923 0.7918, -0.6822 -0.4959 0.8031, -0.6871 -0.5016 0.8129, -0.6934 -0.509 0.8204, -0.7008 -0.5177 0.8252, -0.6752 -0.5433 0.8252, -0.6666 -0.5359 0.8204, -0.6592 -0.5295 0.8129, -0.6535 -0.5246 0.8031, 0.8211 -0.6635 0.7795, 0.8211 -0.6635 0.6693, 0.8268 -0.4273 0.7795, 0.8268 -0.4273 0.6693, 0.788 -0.4341 0.7795, 0.775 -0.4378 0.6693, 0.7263 -0.4581 0.6693, 0.7486 -0.4474 0.7795, 0.7752 -0.4384 0.7795, 0.6824 -0.4875 0.6693, 0.7117 -0.4665 0.7795, 0.7266 -0.4588 0.7795, 0.6454 -0.5251 0.7795, 0.6487 -0.5205 0.7795, 0.6451 -0.5248 0.6693, 0.6781 -0.4911 0.7795, 0.6826 -0.4878 0.7795, 0.6241 -0.5541 0.7795, 0.6157 -0.5687 0.6693, 0.6164 -0.5691 0.7795, 0.605 -0.5911 0.7795, 0.5954 -0.6175 0.6693, 0.5961 -0.6177 0.7795, 0.5918 -0.6305 0.7795, 0.585 -0.6693 0.6693, 0.585 -0.6693 0.7795, 0.6485 -0.6095 0.8268, 0.6442 -0.6206 0.8268, 0.775 -0.6173 0.8268, 0.6643 -0.579 0.8268, 0.7781 -0.4865 0.8268, 0.767 -0.4909 0.8268, 0.7365 -0.5067 0.8268, 0.7088 -0.527 0.8268, 0.6846 -0.5513 0.8268, 0.7492 -0.4489 0.7918, 0.6791 -0.4923 0.7918, 0.6255 -0.555 0.7918, 0.6065 -0.5917 0.7918, 0.8083 -0.4481 0.8162, 0.8126 -0.4431 0.8129, 0.7914 -0.4476 0.8129, 0.8161 -0.4391 0.8089, 0.8202 -0.4346 0.8031, 0.7896 -0.4403 0.8031, 0.8253 -0.429 0.7913, 0.7884 -0.4357 0.7918, 0.8255 -0.4287 0.79, 0.8262 -0.428 0.7872, 0.8212 -0.4335 0.8016, 0.822 -0.4326 0.8, 0.8223 -0.4322 0.7994, 0.8251 -0.4291 0.7917, 0.8157 -0.4396 0.8096, 0.7973 -0.4614 0.823, 0.7992 -0.459 0.822, 0.7938 -0.457 0.8204, 0.8024 -0.4551 0.8203, 0.8043 -0.4528 0.8194, 0.7786 -0.4858 0.8268, 0.7866 -0.475 0.826, 0.7623 -0.4796 0.8252, 0.7889 -0.4721 0.8254, 0.7906 -0.4699 0.8249, 0.7955 -0.4636 0.8235, 0.6274 -0.6332 0.8251, 0.6295 -0.6315 0.8256, 0.6373 -0.6047 0.8252, 0.6435 -0.6211 0.8268, 0.6213 -0.638 0.8235, 0.6274 -0.6332 0.825, 0.6268 -0.6003 0.8204, 0.6147 -0.6363 0.8204, 0.6129 -0.6448 0.8203, 0.6191 -0.6397 0.823, 0.6129 -0.6448 0.8202, 0.6052 -0.6339 0.8129, 0.6087 -0.6483 0.8184, 0.5922 -0.6627 0.8031, 0.594 -0.6611 0.8058, 0.5979 -0.632 0.8031, 0.6008 -0.6551 0.8129, 0.6008 -0.655 0.8129, 0.5911 -0.6636 0.8016, 0.5934 -0.6309 0.7918, 0.5875 -0.667 0.7939, 0.5852 -0.6691 0.7839, 0.5866 -0.6677 0.7913, 0.5868 -0.6676 0.7918, 0.7301 -0.4963 0.8252, 0.7009 -0.5177 0.8252, 0.6753 -0.5433 0.8252, 0.6539 -0.5725 0.8252, 0.6178 -0.5964 0.8129, 0.6109 -0.5935 0.8031, 0.7241 -0.4866 0.8204, 0.7578 -0.4691 0.8204, 0.7189 -0.4783 0.8129, 0.754 -0.4601 0.8129, 0.715 -0.4719 0.8031, 0.7511 -0.4532 0.8031, 0.7125 -0.4679 0.7918, 0.6295 -0.5574 0.8031, 0.6359 -0.5614 0.8129, 0.6442 -0.5665 0.8204, 0.6499 -0.5216 0.7918, 0.6535 -0.5246 0.8031, 0.6592 -0.5295 0.8129, 0.6666 -0.5359 0.8204, 0.6935 -0.509 0.8204, 0.6871 -0.5016 0.8129, 0.6822 -0.4959 0.8031, 0.7979 -0.6403 0.8202, 0.8038 -0.6461 0.8165, 0.8074 -0.6497 0.8127, 0.8111 -0.6534 0.809, 0.8208 -0.6632 0.7848, 0.8199 -0.6622 0.79, 0.8196 -0.6619 0.7918, 0.8166 -0.6589 0.8, 0.8147 -0.6571 0.803, 0.795 -0.6373 0.8221, 0.7853 -0.6276 0.8256, 0.7869 -0.6292 0.825, 0.5922 -0.6627 0.8031, 0.8268 0.4273 0.7795, 0.8268 0.4273 0.6693, 0.8211 0.6635 0.7795, 0.8211 0.6635 0.6693, 0.585 0.6693 0.7795, 0.585 0.6693 0.6693, 0.5918 0.6305 0.7795, 0.5954 0.6175 0.6693, 0.6157 0.5688 0.6693, 0.605 0.5911 0.7795, 0.5961 0.6178 0.7795, 0.6451 0.5249 0.6693, 0.6241 0.5541 0.7795, 0.6164 0.5691 0.7795, 0.6826 0.4878 0.7795, 0.6781 0.4911 0.7795, 0.6824 0.4875 0.6693, 0.6487 0.5206 0.7795, 0.6454 0.5251 0.7795, 0.7117 0.4666 0.7795, 0.7263 0.4581 0.6693, 0.7266 0.4588 0.7795, 0.7486 0.4474 0.7795, 0.775 0.4378 0.6693, 0.7752 0.4385 0.7795, 0.788 0.4342 0.7795, 0.775 0.6174 0.8268, 0.6442 0.6206 0.8268, 0.6485 0.6095 0.8268, 0.6643 0.579 0.8268, 0.6846 0.5513 0.8268, 0.7088 0.527 0.8268, 0.7365 0.5067 0.8268, 0.767 0.4909 0.8268, 0.7781 0.4866 0.8268, 0.7869 0.6293 0.8252, 0.7786 0.4859 0.8268, 0.7866 0.475 0.826, 0.7906 0.4699 0.8249, 0.7907 0.4699 0.8249, 0.7981 0.6404 0.8204, 0.7955 0.4637 0.8235, 0.7973 0.4615 0.823, 0.8024 0.4552 0.8203, 0.8024 0.4552 0.8203, 0.8076 0.65 0.8129, 0.8043 0.4529 0.8194, 0.8126 0.4432 0.8129, 0.8116 0.654 0.8083, 0.8126 0.4432 0.8129, 0.8157 0.4397 0.8096, 0.8202 0.4346 0.8031, 0.8149 0.6573 0.8031, 0.8202 0.4346 0.8031, 0.8176 0.66 0.7976, 0.8212 0.4335 0.8016, 0.8207 0.6631 0.7857, 0.8223 0.4322 0.7994, 0.8251 0.4292 0.7917, 0.8196 0.6619 0.7918, 0.8253 0.429 0.7913, 0.8262 0.428 0.7872, 0.6435 0.6211 0.8268, 0.6295 0.6316 0.8256, 0.6191 0.6398 0.823, 0.6213 0.638 0.8235, 0.6274 0.6332 0.825, 0.6274 0.6332 0.8251, 0.6087 0.6484 0.8184, 0.6129 0.6449 0.8202, 0.6129 0.6449 0.8203, 0.6008 0.6551 0.8129, 0.6008 0.6551 0.8129, 0.5868 0.6676 0.7918, 0.5875 0.667 0.7939, 0.5911 0.6637 0.8016, 0.5922 0.6628 0.8031, 0.594 0.6611 0.8058, 0.5852 0.6691 0.7839, 0.5866 0.6678 0.7913, 0.6065 0.5917 0.7918, 0.6499 0.5216 0.7918, 0.7125 0.4679 0.7918, 0.7492 0.4489 0.7918, 0.6373 0.6047 0.8252, 0.6147 0.6363 0.8204, 0.5934 0.6309 0.7918, 0.5979 0.6321 0.8031, 0.5922 0.6628 0.8031, 0.6052 0.6339 0.8129, 0.6268 0.6003 0.8204, 0.7623 0.4797 0.8252, 0.7578 0.4692 0.8204, 0.7938 0.4571 0.8204, 0.7914 0.4476 0.8129, 0.7884 0.4357 0.7918, 0.7896 0.4403 0.8031, 0.8251 0.4292 0.7917, 0.754 0.4602 0.8129, 0.7511 0.4533 0.8031, 0.6539 0.5726 0.8252, 0.6442 0.5666 0.8204, 0.6359 0.5614 0.8129, 0.6178 0.5965 0.8129, 0.6295 0.5575 0.8031, 0.6109 0.5936 0.8031, 0.6255 0.555 0.7918, 0.715 0.472 0.8031, 0.7189 0.4783 0.8129, 0.7241 0.4867 0.8204, 0.7301 0.4963 0.8252, 0.6791 0.4924 0.7918, 0.6822 0.496 0.8031, 0.6871 0.5017 0.8129, 0.6935 0.5091 0.8204, 0.7009 0.5177 0.8252, 0.6753 0.5433 0.8252, 0.6666 0.5359 0.8204, 0.6592 0.5296 0.8129, 0.6535 0.5247 0.8031
            ]
        }
        coordIndex [
            0,1,2,-1,2,1,3,-1,2,3,4,-1,4,3,5,-1,6,7,5,-1,5,7,8,-1,5,8,4,-1,9,10,6,-1,6,10,11,-1,6,11,7,-1,12,13,14,-1,14,13,15,-1,14,15,9,-1,9,15,16,-1,9,16,10,-1,12,14,17,-1,17,14,18,-1,17,18,19,-1,19,18,20,-1,20,18,21,-1,20,21,22,-1,22,21,23,-1,23,21,24,-1,23,24,25,-1,25,24,0,-1,0,24,1,-1,26,27,28,-1,26,28,29,-1,30,31,28,-1,28,31,32,-1,32,33,28,-1,28,33,34,-1,28,34,29,-1,8,7,35,-1,16,15,36,-1,12,17,37,-1,19,20,38,-1,39,40,41,-1,42,43,44,-1,45,4,46,-1,45,47,4,-1,4,47,48,-1,4,48,2,-1,44,43,46,-1,46,43,49,-1,46,49,50,-1,50,51,46,-1,46,51,52,-1,46,52,45,-1,41,40,44,-1,44,40,53,-1,44,53,42,-1,54,55,56,-1,56,55,57,-1,56,57,41,-1,41,57,58,-1,41,58,39,-1,59,60,61,-1,59,61,30,-1,60,62,61,-1,61,62,63,-1,61,63,56,-1,56,63,64,-1,56,64,54,-1,65,66,67,-1,67,66,68,-1,69,70,71,-1,72,73,74,-1,73,72,75,-1,75,72,76,-1,75,76,77,-1,78,79,80,-1,80,79,81,-1,80,81,76,-1,76,81,82,-1,76,82,77,-1,78,80,83,-1,83,80,84,-1,83,84,85,-1,25,86,23,-1,23,86,87,-1,23,87,84,-1,84,87,88,-1,84,88,85,-1,30,61,31,-1,31,61,89,-1,31,89,32,-1,32,89,90,-1,32,90,33,-1,33,90,91,-1,33,91,34,-1,34,91,92,-1,34,92,29,-1,29,92,67,-1,29,67,26,-1,26,67,68,-1,26,68,27,-1,74,69,72,-1,72,69,71,-1,72,71,76,-1,76,71,93,-1,76,93,80,-1,80,93,94,-1,80,94,84,-1,84,94,38,-1,95,96,97,-1,97,96,98,-1,97,98,99,-1,99,98,100,-1,99,100,101,-1,101,100,35,-1,38,20,84,-1,84,20,22,-1,84,22,23,-1,17,19,37,-1,37,19,38,-1,37,38,102,-1,102,38,94,-1,102,94,103,-1,103,94,93,-1,103,93,104,-1,104,93,71,-1,13,12,105,-1,105,12,37,-1,105,37,106,-1,106,37,102,-1,106,102,107,-1,107,102,103,-1,107,103,108,-1,108,103,104,-1,108,109,107,-1,107,109,110,-1,107,110,106,-1,106,110,111,-1,106,111,105,-1,105,111,36,-1,105,36,13,-1,13,36,15,-1,10,16,101,-1,101,16,36,-1,101,36,99,-1,99,36,111,-1,99,111,97,-1,97,111,110,-1,97,110,95,-1,95,110,109,-1,35,7,101,-1,101,7,11,-1,101,11,10,-1,4,8,46,-1,46,8,35,-1,46,35,44,-1,44,35,100,-1,44,100,41,-1,41,100,98,-1,41,98,56,-1,56,98,96,-1,56,96,61,-1,61,96,95,-1,61,95,89,-1,89,95,109,-1,89,109,90,-1,90,109,108,-1,90,108,91,-1,91,108,104,-1,91,104,92,-1,92,104,71,-1,92,71,67,-1,67,71,70,-1,67,70,65,-1,112,113,57,-1,114,115,42,-1,0,2,116,-1,116,2,48,-1,116,48,117,-1,117,48,47,-1,117,47,45,-1,45,52,117,-1,117,52,51,-1,117,51,118,-1,118,51,50,-1,118,50,119,-1,119,50,49,-1,119,49,43,-1,42,115,43,-1,43,115,120,-1,43,120,119,-1,57,113,58,-1,42,53,114,-1,114,53,40,-1,114,40,113,-1,113,40,39,-1,113,39,58,-1,112,57,121,-1,121,57,55,-1,121,55,54,-1,63,62,122,-1,54,64,121,-1,121,64,63,-1,121,63,123,-1,123,63,122,-1,30,28,59,-1,59,28,122,-1,59,122,60,-1,60,122,62,-1,28,27,122,-1,122,27,68,-1,68,66,122,-1,122,66,65,-1,122,65,123,-1,123,65,70,-1,123,70,121,-1,121,70,69,-1,121,69,112,-1,112,69,74,-1,82,114,113,-1,74,73,112,-1,112,73,75,-1,112,75,113,-1,113,75,77,-1,113,77,82,-1,114,82,115,-1,115,82,81,-1,115,81,120,-1,81,79,120,-1,120,79,124,-1,120,124,119,-1,119,124,83,-1,119,83,118,-1,0,116,25,-1,25,116,117,-1,25,117,86,-1,83,85,118,-1,118,85,88,-1,118,88,117,-1,117,88,87,-1,117,87,86,-1,125,126,127,-1,127,126,128,-1,127,128,129,-1,129,128,130,-1,129,130,131,-1,131,130,132,-1,133,134,132,-1,132,134,135,-1,132,135,131,-1,136,137,133,-1,133,137,138,-1,133,138,134,-1,139,140,141,-1,141,140,142,-1,141,142,136,-1,136,142,143,-1,136,143,137,-1,139,141,144,-1,144,141,145,-1,144,145,146,-1,146,145,147,-1,147,145,148,-1,147,148,149,-1,149,148,150,-1,150,148,126,-1,150,126,125,-1,151,152,153,-1,154,155,153,-1,153,155,156,-1,153,156,157,-1,157,158,153,-1,153,158,159,-1,153,159,151,-1,153,152,160,-1,160,152,161,-1,160,161,162,-1,162,163,160,-1,160,163,164,-1,160,164,165,-1,165,164,166,-1,165,166,167,-1,167,168,165,-1,165,168,169,-1,165,169,170,-1,169,171,170,-1,170,171,172,-1,170,172,173,-1,173,172,174,-1,174,175,173,-1,173,175,176,-1,173,176,177,-1,177,176,178,-1,177,178,179,-1,179,178,180,-1,125,127,181,-1,180,182,179,-1,179,182,183,-1,179,183,184,-1,184,183,185,-1,184,185,181,-1,181,185,186,-1,181,186,125,-1,187,154,153,-1,187,153,188,-1,189,190,160,-1,160,190,191,-1,160,191,153,-1,153,191,192,-1,153,192,188,-1,170,193,165,-1,165,193,194,-1,165,194,160,-1,160,194,195,-1,160,195,189,-1,173,196,170,-1,170,196,197,-1,170,197,193,-1,198,199,179,-1,179,199,200,-1,179,200,177,-1,177,200,201,-1,177,201,173,-1,173,201,202,-1,173,202,196,-1,129,203,127,-1,127,203,204,-1,127,204,181,-1,181,204,198,-1,181,198,184,-1,184,198,179,-1,135,134,205,-1,143,142,206,-1,139,144,207,-1,146,147,208,-1,188,192,209,-1,191,190,210,-1,199,198,211,-1,203,129,131,-1,211,198,131,-1,131,198,204,-1,131,204,203,-1,212,213,211,-1,211,213,200,-1,211,200,199,-1,193,197,214,-1,214,197,196,-1,214,196,212,-1,212,196,202,-1,212,202,213,-1,190,189,210,-1,210,189,195,-1,210,195,214,-1,214,195,194,-1,214,194,193,-1,209,192,215,-1,155,154,209,-1,209,154,187,-1,209,187,188,-1,152,151,161,-1,161,151,216,-1,161,216,162,-1,162,216,163,-1,163,216,164,-1,164,216,217,-1,164,217,166,-1,218,168,167,-1,172,218,219,-1,172,171,218,-1,218,171,169,-1,218,169,168,-1,182,180,220,-1,180,178,220,-1,220,178,176,-1,220,176,221,-1,221,176,175,-1,221,175,219,-1,219,175,174,-1,219,174,172,-1,125,186,150,-1,150,186,185,-1,150,185,220,-1,220,185,222,-1,220,222,182,-1,167,166,218,-1,218,166,217,-1,218,217,219,-1,219,217,223,-1,219,223,221,-1,221,223,224,-1,221,224,220,-1,220,224,208,-1,156,155,225,-1,225,155,209,-1,225,209,226,-1,226,209,215,-1,226,215,227,-1,227,215,228,-1,227,228,229,-1,229,228,230,-1,229,230,231,-1,231,230,205,-1,208,147,220,-1,220,147,149,-1,220,149,150,-1,144,146,207,-1,207,146,208,-1,207,208,232,-1,232,208,224,-1,232,224,233,-1,233,224,223,-1,233,223,234,-1,234,223,217,-1,234,217,235,-1,235,217,216,-1,235,216,159,-1,159,216,151,-1,140,139,236,-1,236,139,207,-1,236,207,237,-1,237,207,232,-1,237,232,238,-1,238,232,233,-1,238,233,239,-1,239,233,234,-1,239,234,240,-1,240,234,235,-1,240,235,158,-1,158,235,159,-1,158,157,240,-1,240,157,241,-1,240,241,239,-1,239,241,242,-1,239,242,238,-1,238,242,243,-1,238,243,237,-1,237,243,244,-1,237,244,236,-1,236,244,206,-1,236,206,140,-1,140,206,142,-1,137,143,231,-1,231,143,206,-1,231,206,229,-1,229,206,244,-1,229,244,227,-1,227,244,243,-1,227,243,226,-1,226,243,242,-1,226,242,225,-1,225,242,241,-1,225,241,156,-1,156,241,157,-1,205,134,231,-1,231,134,138,-1,231,138,137,-1,131,135,211,-1,211,135,205,-1,211,205,212,-1,212,205,230,-1,212,230,214,-1,214,230,228,-1,214,228,210,-1,210,228,215,-1,210,215,191,-1,191,215,192,-1,245,246,247,-1,247,246,248,-1,247,248,249,-1,249,248,250,-1,251,252,250,-1,250,252,253,-1,250,253,249,-1,254,255,251,-1,251,255,256,-1,251,256,252,-1,257,258,259,-1,259,258,260,-1,259,260,254,-1,254,260,261,-1,254,261,255,-1,257,259,262,-1,262,259,263,-1,262,263,264,-1,264,263,265,-1,265,263,266,-1,265,266,267,-1,267,266,268,-1,268,266,269,-1,268,269,270,-1,270,269,245,-1,245,269,246,-1,271,272,273,-1,271,273,274,-1,275,276,273,-1,273,276,277,-1,277,278,273,-1,273,278,279,-1,273,279,274,-1,253,252,280,-1,261,260,281,-1,257,262,282,-1,264,265,283,-1,284,285,286,-1,287,288,289,-1,290,249,291,-1,290,292,249,-1,249,292,293,-1,249,293,247,-1,289,288,291,-1,291,288,294,-1,291,294,295,-1,295,296,291,-1,291,296,297,-1,291,297,290,-1,286,285,289,-1,289,285,298,-1,289,298,287,-1,299,300,301,-1,301,300,302,-1,301,302,286,-1,286,302,303,-1,286,303,284,-1,304,305,306,-1,304,306,275,-1,305,307,306,-1,306,307,308,-1,306,308,301,-1,301,308,309,-1,301,309,299,-1,310,311,312,-1,312,311,313,-1,314,315,316,-1,317,318,319,-1,318,317,320,-1,320,317,321,-1,320,321,322,-1,323,324,325,-1,325,324,326,-1,325,326,321,-1,321,326,327,-1,321,327,322,-1,323,325,328,-1,328,325,329,-1,328,329,330,-1,270,331,268,-1,268,331,332,-1,268,332,329,-1,329,332,333,-1,329,333,330,-1,275,306,276,-1,276,306,334,-1,276,334,277,-1,277,334,335,-1,277,335,278,-1,278,335,336,-1,278,336,279,-1,279,336,337,-1,279,337,274,-1,274,337,312,-1,274,312,271,-1,271,312,313,-1,271,313,272,-1,319,314,317,-1,317,314,316,-1,317,316,321,-1,321,316,338,-1,321,338,325,-1,325,338,339,-1,325,339,329,-1,329,339,283,-1,340,341,342,-1,342,341,343,-1,342,343,344,-1,344,343,345,-1,344,345,346,-1,346,345,280,-1,283,265,329,-1,329,265,267,-1,329,267,268,-1,262,264,282,-1,282,264,283,-1,282,283,347,-1,347,283,339,-1,347,339,348,-1,348,339,338,-1,348,338,349,-1,349,338,316,-1,258,257,350,-1,350,257,282,-1,350,282,351,-1,351,282,347,-1,351,347,352,-1,352,347,348,-1,352,348,353,-1,353,348,349,-1,353,354,352,-1,352,354,355,-1,352,355,351,-1,351,355,356,-1,351,356,350,-1,350,356,281,-1,350,281,258,-1,258,281,260,-1,255,261,346,-1,346,261,281,-1,346,281,344,-1,344,281,356,-1,344,356,342,-1,342,356,355,-1,342,355,340,-1,340,355,354,-1,280,252,346,-1,346,252,256,-1,346,256,255,-1,249,253,291,-1,291,253,280,-1,291,280,289,-1,289,280,345,-1,289,345,286,-1,286,345,343,-1,286,343,301,-1,301,343,341,-1,301,341,306,-1,306,341,340,-1,306,340,334,-1,334,340,354,-1,334,354,335,-1,335,354,353,-1,335,353,336,-1,336,353,349,-1,336,349,337,-1,337,349,316,-1,337,316,312,-1,312,316,315,-1,312,315,310,-1,357,358,302,-1,359,360,287,-1,245,247,361,-1,361,247,293,-1,361,293,362,-1,362,293,292,-1,362,292,290,-1,290,297,362,-1,362,297,296,-1,362,296,363,-1,363,296,295,-1,363,295,364,-1,364,295,294,-1,364,294,288,-1,287,360,288,-1,288,360,365,-1,288,365,364,-1,302,358,303,-1,287,298,359,-1,359,298,285,-1,359,285,358,-1,358,285,284,-1,358,284,303,-1,357,302,366,-1,366,302,300,-1,366,300,299,-1,308,307,367,-1,299,309,366,-1,366,309,308,-1,366,308,368,-1,368,308,367,-1,275,273,304,-1,304,273,367,-1,304,367,305,-1,305,367,307,-1,273,272,367,-1,367,272,313,-1,313,311,367,-1,367,311,310,-1,367,310,368,-1,368,310,315,-1,368,315,366,-1,366,315,314,-1,366,314,357,-1,357,314,319,-1,327,359,358,-1,319,318,357,-1,357,318,320,-1,357,320,358,-1,358,320,322,-1,358,322,327,-1,359,327,360,-1,360,327,326,-1,360,326,365,-1,326,324,365,-1,365,324,369,-1,365,369,364,-1,364,369,328,-1,364,328,363,-1,245,361,270,-1,270,361,362,-1,270,362,331,-1,328,330,363,-1,363,330,333,-1,363,333,362,-1,362,333,332,-1,362,332,331,-1,370,371,372,-1,372,371,373,-1,372,373,374,-1,374,373,375,-1,374,375,376,-1,376,375,377,-1,378,379,377,-1,377,379,380,-1,377,380,376,-1,381,382,378,-1,378,382,383,-1,378,383,379,-1,384,385,386,-1,386,385,387,-1,386,387,381,-1,381,387,388,-1,381,388,382,-1,384,386,389,-1,389,386,390,-1,389,390,391,-1,391,390,392,-1,392,390,393,-1,392,393,394,-1,394,393,395,-1,395,393,371,-1,395,371,370,-1,396,397,398,-1,398,399,396,-1,396,399,400,-1,396,400,401,-1,401,402,396,-1,396,402,403,-1,396,403,404,-1,396,404,405,-1,405,404,406,-1,405,406,407,-1,407,408,405,-1,405,408,409,-1,405,409,410,-1,410,409,411,-1,410,411,412,-1,412,413,410,-1,410,413,414,-1,410,414,415,-1,414,416,415,-1,415,416,417,-1,415,417,418,-1,418,417,419,-1,419,420,418,-1,418,420,421,-1,418,421,422,-1,422,421,423,-1,422,423,424,-1,424,423,425,-1,370,372,426,-1,425,427,424,-1,424,427,428,-1,424,428,429,-1,429,428,430,-1,429,430,426,-1,426,430,431,-1,426,431,370,-1,432,397,396,-1,432,396,433,-1,434,435,405,-1,405,435,436,-1,405,436,396,-1,396,436,437,-1,396,437,433,-1,415,438,410,-1,410,438,439,-1,410,439,405,-1,405,439,440,-1,405,440,434,-1,418,441,415,-1,415,441,442,-1,415,442,438,-1,443,444,424,-1,424,444,445,-1,424,445,422,-1,422,445,446,-1,422,446,418,-1,418,446,447,-1,418,447,441,-1,374,448,372,-1,372,448,449,-1,372,449,426,-1,426,449,443,-1,426,443,429,-1,429,443,424,-1,380,379,450,-1,388,387,451,-1,384,389,452,-1,391,392,453,-1,433,437,454,-1,436,435,455,-1,444,443,456,-1,448,374,376,-1,456,443,376,-1,376,443,449,-1,376,449,448,-1,457,458,456,-1,456,458,445,-1,456,445,444,-1,438,442,459,-1,459,442,441,-1,459,441,457,-1,457,441,447,-1,457,447,458,-1,435,434,455,-1,455,434,440,-1,455,440,459,-1,459,440,439,-1,459,439,438,-1,454,437,460,-1,398,397,454,-1,454,397,432,-1,454,432,433,-1,404,403,406,-1,406,403,461,-1,406,461,407,-1,407,461,408,-1,408,461,409,-1,409,461,462,-1,409,462,411,-1,463,413,412,-1,417,463,464,-1,417,416,463,-1,463,416,414,-1,463,414,413,-1,427,425,465,-1,425,423,465,-1,465,423,421,-1,465,421,466,-1,466,421,420,-1,466,420,464,-1,464,420,419,-1,464,419,417,-1,370,431,395,-1,395,431,430,-1,395,430,465,-1,465,430,467,-1,465,467,427,-1,412,411,463,-1,463,411,462,-1,463,462,464,-1,464,462,468,-1,464,468,466,-1,466,468,469,-1,466,469,465,-1,465,469,453,-1,399,398,470,-1,470,398,454,-1,470,454,471,-1,471,454,460,-1,471,460,472,-1,472,460,473,-1,472,473,474,-1,474,473,475,-1,474,475,476,-1,476,475,450,-1,453,392,465,-1,465,392,394,-1,465,394,395,-1,389,391,452,-1,452,391,453,-1,452,453,477,-1,477,453,469,-1,477,469,478,-1,478,469,468,-1,478,468,479,-1,479,468,462,-1,479,462,480,-1,480,462,461,-1,480,461,402,-1,402,461,403,-1,385,384,481,-1,481,384,452,-1,481,452,482,-1,482,452,477,-1,482,477,483,-1,483,477,478,-1,483,478,484,-1,484,478,479,-1,484,479,485,-1,485,479,480,-1,485,480,401,-1,401,480,402,-1,401,400,485,-1,485,400,486,-1,485,486,484,-1,484,486,487,-1,484,487,483,-1,483,487,488,-1,483,488,482,-1,482,488,489,-1,482,489,481,-1,481,489,451,-1,481,451,385,-1,385,451,387,-1,382,388,476,-1,476,388,451,-1,476,451,474,-1,474,451,489,-1,474,489,472,-1,472,489,488,-1,472,488,471,-1,471,488,487,-1,471,487,470,-1,470,487,486,-1,470,486,399,-1,399,486,400,-1,450,379,476,-1,476,379,383,-1,476,383,382,-1,376,380,456,-1,456,380,450,-1,456,450,457,-1,457,450,475,-1,457,475,459,-1,459,475,473,-1,459,473,455,-1,455,473,460,-1,455,460,436,-1,436,460,437,-1,
        ]
    }
}
Shape{
    appearance Appearance {
        material  Material 	{
            diffuseColor 1.0 1.0 1.0
            specularColor 0.8784313725490196 0.8784313725490196 0.8784313725490196
            ambientIntensity 1.0
            transparency 0.0
            shininess 0.5
        }
    }
    geometry IndexedFaceSet {
        ccw TRUE
        solid FALSE
        coord DEF co Coordinate {
            point [
                1.0236 0.315 0.0472, 0.8229 0.315 0.0472, 1.0236 0.315 0.0, 0.8229 0.315 0.0, 1.0236 0.5315 0.0472, 1.0236 0.5315 0.0, 0.8229 0.5315 0.0472, 0.8229 0.5315 0.0, -1.0236 0.5315 0.0472, -0.8228 0.5315 0.0472, -1.0236 0.5315 0.0, -0.8228 0.5315 0.0, -1.0236 0.315 0.0472, -1.0236 0.315 0.0, -0.8228 0.315 0.0472, -0.8228 0.315 0.0, 1.0236 -0.5315 0.0472, 0.8229 -0.5315 0.0472, 1.0236 -0.5315 0.0, 0.8229 -0.5315 0.0, 1.0236 -0.3149 0.0472, 1.0236 -0.3149 0.0, 0.8229 -0.3149 0.0472, 0.8229 -0.3149 0.0, -1.0236 -0.3149 0.0472, -0.8228 -0.3149 0.0472, -1.0236 -0.3149 0.0, -0.8228 -0.3149 0.0, -1.0236 -0.5315 0.0472, -1.0236 -0.5315 0.0, -0.8228 -0.5315 0.0472, -0.8228 -0.5315 0.0, -0.2382 -0.3047 0.0472, -0.2215 -0.2359 0.0472, -0.2382 -0.3047 0.0, -0.2215 -0.2359 0.0, -0.183 -0.2452 0.0472, -0.183 -0.2452 0.0, -0.174 -0.2874 0.0472, -0.174 -0.2874 0.0, -0.1697 -0.3089 0.0472, -0.1697 -0.3089 0.0, -0.169 -0.3119 0.0, -0.168 -0.3157 0.0472, -0.168 -0.3157 0.0, -0.164 -0.3101 0.0472, -0.164 -0.3101 0.0, -0.1642 -0.3119 0.0, -0.1644 -0.3139 0.0472, -0.1644 -0.3139 0.0, -0.1648 -0.3169 0.0, -0.1648 -0.3169 0.0472, -0.165 -0.3176 0.0, -0.165 -0.3176 0.0472, -0.1653 -0.3181 0.0, -0.1653 -0.3181 0.0472, -0.1655 -0.3183 0.0, -0.1655 -0.3183 0.0472, -0.1656 -0.3184 0.0, -0.1656 -0.3184 0.0472, -0.1658 -0.3185 0.0, -0.1658 -0.3185 0.0472, -0.1659 -0.3185 0.0, -0.1659 -0.3185 0.0472, -0.1662 -0.3185 0.0, -0.1662 -0.3185 0.0472, -0.1664 -0.3184 0.0, -0.1664 -0.3184 0.0472, -0.1667 -0.3182 0.0, -0.1667 -0.3182 0.0472, -0.167 -0.3179 0.0, -0.167 -0.3179 0.0472, -0.1673 -0.3174 0.0, -0.1673 -0.3174 0.0472, -0.1676 -0.3167 0.0, -0.1676 -0.3167 0.0472, -0.1627 -0.2982 0.0472, -0.1627 -0.2982 0.0, -0.1635 -0.2874 0.0472, -0.1635 -0.2874 0.0, -0.163 -0.2884 0.0, -0.163 -0.2884 0.0472, -0.1624 -0.2901 0.0, -0.1624 -0.2901 0.0472, -0.1623 -0.2927 0.0, -0.1623 -0.2927 0.0472, -0.1649 -0.2849 0.0472, -0.1649 -0.2849 0.0, -0.1717 -0.2599 0.0472, -0.1717 -0.2599 0.0, -0.1686 -0.2725 0.0, -0.1686 -0.2725 0.0472, -0.2009 -0.1249 0.0472, -0.2009 -0.1249 0.0, -0.2048 -0.1249 0.0472, -0.2048 -0.1249 0.0, -0.2323 -0.2464 0.0472, -0.2323 -0.2464 0.0, -0.2357 -0.2605 0.0472, -0.2357 -0.2605 0.0, -0.2391 -0.2738 0.0472, -0.2391 -0.2738 0.0, -0.2372 -0.2672 0.0, -0.2372 -0.2672 0.0472, -0.2411 -0.2792 0.0472, -0.2411 -0.2792 0.0, -0.245 -0.2959 0.0472, -0.245 -0.2959 0.0, -0.2452 -0.2929 0.0, -0.2452 -0.2929 0.0472, -0.2453 -0.2917 0.0, -0.2453 -0.2917 0.0472, -0.2455 -0.2888 0.0, -0.2455 -0.2888 0.0472, -0.2455 -0.2882 0.0, -0.2455 -0.2882 0.0472, -0.2454 -0.2878 0.0, -0.2454 -0.2878 0.0472, -0.2451 -0.2873 0.0, -0.2451 -0.2873 0.0472, -0.2441 -0.2861 0.0, -0.2441 -0.2861 0.0472, -0.2429 -0.2843 0.0, -0.2429 -0.2843 0.0472, -0.2439 -0.3086 0.0472, -0.2439 -0.3086 0.0, -0.2435 -0.3119 0.0, -0.2433 -0.3135 0.0472, -0.2433 -0.3135 0.0, -0.2402 -0.316 0.0472, -0.2402 -0.316 0.0, -0.2404 -0.3166 0.0, -0.2404 -0.3166 0.0472, -0.2407 -0.3173 0.0, -0.2407 -0.3173 0.0472, -0.241 -0.3177 0.0, -0.241 -0.3177 0.0472, -0.2412 -0.3179 0.0, -0.2412 -0.3179 0.0472, -0.2415 -0.318 0.0, -0.2415 -0.318 0.0472, -0.2417 -0.318 0.0, -0.2417 -0.318 0.0472, -0.2419 -0.318 0.0, -0.2419 -0.318 0.0472, -0.2421 -0.318 0.0, -0.2421 -0.318 0.0472, -0.2423 -0.3179 0.0, -0.2423 -0.3179 0.0472, -0.2425 -0.3177 0.0, -0.2425 -0.3177 0.0472, -0.2426 -0.3175 0.0, -0.2426 -0.3175 0.0472, -0.2428 -0.3172 0.0, -0.2428 -0.3172 0.0472, -0.2429 -0.3168 0.0, -0.2429 -0.3168 0.0472, -0.243 -0.316 0.0, -0.243 -0.316 0.0472, -0.2432 -0.315 0.0, -0.2432 -0.315 0.0472, -0.2395 -0.3119 0.0, -0.2028 -0.1521 0.0472, -0.1844 -0.2353 0.0472, -0.221 -0.2316 0.0472, -0.2133 -0.2243 0.0472, -0.2062 -0.2291 0.0472, -0.2036 -0.2305 0.0472, -0.1956 -0.233 0.0472, -0.2133 -0.2243 0.0, -0.221 -0.2316 0.0, -0.2062 -0.2291 0.0, -0.2036 -0.2305 0.0, -0.1956 -0.233 0.0, -0.1844 -0.2353 0.0, -0.2028 -0.1521 0.0, -0.0691 -0.2973 0.0472, -0.0691 -0.149 0.0472, -0.0691 -0.2973 0.0, -0.0691 -0.149 0.0, -0.0654 -0.147 0.0472, -0.0654 -0.147 0.0, -0.0672 -0.1481 0.0, -0.0672 -0.1481 0.0472, -0.0604 -0.1427 0.0472, -0.0604 -0.1427 0.0, -0.0589 -0.1365 0.0472, -0.0589 -0.1365 0.0, -0.0585 -0.1368 0.0, -0.0585 -0.1368 0.0472, -0.0581 -0.1373 0.0, -0.0581 -0.1373 0.0472, -0.0579 -0.1378 0.0, -0.0579 -0.1378 0.0472, -0.0577 -0.1386 0.0, -0.0577 -0.1386 0.0472, -0.0577 -0.1393 0.0, -0.0577 -0.1393 0.0472, -0.058 -0.1402 0.0, -0.058 -0.1402 0.0472, -0.0584 -0.141 0.0, -0.0584 -0.141 0.0472, -0.0591 -0.1418 0.0, -0.0591 -0.1418 0.0472, -0.064 -0.1374 0.0472, -0.064 -0.1374 0.0, -0.07 -0.1374 0.0472, -0.07 -0.1374 0.0, -0.0748 -0.1365 0.0472, -0.0748 -0.1365 0.0, -0.0724 -0.1369 0.0, -0.0724 -0.1369 0.0472, -0.0807 -0.136 0.0472, -0.0807 -0.136 0.0, -0.0915 -0.1328 0.0472, -0.0915 -0.1328 0.0, -0.1039 -0.1311 0.0472, -0.1039 -0.1311 0.0, -0.0977 -0.1316 0.0, -0.0977 -0.1316 0.0472, -0.1433 -0.2291 0.0472, -0.1433 -0.2291 0.0, -0.1417 -0.1847 0.0, -0.1417 -0.1847 0.0472, -0.1371 -0.1557 0.0, -0.1371 -0.1557 0.0472, -0.133 -0.1457 0.0, -0.133 -0.1457 0.0472, -0.1285 -0.1396 0.0, -0.1285 -0.1396 0.0472, -0.1242 -0.1359 0.0, -0.1242 -0.1359 0.0472, -0.1193 -0.1333 0.0, -0.1193 -0.1333 0.0472, -0.1127 -0.1317 0.0, -0.1127 -0.1317 0.0472, -0.0929 -0.307 0.0472, -0.0929 -0.307 0.0, -0.1033 -0.3057 0.0, -0.1033 -0.3057 0.0472, -0.1151 -0.3033 0.0, -0.1151 -0.3033 0.0472, -0.1205 -0.3006 0.0, -0.1205 -0.3006 0.0472, -0.1253 -0.2966 0.0, -0.1253 -0.2966 0.0472, -0.1302 -0.2901 0.0, -0.1302 -0.2901 0.0472, -0.1363 -0.2781 0.0, -0.1363 -0.2781 0.0472, -0.1412 -0.2578 0.0, -0.1412 -0.2578 0.0472, -0.0804 -0.3084 0.0472, -0.0804 -0.3084 0.0, -0.0717 -0.312 0.0472, -0.0717 -0.312 0.0, -0.0719 -0.312 0.0, -0.0721 -0.3119 0.0, -0.0728 -0.3114 0.0472, -0.0719 -0.312 0.0472, -0.0728 -0.3114 0.0, -0.0758 -0.3096 0.0, -0.0758 -0.3096 0.0472, -0.0632 -0.3052 0.0472, -0.0632 -0.3052 0.0, -0.0658 -0.3079 0.0, -0.0658 -0.3079 0.0472, -0.0697 -0.3113 0.0, -0.0697 -0.3113 0.0472, -0.0706 -0.3119 0.0, -0.0707 -0.3119 0.0472, -0.0707 -0.3119 0.0, -0.071 -0.312 0.0, -0.071 -0.312 0.0472, -0.0598 -0.3016 0.0472, -0.0598 -0.3016 0.0, -0.0606 -0.2973 0.0472, -0.0606 -0.2973 0.0, -0.0595 -0.2972 0.0, -0.0595 -0.2972 0.0472, -0.0589 -0.2973 0.0, -0.0589 -0.2973 0.0472, -0.0589 -0.2973 0.0, -0.0589 -0.2973 0.0472, -0.0586 -0.2974 0.0, -0.0586 -0.2974 0.0472, -0.0585 -0.2975 0.0, -0.0585 -0.2975 0.0472, -0.0583 -0.2977 0.0, -0.0583 -0.2977 0.0472, -0.0582 -0.2979 0.0, -0.0582 -0.2979 0.0472, -0.058 -0.2985 0.0, -0.058 -0.2985 0.0472, -0.0579 -0.2988 0.0, -0.0579 -0.2988 0.0472, -0.0579 -0.299 0.0, -0.0579 -0.299 0.0472, -0.058 -0.2993 0.0, -0.058 -0.2993 0.0472, -0.0582 -0.2997 0.0, -0.0582 -0.2997 0.0472, -0.0586 -0.3002 0.0, -0.0586 -0.3002 0.0472, -0.0591 -0.3008 0.0, -0.0591 -0.3008 0.0472, -0.077 -0.147 0.0472, -0.1133 -0.2926 0.0472, -0.0824 -0.1447 0.0472, -0.0945 -0.142 0.0472, -0.1068 -0.141 0.0472, -0.1179 -0.2906 0.0472, -0.1213 -0.2879 0.0472, -0.1245 -0.2837 0.0472, -0.1304 -0.2703 0.0472, -0.077 -0.2968 0.0472, -0.1137 -0.1423 0.0472, -0.1194 -0.1445 0.0472, -0.1227 -0.1468 0.0472, -0.1264 -0.1511 0.0472, -0.107 -0.2942 0.0472, -0.0983 -0.2953 0.0472, -0.0858 -0.2968 0.0472, -0.0814 -0.2969 0.0472, -0.1296 -0.1572 0.0472, -0.1321 -0.1657 0.0472, -0.1354 -0.2042 0.0472, -0.1351 -0.2417 0.0472, -0.077 -0.147 0.0, -0.077 -0.2968 0.0, -0.0824 -0.1447 0.0, -0.0945 -0.142 0.0, -0.1068 -0.141 0.0, -0.1137 -0.1423 0.0, -0.1194 -0.1445 0.0, -0.1227 -0.1468 0.0, -0.1264 -0.1511 0.0, -0.1296 -0.1572 0.0, -0.1321 -0.1657 0.0, -0.1354 -0.2042 0.0, -0.1351 -0.2417 0.0, -0.1304 -0.2703 0.0, -0.1245 -0.2837 0.0, -0.1213 -0.2879 0.0, -0.1179 -0.2906 0.0, -0.1133 -0.2926 0.0, -0.107 -0.2942 0.0, -0.0983 -0.2953 0.0, -0.0858 -0.2968 0.0, -0.0814 -0.2969 0.0, -0.011 -0.1425 0.0472, 0.0247 -0.1484 0.0472, -0.011 -0.1425 0.0, 0.0247 -0.1484 0.0, 0.0247 -0.2107 0.0472, 0.0247 -0.2107 0.0, 0.0009 -0.2076 0.0472, 0.0009 -0.2076 0.0, -0.0181 -0.2016 0.0472, -0.0181 -0.2016 0.0, -0.0152 -0.2034 0.0, -0.0152 -0.2034 0.0472, -0.0089 -0.2056 0.0, -0.0089 -0.2056 0.0472, -0.0206 -0.2002 0.0472, -0.0206 -0.2002 0.0, -0.0288 -0.2084 0.0472, -0.0288 -0.2084 0.0, -0.0274 -0.2133 0.0472, -0.0274 -0.2133 0.0, -0.0283 -0.2132 0.0, -0.0283 -0.2132 0.0472, -0.0288 -0.213 0.0, -0.0288 -0.213 0.0472, -0.0291 -0.2128 0.0, -0.0291 -0.2128 0.0472, -0.0296 -0.2124 0.0, -0.0296 -0.2124 0.0472, -0.0299 -0.212 0.0, -0.0299 -0.212 0.0472, -0.03 -0.2115 0.0, -0.03 -0.2115 0.0472, -0.0301 -0.211 0.0, -0.0301 -0.211 0.0472, -0.03 -0.2105 0.0, -0.03 -0.2105 0.0472, -0.0298 -0.2099 0.0, -0.0298 -0.2099 0.0472, -0.0295 -0.2092 0.0, -0.0295 -0.2092 0.0472, 0.0247 -0.2206 0.0472, 0.0247 -0.2206 0.0, 0.0247 -0.2973 0.0472, 0.0247 -0.2973 0.0, -0.0175 -0.2914 0.0472, -0.0175 -0.2914 0.0, -0.0255 -0.2885 0.0472, -0.0255 -0.2885 0.0, -0.0216 -0.2903 0.0, -0.0216 -0.2903 0.0472, -0.028 -0.2871 0.0472, -0.028 -0.2871 0.0, -0.0359 -0.2959 0.0472, -0.0359 -0.2959 0.0, -0.0342 -0.3005 0.0472, -0.0342 -0.3005 0.0, -0.0349 -0.3004 0.0, -0.0349 -0.3004 0.0472, -0.0359 -0.3003 0.0, -0.0359 -0.3003 0.0472, -0.0362 -0.3001 0.0, -0.0362 -0.3001 0.0472, -0.0364 -0.3 0.0, -0.0364 -0.3 0.0472, -0.0366 -0.2997 0.0, -0.0366 -0.2997 0.0472, -0.0369 -0.2992 0.0, -0.0369 -0.2992 0.0472, -0.037 -0.2986 0.0, -0.037 -0.2986 0.0472, -0.0371 -0.2981 0.0, -0.0371 -0.2981 0.0472, -0.0369 -0.2976 0.0, -0.0369 -0.2976 0.0472, -0.0367 -0.297 0.0, -0.0367 -0.297 0.0472, -0.03 -0.3007 0.0472, -0.03 -0.3007 0.0, 0.0128 -0.3067 0.0472, 0.0128 -0.3067 0.0, -0.0085 -0.3033 0.0, -0.0085 -0.3033 0.0472, 0.0258 -0.3089 0.0472, 0.0258 -0.3089 0.0, 0.0355 -0.305 0.0472, 0.0355 -0.305 0.0, 0.0355 -0.305 0.0, 0.0355 -0.305 0.0472, 0.0356 -0.3073 0.0, 0.0356 -0.3073 0.0472, 0.0354 -0.3084 0.0, 0.0354 -0.3084 0.0472, 0.035 -0.3092 0.0, 0.035 -0.3092 0.0472, 0.0346 -0.3097 0.0, 0.0346 -0.3097 0.0472, 0.0339 -0.3102 0.0, 0.0339 -0.3102 0.0472, 0.0331 -0.3105 0.0, 0.0331 -0.3105 0.0472, 0.0321 -0.3107 0.0, 0.0321 -0.3107 0.0472, 0.0308 -0.3106 0.0, 0.0308 -0.3106 0.0472, 0.0289 -0.3101 0.0, 0.0289 -0.3101 0.0472, 0.0329 -0.2905 0.0472, 0.0329 -0.2905 0.0, 0.0336 -0.2979 0.0, 0.0336 -0.2979 0.0472, 0.0329 -0.2852 0.0472, 0.0329 -0.2852 0.0, 0.0326 -0.2781 0.0472, 0.0326 -0.2781 0.0, 0.0327 -0.2816 0.0, 0.0327 -0.2816 0.0472, 0.0329 -0.1484 0.0472, 0.0329 -0.1484 0.0, 0.0374 -0.136 0.0472, 0.0374 -0.136 0.0, 0.0384 -0.1358 0.0, 0.0384 -0.1358 0.0472, 0.0389 -0.1359 0.0, 0.0389 -0.1359 0.0472, 0.0393 -0.136 0.0, 0.0393 -0.136 0.0472, 0.0396 -0.1362 0.0, 0.0396 -0.1362 0.0472, 0.0398 -0.1364 0.0, 0.0398 -0.1364 0.0472, 0.0399 -0.1366 0.0, 0.0399 -0.1366 0.0472, 0.0399 -0.1367 0.0, 0.0399 -0.1367 0.0472, 0.0399 -0.1373 0.0, 0.0399 -0.1373 0.0472, 0.0399 -0.1379 0.0, 0.0399 -0.1379 0.0472, 0.0399 -0.1387 0.0, 0.0399 -0.1387 0.0472, 0.0395 -0.1398 0.0, 0.0395 -0.1398 0.0472, 0.0389 -0.1411 0.0, 0.0389 -0.1411 0.0472, 0.0378 -0.1426 0.0, 0.0378 -0.1426 0.0472, 0.0359 -0.1449 0.0, 0.0359 -0.1449 0.0472, 0.0321 -0.1368 0.0472, 0.0321 -0.1368 0.0, 0.0224 -0.1374 0.0472, 0.0224 -0.1374 0.0, 0.0272 -0.1374 0.0, 0.0272 -0.1374 0.0472, 0.0216 -0.1374 0.0472, 0.0216 -0.1374 0.0, 0.0105 -0.1365 0.0472, 0.0105 -0.1365 0.0, 0.016 -0.1373 0.0, 0.016 -0.1373 0.0472, -0.0005 -0.1345 0.0472, -0.0005 -0.1345 0.0, -0.0195 -0.1289 0.0472, -0.0195 -0.1289 0.0, -0.0181 -0.1297 0.0, -0.0181 -0.1297 0.0472, -0.0103 -0.1326 0.0, -0.0103 -0.1326 0.0472, -0.0221 -0.1272 0.0472, -0.0221 -0.1272 0.0, -0.0302 -0.1357 0.0472, -0.0302 -0.1357 0.0, -0.0288 -0.1402 0.0472, -0.0288 -0.1402 0.0, -0.0296 -0.1401 0.0, -0.0296 -0.1401 0.0472, -0.0302 -0.1399 0.0, -0.0302 -0.1399 0.0472, -0.0307 -0.1396 0.0, -0.0307 -0.1396 0.0472, -0.031 -0.1393 0.0, -0.031 -0.1393 0.0472, -0.0312 -0.139 0.0, -0.0312 -0.139 0.0472, -0.0313 -0.1386 0.0, -0.0313 -0.1386 0.0472, -0.0314 -0.1382 0.0, -0.0314 -0.1382 0.0472, -0.0313 -0.1378 0.0, -0.0313 -0.1378 0.0472, -0.0311 -0.1373 0.0, -0.0311 -0.1373 0.0472, -0.0308 -0.1366 0.0, -0.0308 -0.1366 0.0472, -0.0243 -0.1408 0.0472, -0.0243 -0.1408 0.0, -0.0177 -0.1416 0.0, -0.0177 -0.1416 0.0472, 0.0766 -0.1436 0.0472, 0.074 -0.1481 0.0472, 0.0766 -0.1436 0.0, 0.074 -0.1481 0.0, 0.072 -0.1314 0.0472, 0.072 -0.1314 0.0, 0.0678 -0.1314 0.0472, 0.0678 -0.1314 0.0, 0.0678 -0.207 0.0472, 0.0678 -0.207 0.0, 0.0732 -0.207 0.0472, 0.0732 -0.207 0.0, 0.0981 -0.1376 0.0472, 0.0981 -0.1376 0.0, 0.0952 -0.1382 0.0, 0.0952 -0.1382 0.0472, 0.0909 -0.1398 0.0, 0.0909 -0.1398 0.0472, 0.0865 -0.1428 0.0, 0.0865 -0.1428 0.0472, 0.083 -0.1468 0.0, 0.083 -0.1468 0.0472, 0.0793 -0.1538 0.0, 0.0793 -0.1538 0.0472, 0.0748 -0.1717 0.0, 0.0748 -0.1717 0.0472, 0.1335 -0.2336 0.0472, 0.1335 -0.2336 0.0, 0.1336 -0.2322 0.0, 0.1336 -0.2322 0.0472, 0.1324 -0.188 0.0, 0.1324 -0.188 0.0472, 0.13 -0.174 0.0, 0.13 -0.174 0.0472, 0.1234 -0.1551 0.0, 0.1234 -0.1551 0.0472, 0.1185 -0.1474 0.0, 0.1185 -0.1474 0.0472, 0.1138 -0.1427 0.0, 0.1138 -0.1427 0.0472, 0.109 -0.1397 0.0, 0.109 -0.1397 0.0472, 0.104 -0.138 0.0, 0.104 -0.138 0.0472, 0.1003 -0.3021 0.0472, 0.1003 -0.3021 0.0, 0.1048 -0.3017 0.0, 0.1048 -0.3017 0.0472, 0.1084 -0.3004 0.0, 0.1084 -0.3004 0.0472, 0.1121 -0.2981 0.0, 0.1121 -0.2981 0.0472, 0.1162 -0.2942 0.0, 0.1162 -0.2942 0.0472, 0.122 -0.2859 0.0, 0.122 -0.2859 0.0472, 0.1265 -0.2741 0.0, 0.1265 -0.2741 0.0472, 0.0695 -0.2565 0.0472, 0.0695 -0.2565 0.0, 0.0713 -0.2685 0.0, 0.0713 -0.2685 0.0472, 0.0752 -0.2848 0.0, 0.0752 -0.2848 0.0472, 0.0789 -0.2915 0.0, 0.0789 -0.2915 0.0472, 0.0829 -0.296 0.0, 0.0829 -0.296 0.0472, 0.0878 -0.2994 0.0, 0.0878 -0.2994 0.0472, 0.0939 -0.3016 0.0, 0.0939 -0.3016 0.0472, 0.0681 -0.2416 0.0472, 0.0681 -0.2416 0.0, 0.0636 -0.2418 0.0472, 0.0636 -0.2418 0.0, 0.0964 -0.3115 0.0472, 0.0964 -0.3115 0.0, 0.0893 -0.3102 0.0, 0.0893 -0.3102 0.0472, 0.0828 -0.3071 0.0, 0.0828 -0.3071 0.0472, 0.0775 -0.3028 0.0, 0.0775 -0.3028 0.0472, 0.0731 -0.297 0.0, 0.0731 -0.297 0.0472, 0.0688 -0.288 0.0, 0.0688 -0.288 0.0472, 0.0652 -0.271 0.0, 0.0652 -0.271 0.0472, 0.14 -0.1897 0.0472, 0.14 -0.1897 0.0, 0.1414 -0.2041 0.0, 0.1414 -0.2041 0.0472, 0.1402 -0.2441 0.0, 0.1402 -0.2441 0.0472, 0.1366 -0.2669 0.0, 0.1366 -0.2669 0.0472, 0.1288 -0.2898 0.0, 0.1288 -0.2898 0.0472, 0.1228 -0.2999 0.0, 0.1228 -0.2999 0.0472, 0.1179 -0.3049 0.0, 0.1179 -0.3049 0.0472, 0.1122 -0.3085 0.0, 0.1122 -0.3085 0.0472, 0.1045 -0.3111 0.0, 0.1045 -0.3111 0.0472, 0.1003 -0.1283 0.0472, 0.1003 -0.1283 0.0, 0.1005 -0.1283 0.0, 0.1005 -0.1283 0.0472, 0.106 -0.1286 0.0, 0.106 -0.1286 0.0472, 0.11 -0.1298 0.0, 0.11 -0.1298 0.0472, 0.1148 -0.1326 0.0, 0.1148 -0.1326 0.0472, 0.1217 -0.1384 0.0, 0.1217 -0.1384 0.0472, 0.1275 -0.1462 0.0, 0.1275 -0.1462 0.0472, 0.1338 -0.1608 0.0, 0.1338 -0.1608 0.0472, 0.0797 -0.1394 0.0, 0.0797 -0.1394 0.0472, 0.0858 -0.1339 0.0, 0.0858 -0.1339 0.0472, 0.0921 -0.1305 0.0, 0.0921 -0.1305 0.0472, 0.2261 -0.1261 0.0472, 0.2266 -0.1232 0.0472, 0.2261 -0.1261 0.0, 0.2266 -0.1232 0.0, 0.2246 -0.1209 0.0472, 0.2246 -0.1209 0.0, 0.2122 -0.1365 0.0472, 0.2122 -0.1365 0.0, 0.2164 -0.1544 0.0472, 0.2164 -0.1544 0.0, 0.2163 -0.1509 0.0, 0.2163 -0.1509 0.0472, 0.2152 -0.1428 0.0, 0.2152 -0.1428 0.0472, 0.2164 -0.2987 0.0472, 0.2164 -0.2987 0.0, 0.1743 -0.2903 0.0472, 0.1743 -0.2903 0.0, 0.1755 -0.2908 0.0, 0.1755 -0.2908 0.0472, 0.1784 -0.2933 0.0, 0.1784 -0.2933 0.0472, 0.1805 -0.2944 0.0, 0.1805 -0.2944 0.0472, 0.1842 -0.2953 0.0, 0.1842 -0.2953 0.0472, 0.1946 -0.297 0.0, 0.1946 -0.297 0.0472, 0.1626 -0.303 0.0472, 0.1626 -0.303 0.0, 0.1628 -0.3019 0.0, 0.1628 -0.3019 0.0472, 0.1631 -0.3007 0.0, 0.1631 -0.3007 0.0472, 0.1636 -0.2999 0.0, 0.1636 -0.2999 0.0472, 0.1645 -0.299 0.0, 0.1645 -0.299 0.0472, 0.1676 -0.2961 0.0, 0.1676 -0.2961 0.0472, 0.2023 -0.3081 0.0472, 0.2023 -0.3081 0.0, 0.1858 -0.3067 0.0, 0.1858 -0.3067 0.0472, 0.1809 -0.3062 0.0, 0.1809 -0.3062 0.0472, 0.1691 -0.3046 0.0, 0.1691 -0.3046 0.0472, 0.165 -0.3045 0.0, 0.165 -0.3045 0.0472, 0.1644 -0.3044 0.0, 0.1644 -0.3044 0.0472, 0.1636 -0.3042 0.0, 0.1636 -0.3042 0.0472, 0.1632 -0.3039 0.0, 0.1632 -0.3039 0.0472, 0.163 -0.3036 0.0, 0.163 -0.3036 0.0472, 0.2141 -0.3092 0.0472, 0.2141 -0.3092 0.0, 0.2207 -0.3098 0.0472, 0.2207 -0.3098 0.0, 0.2243 -0.2976 0.0472, 0.2243 -0.2976 0.0, 0.2244 -0.2981 0.0, 0.2244 -0.2981 0.0472, 0.2252 -0.3061 0.0, 0.2252 -0.3061 0.0472, 0.2253 -0.3078 0.0, 0.2253 -0.3078 0.0472, 0.2252 -0.3084 0.0, 0.2252 -0.3084 0.0472, 0.2248 -0.3092 0.0, 0.2248 -0.3092 0.0472, 0.2244 -0.3097 0.0, 0.2244 -0.3097 0.0472, 0.2241 -0.3099 0.0, 0.2241 -0.3099 0.0472, 0.2238 -0.3101 0.0, 0.2238 -0.3101 0.0472, 0.2234 -0.3102 0.0, 0.2234 -0.3102 0.0472, 0.2227 -0.3102 0.0, 0.2227 -0.3102 0.0472, 0.2238 -0.2809 0.0472, 0.2238 -0.2809 0.0, 0.2238 -0.1535 0.0472, 0.2238 -0.1535 0.0, 0.224 -0.1397 0.0, 0.224 -0.1397 0.0472
            ]
        }
        coordIndex [
            0,1,2,-1,2,1,3,-1,4,0,5,-1,5,0,2,-1,6,4,7,-1,7,4,5,-1,0,4,1,-1,1,4,6,-1,8,9,10,-1,10,9,11,-1,12,8,13,-1,13,8,10,-1,14,12,15,-1,15,12,13,-1,8,12,9,-1,9,12,14,-1,16,17,18,-1,18,17,19,-1,20,16,21,-1,21,16,18,-1,22,20,23,-1,23,20,21,-1,16,20,17,-1,17,20,22,-1,24,25,26,-1,26,25,27,-1,28,24,29,-1,29,24,26,-1,30,28,31,-1,31,28,29,-1,24,28,25,-1,25,28,30,-1,32,33,34,-1,34,33,35,-1,33,36,35,-1,35,36,37,-1,36,38,37,-1,37,38,39,-1,38,40,39,-1,39,40,41,-1,41,40,42,-1,42,40,43,-1,42,43,44,-1,45,46,47,-1,45,47,48,-1,47,49,48,-1,48,49,50,-1,48,50,51,-1,51,50,52,-1,51,52,53,-1,53,52,54,-1,53,54,55,-1,55,54,56,-1,55,56,57,-1,57,56,58,-1,57,58,59,-1,59,58,60,-1,59,60,61,-1,61,60,62,-1,61,62,63,-1,63,62,64,-1,63,64,65,-1,65,64,66,-1,65,66,67,-1,67,66,68,-1,67,68,69,-1,69,68,70,-1,69,70,71,-1,71,70,72,-1,71,72,73,-1,73,72,74,-1,73,74,75,-1,75,74,44,-1,75,44,43,-1,45,76,46,-1,46,76,77,-1,78,79,80,-1,78,80,81,-1,81,80,82,-1,81,82,83,-1,83,82,84,-1,83,84,85,-1,85,84,77,-1,85,77,76,-1,78,86,79,-1,79,86,87,-1,88,89,90,-1,88,90,91,-1,91,90,87,-1,91,87,86,-1,88,92,89,-1,89,92,93,-1,92,94,93,-1,93,94,95,-1,94,96,95,-1,95,96,97,-1,96,98,97,-1,97,98,99,-1,100,101,102,-1,100,102,103,-1,103,102,99,-1,103,99,98,-1,100,104,101,-1,101,104,105,-1,106,107,108,-1,106,108,109,-1,109,108,110,-1,109,110,111,-1,111,110,112,-1,111,112,113,-1,113,112,114,-1,113,114,115,-1,115,114,116,-1,115,116,117,-1,117,116,118,-1,117,118,119,-1,119,118,120,-1,119,120,121,-1,121,120,122,-1,121,122,123,-1,123,122,105,-1,123,105,104,-1,106,124,107,-1,107,124,125,-1,125,124,126,-1,126,124,127,-1,126,127,128,-1,129,130,131,-1,129,131,132,-1,132,131,133,-1,132,133,134,-1,134,133,135,-1,134,135,136,-1,136,135,137,-1,136,137,138,-1,138,137,139,-1,138,139,140,-1,140,139,141,-1,140,141,142,-1,142,141,143,-1,142,143,144,-1,144,143,145,-1,144,145,146,-1,146,145,147,-1,146,147,148,-1,148,147,149,-1,148,149,150,-1,150,149,151,-1,150,151,152,-1,152,151,153,-1,152,153,154,-1,154,153,155,-1,154,155,156,-1,156,155,157,-1,156,157,158,-1,158,157,159,-1,158,159,160,-1,160,159,128,-1,160,128,127,-1,130,129,161,-1,161,129,32,-1,161,32,34,-1,162,92,163,-1,163,92,88,-1,33,164,165,-1,121,123,32,-1,32,123,104,-1,165,166,33,-1,33,166,167,-1,33,167,36,-1,36,167,168,-1,91,38,88,-1,88,38,36,-1,88,36,163,-1,163,36,168,-1,104,100,32,-1,32,100,103,-1,32,103,33,-1,33,103,98,-1,33,98,164,-1,164,98,96,-1,164,96,162,-1,162,96,94,-1,162,94,92,-1,38,76,40,-1,40,76,45,-1,40,45,43,-1,43,45,48,-1,43,48,75,-1,158,129,156,-1,156,129,132,-1,156,132,154,-1,106,109,32,-1,32,109,111,-1,32,111,121,-1,121,111,113,-1,91,86,38,-1,38,86,78,-1,38,78,81,-1,75,48,73,-1,73,48,51,-1,73,51,71,-1,115,117,113,-1,113,117,119,-1,113,119,121,-1,81,83,38,-1,38,83,85,-1,38,85,76,-1,67,69,55,-1,158,160,129,-1,129,160,127,-1,129,127,32,-1,32,127,124,-1,32,124,106,-1,71,51,69,-1,69,51,53,-1,69,53,55,-1,136,138,152,-1,154,132,152,-1,152,132,134,-1,152,134,136,-1,148,142,146,-1,146,142,144,-1,138,140,152,-1,152,140,142,-1,152,142,150,-1,150,142,148,-1,67,55,65,-1,65,55,57,-1,65,57,63,-1,63,57,59,-1,63,59,61,-1,165,164,169,-1,169,164,170,-1,166,165,171,-1,171,165,169,-1,166,171,172,-1,166,172,167,-1,167,172,173,-1,167,173,168,-1,168,173,174,-1,168,174,163,-1,162,163,175,-1,175,163,174,-1,164,162,170,-1,170,162,175,-1,176,177,178,-1,178,177,179,-1,180,181,182,-1,180,182,183,-1,183,182,179,-1,183,179,177,-1,180,184,181,-1,181,184,185,-1,186,187,188,-1,186,188,189,-1,189,188,190,-1,189,190,191,-1,191,190,192,-1,191,192,193,-1,193,192,194,-1,193,194,195,-1,195,194,196,-1,195,196,197,-1,197,196,198,-1,197,198,199,-1,199,198,200,-1,199,200,201,-1,201,200,202,-1,201,202,203,-1,203,202,185,-1,203,185,184,-1,186,204,187,-1,187,204,205,-1,204,206,205,-1,205,206,207,-1,208,209,210,-1,208,210,211,-1,211,210,207,-1,211,207,206,-1,208,212,209,-1,209,212,213,-1,212,214,213,-1,213,214,215,-1,216,217,218,-1,216,218,219,-1,219,218,215,-1,219,215,214,-1,220,221,222,-1,220,222,223,-1,223,222,224,-1,223,224,225,-1,225,224,226,-1,225,226,227,-1,227,226,228,-1,227,228,229,-1,229,228,230,-1,229,230,231,-1,231,230,232,-1,231,232,233,-1,233,232,234,-1,233,234,235,-1,235,234,217,-1,235,217,216,-1,236,237,238,-1,236,238,239,-1,239,238,240,-1,239,240,241,-1,241,240,242,-1,241,242,243,-1,243,242,244,-1,243,244,245,-1,245,244,246,-1,245,246,247,-1,247,246,248,-1,247,248,249,-1,249,248,250,-1,249,250,251,-1,251,250,221,-1,251,221,220,-1,236,252,237,-1,237,252,253,-1,254,255,256,-1,257,258,256,-1,256,258,259,-1,256,259,254,-1,257,260,258,-1,258,260,261,-1,258,261,262,-1,262,261,253,-1,262,253,252,-1,263,264,265,-1,263,265,266,-1,266,265,267,-1,266,267,268,-1,268,267,269,-1,268,269,270,-1,269,271,270,-1,270,271,272,-1,270,272,273,-1,273,272,255,-1,273,255,254,-1,263,274,264,-1,264,274,275,-1,276,277,278,-1,276,278,279,-1,279,278,280,-1,279,280,281,-1,281,280,282,-1,281,282,283,-1,283,282,284,-1,283,284,285,-1,285,284,286,-1,285,286,287,-1,287,286,288,-1,287,288,289,-1,289,288,290,-1,289,290,291,-1,291,290,292,-1,291,292,293,-1,293,292,294,-1,293,294,295,-1,295,294,296,-1,295,296,297,-1,297,296,298,-1,297,298,299,-1,299,298,300,-1,299,300,301,-1,301,300,302,-1,301,302,303,-1,303,302,304,-1,303,304,305,-1,305,304,275,-1,305,275,274,-1,276,176,277,-1,277,176,178,-1,206,204,306,-1,239,241,307,-1,203,184,204,-1,262,176,258,-1,258,176,276,-1,301,303,276,-1,276,303,305,-1,276,305,274,-1,308,309,214,-1,214,309,219,-1,219,309,310,-1,219,310,216,-1,307,241,311,-1,311,241,243,-1,311,243,312,-1,312,243,245,-1,312,245,313,-1,313,245,247,-1,313,247,314,-1,262,252,176,-1,176,252,315,-1,176,315,177,-1,177,315,306,-1,177,306,183,-1,183,306,204,-1,183,204,180,-1,180,204,184,-1,214,212,308,-1,308,212,208,-1,308,208,306,-1,306,208,211,-1,306,211,206,-1,216,310,235,-1,235,310,316,-1,235,316,233,-1,273,254,259,-1,233,316,231,-1,231,316,317,-1,231,317,229,-1,229,317,318,-1,229,318,227,-1,227,318,319,-1,227,319,225,-1,307,320,239,-1,239,320,321,-1,239,321,236,-1,236,321,322,-1,236,322,252,-1,252,322,323,-1,252,323,315,-1,295,297,276,-1,276,297,299,-1,276,299,301,-1,204,186,203,-1,203,186,189,-1,203,189,201,-1,201,189,191,-1,274,263,276,-1,276,263,266,-1,276,266,258,-1,258,266,268,-1,258,268,259,-1,259,268,270,-1,259,270,273,-1,279,281,291,-1,291,281,283,-1,291,283,289,-1,289,283,285,-1,289,285,287,-1,319,324,225,-1,225,324,325,-1,225,325,223,-1,223,325,326,-1,223,326,220,-1,220,326,327,-1,220,327,251,-1,251,327,314,-1,251,314,249,-1,249,314,247,-1,191,193,201,-1,201,193,195,-1,201,195,199,-1,199,195,197,-1,279,291,276,-1,276,291,293,-1,276,293,295,-1,306,315,328,-1,328,315,329,-1,308,306,330,-1,330,306,328,-1,308,330,331,-1,308,331,309,-1,309,331,332,-1,309,332,310,-1,310,332,333,-1,310,333,316,-1,316,333,334,-1,316,334,317,-1,317,334,335,-1,317,335,318,-1,318,335,336,-1,318,336,319,-1,319,336,337,-1,319,337,324,-1,324,337,338,-1,324,338,325,-1,325,338,339,-1,325,339,326,-1,326,339,340,-1,326,340,327,-1,327,340,341,-1,327,341,314,-1,314,341,342,-1,314,342,313,-1,313,342,343,-1,313,343,312,-1,312,343,344,-1,312,344,311,-1,311,344,345,-1,311,345,307,-1,307,345,346,-1,307,346,320,-1,320,346,347,-1,320,347,321,-1,322,321,348,-1,348,321,347,-1,322,348,349,-1,322,349,323,-1,323,349,329,-1,323,329,315,-1,350,351,352,-1,352,351,353,-1,351,354,353,-1,353,354,355,-1,354,356,355,-1,355,356,357,-1,358,359,360,-1,358,360,361,-1,361,360,362,-1,361,362,363,-1,363,362,357,-1,363,357,356,-1,358,364,359,-1,359,364,365,-1,364,366,365,-1,365,366,367,-1,368,369,370,-1,368,370,371,-1,371,370,372,-1,371,372,373,-1,373,372,374,-1,373,374,375,-1,375,374,376,-1,375,376,377,-1,377,376,378,-1,377,378,379,-1,379,378,380,-1,379,380,381,-1,381,380,382,-1,381,382,383,-1,383,382,384,-1,383,384,385,-1,385,384,386,-1,385,386,387,-1,387,386,388,-1,387,388,389,-1,389,388,367,-1,389,367,366,-1,368,390,369,-1,369,390,391,-1,390,392,391,-1,391,392,393,-1,392,394,393,-1,393,394,395,-1,396,397,398,-1,396,398,399,-1,399,398,395,-1,399,395,394,-1,396,400,397,-1,397,400,401,-1,400,402,401,-1,401,402,403,-1,404,405,406,-1,404,406,407,-1,407,406,408,-1,407,408,409,-1,409,408,410,-1,409,410,411,-1,411,410,412,-1,411,412,413,-1,413,412,414,-1,413,414,415,-1,415,414,416,-1,415,416,417,-1,417,416,418,-1,417,418,419,-1,419,418,420,-1,419,420,421,-1,421,420,422,-1,421,422,423,-1,423,422,424,-1,423,424,425,-1,425,424,403,-1,425,403,402,-1,404,426,405,-1,405,426,427,-1,428,429,430,-1,428,430,431,-1,431,430,427,-1,431,427,426,-1,428,432,429,-1,429,432,433,-1,434,435,436,-1,434,436,437,-1,437,436,438,-1,437,438,439,-1,439,438,440,-1,439,440,441,-1,441,440,442,-1,441,442,443,-1,443,442,444,-1,443,444,445,-1,445,444,446,-1,445,446,447,-1,447,446,448,-1,447,448,449,-1,449,448,450,-1,449,450,451,-1,451,450,452,-1,451,452,453,-1,453,452,454,-1,453,454,455,-1,455,454,433,-1,455,433,432,-1,456,457,458,-1,456,458,459,-1,459,458,435,-1,459,435,434,-1,456,460,457,-1,457,460,461,-1,462,463,464,-1,462,464,465,-1,465,464,461,-1,465,461,460,-1,462,466,463,-1,463,466,467,-1,468,469,470,-1,468,470,471,-1,471,470,472,-1,471,472,473,-1,473,472,474,-1,473,474,475,-1,475,474,476,-1,475,476,477,-1,477,476,478,-1,477,478,479,-1,479,478,480,-1,479,480,481,-1,481,480,482,-1,481,482,483,-1,483,482,484,-1,483,484,485,-1,485,484,486,-1,485,486,487,-1,487,486,488,-1,487,488,489,-1,489,488,490,-1,489,490,491,-1,491,490,492,-1,491,492,493,-1,493,492,494,-1,493,494,495,-1,495,494,496,-1,495,496,497,-1,497,496,467,-1,497,467,466,-1,468,498,469,-1,469,498,499,-1,500,501,502,-1,500,502,503,-1,503,502,499,-1,503,499,498,-1,500,504,501,-1,501,504,505,-1,506,507,508,-1,506,508,509,-1,509,508,505,-1,509,505,504,-1,506,510,507,-1,507,510,511,-1,512,513,514,-1,512,514,515,-1,515,514,516,-1,515,516,517,-1,517,516,511,-1,517,511,510,-1,512,518,513,-1,513,518,519,-1,518,520,519,-1,519,520,521,-1,522,523,524,-1,522,524,525,-1,525,524,526,-1,525,526,527,-1,527,526,528,-1,527,528,529,-1,529,528,530,-1,529,530,531,-1,531,530,532,-1,531,532,533,-1,533,532,534,-1,533,534,535,-1,535,534,536,-1,535,536,537,-1,537,536,538,-1,537,538,539,-1,539,538,540,-1,539,540,541,-1,541,540,542,-1,541,542,543,-1,543,542,521,-1,543,521,520,-1,522,544,523,-1,523,544,545,-1,350,352,546,-1,350,546,547,-1,547,546,545,-1,547,545,544,-1,396,399,426,-1,426,399,394,-1,449,451,392,-1,392,451,453,-1,392,453,455,-1,437,392,434,-1,434,392,459,-1,493,495,351,-1,415,417,402,-1,455,432,392,-1,392,432,428,-1,392,428,394,-1,394,428,431,-1,394,431,426,-1,462,465,392,-1,465,460,392,-1,392,460,456,-1,392,456,459,-1,437,439,392,-1,392,439,441,-1,392,441,443,-1,354,390,356,-1,356,390,368,-1,356,368,363,-1,363,368,361,-1,541,543,522,-1,522,543,520,-1,495,497,351,-1,351,497,466,-1,351,466,354,-1,354,466,462,-1,354,462,390,-1,390,462,392,-1,361,368,358,-1,358,368,366,-1,358,366,364,-1,396,426,400,-1,400,426,404,-1,400,404,402,-1,402,404,407,-1,402,407,409,-1,417,419,421,-1,443,445,392,-1,392,445,447,-1,392,447,449,-1,477,479,351,-1,351,479,481,-1,487,489,351,-1,351,489,491,-1,351,491,493,-1,520,518,522,-1,522,518,512,-1,522,512,544,-1,544,512,515,-1,544,515,547,-1,547,515,517,-1,547,517,350,-1,350,517,510,-1,350,510,351,-1,351,510,506,-1,351,506,509,-1,509,504,351,-1,351,504,500,-1,351,500,503,-1,421,423,417,-1,417,423,425,-1,417,425,402,-1,371,387,368,-1,368,387,389,-1,368,389,366,-1,481,483,351,-1,351,483,485,-1,351,485,487,-1,529,531,539,-1,503,498,351,-1,351,498,468,-1,351,468,471,-1,409,411,402,-1,402,411,413,-1,402,413,415,-1,371,373,387,-1,387,373,375,-1,387,375,385,-1,385,375,377,-1,377,379,385,-1,385,379,381,-1,385,381,383,-1,529,539,527,-1,471,473,351,-1,351,473,475,-1,351,475,477,-1,541,522,539,-1,539,522,525,-1,539,525,527,-1,531,533,539,-1,539,533,535,-1,539,535,537,-1,548,549,550,-1,550,549,551,-1,549,552,551,-1,551,552,553,-1,552,554,553,-1,553,554,555,-1,554,556,555,-1,555,556,557,-1,556,558,557,-1,557,558,559,-1,560,561,562,-1,560,562,563,-1,563,562,564,-1,563,564,565,-1,565,564,566,-1,565,566,567,-1,567,566,568,-1,567,568,569,-1,569,568,570,-1,569,570,571,-1,571,570,572,-1,571,572,573,-1,573,572,559,-1,573,559,558,-1,574,575,576,-1,574,576,577,-1,577,576,578,-1,577,578,579,-1,579,578,580,-1,579,580,581,-1,581,580,582,-1,581,582,583,-1,583,582,584,-1,583,584,585,-1,585,584,586,-1,585,586,587,-1,587,586,588,-1,587,588,589,-1,589,588,590,-1,589,590,591,-1,591,590,561,-1,591,561,560,-1,592,593,594,-1,592,594,595,-1,595,594,596,-1,595,596,597,-1,597,596,598,-1,597,598,599,-1,599,598,600,-1,599,600,601,-1,601,600,602,-1,601,602,603,-1,603,602,604,-1,603,604,605,-1,605,604,575,-1,605,575,574,-1,606,607,608,-1,606,608,609,-1,609,608,610,-1,609,610,611,-1,611,610,612,-1,611,612,613,-1,613,612,614,-1,613,614,615,-1,615,614,616,-1,615,616,617,-1,617,616,618,-1,617,618,619,-1,619,618,593,-1,619,593,592,-1,606,620,607,-1,607,620,621,-1,620,622,621,-1,621,622,623,-1,624,625,626,-1,624,626,627,-1,627,626,628,-1,627,628,629,-1,629,628,630,-1,629,630,631,-1,631,630,632,-1,631,632,633,-1,633,632,634,-1,633,634,635,-1,635,634,636,-1,635,636,637,-1,637,636,623,-1,637,623,622,-1,638,639,640,-1,638,640,641,-1,641,640,642,-1,641,642,643,-1,643,642,644,-1,643,644,645,-1,645,644,646,-1,645,646,647,-1,647,646,648,-1,647,648,649,-1,649,648,650,-1,649,650,651,-1,651,650,652,-1,651,652,653,-1,653,652,654,-1,653,654,655,-1,655,654,625,-1,655,625,624,-1,656,657,658,-1,656,658,659,-1,659,658,660,-1,659,660,661,-1,661,660,662,-1,661,662,663,-1,663,662,664,-1,663,664,665,-1,665,664,666,-1,665,666,667,-1,667,666,668,-1,667,668,669,-1,669,668,670,-1,669,670,671,-1,671,670,639,-1,671,639,638,-1,548,550,672,-1,548,672,673,-1,673,672,674,-1,673,674,675,-1,675,674,676,-1,675,676,677,-1,677,676,657,-1,677,657,656,-1,556,554,549,-1,549,554,552,-1,637,622,620,-1,558,556,573,-1,573,556,549,-1,573,549,571,-1,571,549,569,-1,591,560,659,-1,579,581,671,-1,548,565,549,-1,549,565,567,-1,549,567,569,-1,671,581,669,-1,548,673,565,-1,565,673,675,-1,565,675,563,-1,563,675,677,-1,563,677,560,-1,560,677,656,-1,560,656,659,-1,620,606,637,-1,637,606,609,-1,637,609,635,-1,635,609,611,-1,635,611,633,-1,633,611,613,-1,633,613,631,-1,631,613,615,-1,631,615,629,-1,629,615,617,-1,629,617,627,-1,627,617,619,-1,627,619,624,-1,624,619,592,-1,624,592,655,-1,655,592,595,-1,655,595,653,-1,653,595,597,-1,653,597,651,-1,651,597,599,-1,651,599,649,-1,649,599,601,-1,649,601,647,-1,647,601,603,-1,647,603,645,-1,645,603,605,-1,645,605,643,-1,581,583,669,-1,669,583,585,-1,669,585,667,-1,667,585,587,-1,667,587,665,-1,665,587,589,-1,665,589,663,-1,663,589,591,-1,663,591,661,-1,661,591,659,-1,605,574,643,-1,643,574,577,-1,643,577,641,-1,641,577,579,-1,641,579,638,-1,638,579,671,-1,678,679,680,-1,680,679,681,-1,679,682,681,-1,681,682,683,-1,682,684,683,-1,683,684,685,-1,686,687,688,-1,686,688,689,-1,689,688,690,-1,689,690,691,-1,691,690,685,-1,691,685,684,-1,686,692,687,-1,687,692,693,-1,694,695,696,-1,694,696,697,-1,697,696,698,-1,697,698,699,-1,699,698,700,-1,699,700,701,-1,701,700,702,-1,701,702,703,-1,703,702,704,-1,703,704,705,-1,705,704,693,-1,705,693,692,-1,706,707,708,-1,706,708,709,-1,709,708,710,-1,709,710,711,-1,711,710,712,-1,711,712,713,-1,713,712,714,-1,713,714,715,-1,715,714,716,-1,715,716,717,-1,717,716,695,-1,717,695,694,-1,718,719,720,-1,718,720,721,-1,721,720,722,-1,721,722,723,-1,723,722,724,-1,723,724,725,-1,725,724,726,-1,725,726,727,-1,727,726,728,-1,727,728,729,-1,729,728,730,-1,729,730,731,-1,731,730,732,-1,731,732,733,-1,733,732,734,-1,733,734,735,-1,735,734,707,-1,735,707,706,-1,718,736,719,-1,719,736,737,-1,736,738,737,-1,737,738,739,-1,740,741,742,-1,740,742,743,-1,743,742,744,-1,743,744,745,-1,745,744,746,-1,745,746,747,-1,747,746,748,-1,747,748,749,-1,749,748,750,-1,749,750,751,-1,751,750,752,-1,751,752,753,-1,753,752,754,-1,753,754,755,-1,755,754,756,-1,755,756,757,-1,757,756,758,-1,757,758,759,-1,759,758,760,-1,759,760,761,-1,761,760,739,-1,761,739,738,-1,740,762,741,-1,741,762,763,-1,762,764,763,-1,763,764,765,-1,678,680,766,-1,678,766,767,-1,767,766,765,-1,767,765,764,-1,715,717,725,-1,723,725,699,-1,692,751,753,-1,717,694,725,-1,725,694,697,-1,725,697,699,-1,699,701,723,-1,723,701,703,-1,723,703,721,-1,721,703,705,-1,764,762,692,-1,762,740,692,-1,692,740,743,-1,692,743,745,-1,692,759,761,-1,682,679,684,-1,684,679,678,-1,684,678,691,-1,691,678,767,-1,691,767,689,-1,689,767,764,-1,689,764,686,-1,686,764,692,-1,745,747,692,-1,692,747,749,-1,692,749,751,-1,709,711,725,-1,725,711,713,-1,725,713,715,-1,753,755,692,-1,692,755,757,-1,692,757,759,-1,761,738,692,-1,692,738,736,-1,692,736,705,-1,705,736,718,-1,705,718,721,-1,725,727,709,-1,709,727,729,-1,709,729,731,-1,731,733,709,-1,709,733,735,-1,709,735,706,-1,
        ]
    }
}
Shape{
    appearance Appearance {
        material  Material 	{
            diffuseColor 0.9882352941176471 0.7372549019607844 0.5176470588235295
            specularColor 0.49411764705882355 0.3686274509803922 0.25882352941176473
            ambientIntensity 0.7873
            transparency 0.0
            shininess 0.5
        }
    }
    geometry IndexedFaceSet {
        ccw TRUE
        solid FALSE
        coord DEF co Coordinate {
            point [
                -0.2133 -0.2243 0.0, -0.221 -0.2316 0.0, -0.2028 -0.1521 0.0, -0.1844 -0.2353 0.0, -0.1956 -0.233 0.0, -0.2036 -0.2305 0.0, -0.2062 -0.2291 0.0, -0.0945 -0.142 0.0, -0.0824 -0.1447 0.0, -0.1354 -0.2042 0.0, -0.077 -0.147 0.0, -0.077 -0.2968 0.0, -0.0814 -0.2969 0.0, -0.0858 -0.2968 0.0, -0.1068 -0.141 0.0, -0.0983 -0.2953 0.0, -0.107 -0.2942 0.0, -0.1133 -0.2926 0.0, -0.1137 -0.1423 0.0, -0.1321 -0.1657 0.0, -0.1296 -0.1572 0.0, -0.1179 -0.2906 0.0, -0.1213 -0.2879 0.0, -0.1245 -0.2837 0.0, -0.1264 -0.1511 0.0, -0.1227 -0.1468 0.0, -0.1194 -0.1445 0.0, -0.1304 -0.2703 0.0, -0.1351 -0.2417 0.0
            ]
        }
        coordIndex [
            0,1,2,-1,2,3,4,-1,4,5,2,-1,2,5,6,-1,2,6,0,-1,7,8,9,-1,10,11,8,-1,8,11,12,-1,8,12,13,-1,7,9,14,-1,13,15,8,-1,8,15,16,-1,8,16,17,-1,14,9,18,-1,18,9,19,-1,18,19,20,-1,17,21,8,-1,8,21,22,-1,8,22,23,-1,20,24,18,-1,18,24,25,-1,18,25,26,-1,23,27,8,-1,8,27,28,-1,8,28,9,-1,
        ]
    }
}