#VRML V2.0 utf8
# 3D model generated by easyeda2kicad.py (https://github.com/uPesy/easyeda2kicad.py)

Shape{
    appearance Appearance {
        material  Material 	{
            diffuseColor 0.25098039215686274 0.25098039215686274 0.25098039215686274
            specularColor 0.12549019607843137 0.12549019607843137 0.12549019607843137
            ambientIntensity 0.251
            transparency 0.0
            shininess 0.5
        }
    }
    geometry IndexedFaceSet {
        ccw TRUE
        solid FALSE
        coord DEF co Coordinate {
            point [
                0.0547 0.0414 0.0039, 0.0624 0.0405 0.0039, 0.0376 -0.0177 0.0039, 0.0285 -0.0302 0.0039, 0.0362 -0.0256 0.0039, 0.0446 -0.029 0.0039, 0.504 0.6162 0.0039, 0.5886 0.5315 0.0039, 0.315 0.6162 0.0039, 0.504 0.5315 0.0039, 0.6221 0.3347 0.0039, 0.6221 0.1969 0.0039, 0.504 0.3347 0.0039, 0.2362 0.1969 0.0039, 0.2362 -0.0302 0.0039, 0.1419 -0.0297 0.0039, 0.1419 0.0491 0.0039, 0.1313 0.0491 0.0039, 0.0683 0.0384 0.0039, 0.0738 0.0347 0.0039, 0.0785 0.0295 0.0039, 0.0842 0.0089 0.0039, 0.0834 0.0003 0.0039, 0.0813 -0.0064 0.0039, 0.0638 -0.0212 0.0039, 0.0564 -0.022 0.0039, 0.0695 -0.0191 0.0039, 0.0744 -0.0158 0.0039, 0.0781 -0.0119 0.0039, 0.046 -0.0208 0.0039, 0.0752 -0.027 0.0039, 0.1015 -0.0297 0.0039, 0.0676 -0.0296 0.0039, 0.0625 -0.0302 0.0039, 0.0818 0.0234 0.0039, 0.0839 0.015 0.0039, 0.0451 0.0401 0.0039, 0.0362 -0.017 0.0039, 0.0362 0.0363 0.0039, 0.0285 0.6162 0.0039, 0.0362 0.0469 0.0039, 0.0907 0.0283 0.0039, 0.086 0.0357 0.0039, 0.0816 -0.023 0.0039, 0.0875 -0.0167 0.0039, 0.1015 -0.021 0.0039, 0.0917 -0.0092 0.0039, 0.1313 -0.021 0.0039, 0.0789 0.0425 0.0039, 0.0714 0.0468 0.0039, 0.0627 0.0494 0.0039, 0.094 -0.0009 0.0039, 0.0948 0.0082 0.0039, 0.0937 0.0194 0.0039, 0.0548 0.05 0.0039, 0.0453 0.0494 0.0039, 0.6221 -0.2953 0.0039, 0.6221 -0.3346 0.0039, 0.504 -0.3346 0.0039, 0.315 -0.6161 0.0039, 0.0285 -0.6161 0.0039, 0.2362 -0.1968 0.0039, 0.5886 -0.5315 0.0039, 0.504 -0.6161 0.0039, 0.504 -0.5315 0.0039, 0.6221 -0.1968 0.0039, 0.0579 -0.0306 0.0039, 0.0557 -0.0306 0.0039, 0.0526 -0.0302 0.0039, -0.5886 0.5315 0.0039, -0.5039 0.6162 0.0039, -0.5039 0.5315 0.0039, -0.3149 0.6162 0.0039, -0.0214 -0.0297 0.0039, 0.0209 -0.0297 0.0039, 0.0209 0.0491 0.0039, -0.0962 -0.0081 0.0039, -0.0917 -0.0151 0.0039, -0.1059 -0.0297 0.0039, -0.0852 -0.0213 0.0039, -0.077 -0.0261 0.0039, -0.1357 0.0491 0.0039, -0.1462 0.0491 0.0039, -0.2362 0.1969 0.0039, -0.0195 0.0404 0.0039, 0.0103 0.0404 0.0039, 0.0103 0.0145 0.0039, -0.622 0.1969 0.0039, -0.622 0.3347 0.0039, -0.5039 0.3347 0.0039, -0.0367 0.0491 0.0039, -0.0175 0.0145 0.0039, -0.0175 0.0059 0.0039, 0.0103 0.0059 0.0039, 0.0103 -0.021 0.0039, -0.0214 -0.021 0.0039, -0.0367 -0.0297 0.0039, -0.0582 -0.0297 0.0039, -0.0195 0.0491 0.0039, -0.2362 -0.0302 0.0039, -0.1769 -0.0297 0.0039, -0.1654 -0.0297 0.0039, -0.1575 -0.0076 0.0039, -0.1249 -0.0076 0.0039, -0.1174 -0.0297 0.0039, -0.059 0.0491 0.0039, -0.0703 0.0478 0.0039, -0.0974 0.0259 0.0039, -0.0996 0.0181 0.0039, -0.1001 0.0107 0.0039, -0.099 0.0001 0.0039, -0.0796 0.0446 0.0039, -0.0881 0.0389 0.0039, -0.0882 0.0388 0.0039, -0.0938 0.0326 0.0039, -0.5039 -0.6161 0.0039, -0.5886 -0.5315 0.0039, -0.3149 -0.6161 0.0039, -0.5039 -0.5315 0.0039, -0.0679 -0.0288 0.0039, -0.2362 -0.1968 0.0039, -0.5039 -0.3346 0.0039, -0.622 -0.3346 0.0039, -0.622 -0.2953 0.0039, -0.622 -0.1968 0.0039, 0.6221 -0.1968 0.0827, 0.2362 -0.1968 0.0827, -0.622 -0.1968 0.0827, -0.2362 -0.1968 0.0827, 0.6221 0.1969 0.0827, 0.2362 0.1969 0.0827, -0.622 0.1969 0.0827, -0.2362 0.1969 0.0827, 0.6221 0.3543 0.0591, 0.6221 0.3347 0.0591, 0.5236 0.3543 0.0591, 0.504 0.3347 0.0591, 0.5236 0.5118 0.0591, 0.504 0.5315 0.0591, 0.6083 0.5118 0.0591, 0.5886 0.5315 0.0591, -0.6082 0.5118 0.0591, -0.5886 0.5315 0.0591, -0.5236 0.5118 0.0591, -0.5039 0.5315 0.0591, -0.5236 0.3543 0.0591, -0.5039 0.3347 0.0591, -0.622 0.3543 0.0591, -0.622 0.3347 0.0591, 0.6083 -0.5118 0.0591, 0.5886 -0.5315 0.0591, 0.5236 -0.5118 0.0591, 0.504 -0.5315 0.0591, 0.5236 -0.3543 0.0591, 0.504 -0.3346 0.0591, 0.6221 -0.3543 0.0591, 0.6221 -0.3346 0.0591, -0.622 -0.3543 0.0591, -0.622 -0.3346 0.0591, -0.5236 -0.3543 0.0591, -0.5039 -0.3346 0.0591, -0.5236 -0.5118 0.0591, -0.5039 -0.5315 0.0591, -0.6082 -0.5118 0.0591, -0.5886 -0.5315 0.0591, 0.6024 0.2953 0.2992, 0.6221 0.2953 0.2992, 0.6221 0.498 0.2992, 0.4528 -0.3692 0.2992, 0.3693 -0.4527 0.2992, 0.6024 -0.2953 0.2992, -0.4527 0.3692 0.2992, -0.3692 0.4528 0.2992, -0.6023 0.2953 0.2992, 0.4528 0.3692 0.2992, 0.3693 0.4528 0.2992, 0.504 0.6162 0.2992, -0.5039 0.6162 0.2992, -0.622 0.498 0.2992, -0.622 0.2953 0.2992, 0.6221 -0.498 0.2992, 0.6221 -0.2953 0.2992, -0.4527 -0.3692 0.2992, -0.6023 -0.2953 0.2992, -0.3692 -0.4527 0.2992, 0.504 -0.6161 0.2992, -0.5039 -0.6161 0.2992, -0.622 -0.498 0.2992, -0.622 -0.2953 0.2992, -0.4527 0.3616 0.3675, -0.4527 0.3628 0.3674, -0.4527 -0.3616 0.3675, -0.4527 -0.3628 0.3674, -0.4527 0.3641 0.3671, -0.4527 0.3666 0.3658, -0.4527 0.3692 0.3637, -0.4527 -0.3692 0.3637, -0.4527 -0.3666 0.3658, -0.4527 -0.3641 0.3671, -0.4473 -0.3746 0.3675, -0.4482 -0.3738 0.3674, -0.3746 -0.4473 0.3675, -0.3738 -0.4482 0.3674, -0.4491 -0.3729 0.3671, -0.4509 -0.3711 0.3658, -0.3692 -0.4527 0.3637, -0.3711 -0.4509 0.3658, -0.3729 -0.4491 0.3671, -0.3616 -0.4527 0.3675, -0.3628 -0.4527 0.3674, 0.3616 -0.4527 0.3675, 0.3628 -0.4527 0.3674, -0.364 -0.4527 0.3671, -0.3666 -0.4527 0.3658, 0.3693 -0.4527 0.3637, 0.3667 -0.4527 0.3658, 0.3641 -0.4527 0.3671, 0.3747 -0.4473 0.3675, 0.3738 -0.4482 0.3674, 0.4474 -0.3746 0.3675, 0.4482 -0.3738 0.3674, 0.3729 -0.4491 0.3671, 0.3711 -0.4509 0.3658, 0.4528 -0.3692 0.3637, 0.4509 -0.3711 0.3658, 0.4491 -0.3729 0.3671, 0.4528 0.3628 0.3674, 0.4528 0.3616 0.3675, 0.4528 -0.3616 0.3675, 0.4528 -0.3628 0.3674, 0.4528 0.3692 0.3637, 0.4528 0.3666 0.3658, 0.4528 0.3641 0.3671, 0.4528 -0.3641 0.3671, 0.4528 -0.3666 0.3658, 0.4474 0.3747 0.3675, 0.4482 0.3738 0.3674, 0.3747 0.4473 0.3675, 0.3738 0.4482 0.3674, 0.4491 0.3729 0.3671, 0.4509 0.3711 0.3658, 0.3693 0.4528 0.3637, 0.3711 0.4509 0.3658, 0.3729 0.4491 0.3671, -0.3628 0.4528 0.3674, -0.3616 0.4528 0.3675, 0.3616 0.4528 0.3675, 0.3628 0.4528 0.3674, -0.3692 0.4528 0.3637, -0.3666 0.4528 0.3658, -0.364 0.4528 0.3671, 0.3641 0.4528 0.3671, 0.3667 0.4528 0.3658, -0.3746 0.4473 0.3675, -0.3738 0.4482 0.3674, -0.4473 0.3747 0.3675, -0.4482 0.3738 0.3674, -0.3729 0.4491 0.3671, -0.3711 0.4509 0.3658, -0.4509 0.3711 0.3658, -0.4491 0.3729 0.3671, -0.6074 0.2953 0.2985, -0.6074 -0.2953 0.2985, -0.6122 0.2953 0.2966, -0.6122 -0.2953 0.2966, -0.6163 0.2953 0.2934, -0.6163 -0.2953 0.2934, -0.6194 0.2953 0.2894, -0.6194 -0.2953 0.2894, -0.6214 0.2953 0.2846, -0.6214 -0.2953 0.2846, -0.622 0.2953 0.2795, -0.622 -0.2953 0.2795, 0.6163 0.2953 0.2934, 0.6194 0.2953 0.2894, 0.6214 0.2953 0.2846, 0.6221 0.2953 0.2795, 0.6075 0.2953 0.2985, 0.6122 0.2953 0.2966, 0.6221 -0.2953 0.2795, 0.6214 -0.2953 0.2846, 0.6194 -0.2953 0.2894, 0.6163 -0.2953 0.2934, 0.6122 -0.2953 0.2966, 0.6075 -0.2953 0.2985, -0.4314 0.3578 0.4245, -0.4316 0.3566 0.4244, -0.4322 0.3531 0.4241, -0.4295 0.3622 0.4245, -0.4305 0.36 0.4245, -0.4267 0.3661 0.4241, -0.4289 0.3632 0.4244, -0.4322 -0.353 0.4241, -0.4295 -0.3622 0.4245, -0.4289 -0.3632 0.4244, -0.4267 -0.3661 0.4241, -0.4314 -0.3578 0.4245, -0.4305 -0.36 0.4245, -0.4316 -0.3566 0.4244, -0.3661 -0.4268 0.4241, -0.3622 -0.4296 0.4245, -0.353 -0.4322 0.4241, -0.3578 -0.4314 0.4245, -0.3578 -0.4314 0.4245, -0.3622 -0.4296 0.4245, 0.3531 -0.4322 0.4241, 0.3623 -0.4296 0.4245, 0.3632 -0.4289 0.4244, 0.3662 -0.4268 0.4241, 0.3578 -0.4314 0.4245, 0.36 -0.4305 0.4245, 0.3566 -0.4316 0.4244, 0.4268 -0.3661 0.4241, 0.4314 -0.3578 0.4245, 0.4316 -0.3566 0.4244, 0.4322 -0.353 0.4241, 0.4296 -0.3622 0.4245, 0.4305 -0.36 0.4245, 0.4289 -0.3632 0.4244, 0.4322 0.3531 0.4241, 0.4296 0.3622 0.4245, 0.4289 0.3632 0.4244, 0.4268 0.3661 0.4241, 0.4314 0.3578 0.4245, 0.4305 0.36 0.4245, 0.4316 0.3566 0.4244, 0.3662 0.4268 0.4241, 0.3578 0.4314 0.4245, 0.3566 0.4316 0.4244, 0.3531 0.4322 0.4241, 0.3623 0.4296 0.4245, 0.36 0.4305 0.4245, 0.3632 0.4289 0.4244, -0.353 0.4322 0.4241, -0.3622 0.4296 0.4245, -0.3632 0.4289 0.4244, -0.3661 0.4268 0.4241, -0.3578 0.4314 0.4245, -0.36 0.4305 0.4245, -0.3566 0.4316 0.4244, -0.4137 0.3531 0.437, -0.4177 0.3557 0.4364, -0.4181 0.3549 0.4364, -0.4297 0.3563 0.4282, -0.4288 0.3593 0.4282, -0.4273 0.3622 0.4282, -0.4253 0.3647 0.4282, -0.4268 0.3531 0.4319, -0.423 0.3531 0.4347, -0.4228 0.3549 0.4347, -0.4229 0.3531 0.4347, -0.417 0.3564 0.4364, -0.4171 0.3565 0.4364, -0.4202 0.3596 0.4347, -0.4214 0.3582 0.4347, -0.4223 0.3566 0.4347, -0.4184 0.354 0.4364, -0.4185 0.3531 0.4364, -0.43 0.3531 0.4283, -0.4269 0.3531 0.4319, -0.4266 0.3556 0.4319, -0.4259 0.3581 0.4319, -0.4247 0.3604 0.4319, -0.4184 0.3531 0.4364, -0.4301 0.3531 0.4282, -0.4202 0.3596 0.4347, -0.423 0.3624 0.4319, -0.423 0.3624 0.4319, -0.4252 0.3646 0.4283, -0.4301 -0.353 0.4282, -0.43 -0.353 0.4283, -0.4269 -0.353 0.4319, -0.4268 -0.353 0.4319, -0.423 -0.353 0.4347, -0.4229 -0.353 0.4347, -0.4185 -0.353 0.4364, -0.4184 -0.353 0.4364, -0.4137 -0.353 0.437, -0.4184 -0.354 0.4364, -0.4181 -0.3549 0.4364, -0.4273 -0.3621 0.4282, -0.4288 -0.3593 0.4282, -0.4297 -0.3562 0.4282, -0.423 -0.3624 0.4319, -0.4202 -0.3596 0.4347, -0.4214 -0.3582 0.4347, -0.4202 -0.3596 0.4347, -0.4228 -0.3549 0.4347, -0.4223 -0.3566 0.4347, -0.4177 -0.3557 0.4364, -0.4171 -0.3564 0.4364, -0.4252 -0.3646 0.4283, -0.423 -0.3624 0.4319, -0.4247 -0.3604 0.4319, -0.4259 -0.3581 0.4319, -0.4266 -0.3556 0.4319, -0.417 -0.3564 0.4364, -0.4253 -0.3646 0.4282, -0.3646 -0.4253 0.4282, -0.3646 -0.4252 0.4283, -0.3624 -0.423 0.4319, -0.3623 -0.423 0.4319, -0.3596 -0.4202 0.4347, -0.3596 -0.4202 0.4347, -0.3564 -0.4171 0.4364, -0.3564 -0.417 0.4364, -0.353 -0.4137 0.437, -0.3612 -0.4279 0.4282, -0.3573 -0.4295 0.4282, -0.3543 -0.4183 0.4364, -0.353 -0.4185 0.4364, -0.353 -0.4184 0.4364, -0.3554 -0.4178 0.4364, -0.353 -0.4229 0.4347, -0.3554 -0.4227 0.4347, -0.353 -0.423 0.4347, -0.3577 -0.4217 0.4347, -0.353 -0.4268 0.4319, -0.3565 -0.4265 0.4319, -0.353 -0.4269 0.4319, -0.3597 -0.4251 0.4319, -0.353 -0.43 0.4283, -0.353 -0.4301 0.4282, 0.3531 -0.4301 0.4282, 0.3531 -0.43 0.4283, 0.3531 -0.4269 0.4319, 0.3531 -0.4268 0.4319, 0.3531 -0.423 0.4347, 0.3531 -0.4229 0.4347, 0.3531 -0.4185 0.4364, 0.3531 -0.4184 0.4364, 0.3531 -0.4137 0.437, 0.354 -0.4184 0.4364, 0.3549 -0.4181 0.4364, 0.3622 -0.4273 0.4282, 0.3593 -0.4288 0.4282, 0.3563 -0.4297 0.4282, 0.3624 -0.423 0.4319, 0.3596 -0.4202 0.4347, 0.3582 -0.4214 0.4347, 0.3596 -0.4202 0.4347, 0.3549 -0.4228 0.4347, 0.3566 -0.4223 0.4347, 0.3557 -0.4177 0.4364, 0.3565 -0.4171 0.4364, 0.3646 -0.4252 0.4283, 0.3624 -0.423 0.4319, 0.3604 -0.4247 0.4319, 0.3581 -0.4259 0.4319, 0.3557 -0.4267 0.4319, 0.3564 -0.417 0.4364, 0.3647 -0.4253 0.4282, 0.4253 -0.3646 0.4282, 0.4252 -0.3646 0.4283, 0.4231 -0.3624 0.4319, 0.423 -0.3624 0.4319, 0.4203 -0.3596 0.4347, 0.4202 -0.3596 0.4347, 0.4171 -0.3564 0.4364, 0.4171 -0.3564 0.4364, 0.4137 -0.353 0.437, 0.4177 -0.3557 0.4364, 0.4181 -0.3549 0.4364, 0.4298 -0.3562 0.4282, 0.4288 -0.3593 0.4282, 0.4273 -0.3621 0.4282, 0.4269 -0.353 0.4319, 0.423 -0.353 0.4347, 0.4228 -0.3549 0.4347, 0.4229 -0.353 0.4347, 0.4214 -0.3582 0.4347, 0.4223 -0.3566 0.4347, 0.4184 -0.354 0.4364, 0.4185 -0.353 0.4364, 0.43 -0.353 0.4283, 0.4269 -0.353 0.4319, 0.4267 -0.3556 0.4319, 0.4259 -0.3581 0.4319, 0.4247 -0.3604 0.4319, 0.4185 -0.353 0.4364, 0.4301 -0.353 0.4282, 0.4301 0.3531 0.4282, 0.43 0.3531 0.4283, 0.4269 0.3531 0.4319, 0.4269 0.3531 0.4319, 0.423 0.3531 0.4347, 0.4229 0.3531 0.4347, 0.4185 0.3531 0.4364, 0.4185 0.3531 0.4364, 0.4137 0.3531 0.437, 0.4184 0.354 0.4364, 0.4181 0.3549 0.4364, 0.4273 0.3622 0.4282, 0.4288 0.3593 0.4282, 0.4298 0.3563 0.4282, 0.423 0.3624 0.4319, 0.4203 0.3596 0.4347, 0.4214 0.3582 0.4347, 0.4202 0.3596 0.4347, 0.4228 0.3549 0.4347, 0.4223 0.3566 0.4347, 0.4177 0.3557 0.4364, 0.4171 0.3565 0.4364, 0.4252 0.3646 0.4283, 0.4231 0.3624 0.4319, 0.4247 0.3604 0.4319, 0.4259 0.3581 0.4319, 0.4267 0.3556 0.4319, 0.4171 0.3564 0.4364, 0.4253 0.3647 0.4282, 0.3647 0.4253 0.4282, 0.3646 0.4252 0.4283, 0.3624 0.4231 0.4319, 0.3624 0.423 0.4319, 0.3596 0.4203 0.4347, 0.3596 0.4202 0.4347, 0.3565 0.4171 0.4364, 0.3564 0.4171 0.4364, 0.3531 0.4137 0.437, 0.3557 0.4177 0.4364, 0.3549 0.4181 0.4364, 0.3563 0.4298 0.4282, 0.3593 0.4288 0.4282, 0.3622 0.4273 0.4282, 0.3531 0.4269 0.4319, 0.3531 0.423 0.4347, 0.3549 0.4228 0.4347, 0.3531 0.4229 0.4347, 0.3582 0.4214 0.4347, 0.3566 0.4223 0.4347, 0.354 0.4184 0.4364, 0.3531 0.4185 0.4364, 0.3531 0.43 0.4283, 0.3531 0.4269 0.4319, 0.3557 0.4267 0.4319, 0.3581 0.4259 0.4319, 0.3604 0.4247 0.4319, 0.3531 0.4185 0.4364, 0.3531 0.4301 0.4282, -0.353 0.4301 0.4282, -0.353 0.43 0.4283, -0.353 0.4269 0.4319, -0.353 0.4269 0.4319, -0.353 0.423 0.4347, -0.353 0.4229 0.4347, -0.353 0.4185 0.4364, -0.353 0.4185 0.4364, -0.353 0.4137 0.437, -0.354 0.4184 0.4364, -0.3549 0.4181 0.4364, -0.3621 0.4273 0.4282, -0.3593 0.4288 0.4282, -0.3562 0.4298 0.4282, -0.3623 0.423 0.4319, -0.3596 0.4203 0.4347, -0.3582 0.4214 0.4347, -0.3596 0.4202 0.4347, -0.3548 0.4228 0.4347, -0.3566 0.4223 0.4347, -0.3557 0.4177 0.4364, -0.3564 0.4171 0.4364, -0.3646 0.4252 0.4283, -0.3624 0.4231 0.4319, -0.3604 0.4247 0.4319, -0.3581 0.4259 0.4319, -0.3556 0.4267 0.4319, -0.3564 0.4171 0.4364, -0.3646 0.4253 0.4282, -0.1634 0.283 0.437, -0.1117 0.3071 0.437, 0.283 0.1634 0.437, 0.3071 0.1118 0.437, 0.3218 0.0568 0.437, 0.3268 0.0 0.437, 0.3218 -0.0567 0.437, 0.3071 -0.1118 0.437, 0.1634 -0.283 0.437, 0.1118 -0.3071 0.437, 0.283 -0.1634 0.437, 0.2503 -0.21 0.437, 0.2101 -0.2503 0.437, -0.0567 0.3218 0.437, 0.0 0.3268 0.437, 0.0568 0.3218 0.437, 0.1118 0.3071 0.437, 0.0568 -0.3218 0.437, 0.0 -0.3268 0.437, -0.0567 -0.3218 0.437, -0.1117 -0.3071 0.437, 0.1634 0.283 0.437, 0.2101 0.2503 0.437, 0.2503 0.2101 0.437, -0.283 -0.1634 0.437, -0.307 -0.1118 0.437, -0.307 0.1118 0.437, -0.283 0.1634 0.437, -0.2503 0.2101 0.437, -0.21 0.2503 0.437, -0.1634 -0.283 0.437, -0.21 -0.2503 0.437, -0.2503 -0.21 0.437, -0.3218 -0.0567 0.437, -0.3268 0.0 0.437, -0.3218 0.0568 0.437, 0.6221 0.498 0.0591, -0.622 0.498 0.0591, -0.622 -0.498 0.0591, 0.6221 -0.498 0.0591
            ]
        }
        coordIndex [
            0,1,2,-1,3,4,5,-1,6,7,8,-1,8,7,9,-1,10,11,12,-1,12,11,13,-1,14,15,13,-1,13,15,16,-1,13,16,17,-1,1,18,2,-1,2,18,19,-1,2,19,20,-1,21,22,2,-1,2,22,23,-1,24,25,26,-1,26,25,27,-1,23,28,2,-1,2,28,27,-1,2,27,29,-1,29,27,25,-1,30,31,32,-1,32,31,33,-1,20,34,2,-1,2,34,35,-1,2,35,21,-1,0,2,36,-1,36,2,37,-1,36,37,38,-1,38,37,39,-1,38,39,40,-1,41,42,17,-1,17,42,39,-1,17,39,13,-1,13,39,8,-1,13,8,12,-1,12,8,9,-1,30,43,31,-1,31,43,44,-1,31,44,45,-1,45,44,46,-1,45,46,47,-1,42,48,39,-1,39,48,49,-1,39,49,50,-1,46,51,47,-1,47,51,52,-1,47,52,17,-1,17,52,53,-1,17,53,41,-1,50,54,39,-1,39,54,55,-1,39,55,40,-1,56,57,58,-1,59,60,61,-1,62,63,64,-1,64,63,59,-1,64,59,58,-1,58,59,61,-1,58,61,56,-1,56,61,65,-1,31,15,33,-1,33,15,14,-1,33,14,66,-1,66,14,61,-1,66,61,67,-1,67,61,60,-1,67,60,68,-1,69,70,71,-1,71,70,72,-1,73,74,3,-1,3,74,75,-1,76,77,78,-1,78,77,79,-1,78,79,80,-1,81,82,83,-1,84,85,86,-1,87,88,83,-1,83,88,89,-1,83,89,71,-1,90,91,92,-1,93,94,92,-1,92,94,95,-1,92,95,90,-1,90,95,73,-1,90,73,96,-1,96,73,3,-1,96,3,97,-1,84,71,98,-1,98,71,72,-1,98,72,75,-1,75,72,39,-1,75,39,3,-1,3,39,37,-1,3,37,4,-1,83,82,99,-1,99,82,100,-1,99,100,101,-1,102,103,101,-1,101,103,104,-1,101,104,99,-1,99,104,78,-1,86,91,84,-1,84,91,90,-1,84,90,71,-1,71,90,105,-1,71,105,106,-1,107,108,81,-1,81,108,109,-1,81,109,78,-1,78,109,110,-1,78,110,76,-1,106,111,71,-1,71,111,112,-1,71,112,83,-1,83,112,113,-1,83,113,81,-1,81,113,114,-1,81,114,107,-1,115,116,117,-1,117,116,118,-1,80,119,78,-1,78,119,97,-1,78,97,99,-1,99,97,3,-1,99,3,120,-1,121,122,120,-1,120,122,123,-1,120,123,124,-1,118,121,117,-1,117,121,120,-1,117,120,60,-1,60,120,3,-1,60,3,68,-1,68,3,5,-1,125,65,126,-1,126,65,61,-1,124,127,120,-1,120,127,128,-1,11,129,13,-1,13,129,130,-1,131,87,132,-1,132,87,83,-1,130,129,126,-1,126,129,125,-1,128,127,132,-1,132,127,131,-1,133,134,135,-1,135,134,136,-1,135,136,137,-1,137,136,138,-1,137,138,139,-1,139,138,140,-1,141,142,143,-1,143,142,144,-1,143,144,145,-1,145,144,146,-1,145,146,147,-1,147,146,148,-1,149,150,151,-1,151,150,152,-1,151,152,153,-1,153,152,154,-1,153,154,155,-1,155,154,156,-1,157,158,159,-1,159,158,160,-1,159,160,161,-1,161,160,162,-1,161,162,163,-1,163,162,164,-1,165,166,167,-1,168,169,170,-1,171,172,173,-1,168,170,174,-1,170,165,174,-1,174,165,167,-1,174,167,175,-1,175,167,176,-1,175,176,172,-1,172,176,177,-1,172,177,173,-1,173,177,178,-1,173,178,179,-1,180,181,170,-1,171,173,182,-1,182,173,183,-1,182,183,184,-1,180,170,185,-1,185,170,169,-1,185,169,186,-1,186,169,184,-1,186,184,187,-1,187,184,183,-1,187,183,188,-1,171,189,190,-1,189,171,191,-1,191,171,182,-1,191,182,192,-1,190,193,171,-1,171,193,194,-1,171,194,195,-1,196,197,182,-1,182,197,198,-1,182,198,192,-1,182,199,200,-1,199,182,201,-1,201,182,184,-1,201,184,202,-1,200,203,182,-1,182,203,204,-1,182,204,196,-1,205,206,184,-1,184,206,207,-1,184,207,202,-1,184,208,209,-1,208,184,210,-1,210,184,169,-1,210,169,211,-1,209,212,184,-1,184,212,213,-1,184,213,205,-1,214,215,169,-1,169,215,216,-1,169,216,211,-1,169,217,218,-1,217,169,219,-1,219,169,168,-1,219,168,220,-1,218,221,169,-1,169,221,222,-1,169,222,214,-1,223,224,168,-1,168,224,225,-1,168,225,220,-1,226,227,174,-1,174,227,168,-1,168,227,228,-1,168,228,229,-1,230,231,174,-1,174,231,232,-1,174,232,226,-1,229,233,168,-1,168,233,234,-1,168,234,223,-1,174,235,236,-1,235,174,237,-1,237,174,175,-1,237,175,238,-1,236,239,174,-1,174,239,240,-1,174,240,230,-1,241,242,175,-1,175,242,243,-1,175,243,238,-1,244,245,172,-1,172,245,175,-1,175,245,246,-1,175,246,247,-1,248,249,172,-1,172,249,250,-1,172,250,244,-1,247,251,175,-1,175,251,252,-1,175,252,241,-1,172,253,254,-1,253,172,255,-1,255,172,171,-1,255,171,256,-1,254,257,172,-1,172,257,258,-1,172,258,248,-1,195,259,171,-1,171,259,260,-1,171,260,256,-1,183,173,261,-1,183,261,262,-1,262,261,263,-1,262,263,264,-1,264,263,265,-1,264,265,266,-1,266,265,267,-1,266,267,268,-1,268,267,269,-1,268,269,270,-1,270,269,271,-1,270,271,272,-1,271,269,179,-1,179,269,267,-1,179,267,265,-1,265,263,179,-1,179,263,261,-1,179,261,173,-1,273,274,166,-1,166,274,275,-1,166,275,276,-1,165,277,166,-1,166,277,278,-1,166,278,273,-1,279,276,275,-1,279,275,280,-1,280,275,274,-1,280,274,281,-1,281,274,273,-1,281,273,282,-1,282,273,278,-1,282,278,283,-1,283,278,277,-1,283,277,284,-1,284,277,165,-1,284,165,170,-1,279,280,181,-1,181,280,281,-1,181,281,282,-1,282,283,181,-1,181,283,284,-1,181,284,170,-1,183,262,188,-1,188,262,264,-1,188,264,266,-1,266,268,188,-1,188,268,270,-1,188,270,272,-1,285,193,190,-1,285,190,286,-1,286,190,189,-1,286,189,287,-1,288,259,289,-1,289,259,195,-1,289,195,285,-1,285,195,194,-1,285,194,193,-1,290,255,291,-1,291,255,256,-1,291,256,288,-1,288,256,260,-1,288,260,259,-1,191,292,189,-1,189,292,287,-1,293,203,200,-1,293,200,294,-1,294,200,199,-1,294,199,295,-1,296,197,297,-1,297,197,196,-1,297,196,293,-1,293,196,204,-1,293,204,203,-1,292,191,298,-1,298,191,192,-1,298,192,296,-1,296,192,198,-1,296,198,197,-1,201,299,199,-1,199,299,295,-1,207,206,300,-1,208,301,209,-1,209,301,302,-1,209,302,212,-1,206,205,213,-1,212,302,213,-1,213,302,303,-1,213,303,206,-1,206,303,304,-1,206,304,300,-1,299,201,300,-1,300,201,202,-1,300,202,207,-1,210,305,208,-1,208,305,301,-1,306,221,218,-1,306,218,307,-1,307,218,217,-1,307,217,308,-1,309,215,310,-1,310,215,214,-1,310,214,306,-1,306,214,222,-1,306,222,221,-1,305,210,311,-1,311,210,211,-1,311,211,309,-1,309,211,216,-1,309,216,215,-1,219,312,217,-1,217,312,308,-1,313,233,229,-1,313,229,314,-1,314,229,228,-1,314,228,315,-1,316,224,317,-1,317,224,223,-1,317,223,313,-1,313,223,234,-1,313,234,233,-1,312,219,318,-1,318,219,220,-1,318,220,316,-1,316,220,225,-1,316,225,224,-1,227,319,228,-1,228,319,315,-1,320,239,236,-1,320,236,321,-1,321,236,235,-1,321,235,322,-1,323,231,324,-1,324,231,230,-1,324,230,320,-1,320,230,240,-1,320,240,239,-1,319,227,325,-1,325,227,226,-1,325,226,323,-1,323,226,232,-1,323,232,231,-1,237,326,235,-1,235,326,322,-1,327,251,247,-1,327,247,328,-1,328,247,246,-1,328,246,329,-1,330,242,331,-1,331,242,241,-1,331,241,327,-1,327,241,252,-1,327,252,251,-1,326,237,332,-1,332,237,238,-1,332,238,330,-1,330,238,243,-1,330,243,242,-1,245,333,246,-1,246,333,329,-1,334,257,254,-1,334,254,335,-1,335,254,253,-1,335,253,336,-1,337,249,338,-1,338,249,248,-1,338,248,334,-1,334,248,258,-1,334,258,257,-1,333,245,339,-1,339,245,244,-1,339,244,337,-1,337,244,250,-1,337,250,249,-1,255,290,253,-1,253,290,336,-1,340,341,342,-1,286,343,285,-1,285,343,344,-1,285,344,289,-1,289,344,288,-1,288,344,345,-1,288,345,291,-1,291,345,346,-1,291,346,290,-1,347,348,349,-1,349,348,350,-1,340,351,341,-1,341,351,352,-1,341,352,353,-1,353,354,341,-1,341,354,355,-1,341,355,342,-1,342,355,349,-1,342,349,356,-1,356,349,350,-1,356,350,357,-1,358,359,360,-1,360,359,347,-1,347,349,360,-1,360,349,355,-1,360,355,361,-1,361,355,354,-1,361,354,362,-1,356,340,342,-1,357,363,356,-1,356,363,340,-1,286,287,343,-1,343,287,364,-1,343,364,358,-1,353,365,354,-1,354,365,366,-1,354,366,362,-1,362,366,367,-1,362,367,368,-1,358,360,343,-1,343,360,361,-1,343,361,344,-1,344,361,362,-1,344,362,345,-1,345,362,368,-1,345,368,346,-1,287,292,364,-1,364,292,369,-1,364,369,358,-1,358,369,370,-1,358,370,359,-1,359,370,371,-1,359,371,347,-1,347,371,372,-1,347,372,348,-1,348,372,373,-1,348,373,350,-1,350,373,374,-1,350,374,357,-1,357,374,375,-1,357,375,363,-1,375,376,363,-1,363,376,377,-1,363,377,340,-1,377,378,379,-1,294,380,293,-1,293,380,381,-1,293,381,297,-1,297,381,296,-1,296,381,382,-1,296,382,298,-1,298,382,369,-1,298,369,292,-1,383,384,385,-1,385,384,386,-1,377,376,378,-1,378,376,375,-1,378,375,374,-1,374,387,378,-1,378,387,388,-1,378,388,379,-1,379,388,385,-1,379,385,389,-1,389,385,386,-1,389,386,390,-1,391,392,393,-1,393,392,383,-1,383,385,393,-1,393,385,388,-1,393,388,394,-1,394,388,387,-1,394,387,395,-1,389,377,379,-1,390,396,389,-1,389,396,377,-1,294,295,380,-1,380,295,397,-1,380,397,391,-1,374,373,387,-1,387,373,372,-1,387,372,395,-1,395,372,371,-1,395,371,370,-1,391,393,380,-1,380,393,394,-1,380,394,381,-1,381,394,395,-1,381,395,382,-1,382,395,370,-1,382,370,369,-1,295,299,397,-1,397,299,398,-1,397,398,391,-1,391,398,399,-1,391,399,392,-1,392,399,400,-1,392,400,383,-1,383,400,401,-1,383,401,384,-1,384,401,402,-1,384,402,386,-1,386,402,403,-1,386,403,390,-1,390,403,404,-1,390,404,396,-1,404,405,396,-1,396,405,406,-1,396,406,377,-1,300,304,407,-1,408,303,302,-1,409,410,411,-1,412,406,405,-1,410,409,413,-1,413,409,414,-1,413,414,415,-1,405,404,412,-1,412,404,403,-1,412,403,416,-1,415,414,417,-1,417,414,418,-1,417,418,419,-1,403,402,416,-1,416,402,401,-1,416,401,420,-1,419,418,421,-1,421,418,408,-1,421,408,422,-1,422,408,302,-1,422,302,301,-1,304,303,407,-1,407,303,408,-1,407,408,420,-1,420,408,418,-1,420,418,416,-1,416,418,414,-1,416,414,412,-1,412,414,409,-1,412,409,406,-1,411,406,409,-1,299,300,398,-1,398,300,407,-1,398,407,399,-1,399,407,420,-1,399,420,400,-1,400,420,401,-1,301,305,422,-1,422,305,423,-1,422,423,421,-1,421,423,424,-1,421,424,419,-1,419,424,425,-1,419,425,417,-1,417,425,426,-1,417,426,415,-1,415,426,427,-1,415,427,413,-1,413,427,428,-1,413,428,410,-1,410,428,429,-1,410,429,411,-1,429,430,411,-1,411,430,431,-1,411,431,406,-1,431,432,433,-1,307,434,306,-1,306,434,435,-1,306,435,310,-1,310,435,309,-1,309,435,436,-1,309,436,311,-1,311,436,423,-1,311,423,305,-1,437,438,439,-1,439,438,440,-1,431,430,432,-1,432,430,429,-1,432,429,428,-1,428,441,432,-1,432,441,442,-1,432,442,433,-1,433,442,439,-1,433,439,443,-1,443,439,440,-1,443,440,444,-1,445,446,447,-1,447,446,437,-1,437,439,447,-1,447,439,442,-1,447,442,448,-1,448,442,441,-1,448,441,449,-1,443,431,433,-1,444,450,443,-1,443,450,431,-1,307,308,434,-1,434,308,451,-1,434,451,445,-1,428,427,441,-1,441,427,426,-1,441,426,449,-1,449,426,425,-1,449,425,424,-1,445,447,434,-1,434,447,448,-1,434,448,435,-1,435,448,449,-1,435,449,436,-1,436,449,424,-1,436,424,423,-1,308,312,451,-1,451,312,452,-1,451,452,445,-1,445,452,453,-1,445,453,446,-1,446,453,454,-1,446,454,437,-1,437,454,455,-1,437,455,438,-1,438,455,456,-1,438,456,440,-1,440,456,457,-1,440,457,444,-1,444,457,458,-1,444,458,450,-1,458,459,450,-1,450,459,460,-1,450,460,431,-1,460,461,462,-1,314,463,313,-1,313,463,464,-1,313,464,317,-1,317,464,316,-1,316,464,465,-1,316,465,318,-1,318,465,452,-1,318,452,312,-1,466,467,468,-1,468,467,469,-1,460,459,461,-1,461,459,458,-1,461,458,457,-1,457,470,461,-1,461,470,471,-1,461,471,462,-1,462,471,468,-1,462,468,472,-1,472,468,469,-1,472,469,473,-1,474,475,476,-1,476,475,466,-1,466,468,476,-1,476,468,471,-1,476,471,477,-1,477,471,470,-1,477,470,478,-1,472,460,462,-1,473,479,472,-1,472,479,460,-1,314,315,463,-1,463,315,480,-1,463,480,474,-1,457,456,470,-1,470,456,455,-1,470,455,478,-1,478,455,454,-1,478,454,453,-1,474,476,463,-1,463,476,477,-1,463,477,464,-1,464,477,478,-1,464,478,465,-1,465,478,453,-1,465,453,452,-1,315,319,480,-1,480,319,481,-1,480,481,474,-1,474,481,482,-1,474,482,475,-1,475,482,483,-1,475,483,466,-1,466,483,484,-1,466,484,467,-1,467,484,485,-1,467,485,469,-1,469,485,486,-1,469,486,473,-1,473,486,487,-1,473,487,479,-1,487,488,479,-1,479,488,489,-1,479,489,460,-1,489,490,491,-1,321,492,320,-1,320,492,493,-1,320,493,324,-1,324,493,323,-1,323,493,494,-1,323,494,325,-1,325,494,481,-1,325,481,319,-1,495,496,497,-1,497,496,498,-1,489,488,490,-1,490,488,487,-1,490,487,486,-1,486,499,490,-1,490,499,500,-1,490,500,491,-1,491,500,497,-1,491,497,501,-1,501,497,498,-1,501,498,502,-1,503,504,505,-1,505,504,495,-1,495,497,505,-1,505,497,500,-1,505,500,506,-1,506,500,499,-1,506,499,507,-1,501,489,491,-1,502,508,501,-1,501,508,489,-1,321,322,492,-1,492,322,509,-1,492,509,503,-1,486,485,499,-1,499,485,484,-1,499,484,507,-1,507,484,483,-1,507,483,482,-1,503,505,492,-1,492,505,506,-1,492,506,493,-1,493,506,507,-1,493,507,494,-1,494,507,482,-1,494,482,481,-1,322,326,509,-1,509,326,510,-1,509,510,503,-1,503,510,511,-1,503,511,504,-1,504,511,512,-1,504,512,495,-1,495,512,513,-1,495,513,496,-1,496,513,514,-1,496,514,498,-1,498,514,515,-1,498,515,502,-1,502,515,516,-1,502,516,508,-1,516,517,508,-1,508,517,518,-1,508,518,489,-1,518,519,520,-1,328,521,327,-1,327,521,522,-1,327,522,331,-1,331,522,330,-1,330,522,523,-1,330,523,332,-1,332,523,510,-1,332,510,326,-1,524,525,526,-1,526,525,527,-1,518,517,519,-1,519,517,516,-1,519,516,515,-1,515,528,519,-1,519,528,529,-1,519,529,520,-1,520,529,526,-1,520,526,530,-1,530,526,527,-1,530,527,531,-1,532,533,534,-1,534,533,524,-1,524,526,534,-1,534,526,529,-1,534,529,535,-1,535,529,528,-1,535,528,536,-1,530,518,520,-1,531,537,530,-1,530,537,518,-1,328,329,521,-1,521,329,538,-1,521,538,532,-1,515,514,528,-1,528,514,513,-1,528,513,536,-1,536,513,512,-1,536,512,511,-1,532,534,521,-1,521,534,535,-1,521,535,522,-1,522,535,536,-1,522,536,523,-1,523,536,511,-1,523,511,510,-1,329,333,538,-1,538,333,539,-1,538,539,532,-1,532,539,540,-1,532,540,533,-1,533,540,541,-1,533,541,524,-1,524,541,542,-1,524,542,525,-1,525,542,543,-1,525,543,527,-1,527,543,544,-1,527,544,531,-1,531,544,545,-1,531,545,537,-1,545,546,537,-1,537,546,547,-1,537,547,518,-1,547,548,549,-1,335,550,334,-1,334,550,551,-1,334,551,338,-1,338,551,337,-1,337,551,552,-1,337,552,339,-1,339,552,539,-1,339,539,333,-1,553,554,555,-1,555,554,556,-1,547,546,548,-1,548,546,545,-1,548,545,544,-1,544,557,548,-1,548,557,558,-1,548,558,549,-1,549,558,555,-1,549,555,559,-1,559,555,556,-1,559,556,560,-1,561,562,563,-1,563,562,553,-1,553,555,563,-1,563,555,558,-1,563,558,564,-1,564,558,557,-1,564,557,565,-1,559,547,549,-1,560,566,559,-1,559,566,547,-1,335,336,550,-1,550,336,567,-1,550,567,561,-1,544,543,557,-1,557,543,542,-1,557,542,565,-1,565,542,541,-1,565,541,540,-1,561,563,550,-1,550,563,564,-1,550,564,551,-1,551,564,565,-1,551,565,552,-1,552,565,540,-1,552,540,539,-1,336,290,567,-1,567,290,346,-1,567,346,561,-1,561,346,368,-1,561,368,562,-1,562,368,367,-1,562,367,553,-1,553,367,366,-1,553,366,554,-1,554,366,365,-1,554,365,556,-1,556,365,353,-1,556,353,560,-1,560,353,352,-1,560,352,566,-1,352,351,566,-1,566,351,340,-1,566,340,547,-1,547,568,569,-1,489,570,571,-1,571,572,489,-1,489,572,573,-1,489,573,460,-1,460,573,574,-1,460,574,575,-1,431,576,577,-1,575,578,460,-1,460,578,579,-1,460,579,431,-1,431,579,580,-1,431,580,576,-1,569,581,547,-1,547,581,582,-1,547,582,518,-1,518,582,583,-1,518,583,584,-1,577,585,431,-1,431,585,586,-1,431,586,406,-1,406,586,587,-1,406,587,588,-1,584,589,518,-1,518,589,590,-1,518,590,489,-1,489,590,591,-1,489,591,570,-1,592,593,377,-1,594,595,340,-1,340,595,596,-1,340,596,547,-1,547,596,597,-1,547,597,568,-1,588,598,406,-1,406,598,599,-1,406,599,377,-1,377,599,600,-1,377,600,592,-1,593,601,377,-1,377,601,602,-1,377,602,340,-1,340,602,603,-1,340,603,594,-1,7,6,140,-1,140,6,176,-1,140,176,139,-1,139,176,167,-1,139,167,604,-1,6,8,176,-1,176,8,39,-1,176,39,177,-1,177,39,72,-1,177,72,70,-1,177,70,69,-1,605,178,141,-1,141,178,177,-1,141,177,142,-1,142,177,69,-1,148,88,87,-1,605,147,178,-1,178,147,148,-1,178,148,131,-1,131,148,87,-1,124,123,127,-1,127,123,272,-1,127,272,131,-1,131,272,271,-1,131,271,178,-1,178,271,179,-1,157,606,187,-1,187,188,157,-1,157,188,272,-1,157,272,158,-1,158,272,123,-1,158,123,122,-1,116,115,164,-1,164,115,186,-1,164,186,163,-1,163,186,187,-1,163,187,606,-1,59,63,185,-1,186,115,117,-1,186,117,185,-1,185,117,60,-1,185,60,59,-1,185,63,62,-1,607,180,149,-1,149,180,185,-1,149,185,150,-1,150,185,62,-1,180,607,181,-1,181,607,155,-1,181,155,279,-1,279,155,156,-1,279,156,56,-1,56,156,57,-1,56,65,279,-1,279,65,125,-1,279,125,276,-1,276,125,129,-1,276,129,134,-1,134,129,11,-1,134,11,10,-1,167,166,604,-1,604,166,276,-1,604,276,133,-1,133,276,134,-1,138,9,140,-1,140,9,7,-1,138,136,9,-1,9,136,12,-1,136,134,12,-1,12,134,10,-1,148,146,88,-1,88,146,89,-1,146,144,89,-1,89,144,71,-1,71,144,69,-1,69,144,142,-1,156,154,57,-1,57,154,58,-1,154,152,58,-1,58,152,64,-1,64,152,62,-1,62,152,150,-1,162,118,164,-1,164,118,116,-1,162,160,118,-1,118,160,121,-1,160,158,121,-1,121,158,122,-1,
        ]
    }
}
Shape{
    appearance Appearance {
        material  Material 	{
            diffuseColor 0.7529411764705882 0.7529411764705882 0.7529411764705882
            specularColor 0.3764705882352941 0.3764705882352941 0.3764705882352941
            ambientIntensity 0.7529
            transparency 0.0
            shininess 0.5
        }
    }
    geometry IndexedFaceSet {
        ccw TRUE
        solid FALSE
        coord DEF co Coordinate {
            point [
                -0.5236 -0.3543 0.0591, -0.5236 -0.5118 0.0591, -0.5236 -0.3543 0.0, -0.5236 -0.5118 0.0, -0.7677 -0.5118 0.0591, -0.7677 -0.5118 0.0, -0.6082 -0.5118 0.0591, -0.7677 -0.3543 0.0591, -0.7677 -0.3543 0.0, -0.622 -0.3543 0.0591, -0.622 -0.498 0.0591, 0.7677 -0.3543 0.0591, 0.7677 -0.5118 0.0591, 0.7677 -0.3543 0.0, 0.7677 -0.5118 0.0, 0.5236 -0.5118 0.0, 0.6083 -0.5118 0.0591, 0.5236 -0.5118 0.0591, 0.5236 -0.3543 0.0591, 0.5236 -0.3543 0.0, 0.6221 -0.3543 0.0591, 0.6221 -0.498 0.0591, -0.7677 0.3543 0.0591, -0.7677 0.5118 0.0591, -0.7677 0.3543 0.0, -0.7677 0.5118 0.0, -0.5236 0.5118 0.0, -0.6082 0.5118 0.0591, -0.5236 0.5118 0.0591, -0.5236 0.3543 0.0591, -0.5236 0.3543 0.0, -0.622 0.3543 0.0591, -0.622 0.498 0.0591, 0.7677 0.5118 0.0591, 0.7677 0.5118 0.0, 0.6083 0.5118 0.0591, 0.5236 0.5118 0.0, 0.5236 0.5118 0.0591, 0.7677 0.3543 0.0591, 0.7677 0.3543 0.0, 0.5236 0.3543 0.0, 0.6221 0.3543 0.0591, 0.5236 0.3543 0.0591, 0.6221 0.498 0.0591
            ]
        }
        coordIndex [
            0,1,2,-1,2,1,3,-1,4,5,6,-1,6,5,3,-1,6,3,1,-1,4,7,5,-1,5,7,8,-1,8,7,2,-1,2,7,9,-1,2,9,0,-1,9,7,10,-1,10,7,4,-1,10,4,6,-1,3,5,2,-1,2,5,8,-1,11,12,13,-1,13,12,14,-1,14,12,15,-1,15,12,16,-1,15,16,17,-1,17,18,15,-1,15,18,19,-1,11,13,20,-1,20,13,19,-1,20,19,18,-1,11,20,12,-1,12,20,21,-1,12,21,16,-1,14,15,13,-1,13,15,19,-1,22,23,24,-1,24,23,25,-1,25,23,26,-1,26,23,27,-1,26,27,28,-1,28,29,26,-1,26,29,30,-1,22,24,31,-1,31,24,30,-1,31,30,29,-1,22,31,23,-1,23,31,32,-1,23,32,27,-1,25,26,24,-1,24,26,30,-1,33,34,35,-1,35,34,36,-1,35,36,37,-1,33,38,34,-1,34,38,39,-1,39,38,40,-1,40,38,41,-1,40,41,42,-1,42,37,40,-1,40,37,36,-1,41,38,43,-1,43,38,33,-1,43,33,35,-1,34,39,36,-1,36,39,40,-1,
        ]
    }
}
Shape{
    appearance Appearance {
        material  Material 	{
            diffuseColor 0.25098039215686274 0.25098039215686274 0.25098039215686274
            specularColor 0.12549019607843137 0.12549019607843137 0.12549019607843137
            ambientIntensity 0.251
            transparency 0.0
            shininess 0.5
        }
    }
    geometry IndexedFaceSet {
        ccw TRUE
        solid FALSE
        coord DEF co Coordinate {
            point [
                0.2362 0.1969 0.0039, 0.2362 0.1969 0.0827, 0.2362 -0.0302 0.0039, 0.2362 -0.1968 0.0827, 0.2362 -0.1968 0.0039, -0.2362 0.1969 0.0827, -0.2362 0.1969 0.0039, -0.2362 -0.1968 0.0827, -0.2362 -0.0302 0.0039, -0.2362 -0.1968 0.0039
            ]
        }
        coordIndex [
            0,1,2,-1,2,1,3,-1,2,3,4,-1,5,6,7,-1,7,6,8,-1,7,8,9,-1,
        ]
    }
}
Shape{
    appearance Appearance {
        material  Material 	{
            diffuseColor 0.0 0.0 0.0
            specularColor 0.0 0.0 0.0
            ambientIntensity 0.0
            transparency 0.0
            shininess 0.5
        }
    }
    geometry IndexedFaceSet {
        ccw TRUE
        solid FALSE
        coord DEF co Coordinate {
            point [
                -0.1462 0.0491 0.0043, -0.1769 -0.0297 0.0043, -0.1462 0.0491 0.0039, -0.1769 -0.0297 0.0039, -0.1654 -0.0297 0.0043, -0.1654 -0.0297 0.0039, -0.1575 -0.0076 0.0043, -0.1575 -0.0076 0.0039, -0.1249 -0.0076 0.0043, -0.1249 -0.0076 0.0039, -0.1174 -0.0297 0.0043, -0.1174 -0.0297 0.0039, -0.1059 -0.0297 0.0043, -0.1059 -0.0297 0.0039, -0.1357 0.0491 0.0043, -0.1357 0.0491 0.0039, -0.1276 0.0011 0.0043, -0.1539 0.0011 0.0043, -0.1393 0.0339 0.0043, -0.1401 0.0367 0.0043, -0.1406 0.0395 0.0043, -0.1408 0.0395 0.0043, -0.1414 0.0367 0.0043, -0.1421 0.0339 0.0043, -0.1276 0.0011 0.0039, -0.1539 0.0011 0.0039, -0.1393 0.0339 0.0039, -0.1401 0.0367 0.0039, -0.1406 0.0395 0.0039, -0.1408 0.0395 0.0039, -0.1414 0.0367 0.0039, -0.1421 0.0339 0.0039, -0.0582 -0.0297 0.0043, -0.0367 -0.0297 0.0043, -0.0582 -0.0297 0.0039, -0.0367 -0.0297 0.0039, -0.0367 0.0491 0.0043, -0.0367 0.0491 0.0039, -0.059 0.0491 0.0043, -0.059 0.0491 0.0039, -0.1001 0.0107 0.0043, -0.1001 0.0107 0.0039, -0.0996 0.0181 0.0039, -0.0996 0.0181 0.0043, -0.0974 0.0259 0.0039, -0.0974 0.0259 0.0043, -0.0938 0.0326 0.0039, -0.0938 0.0326 0.0043, -0.0882 0.0388 0.0039, -0.0882 0.0388 0.0043, -0.0881 0.0389 0.0039, -0.0881 0.0389 0.0043, -0.0796 0.0446 0.0039, -0.0796 0.0446 0.0043, -0.0703 0.0478 0.0039, -0.0703 0.0478 0.0043, -0.0679 -0.0288 0.0039, -0.0679 -0.0288 0.0043, -0.077 -0.0261 0.0039, -0.077 -0.0261 0.0043, -0.0852 -0.0213 0.0039, -0.0852 -0.0213 0.0043, -0.0917 -0.0151 0.0039, -0.0917 -0.0151 0.0043, -0.0962 -0.0081 0.0039, -0.0962 -0.0081 0.0043, -0.099 0.0001 0.0039, -0.099 0.0001 0.0043, -0.0843 0.0294 0.0043, -0.0805 0.0334 0.0043, -0.0747 0.0372 0.0043, -0.0682 0.0394 0.0043, -0.0589 0.0404 0.0043, -0.0473 0.0404 0.0043, -0.0473 -0.021 0.0043, -0.0585 -0.021 0.0043, -0.0668 -0.0203 0.0043, -0.0734 -0.0182 0.0043, -0.0788 -0.015 0.0043, -0.0832 -0.0106 0.0043, -0.0865 -0.0052 0.0043, -0.0888 0.0022 0.0043, -0.0896 0.0105 0.0043, -0.0889 0.0183 0.0043, -0.0871 0.0245 0.0043, -0.0589 0.0404 0.0039, -0.0473 0.0404 0.0039, -0.0682 0.0394 0.0039, -0.0747 0.0372 0.0039, -0.0805 0.0334 0.0039, -0.0843 0.0294 0.0039, -0.0871 0.0245 0.0039, -0.0889 0.0183 0.0039, -0.0896 0.0105 0.0039, -0.0888 0.0022 0.0039, -0.0865 -0.0052 0.0039, -0.0832 -0.0106 0.0039, -0.0788 -0.015 0.0039, -0.0734 -0.0182 0.0039, -0.0668 -0.0203 0.0039, -0.0585 -0.021 0.0039, -0.0473 -0.021 0.0039, -0.0214 -0.021 0.0043, -0.0214 -0.0297 0.0043, -0.0214 -0.021 0.0039, -0.0214 -0.0297 0.0039, 0.0209 -0.0297 0.0043, 0.0209 -0.0297 0.0039, 0.0209 0.0491 0.0043, 0.0209 0.0491 0.0039, -0.0195 0.0491 0.0043, -0.0195 0.0491 0.0039, -0.0195 0.0404 0.0043, -0.0195 0.0404 0.0039, 0.0103 0.0404 0.0043, 0.0103 0.0404 0.0039, 0.0103 0.0145 0.0043, 0.0103 0.0145 0.0039, -0.0175 0.0145 0.0043, -0.0175 0.0145 0.0039, -0.0175 0.0059 0.0043, -0.0175 0.0059 0.0039, 0.0103 0.0059 0.0043, 0.0103 0.0059 0.0039, 0.0103 -0.021 0.0043, 0.0103 -0.021 0.0039, 0.0362 -0.017 0.0043, 0.0362 -0.0256 0.0043, 0.0362 -0.017 0.0039, 0.0362 -0.0256 0.0039, 0.0446 -0.029 0.0043, 0.0579 -0.0306 0.0043, 0.0579 -0.0306 0.0039, 0.0557 -0.0306 0.0039, 0.0557 -0.0306 0.0043, 0.0526 -0.0302 0.0039, 0.0446 -0.029 0.0039, 0.0625 -0.0302 0.0039, 0.0676 -0.0296 0.0043, 0.0676 -0.0296 0.0039, 0.0752 -0.027 0.0043, 0.0752 -0.027 0.0039, 0.0816 -0.023 0.0043, 0.0816 -0.023 0.0039, 0.0875 -0.0167 0.0043, 0.0875 -0.0167 0.0039, 0.0917 -0.0092 0.0043, 0.0917 -0.0092 0.0039, 0.094 -0.0009 0.0043, 0.094 -0.0009 0.0039, 0.0948 0.0082 0.0043, 0.0948 0.0082 0.0039, 0.0548 0.05 0.0043, 0.0548 0.05 0.0039, 0.0627 0.0494 0.0039, 0.0627 0.0494 0.0043, 0.0714 0.0468 0.0039, 0.0714 0.0468 0.0043, 0.0789 0.0425 0.0039, 0.0789 0.0425 0.0043, 0.086 0.0357 0.0039, 0.086 0.0357 0.0043, 0.0907 0.0283 0.0039, 0.0907 0.0283 0.0043, 0.0937 0.0194 0.0039, 0.0937 0.0194 0.0043, 0.0362 0.0469 0.0043, 0.0362 0.0469 0.0039, 0.0453 0.0494 0.0039, 0.0453 0.0494 0.0043, 0.0362 0.0363 0.0043, 0.0362 0.0363 0.0039, 0.0547 0.0414 0.0043, 0.0547 0.0414 0.0039, 0.0451 0.0401 0.0039, 0.0451 0.0401 0.0043, 0.0842 0.0089 0.0043, 0.0842 0.0089 0.0039, 0.0839 0.015 0.0039, 0.0839 0.015 0.0043, 0.0818 0.0234 0.0039, 0.0818 0.0234 0.0043, 0.0785 0.0295 0.0039, 0.0785 0.0295 0.0043, 0.0738 0.0347 0.0039, 0.0738 0.0347 0.0043, 0.0683 0.0384 0.0039, 0.0683 0.0384 0.0043, 0.0624 0.0405 0.0039, 0.0624 0.0405 0.0043, 0.0564 -0.022 0.0043, 0.0564 -0.022 0.0039, 0.0638 -0.0212 0.0039, 0.0638 -0.0212 0.0043, 0.0695 -0.0191 0.0039, 0.0695 -0.0191 0.0043, 0.0744 -0.0158 0.0039, 0.0744 -0.0158 0.0043, 0.0781 -0.0119 0.0039, 0.0781 -0.0119 0.0043, 0.0813 -0.0064 0.0039, 0.0813 -0.0064 0.0043, 0.0834 0.0003 0.0039, 0.0834 0.0003 0.0043, 0.0376 -0.0177 0.0039, 0.0376 -0.0177 0.0043, 0.046 -0.0208 0.0039, 0.046 -0.0208 0.0043, 0.1015 -0.021 0.0043, 0.1015 -0.0297 0.0043, 0.1015 -0.021 0.0039, 0.1015 -0.0297 0.0039, 0.1419 -0.0297 0.0043, 0.1419 -0.0297 0.0039, 0.1419 0.0491 0.0043, 0.1419 0.0491 0.0039, 0.1313 0.0491 0.0043, 0.1313 0.0491 0.0039, 0.1313 -0.021 0.0043, 0.1313 -0.021 0.0039
            ]
        }
        coordIndex [
            0,1,2,-1,2,1,3,-1,1,4,3,-1,3,4,5,-1,4,6,5,-1,5,6,7,-1,6,8,7,-1,7,8,9,-1,8,10,9,-1,9,10,11,-1,10,12,11,-1,11,12,13,-1,12,14,13,-1,13,14,15,-1,14,0,15,-1,15,0,2,-1,16,8,17,-1,17,8,6,-1,18,14,16,-1,16,14,12,-1,16,12,8,-1,8,12,10,-1,18,19,14,-1,14,19,20,-1,14,20,0,-1,0,20,21,-1,0,21,22,-1,22,23,0,-1,0,23,17,-1,0,17,1,-1,1,17,6,-1,1,6,4,-1,16,17,24,-1,24,17,25,-1,18,16,26,-1,26,16,24,-1,18,26,27,-1,18,27,19,-1,19,27,28,-1,19,28,20,-1,21,20,29,-1,29,20,28,-1,21,29,30,-1,21,30,22,-1,22,30,31,-1,22,31,23,-1,17,23,25,-1,25,23,31,-1,32,33,34,-1,34,33,35,-1,33,36,35,-1,35,36,37,-1,36,38,37,-1,37,38,39,-1,40,41,42,-1,40,42,43,-1,43,42,44,-1,43,44,45,-1,45,44,46,-1,45,46,47,-1,47,46,48,-1,47,48,49,-1,49,48,50,-1,49,50,51,-1,51,50,52,-1,51,52,53,-1,53,52,54,-1,53,54,55,-1,55,54,39,-1,55,39,38,-1,32,34,56,-1,32,56,57,-1,57,56,58,-1,57,58,59,-1,59,58,60,-1,59,60,61,-1,61,60,62,-1,61,62,63,-1,63,62,64,-1,63,64,65,-1,65,64,66,-1,65,66,67,-1,67,66,41,-1,67,41,40,-1,45,47,68,-1,68,47,49,-1,68,49,69,-1,69,49,51,-1,69,51,70,-1,70,51,53,-1,70,53,71,-1,71,53,55,-1,71,55,72,-1,72,55,38,-1,72,38,73,-1,73,38,36,-1,73,36,74,-1,74,36,33,-1,74,33,75,-1,75,33,32,-1,75,32,76,-1,76,32,57,-1,76,57,77,-1,77,57,59,-1,77,59,78,-1,78,59,61,-1,78,61,79,-1,79,61,63,-1,79,63,80,-1,80,63,65,-1,80,65,81,-1,81,65,67,-1,81,67,82,-1,82,67,40,-1,82,40,83,-1,83,40,43,-1,83,43,84,-1,84,43,45,-1,84,45,68,-1,72,73,85,-1,85,73,86,-1,72,85,87,-1,72,87,71,-1,71,87,88,-1,71,88,70,-1,70,88,89,-1,70,89,69,-1,69,89,90,-1,69,90,68,-1,68,90,91,-1,68,91,84,-1,84,91,92,-1,84,92,83,-1,83,92,93,-1,83,93,82,-1,82,93,94,-1,82,94,81,-1,81,94,95,-1,81,95,80,-1,80,95,96,-1,80,96,79,-1,79,96,97,-1,79,97,78,-1,78,97,98,-1,78,98,77,-1,77,98,99,-1,77,99,76,-1,76,99,100,-1,76,100,75,-1,74,75,101,-1,101,75,100,-1,73,74,86,-1,86,74,101,-1,102,103,104,-1,104,103,105,-1,103,106,105,-1,105,106,107,-1,106,108,107,-1,107,108,109,-1,108,110,109,-1,109,110,111,-1,110,112,111,-1,111,112,113,-1,112,114,113,-1,113,114,115,-1,114,116,115,-1,115,116,117,-1,116,118,117,-1,117,118,119,-1,118,120,119,-1,119,120,121,-1,120,122,121,-1,121,122,123,-1,122,124,123,-1,123,124,125,-1,124,102,125,-1,125,102,104,-1,106,103,102,-1,102,124,106,-1,106,124,122,-1,106,122,108,-1,112,110,114,-1,114,110,108,-1,114,108,116,-1,116,108,122,-1,116,122,118,-1,118,122,120,-1,126,127,128,-1,128,127,129,-1,129,127,130,-1,131,132,133,-1,131,133,134,-1,134,133,135,-1,134,135,130,-1,130,135,136,-1,130,136,129,-1,132,131,137,-1,137,131,138,-1,137,138,139,-1,139,138,140,-1,139,140,141,-1,141,140,142,-1,141,142,143,-1,143,142,144,-1,143,144,145,-1,145,144,146,-1,145,146,147,-1,147,146,148,-1,147,148,149,-1,149,148,150,-1,149,150,151,-1,152,153,154,-1,152,154,155,-1,155,154,156,-1,155,156,157,-1,157,156,158,-1,157,158,159,-1,159,158,160,-1,159,160,161,-1,161,160,162,-1,161,162,163,-1,163,162,164,-1,163,164,165,-1,165,164,151,-1,165,151,150,-1,166,167,168,-1,166,168,169,-1,169,168,153,-1,169,153,152,-1,166,170,167,-1,167,170,171,-1,172,173,174,-1,172,174,175,-1,175,174,171,-1,175,171,170,-1,176,177,178,-1,176,178,179,-1,179,178,180,-1,179,180,181,-1,181,180,182,-1,181,182,183,-1,183,182,184,-1,183,184,185,-1,185,184,186,-1,185,186,187,-1,187,186,188,-1,187,188,189,-1,189,188,173,-1,189,173,172,-1,190,191,192,-1,190,192,193,-1,193,192,194,-1,193,194,195,-1,195,194,196,-1,195,196,197,-1,197,196,198,-1,197,198,199,-1,199,198,200,-1,199,200,201,-1,201,200,202,-1,201,202,203,-1,203,202,177,-1,203,177,176,-1,126,128,204,-1,126,204,205,-1,205,204,206,-1,205,206,207,-1,207,206,191,-1,207,191,190,-1,193,131,190,-1,190,131,134,-1,190,134,207,-1,207,134,130,-1,207,130,205,-1,205,130,127,-1,205,127,126,-1,170,166,175,-1,175,166,169,-1,175,169,172,-1,172,169,152,-1,172,152,189,-1,189,152,155,-1,189,155,187,-1,187,155,157,-1,187,157,185,-1,185,157,159,-1,185,159,183,-1,183,159,161,-1,183,161,181,-1,181,161,163,-1,181,163,179,-1,179,163,165,-1,179,165,176,-1,176,165,150,-1,176,150,203,-1,203,150,148,-1,203,148,201,-1,201,148,146,-1,201,146,199,-1,199,146,144,-1,199,144,197,-1,197,144,142,-1,197,142,195,-1,195,142,140,-1,195,140,193,-1,193,140,138,-1,193,138,131,-1,208,209,210,-1,210,209,211,-1,209,212,211,-1,211,212,213,-1,212,214,213,-1,213,214,215,-1,214,216,215,-1,215,216,217,-1,216,218,217,-1,217,218,219,-1,218,208,219,-1,219,208,210,-1,216,214,218,-1,218,214,212,-1,218,212,208,-1,208,212,209,-1,
        ]
    }
}
Shape{
    appearance Appearance {
        material  Material 	{
            diffuseColor 0.25098039215686274 0.25098039215686274 0.25098039215686274
            specularColor 0.12549019607843137 0.12549019607843137 0.12549019607843137
            ambientIntensity 0.251
            transparency 0.0
            shininess 0.5
        }
    }
    geometry IndexedFaceSet {
        ccw TRUE
        solid FALSE
        coord DEF co Coordinate {
            point [
                -0.1276 0.0011 0.0039, -0.1539 0.0011 0.0039, -0.1393 0.0339 0.0039, -0.1421 0.0339 0.0039, -0.1401 0.0367 0.0039, -0.1414 0.0367 0.0039, -0.1406 0.0395 0.0039, -0.1408 0.0395 0.0039, -0.0473 0.0404 0.0039, -0.0473 -0.021 0.0039, -0.0589 0.0404 0.0039, -0.0585 -0.021 0.0039, -0.0668 -0.0203 0.0039, -0.0896 0.0105 0.0039, -0.0889 0.0183 0.0039, -0.0871 0.0245 0.0039, -0.0682 0.0394 0.0039, -0.0734 -0.0182 0.0039, -0.0788 -0.015 0.0039, -0.0832 -0.0106 0.0039, -0.0865 -0.0052 0.0039, -0.0888 0.0022 0.0039, -0.0843 0.0294 0.0039, -0.0805 0.0334 0.0039, -0.0747 0.0372 0.0039
            ]
        }
        coordIndex [
            0,1,2,-1,2,1,3,-1,2,3,4,-1,4,3,5,-1,4,5,6,-1,6,5,7,-1,8,9,10,-1,10,9,11,-1,10,11,12,-1,13,14,10,-1,10,14,15,-1,10,15,16,-1,12,17,10,-1,10,17,18,-1,10,18,19,-1,19,20,10,-1,10,20,21,-1,10,21,13,-1,22,23,15,-1,15,23,24,-1,15,24,16,-1,
        ]
    }
}
Shape{
    appearance Appearance {
        material  Material 	{
            diffuseColor 1.0 1.0 1.0
            specularColor 0.30196078431372547 0.30196078431372547 0.30196078431372547
            ambientIntensity 1.0
            transparency 0.0
            shininess 0.5
        }
    }
    geometry IndexedFaceSet {
        ccw TRUE
        solid FALSE
        coord DEF co Coordinate {
            point [
                -0.3268 0.0 0.437, -0.3218 -0.0567 0.437, -0.3243 -0.0401 0.5709, -0.307 -0.1118 0.437, -0.3169 -0.0797 0.5709, -0.3212 -0.0566 0.5709, -0.2826 -0.1631 0.5709, -0.2879 -0.1546 0.5709, -0.283 -0.1634 0.437, -0.3047 -0.118 0.5709, -0.3067 -0.1116 0.5709, -0.2667 -0.1888 0.5709, -0.2503 -0.21 0.437, -0.2499 -0.2097 0.5709, -0.2415 -0.2201 0.5709, -0.21 -0.2503 0.437, -0.2126 -0.2481 0.5709, -0.1634 -0.283 0.437, -0.1805 -0.2724 0.5709, -0.2099 -0.2502 0.5709, -0.1117 -0.3071 0.437, -0.1456 -0.2925 0.5709, -0.1631 -0.2824 0.5709, -0.0566 -0.3213 0.5709, -0.0699 -0.3192 0.5709, -0.0567 -0.3218 0.437, -0.1086 -0.3082 0.5709, -0.1117 -0.3069 0.5709, -0.0301 -0.3254 0.5709, 0.0 -0.3268 0.437, 0.0 -0.3263 0.5709, 0.0101 -0.3266 0.5709, 0.0568 -0.3218 0.437, 0.0501 -0.3229 0.5709, 0.1118 -0.3071 0.437, 0.0894 -0.3143 0.5709, 0.0567 -0.3215 0.5709, 0.1634 -0.283 0.437, 0.1274 -0.3009 0.5709, 0.1116 -0.3065 0.5709, 0.2101 -0.2503 0.437, 0.1969 -0.2608 0.5709, 0.1634 -0.283 0.5709, 0.2503 -0.21 0.437, 0.2275 -0.2346 0.5709, 0.2097 -0.2499 0.5709, 0.2826 -0.1632 0.5709, 0.2778 -0.172 0.5709, 0.283 -0.1634 0.437, 0.2546 -0.2049 0.5709, 0.2501 -0.2098 0.5709, 0.2969 -0.1366 0.5709, 0.3071 -0.1118 0.437, 0.3066 -0.1116 0.5709, 0.3114 -0.0991 0.5709, 0.3218 -0.0567 0.437, 0.3212 -0.06 0.5709, 0.3268 0.0 0.437, 0.3262 -0.0201 0.5709, 0.3216 -0.0567 0.5709, 0.3218 0.0568 0.437, 0.3262 0.0201 0.5709, 0.3262 0.0 0.5709, 0.3066 0.1116 0.5709, 0.3114 0.0991 0.5709, 0.3071 0.1118 0.437, 0.3212 0.0601 0.5709, 0.3216 0.0567 0.5709, 0.2969 0.1366 0.5709, 0.283 0.1634 0.437, 0.2826 0.1632 0.5709, 0.2778 0.172 0.5709, 0.2503 0.2101 0.437, 0.2546 0.2049 0.5709, 0.2101 0.2503 0.437, 0.2275 0.2346 0.5709, 0.2501 0.2098 0.5709, 0.1634 0.283 0.437, 0.1969 0.2608 0.5709, 0.2097 0.2499 0.5709, 0.1118 0.3071 0.437, 0.1274 0.3009 0.5709, 0.1634 0.283 0.5709, 0.0568 0.3218 0.437, 0.0894 0.3143 0.5709, 0.1116 0.3065 0.5709, 0.0 0.3263 0.5709, 0.0101 0.3266 0.5709, 0.0 0.3268 0.437, 0.0501 0.3229 0.5709, 0.0567 0.3215 0.5709, -0.0301 0.3254 0.5709, -0.0567 0.3218 0.437, -0.0566 0.3213 0.5709, -0.0699 0.3192 0.5709, -0.1117 0.3071 0.437, -0.1086 0.3082 0.5709, -0.1634 0.283 0.437, -0.1456 0.2925 0.5709, -0.1117 0.3069 0.5709, -0.21 0.2503 0.437, -0.1805 0.2724 0.5709, -0.1631 0.2825 0.5709, -0.2499 0.2097 0.5709, -0.2415 0.2202 0.5709, -0.2503 0.2101 0.437, -0.2126 0.2482 0.5709, -0.2099 0.2502 0.5709, -0.2667 0.1888 0.5709, -0.283 0.1634 0.437, -0.2826 0.1632 0.5709, -0.2879 0.1546 0.5709, -0.307 0.1118 0.437, -0.3047 0.1181 0.5709, -0.3218 0.0568 0.437, -0.3169 0.0797 0.5709, -0.3067 0.1117 0.5709, -0.3268 0.0 0.5709, -0.3243 0.0402 0.5709, -0.3212 0.0566 0.5709, -0.2978 0.0749 0.5906, -0.3047 0.0377 0.5906, 0.0 0.0 0.5906, -0.3071 0.0 0.5906, -0.3047 -0.0377 0.5906, -0.2506 0.1774 0.5906, -0.2705 0.1453 0.5906, -0.2863 0.1109 0.5906, -0.1696 0.256 0.5906, -0.1998 0.2332 0.5906, -0.2269 0.2069 0.5906, -0.0657 0.3 0.5906, -0.102 0.2896 0.5906, -0.1369 0.2749 0.5906, 0.0471 0.3035 0.5906, 0.0095 0.307 0.5906, -0.0283 0.3058 0.5906, 0.1536 0.266 0.5906, 0.1197 0.2828 0.5906, 0.0841 0.2954 0.5906, 0.2393 0.1925 0.5906, 0.2138 0.2205 0.5906, 0.1851 0.2451 0.5906, 0.2927 0.0931 0.5906, 0.279 0.1284 0.5906, 0.2611 0.1617 0.5906, 0.3065 -0.0189 0.5906, 0.3065 0.0189 0.5906, 0.3019 0.0564 0.5906, 0.279 -0.1283 0.5906, 0.2927 -0.0931 0.5906, 0.3019 -0.0564 0.5906, 0.2138 -0.2205 0.5906, 0.2393 -0.1925 0.5906, 0.2611 -0.1617 0.5906, 0.1197 -0.2828 0.5906, 0.1536 -0.2659 0.5906, 0.1851 -0.2451 0.5906, 0.0095 -0.3069 0.5906, 0.0471 -0.3034 0.5906, 0.0841 -0.2954 0.5906, -0.102 -0.2896 0.5906, -0.0657 -0.3 0.5906, -0.0283 -0.3058 0.5906, -0.1998 -0.2332 0.5906, -0.1696 -0.256 0.5906, -0.1369 -0.2749 0.5906, -0.2705 -0.1453 0.5906, -0.2506 -0.1774 0.5906, -0.2269 -0.2069 0.5906, -0.2978 -0.0749 0.5906, -0.2863 -0.1109 0.5906, -0.241 -0.2197 0.576, -0.2661 -0.1884 0.576, -0.2873 -0.1543 0.576, -0.3041 -0.1178 0.576, -0.2121 -0.2476 0.576, -0.1801 -0.2718 0.576, -0.1453 -0.2919 0.576, -0.1084 -0.3076 0.576, -0.0697 -0.3185 0.576, -0.0301 -0.3247 0.576, 0.0101 -0.3259 0.576, 0.1271 -0.3003 0.576, 0.0893 -0.3136 0.576, 0.05 -0.3222 0.576, 0.1631 -0.2824 0.576, 0.1965 -0.2602 0.576, 0.227 -0.2341 0.576, 0.2541 -0.2044 0.576, 0.2773 -0.1717 0.576, 0.2963 -0.1363 0.576, 0.3108 -0.0988 0.576, 0.3206 -0.0599 0.576, 0.3255 -0.0201 0.576, 0.3255 0.0201 0.576, 0.3206 0.0599 0.576, 0.3108 0.0989 0.576, 0.2963 0.1363 0.576, 0.2773 0.1717 0.576, 0.1965 0.2602 0.576, 0.227 0.2341 0.576, 0.2541 0.2045 0.576, 0.1631 0.2824 0.576, 0.1271 0.3003 0.576, 0.0893 0.3137 0.576, 0.05 0.3223 0.576, 0.0101 0.326 0.576, -0.0301 0.3247 0.576, -0.0697 0.3186 0.576, -0.1084 0.3076 0.576, -0.1453 0.2919 0.576, -0.1801 0.2718 0.576, -0.2121 0.2477 0.576, -0.241 0.2197 0.576, -0.2661 0.1884 0.576, -0.2873 0.1543 0.576, -0.3236 0.0401 0.576, -0.3162 0.0796 0.576, -0.3041 0.1178 0.576, -0.3261 0.0 0.576, -0.3236 -0.0401 0.576, -0.3162 -0.0795 0.576, -0.3217 0.0398 0.5807, -0.3143 0.0791 0.5807, -0.3022 0.1171 0.5807, -0.2855 0.1534 0.5807, -0.2645 0.1873 0.5807, -0.2395 0.2184 0.5807, -0.2109 0.2462 0.5807, -0.179 0.2702 0.5807, -0.1445 0.2902 0.5807, -0.1077 0.3057 0.5807, -0.0693 0.3166 0.5807, -0.0299 0.3228 0.5807, 0.01 0.324 0.5807, 0.0497 0.3203 0.5807, 0.0887 0.3118 0.5807, 0.1264 0.2985 0.5807, 0.1621 0.2807 0.5807, 0.1954 0.2587 0.5807, 0.2257 0.2327 0.5807, 0.2525 0.2032 0.5807, 0.2756 0.1706 0.5807, 0.2945 0.1355 0.5807, 0.3089 0.0983 0.5807, 0.3186 0.0596 0.5807, 0.3235 0.02 0.5807, 0.3235 -0.0199 0.5807, 0.3186 -0.0595 0.5807, 0.3089 -0.0983 0.5807, 0.2945 -0.1355 0.5807, 0.2756 -0.1706 0.5807, 0.2525 -0.2032 0.5807, 0.2257 -0.2327 0.5807, 0.1954 -0.2587 0.5807, 0.1621 -0.2807 0.5807, 0.1264 -0.2985 0.5807, 0.0887 -0.3118 0.5807, 0.0497 -0.3203 0.5807, 0.01 -0.324 0.5807, -0.0299 -0.3227 0.5807, -0.0693 -0.3166 0.5807, -0.1077 -0.3057 0.5807, -0.1445 -0.2901 0.5807, -0.179 -0.2702 0.5807, -0.2109 -0.2461 0.5807, -0.2395 -0.2184 0.5807, -0.2645 -0.1873 0.5807, -0.2855 -0.1533 0.5807, -0.3022 -0.1171 0.5807, -0.3143 -0.0791 0.5807, -0.3217 -0.0398 0.5807, -0.3241 0.0 0.5807, -0.3186 0.0395 0.5848, -0.3113 0.0783 0.5848, -0.2993 0.116 0.5848, -0.2828 0.1519 0.5848, -0.262 0.1855 0.5848, -0.2372 0.2163 0.5848, -0.2088 0.2438 0.5848, -0.1773 0.2676 0.5848, -0.1431 0.2874 0.5848, -0.1067 0.3028 0.5848, -0.0687 0.3136 0.5848, -0.0296 0.3196 0.5848, 0.0099 0.3209 0.5848, 0.0493 0.3172 0.5848, 0.0879 0.3088 0.5848, 0.1251 0.2956 0.5848, 0.1605 0.278 0.5848, 0.1935 0.2562 0.5848, 0.2235 0.2305 0.5848, 0.2501 0.2013 0.5848, 0.2729 0.169 0.5848, 0.2916 0.1342 0.5848, 0.3059 0.0973 0.5848, 0.3156 0.059 0.5848, 0.3204 0.0198 0.5848, 0.3204 -0.0198 0.5848, 0.3156 -0.059 0.5848, 0.3059 -0.0973 0.5848, 0.2916 -0.1342 0.5848, 0.2729 -0.169 0.5848, 0.2501 -0.2012 0.5848, 0.2235 -0.2304 0.5848, 0.1935 -0.2562 0.5848, 0.1605 -0.278 0.5848, 0.1251 -0.2956 0.5848, 0.0879 -0.3087 0.5848, 0.0493 -0.3172 0.5848, 0.0099 -0.3208 0.5848, -0.0296 -0.3196 0.5848, -0.0687 -0.3136 0.5848, -0.1067 -0.3027 0.5848, -0.1431 -0.2873 0.5848, -0.1773 -0.2676 0.5848, -0.2088 -0.2438 0.5848, -0.2372 -0.2163 0.5848, -0.262 -0.1855 0.5848, -0.2828 -0.1519 0.5848, -0.2993 -0.116 0.5848, -0.3113 -0.0783 0.5848, -0.3186 -0.0394 0.5848, -0.321 0.0 0.5848, -0.3145 0.039 0.5879, -0.3073 0.0773 0.5879, -0.2955 0.1145 0.5879, -0.2792 0.1499 0.5879, -0.2587 0.1831 0.5879, -0.2342 0.2135 0.5879, -0.2062 0.2407 0.5879, -0.175 0.2642 0.5879, -0.1412 0.2837 0.5879, -0.1053 0.2989 0.5879, -0.0678 0.3096 0.5879, -0.0292 0.3156 0.5879, 0.0098 0.3168 0.5879, 0.0486 0.3132 0.5879, 0.0868 0.3048 0.5879, 0.1236 0.2919 0.5879, 0.1585 0.2745 0.5879, 0.191 0.2529 0.5879, 0.2206 0.2275 0.5879, 0.2469 0.1987 0.5879, 0.2695 0.1669 0.5879, 0.2879 0.1325 0.5879, 0.302 0.0961 0.5879, 0.3116 0.0582 0.5879, 0.3163 0.0195 0.5879, 0.3163 -0.0195 0.5879, 0.3116 -0.0582 0.5879, 0.302 -0.0961 0.5879, 0.2879 -0.1325 0.5879, 0.2695 -0.1668 0.5879, 0.2469 -0.1987 0.5879, 0.2206 -0.2275 0.5879, 0.191 -0.2529 0.5879, 0.1585 -0.2745 0.5879, 0.1236 -0.2919 0.5879, 0.0868 -0.3048 0.5879, 0.0486 -0.3132 0.5879, 0.0098 -0.3168 0.5879, -0.0292 -0.3156 0.5879, -0.0678 -0.3096 0.5879, -0.1053 -0.2989 0.5879, -0.1412 -0.2837 0.5879, -0.175 -0.2642 0.5879, -0.2062 -0.2407 0.5879, -0.2342 -0.2135 0.5879, -0.2587 -0.1831 0.5879, -0.2792 -0.1499 0.5879, -0.2955 -0.1145 0.5879, -0.3073 -0.0773 0.5879, -0.3145 -0.0389 0.5879, -0.3169 0.0 0.5879, -0.3098 0.0384 0.5899, -0.3027 0.0762 0.5899, -0.2911 0.1128 0.5899, -0.275 0.1477 0.5899, -0.2548 0.1804 0.5899, -0.2307 0.2103 0.5899, -0.2031 0.2371 0.5899, -0.1724 0.2602 0.5899, -0.1391 0.2795 0.5899, -0.1037 0.2944 0.5899, -0.0668 0.305 0.5899, -0.0288 0.3109 0.5899, 0.0096 0.312 0.5899, 0.0479 0.3085 0.5899, 0.0855 0.3003 0.5899, 0.1217 0.2875 0.5899, 0.1561 0.2704 0.5899, 0.1882 0.2491 0.5899, 0.2173 0.2241 0.5899, 0.2432 0.1957 0.5899, 0.2654 0.1644 0.5899, 0.2836 0.1305 0.5899, 0.2975 0.0946 0.5899, 0.3069 0.0574 0.5899, 0.3116 0.0192 0.5899, 0.3116 -0.0192 0.5899, 0.3069 -0.0574 0.5899, 0.2975 -0.0946 0.5899, 0.2836 -0.1305 0.5899, 0.2654 -0.1643 0.5899, 0.2432 -0.1957 0.5899, 0.2173 -0.2241 0.5899, 0.1882 -0.2491 0.5899, 0.1561 -0.2703 0.5899, 0.1217 -0.2875 0.5899, 0.0855 -0.3003 0.5899, 0.0479 -0.3085 0.5899, 0.0096 -0.312 0.5899, -0.0288 -0.3108 0.5899, -0.0668 -0.3049 0.5899, -0.1037 -0.2944 0.5899, -0.1391 -0.2794 0.5899, -0.1724 -0.2602 0.5899, -0.2031 -0.2371 0.5899, -0.2307 -0.2103 0.5899, -0.2548 -0.1804 0.5899, -0.275 -0.1477 0.5899, -0.2911 -0.1128 0.5899, -0.3027 -0.0761 0.5899, -0.3098 -0.0384 0.5899, -0.3122 0.0 0.5899
            ]
        }
        coordIndex [
            0,1,2,-1,3,4,1,-1,1,4,5,-1,1,5,2,-1,6,7,8,-1,8,7,9,-1,8,9,3,-1,3,9,10,-1,3,10,4,-1,6,8,11,-1,11,8,12,-1,11,12,13,-1,13,12,14,-1,14,12,15,-1,14,15,16,-1,17,18,15,-1,15,18,19,-1,15,19,16,-1,20,21,17,-1,17,21,22,-1,17,22,18,-1,23,24,25,-1,25,24,26,-1,25,26,20,-1,20,26,27,-1,20,27,21,-1,23,25,28,-1,28,25,29,-1,28,29,30,-1,30,29,31,-1,31,29,32,-1,31,32,33,-1,34,35,32,-1,32,35,36,-1,32,36,33,-1,37,38,34,-1,34,38,39,-1,34,39,35,-1,40,41,37,-1,37,41,42,-1,37,42,38,-1,43,44,40,-1,40,44,45,-1,40,45,41,-1,46,47,48,-1,48,47,49,-1,48,49,43,-1,43,49,50,-1,43,50,44,-1,46,48,51,-1,51,48,52,-1,51,52,53,-1,53,52,54,-1,54,52,55,-1,54,55,56,-1,57,58,55,-1,55,58,59,-1,55,59,56,-1,60,61,57,-1,57,61,62,-1,57,62,58,-1,63,64,65,-1,65,64,66,-1,65,66,60,-1,60,66,67,-1,60,67,61,-1,63,65,68,-1,68,65,69,-1,68,69,70,-1,70,69,71,-1,71,69,72,-1,71,72,73,-1,74,75,72,-1,72,75,76,-1,72,76,73,-1,77,78,74,-1,74,78,79,-1,74,79,75,-1,80,81,77,-1,77,81,82,-1,77,82,78,-1,83,84,80,-1,80,84,85,-1,80,85,81,-1,86,87,88,-1,88,87,89,-1,88,89,83,-1,83,89,90,-1,83,90,84,-1,86,88,91,-1,91,88,92,-1,91,92,93,-1,93,92,94,-1,94,92,95,-1,94,95,96,-1,97,98,95,-1,95,98,99,-1,95,99,96,-1,100,101,97,-1,97,101,102,-1,97,102,98,-1,103,104,105,-1,105,104,106,-1,105,106,100,-1,100,106,107,-1,100,107,101,-1,103,105,108,-1,108,105,109,-1,108,109,110,-1,110,109,111,-1,111,109,112,-1,111,112,113,-1,114,115,112,-1,112,115,116,-1,112,116,113,-1,2,117,0,-1,0,117,118,-1,0,118,114,-1,114,118,119,-1,114,119,115,-1,120,121,122,-1,122,121,123,-1,122,123,124,-1,125,126,122,-1,122,126,127,-1,122,127,120,-1,128,129,122,-1,122,129,130,-1,122,130,125,-1,131,132,122,-1,122,132,133,-1,122,133,128,-1,134,135,122,-1,122,135,136,-1,122,136,131,-1,137,138,122,-1,122,138,139,-1,122,139,134,-1,140,141,122,-1,122,141,142,-1,122,142,137,-1,143,144,122,-1,122,144,145,-1,122,145,140,-1,146,147,122,-1,122,147,148,-1,122,148,143,-1,149,150,122,-1,122,150,151,-1,122,151,146,-1,152,153,122,-1,122,153,154,-1,122,154,149,-1,155,156,122,-1,122,156,157,-1,122,157,152,-1,158,159,122,-1,122,159,160,-1,122,160,155,-1,161,162,122,-1,122,162,163,-1,122,163,158,-1,164,165,122,-1,122,165,166,-1,122,166,161,-1,167,168,122,-1,122,168,169,-1,122,169,164,-1,124,170,122,-1,122,170,171,-1,122,171,167,-1,13,172,11,-1,11,172,173,-1,11,173,6,-1,6,173,174,-1,6,174,7,-1,7,174,175,-1,7,175,9,-1,13,14,172,-1,172,14,16,-1,172,16,176,-1,176,16,19,-1,176,19,177,-1,19,18,177,-1,177,18,22,-1,177,22,178,-1,178,22,21,-1,178,21,179,-1,179,21,27,-1,27,26,179,-1,179,26,24,-1,179,24,180,-1,180,24,23,-1,180,23,181,-1,181,23,28,-1,181,28,182,-1,182,28,30,-1,39,183,184,-1,30,31,182,-1,182,31,33,-1,182,33,185,-1,185,33,36,-1,185,36,184,-1,184,36,35,-1,184,35,39,-1,39,38,183,-1,183,38,42,-1,183,42,186,-1,186,42,41,-1,186,41,187,-1,187,41,45,-1,187,45,188,-1,188,45,44,-1,188,44,189,-1,189,44,50,-1,50,49,189,-1,189,49,47,-1,189,47,190,-1,190,47,46,-1,190,46,191,-1,191,46,51,-1,191,51,192,-1,192,51,53,-1,53,54,192,-1,192,54,56,-1,192,56,193,-1,193,56,59,-1,193,59,194,-1,59,58,194,-1,194,58,62,-1,194,62,195,-1,195,62,61,-1,195,61,196,-1,196,61,67,-1,67,66,196,-1,196,66,64,-1,196,64,197,-1,197,64,63,-1,197,63,198,-1,198,63,68,-1,198,68,199,-1,199,68,70,-1,79,200,201,-1,70,71,199,-1,199,71,73,-1,199,73,202,-1,202,73,76,-1,202,76,201,-1,201,76,75,-1,201,75,79,-1,79,78,200,-1,200,78,82,-1,200,82,203,-1,203,82,81,-1,203,81,204,-1,204,81,85,-1,204,85,205,-1,205,85,84,-1,205,84,206,-1,206,84,90,-1,90,89,206,-1,206,89,87,-1,206,87,207,-1,207,87,86,-1,207,86,208,-1,208,86,91,-1,208,91,209,-1,209,91,93,-1,93,94,209,-1,209,94,96,-1,209,96,210,-1,210,96,99,-1,210,99,211,-1,99,98,211,-1,211,98,102,-1,211,102,212,-1,212,102,101,-1,212,101,213,-1,213,101,107,-1,107,106,213,-1,213,106,104,-1,213,104,214,-1,214,104,103,-1,214,103,215,-1,215,103,108,-1,215,108,216,-1,216,108,110,-1,119,217,218,-1,110,111,216,-1,216,111,113,-1,216,113,219,-1,219,113,116,-1,219,116,218,-1,218,116,115,-1,218,115,119,-1,119,118,217,-1,217,118,117,-1,217,117,220,-1,220,117,2,-1,220,2,221,-1,221,2,5,-1,221,5,222,-1,222,5,4,-1,222,4,175,-1,175,4,10,-1,175,10,9,-1,220,223,217,-1,217,223,224,-1,217,224,218,-1,218,224,225,-1,218,225,219,-1,219,225,226,-1,219,226,216,-1,216,226,227,-1,216,227,215,-1,215,227,228,-1,215,228,214,-1,214,228,229,-1,214,229,213,-1,213,229,230,-1,213,230,212,-1,212,230,231,-1,212,231,211,-1,211,231,232,-1,211,232,210,-1,210,232,233,-1,210,233,209,-1,209,233,234,-1,209,234,208,-1,208,234,235,-1,208,235,207,-1,207,235,236,-1,207,236,206,-1,206,236,237,-1,206,237,205,-1,205,237,238,-1,205,238,204,-1,204,238,239,-1,204,239,203,-1,203,239,240,-1,203,240,200,-1,200,240,241,-1,200,241,201,-1,201,241,242,-1,201,242,202,-1,202,242,243,-1,202,243,199,-1,199,243,244,-1,199,244,198,-1,198,244,245,-1,198,245,197,-1,197,245,246,-1,197,246,196,-1,196,246,247,-1,196,247,195,-1,195,247,248,-1,195,248,194,-1,194,248,249,-1,194,249,193,-1,193,249,250,-1,193,250,192,-1,192,250,251,-1,192,251,191,-1,191,251,252,-1,191,252,190,-1,190,252,253,-1,190,253,189,-1,189,253,254,-1,189,254,188,-1,188,254,255,-1,188,255,187,-1,187,255,256,-1,187,256,186,-1,186,256,257,-1,186,257,183,-1,183,257,258,-1,183,258,184,-1,184,258,259,-1,184,259,185,-1,185,259,260,-1,185,260,182,-1,182,260,261,-1,182,261,181,-1,181,261,262,-1,181,262,180,-1,180,262,263,-1,180,263,179,-1,179,263,264,-1,179,264,178,-1,178,264,265,-1,178,265,177,-1,177,265,266,-1,177,266,176,-1,176,266,267,-1,176,267,172,-1,172,267,268,-1,172,268,173,-1,173,268,269,-1,173,269,174,-1,174,269,270,-1,174,270,175,-1,175,270,271,-1,175,271,222,-1,222,271,272,-1,222,272,221,-1,221,272,273,-1,221,273,220,-1,220,273,223,-1,273,274,223,-1,223,274,275,-1,223,275,224,-1,224,275,276,-1,224,276,225,-1,225,276,277,-1,225,277,226,-1,226,277,278,-1,226,278,227,-1,227,278,279,-1,227,279,228,-1,228,279,280,-1,228,280,229,-1,229,280,281,-1,229,281,230,-1,230,281,282,-1,230,282,231,-1,231,282,283,-1,231,283,232,-1,232,283,284,-1,232,284,233,-1,233,284,285,-1,233,285,234,-1,234,285,286,-1,234,286,235,-1,235,286,287,-1,235,287,236,-1,236,287,288,-1,236,288,237,-1,237,288,289,-1,237,289,238,-1,238,289,290,-1,238,290,239,-1,239,290,291,-1,239,291,240,-1,240,291,292,-1,240,292,241,-1,241,292,293,-1,241,293,242,-1,242,293,294,-1,242,294,243,-1,243,294,295,-1,243,295,244,-1,244,295,296,-1,244,296,245,-1,245,296,297,-1,245,297,246,-1,246,297,298,-1,246,298,247,-1,247,298,299,-1,247,299,248,-1,248,299,300,-1,248,300,249,-1,249,300,301,-1,249,301,250,-1,250,301,302,-1,250,302,251,-1,251,302,303,-1,251,303,252,-1,252,303,304,-1,252,304,253,-1,253,304,305,-1,253,305,254,-1,254,305,306,-1,254,306,255,-1,255,306,307,-1,255,307,256,-1,256,307,308,-1,256,308,257,-1,257,308,309,-1,257,309,258,-1,258,309,310,-1,258,310,259,-1,259,310,311,-1,259,311,260,-1,260,311,312,-1,260,312,261,-1,261,312,313,-1,261,313,262,-1,262,313,314,-1,262,314,263,-1,263,314,315,-1,263,315,264,-1,264,315,316,-1,264,316,265,-1,265,316,317,-1,265,317,266,-1,266,317,318,-1,266,318,267,-1,267,318,319,-1,267,319,268,-1,268,319,320,-1,268,320,269,-1,269,320,321,-1,269,321,270,-1,270,321,322,-1,270,322,271,-1,271,322,323,-1,271,323,272,-1,272,323,324,-1,272,324,273,-1,273,324,274,-1,324,325,274,-1,274,325,326,-1,274,326,275,-1,275,326,327,-1,275,327,276,-1,276,327,328,-1,276,328,277,-1,277,328,329,-1,277,329,278,-1,278,329,330,-1,278,330,279,-1,279,330,331,-1,279,331,280,-1,280,331,332,-1,280,332,281,-1,281,332,333,-1,281,333,282,-1,282,333,334,-1,282,334,283,-1,283,334,335,-1,283,335,284,-1,284,335,336,-1,284,336,285,-1,285,336,337,-1,285,337,286,-1,286,337,338,-1,286,338,287,-1,287,338,339,-1,287,339,288,-1,288,339,340,-1,288,340,289,-1,289,340,341,-1,289,341,290,-1,290,341,342,-1,290,342,291,-1,291,342,343,-1,291,343,292,-1,292,343,344,-1,292,344,293,-1,293,344,345,-1,293,345,294,-1,294,345,346,-1,294,346,295,-1,295,346,347,-1,295,347,296,-1,296,347,348,-1,296,348,297,-1,297,348,349,-1,297,349,298,-1,298,349,350,-1,298,350,299,-1,299,350,351,-1,299,351,300,-1,300,351,352,-1,300,352,301,-1,301,352,353,-1,301,353,302,-1,302,353,354,-1,302,354,303,-1,303,354,355,-1,303,355,304,-1,304,355,356,-1,304,356,305,-1,305,356,357,-1,305,357,306,-1,306,357,358,-1,306,358,307,-1,307,358,359,-1,307,359,308,-1,308,359,360,-1,308,360,309,-1,309,360,361,-1,309,361,310,-1,310,361,362,-1,310,362,311,-1,311,362,363,-1,311,363,312,-1,312,363,364,-1,312,364,313,-1,313,364,365,-1,313,365,314,-1,314,365,366,-1,314,366,315,-1,315,366,367,-1,315,367,316,-1,316,367,368,-1,316,368,317,-1,317,368,369,-1,317,369,318,-1,318,369,370,-1,318,370,319,-1,319,370,371,-1,319,371,320,-1,320,371,372,-1,320,372,321,-1,321,372,373,-1,321,373,322,-1,322,373,374,-1,322,374,323,-1,323,374,375,-1,323,375,324,-1,324,375,325,-1,375,376,325,-1,325,376,377,-1,325,377,326,-1,326,377,378,-1,326,378,327,-1,327,378,379,-1,327,379,328,-1,328,379,380,-1,328,380,329,-1,329,380,381,-1,329,381,330,-1,330,381,382,-1,330,382,331,-1,331,382,383,-1,331,383,332,-1,332,383,384,-1,332,384,333,-1,333,384,385,-1,333,385,334,-1,334,385,386,-1,334,386,335,-1,335,386,387,-1,335,387,336,-1,336,387,388,-1,336,388,337,-1,337,388,389,-1,337,389,338,-1,338,389,390,-1,338,390,339,-1,339,390,391,-1,339,391,340,-1,340,391,392,-1,340,392,341,-1,341,392,393,-1,341,393,342,-1,342,393,394,-1,342,394,343,-1,343,394,395,-1,343,395,344,-1,344,395,396,-1,344,396,345,-1,345,396,397,-1,345,397,346,-1,346,397,398,-1,346,398,347,-1,347,398,399,-1,347,399,348,-1,348,399,400,-1,348,400,349,-1,349,400,401,-1,349,401,350,-1,350,401,402,-1,350,402,351,-1,351,402,403,-1,351,403,352,-1,352,403,404,-1,352,404,353,-1,353,404,405,-1,353,405,354,-1,354,405,406,-1,354,406,355,-1,355,406,407,-1,355,407,356,-1,356,407,408,-1,356,408,357,-1,357,408,409,-1,357,409,358,-1,358,409,410,-1,358,410,359,-1,359,410,411,-1,359,411,360,-1,360,411,412,-1,360,412,361,-1,361,412,413,-1,361,413,362,-1,362,413,414,-1,362,414,363,-1,363,414,415,-1,363,415,364,-1,364,415,416,-1,364,416,365,-1,365,416,417,-1,365,417,366,-1,366,417,418,-1,366,418,367,-1,367,418,419,-1,367,419,368,-1,368,419,420,-1,368,420,369,-1,369,420,421,-1,369,421,370,-1,370,421,422,-1,370,422,371,-1,371,422,423,-1,371,423,372,-1,372,423,424,-1,372,424,373,-1,373,424,425,-1,373,425,374,-1,374,425,426,-1,374,426,375,-1,375,426,376,-1,426,121,376,-1,376,121,120,-1,376,120,377,-1,377,120,127,-1,377,127,378,-1,378,127,126,-1,378,126,379,-1,379,126,125,-1,379,125,380,-1,380,125,130,-1,380,130,381,-1,381,130,129,-1,381,129,382,-1,382,129,128,-1,382,128,383,-1,383,128,133,-1,383,133,384,-1,384,133,132,-1,384,132,385,-1,385,132,131,-1,385,131,386,-1,386,131,136,-1,386,136,387,-1,387,136,135,-1,387,135,388,-1,388,135,134,-1,388,134,389,-1,389,134,139,-1,389,139,390,-1,390,139,138,-1,390,138,391,-1,391,138,137,-1,391,137,392,-1,392,137,142,-1,392,142,393,-1,393,142,141,-1,393,141,394,-1,394,141,140,-1,394,140,395,-1,395,140,145,-1,395,145,396,-1,396,145,144,-1,396,144,397,-1,397,144,143,-1,397,143,398,-1,398,143,148,-1,398,148,399,-1,399,148,147,-1,399,147,400,-1,400,147,146,-1,400,146,401,-1,401,146,151,-1,401,151,402,-1,402,151,150,-1,402,150,403,-1,403,150,149,-1,403,149,404,-1,404,149,154,-1,404,154,405,-1,405,154,153,-1,405,153,406,-1,406,153,152,-1,406,152,407,-1,407,152,157,-1,407,157,408,-1,408,157,156,-1,408,156,409,-1,409,156,155,-1,409,155,410,-1,410,155,160,-1,410,160,411,-1,411,160,159,-1,411,159,412,-1,412,159,158,-1,412,158,413,-1,413,158,163,-1,413,163,414,-1,414,163,162,-1,414,162,415,-1,415,162,161,-1,415,161,416,-1,416,161,166,-1,416,166,417,-1,417,166,165,-1,417,165,418,-1,418,165,164,-1,418,164,419,-1,419,164,169,-1,419,169,420,-1,420,169,168,-1,420,168,421,-1,421,168,167,-1,421,167,422,-1,422,167,171,-1,422,171,423,-1,423,171,170,-1,423,170,424,-1,424,170,124,-1,424,124,425,-1,425,124,123,-1,425,123,426,-1,426,123,121,-1,
        ]
    }
}
Shape{
    appearance Appearance {
        material  Material 	{
            diffuseColor 0.7529411764705882 0.7529411764705882 0.7529411764705882
            specularColor 0.3764705882352941 0.3764705882352941 0.3764705882352941
            ambientIntensity 0.7529
            transparency 0.0
            shininess 0.5
        }
    }
    geometry IndexedFaceSet {
        ccw TRUE
        solid FALSE
        coord DEF co Coordinate {
            point [
                -0.6214 -0.0787 0.0776, -0.622 -0.0787 0.0827, -0.6811 -0.0787 0.0827, -0.6811 -0.0787 0.063, -0.6791 -0.0787 0.0477, -0.6194 -0.0787 0.0728, -0.6732 -0.0787 0.0335, -0.6163 -0.0787 0.0688, -0.6638 -0.0787 0.0212, -0.6122 -0.0787 0.0656, -0.622 -0.0787 0.0039, -0.563 -0.0787 0.0039, -0.563 -0.0787 0.063, -0.6023 -0.0787 0.063, -0.6074 -0.0787 0.0637, -0.6373 -0.0787 0.0059, -0.6516 -0.0787 0.0118, 0.6214 0.0788 0.0776, 0.6221 0.0788 0.0827, 0.6811 0.0788 0.0827, 0.6811 0.0788 0.063, 0.6791 0.0788 0.0477, 0.6194 0.0788 0.0728, 0.6732 0.0788 0.0335, 0.6163 0.0788 0.0688, 0.6638 0.0788 0.0212, 0.6122 0.0788 0.0656, 0.6221 0.0788 0.0039, 0.563 0.0788 0.0039, 0.563 0.0788 0.063, 0.6024 0.0788 0.063, 0.6075 0.0788 0.0637, 0.6374 0.0788 0.0059, 0.6516 0.0788 0.0118, -0.6811 -0.1575 0.1614, -0.6811 -0.1575 0.2992, -0.6811 0.1575 0.2992, -0.6811 -0.1548 0.141, -0.6811 0.0991 0.0854, -0.6811 0.0788 0.0827, -0.6811 0.1575 0.1614, -0.6811 0.0788 0.063, -0.6811 -0.0991 0.0854, -0.6811 -0.1181 0.0932, -0.6811 -0.1344 0.1057, -0.6811 -0.1469 0.122, -0.6811 0.1548 0.141, -0.6811 0.1469 0.122, -0.6811 0.1344 0.1057, -0.6811 0.1181 0.0932, -0.6023 0.2953 0.2992, -0.6074 0.2953 0.2985, -0.622 0.2953 0.2992, -0.6122 0.2953 0.2966, -0.6163 0.2953 0.2934, -0.6194 0.2953 0.2894, -0.6214 0.2953 0.2846, -0.622 0.2953 0.2795, -0.6791 -0.1575 0.3145, -0.6791 0.1575 0.3145, -0.6732 -0.1575 0.3287, -0.6732 0.1575 0.3287, -0.6638 -0.1575 0.341, -0.6638 0.1575 0.341, -0.6516 -0.1575 0.3504, -0.6516 0.1575 0.3504, -0.6373 -0.1575 0.3563, -0.6373 0.1575 0.3563, -0.622 -0.1575 0.3583, -0.622 0.1575 0.3583, 0.6221 0.2953 0.2795, 0.6214 0.2953 0.2846, 0.6221 0.2953 0.2992, 0.6194 0.2953 0.2894, 0.6163 0.2953 0.2934, 0.6122 0.2953 0.2966, 0.6075 0.2953 0.2985, 0.6024 0.2953 0.2992, 0.5454 -0.3786 0.3583, 0.6221 -0.498 0.3583, 0.5466 -0.3621 0.3583, 0.6221 -0.1575 0.3583, 0.5466 0.3621 0.3583, 0.3786 0.5453 0.3583, 0.3924 0.5424 0.3583, 0.504 0.6162 0.3583, 0.4056 0.5377 0.3583, 0.4182 0.5314 0.3583, 0.5248 0.4281 0.3583, 0.5325 0.4163 0.3583, 0.6221 0.498 0.3583, 0.5386 0.4036 0.3583, 0.543 0.3902 0.3583, 0.5424 -0.3923 0.3583, 0.5377 -0.4056 0.3583, 0.5314 -0.4182 0.3583, 0.4036 -0.5385 0.3583, 0.504 -0.6161 0.3583, 0.4163 -0.5325 0.3583, 0.4281 -0.5248 0.3583, 0.6221 0.1575 0.3583, 0.5457 0.3763 0.3583, -0.3785 -0.5453 0.3583, -0.3923 -0.5424 0.3583, -0.5039 -0.6161 0.3583, -0.4056 -0.5377 0.3583, -0.4182 -0.5314 0.3583, -0.5385 -0.4036 0.3583, -0.622 -0.498 0.3583, -0.5325 -0.4163 0.3583, -0.5248 -0.4281 0.3583, -0.5453 0.3786 0.3583, -0.5424 0.3924 0.3583, -0.622 0.498 0.3583, -0.5377 0.4056 0.3583, -0.5313 0.4182 0.3583, -0.4036 0.5386 0.3583, -0.5039 0.6162 0.3583, -0.4162 0.5325 0.3583, -0.4281 0.5248 0.3583, 0.3902 -0.543 0.3583, 0.3763 -0.5456 0.3583, 0.3621 -0.5465 0.3583, 0.4299 0.5234 0.3583, 0.4406 0.514 0.3583, 0.5141 0.4406 0.3583, 0.5235 -0.4299 0.3583, 0.5141 -0.4406 0.3583, 0.4406 -0.514 0.3583, -0.5429 -0.3902 0.3583, -0.5456 -0.3763 0.3583, -0.5465 -0.3621 0.3583, -0.3902 0.543 0.3583, -0.3763 0.5457 0.3583, -0.3621 0.5466 0.3583, -0.4299 -0.5234 0.3583, -0.4406 -0.514 0.3583, -0.514 -0.4406 0.3583, -0.5234 0.4299 0.3583, -0.514 0.4406 0.3583, -0.4406 0.514 0.3583, -0.3621 -0.5465 0.3583, -0.2362 -0.6161 0.3583, 0.2362 -0.6161 0.3583, -0.5465 0.3621 0.3583, 0.3621 0.5466 0.3583, 0.2362 0.6162 0.3583, -0.2362 0.6162 0.3583, 0.2362 -0.6161 0.2992, 0.2362 -0.6161 0.0827, -0.2362 -0.6161 0.2992, 0.1181 -0.6161 0.0827, -0.1128 -0.6161 0.0197, -0.1167 -0.6161 0.0292, -0.1181 -0.6161 0.0394, -0.2362 -0.6161 0.0827, -0.1181 -0.6161 0.0827, 0.1181 -0.6161 0.0394, 0.1168 -0.6161 0.0292, 0.0788 -0.6161 0.0, 0.1129 -0.6161 0.0197, 0.1066 -0.6161 0.0115, 0.0984 -0.6161 0.0053, 0.0889 -0.6161 0.0013, -0.0787 -0.6161 0.0, -0.0889 -0.6161 0.0013, -0.0984 -0.6161 0.0053, -0.1066 -0.6161 0.0115, -0.1181 -0.6752 0.0827, -0.2362 -0.6752 0.0827
            ]
        }
        coordIndex [
            0,1,2,-1,2,3,0,-1,0,3,4,-1,0,4,5,-1,5,4,6,-1,5,6,7,-1,7,6,8,-1,7,8,9,-1,10,11,12,-1,12,13,10,-1,10,13,14,-1,10,14,15,-1,15,14,9,-1,15,9,16,-1,16,9,8,-1,17,18,19,-1,19,20,17,-1,17,20,21,-1,17,21,22,-1,22,21,23,-1,22,23,24,-1,24,23,25,-1,24,25,26,-1,27,28,29,-1,29,30,27,-1,27,30,31,-1,27,31,32,-1,32,31,26,-1,32,26,33,-1,33,26,25,-1,34,35,36,-1,34,36,37,-1,38,39,40,-1,40,39,36,-1,41,3,39,-1,39,3,2,-1,39,2,36,-1,36,2,42,-1,36,42,43,-1,43,44,36,-1,36,44,45,-1,36,45,37,-1,40,46,47,-1,47,48,40,-1,40,48,49,-1,40,49,38,-1,50,51,52,-1,52,51,53,-1,52,53,54,-1,54,55,52,-1,52,55,56,-1,52,56,57,-1,36,35,58,-1,36,58,59,-1,59,58,60,-1,59,60,61,-1,61,60,62,-1,61,62,63,-1,63,62,64,-1,63,64,65,-1,65,64,66,-1,65,66,67,-1,67,66,68,-1,67,68,69,-1,70,71,72,-1,72,71,73,-1,72,73,74,-1,74,75,72,-1,72,75,76,-1,72,76,77,-1,78,79,80,-1,80,79,81,-1,80,81,82,-1,83,84,85,-1,85,84,86,-1,85,86,87,-1,88,89,90,-1,90,89,91,-1,90,91,92,-1,78,93,79,-1,79,93,94,-1,79,94,95,-1,96,97,98,-1,98,97,99,-1,81,100,82,-1,82,100,90,-1,82,90,101,-1,101,90,92,-1,102,103,104,-1,104,103,105,-1,104,105,106,-1,107,108,109,-1,109,108,110,-1,111,112,113,-1,113,112,114,-1,113,114,115,-1,116,117,118,-1,118,117,119,-1,96,120,97,-1,97,120,121,-1,97,121,122,-1,87,123,85,-1,85,123,124,-1,85,124,90,-1,90,124,125,-1,90,125,88,-1,95,126,79,-1,79,126,127,-1,79,127,97,-1,97,127,128,-1,97,128,99,-1,107,129,108,-1,108,129,130,-1,108,130,131,-1,116,132,117,-1,117,132,133,-1,117,133,134,-1,106,135,104,-1,104,135,136,-1,104,136,108,-1,108,136,137,-1,108,137,110,-1,115,138,113,-1,113,138,139,-1,113,139,117,-1,117,139,140,-1,117,140,119,-1,102,104,141,-1,141,104,142,-1,141,142,122,-1,122,142,143,-1,122,143,97,-1,111,113,144,-1,144,113,69,-1,144,69,131,-1,131,69,68,-1,131,68,108,-1,83,85,145,-1,145,85,146,-1,145,146,134,-1,134,146,147,-1,134,147,117,-1,148,149,150,-1,150,149,151,-1,152,153,154,-1,155,150,156,-1,156,150,151,-1,156,151,154,-1,154,151,157,-1,157,158,159,-1,159,158,160,-1,160,161,159,-1,159,161,162,-1,159,162,163,-1,157,159,154,-1,154,159,164,-1,154,164,165,-1,165,166,154,-1,154,166,167,-1,154,167,152,-1,156,168,155,-1,155,168,169,-1,
        ]
    }
}
Shape{
    appearance Appearance {
        material  Material 	{
            diffuseColor 1.0 1.0 1.0
            specularColor 0.5019607843137255 0.5019607843137255 0.5019607843137255
            ambientIntensity 1.0
            transparency 0.0
            shininess 0.5
        }
    }
    geometry IndexedFaceSet {
        ccw TRUE
        solid FALSE
        coord DEF co Coordinate {
            point [
                0.1181 -0.6752 0.0827, 0.1181 -0.6161 0.0827, 0.2362 -0.6752 0.0827, 0.2362 -0.6161 0.0827
            ]
        }
        coordIndex [
            0,1,2,-1,2,1,3,-1,
        ]
    }
}
Shape{
    appearance Appearance {
        material  Material 	{
            diffuseColor 0.7529411764705882 0.7529411764705882 0.7529411764705882
            specularColor 0.3764705882352941 0.3764705882352941 0.3764705882352941
            ambientIntensity 0.7529
            transparency 0.0
            shininess 0.5
        }
    }
    geometry IndexedFaceSet {
        ccw TRUE
        solid FALSE
        coord DEF co Coordinate {
            point [
                0.1181 -0.6752 0.0827, 0.2362 -0.6752 0.0827, 0.2362 -0.6752 0.2992, 0.1181 -0.6752 0.0394, 0.0788 -0.6752 0.0, -0.2362 -0.6752 0.2992, -0.2362 -0.6752 0.0827, -0.1181 -0.6752 0.0827, -0.0787 -0.6752 0.0, -0.1167 -0.6752 0.0292, -0.1128 -0.6752 0.0197, -0.1181 -0.6752 0.0394, -0.1066 -0.6752 0.0115, -0.0984 -0.6752 0.0053, -0.0889 -0.6752 0.0013, 0.1066 -0.6752 0.0115, 0.0984 -0.6752 0.0053, 0.0889 -0.6752 0.0013, 0.1129 -0.6752 0.0197, 0.1168 -0.6752 0.0292, 0.2362 -0.6161 0.2992, 0.504 -0.6161 0.2992, 0.2362 -0.6161 0.3583, 0.504 -0.6161 0.3583, -0.2362 -0.6161 0.3583, -0.5039 -0.6161 0.3583, -0.2362 -0.6161 0.2992, -0.5039 -0.6161 0.2992, -0.2362 0.6162 0.2992, -0.5039 0.6162 0.2992, -0.2362 0.6162 0.3583, -0.5039 0.6162 0.3583, 0.2362 0.6162 0.3583, 0.504 0.6162 0.3583, 0.2362 0.6162 0.2992, 0.504 0.6162 0.2992, 0.6811 -0.0787 0.0827, 0.6221 -0.0787 0.0827, 0.6811 -0.0787 0.063, 0.6214 -0.0787 0.0776, 0.6791 -0.0787 0.0477, 0.6194 -0.0787 0.0728, 0.563 -0.0787 0.063, 0.563 -0.0787 0.0039, 0.6024 -0.0787 0.063, 0.6221 -0.0787 0.0039, 0.6075 -0.0787 0.0637, 0.6374 -0.0787 0.0059, 0.6122 -0.0787 0.0656, 0.6516 -0.0787 0.0118, 0.6163 -0.0787 0.0688, 0.6638 -0.0787 0.0212, 0.6732 -0.0787 0.0335, 0.6221 -0.1575 0.1614, 0.6221 -0.1575 0.2795, 0.6221 0.0788 0.0827, 0.6221 0.1575 0.2795, 0.6221 0.1575 0.1614, 0.6221 0.0991 0.0854, 0.6221 0.1181 0.0932, 0.6221 0.1548 0.141, 0.6221 0.1469 0.122, 0.6221 0.1344 0.1057, 0.6221 -0.1181 0.0932, 0.6221 -0.1344 0.1057, 0.6221 -0.1469 0.122, 0.6221 -0.0991 0.0854, 0.6221 -0.1548 0.141, 0.6811 0.0788 0.063, 0.6811 0.0788 0.0827, 0.6811 -0.1575 0.2992, 0.6811 -0.1575 0.1614, 0.6811 0.1575 0.2992, 0.6811 -0.1548 0.141, 0.6811 -0.1469 0.122, 0.6811 -0.1344 0.1057, 0.6811 -0.1181 0.0932, 0.6811 -0.0991 0.0854, 0.6811 0.1575 0.1614, 0.6811 0.0991 0.0854, 0.6811 0.1181 0.0932, 0.6811 0.1344 0.1057, 0.6811 0.1469 0.122, 0.6811 0.1548 0.141, 0.4391 0.1541 0.0039, 0.4154 0.1443 0.0039, 0.5561 -0.1 0.0039, 0.5445 -0.1192 0.0039, 0.4646 0.1575 0.0039, 0.4666 0.1575 0.0039, 0.4888 0.1549 0.0039, 0.5288 -0.1353 0.0039, 0.51 -0.1474 0.0039, 0.4888 -0.1549 0.0039, 0.3695 -0.0845 0.0039, 0.3662 -0.059 0.0039, 0.4646 -0.1575 0.0039, 0.51 0.1474 0.0039, 0.5288 0.1353 0.0039, 0.5445 0.1192 0.0039, 0.6221 0.0788 0.0039, 0.563 0.0788 0.0039, 0.5561 0.1001 0.0039, 0.3662 0.0591 0.0039, 0.3695 0.0845 0.0039, 0.3793 0.1083 0.0039, 0.4666 -0.1575 0.0039, 0.395 0.1287 0.0039, 0.4391 -0.1541 0.0039, 0.4154 -0.1443 0.0039, 0.395 -0.1286 0.0039, 0.3793 -0.1083 0.0039, 0.6163 -0.2953 0.2934, 0.6194 -0.2953 0.2894, 0.6221 -0.2953 0.2992, 0.6214 -0.2953 0.2846, 0.6221 -0.2953 0.2795, 0.6024 -0.2953 0.2992, 0.6075 -0.2953 0.2985, 0.6122 -0.2953 0.2966, 0.6221 -0.1575 0.3583, 0.6221 -0.498 0.2992, 0.6221 -0.498 0.3583, -0.622 -0.498 0.2992, -0.622 -0.498 0.3583, -0.622 -0.2953 0.2992, -0.622 -0.1575 0.3583, -0.622 -0.2953 0.2795, -0.622 -0.1575 0.2795, -0.622 0.2953 0.2795, -0.622 0.1575 0.2795, -0.622 0.2953 0.2992, -0.622 0.1575 0.3583, -0.622 0.498 0.2992, -0.622 0.498 0.3583, 0.6221 0.498 0.2992, 0.6221 0.498 0.3583, 0.6221 0.2953 0.2992, 0.6221 0.1575 0.3583, 0.6221 0.2953 0.2795, 0.3531 -0.4137 0.4961, 0.1755 -0.285 0.4961, 0.1248 -0.3105 0.4961, 0.4137 0.3531 0.4961, 0.3347 0.0 0.4961, 0.4137 -0.353 0.4961, 0.3299 -0.0565 0.4961, 0.3155 -0.1115 0.4961, -0.4137 -0.353 0.4961, -0.2772 -0.1874 0.4961, -0.3049 -0.1378 0.4961, -0.4137 0.3531 0.4961, -0.3238 0.0843 0.4961, -0.3049 0.1379 0.4961, -0.353 0.4137 0.4961, -0.1506 0.2988 0.4961, -0.098 0.32 0.4961, 0.2922 -0.1632 0.4961, 0.2604 -0.2102 0.4961, 0.2211 -0.2512 0.4961, 0.0705 -0.3271 0.4961, 0.0142 -0.3343 0.4961, -0.353 -0.4137 0.4961, -0.0425 -0.3319 0.4961, -0.098 -0.32 0.4961, -0.2772 0.1874 0.4961, -0.2416 0.2316 0.4961, -0.199 0.2691 0.4961, -0.1506 -0.2988 0.4961, -0.199 -0.269 0.4961, -0.2416 -0.2315 0.4961, -0.3238 -0.0843 0.4961, -0.3334 -0.0284 0.4961, -0.3334 0.0284 0.4961, -0.0425 0.3319 0.4961, 0.0142 0.3344 0.4961, 0.3531 0.4137 0.4961, 0.0705 0.3271 0.4961, 0.1248 0.3105 0.4961, 0.2922 0.1632 0.4961, 0.3155 0.1115 0.4961, 0.3299 0.0566 0.4961, 0.1755 0.285 0.4961, 0.2211 0.2512 0.4961, 0.2604 0.2102 0.4961, 0.4879 -0.4144 0.3842, 0.466 -0.4054 0.4443, 0.4145 -0.4879 0.3842, 0.4054 -0.466 0.4443, 0.5096 0.3621 0.3842, 0.4877 0.3531 0.4443, 0.5096 -0.3621 0.3842, 0.4877 -0.353 0.4443, 0.3621 -0.5095 0.3842, 0.3531 -0.4877 0.4443, -0.3621 -0.5095 0.3842, -0.353 -0.4877 0.4443, 0.4145 0.4879 0.3842, 0.4054 0.466 0.4443, 0.4879 0.4144 0.3842, 0.466 0.4054 0.4443, -0.4144 -0.4879 0.3842, -0.4054 -0.466 0.4443, -0.4879 -0.4144 0.3842, -0.466 -0.4054 0.4443, -0.3621 0.5096 0.3842, -0.353 0.4877 0.4443, 0.3621 0.5096 0.3842, 0.3531 0.4877 0.4443, -0.5095 -0.3621 0.3842, -0.4877 -0.353 0.4443, -0.5095 0.3621 0.3842, -0.4877 0.3531 0.4443, -0.4879 0.4144 0.3842, -0.466 0.4054 0.4443, -0.4144 0.4879 0.3842, -0.4054 0.466 0.4443, -0.4953 -0.4062 0.3836, -0.4744 -0.3936 0.4455, -0.4999 -0.3992 0.3833, -0.4772 -0.3898 0.446, -0.5005 -0.3983 0.3833, -0.4808 -0.3809 0.446, -0.5046 -0.3899 0.3832, -0.5073 -0.3814 0.3833, -0.4845 -0.372 0.446, -0.5075 -0.381 0.3833, -0.4853 -0.3673 0.4455, -0.5091 -0.3716 0.3836, -0.3732 -0.5089 0.3836, -0.3673 -0.4853 0.4455, -0.3814 -0.5073 0.3833, -0.372 -0.4845 0.446, -0.3824 -0.5071 0.3833, -0.3809 -0.4809 0.446, -0.3912 -0.504 0.3832, -0.3992 -0.4999 0.3833, -0.3898 -0.4772 0.446, -0.3996 -0.4997 0.3833, -0.3936 -0.4744 0.4455, -0.4074 -0.4943 0.3836, -0.5089 0.3732 0.3836, -0.4853 0.3673 0.4455, -0.5073 0.3814 0.3833, -0.4845 0.372 0.446, -0.5071 0.3824 0.3833, -0.4808 0.3809 0.446, -0.504 0.3913 0.3832, -0.4999 0.3992 0.3833, -0.4772 0.3898 0.446, -0.4997 0.3996 0.3833, -0.4744 0.3936 0.4455, -0.4943 0.4074 0.3836, -0.4062 0.4953 0.3836, -0.3936 0.4744 0.4455, -0.3992 0.4999 0.3833, -0.3898 0.4772 0.446, -0.3983 0.5005 0.3833, -0.3809 0.4809 0.446, -0.3899 0.5046 0.3832, -0.3814 0.5073 0.3833, -0.372 0.4846 0.446, -0.3809 0.5075 0.3833, -0.3673 0.4853 0.4455, -0.3716 0.5091 0.3836, 0.3732 0.509 0.3836, 0.3673 0.4853 0.4455, 0.3814 0.5073 0.3833, 0.372 0.4846 0.446, 0.3824 0.5071 0.3833, 0.3809 0.4809 0.446, 0.3913 0.504 0.3832, 0.3992 0.5 0.3833, 0.3898 0.4772 0.446, 0.3997 0.4997 0.3833, 0.3936 0.4744 0.4455, 0.4074 0.4943 0.3836, 0.4953 0.4062 0.3836, 0.4744 0.3936 0.4455, 0.4999 0.3992 0.3833, 0.4772 0.3898 0.446, 0.5005 0.3984 0.3833, 0.4809 0.3809 0.446, 0.5046 0.3899 0.3832, 0.5073 0.3814 0.3833, 0.4846 0.372 0.446, 0.5075 0.381 0.3833, 0.4853 0.3673 0.4455, 0.5092 0.3717 0.3836, 0.509 -0.3732 0.3836, 0.4853 -0.3673 0.4455, 0.5073 -0.3814 0.3833, 0.4846 -0.372 0.446, 0.5071 -0.3824 0.3833, 0.4809 -0.3809 0.446, 0.504 -0.3913 0.3832, 0.5 -0.3992 0.3833, 0.4772 -0.3898 0.446, 0.4998 -0.3996 0.3833, 0.4744 -0.3936 0.4455, 0.4944 -0.4074 0.3836, 0.4062 -0.4953 0.3836, 0.3936 -0.4744 0.4455, 0.3992 -0.4999 0.3833, 0.3898 -0.4772 0.446, 0.3984 -0.5005 0.3833, 0.3809 -0.4809 0.446, 0.3899 -0.5046 0.3832, 0.3814 -0.5073 0.3833, 0.372 -0.4845 0.446, 0.381 -0.5075 0.3833, 0.3673 -0.4853 0.4455, 0.3717 -0.5091 0.3836, 0.4296 -0.3637 0.4937, 0.4314 -0.3604 0.4937, 0.478 -0.3658 0.461, 0.4743 -0.3781 0.461, 0.4682 -0.3895 0.461, 0.46 -0.3994 0.461, 0.4664 -0.353 0.4758, 0.4509 -0.353 0.4867, 0.4502 -0.3603 0.4867, 0.4507 -0.353 0.4868, 0.4272 -0.3665 0.4937, 0.4273 -0.3666 0.4937, 0.4398 -0.3792 0.4868, 0.4446 -0.3737 0.4867, 0.448 -0.3673 0.4867, 0.4325 -0.3568 0.4937, 0.4329 -0.353 0.4937, 0.4789 -0.353 0.4613, 0.4667 -0.353 0.4756, 0.4656 -0.3634 0.4756, 0.4626 -0.3733 0.4756, 0.4577 -0.3825 0.4756, 0.4328 -0.353 0.4937, 0.4792 -0.353 0.461, 0.44 -0.3793 0.4867, 0.4509 -0.3903 0.4758, 0.4511 -0.3905 0.4756, 0.4598 -0.3992 0.4613, 0.4792 0.3531 0.461, 0.4789 0.3531 0.4613, 0.4667 0.3531 0.4756, 0.4664 0.3531 0.4758, 0.4509 0.3531 0.4867, 0.4507 0.3531 0.4868, 0.4329 0.3531 0.4937, 0.4328 0.3531 0.4937, 0.3994 -0.46 0.461, 0.3992 -0.4598 0.4613, 0.3905 -0.4511 0.4756, 0.3903 -0.4509 0.4758, 0.3794 -0.44 0.4867, 0.3792 -0.4398 0.4868, 0.3666 -0.4272 0.4937, 0.3665 -0.4271 0.4937, 0.4325 0.3568 0.4937, 0.4314 0.3604 0.4937, 0.4682 0.3895 0.461, 0.4743 0.3781 0.461, 0.478 0.3659 0.461, 0.4509 0.3903 0.4758, 0.44 0.3794 0.4867, 0.4446 0.3737 0.4867, 0.4398 0.3792 0.4868, 0.4502 0.3603 0.4867, 0.448 0.3673 0.4867, 0.4296 0.3637 0.4937, 0.4273 0.3666 0.4937, 0.4598 0.3992 0.4613, 0.4511 0.3905 0.4756, 0.4577 0.3825 0.4756, 0.4626 0.3733 0.4756, 0.4656 0.3634 0.4756, 0.4272 0.3665 0.4937, 0.46 0.3994 0.461, 0.3568 -0.4325 0.4937, 0.3604 -0.4314 0.4937, 0.3895 -0.4682 0.461, 0.3782 -0.4742 0.461, 0.3659 -0.478 0.461, 0.3531 -0.4792 0.461, 0.3737 -0.4446 0.4867, 0.3531 -0.4327 0.4937, 0.3531 -0.4328 0.4937, 0.3531 -0.4506 0.4868, 0.3603 -0.4501 0.4867, 0.3673 -0.448 0.4867, 0.3637 -0.4296 0.4937, 0.3825 -0.4577 0.4756, 0.3733 -0.4626 0.4756, 0.3634 -0.4656 0.4756, 0.3531 -0.4508 0.4867, 0.3531 -0.4663 0.4758, 0.3531 -0.4666 0.4756, 0.3531 -0.4789 0.4613, 0.3994 0.46 0.461, 0.3992 0.4598 0.4613, 0.3905 0.4511 0.4756, 0.3903 0.4509 0.4758, 0.3794 0.44 0.4867, 0.3792 0.4398 0.4868, 0.3666 0.4272 0.4937, 0.3665 0.4272 0.4937, -0.353 -0.4792 0.461, -0.353 -0.4789 0.4613, -0.353 -0.4666 0.4756, -0.353 -0.4663 0.4758, -0.353 -0.4508 0.4867, -0.353 -0.4506 0.4868, -0.353 -0.4328 0.4937, -0.353 -0.4327 0.4937, 0.3637 0.4296 0.4937, 0.3604 0.4314 0.4937, 0.3659 0.478 0.461, 0.3782 0.4742 0.461, 0.3895 0.4682 0.461, 0.3531 0.4664 0.4758, 0.3531 0.4509 0.4867, 0.3603 0.4502 0.4867, 0.3531 0.4507 0.4868, 0.3737 0.4446 0.4867, 0.3673 0.448 0.4867, 0.3568 0.4325 0.4937, 0.3531 0.4329 0.4937, 0.3531 0.4789 0.4613, 0.3531 0.4666 0.4756, 0.3634 0.4656 0.4756, 0.3733 0.4626 0.4756, 0.3825 0.4577 0.4756, 0.3531 0.4327 0.4937, 0.3531 0.4792 0.461, -0.3637 -0.4296 0.4937, -0.3604 -0.4314 0.4937, -0.3658 -0.478 0.461, -0.3781 -0.4742 0.461, -0.3894 -0.4682 0.461, -0.3994 -0.46 0.461, -0.3603 -0.4501 0.4867, -0.3665 -0.4271 0.4937, -0.3666 -0.4272 0.4937, -0.3792 -0.4398 0.4868, -0.3737 -0.4446 0.4867, -0.3673 -0.448 0.4867, -0.3568 -0.4325 0.4937, -0.3634 -0.4656 0.4756, -0.3733 -0.4626 0.4756, -0.3825 -0.4577 0.4756, -0.3793 -0.44 0.4867, -0.3903 -0.4509 0.4758, -0.3905 -0.4511 0.4756, -0.3992 -0.4598 0.4613, -0.353 0.4792 0.461, -0.353 0.4789 0.4613, -0.353 0.4666 0.4756, -0.353 0.4664 0.4758, -0.353 0.4509 0.4867, -0.353 0.4507 0.4868, -0.353 0.4329 0.4937, -0.353 0.4327 0.4937, -0.46 -0.3994 0.461, -0.4598 -0.3992 0.4613, -0.4511 -0.3905 0.4756, -0.4509 -0.3903 0.4758, -0.44 -0.3793 0.4867, -0.4398 -0.3792 0.4868, -0.4272 -0.3666 0.4937, -0.4271 -0.3665 0.4937, -0.3568 0.4325 0.4937, -0.3604 0.4314 0.4937, -0.3894 0.4682 0.461, -0.3781 0.4742 0.461, -0.3658 0.478 0.461, -0.3903 0.4509 0.4758, -0.3793 0.44 0.4867, -0.3737 0.4446 0.4867, -0.3792 0.4398 0.4868, -0.3603 0.4502 0.4867, -0.3673 0.448 0.4867, -0.3637 0.4296 0.4937, -0.3666 0.4272 0.4937, -0.3992 0.4598 0.4613, -0.3905 0.4511 0.4756, -0.3825 0.4577 0.4756, -0.3733 0.4626 0.4756, -0.3634 0.4656 0.4756, -0.3665 0.4272 0.4937, -0.3994 0.46 0.461, -0.4325 -0.3568 0.4937, -0.4314 -0.3604 0.4937, -0.4682 -0.3895 0.461, -0.4742 -0.3781 0.461, -0.4779 -0.3658 0.461, -0.4792 -0.353 0.461, -0.4446 -0.3737 0.4867, -0.4327 -0.353 0.4937, -0.4328 -0.353 0.4937, -0.4506 -0.353 0.4868, -0.4501 -0.3603 0.4867, -0.448 -0.3673 0.4867, -0.4296 -0.3637 0.4937, -0.4577 -0.3825 0.4756, -0.4626 -0.3733 0.4756, -0.4656 -0.3634 0.4756, -0.4508 -0.353 0.4867, -0.4663 -0.353 0.4758, -0.4666 -0.353 0.4756, -0.4789 -0.353 0.4613, -0.46 0.3994 0.461, -0.4598 0.3992 0.4613, -0.4511 0.3905 0.4756, -0.4509 0.3903 0.4758, -0.44 0.3794 0.4867, -0.4398 0.3792 0.4868, -0.4272 0.3666 0.4937, -0.4271 0.3665 0.4937, -0.4792 0.3531 0.461, -0.4789 0.3531 0.4613, -0.4666 0.3531 0.4756, -0.4663 0.3531 0.4758, -0.4508 0.3531 0.4867, -0.4506 0.3531 0.4868, -0.4328 0.3531 0.4937, -0.4327 0.3531 0.4937, -0.4296 0.3637 0.4937, -0.4314 0.3604 0.4937, -0.4779 0.3659 0.461, -0.4742 0.3781 0.461, -0.4682 0.3895 0.461, -0.4501 0.3603 0.4867, -0.4446 0.3737 0.4867, -0.448 0.3673 0.4867, -0.4325 0.3568 0.4937, -0.4656 0.3634 0.4756, -0.4626 0.3733 0.4756, -0.4577 0.3825 0.4756
            ]
        }
        coordIndex [
            0,1,2,-1,3,0,4,-1,5,6,7,-1,4,0,8,-1,9,10,11,-1,11,10,12,-1,11,12,13,-1,2,5,0,-1,0,5,7,-1,0,7,8,-1,8,7,11,-1,8,11,14,-1,14,11,13,-1,15,4,16,-1,16,4,17,-1,15,18,4,-1,4,18,19,-1,4,19,3,-1,20,21,22,-1,22,21,23,-1,24,25,26,-1,26,25,27,-1,28,29,30,-1,30,29,31,-1,32,33,34,-1,34,33,35,-1,36,37,38,-1,38,37,39,-1,38,39,40,-1,40,39,41,-1,42,43,44,-1,44,43,45,-1,44,45,46,-1,46,45,47,-1,46,47,48,-1,48,47,49,-1,48,49,50,-1,50,49,51,-1,50,51,41,-1,41,51,52,-1,41,52,40,-1,53,54,37,-1,37,54,55,-1,54,56,55,-1,55,56,57,-1,55,57,58,-1,58,57,59,-1,60,61,57,-1,57,61,62,-1,57,62,59,-1,63,64,65,-1,37,66,53,-1,53,66,63,-1,53,63,67,-1,67,63,65,-1,38,68,36,-1,36,68,69,-1,70,71,72,-1,72,71,73,-1,72,73,74,-1,74,75,72,-1,72,75,76,-1,72,76,77,-1,77,36,72,-1,72,36,69,-1,72,69,78,-1,78,69,79,-1,78,79,80,-1,80,81,78,-1,78,81,82,-1,78,82,83,-1,84,43,85,-1,85,43,86,-1,85,86,87,-1,84,88,43,-1,43,88,89,-1,43,89,90,-1,87,91,85,-1,85,91,92,-1,85,92,93,-1,94,95,96,-1,90,97,43,-1,43,97,98,-1,43,98,99,-1,100,45,101,-1,101,45,43,-1,101,43,102,-1,102,43,99,-1,95,103,96,-1,96,103,104,-1,96,104,105,-1,93,106,85,-1,85,106,96,-1,85,96,107,-1,107,96,105,-1,108,109,110,-1,108,110,96,-1,96,110,111,-1,96,111,94,-1,112,113,114,-1,114,113,115,-1,114,115,116,-1,117,118,114,-1,114,118,119,-1,114,119,112,-1,116,54,114,-1,114,54,120,-1,114,120,121,-1,121,120,122,-1,123,124,125,-1,125,124,126,-1,125,126,127,-1,127,126,128,-1,129,130,131,-1,131,130,132,-1,131,132,133,-1,133,132,134,-1,135,136,137,-1,137,136,138,-1,137,138,139,-1,139,138,56,-1,140,141,142,-1,143,144,145,-1,145,144,146,-1,145,146,147,-1,148,149,150,-1,151,152,153,-1,154,155,156,-1,147,157,145,-1,145,157,158,-1,145,158,140,-1,140,158,159,-1,140,159,141,-1,142,160,140,-1,140,160,161,-1,140,161,162,-1,162,161,163,-1,162,163,164,-1,153,165,151,-1,151,165,166,-1,151,166,154,-1,154,166,167,-1,154,167,155,-1,164,168,162,-1,162,168,169,-1,162,169,148,-1,148,169,170,-1,148,170,149,-1,150,171,148,-1,148,171,172,-1,148,172,151,-1,151,172,173,-1,151,173,152,-1,156,174,154,-1,154,174,175,-1,154,175,176,-1,176,175,177,-1,176,177,178,-1,179,180,143,-1,143,180,181,-1,143,181,144,-1,178,182,176,-1,176,182,183,-1,176,183,143,-1,143,183,184,-1,143,184,179,-1,185,186,187,-1,187,186,188,-1,189,190,191,-1,191,190,192,-1,193,194,195,-1,195,194,196,-1,197,198,199,-1,199,198,200,-1,201,202,203,-1,203,202,204,-1,205,206,207,-1,207,206,208,-1,209,210,211,-1,211,210,212,-1,213,214,215,-1,215,214,216,-1,203,204,217,-1,217,204,218,-1,217,218,219,-1,219,218,220,-1,219,220,221,-1,221,220,222,-1,221,222,223,-1,223,222,224,-1,224,222,225,-1,224,225,226,-1,226,225,227,-1,226,227,228,-1,228,227,210,-1,228,210,209,-1,195,196,229,-1,229,196,230,-1,229,230,231,-1,231,230,232,-1,231,232,233,-1,233,232,234,-1,233,234,235,-1,235,234,236,-1,236,234,237,-1,236,237,238,-1,238,237,239,-1,238,239,240,-1,240,239,202,-1,240,202,201,-1,211,212,241,-1,241,212,242,-1,241,242,243,-1,243,242,244,-1,243,244,245,-1,245,244,246,-1,245,246,247,-1,247,246,248,-1,248,246,249,-1,248,249,250,-1,250,249,251,-1,250,251,252,-1,252,251,214,-1,252,214,213,-1,215,216,253,-1,253,216,254,-1,253,254,255,-1,255,254,256,-1,255,256,257,-1,257,256,258,-1,257,258,259,-1,259,258,260,-1,260,258,261,-1,260,261,262,-1,262,261,263,-1,262,263,264,-1,264,263,206,-1,264,206,205,-1,207,208,265,-1,265,208,266,-1,265,266,267,-1,267,266,268,-1,267,268,269,-1,269,268,270,-1,269,270,271,-1,271,270,272,-1,272,270,273,-1,272,273,274,-1,274,273,275,-1,274,275,276,-1,276,275,198,-1,276,198,197,-1,199,200,277,-1,277,200,278,-1,277,278,279,-1,279,278,280,-1,279,280,281,-1,281,280,282,-1,281,282,283,-1,283,282,284,-1,284,282,285,-1,284,285,286,-1,286,285,287,-1,286,287,288,-1,288,287,190,-1,288,190,189,-1,191,192,289,-1,289,192,290,-1,289,290,291,-1,291,290,292,-1,291,292,293,-1,293,292,294,-1,293,294,295,-1,295,294,296,-1,296,294,297,-1,296,297,298,-1,298,297,299,-1,298,299,300,-1,300,299,186,-1,300,186,185,-1,187,188,301,-1,301,188,302,-1,301,302,303,-1,303,302,304,-1,303,304,305,-1,305,304,306,-1,305,306,307,-1,307,306,308,-1,308,306,309,-1,308,309,310,-1,310,309,311,-1,310,311,312,-1,312,311,194,-1,312,194,193,-1,145,313,314,-1,290,315,292,-1,292,315,316,-1,292,316,294,-1,294,316,297,-1,297,316,317,-1,297,317,299,-1,299,317,318,-1,299,318,186,-1,319,320,321,-1,321,320,322,-1,145,323,313,-1,313,323,324,-1,313,324,325,-1,325,326,313,-1,313,326,327,-1,313,327,314,-1,314,327,321,-1,314,321,328,-1,328,321,322,-1,328,322,329,-1,330,331,332,-1,332,331,319,-1,319,321,332,-1,332,321,327,-1,332,327,333,-1,333,327,326,-1,333,326,334,-1,328,145,314,-1,329,335,328,-1,328,335,145,-1,290,192,315,-1,315,192,336,-1,315,336,330,-1,325,337,326,-1,326,337,338,-1,326,338,334,-1,334,338,339,-1,334,339,340,-1,330,332,315,-1,315,332,333,-1,315,333,316,-1,316,333,334,-1,316,334,317,-1,317,334,340,-1,317,340,318,-1,192,190,336,-1,336,190,341,-1,336,341,330,-1,330,341,342,-1,330,342,331,-1,331,342,343,-1,331,343,319,-1,319,343,344,-1,319,344,320,-1,320,344,345,-1,320,345,322,-1,322,345,346,-1,322,346,329,-1,329,346,347,-1,329,347,335,-1,347,348,335,-1,335,348,143,-1,335,143,145,-1,188,186,349,-1,349,186,318,-1,349,318,350,-1,350,318,340,-1,350,340,351,-1,351,340,339,-1,351,339,352,-1,352,339,338,-1,352,338,353,-1,353,338,337,-1,353,337,354,-1,354,337,325,-1,354,325,355,-1,355,325,324,-1,355,324,356,-1,324,323,356,-1,356,323,145,-1,356,145,140,-1,143,357,358,-1,278,359,280,-1,280,359,360,-1,280,360,282,-1,282,360,285,-1,285,360,361,-1,285,361,287,-1,287,361,341,-1,287,341,190,-1,362,363,364,-1,364,363,365,-1,143,348,357,-1,357,348,347,-1,357,347,346,-1,346,366,357,-1,357,366,367,-1,357,367,358,-1,358,367,364,-1,358,364,368,-1,368,364,365,-1,368,365,369,-1,370,371,372,-1,372,371,362,-1,362,364,372,-1,372,364,367,-1,372,367,373,-1,373,367,366,-1,373,366,374,-1,368,143,358,-1,369,375,368,-1,368,375,143,-1,278,200,359,-1,359,200,376,-1,359,376,370,-1,346,345,366,-1,366,345,344,-1,366,344,374,-1,374,344,343,-1,374,343,342,-1,370,372,359,-1,359,372,373,-1,359,373,360,-1,360,373,374,-1,360,374,361,-1,361,374,342,-1,361,342,341,-1,140,377,378,-1,302,379,304,-1,304,379,380,-1,304,380,306,-1,306,380,309,-1,309,380,381,-1,309,381,311,-1,311,381,382,-1,311,382,194,-1,352,353,383,-1,383,353,354,-1,140,384,377,-1,377,384,385,-1,377,385,386,-1,386,387,377,-1,377,387,388,-1,377,388,378,-1,378,388,383,-1,378,383,389,-1,389,383,354,-1,389,354,355,-1,350,351,390,-1,390,351,352,-1,352,383,390,-1,390,383,388,-1,390,388,391,-1,391,388,387,-1,391,387,392,-1,389,140,378,-1,355,356,389,-1,389,356,140,-1,302,188,379,-1,379,188,349,-1,379,349,350,-1,386,393,387,-1,387,393,394,-1,387,394,392,-1,392,394,395,-1,392,395,396,-1,350,390,379,-1,379,390,391,-1,379,391,380,-1,380,391,392,-1,380,392,381,-1,381,392,396,-1,381,396,382,-1,200,198,376,-1,376,198,397,-1,376,397,370,-1,370,397,398,-1,370,398,371,-1,371,398,399,-1,371,399,362,-1,362,399,400,-1,362,400,363,-1,363,400,401,-1,363,401,365,-1,365,401,402,-1,365,402,369,-1,369,402,403,-1,369,403,375,-1,403,404,375,-1,375,404,176,-1,375,176,143,-1,196,194,405,-1,405,194,382,-1,405,382,406,-1,406,382,396,-1,406,396,407,-1,407,396,395,-1,407,395,408,-1,408,395,394,-1,408,394,409,-1,409,394,393,-1,409,393,410,-1,410,393,386,-1,410,386,411,-1,411,386,385,-1,411,385,412,-1,385,384,412,-1,412,384,140,-1,412,140,162,-1,176,413,414,-1,266,415,268,-1,268,415,416,-1,268,416,270,-1,270,416,273,-1,273,416,417,-1,273,417,275,-1,275,417,397,-1,275,397,198,-1,418,419,420,-1,420,419,421,-1,176,404,413,-1,413,404,403,-1,413,403,402,-1,402,422,413,-1,413,422,423,-1,413,423,414,-1,414,423,420,-1,414,420,424,-1,424,420,421,-1,424,421,425,-1,426,427,428,-1,428,427,418,-1,418,420,428,-1,428,420,423,-1,428,423,429,-1,429,423,422,-1,429,422,430,-1,424,176,414,-1,425,431,424,-1,424,431,176,-1,266,208,415,-1,415,208,432,-1,415,432,426,-1,402,401,422,-1,422,401,400,-1,422,400,430,-1,430,400,399,-1,430,399,398,-1,426,428,415,-1,415,428,429,-1,415,429,416,-1,416,429,430,-1,416,430,417,-1,417,430,398,-1,417,398,397,-1,162,433,434,-1,230,435,232,-1,232,435,436,-1,232,436,234,-1,234,436,237,-1,237,436,437,-1,237,437,239,-1,239,437,438,-1,239,438,202,-1,408,409,439,-1,439,409,410,-1,162,440,433,-1,433,440,441,-1,433,441,442,-1,442,443,433,-1,433,443,444,-1,433,444,434,-1,434,444,439,-1,434,439,445,-1,445,439,410,-1,445,410,411,-1,406,407,446,-1,446,407,408,-1,408,439,446,-1,446,439,444,-1,446,444,447,-1,447,444,443,-1,447,443,448,-1,445,162,434,-1,411,412,445,-1,445,412,162,-1,230,196,435,-1,435,196,405,-1,435,405,406,-1,442,449,443,-1,443,449,450,-1,443,450,448,-1,448,450,451,-1,448,451,452,-1,406,446,435,-1,435,446,447,-1,435,447,436,-1,436,447,448,-1,436,448,437,-1,437,448,452,-1,437,452,438,-1,208,206,432,-1,432,206,453,-1,432,453,426,-1,426,453,454,-1,426,454,427,-1,427,454,455,-1,427,455,418,-1,418,455,456,-1,418,456,419,-1,419,456,457,-1,419,457,421,-1,421,457,458,-1,421,458,425,-1,425,458,459,-1,425,459,431,-1,459,460,431,-1,431,460,154,-1,431,154,176,-1,204,202,461,-1,461,202,438,-1,461,438,462,-1,462,438,452,-1,462,452,463,-1,463,452,451,-1,463,451,464,-1,464,451,450,-1,464,450,465,-1,465,450,449,-1,465,449,466,-1,466,449,442,-1,466,442,467,-1,467,442,441,-1,467,441,468,-1,441,440,468,-1,468,440,162,-1,468,162,148,-1,154,469,470,-1,254,471,256,-1,256,471,472,-1,256,472,258,-1,258,472,261,-1,261,472,473,-1,261,473,263,-1,263,473,453,-1,263,453,206,-1,474,475,476,-1,476,475,477,-1,154,460,469,-1,469,460,459,-1,469,459,458,-1,458,478,469,-1,469,478,479,-1,469,479,470,-1,470,479,476,-1,470,476,480,-1,480,476,477,-1,480,477,481,-1,482,483,484,-1,484,483,474,-1,474,476,484,-1,484,476,479,-1,484,479,485,-1,485,479,478,-1,485,478,486,-1,480,154,470,-1,481,487,480,-1,480,487,154,-1,254,216,471,-1,471,216,488,-1,471,488,482,-1,458,457,478,-1,478,457,456,-1,478,456,486,-1,486,456,455,-1,486,455,454,-1,482,484,471,-1,471,484,485,-1,471,485,472,-1,472,485,486,-1,472,486,473,-1,473,486,454,-1,473,454,453,-1,148,489,490,-1,218,491,220,-1,220,491,492,-1,220,492,222,-1,222,492,225,-1,225,492,493,-1,225,493,227,-1,227,493,494,-1,227,494,210,-1,464,465,495,-1,495,465,466,-1,148,496,489,-1,489,496,497,-1,489,497,498,-1,498,499,489,-1,489,499,500,-1,489,500,490,-1,490,500,495,-1,490,495,501,-1,501,495,466,-1,501,466,467,-1,462,463,502,-1,502,463,464,-1,464,495,502,-1,502,495,500,-1,502,500,503,-1,503,500,499,-1,503,499,504,-1,501,148,490,-1,467,468,501,-1,501,468,148,-1,218,204,491,-1,491,204,461,-1,491,461,462,-1,498,505,499,-1,499,505,506,-1,499,506,504,-1,504,506,507,-1,504,507,508,-1,462,502,491,-1,491,502,503,-1,491,503,492,-1,492,503,504,-1,492,504,493,-1,493,504,508,-1,493,508,494,-1,216,214,488,-1,488,214,509,-1,488,509,482,-1,482,509,510,-1,482,510,483,-1,483,510,511,-1,483,511,474,-1,474,511,512,-1,474,512,475,-1,475,512,513,-1,475,513,477,-1,477,513,514,-1,477,514,481,-1,481,514,515,-1,481,515,487,-1,515,516,487,-1,487,516,151,-1,487,151,154,-1,212,210,517,-1,517,210,494,-1,517,494,518,-1,518,494,508,-1,518,508,519,-1,519,508,507,-1,519,507,520,-1,520,507,506,-1,520,506,521,-1,521,506,505,-1,521,505,522,-1,522,505,498,-1,522,498,523,-1,523,498,497,-1,523,497,524,-1,497,496,524,-1,524,496,148,-1,524,148,151,-1,151,525,526,-1,242,527,244,-1,244,527,528,-1,244,528,246,-1,246,528,249,-1,249,528,529,-1,249,529,251,-1,251,529,509,-1,251,509,214,-1,520,521,530,-1,530,521,522,-1,151,516,525,-1,525,516,515,-1,525,515,514,-1,514,531,525,-1,525,531,532,-1,525,532,526,-1,526,532,530,-1,526,530,533,-1,533,530,522,-1,533,522,523,-1,518,519,534,-1,534,519,520,-1,520,530,534,-1,534,530,532,-1,534,532,535,-1,535,532,531,-1,535,531,536,-1,533,151,526,-1,523,524,533,-1,533,524,151,-1,242,212,527,-1,527,212,517,-1,527,517,518,-1,514,513,531,-1,531,513,512,-1,531,512,536,-1,536,512,511,-1,536,511,510,-1,518,534,527,-1,527,534,535,-1,527,535,528,-1,528,535,536,-1,528,536,529,-1,529,536,510,-1,529,510,509,-1,
        ]
    }
}
Shape{
    appearance Appearance {
        material  Material 	{
            diffuseColor 0.25098039215686274 0.25098039215686274 0.25098039215686274
            specularColor 0.12549019607843137 0.12549019607843137 0.12549019607843137
            ambientIntensity 0.251
            transparency 0.0
            shininess 0.5
        }
    }
    geometry IndexedFaceSet {
        ccw TRUE
        solid FALSE
        coord DEF co Coordinate {
            point [
                -0.4137 0.3531 0.437, -0.3334 0.0284 0.437, -0.3334 -0.0284 0.437, -0.4137 -0.353 0.437, -0.3238 -0.0843 0.437, -0.3049 -0.1378 0.437, -0.353 -0.4137 0.437, -0.1506 -0.2988 0.437, -0.098 -0.32 0.437, 0.4137 -0.353 0.437, 0.2922 -0.1632 0.437, 0.3155 -0.1115 0.437, -0.2772 0.1874 0.437, -0.3049 0.1379 0.437, -0.3238 0.0843 0.437, -0.2772 -0.1874 0.437, -0.2416 -0.2315 0.437, -0.199 -0.269 0.437, -0.0425 -0.3319 0.437, 0.0142 -0.3343 0.437, 0.3531 -0.4137 0.437, 0.0705 -0.3271 0.437, 0.1248 -0.3105 0.437, 0.1755 -0.285 0.437, 0.2211 -0.2512 0.437, 0.2604 -0.2102 0.437, 0.3531 0.4137 0.437, 0.1755 0.285 0.437, 0.1248 0.3105 0.437, 0.3299 -0.0565 0.437, 0.3347 0.0 0.437, 0.4137 0.3531 0.437, 0.3299 0.0566 0.437, 0.3155 0.1115 0.437, 0.2922 0.1632 0.437, 0.2604 0.2102 0.437, 0.2211 0.2512 0.437, 0.0705 0.3271 0.437, 0.0142 0.3344 0.437, -0.353 0.4137 0.437, -0.0425 0.3319 0.437, -0.098 0.32 0.437, -0.1506 0.2988 0.437, -0.199 0.2691 0.437, -0.2416 0.2316 0.437, -0.3564 0.4171 0.4364, -0.417 0.3564 0.4364, -0.3564 0.4171 0.4364, -0.4171 0.3565 0.4364, -0.3596 0.4202 0.4347, -0.4202 0.3596 0.4347, -0.3596 0.4203 0.4347, -0.4202 0.3596 0.4347, -0.3623 0.423 0.4319, -0.423 0.3624 0.4319, -0.3624 0.4231 0.4319, -0.423 0.3624 0.4319, -0.3646 0.4252 0.4283, -0.4252 0.3646 0.4283, -0.3646 0.4253 0.4282, -0.4253 0.3647 0.4282, -0.3661 0.4268 0.4241, -0.4267 0.3661 0.4241, -0.3578 0.4314 0.4245, -0.3566 0.4316 0.4244, -0.3562 0.4298 0.4282, -0.353 0.4322 0.4241, -0.3622 0.4296 0.4245, -0.36 0.4305 0.4245, -0.3593 0.4288 0.4282, -0.3621 0.4273 0.4282, -0.3632 0.4289 0.4244, -0.3604 0.4247 0.4319, -0.353 0.4301 0.4282, -0.353 0.43 0.4283, -0.3556 0.4267 0.4319, -0.3582 0.4214 0.4347, -0.353 0.4269 0.4319, -0.353 0.4269 0.4319, -0.3548 0.4228 0.4347, -0.3557 0.4177 0.4364, -0.353 0.4185 0.4364, -0.354 0.4184 0.4364, -0.353 0.4229 0.4347, -0.353 0.423 0.4347, -0.3581 0.4259 0.4319, -0.3566 0.4223 0.4347, -0.3549 0.4181 0.4364, -0.353 0.4185 0.4364, 0.3531 0.4185 0.4364, 0.3531 0.4185 0.4364, 0.3531 0.4229 0.4347, 0.3531 0.423 0.4347, 0.3531 0.4269 0.4319, 0.3531 0.4269 0.4319, 0.3531 0.43 0.4283, 0.3531 0.4301 0.4282, 0.3531 0.4322 0.4241, 0.3623 0.4296 0.4245, 0.3632 0.4289 0.4244, 0.3622 0.4273 0.4282, 0.3662 0.4268 0.4241, 0.3578 0.4314 0.4245, 0.36 0.4305 0.4245, 0.3593 0.4288 0.4282, 0.3563 0.4298 0.4282, 0.3566 0.4316 0.4244, 0.3557 0.4267 0.4319, 0.3647 0.4253 0.4282, 0.3646 0.4252 0.4283, 0.3604 0.4247 0.4319, 0.3549 0.4228 0.4347, 0.3624 0.4231 0.4319, 0.3624 0.423 0.4319, 0.3582 0.4214 0.4347, 0.354 0.4184 0.4364, 0.3565 0.4171 0.4364, 0.3557 0.4177 0.4364, 0.3596 0.4202 0.4347, 0.3596 0.4203 0.4347, 0.3581 0.4259 0.4319, 0.3566 0.4223 0.4347, 0.3549 0.4181 0.4364, 0.3564 0.4171 0.4364, 0.4171 0.3564 0.4364, 0.4171 0.3565 0.4364, 0.4202 0.3596 0.4347, 0.4203 0.3596 0.4347, 0.423 0.3624 0.4319, 0.4231 0.3624 0.4319, 0.4252 0.3646 0.4283, 0.4253 0.3647 0.4282, 0.4268 0.3661 0.4241, 0.4314 0.3578 0.4245, 0.4316 0.3566 0.4244, 0.4298 0.3563 0.4282, 0.4322 0.3531 0.4241, 0.4296 0.3622 0.4245, 0.4305 0.36 0.4245, 0.4288 0.3593 0.4282, 0.4273 0.3622 0.4282, 0.4289 0.3632 0.4244, 0.4247 0.3604 0.4319, 0.4301 0.3531 0.4282, 0.43 0.3531 0.4283, 0.4267 0.3556 0.4319, 0.4214 0.3582 0.4347, 0.4269 0.3531 0.4319, 0.4269 0.3531 0.4319, 0.4228 0.3549 0.4347, 0.4177 0.3557 0.4364, 0.4185 0.3531 0.4364, 0.4184 0.354 0.4364, 0.4229 0.3531 0.4347, 0.423 0.3531 0.4347, 0.4259 0.3581 0.4319, 0.4223 0.3566 0.4347, 0.4181 0.3549 0.4364, 0.4185 0.3531 0.4364
            ]
        }
        coordIndex [
            0,1,2,-1,0,2,3,-1,3,2,4,-1,3,4,5,-1,6,7,8,-1,9,10,11,-1,12,13,0,-1,0,13,14,-1,0,14,1,-1,5,15,3,-1,3,15,16,-1,3,16,6,-1,6,16,17,-1,6,17,7,-1,8,18,6,-1,6,18,19,-1,6,19,20,-1,20,19,21,-1,20,21,22,-1,22,23,20,-1,20,23,24,-1,20,24,9,-1,9,24,25,-1,9,25,10,-1,26,27,28,-1,11,29,9,-1,9,29,30,-1,9,30,31,-1,31,30,32,-1,31,32,33,-1,33,34,31,-1,31,34,35,-1,31,35,26,-1,26,35,36,-1,26,36,27,-1,28,37,26,-1,26,37,38,-1,26,38,39,-1,39,38,40,-1,39,40,41,-1,41,42,39,-1,39,42,43,-1,39,43,0,-1,0,43,44,-1,0,44,12,-1,39,0,45,-1,45,0,46,-1,45,46,47,-1,47,46,48,-1,47,48,49,-1,49,48,50,-1,49,50,51,-1,51,50,52,-1,51,52,53,-1,53,52,54,-1,53,54,55,-1,55,54,56,-1,55,56,57,-1,57,56,58,-1,57,58,59,-1,59,58,60,-1,59,60,61,-1,61,60,62,-1,63,64,65,-1,65,64,66,-1,67,68,69,-1,69,68,63,-1,70,71,67,-1,61,71,59,-1,59,71,70,-1,59,70,57,-1,57,70,72,-1,66,73,65,-1,65,73,74,-1,65,74,75,-1,76,53,72,-1,72,53,55,-1,72,55,57,-1,74,77,75,-1,75,77,78,-1,75,78,79,-1,80,49,76,-1,76,49,51,-1,76,51,53,-1,81,82,83,-1,83,82,79,-1,83,79,84,-1,84,79,78,-1,39,45,80,-1,80,45,47,-1,80,47,49,-1,67,69,70,-1,70,69,85,-1,70,85,72,-1,72,85,86,-1,72,86,76,-1,76,86,87,-1,76,87,80,-1,80,87,39,-1,63,65,69,-1,69,65,75,-1,69,75,85,-1,85,75,79,-1,85,79,86,-1,86,79,82,-1,86,82,87,-1,87,82,39,-1,81,88,82,-1,82,88,39,-1,26,39,89,-1,89,39,88,-1,89,88,90,-1,90,88,81,-1,90,81,91,-1,91,81,83,-1,91,83,92,-1,92,83,84,-1,92,84,93,-1,93,84,78,-1,93,78,94,-1,94,78,77,-1,94,77,95,-1,95,77,74,-1,95,74,96,-1,96,74,73,-1,96,73,97,-1,97,73,66,-1,98,99,100,-1,100,99,101,-1,102,103,104,-1,104,103,98,-1,105,106,102,-1,97,106,96,-1,96,106,105,-1,96,105,95,-1,95,105,107,-1,101,108,100,-1,100,108,109,-1,100,109,110,-1,111,93,107,-1,107,93,94,-1,107,94,95,-1,109,112,110,-1,110,112,113,-1,110,113,114,-1,115,91,111,-1,111,91,92,-1,111,92,93,-1,116,117,118,-1,118,117,114,-1,118,114,119,-1,119,114,113,-1,26,89,115,-1,115,89,90,-1,115,90,91,-1,102,104,105,-1,105,104,120,-1,105,120,107,-1,107,120,121,-1,107,121,111,-1,111,121,122,-1,111,122,115,-1,115,122,26,-1,98,100,104,-1,104,100,110,-1,104,110,120,-1,120,110,114,-1,120,114,121,-1,121,114,117,-1,121,117,122,-1,122,117,26,-1,116,123,117,-1,117,123,26,-1,31,26,124,-1,124,26,123,-1,124,123,125,-1,125,123,116,-1,125,116,126,-1,126,116,118,-1,126,118,127,-1,127,118,119,-1,127,119,128,-1,128,119,113,-1,128,113,129,-1,129,113,112,-1,129,112,130,-1,130,112,109,-1,130,109,131,-1,131,109,108,-1,131,108,132,-1,132,108,101,-1,133,134,135,-1,135,134,136,-1,137,138,139,-1,139,138,133,-1,140,141,137,-1,132,141,131,-1,131,141,140,-1,131,140,130,-1,130,140,142,-1,136,143,135,-1,135,143,144,-1,135,144,145,-1,146,128,142,-1,142,128,129,-1,142,129,130,-1,144,147,145,-1,145,147,148,-1,145,148,149,-1,150,126,146,-1,146,126,127,-1,146,127,128,-1,151,152,153,-1,153,152,149,-1,153,149,154,-1,154,149,148,-1,31,124,150,-1,150,124,125,-1,150,125,126,-1,137,139,140,-1,140,139,155,-1,140,155,142,-1,142,155,156,-1,142,156,146,-1,146,156,157,-1,146,157,150,-1,150,157,31,-1,133,135,139,-1,139,135,145,-1,139,145,155,-1,155,145,149,-1,155,149,156,-1,156,149,152,-1,156,152,157,-1,157,152,31,-1,151,158,152,-1,152,158,31,-1,
        ]
    }
}
Shape{
    appearance Appearance {
        material  Material 	{
            diffuseColor 0.5019607843137255 0.25098039215686274 0.25098039215686274
            specularColor 0.44313725490196076 0.2196078431372549 0.2196078431372549
            ambientIntensity 0.326
            transparency 0.0
            shininess 0.5
        }
    }
    geometry IndexedFaceSet {
        ccw TRUE
        solid FALSE
        coord DEF co Coordinate {
            point [
                0.4137 -0.353 0.437, 0.4137 0.3531 0.437, 0.4185 -0.353 0.4364, 0.4185 0.3531 0.4364, 0.4185 -0.353 0.4364, 0.4185 0.3531 0.4364, 0.4229 -0.353 0.4347, 0.4229 0.3531 0.4347, 0.423 -0.353 0.4347, 0.423 0.3531 0.4347, 0.4269 -0.353 0.4319, 0.4269 0.3531 0.4319, 0.4269 -0.353 0.4319, 0.4269 0.3531 0.4319, 0.43 -0.353 0.4283, 0.43 0.3531 0.4283, 0.4301 -0.353 0.4282, 0.4301 0.3531 0.4282, 0.4322 -0.353 0.4241, 0.4322 0.3531 0.4241, 0.4296 -0.3622 0.4245, 0.4289 -0.3632 0.4244, 0.4273 -0.3621 0.4282, 0.4268 -0.3661 0.4241, 0.4314 -0.3578 0.4245, 0.4305 -0.36 0.4245, 0.4288 -0.3593 0.4282, 0.4298 -0.3562 0.4282, 0.4316 -0.3566 0.4244, 0.4267 -0.3556 0.4319, 0.4253 -0.3646 0.4282, 0.4252 -0.3646 0.4283, 0.4247 -0.3604 0.4319, 0.4228 -0.3549 0.4347, 0.4231 -0.3624 0.4319, 0.423 -0.3624 0.4319, 0.4214 -0.3582 0.4347, 0.4184 -0.354 0.4364, 0.4171 -0.3564 0.4364, 0.4177 -0.3557 0.4364, 0.4202 -0.3596 0.4347, 0.4203 -0.3596 0.4347, 0.4259 -0.3581 0.4319, 0.4223 -0.3566 0.4347, 0.4181 -0.3549 0.4364, 0.4171 -0.3564 0.4364, 0.3531 -0.4137 0.437, 0.3564 -0.417 0.4364, 0.3565 -0.4171 0.4364, 0.3596 -0.4202 0.4347, 0.3596 -0.4202 0.4347, 0.3624 -0.423 0.4319, 0.3624 -0.423 0.4319, 0.3646 -0.4252 0.4283, 0.3647 -0.4253 0.4282, 0.3662 -0.4268 0.4241, 0.3578 -0.4314 0.4245, 0.3566 -0.4316 0.4244, 0.3563 -0.4297 0.4282, 0.3531 -0.4322 0.4241, 0.3623 -0.4296 0.4245, 0.36 -0.4305 0.4245, 0.3593 -0.4288 0.4282, 0.3622 -0.4273 0.4282, 0.3632 -0.4289 0.4244, 0.3604 -0.4247 0.4319, 0.3531 -0.4301 0.4282, 0.3531 -0.43 0.4283, 0.3557 -0.4267 0.4319, 0.3582 -0.4214 0.4347, 0.3531 -0.4269 0.4319, 0.3531 -0.4268 0.4319, 0.3549 -0.4228 0.4347, 0.3557 -0.4177 0.4364, 0.3531 -0.4185 0.4364, 0.354 -0.4184 0.4364, 0.3531 -0.4229 0.4347, 0.3531 -0.423 0.4347, 0.3581 -0.4259 0.4319, 0.3566 -0.4223 0.4347, 0.3549 -0.4181 0.4364, 0.3531 -0.4184 0.4364, -0.353 -0.4322 0.4241, -0.353 -0.4301 0.4282, -0.353 -0.43 0.4283, -0.353 -0.4269 0.4319, -0.353 -0.4268 0.4319, -0.353 -0.423 0.4347, -0.353 -0.4229 0.4347, -0.353 -0.4185 0.4364, -0.353 -0.4184 0.4364, -0.353 -0.4137 0.437, -0.3578 -0.4314 0.4245, -0.3578 -0.4314 0.4245, -0.3573 -0.4295 0.4282, -0.3622 -0.4296 0.4245, -0.3661 -0.4268 0.4241, -0.3646 -0.4253 0.4282, -0.3622 -0.4296 0.4245, -0.3612 -0.4279 0.4282, -0.3565 -0.4265 0.4319, -0.3646 -0.4252 0.4283, -0.3597 -0.4251 0.4319, -0.3554 -0.4227 0.4347, -0.3624 -0.423 0.4319, -0.3623 -0.423 0.4319, -0.3577 -0.4217 0.4347, -0.3543 -0.4183 0.4364, -0.3564 -0.4171 0.4364, -0.3554 -0.4178 0.4364, -0.3596 -0.4202 0.4347, -0.3596 -0.4202 0.4347, -0.3564 -0.417 0.4364, -0.4137 -0.353 0.437, -0.417 -0.3564 0.4364, -0.4171 -0.3564 0.4364, -0.4202 -0.3596 0.4347, -0.4202 -0.3596 0.4347, -0.423 -0.3624 0.4319, -0.423 -0.3624 0.4319, -0.4252 -0.3646 0.4283, -0.4253 -0.3646 0.4282, -0.4267 -0.3661 0.4241, -0.4314 -0.3578 0.4245, -0.4316 -0.3566 0.4244, -0.4297 -0.3562 0.4282, -0.4322 -0.353 0.4241, -0.4295 -0.3622 0.4245, -0.4305 -0.36 0.4245, -0.4288 -0.3593 0.4282, -0.4273 -0.3621 0.4282, -0.4289 -0.3632 0.4244, -0.4247 -0.3604 0.4319, -0.4301 -0.353 0.4282, -0.43 -0.353 0.4283, -0.4266 -0.3556 0.4319, -0.4214 -0.3582 0.4347, -0.4269 -0.353 0.4319, -0.4268 -0.353 0.4319, -0.4228 -0.3549 0.4347, -0.4177 -0.3557 0.4364, -0.4185 -0.353 0.4364, -0.4184 -0.354 0.4364, -0.4229 -0.353 0.4347, -0.423 -0.353 0.4347, -0.4259 -0.3581 0.4319, -0.4223 -0.3566 0.4347, -0.4181 -0.3549 0.4364, -0.4184 -0.353 0.4364, -0.4322 0.3531 0.4241, -0.4301 0.3531 0.4282, -0.43 0.3531 0.4283, -0.4269 0.3531 0.4319, -0.4268 0.3531 0.4319, -0.423 0.3531 0.4347, -0.4229 0.3531 0.4347, -0.4185 0.3531 0.4364, -0.4184 0.3531 0.4364, -0.4137 0.3531 0.437, -0.4295 0.3622 0.4245, -0.4289 0.3632 0.4244, -0.4273 0.3622 0.4282, -0.4267 0.3661 0.4241, -0.4314 0.3578 0.4245, -0.4305 0.36 0.4245, -0.4288 0.3593 0.4282, -0.4297 0.3563 0.4282, -0.4316 0.3566 0.4244, -0.4266 0.3556 0.4319, -0.4253 0.3647 0.4282, -0.4252 0.3646 0.4283, -0.4247 0.3604 0.4319, -0.4228 0.3549 0.4347, -0.423 0.3624 0.4319, -0.423 0.3624 0.4319, -0.4214 0.3582 0.4347, -0.4184 0.354 0.4364, -0.4171 0.3565 0.4364, -0.4177 0.3557 0.4364, -0.4202 0.3596 0.4347, -0.4202 0.3596 0.4347, -0.4259 0.3581 0.4319, -0.4223 0.3566 0.4347, -0.4181 0.3549 0.4364, -0.417 0.3564 0.4364, -0.4473 0.3747 0.3675, -0.3661 0.4268 0.4241, -0.3746 0.4473 0.3675, -0.3578 0.4314 0.4245, -0.364 0.4528 0.3671, -0.3628 0.4528 0.3674, -0.3566 0.4316 0.4244, -0.3616 0.4528 0.3675, -0.353 0.4322 0.4241, -0.3622 0.4296 0.4245, -0.3711 0.4509 0.3658, -0.36 0.4305 0.4245, -0.3692 0.4528 0.3637, -0.3666 0.4528 0.3658, -0.3632 0.4289 0.4244, -0.3738 0.4482 0.3674, -0.3729 0.4491 0.3671
            ]
        }
        coordIndex [
            0,1,2,-1,2,1,3,-1,2,3,4,-1,4,3,5,-1,4,5,6,-1,6,5,7,-1,6,7,8,-1,8,7,9,-1,8,9,10,-1,10,9,11,-1,10,11,12,-1,12,11,13,-1,12,13,14,-1,14,13,15,-1,14,15,16,-1,16,15,17,-1,16,17,18,-1,18,17,19,-1,20,21,22,-1,22,21,23,-1,24,25,26,-1,26,25,20,-1,27,28,24,-1,18,28,16,-1,16,28,27,-1,16,27,14,-1,14,27,29,-1,23,30,22,-1,22,30,31,-1,22,31,32,-1,33,10,29,-1,29,10,12,-1,29,12,14,-1,31,34,32,-1,32,34,35,-1,32,35,36,-1,37,6,33,-1,33,6,8,-1,33,8,10,-1,38,39,40,-1,40,39,36,-1,40,36,41,-1,41,36,35,-1,0,2,37,-1,37,2,4,-1,37,4,6,-1,24,26,27,-1,27,26,42,-1,27,42,29,-1,29,42,43,-1,29,43,33,-1,33,43,44,-1,33,44,37,-1,37,44,0,-1,20,22,26,-1,26,22,32,-1,26,32,42,-1,42,32,36,-1,42,36,43,-1,43,36,39,-1,43,39,44,-1,44,39,0,-1,38,45,39,-1,39,45,0,-1,46,0,47,-1,47,0,45,-1,47,45,48,-1,48,45,38,-1,48,38,49,-1,49,38,40,-1,49,40,50,-1,50,40,41,-1,50,41,51,-1,51,41,35,-1,51,35,52,-1,52,35,34,-1,52,34,53,-1,53,34,31,-1,53,31,54,-1,54,31,30,-1,54,30,55,-1,55,30,23,-1,56,57,58,-1,58,57,59,-1,60,61,62,-1,62,61,56,-1,63,64,60,-1,55,64,54,-1,54,64,63,-1,54,63,53,-1,53,63,65,-1,59,66,58,-1,58,66,67,-1,58,67,68,-1,69,51,65,-1,65,51,52,-1,65,52,53,-1,67,70,68,-1,68,70,71,-1,68,71,72,-1,73,49,69,-1,69,49,50,-1,69,50,51,-1,74,75,76,-1,76,75,72,-1,76,72,77,-1,77,72,71,-1,46,47,73,-1,73,47,48,-1,73,48,49,-1,60,62,63,-1,63,62,78,-1,63,78,65,-1,65,78,79,-1,65,79,69,-1,69,79,80,-1,69,80,73,-1,73,80,46,-1,56,58,62,-1,62,58,68,-1,62,68,78,-1,78,68,72,-1,78,72,79,-1,79,72,75,-1,79,75,80,-1,80,75,46,-1,74,81,75,-1,75,81,46,-1,59,82,66,-1,66,82,83,-1,66,83,67,-1,67,83,84,-1,67,84,70,-1,70,84,85,-1,70,85,71,-1,71,85,86,-1,71,86,77,-1,77,86,87,-1,77,87,76,-1,76,87,88,-1,76,88,74,-1,74,88,89,-1,74,89,81,-1,81,89,90,-1,81,90,46,-1,46,90,91,-1,92,93,94,-1,95,96,97,-1,93,98,99,-1,99,98,95,-1,82,92,83,-1,83,92,94,-1,83,94,84,-1,84,94,100,-1,95,97,99,-1,99,97,101,-1,99,101,102,-1,103,86,100,-1,100,86,85,-1,100,85,84,-1,101,104,102,-1,102,104,105,-1,102,105,106,-1,107,88,103,-1,103,88,87,-1,103,87,86,-1,108,109,110,-1,110,109,106,-1,110,106,111,-1,111,106,105,-1,91,90,107,-1,107,90,89,-1,107,89,88,-1,93,99,94,-1,94,99,102,-1,94,102,100,-1,100,102,106,-1,100,106,103,-1,103,106,109,-1,103,109,107,-1,107,109,91,-1,108,112,109,-1,109,112,91,-1,113,91,114,-1,114,91,112,-1,114,112,115,-1,115,112,108,-1,115,108,116,-1,116,108,110,-1,116,110,117,-1,117,110,111,-1,117,111,118,-1,118,111,105,-1,118,105,119,-1,119,105,104,-1,119,104,120,-1,120,104,101,-1,120,101,121,-1,121,101,97,-1,121,97,122,-1,122,97,96,-1,123,124,125,-1,125,124,126,-1,127,128,129,-1,129,128,123,-1,130,131,127,-1,122,131,121,-1,121,131,130,-1,121,130,120,-1,120,130,132,-1,126,133,125,-1,125,133,134,-1,125,134,135,-1,136,118,132,-1,132,118,119,-1,132,119,120,-1,134,137,135,-1,135,137,138,-1,135,138,139,-1,140,116,136,-1,136,116,117,-1,136,117,118,-1,141,142,143,-1,143,142,139,-1,143,139,144,-1,144,139,138,-1,113,114,140,-1,140,114,115,-1,140,115,116,-1,127,129,130,-1,130,129,145,-1,130,145,132,-1,132,145,146,-1,132,146,136,-1,136,146,147,-1,136,147,140,-1,140,147,113,-1,123,125,129,-1,129,125,135,-1,129,135,145,-1,145,135,139,-1,145,139,146,-1,146,139,142,-1,146,142,147,-1,147,142,113,-1,141,148,142,-1,142,148,113,-1,126,149,133,-1,133,149,150,-1,133,150,134,-1,134,150,151,-1,134,151,137,-1,137,151,152,-1,137,152,138,-1,138,152,153,-1,138,153,144,-1,144,153,154,-1,144,154,143,-1,143,154,155,-1,143,155,141,-1,141,155,156,-1,141,156,148,-1,148,156,157,-1,148,157,113,-1,113,157,158,-1,159,160,161,-1,161,160,162,-1,163,164,165,-1,165,164,159,-1,166,167,163,-1,149,167,150,-1,150,167,166,-1,150,166,151,-1,151,166,168,-1,162,169,161,-1,161,169,170,-1,161,170,171,-1,172,153,168,-1,168,153,152,-1,168,152,151,-1,170,173,171,-1,171,173,174,-1,171,174,175,-1,176,155,172,-1,172,155,154,-1,172,154,153,-1,177,178,179,-1,179,178,175,-1,179,175,180,-1,180,175,174,-1,158,157,176,-1,176,157,156,-1,176,156,155,-1,163,165,166,-1,166,165,181,-1,166,181,168,-1,168,181,182,-1,168,182,172,-1,172,182,183,-1,172,183,176,-1,176,183,158,-1,159,161,165,-1,165,161,171,-1,165,171,181,-1,181,171,175,-1,181,175,182,-1,182,175,178,-1,182,178,183,-1,183,178,158,-1,177,184,178,-1,178,184,158,-1,162,185,186,-1,186,185,187,-1,188,189,190,-1,188,190,191,-1,191,190,192,-1,191,192,193,-1,194,195,196,-1,196,195,197,-1,196,197,188,-1,188,197,198,-1,188,198,189,-1,186,187,199,-1,199,187,200,-1,199,200,194,-1,194,200,201,-1,194,201,195,-1,
        ]
    }
}
Shape{
    appearance Appearance {
        material  Material 	{
            diffuseColor 0.25098039215686274 0.25098039215686274 0.25098039215686274
            specularColor 0.12549019607843137 0.12549019607843137 0.12549019607843137
            ambientIntensity 0.251
            transparency 0.0
            shininess 0.5
        }
    }
    geometry IndexedFaceSet {
        ccw TRUE
        solid FALSE
        coord DEF co Coordinate {
            point [
                -0.353 0.4322 0.4241, -0.3616 0.4528 0.3675, 0.3531 0.4322 0.4241, 0.3616 0.4528 0.3675, 0.3623 0.4296 0.4245, 0.3729 0.4491 0.3671, 0.3738 0.4482 0.3674, 0.3632 0.4289 0.4244, 0.3747 0.4473 0.3675, 0.3662 0.4268 0.4241, 0.3578 0.4314 0.4245, 0.3667 0.4528 0.3658, 0.36 0.4305 0.4245, 0.3693 0.4528 0.3637, 0.3711 0.4509 0.3658, 0.3566 0.4316 0.4244, 0.3628 0.4528 0.3674, 0.3641 0.4528 0.3671
            ]
        }
        coordIndex [
            0,1,2,-1,2,1,3,-1,4,5,6,-1,4,6,7,-1,7,6,8,-1,7,8,9,-1,10,11,12,-1,12,11,13,-1,12,13,4,-1,4,13,14,-1,4,14,5,-1,2,3,15,-1,15,3,16,-1,15,16,10,-1,10,16,17,-1,10,17,11,-1,
        ]
    }
}
Shape{
    appearance Appearance {
        material  Material 	{
            diffuseColor 0.5019607843137255 0.25098039215686274 0.25098039215686274
            specularColor 0.44313725490196076 0.2196078431372549 0.2196078431372549
            ambientIntensity 0.326
            transparency 0.0
            shininess 0.5
        }
    }
    geometry IndexedFaceSet {
        ccw TRUE
        solid FALSE
        coord DEF co Coordinate {
            point [
                0.3662 0.4268 0.4241, 0.3747 0.4473 0.3675, 0.4268 0.3661 0.4241, 0.4474 0.3747 0.3675, 0.4314 0.3578 0.4245, 0.4528 0.3641 0.3671, 0.4528 0.3628 0.3674, 0.4316 0.3566 0.4244, 0.4528 0.3616 0.3675, 0.4322 0.3531 0.4241, 0.4296 0.3622 0.4245, 0.4509 0.3711 0.3658, 0.4305 0.36 0.4245, 0.4528 0.3692 0.3637, 0.4528 0.3666 0.3658, 0.4289 0.3632 0.4244, 0.4482 0.3738 0.3674, 0.4491 0.3729 0.3671, 0.4322 -0.353 0.4241, 0.4528 -0.3616 0.3675, 0.4296 -0.3622 0.4245, 0.4491 -0.3729 0.3671, 0.4482 -0.3738 0.3674, 0.4289 -0.3632 0.4244, 0.4474 -0.3746 0.3675, 0.4268 -0.3661 0.4241, 0.4314 -0.3578 0.4245, 0.4528 -0.3666 0.3658, 0.4305 -0.36 0.4245, 0.4528 -0.3692 0.3637, 0.4509 -0.3711 0.3658, 0.4316 -0.3566 0.4244, 0.4528 -0.3628 0.3674, 0.4528 -0.3641 0.3671, 0.3662 -0.4268 0.4241, 0.3747 -0.4473 0.3675, 0.3623 -0.4296 0.4245, 0.3711 -0.4509 0.3658, 0.36 -0.4305 0.4245, 0.3693 -0.4527 0.3637, 0.3578 -0.4314 0.4245, 0.3667 -0.4527 0.3658, 0.3632 -0.4289 0.4244, 0.3738 -0.4482 0.3674, 0.3729 -0.4491 0.3671, 0.3641 -0.4527 0.3671, 0.3628 -0.4527 0.3674, 0.3566 -0.4316 0.4244, 0.3616 -0.4527 0.3675, 0.3531 -0.4322 0.4241, -0.353 -0.4322 0.4241, -0.3616 -0.4527 0.3675, -0.364 -0.4527 0.3671, -0.3666 -0.4527 0.3658, -0.3578 -0.4314 0.4245, -0.3578 -0.4314 0.4245, -0.3746 -0.4473 0.3675, -0.3661 -0.4268 0.4241, -0.3738 -0.4482 0.3674, -0.3622 -0.4296 0.4245, -0.3692 -0.4527 0.3637, -0.3711 -0.4509 0.3658, -0.3622 -0.4296 0.4245, -0.3729 -0.4491 0.3671, -0.3628 -0.4527 0.3674, -0.4267 -0.3661 0.4241, -0.4473 -0.3746 0.3675, -0.4314 -0.3578 0.4245, -0.4527 -0.3641 0.3671, -0.4527 -0.3628 0.3674, -0.4316 -0.3566 0.4244, -0.4527 -0.3616 0.3675, -0.4322 -0.353 0.4241, -0.4295 -0.3622 0.4245, -0.4509 -0.3711 0.3658, -0.4305 -0.36 0.4245, -0.4527 -0.3692 0.3637, -0.4527 -0.3666 0.3658, -0.4289 -0.3632 0.4244, -0.4482 -0.3738 0.3674, -0.4491 -0.3729 0.3671, -0.4322 0.3531 0.4241, -0.4527 0.3616 0.3675, -0.4295 0.3622 0.4245, -0.4491 0.3729 0.3671, -0.4482 0.3738 0.3674, -0.4289 0.3632 0.4244, -0.4473 0.3747 0.3675, -0.4267 0.3661 0.4241, -0.4314 0.3578 0.4245, -0.4527 0.3666 0.3658, -0.4305 0.36 0.4245, -0.4527 0.3692 0.3637, -0.4509 0.3711 0.3658, -0.4316 0.3566 0.4244, -0.4527 0.3628 0.3674, -0.4527 0.3641 0.3671, -0.3738 0.4482 0.3674, -0.3746 0.4473 0.3675, -0.3692 0.4528 0.2992, -0.4527 0.3692 0.2992, -0.3692 0.4528 0.3637, -0.3711 0.4509 0.3658, -0.3729 0.4491 0.3671, 0.3628 0.4528 0.3674, 0.3616 0.4528 0.3675, 0.3693 0.4528 0.2992, -0.3616 0.4528 0.3675, -0.3628 0.4528 0.3674, 0.3693 0.4528 0.3637, 0.3667 0.4528 0.3658, 0.3641 0.4528 0.3671, -0.364 0.4528 0.3671, -0.3666 0.4528 0.3658, 0.3738 0.4482 0.3674, 0.4528 0.3692 0.2992, 0.3729 0.4491 0.3671, 0.3711 0.4509 0.3658, 0.4528 -0.3692 0.2992, 0.3693 -0.4527 0.2992, -0.3692 -0.4527 0.2992, -0.4527 -0.3692 0.2992, 0.504 -0.6161 0.2992, 0.2362 -0.6161 0.2992, 0.6221 -0.498 0.2992, 0.6024 -0.2953 0.2992, 0.6221 -0.2953 0.2992, 0.6221 0.498 0.2992, 0.6221 0.2953 0.2992, 0.6024 0.2953 0.2992, -0.5039 0.6162 0.2992, -0.2362 0.6162 0.2992, -0.622 0.498 0.2992, -0.6023 0.2953 0.2992, -0.622 0.2953 0.2992, -0.622 -0.498 0.2992, -0.5039 -0.6161 0.2992, -0.2362 -0.6161 0.2992, -0.622 -0.2953 0.2992, -0.6023 -0.2953 0.2992, 0.2362 0.6162 0.2992, 0.504 0.6162 0.2992
            ]
        }
        coordIndex [
            0,1,2,-1,2,1,3,-1,4,5,6,-1,4,6,7,-1,7,6,8,-1,7,8,9,-1,10,11,12,-1,12,11,13,-1,12,13,4,-1,4,13,14,-1,4,14,5,-1,2,3,15,-1,15,3,16,-1,15,16,10,-1,10,16,17,-1,10,17,11,-1,9,8,18,-1,18,8,19,-1,20,21,22,-1,20,22,23,-1,23,22,24,-1,23,24,25,-1,26,27,28,-1,28,27,29,-1,28,29,20,-1,20,29,30,-1,20,30,21,-1,18,19,31,-1,31,19,32,-1,31,32,26,-1,26,32,33,-1,26,33,27,-1,25,24,34,-1,34,24,35,-1,36,37,38,-1,38,37,39,-1,38,39,40,-1,40,39,41,-1,34,35,42,-1,42,35,43,-1,42,43,36,-1,36,43,44,-1,36,44,37,-1,41,45,40,-1,40,45,46,-1,40,46,47,-1,47,46,48,-1,47,48,49,-1,49,48,50,-1,50,48,51,-1,52,53,54,-1,54,53,55,-1,56,57,58,-1,58,57,59,-1,53,60,61,-1,55,53,62,-1,62,53,61,-1,62,61,59,-1,59,61,63,-1,59,63,58,-1,50,51,54,-1,54,51,64,-1,54,64,52,-1,57,56,65,-1,65,56,66,-1,67,68,69,-1,67,69,70,-1,70,69,71,-1,70,71,72,-1,73,74,75,-1,75,74,76,-1,75,76,67,-1,67,76,77,-1,67,77,68,-1,65,66,78,-1,78,66,79,-1,78,79,73,-1,73,79,80,-1,73,80,74,-1,72,71,81,-1,81,71,82,-1,83,84,85,-1,83,85,86,-1,86,85,87,-1,86,87,88,-1,89,90,91,-1,91,90,92,-1,91,92,83,-1,83,92,93,-1,83,93,84,-1,81,82,94,-1,94,82,95,-1,94,95,89,-1,89,95,96,-1,89,96,90,-1,97,98,99,-1,99,98,100,-1,100,98,87,-1,100,87,85,-1,101,102,99,-1,99,102,103,-1,99,103,97,-1,85,84,100,-1,100,84,93,-1,100,93,92,-1,104,105,106,-1,106,105,99,-1,99,105,107,-1,99,107,108,-1,109,110,106,-1,106,110,111,-1,106,111,104,-1,108,112,99,-1,99,112,113,-1,99,113,101,-1,106,1,114,-1,1,106,3,-1,3,106,115,-1,3,115,16,-1,114,116,106,-1,106,116,117,-1,106,117,109,-1,13,11,115,-1,115,11,17,-1,115,17,16,-1,115,8,6,-1,8,115,19,-1,19,115,118,-1,19,118,32,-1,6,5,115,-1,115,5,14,-1,115,14,13,-1,29,27,118,-1,118,27,33,-1,118,33,32,-1,118,24,22,-1,24,118,35,-1,35,118,119,-1,35,119,43,-1,22,21,118,-1,118,21,30,-1,118,30,29,-1,39,37,119,-1,119,37,44,-1,119,44,43,-1,64,51,120,-1,120,51,119,-1,119,51,48,-1,119,48,46,-1,60,53,120,-1,120,53,52,-1,120,52,64,-1,46,45,119,-1,119,45,41,-1,119,41,39,-1,120,56,58,-1,56,120,66,-1,66,120,121,-1,66,121,79,-1,58,63,120,-1,120,63,61,-1,120,61,60,-1,76,74,121,-1,121,74,80,-1,121,80,79,-1,95,82,100,-1,100,82,121,-1,121,82,71,-1,121,71,69,-1,92,90,100,-1,100,90,96,-1,100,96,95,-1,69,68,121,-1,121,68,77,-1,121,77,76,-1,122,123,124,-1,124,123,125,-1,124,125,126,-1,127,128,129,-1,130,131,132,-1,132,131,133,-1,132,133,134,-1,135,121,136,-1,136,121,120,-1,136,120,137,-1,137,120,123,-1,123,120,119,-1,123,119,125,-1,125,119,118,-1,125,118,129,-1,129,118,115,-1,129,115,106,-1,135,138,121,-1,121,138,139,-1,121,139,100,-1,100,139,133,-1,100,133,99,-1,99,133,131,-1,99,131,106,-1,106,131,140,-1,106,140,129,-1,129,140,141,-1,129,141,127,-1,
        ]
    }
}
Shape{
    appearance Appearance {
        material  Material 	{
            diffuseColor 0.7529411764705882 0.7529411764705882 0.7529411764705882
            specularColor 0.3764705882352941 0.3764705882352941 0.3764705882352941
            ambientIntensity 0.7529
            transparency 0.0
            shininess 0.5
        }
    }
    geometry IndexedFaceSet {
        ccw TRUE
        solid FALSE
        coord DEF co Coordinate {
            point [
                -0.622 -0.498 0.2992, -0.5039 -0.6161 0.2992, -0.622 -0.498 0.3583, -0.5039 -0.6161 0.3583, -0.5039 0.6162 0.2992, -0.622 0.498 0.2992, -0.5039 0.6162 0.3583, -0.622 0.498 0.3583, 0.6221 0.498 0.2992, 0.504 0.6162 0.2992, 0.6221 0.498 0.3583, 0.504 0.6162 0.3583, 0.504 -0.6161 0.2992, 0.6221 -0.498 0.2992, 0.504 -0.6161 0.3583, 0.6221 -0.498 0.3583, -0.622 -0.1575 0.2795, -0.622 -0.1575 0.1614, -0.622 -0.0787 0.0827, -0.622 -0.1548 0.141, -0.622 -0.1469 0.122, -0.622 -0.1344 0.1057, -0.622 -0.1181 0.0932, -0.622 -0.0991 0.0854, -0.622 0.1575 0.2795, -0.622 0.0788 0.0827, -0.622 0.1575 0.1614, -0.622 0.0991 0.0854, -0.622 0.1181 0.0932, -0.622 0.1344 0.1057, -0.622 0.1469 0.122, -0.622 0.1548 0.141, -0.622 -0.0787 0.0039, -0.622 0.0788 0.0039, -0.563 -0.0787 0.0039, -0.563 0.0788 0.0039, -0.556 -0.1 0.0039, -0.3661 0.0591 0.0039, -0.3661 -0.059 0.0039, -0.4645 0.1575 0.0039, -0.4391 -0.1541 0.0039, -0.4645 -0.1575 0.0039, -0.5444 0.1192 0.0039, -0.5288 0.1353 0.0039, -0.4153 -0.1443 0.0039, -0.5099 0.1474 0.0039, -0.556 0.1001 0.0039, -0.4665 0.1575 0.0039, -0.3695 -0.0845 0.0039, -0.3793 -0.1083 0.0039, -0.4888 0.1549 0.0039, -0.3949 -0.1286 0.0039, -0.4665 -0.1575 0.0039, -0.4888 -0.1549 0.0039, -0.5099 -0.1474 0.0039, -0.5288 -0.1353 0.0039, -0.5444 -0.1192 0.0039, -0.4153 0.1443 0.0039, -0.3949 0.1287 0.0039, -0.3793 0.1083 0.0039, -0.4391 0.1541 0.0039, -0.3695 0.0845 0.0039, -0.622 -0.2953 0.2795, -0.6214 -0.2953 0.2846, -0.622 -0.2953 0.2992, -0.6194 -0.2953 0.2894, -0.6163 -0.2953 0.2934, -0.6122 -0.2953 0.2966, -0.6074 -0.2953 0.2985, -0.6023 -0.2953 0.2992, -0.6811 0.0788 0.0827, -0.6811 0.0788 0.063, -0.6214 0.0788 0.0776, -0.6791 0.0788 0.0477, -0.6194 0.0788 0.0728, -0.563 0.0788 0.063, -0.6023 0.0788 0.063, -0.6074 0.0788 0.0637, -0.6373 0.0788 0.0059, -0.6122 0.0788 0.0656, -0.6516 0.0788 0.0118, -0.6163 0.0788 0.0688, -0.6638 0.0788 0.0212, -0.6732 0.0788 0.0335, -0.4645 0.1575 0.063, -0.4665 0.1575 0.063, -0.3661 0.0591 0.063, -0.5099 0.1474 0.063, -0.5288 0.1353 0.063, -0.4153 -0.1443 0.063, -0.5444 0.1192 0.063, -0.3949 -0.1286 0.063, -0.3793 -0.1083 0.063, -0.4391 0.1541 0.063, -0.4888 0.1549 0.063, -0.6023 -0.0787 0.063, -0.563 -0.0787 0.063, -0.556 -0.1 0.063, -0.556 0.1001 0.063, -0.4391 -0.1541 0.063, -0.4645 -0.1575 0.063, -0.3695 -0.0845 0.063, -0.3661 -0.059 0.063, -0.3793 0.1083 0.063, -0.3949 0.1287 0.063, -0.4153 0.1443 0.063, -0.5444 -0.1192 0.063, -0.5288 -0.1353 0.063, -0.5099 -0.1474 0.063, -0.4888 -0.1549 0.063, -0.4665 -0.1575 0.063, -0.3695 0.0845 0.063, 0.6024 -0.0787 0.063, 0.6024 0.0788 0.063, 0.563 -0.0787 0.063, 0.563 0.0788 0.063, 0.4888 -0.1549 0.063, 0.51 -0.1474 0.063, 0.4154 0.1443 0.063, 0.5288 -0.1353 0.063, 0.5445 -0.1192 0.063, 0.5288 0.1353 0.063, 0.51 0.1474 0.063, 0.5561 -0.1 0.063, 0.4391 0.1541 0.063, 0.4646 0.1575 0.063, 0.395 0.1287 0.063, 0.4646 -0.1575 0.063, 0.4666 -0.1575 0.063, 0.3793 0.1083 0.063, 0.3695 0.0845 0.063, 0.3662 0.0591 0.063, 0.5561 0.1001 0.063, 0.5445 0.1192 0.063, 0.4888 0.1549 0.063, 0.4666 0.1575 0.063, 0.3662 -0.059 0.063, 0.3695 -0.0845 0.063, 0.4391 -0.1541 0.063, 0.3793 -0.1083 0.063, 0.4154 -0.1443 0.063, 0.395 -0.1286 0.063, 0.4646 0.1575 0.0039, 0.4666 0.1575 0.0039, 0.3662 -0.059 0.0039, 0.3662 0.0591 0.0039, 0.4666 -0.1575 0.0039, 0.4646 -0.1575 0.0039, 0.6811 0.0788 0.063, 0.6811 -0.0787 0.063, 0.6791 -0.0787 0.0477, 0.6791 0.0788 0.0477, 0.6732 -0.0787 0.0335, 0.6732 0.0788 0.0335, 0.6638 -0.0787 0.0212, 0.6638 0.0788 0.0212, 0.6516 -0.0787 0.0118, 0.6516 0.0788 0.0118, 0.6374 -0.0787 0.0059, 0.6374 0.0788 0.0059, 0.6221 -0.0787 0.0039, 0.6221 0.0788 0.0039, 0.6811 -0.1575 0.2992, 0.6811 0.1575 0.2992, 0.6791 0.1575 0.3145, 0.6791 -0.1575 0.3145, 0.6732 0.1575 0.3287, 0.6732 -0.1575 0.3287, 0.6638 0.1575 0.341, 0.6638 -0.1575 0.341, 0.6516 0.1575 0.3504, 0.6516 -0.1575 0.3504, 0.6374 0.1575 0.3563, 0.6374 -0.1575 0.3563, 0.6221 0.1575 0.3583, 0.6221 -0.1575 0.3583, -0.6373 -0.0787 0.0059, -0.6516 -0.0787 0.0118, -0.6638 -0.0787 0.0212, -0.6732 -0.0787 0.0335, -0.6791 -0.0787 0.0477, -0.6811 -0.0787 0.063
            ]
        }
        coordIndex [
            0,1,2,-1,2,1,3,-1,4,5,6,-1,6,5,7,-1,8,9,10,-1,10,9,11,-1,12,13,14,-1,14,13,15,-1,16,17,18,-1,18,17,19,-1,18,19,20,-1,20,21,18,-1,18,21,22,-1,18,22,23,-1,16,18,24,-1,24,18,25,-1,24,25,26,-1,26,25,27,-1,26,27,28,-1,28,29,26,-1,26,29,30,-1,26,30,31,-1,32,33,34,-1,34,33,35,-1,34,35,36,-1,37,38,39,-1,40,41,35,-1,42,43,44,-1,44,43,45,-1,40,35,44,-1,44,35,46,-1,44,46,42,-1,39,38,47,-1,47,38,48,-1,47,48,49,-1,45,50,44,-1,44,50,47,-1,44,47,51,-1,51,47,49,-1,41,52,35,-1,35,52,53,-1,35,53,54,-1,54,55,35,-1,35,55,56,-1,35,56,36,-1,57,58,59,-1,39,60,37,-1,37,60,57,-1,37,57,61,-1,61,57,59,-1,62,63,64,-1,64,63,65,-1,64,65,66,-1,66,67,64,-1,64,67,68,-1,64,68,69,-1,70,25,71,-1,71,25,72,-1,71,72,73,-1,73,72,74,-1,75,35,76,-1,76,35,33,-1,76,33,77,-1,77,33,78,-1,77,78,79,-1,79,78,80,-1,79,80,81,-1,81,80,82,-1,81,82,74,-1,74,82,83,-1,74,83,73,-1,84,85,86,-1,87,88,89,-1,89,88,90,-1,85,91,92,-1,84,86,93,-1,91,85,89,-1,89,85,94,-1,89,94,87,-1,76,95,75,-1,75,95,96,-1,75,96,97,-1,90,98,89,-1,89,98,75,-1,89,75,99,-1,99,75,100,-1,92,101,85,-1,85,101,102,-1,85,102,86,-1,103,104,105,-1,97,106,75,-1,75,106,107,-1,75,107,108,-1,108,109,75,-1,75,109,110,-1,75,110,100,-1,93,86,105,-1,105,86,111,-1,105,111,103,-1,100,110,41,-1,41,110,52,-1,86,102,37,-1,37,102,38,-1,85,84,47,-1,47,84,39,-1,112,113,114,-1,114,113,115,-1,116,117,118,-1,118,117,119,-1,118,119,120,-1,114,121,122,-1,120,123,118,-1,118,123,114,-1,118,114,124,-1,124,114,125,-1,126,127,118,-1,118,127,128,-1,118,128,116,-1,126,129,127,-1,127,129,130,-1,127,130,131,-1,115,132,114,-1,114,132,133,-1,114,133,121,-1,122,134,114,-1,114,134,135,-1,114,135,125,-1,131,136,127,-1,127,136,137,-1,127,137,138,-1,138,137,139,-1,138,139,140,-1,140,139,141,-1,125,135,142,-1,142,135,143,-1,136,131,144,-1,144,131,145,-1,128,127,146,-1,146,127,147,-1,148,149,150,-1,148,150,151,-1,151,150,152,-1,151,152,153,-1,153,152,154,-1,153,154,155,-1,155,154,156,-1,155,156,157,-1,157,156,158,-1,157,158,159,-1,159,158,160,-1,159,160,161,-1,162,163,164,-1,162,164,165,-1,165,164,166,-1,165,166,167,-1,167,166,168,-1,167,168,169,-1,169,168,170,-1,169,170,171,-1,171,170,172,-1,171,172,173,-1,173,172,174,-1,173,174,175,-1,33,32,176,-1,33,176,78,-1,78,176,177,-1,78,177,80,-1,80,177,178,-1,80,178,82,-1,82,178,179,-1,82,179,83,-1,83,179,180,-1,83,180,73,-1,73,180,181,-1,73,181,71,-1,
        ]
    }
}
Shape{
    appearance Appearance {
        material  Material 	{
            diffuseColor 0.5019607843137255 0.25098039215686274 0.25098039215686274
            specularColor 0.44313725490196076 0.2196078431372549 0.2196078431372549
            ambientIntensity 0.326
            transparency 0.0
            shininess 0.5
        }
    }
    geometry IndexedFaceSet {
        ccw TRUE
        solid FALSE
        coord DEF co Coordinate {
            point [
                -0.6023 -0.0787 0.063, -0.6023 0.0788 0.063, -0.6074 -0.0787 0.0637, -0.6074 0.0788 0.0637, -0.6122 -0.0787 0.0656, -0.6122 0.0788 0.0656, -0.6163 -0.0787 0.0688, -0.6163 0.0788 0.0688, -0.6194 -0.0787 0.0728, -0.6194 0.0788 0.0728, -0.6214 -0.0787 0.0776, -0.6214 0.0788 0.0776, -0.622 -0.0787 0.0827, -0.622 0.0788 0.0827, -0.622 0.1575 0.2795, -0.622 0.2953 0.2795, -0.6214 0.2953 0.2846, -0.6214 -0.2953 0.2846, -0.622 -0.2953 0.2795, -0.622 -0.1575 0.2795, -0.6194 -0.2953 0.2894, -0.6194 0.2953 0.2894, -0.6163 -0.2953 0.2934, -0.6163 0.2953 0.2934, -0.6122 -0.2953 0.2966, -0.6122 0.2953 0.2966, -0.6074 -0.2953 0.2985, -0.6074 0.2953 0.2985, -0.6023 -0.2953 0.2992, -0.6023 0.2953 0.2992
            ]
        }
        coordIndex [
            0,1,2,-1,2,1,3,-1,2,3,4,-1,4,3,5,-1,4,5,6,-1,6,5,7,-1,6,7,8,-1,8,7,9,-1,8,9,10,-1,10,9,11,-1,10,11,12,-1,12,11,13,-1,14,15,16,-1,17,18,19,-1,19,14,17,-1,17,14,16,-1,17,16,20,-1,20,16,21,-1,20,21,22,-1,22,21,23,-1,22,23,24,-1,24,23,25,-1,24,25,26,-1,26,25,27,-1,26,27,28,-1,28,27,29,-1,
        ]
    }
}
Shape{
    appearance Appearance {
        material  Material 	{
            diffuseColor 0.0 0.0 0.0
            specularColor 0.0 0.0 0.0
            ambientIntensity 0.0
            transparency 0.0
            shininess 0.5
        }
    }
    geometry IndexedFaceSet {
        ccw TRUE
        solid FALSE
        coord DEF co Coordinate {
            point [
                0.6221 -0.1575 0.2795, 0.6221 -0.2953 0.2795, 0.6214 -0.2953 0.2846, 0.6221 0.1575 0.2795, 0.6221 0.2953 0.2795, 0.6214 0.2953 0.2846, 0.6194 0.2953 0.2894, 0.6194 -0.2953 0.2894, 0.6163 0.2953 0.2934, 0.6163 -0.2953 0.2934, 0.6122 0.2953 0.2966, 0.6122 -0.2953 0.2966, 0.6075 0.2953 0.2985, 0.6075 -0.2953 0.2985, 0.6024 0.2953 0.2992, 0.6024 -0.2953 0.2992, 0.6024 0.0788 0.063, 0.6024 -0.0787 0.063, 0.6075 0.0788 0.0637, 0.6075 -0.0787 0.0637, 0.6122 0.0788 0.0656, 0.6122 -0.0787 0.0656, 0.6163 0.0788 0.0688, 0.6163 -0.0787 0.0688, 0.6194 0.0788 0.0728, 0.6194 -0.0787 0.0728, 0.6214 0.0788 0.0776, 0.6214 -0.0787 0.0776, 0.6221 0.0788 0.0827, 0.6221 -0.0787 0.0827
            ]
        }
        coordIndex [
            0,1,2,-1,0,2,3,-1,4,3,5,-1,5,3,2,-1,5,2,6,-1,6,2,7,-1,6,7,8,-1,8,7,9,-1,8,9,10,-1,10,9,11,-1,10,11,12,-1,12,11,13,-1,12,13,14,-1,14,13,15,-1,16,17,18,-1,18,17,19,-1,18,19,20,-1,20,19,21,-1,20,21,22,-1,22,21,23,-1,22,23,24,-1,24,23,25,-1,24,25,26,-1,26,25,27,-1,26,27,28,-1,28,27,29,-1,
        ]
    }
}
Shape{
    appearance Appearance {
        material  Material 	{
            diffuseColor 0.7529411764705882 0.7529411764705882 0.7529411764705882
            specularColor 0.3764705882352941 0.3764705882352941 0.3764705882352941
            ambientIntensity 0.7529
            transparency 0.0
            shininess 0.5
        }
    }
    geometry IndexedFaceSet {
        ccw TRUE
        solid FALSE
        coord DEF co Coordinate {
            point [
                0.4666 -0.1575 0.063, 0.4666 -0.1575 0.0039, 0.4888 -0.1549 0.0039, 0.4888 -0.1549 0.063, 0.51 -0.1474 0.0039, 0.51 -0.1474 0.063, 0.5288 -0.1353 0.0039, 0.5288 -0.1353 0.063, 0.5445 -0.1192 0.0039, 0.5445 -0.1192 0.063, 0.5561 -0.1 0.0039, 0.5561 -0.1 0.063, 0.563 -0.0787 0.0039, 0.563 -0.0787 0.063, 0.3662 -0.059 0.063, 0.3662 -0.059 0.0039, 0.3695 -0.0845 0.0039, 0.3695 -0.0845 0.063, 0.3793 -0.1083 0.0039, 0.3793 -0.1083 0.063, 0.395 -0.1286 0.0039, 0.395 -0.1286 0.063, 0.4154 -0.1443 0.0039, 0.4154 -0.1443 0.063, 0.4391 -0.1541 0.0039, 0.4391 -0.1541 0.063, 0.4646 -0.1575 0.0039, 0.4646 -0.1575 0.063, 0.4646 0.1575 0.063, 0.4646 0.1575 0.0039, 0.4391 0.1541 0.0039, 0.4391 0.1541 0.063, 0.4154 0.1443 0.0039, 0.4154 0.1443 0.063, 0.395 0.1287 0.0039, 0.395 0.1287 0.063, 0.3793 0.1083 0.0039, 0.3793 0.1083 0.063, 0.3695 0.0845 0.0039, 0.3695 0.0845 0.063, 0.3662 0.0591 0.0039, 0.3662 0.0591 0.063, 0.4666 0.1575 0.0039, 0.4666 0.1575 0.063, 0.4888 0.1549 0.063, 0.4888 0.1549 0.0039, 0.51 0.1474 0.063, 0.51 0.1474 0.0039, 0.5288 0.1353 0.063, 0.5288 0.1353 0.0039, 0.5445 0.1192 0.063, 0.5445 0.1192 0.0039, 0.5561 0.1001 0.063, 0.5561 0.1001 0.0039, 0.563 0.0788 0.063, 0.563 0.0788 0.0039, -0.4665 0.1575 0.063, -0.4665 0.1575 0.0039, -0.4888 0.1549 0.0039, -0.4888 0.1549 0.063, -0.5099 0.1474 0.0039, -0.5099 0.1474 0.063, -0.5288 0.1353 0.0039, -0.5288 0.1353 0.063, -0.5444 0.1192 0.0039, -0.5444 0.1192 0.063, -0.556 0.1001 0.0039, -0.556 0.1001 0.063, -0.563 0.0788 0.0039, -0.563 0.0788 0.063, -0.3661 0.0591 0.063, -0.3661 0.0591 0.0039, -0.3695 0.0845 0.0039, -0.3695 0.0845 0.063, -0.3793 0.1083 0.0039, -0.3793 0.1083 0.063, -0.3949 0.1287 0.0039, -0.3949 0.1287 0.063, -0.4153 0.1443 0.0039, -0.4153 0.1443 0.063, -0.4391 0.1541 0.0039, -0.4391 0.1541 0.063, -0.4645 0.1575 0.0039, -0.4645 0.1575 0.063, -0.4645 -0.1575 0.063, -0.4645 -0.1575 0.0039, -0.4391 -0.1541 0.0039, -0.4391 -0.1541 0.063, -0.4153 -0.1443 0.0039, -0.4153 -0.1443 0.063, -0.3949 -0.1286 0.0039, -0.3949 -0.1286 0.063, -0.3793 -0.1083 0.0039, -0.3793 -0.1083 0.063, -0.3695 -0.0845 0.0039, -0.3695 -0.0845 0.063, -0.3661 -0.059 0.0039, -0.3661 -0.059 0.063, -0.4665 -0.1575 0.0039, -0.4665 -0.1575 0.063, -0.4888 -0.1549 0.063, -0.4888 -0.1549 0.0039, -0.5099 -0.1474 0.063, -0.5099 -0.1474 0.0039, -0.5288 -0.1353 0.063, -0.5288 -0.1353 0.0039, -0.5444 -0.1192 0.063, -0.5444 -0.1192 0.0039, -0.556 -0.1 0.063, -0.556 -0.1 0.0039, -0.563 -0.0787 0.063, -0.563 -0.0787 0.0039, 0.1181 0.6162 0.0827, 0.2362 0.6162 0.0827, 0.2362 0.6162 0.2992, -0.2362 0.6162 0.2992, -0.2362 0.6162 0.0827, -0.1181 0.6162 0.0827, 0.1181 0.6162 0.0394, -0.1181 0.6162 0.0394, -0.0787 0.6162 0.0, -0.1167 0.6162 0.0292, -0.1128 0.6162 0.0197, -0.1066 0.6162 0.0115, -0.0984 0.6162 0.0053, -0.0889 0.6162 0.0013, 0.1066 0.6162 0.0115, 0.1129 0.6162 0.0197, 0.0984 0.6162 0.0053, 0.0889 0.6162 0.0013, 0.0788 0.6162 0.0, 0.1168 0.6162 0.0292, 0.2362 0.6752 0.0827, 0.1181 0.6752 0.0827, 0.1181 0.6752 0.0394, 0.0788 0.6752 0.0, -0.0787 0.6752 0.0, -0.1181 0.6752 0.0394, -0.1181 0.6752 0.0827, -0.2362 0.6752 0.0827, 0.2362 0.6752 0.2992, -0.2362 0.6752 0.2992, -0.0889 0.6752 0.0013, -0.0984 0.6752 0.0053, 0.1168 0.6752 0.0292, 0.1129 0.6752 0.0197, 0.0889 0.6752 0.0013, 0.1066 0.6752 0.0115, 0.0984 0.6752 0.0053, -0.1066 0.6752 0.0115, -0.1128 0.6752 0.0197, -0.1167 0.6752 0.0292, -0.1181 -0.6752 0.0394, -0.1181 -0.6752 0.0827, -0.1181 -0.6161 0.0394, -0.1181 -0.6161 0.0827, -0.0787 -0.6161 0.0, 0.0788 -0.6161 0.0, -0.0787 -0.6752 0.0, 0.0788 -0.6752 0.0, 0.1181 -0.6161 0.0394, 0.1181 -0.6161 0.0827, 0.1181 -0.6752 0.0394, 0.1181 -0.6752 0.0827, -0.2362 0.6162 0.3583, -0.2362 0.6314 0.3563, -0.2362 0.6457 0.3504, -0.2362 0.6579 0.341, -0.2362 0.6673 0.3287, -0.2362 0.6732 0.3145, 0.2362 0.6732 0.3145, 0.2362 0.6673 0.3287, 0.2362 0.6579 0.341, 0.2362 0.6457 0.3504, 0.2362 0.6314 0.3563, 0.2362 0.6162 0.3583, -0.2362 -0.6161 0.0827, -0.2362 -0.6752 0.0827, -0.2362 -0.6161 0.2992, -0.2362 -0.6752 0.2992, -0.2362 -0.6732 0.3145, -0.2362 -0.6673 0.3287, -0.2362 -0.6579 0.341, -0.2362 -0.6457 0.3504, -0.2362 -0.6314 0.3563, -0.2362 -0.6161 0.3583, 0.2362 -0.6161 0.2992, 0.2362 -0.6579 0.341, 0.2362 -0.6673 0.3287, 0.2362 -0.6161 0.3583, 0.2362 -0.6314 0.3563, 0.2362 -0.6457 0.3504, 0.2362 -0.6752 0.0827, 0.2362 -0.6161 0.0827, 0.2362 -0.6752 0.2992, 0.2362 -0.6732 0.3145, -0.1167 -0.6161 0.0292, -0.1167 -0.6752 0.0292, -0.1128 -0.6161 0.0197, -0.1128 -0.6752 0.0197, -0.1066 -0.6161 0.0115, -0.1066 -0.6752 0.0115, -0.0984 -0.6161 0.0053, -0.0984 -0.6752 0.0053, -0.0889 -0.6161 0.0013, -0.0889 -0.6752 0.0013, 0.0889 -0.6161 0.0013, 0.0889 -0.6752 0.0013, 0.0984 -0.6161 0.0053, 0.0984 -0.6752 0.0053, 0.1066 -0.6161 0.0115, 0.1066 -0.6752 0.0115, 0.1129 -0.6161 0.0197, 0.1129 -0.6752 0.0197, 0.1168 -0.6161 0.0292, 0.1168 -0.6752 0.0292
            ]
        }
        coordIndex [
            0,1,2,-1,0,2,3,-1,3,2,4,-1,3,4,5,-1,5,4,6,-1,5,6,7,-1,7,6,8,-1,7,8,9,-1,9,8,10,-1,9,10,11,-1,11,10,12,-1,11,12,13,-1,14,15,16,-1,14,16,17,-1,17,16,18,-1,17,18,19,-1,19,18,20,-1,19,20,21,-1,21,20,22,-1,21,22,23,-1,23,22,24,-1,23,24,25,-1,25,24,26,-1,25,26,27,-1,28,29,30,-1,28,30,31,-1,31,30,32,-1,31,32,33,-1,33,32,34,-1,33,34,35,-1,35,34,36,-1,35,36,37,-1,37,36,38,-1,37,38,39,-1,39,38,40,-1,39,40,41,-1,42,43,44,-1,42,44,45,-1,45,44,46,-1,45,46,47,-1,47,46,48,-1,47,48,49,-1,49,48,50,-1,49,50,51,-1,51,50,52,-1,51,52,53,-1,53,52,54,-1,53,54,55,-1,56,57,58,-1,56,58,59,-1,59,58,60,-1,59,60,61,-1,61,60,62,-1,61,62,63,-1,63,62,64,-1,63,64,65,-1,65,64,66,-1,65,66,67,-1,67,66,68,-1,67,68,69,-1,70,71,72,-1,70,72,73,-1,73,72,74,-1,73,74,75,-1,75,74,76,-1,75,76,77,-1,77,76,78,-1,77,78,79,-1,79,78,80,-1,79,80,81,-1,81,80,82,-1,81,82,83,-1,84,85,86,-1,84,86,87,-1,87,86,88,-1,87,88,89,-1,89,88,90,-1,89,90,91,-1,91,90,92,-1,91,92,93,-1,93,92,94,-1,93,94,95,-1,95,94,96,-1,95,96,97,-1,98,99,100,-1,98,100,101,-1,101,100,102,-1,101,102,103,-1,103,102,104,-1,103,104,105,-1,105,104,106,-1,105,106,107,-1,107,106,108,-1,107,108,109,-1,109,108,110,-1,109,110,111,-1,112,113,114,-1,115,116,117,-1,114,115,112,-1,112,115,117,-1,112,117,118,-1,118,117,119,-1,118,119,120,-1,120,119,121,-1,120,121,122,-1,122,123,120,-1,120,123,124,-1,120,124,125,-1,126,127,128,-1,128,127,129,-1,120,130,118,-1,118,130,129,-1,118,129,131,-1,131,129,127,-1,113,112,132,-1,132,112,133,-1,134,133,118,-1,118,133,112,-1,130,120,135,-1,135,120,136,-1,119,117,137,-1,137,117,138,-1,139,138,116,-1,116,138,117,-1,140,132,141,-1,141,132,133,-1,139,141,138,-1,138,141,133,-1,138,133,137,-1,137,133,134,-1,142,143,137,-1,144,145,146,-1,146,145,147,-1,146,147,148,-1,144,146,134,-1,134,146,135,-1,134,135,137,-1,137,135,136,-1,137,136,142,-1,143,149,137,-1,137,149,150,-1,137,150,151,-1,152,153,154,-1,154,153,155,-1,156,157,158,-1,158,157,159,-1,160,161,162,-1,162,161,163,-1,115,164,165,-1,165,166,115,-1,115,166,167,-1,115,167,168,-1,139,116,141,-1,141,116,115,-1,141,115,169,-1,169,115,168,-1,113,132,114,-1,114,132,140,-1,140,170,114,-1,114,170,171,-1,114,171,172,-1,172,173,114,-1,114,173,174,-1,114,174,175,-1,176,177,178,-1,178,177,179,-1,179,180,178,-1,178,180,181,-1,178,181,182,-1,182,183,178,-1,178,183,184,-1,178,184,185,-1,186,187,188,-1,189,190,186,-1,186,190,191,-1,186,191,187,-1,192,193,194,-1,194,193,186,-1,194,186,195,-1,195,186,188,-1,179,194,195,-1,179,195,180,-1,180,195,188,-1,180,188,181,-1,181,188,187,-1,181,187,182,-1,182,187,191,-1,182,191,183,-1,183,191,190,-1,183,190,184,-1,184,190,189,-1,184,189,185,-1,140,141,169,-1,140,169,170,-1,170,169,168,-1,170,168,171,-1,171,168,167,-1,171,167,172,-1,172,167,166,-1,172,166,173,-1,173,166,165,-1,173,165,174,-1,174,165,164,-1,174,164,175,-1,134,118,131,-1,134,131,144,-1,144,131,127,-1,144,127,145,-1,145,127,126,-1,145,126,147,-1,147,126,128,-1,147,128,148,-1,148,128,129,-1,148,129,146,-1,146,129,130,-1,146,130,135,-1,136,120,125,-1,136,125,142,-1,142,125,124,-1,142,124,143,-1,143,124,123,-1,143,123,149,-1,149,123,122,-1,149,122,150,-1,150,122,121,-1,150,121,151,-1,151,121,119,-1,151,119,137,-1,152,154,196,-1,152,196,197,-1,197,196,198,-1,197,198,199,-1,199,198,200,-1,199,200,201,-1,201,200,202,-1,201,202,203,-1,203,202,204,-1,203,204,205,-1,205,204,156,-1,205,156,158,-1,159,157,206,-1,159,206,207,-1,207,206,208,-1,207,208,209,-1,209,208,210,-1,209,210,211,-1,211,210,212,-1,211,212,213,-1,213,212,214,-1,213,214,215,-1,215,214,160,-1,215,160,162,-1,
        ]
    }
}
Shape{
    appearance Appearance {
        material  Material 	{
            diffuseColor 0.5019607843137255 0.25098039215686274 0.25098039215686274
            specularColor 0.44313725490196076 0.2196078431372549 0.2196078431372549
            ambientIntensity 0.326
            transparency 0.0
            shininess 0.5
        }
    }
    geometry IndexedFaceSet {
        ccw TRUE
        solid FALSE
        coord DEF co Coordinate {
            point [
                0.3347 0.0 0.437, 0.3347 0.0 0.4961, 0.3299 0.0566 0.437, 0.3299 0.0566 0.4961, 0.3155 0.1115 0.437, 0.3155 0.1115 0.4961, 0.2922 0.1632 0.437, 0.2922 0.1632 0.4961, 0.2604 0.2102 0.437, 0.2604 0.2102 0.4961, 0.2211 0.2512 0.437, 0.2211 0.2512 0.4961, 0.1755 0.285 0.437, 0.1755 0.285 0.4961, 0.1248 0.3105 0.437, 0.1248 0.3105 0.4961, 0.0705 0.3271 0.437, 0.0705 0.3271 0.4961, 0.0142 0.3344 0.437, 0.0142 0.3344 0.4961, -0.0425 0.3319 0.437, -0.0425 0.3319 0.4961, -0.098 0.32 0.437, -0.098 0.32 0.4961, -0.1506 0.2988 0.437, -0.1506 0.2988 0.4961, -0.199 0.2691 0.437, -0.199 0.2691 0.4961, -0.2416 0.2316 0.437, -0.2416 0.2316 0.4961, -0.2772 0.1874 0.437, -0.2772 0.1874 0.4961, -0.3049 0.1379 0.437, -0.3049 0.1379 0.4961, -0.3238 0.0843 0.437, -0.3238 0.0843 0.4961, -0.3334 0.0284 0.437, -0.3334 0.0284 0.4961, -0.3334 -0.0284 0.437, -0.3334 -0.0284 0.4961, -0.3238 -0.0843 0.437, -0.3238 -0.0843 0.4961, -0.3049 -0.1378 0.437, -0.3049 -0.1378 0.4961, -0.2772 -0.1874 0.437, -0.2772 -0.1874 0.4961, -0.2416 -0.2315 0.437, -0.2416 -0.2315 0.4961, -0.199 -0.269 0.437, -0.199 -0.269 0.4961, -0.1506 -0.2988 0.437, -0.1506 -0.2988 0.4961, -0.098 -0.32 0.437, -0.098 -0.32 0.4961, -0.0425 -0.3319 0.437, -0.0425 -0.3319 0.4961, 0.0142 -0.3343 0.437, 0.0142 -0.3343 0.4961, 0.0705 -0.3271 0.437, 0.0705 -0.3271 0.4961, 0.1248 -0.3105 0.437, 0.1248 -0.3105 0.4961, 0.1755 -0.285 0.437, 0.1755 -0.285 0.4961, 0.2211 -0.2512 0.437, 0.2211 -0.2512 0.4961, 0.2604 -0.2102 0.437, 0.2604 -0.2102 0.4961, 0.2922 -0.1632 0.437, 0.2922 -0.1632 0.4961, 0.3155 -0.1115 0.437, 0.3155 -0.1115 0.4961, 0.3299 -0.0565 0.437, 0.3299 -0.0565 0.4961
            ]
        }
        coordIndex [
            0,1,2,-1,2,1,3,-1,2,3,4,-1,4,3,5,-1,4,5,6,-1,6,5,7,-1,6,7,8,-1,8,7,9,-1,8,9,10,-1,10,9,11,-1,10,11,12,-1,12,11,13,-1,12,13,14,-1,14,13,15,-1,14,15,16,-1,16,15,17,-1,16,17,18,-1,18,17,19,-1,18,19,20,-1,20,19,21,-1,20,21,22,-1,22,21,23,-1,22,23,24,-1,24,23,25,-1,24,25,26,-1,26,25,27,-1,26,27,28,-1,28,27,29,-1,28,29,30,-1,30,29,31,-1,30,31,32,-1,32,31,33,-1,32,33,34,-1,34,33,35,-1,34,35,36,-1,36,35,37,-1,36,37,38,-1,38,37,39,-1,38,39,40,-1,40,39,41,-1,40,41,42,-1,42,41,43,-1,42,43,44,-1,44,43,45,-1,44,45,46,-1,46,45,47,-1,46,47,48,-1,48,47,49,-1,48,49,50,-1,50,49,51,-1,50,51,52,-1,52,51,53,-1,52,53,54,-1,54,53,55,-1,54,55,56,-1,56,55,57,-1,56,57,58,-1,58,57,59,-1,58,59,60,-1,60,59,61,-1,60,61,62,-1,62,61,63,-1,62,63,64,-1,64,63,65,-1,64,65,66,-1,66,65,67,-1,66,67,68,-1,68,67,69,-1,68,69,70,-1,70,69,71,-1,70,71,72,-1,72,71,73,-1,72,73,0,-1,0,73,1,-1,
        ]
    }
}
Shape{
    appearance Appearance {
        material  Material 	{
            diffuseColor 0.7529411764705882 0.7529411764705882 0.7529411764705882
            specularColor 0.3764705882352941 0.3764705882352941 0.3764705882352941
            ambientIntensity 0.7529
            transparency 0.0
            shininess 0.5
        }
    }
    geometry IndexedFaceSet {
        ccw TRUE
        solid FALSE
        coord DEF co Coordinate {
            point [
                0.6811 0.1575 0.1614, 0.6221 0.1575 0.1614, 0.6811 0.1575 0.2992, 0.6221 0.1575 0.2795, 0.6791 0.1575 0.3145, 0.6516 0.1575 0.3504, 0.6374 0.1575 0.3563, 0.6221 0.1575 0.3583, 0.6638 0.1575 0.341, 0.6732 0.1575 0.3287, 0.6221 -0.1575 0.1614, 0.6811 -0.1575 0.1614, 0.6221 -0.1575 0.2795, 0.6811 -0.1575 0.2992, 0.6791 -0.1575 0.3145, 0.6732 -0.1575 0.3287, 0.6638 -0.1575 0.341, 0.6516 -0.1575 0.3504, 0.6374 -0.1575 0.3563, 0.6221 -0.1575 0.3583, -0.622 -0.1575 0.2795, -0.622 -0.1575 0.3583, -0.6373 -0.1575 0.3563, -0.6516 -0.1575 0.3504, -0.6638 -0.1575 0.341, -0.6732 -0.1575 0.3287, -0.6811 -0.1575 0.1614, -0.622 -0.1575 0.1614, -0.6811 -0.1575 0.2992, -0.6791 -0.1575 0.3145, -0.622 0.1575 0.1614, -0.6811 0.1575 0.1614, -0.622 0.1575 0.2795, -0.6811 0.1575 0.2992, -0.6791 0.1575 0.3145, -0.6732 0.1575 0.3287, -0.6638 0.1575 0.341, -0.6516 0.1575 0.3504, -0.6373 0.1575 0.3563, -0.622 0.1575 0.3583, 0.6811 0.1548 0.141, 0.6221 0.1548 0.141, 0.6811 0.1469 0.122, 0.6221 0.1469 0.122, 0.6811 0.1344 0.1057, 0.6221 0.1344 0.1057, 0.6811 0.1181 0.0932, 0.6221 0.1181 0.0932, 0.6811 0.0991 0.0854, 0.6221 0.0991 0.0854, 0.6811 0.0788 0.0827, 0.6221 0.0788 0.0827, 0.6221 -0.1548 0.141, 0.6811 -0.1548 0.141, 0.6221 -0.1469 0.122, 0.6811 -0.1469 0.122, 0.6221 -0.1344 0.1057, 0.6811 -0.1344 0.1057, 0.6221 -0.1181 0.0932, 0.6811 -0.1181 0.0932, 0.6221 -0.0991 0.0854, 0.6811 -0.0991 0.0854, 0.6221 -0.0787 0.0827, 0.6811 -0.0787 0.0827, -0.6811 -0.1548 0.141, -0.622 -0.1548 0.141, -0.6811 -0.1469 0.122, -0.622 -0.1469 0.122, -0.6811 -0.1344 0.1057, -0.622 -0.1344 0.1057, -0.6811 -0.1181 0.0932, -0.622 -0.1181 0.0932, -0.6811 -0.0991 0.0854, -0.622 -0.0991 0.0854, -0.6811 -0.0787 0.0827, -0.622 -0.0787 0.0827, -0.622 0.1548 0.141, -0.6811 0.1548 0.141, -0.622 0.1469 0.122, -0.6811 0.1469 0.122, -0.622 0.1344 0.1057, -0.6811 0.1344 0.1057, -0.622 0.1181 0.0932, -0.6811 0.1181 0.0932, -0.622 0.0991 0.0854, -0.6811 0.0991 0.0854, -0.622 0.0788 0.0827, -0.6811 0.0788 0.0827, -0.5465 0.3621 0.3583, -0.5465 -0.3621 0.3583, -0.537 0.3621 0.3594, -0.537 -0.3621 0.3594, -0.528 0.3621 0.3629, -0.528 -0.3621 0.3629, -0.5202 0.3621 0.3684, -0.5202 -0.3621 0.3684, -0.5139 0.3621 0.3756, -0.5139 -0.3621 0.3756, -0.5095 0.3621 0.3842, -0.5095 -0.3621 0.3842, -0.5009 0.4275 0.3629, -0.5073 0.4339 0.3594, -0.516 0.4242 0.3594, -0.5089 0.3732 0.3836, -0.5133 0.3738 0.3752, -0.5073 0.3814 0.3833, -0.5114 0.3836 0.375, -0.5071 0.3824 0.3833, -0.504 0.3913 0.3832, -0.5081 0.393 0.3749, -0.4999 0.3992 0.3833, -0.5036 0.4019 0.375, -0.4997 0.3996 0.3833, -0.4943 0.4074 0.3836, -0.4978 0.4101 0.3753, -0.4879 0.4144 0.3842, -0.4909 0.4175 0.3756, -0.5028 0.414 0.3682, -0.509 0.4051 0.368, -0.5139 0.3955 0.368, -0.5174 0.3853 0.368, -0.5195 0.3748 0.3681, -0.4954 0.422 0.3684, -0.509 0.4187 0.3628, -0.5157 0.409 0.3627, -0.521 0.3985 0.3627, -0.5249 0.3874 0.3627, -0.5273 0.3759 0.3628, -0.5233 0.4135 0.3594, -0.5291 0.402 0.3594, -0.5334 0.3898 0.3594, -0.536 0.3772 0.3594, -0.5453 0.3786 0.3583, -0.5424 0.3924 0.3583, -0.5377 0.4056 0.3583, -0.5313 0.4182 0.3583, -0.5234 0.4299 0.3583, -0.514 0.4406 0.3583, -0.5363 -0.3751 0.3594, -0.4909 -0.4175 0.3756, -0.4879 -0.4144 0.3842, -0.4953 -0.4062 0.3836, -0.4954 -0.422 0.3684, -0.4988 -0.4088 0.3752, -0.4999 -0.3992 0.3833, -0.5044 -0.4005 0.375, -0.5005 -0.3983 0.3833, -0.5046 -0.3899 0.3832, -0.5087 -0.3916 0.3749, -0.5073 -0.3814 0.3833, -0.5118 -0.3821 0.375, -0.5075 -0.381 0.3833, -0.5091 -0.3716 0.3836, -0.5135 -0.3722 0.3753, -0.5197 -0.373 0.3682, -0.5178 -0.3837 0.368, -0.5145 -0.3939 0.368, -0.5098 -0.4036 0.368, -0.5039 -0.4126 0.3681, -0.5009 -0.4275 0.3629, -0.5275 -0.374 0.3628, -0.5254 -0.3856 0.3627, -0.5217 -0.3968 0.3627, -0.5166 -0.4074 0.3627, -0.5101 -0.4172 0.3628, -0.5073 -0.4338 0.3594, -0.5339 -0.3878 0.3594, -0.5299 -0.4001 0.3594, -0.5243 -0.4117 0.3594, -0.5172 -0.4225 0.3594, -0.514 -0.4406 0.3583, -0.5248 -0.4281 0.3583, -0.5325 -0.4163 0.3583, -0.5385 -0.4036 0.3583, -0.5429 -0.3902 0.3583, -0.5456 -0.3763 0.3583, -0.4406 0.514 0.3583, -0.4338 0.5073 0.3594, -0.4275 0.501 0.3629, -0.4219 0.4954 0.3684, -0.4175 0.491 0.3756, -0.4144 0.4879 0.3842, -0.4406 -0.514 0.3583, -0.4338 -0.5073 0.3594, -0.4275 -0.501 0.3629, -0.4219 -0.4954 0.3684, -0.4175 -0.4909 0.3756, -0.4144 -0.4879 0.3842, -0.3621 0.5281 0.3629, -0.3621 0.537 0.3594, -0.3751 0.5363 0.3594, -0.4062 0.4953 0.3836, -0.4088 0.4988 0.3752, -0.3992 0.4999 0.3833, -0.4005 0.5044 0.375, -0.3983 0.5005 0.3833, -0.3899 0.5046 0.3832, -0.3915 0.5087 0.3749, -0.3814 0.5073 0.3833, -0.3821 0.5118 0.375, -0.3809 0.5075 0.3833, -0.3716 0.5091 0.3836, -0.3722 0.5135 0.3753, -0.3621 0.5096 0.3842, -0.3621 0.5139 0.3756, -0.373 0.5198 0.3682, -0.3836 0.5179 0.368, -0.3939 0.5146 0.368, -0.4036 0.5099 0.368, -0.4126 0.5039 0.3681, -0.3621 0.5202 0.3684, -0.374 0.5275 0.3628, -0.3856 0.5254 0.3627, -0.3968 0.5218 0.3627, -0.4074 0.5167 0.3627, -0.4172 0.5102 0.3628, -0.3878 0.5339 0.3594, -0.4001 0.5299 0.3594, -0.4117 0.5243 0.3594, -0.4225 0.5173 0.3594, -0.4281 0.5248 0.3583, -0.4162 0.5325 0.3583, -0.4036 0.5386 0.3583, -0.3902 0.543 0.3583, -0.3763 0.5457 0.3583, -0.3621 0.5466 0.3583, -0.4241 -0.516 0.3594, -0.3621 -0.5139 0.3756, -0.3621 -0.5095 0.3842, -0.3732 -0.5089 0.3836, -0.3621 -0.5202 0.3684, -0.3738 -0.5133 0.3752, -0.3814 -0.5073 0.3833, -0.3836 -0.5114 0.375, -0.3824 -0.5071 0.3833, -0.3912 -0.504 0.3832, -0.393 -0.5081 0.3749, -0.3992 -0.4999 0.3833, -0.4019 -0.5036 0.375, -0.3996 -0.4997 0.3833, -0.4074 -0.4943 0.3836, -0.4101 -0.4978 0.3753, -0.4139 -0.5028 0.3682, -0.4051 -0.509 0.368, -0.3955 -0.5139 0.368, -0.3853 -0.5174 0.368, -0.3747 -0.5195 0.3681, -0.3621 -0.528 0.3629, -0.4187 -0.509 0.3628, -0.409 -0.5157 0.3627, -0.3985 -0.521 0.3627, -0.3874 -0.5249 0.3627, -0.3759 -0.5273 0.3628, -0.3621 -0.537 0.3594, -0.4135 -0.5233 0.3594, -0.402 -0.5291 0.3594, -0.3898 -0.5334 0.3594, -0.3772 -0.536 0.3594, -0.3621 -0.5465 0.3583, -0.3785 -0.5453 0.3583, -0.3923 -0.5424 0.3583, -0.4056 -0.5377 0.3583, -0.4182 -0.5314 0.3583, -0.4299 -0.5234 0.3583, 0.3621 0.5466 0.3583, 0.3621 0.537 0.3594, 0.3621 0.5281 0.3629, 0.3621 0.5202 0.3684, 0.3621 0.5139 0.3756, 0.3621 0.5096 0.3842, 0.3621 -0.5465 0.3583, 0.3621 -0.537 0.3594, 0.3621 -0.528 0.3629, 0.3621 -0.5202 0.3684, 0.3621 -0.5139 0.3756, 0.3621 -0.5095 0.3842, 0.4275 0.501 0.3629, 0.4339 0.5073 0.3594, 0.4242 0.516 0.3594, 0.3732 0.509 0.3836, 0.3738 0.5133 0.3752, 0.3814 0.5073 0.3833, 0.3836 0.5114 0.375, 0.3824 0.5071 0.3833, 0.3913 0.504 0.3832, 0.393 0.5081 0.3749, 0.3992 0.5 0.3833, 0.4019 0.5036 0.375, 0.3997 0.4997 0.3833, 0.4074 0.4943 0.3836, 0.4101 0.4978 0.3753, 0.4145 0.4879 0.3842, 0.4175 0.491 0.3756, 0.414 0.5028 0.3682, 0.4051 0.509 0.368, 0.3955 0.5139 0.368, 0.3853 0.5174 0.368, 0.3748 0.5196 0.3681, 0.422 0.4954 0.3684, 0.4188 0.509 0.3628, 0.409 0.5157 0.3627, 0.3985 0.521 0.3627, 0.3874 0.5249 0.3627, 0.3759 0.5273 0.3628, 0.4135 0.5233 0.3594, 0.402 0.5291 0.3594, 0.3898 0.5334 0.3594, 0.3772 0.536 0.3594, 0.3786 0.5453 0.3583, 0.3924 0.5424 0.3583, 0.4056 0.5377 0.3583, 0.4182 0.5314 0.3583, 0.4299 0.5234 0.3583, 0.4406 0.514 0.3583, 0.3751 -0.5363 0.3594, 0.4175 -0.4909 0.3756, 0.4145 -0.4879 0.3842, 0.4062 -0.4953 0.3836, 0.422 -0.4954 0.3684, 0.4089 -0.4988 0.3752, 0.3992 -0.4999 0.3833, 0.4005 -0.5044 0.375, 0.3984 -0.5005 0.3833, 0.3899 -0.5046 0.3832, 0.3916 -0.5087 0.3749, 0.3814 -0.5073 0.3833, 0.3821 -0.5118 0.375, 0.381 -0.5075 0.3833, 0.3717 -0.5091 0.3836, 0.3722 -0.5135 0.3753, 0.373 -0.5198 0.3682, 0.3837 -0.5179 0.368, 0.3939 -0.5145 0.368, 0.4036 -0.5099 0.368, 0.4126 -0.5039 0.3681, 0.4275 -0.501 0.3629, 0.374 -0.5275 0.3628, 0.3856 -0.5254 0.3627, 0.3968 -0.5217 0.3627, 0.4074 -0.5166 0.3627, 0.4172 -0.5101 0.3628, 0.4339 -0.5073 0.3594, 0.3879 -0.5339 0.3594, 0.4001 -0.5299 0.3594, 0.4117 -0.5243 0.3594, 0.4225 -0.5173 0.3594, 0.4406 -0.514 0.3583, 0.4281 -0.5248 0.3583, 0.4163 -0.5325 0.3583, 0.4036 -0.5385 0.3583, 0.3902 -0.543 0.3583, 0.3763 -0.5456 0.3583, 0.5141 0.4406 0.3583, 0.5073 0.4339 0.3594, 0.501 0.4275 0.3629, 0.4954 0.422 0.3684, 0.491 0.4175 0.3756, 0.4879 0.4144 0.3842, 0.5141 -0.4406 0.3583, 0.5073 -0.4338 0.3594, 0.501 -0.4275 0.3629, 0.4954 -0.422 0.3684, 0.491 -0.4175 0.3756, 0.4879 -0.4144 0.3842, 0.5281 0.3621 0.3629, 0.537 0.3621 0.3594, 0.5363 0.3751 0.3594, 0.4953 0.4062 0.3836, 0.4988 0.4088 0.3752, 0.4999 0.3992 0.3833, 0.5044 0.4005 0.375, 0.5005 0.3984 0.3833, 0.5046 0.3899 0.3832, 0.5087 0.3916 0.3749, 0.5073 0.3814 0.3833, 0.5118 0.3821 0.375, 0.5075 0.381 0.3833, 0.5092 0.3717 0.3836, 0.5135 0.3722 0.3753, 0.5096 0.3621 0.3842, 0.5139 0.3621 0.3756, 0.5198 0.373 0.3682, 0.5179 0.3837 0.368, 0.5146 0.3939 0.368, 0.5099 0.4036 0.368, 0.5039 0.4126 0.3681, 0.5202 0.3621 0.3684, 0.5275 0.374 0.3628, 0.5254 0.3856 0.3627, 0.5218 0.3968 0.3627, 0.5167 0.4074 0.3627, 0.5102 0.4172 0.3628, 0.5339 0.3879 0.3594, 0.5299 0.4001 0.3594, 0.5243 0.4117 0.3594, 0.5173 0.4225 0.3594, 0.5248 0.4281 0.3583, 0.5325 0.4163 0.3583, 0.5386 0.4036 0.3583, 0.543 0.3902 0.3583, 0.5457 0.3763 0.3583, 0.5466 0.3621 0.3583, 0.516 -0.4241 0.3594, 0.5139 -0.3621 0.3756, 0.5096 -0.3621 0.3842, 0.509 -0.3732 0.3836, 0.5202 -0.3621 0.3684, 0.5133 -0.3738 0.3752, 0.5073 -0.3814 0.3833, 0.5114 -0.3836 0.375, 0.5071 -0.3824 0.3833, 0.504 -0.3913 0.3832, 0.5081 -0.393 0.3749, 0.5 -0.3992 0.3833, 0.5036 -0.4019 0.375, 0.4998 -0.3996 0.3833, 0.4944 -0.4074 0.3836, 0.4978 -0.4101 0.3753, 0.5028 -0.4139 0.3682, 0.509 -0.4051 0.368, 0.5139 -0.3955 0.368, 0.5175 -0.3853 0.368, 0.5196 -0.3747 0.3681, 0.5281 -0.3621 0.3629, 0.509 -0.4187 0.3628, 0.5157 -0.409 0.3627, 0.5211 -0.3985 0.3627, 0.5249 -0.3874 0.3627, 0.5273 -0.3759 0.3628, 0.537 -0.3621 0.3594, 0.5233 -0.4135 0.3594, 0.5291 -0.402 0.3594, 0.5334 -0.3898 0.3594, 0.5361 -0.3772 0.3594, 0.5466 -0.3621 0.3583, 0.5454 -0.3786 0.3583, 0.5424 -0.3923 0.3583, 0.5377 -0.4056 0.3583, 0.5314 -0.4182 0.3583, 0.5235 -0.4299 0.3583
            ]
        }
        coordIndex [
            0,1,2,-1,2,1,3,-1,2,3,4,-1,5,3,6,-1,6,3,7,-1,5,8,3,-1,3,8,9,-1,3,9,4,-1,10,11,12,-1,12,11,13,-1,13,14,12,-1,12,14,15,-1,12,15,16,-1,16,17,12,-1,12,17,18,-1,12,18,19,-1,20,21,22,-1,22,23,20,-1,20,23,24,-1,20,24,25,-1,26,27,28,-1,28,27,20,-1,28,20,29,-1,29,20,25,-1,30,31,32,-1,32,31,33,-1,33,34,32,-1,32,34,35,-1,32,35,36,-1,36,37,32,-1,32,37,38,-1,32,38,39,-1,1,0,40,-1,1,40,41,-1,41,40,42,-1,41,42,43,-1,43,42,44,-1,43,44,45,-1,45,44,46,-1,45,46,47,-1,47,46,48,-1,47,48,49,-1,49,48,50,-1,49,50,51,-1,11,10,52,-1,11,52,53,-1,53,52,54,-1,53,54,55,-1,55,54,56,-1,55,56,57,-1,57,56,58,-1,57,58,59,-1,59,58,60,-1,59,60,61,-1,61,60,62,-1,61,62,63,-1,27,26,64,-1,27,64,65,-1,65,64,66,-1,65,66,67,-1,67,66,68,-1,67,68,69,-1,69,68,70,-1,69,70,71,-1,71,70,72,-1,71,72,73,-1,73,72,74,-1,73,74,75,-1,31,30,76,-1,31,76,77,-1,77,76,78,-1,77,78,79,-1,79,78,80,-1,79,80,81,-1,81,80,82,-1,81,82,83,-1,83,82,84,-1,83,84,85,-1,85,84,86,-1,85,86,87,-1,88,89,90,-1,90,89,91,-1,90,91,92,-1,92,91,93,-1,92,93,94,-1,94,93,95,-1,94,95,96,-1,96,95,97,-1,96,97,98,-1,98,97,99,-1,100,101,102,-1,96,98,103,-1,94,96,104,-1,96,103,104,-1,104,103,105,-1,104,105,106,-1,105,107,106,-1,106,107,108,-1,106,108,109,-1,109,108,110,-1,109,110,111,-1,110,112,111,-1,111,112,113,-1,111,113,114,-1,114,113,115,-1,115,116,114,-1,114,116,117,-1,114,117,111,-1,111,117,118,-1,111,118,109,-1,109,118,119,-1,109,119,106,-1,106,119,120,-1,106,120,104,-1,104,120,121,-1,104,121,94,-1,94,121,92,-1,116,122,117,-1,117,122,123,-1,117,123,118,-1,118,123,124,-1,118,124,119,-1,119,124,125,-1,119,125,120,-1,120,125,126,-1,120,126,121,-1,121,126,127,-1,121,127,92,-1,92,127,90,-1,122,100,123,-1,123,100,102,-1,123,102,124,-1,124,102,128,-1,124,128,125,-1,125,128,129,-1,125,129,126,-1,126,129,130,-1,126,130,127,-1,127,130,131,-1,127,131,90,-1,90,131,88,-1,88,131,132,-1,132,131,130,-1,132,130,133,-1,133,130,129,-1,133,129,134,-1,134,129,128,-1,134,128,135,-1,135,128,102,-1,135,102,136,-1,136,102,101,-1,136,101,137,-1,93,91,138,-1,139,140,141,-1,142,139,143,-1,139,141,143,-1,143,141,144,-1,143,144,145,-1,144,146,145,-1,145,146,147,-1,145,147,148,-1,148,147,149,-1,148,149,150,-1,149,151,150,-1,150,151,152,-1,150,152,153,-1,153,152,99,-1,99,97,153,-1,153,97,154,-1,153,154,150,-1,150,154,155,-1,150,155,148,-1,148,155,156,-1,148,156,145,-1,145,156,157,-1,145,157,143,-1,143,157,158,-1,143,158,142,-1,142,158,159,-1,97,95,154,-1,154,95,160,-1,154,160,155,-1,155,160,161,-1,155,161,156,-1,156,161,162,-1,156,162,157,-1,157,162,163,-1,157,163,158,-1,158,163,164,-1,158,164,159,-1,159,164,165,-1,95,93,160,-1,160,93,138,-1,160,138,161,-1,161,138,166,-1,161,166,162,-1,162,166,167,-1,162,167,163,-1,163,167,168,-1,163,168,164,-1,164,168,169,-1,164,169,165,-1,165,169,170,-1,170,169,171,-1,171,169,168,-1,171,168,172,-1,172,168,167,-1,172,167,173,-1,173,167,166,-1,173,166,174,-1,174,166,138,-1,174,138,175,-1,175,138,91,-1,175,91,89,-1,176,137,177,-1,177,137,101,-1,177,101,178,-1,178,101,100,-1,178,100,179,-1,179,100,122,-1,179,122,180,-1,180,122,116,-1,180,116,181,-1,181,116,115,-1,170,182,165,-1,165,182,183,-1,165,183,159,-1,159,183,184,-1,159,184,142,-1,142,184,185,-1,142,185,139,-1,139,185,186,-1,139,186,140,-1,140,186,187,-1,188,189,190,-1,180,181,191,-1,179,180,192,-1,180,191,192,-1,192,191,193,-1,192,193,194,-1,193,195,194,-1,194,195,196,-1,194,196,197,-1,197,196,198,-1,197,198,199,-1,198,200,199,-1,199,200,201,-1,199,201,202,-1,202,201,203,-1,203,204,202,-1,202,204,205,-1,202,205,199,-1,199,205,206,-1,199,206,197,-1,197,206,207,-1,197,207,194,-1,194,207,208,-1,194,208,192,-1,192,208,209,-1,192,209,179,-1,179,209,178,-1,204,210,205,-1,205,210,211,-1,205,211,206,-1,206,211,212,-1,206,212,207,-1,207,212,213,-1,207,213,208,-1,208,213,214,-1,208,214,209,-1,209,214,215,-1,209,215,178,-1,178,215,177,-1,210,188,211,-1,211,188,190,-1,211,190,212,-1,212,190,216,-1,212,216,213,-1,213,216,217,-1,213,217,214,-1,214,217,218,-1,214,218,215,-1,215,218,219,-1,215,219,177,-1,177,219,176,-1,176,219,220,-1,220,219,218,-1,220,218,221,-1,221,218,217,-1,221,217,222,-1,222,217,216,-1,222,216,223,-1,223,216,190,-1,223,190,224,-1,224,190,189,-1,224,189,225,-1,184,183,226,-1,227,228,229,-1,230,227,231,-1,227,229,231,-1,231,229,232,-1,231,232,233,-1,232,234,233,-1,233,234,235,-1,233,235,236,-1,236,235,237,-1,236,237,238,-1,237,239,238,-1,238,239,240,-1,238,240,241,-1,241,240,187,-1,187,186,241,-1,241,186,242,-1,241,242,238,-1,238,242,243,-1,238,243,236,-1,236,243,244,-1,236,244,233,-1,233,244,245,-1,233,245,231,-1,231,245,246,-1,231,246,230,-1,230,246,247,-1,186,185,242,-1,242,185,248,-1,242,248,243,-1,243,248,249,-1,243,249,244,-1,244,249,250,-1,244,250,245,-1,245,250,251,-1,245,251,246,-1,246,251,252,-1,246,252,247,-1,247,252,253,-1,185,184,248,-1,248,184,226,-1,248,226,249,-1,249,226,254,-1,249,254,250,-1,250,254,255,-1,250,255,251,-1,251,255,256,-1,251,256,252,-1,252,256,257,-1,252,257,253,-1,253,257,258,-1,258,257,259,-1,259,257,256,-1,259,256,260,-1,260,256,255,-1,260,255,261,-1,261,255,254,-1,261,254,262,-1,262,254,226,-1,262,226,263,-1,263,226,183,-1,263,183,182,-1,264,225,265,-1,265,225,189,-1,265,189,266,-1,266,189,188,-1,266,188,267,-1,267,188,210,-1,267,210,268,-1,268,210,204,-1,268,204,269,-1,269,204,203,-1,258,270,253,-1,253,270,271,-1,253,271,247,-1,247,271,272,-1,247,272,230,-1,230,272,273,-1,230,273,227,-1,227,273,274,-1,227,274,228,-1,228,274,275,-1,276,277,278,-1,268,269,279,-1,267,268,280,-1,268,279,280,-1,280,279,281,-1,280,281,282,-1,281,283,282,-1,282,283,284,-1,282,284,285,-1,285,284,286,-1,285,286,287,-1,286,288,287,-1,287,288,289,-1,287,289,290,-1,290,289,291,-1,291,292,290,-1,290,292,293,-1,290,293,287,-1,287,293,294,-1,287,294,285,-1,285,294,295,-1,285,295,282,-1,282,295,296,-1,282,296,280,-1,280,296,297,-1,280,297,267,-1,267,297,266,-1,292,298,293,-1,293,298,299,-1,293,299,294,-1,294,299,300,-1,294,300,295,-1,295,300,301,-1,295,301,296,-1,296,301,302,-1,296,302,297,-1,297,302,303,-1,297,303,266,-1,266,303,265,-1,298,276,299,-1,299,276,278,-1,299,278,300,-1,300,278,304,-1,300,304,301,-1,301,304,305,-1,301,305,302,-1,302,305,306,-1,302,306,303,-1,303,306,307,-1,303,307,265,-1,265,307,264,-1,264,307,308,-1,308,307,306,-1,308,306,309,-1,309,306,305,-1,309,305,310,-1,310,305,304,-1,310,304,311,-1,311,304,278,-1,311,278,312,-1,312,278,277,-1,312,277,313,-1,272,271,314,-1,315,316,317,-1,318,315,319,-1,315,317,319,-1,319,317,320,-1,319,320,321,-1,320,322,321,-1,321,322,323,-1,321,323,324,-1,324,323,325,-1,324,325,326,-1,325,327,326,-1,326,327,328,-1,326,328,329,-1,329,328,275,-1,275,274,329,-1,329,274,330,-1,329,330,326,-1,326,330,331,-1,326,331,324,-1,324,331,332,-1,324,332,321,-1,321,332,333,-1,321,333,319,-1,319,333,334,-1,319,334,318,-1,318,334,335,-1,274,273,330,-1,330,273,336,-1,330,336,331,-1,331,336,337,-1,331,337,332,-1,332,337,338,-1,332,338,333,-1,333,338,339,-1,333,339,334,-1,334,339,340,-1,334,340,335,-1,335,340,341,-1,273,272,336,-1,336,272,314,-1,336,314,337,-1,337,314,342,-1,337,342,338,-1,338,342,343,-1,338,343,339,-1,339,343,344,-1,339,344,340,-1,340,344,345,-1,340,345,341,-1,341,345,346,-1,346,345,347,-1,347,345,344,-1,347,344,348,-1,348,344,343,-1,348,343,349,-1,349,343,342,-1,349,342,350,-1,350,342,314,-1,350,314,351,-1,351,314,271,-1,351,271,270,-1,352,313,353,-1,353,313,277,-1,353,277,354,-1,354,277,276,-1,354,276,355,-1,355,276,298,-1,355,298,356,-1,356,298,292,-1,356,292,357,-1,357,292,291,-1,346,358,341,-1,341,358,359,-1,341,359,335,-1,335,359,360,-1,335,360,318,-1,318,360,361,-1,318,361,315,-1,315,361,362,-1,315,362,316,-1,316,362,363,-1,364,365,366,-1,356,357,367,-1,355,356,368,-1,356,367,368,-1,368,367,369,-1,368,369,370,-1,369,371,370,-1,370,371,372,-1,370,372,373,-1,373,372,374,-1,373,374,375,-1,374,376,375,-1,375,376,377,-1,375,377,378,-1,378,377,379,-1,379,380,378,-1,378,380,381,-1,378,381,375,-1,375,381,382,-1,375,382,373,-1,373,382,383,-1,373,383,370,-1,370,383,384,-1,370,384,368,-1,368,384,385,-1,368,385,355,-1,355,385,354,-1,380,386,381,-1,381,386,387,-1,381,387,382,-1,382,387,388,-1,382,388,383,-1,383,388,389,-1,383,389,384,-1,384,389,390,-1,384,390,385,-1,385,390,391,-1,385,391,354,-1,354,391,353,-1,386,364,387,-1,387,364,366,-1,387,366,388,-1,388,366,392,-1,388,392,389,-1,389,392,393,-1,389,393,390,-1,390,393,394,-1,390,394,391,-1,391,394,395,-1,391,395,353,-1,353,395,352,-1,352,395,396,-1,396,395,394,-1,396,394,397,-1,397,394,393,-1,397,393,398,-1,398,393,392,-1,398,392,399,-1,399,392,366,-1,399,366,400,-1,400,366,365,-1,400,365,401,-1,360,359,402,-1,403,404,405,-1,406,403,407,-1,403,405,407,-1,407,405,408,-1,407,408,409,-1,408,410,409,-1,409,410,411,-1,409,411,412,-1,412,411,413,-1,412,413,414,-1,413,415,414,-1,414,415,416,-1,414,416,417,-1,417,416,363,-1,363,362,417,-1,417,362,418,-1,417,418,414,-1,414,418,419,-1,414,419,412,-1,412,419,420,-1,412,420,409,-1,409,420,421,-1,409,421,407,-1,407,421,422,-1,407,422,406,-1,406,422,423,-1,362,361,418,-1,418,361,424,-1,418,424,419,-1,419,424,425,-1,419,425,420,-1,420,425,426,-1,420,426,421,-1,421,426,427,-1,421,427,422,-1,422,427,428,-1,422,428,423,-1,423,428,429,-1,361,360,424,-1,424,360,402,-1,424,402,425,-1,425,402,430,-1,425,430,426,-1,426,430,431,-1,426,431,427,-1,427,431,432,-1,427,432,428,-1,428,432,433,-1,428,433,429,-1,429,433,434,-1,434,433,435,-1,435,433,432,-1,435,432,436,-1,436,432,431,-1,436,431,437,-1,437,431,430,-1,437,430,438,-1,438,430,402,-1,438,402,439,-1,439,402,359,-1,439,359,358,-1,434,401,429,-1,429,401,365,-1,429,365,423,-1,423,365,364,-1,423,364,406,-1,406,364,386,-1,406,386,403,-1,403,386,380,-1,403,380,404,-1,404,380,379,-1,
        ]
    }
}